timestamp,default.electricity.kwh,default.gas.therms,retail.imports.kwh,retail.exports.kwh,nem3.imports.kwh,nem3.exports.kwh,solarstorage.gas.therms
2017-12-31 22:00:00,0.7881089211618257,0.0355593702088659,0.47065941,0.0,0.47065941,0.0,0.0355593702088659
2017-12-31 23:00:00,0.6235961272475796,0.0561353931834232,0.42959682,0.0,0.42959682,0.0,0.0561353931834232
2018-01-01 00:00:00,0.4706594052558782,0.0646752244232845,0.41602628,0.0,0.41602628,0.0,0.0646752244232845
2018-01-01 01:00:00,0.4295968188105118,0.0611980075228905,0.38574447,0.0,0.38574447,0.0,0.0611980075228905
2018-01-01 02:00:00,0.4160262793914246,0.0718355340071134,0.38497061,0.0,0.38497061,0.0,0.0718355340071134
2018-01-01 03:00:00,0.3857444674965422,0.088102667632027,0.40495124,0.0,0.40495124,0.0,0.088102667632027
2018-01-01 04:00:00,0.3849706085753803,0.1022357245365297,0.44337137,0.0,0.44337137,0.0,0.1022357245365297
2018-01-01 05:00:00,0.404951244813278,0.1219268638241703,0.49354765,0.0,0.49354765,0.0,0.1219268638241703
2018-01-01 06:00:00,0.4433713692946058,0.1437724789144295,0.36178591,0.0,0.36178591,0.0,0.1437724789144295
2018-01-01 07:00:00,0.5591047717842322,0.1668533452442908,0.51614528,0.0,0.51614528,0.0,0.1668533452442908
2018-01-01 08:00:00,0.6443136237897648,0.176552600413088,0.12021843,0.0,0.12021843,0.0,0.176552600413088
2018-01-01 09:00:00,0.7079972337482711,0.1581353834634139,0.047965982,0.0,0.047965982,0.0,0.1581353834634139
2018-01-01 10:00:00,0.7516103042876902,0.1191487322559685,0.045430845,0.0,0.045430845,0.0,0.1191487322559685
2018-01-01 11:00:00,0.7489612724757954,0.0772428437231353,0.11700229,0.0,0.11700229,0.0,0.0772428437231353
2018-01-01 12:00:00,0.7416476486860303,0.0475625076830244,0.22166965,0.0,0.22166965,0.0,0.0475625076830244
2018-01-01 13:00:00,0.7416352005532503,0.0345584732268542,0.39541316,0.0,0.39541316,0.0,0.0345584732268542
2018-01-01 14:00:00,0.6992610650069155,0.026283868100769,0.39418724,0.0,0.39418724,0.0,0.026283868100769
2018-01-01 15:00:00,0.6700660442600276,0.0235291930560544,0.79722372,0.0,0.79722372,0.0,0.0235291930560544
2018-01-01 16:00:00,0.723960580912863,0.0234898475221129,0.9115242,0.0,0.9115242,0.0,0.0234898475221129
2018-01-01 17:00:00,0.7972237206085754,0.0273217725733901,1.0105519,0.0,1.0105519,0.0,0.0273217725733901
2018-01-01 18:00:00,0.9115242047026278,0.034234806405711,1.0416055,0.0,1.0416055,0.0,0.034234806405711
2018-01-01 19:00:00,1.0105518672199172,0.0390102495353352,0.95480498,0.0,0.95480498,0.0,0.0390102495353352
2018-01-01 20:00:00,1.041605463347165,0.0420222891960541,0.81454322,0.0,0.81454322,0.0,0.0420222891960541
2018-01-01 21:00:00,0.9548049792531118,0.0464573049157973,0.63269433,0.0,0.63269433,0.0,0.0464573049157973
2018-01-01 22:00:00,0.8145432226832642,0.0555091399762088,0.47040214,0.0,0.47040214,0.0,0.0555091399762088
2018-01-01 23:00:00,0.6326943291839559,0.0641389478392669,0.41240318,0.0,0.41240318,0.0,0.0641389478392669
2018-01-02 00:00:00,0.4704021438450899,0.0686529416943441,0.3932175,0.0,0.3932175,0.0,0.0686529416943441
2018-01-02 01:00:00,0.4124031811894882,0.07028828195252,0.38143672,0.0,0.38143672,0.0,0.07028828195252
2018-01-02 02:00:00,0.3932174965421853,0.0726633846547634,0.3825242,0.0,0.3825242,0.0,0.0726633846547634
2018-01-02 03:00:00,0.3814367219917012,0.0809695672004062,0.39796231,0.0,0.39796231,0.0,0.0809695672004062
2018-01-02 04:00:00,0.3825242047026279,0.0895718857610934,0.43693983,0.0,0.43693983,0.0,0.0895718857610934
2018-01-02 05:00:00,0.3979623098201936,0.1018347501050961,0.46616989,0.0,0.46616989,0.0,0.1018347501050961
2018-01-02 06:00:00,0.4369398340248963,0.1163961116457796,0.32734362,0.0,0.32734362,0.0,0.1163961116457796
2018-01-02 07:00:00,0.5490100276625172,0.1332337900992863,0.19891543,0.0,0.19891543,0.0,0.1332337900992863
2018-01-02 08:00:00,0.6428627247579528,0.137485362800857,0.10005447,0.0,0.10005447,0.0,0.137485362800857
2018-01-02 09:00:00,0.716597510373444,0.12748671011574,0.013872576,0.0,0.013872576,0.0,0.12748671011574
2018-01-02 10:00:00,0.7583115491009681,0.1071227608142396,0.0,0.0,0.0,0.0,0.1071227608142396
2018-01-02 11:00:00,0.7423883125864453,0.0735986884536521,0.08882437,0.0,0.08882437,0.0,0.0735986884536521
2018-01-02 12:00:00,0.7170210926694328,0.0447323823198377,0.34633868,0.0,0.34633868,0.0,0.0447323823198377
2018-01-02 13:00:00,0.7354713001383124,0.031176379411903,0.6654139,0.0,0.6654139,0.0,0.031176379411903
2018-01-02 14:00:00,0.6924502074688796,0.0236940251109586,0.36644846,0.0,0.36644846,0.0,0.0236940251109586
2018-01-02 15:00:00,0.6654139004149376,0.0208813071029347,0.78882849,0.0,0.78882849,0.0,0.0208813071029347
2018-01-02 16:00:00,0.6950798755186721,0.0218849052858965,0.91500484,0.0,0.91500484,0.0,0.0218849052858965
2018-01-02 17:00:00,0.7888284923928077,0.0254398897962305,1.0253596,0.0,1.0253596,0.0,0.0254398897962305
2018-01-02 18:00:00,0.9150048409405256,0.0320132017820426,1.0498181,0.0,1.0498181,0.0,0.0320132017820426
2018-01-02 19:00:00,1.025359612724758,0.0349813996716428,0.95021369,0.0,0.95021369,0.0,0.0349813996716428
2018-01-02 20:00:00,1.0498181189488245,0.0359443414945936,0.80648479,0.0,0.80648479,0.0,0.0359443414945936
2018-01-02 21:00:00,0.9502136929460578,0.038032428625973,0.62922234,0.0,0.62922234,0.0,0.038032428625973
2018-01-02 22:00:00,0.806484785615491,0.0412760936741804,0.45967185,0.0,0.45967185,0.0,0.0412760936741804
2018-01-02 23:00:00,0.629222337482711,0.0464467041719918,0.4140536,0.0,0.4140536,0.0,0.0464467041719918
2018-01-03 00:00:00,0.4596718533886584,0.0477886960821729,0.39775761,0.0,0.39775761,0.0,0.0477886960821729
2018-01-03 01:00:00,0.4140535961272475,0.048192115774902,0.38189765,0.0,0.38189765,0.0,0.048192115774902
2018-01-03 02:00:00,0.3977576071922545,0.0471783422613447,0.38580671,0.0,0.38580671,0.0,0.0471783422613447
2018-01-03 03:00:00,0.3818976486860304,0.0498176646119646,0.40091909,0.0,0.40091909,0.0,0.0498176646119646
2018-01-03 04:00:00,0.3858067081604425,0.0647556759409545,0.44060443,0.0,0.44060443,0.0,0.0647556759409545
2018-01-03 05:00:00,0.4009190871369295,0.0782318602630681,0.45579877,0.0,0.45579877,0.0,0.0782318602630681
2018-01-03 06:00:00,0.4406044260027663,0.0927721655791879,0.3108655,0.0,0.3108655,0.0,0.0927721655791879
2018-01-03 07:00:00,0.539966459197787,0.1074568831161407,0.18650899,0.0,0.18650899,0.0,0.1074568831161407
2018-01-03 08:00:00,0.6301794605809128,0.1116936666560439,0.089790756,0.0,0.089790756,0.0,0.1116936666560439
2018-01-03 09:00:00,0.7090162517289073,0.0988894726491659,0.010149195,0.0,0.010149195,0.0,0.0988894726491659
2018-01-03 10:00:00,0.7503710235131397,0.0825448031434592,0.016776765,0.0,0.016776765,0.0,0.0825448031434592
2018-01-03 11:00:00,0.7394896265560166,0.0685238789355037,0.090258972,0.0,0.090258972,0.0,0.0685238789355037
2018-01-03 12:00:00,0.740109958506224,0.0571477209837961,0.20113697,0.0,0.20113697,0.0,0.0571477209837961
2018-01-03 13:00:00,0.7369557399723374,0.047383315338306,0.67340094,0.0,0.67340094,0.0,0.047383315338306
2018-01-03 14:00:00,0.7009609266943291,0.0366874000263756,0.35177276,0.0,0.35177276,0.0,0.0366874000263756
2018-01-03 15:00:00,0.6816141078838173,0.0274429012029352,0.78158368,0.0,0.78158368,0.0,0.0274429012029352
2018-01-03 16:00:00,0.6933789764868602,0.0246335000344903,0.91605256,0.0,0.91605256,0.0,0.0246335000344903
2018-01-03 17:00:00,0.7815836791147995,0.0269203139317994,1.0126214,0.0,1.0126214,0.0,0.0269203139317994
2018-01-03 18:00:00,0.9160525587828492,0.0337738175838984,1.0399841,0.0,1.0399841,0.0,0.0337738175838984
2018-01-03 19:00:00,1.0126213692946058,0.0378097715023304,0.95817289,0.0,0.95817289,0.0,0.0378097715023304
2018-01-03 20:00:00,1.0399840940525586,0.0381945975250109,0.82086169,0.0,0.82086169,0.0,0.0381945975250109
2018-01-03 21:00:00,0.9581728907330564,0.040382044580711,0.63077317,0.0,0.63077317,0.0,0.040382044580711
2018-01-03 22:00:00,0.8208616874135547,0.0462257002801727,0.47662932,0.0,0.47662932,0.0,0.0462257002801727
2018-01-03 23:00:00,0.6307731673582296,0.0529692605573655,0.42016113,0.0,0.42016113,0.0,0.0529692605573655
2018-01-04 00:00:00,0.4766293222683264,0.0558470875383543,0.40346715,0.0,0.40346715,0.0,0.0558470875383543
2018-01-04 01:00:00,0.4201611341632088,0.0568880632868318,0.38734232,0.0,0.38734232,0.0,0.0568880632868318
2018-01-04 02:00:00,0.4034671507607192,0.0572222755134767,0.38405394,0.0,0.38405394,0.0,0.0572222755134767
2018-01-04 03:00:00,0.3873423236514522,0.0673591909504267,0.39719018,0.0,0.39719018,0.0,0.0673591909504267
2018-01-04 04:00:00,0.3840539419087136,0.0746693704952926,0.43274412,0.0,0.43274412,0.0,0.0746693704952926
2018-01-04 05:00:00,0.3971901798063624,0.0840722959649821,0.46419284,0.0,0.46419284,0.0,0.0840722959649821
2018-01-04 06:00:00,0.4327441217150761,0.1015770880457094,0.33666303,0.0,0.33666303,0.0,0.1015770880457094
2018-01-04 07:00:00,0.5454394882434301,0.1185714707407621,0.20498851,0.0,0.20498851,0.0,0.1185714707407621
2018-01-04 08:00:00,0.648808782849239,0.1245127051628937,0.10553859,0.0,0.10553859,0.0,0.1245127051628937
2018-01-04 09:00:00,0.7167026279391425,0.1049871588318328,0.034669323,0.0,0.034669323,0.0,0.1049871588318328
2018-01-04 10:00:00,0.7568488934993084,0.0713030204277486,0.017951631,0.0,0.017951631,0.0,0.0713030204277486
2018-01-04 11:00:00,0.7545971645919778,0.0482502106178711,0.10463678,0.0,0.10463678,0.0,0.0482502106178711
2018-01-04 12:00:00,0.7330383817427385,0.0347592267581576,0.19844818,0.0,0.19844818,0.0,0.0347592267581576
2018-01-04 13:00:00,0.7421376210235131,0.0279382758632191,0.67106255,0.0,0.67106255,0.0,0.0279382758632191
2018-01-04 14:00:00,0.6917735131396956,0.022635396443596,0.37101843,0.0,0.37101843,0.0,0.022635396443596
2018-01-04 15:00:00,0.6767814661134162,0.020500219874399,0.79686757,0.0,0.79686757,0.0,0.020500219874399
2018-01-04 16:00:00,0.7121891424619639,0.0214877422801314,0.91306501,0.0,0.91306501,0.0,0.0214877422801314
2018-01-04 17:00:00,0.7968675656984785,0.0267844722307543,1.005184,0.0,1.005184,0.0,0.0267844722307543
2018-01-04 18:00:00,0.9130650069156294,0.0323104065180782,1.0374841,0.0,1.0374841,0.0,0.0323104065180782
2018-01-04 19:00:00,1.0051839557399724,0.0344425048941308,0.96919398,0.0,0.96919398,0.0,0.0344425048941308
2018-01-04 20:00:00,1.0374840940525587,0.0329689219563587,0.83305567,0.0,0.83305567,0.0,0.0329689219563587
2018-01-04 21:00:00,0.9691939834024896,0.033493899150486,0.63649723,0.0,0.63649723,0.0,0.033493899150486
2018-01-04 22:00:00,0.8330556708160443,0.0356630223103687,0.46694606,0.0,0.46694606,0.0,0.0356630223103687
2018-01-04 23:00:00,0.6364972337482712,0.0377209120211395,0.41284889,0.0,0.41284889,0.0,0.0377209120211395
2018-01-05 00:00:00,0.4669460580912863,0.0366667761323096,0.39720609,0.0,0.39720609,0.0,0.0366667761323096
2018-01-05 01:00:00,0.4128488934993085,0.0362558788512911,0.38241148,0.0,0.38241148,0.0,0.0362558788512911
2018-01-05 02:00:00,0.3972060857538036,0.0377257091603428,0.38345954,0.0,0.38345954,0.0,0.0377257091603428
2018-01-05 03:00:00,0.3824114799446749,0.0405563394855507,0.40277144,0.0,0.40277144,0.0,0.0405563394855507
2018-01-05 04:00:00,0.3834595435684647,0.04648363211379,0.44237033,0.0,0.44237033,0.0,0.04648363211379
2018-01-05 05:00:00,0.402771438450899,0.0583300376772507,0.5216816,0.0,0.5216816,0.0,0.0583300376772507
2018-01-05 06:00:00,0.4423703319502075,0.0760193553317167,0.66733783,0.0,0.66733783,0.0,0.0760193553317167
2018-01-05 07:00:00,0.5496746196403872,0.0969011985244691,0.34490264,0.0,0.34490264,0.0,0.0969011985244691
2018-01-05 08:00:00,0.6673378284923928,0.1044972937914124,0.75959336,0.0,0.75959336,0.0,0.1044972937914124
2018-01-05 09:00:00,0.7058343706777317,0.0833434282494593,0.32704697,0.0,0.32704697,0.0,0.0833434282494593
2018-01-05 10:00:00,0.7595933609958505,0.0533103174404511,0.55641808,0.0,0.55641808,0.0,0.0533103174404511
2018-01-05 11:00:00,0.7536777316735823,0.0363845265728535,0.46227636,0.0,0.46227636,0.0,0.0363845265728535
2018-01-05 12:00:00,0.7235058782849239,0.0293430594548974,0.48630061,0.0,0.48630061,0.0,0.0293430594548974
2018-01-05 13:00:00,0.734061203319502,0.0265060029691704,0.48559658,0.0,0.48559658,0.0,0.0265060029691704
2018-01-05 14:00:00,0.689344398340249,0.0231285714063073,0.40162545,0.0,0.40162545,0.0,0.0231285714063073
2018-01-05 15:00:00,0.6770902489626555,0.0210123205369809,0.79262898,0.0,0.79262898,0.0,0.0210123205369809
2018-01-05 16:00:00,0.7037901106500689,0.0214721645476354,0.91702351,0.0,0.91702351,0.0,0.0214721645476354
2018-01-05 17:00:00,0.7926289764868603,0.025677540141536,1.0068651,0.0,1.0068651,0.0,0.025677540141536
2018-01-05 18:00:00,0.9170235131396955,0.0306685501746393,1.037685,0.0,1.037685,0.0,0.0306685501746393
2018-01-05 19:00:00,1.0068651452282158,0.0338622481932356,0.95898237,0.0,0.95898237,0.0,0.0338622481932356
2018-01-05 20:00:00,1.0376849930843706,0.0351036039394661,0.81974343,0.0,0.81974343,0.0,0.0351036039394661
2018-01-05 21:00:00,0.958982365145228,0.0354574266774902,0.63486653,0.0,0.63486653,0.0,0.0354574266774902
2018-01-05 22:00:00,0.8197434301521439,0.03854354357502,0.46783126,0.0,0.46783126,0.0,0.03854354357502
2018-01-05 23:00:00,0.6348665283540803,0.0404197680106251,0.41363451,0.0,0.41363451,0.0,0.0404197680106251
2018-01-06 00:00:00,0.4678312586445366,0.0390115153990326,0.39758956,0.0,0.39758956,0.0,0.0390115153990326
2018-01-06 01:00:00,0.4136345089903182,0.0372610991382807,0.38349481,0.0,0.38349481,0.0,0.0372610991382807
2018-01-06 02:00:00,0.3975895573997234,0.0355852270312768,0.38300726,0.0,0.38300726,0.0,0.0355852270312768
2018-01-06 03:00:00,0.3834948132780083,0.038229408776692,0.39733748,0.0,0.39733748,0.0,0.038229408776692
2018-01-06 04:00:00,0.3830072614107884,0.0438994059618065,0.42325692,0.0,0.42325692,0.0,0.0438994059618065
2018-01-06 05:00:00,0.3973374827109267,0.054031178395155,0.40320696,0.0,0.40320696,0.0,0.054031178395155
2018-01-06 06:00:00,0.4232569156293223,0.0644696910459975,0.28425144,0.0,0.28425144,0.0,0.0644696910459975
2018-01-06 07:00:00,0.4714260027662518,0.0766676228078783,0.21627863,0.0,0.21627863,0.0,0.0766676228078783
2018-01-06 08:00:00,0.5676372752420469,0.0879535827831737,0.17331886,0.0,0.17331886,0.0,0.0879535827831737
2018-01-06 09:00:00,0.6980684647302905,0.0896113281370666,0.13130307,0.0,0.13130307,0.0,0.0896113281370666
2018-01-06 10:00:00,0.800878284923928,0.079631684159276,0.10330123,0.0,0.10330123,0.0,0.079631684159276
2018-01-06 11:00:00,0.8291545643153527,0.0604099416569681,0.15921431,0.0,0.15921431,0.0,0.0604099416569681
2018-01-06 12:00:00,0.7975401106500691,0.0440582753144854,0.29401903,0.0,0.29401903,0.0,0.0440582753144854
2018-01-06 13:00:00,0.7845874827109266,0.0357053388194911,0.76627697,0.0,0.76627697,0.0,0.0357053388194911
2018-01-06 14:00:00,0.7778029045643153,0.0297417442640143,0.44945831,0.0,0.44945831,0.0,0.0297417442640143
2018-01-06 15:00:00,0.7662769709543568,0.0265298952817994,0.8468648,0.0,0.8468648,0.0,0.0265298952817994
2018-01-06 16:00:00,0.7930442600276625,0.0245989827675476,0.95489696,0.0,0.95489696,0.0,0.0245989827675476
2018-01-06 17:00:00,0.8468647994467495,0.0274935115403269,1.0234647,0.0,1.0234647,0.0,0.0274935115403269
2018-01-06 18:00:00,0.9548969571230982,0.0330208223679557,1.055806,0.0,1.055806,0.0,0.0330208223679557
2018-01-06 19:00:00,1.0234647302904565,0.0377082879706041,0.98656604,0.0,0.98656604,0.0,0.0377082879706041
2018-01-06 20:00:00,1.0558060165975105,0.0391377489870956,0.84775346,0.0,0.84775346,0.0,0.0391377489870956
2018-01-06 21:00:00,0.9865660442600276,0.0399694525641413,0.6604388,0.0,0.6604388,0.0,0.0399694525641413
2018-01-06 22:00:00,0.8477534578146612,0.0415416206899824,0.48011307,0.0,0.48011307,0.0,0.0415416206899824
2018-01-06 23:00:00,0.660438796680498,0.045081553181706,0.42020505,0.0,0.42020505,0.0,0.045081553181706
2018-01-07 00:00:00,0.4801130705394191,0.0428585651004446,0.39612448,0.0,0.39612448,0.0,0.0428585651004446
2018-01-07 01:00:00,0.4202050484094053,0.040947619337902,0.3837583,0.0,0.3837583,0.0,0.040947619337902
2018-01-07 02:00:00,0.3961244813278008,0.0433241608360415,0.38350519,0.0,0.38350519,0.0,0.0433241608360415
2018-01-07 03:00:00,0.3837582987551867,0.0460811185857845,0.39720263,0.0,0.39720263,0.0,0.0460811185857845
2018-01-07 04:00:00,0.3835051867219917,0.0502539760089644,0.41837828,0.0,0.41837828,0.0,0.0502539760089644
2018-01-07 05:00:00,0.3972026279391425,0.0563639991747156,0.42907973,0.0,0.42907973,0.0,0.0563639991747156
2018-01-07 06:00:00,0.4183782849239281,0.0654750531373902,0.3813379,0.0,0.3813379,0.0,0.0654750531373902
2018-01-07 07:00:00,0.4694249654218534,0.0751515400528524,0.70406189,0.0,0.70406189,0.0,0.0751515400528524
2018-01-07 08:00:00,0.5676023513139694,0.0849277638848298,0.41933329,0.0,0.41933329,0.0,0.0849277638848298
2018-01-07 09:00:00,0.7040618948824343,0.0853729743727957,0.20773822,0.0,0.20773822,0.0,0.0853729743727957
2018-01-07 10:00:00,0.8175587828492392,0.0683320659988943,0.10389712,0.0,0.10389712,0.0,0.0683320659988943
2018-01-07 11:00:00,0.818725795297372,0.0445184651895382,0.29139641,0.0,0.29139641,0.0,0.0445184651895382
2018-01-07 12:00:00,0.8018744813278007,0.0338482856474793,0.49420321,0.0,0.49420321,0.0,0.0338482856474793
2018-01-07 13:00:00,0.8126977869986167,0.0310810384318895,0.7529823,0.0,0.7529823,0.0,0.0310810384318895
2018-01-07 14:00:00,0.7710484094052559,0.0270443132358495,0.45813036,0.0,0.45813036,0.0,0.0270443132358495
2018-01-07 15:00:00,0.7628395573997233,0.0254393156613295,0.85840076,0.0,0.85840076,0.0,0.0254393156613295
2018-01-07 16:00:00,0.7924253112033194,0.0249615489575588,0.96886895,0.0,0.96886895,0.0,0.0249615489575588
2018-01-07 17:00:00,0.8584007607192254,0.0268586636028165,1.0343956,0.0,1.0343956,0.0,0.0268586636028165
2018-01-07 18:00:00,0.968868948824343,0.0329318452928693,1.0507811,0.0,1.0507811,0.0,0.0329318452928693
2018-01-07 19:00:00,1.0343955739972337,0.0355411950347393,0.98930671,0.0,0.98930671,0.0,0.0355411950347393
2018-01-07 20:00:00,1.0507811203319504,0.0352572507397321,0.85530498,0.0,0.85530498,0.0,0.0352572507397321
2018-01-07 21:00:00,0.9893067081604424,0.0349962960512741,0.6599184,0.0,0.6599184,0.0,0.0349962960512741
2018-01-07 22:00:00,0.8553049792531121,0.034046846398498,0.49019813,0.0,0.49019813,0.0,0.034046846398498
2018-01-07 23:00:00,0.6599183955739972,0.0342806438144073,0.42767946,0.0,0.42767946,0.0,0.0342806438144073
2018-01-08 00:00:00,0.490198132780083,0.0320000796867741,0.40485339,0.0,0.40485339,0.0,0.0320000796867741
2018-01-08 01:00:00,0.4276794605809129,0.0299469456114791,0.38869606,0.0,0.38869606,0.0,0.0299469456114791
2018-01-08 02:00:00,0.4048533886583678,0.0283826735698495,0.38422199,0.0,0.38422199,0.0,0.0283826735698495
2018-01-08 03:00:00,0.3886960580912863,0.0297362796065228,0.40106155,0.0,0.40106155,0.0,0.0297362796065228
2018-01-08 04:00:00,0.3842219917012447,0.0337329156601649,0.44003389,0.0,0.44003389,0.0,0.0337329156601649
2018-01-08 05:00:00,0.4010615491009682,0.0407177128964725,0.52816648,0.0,0.52816648,0.0,0.0407177128964725
2018-01-08 06:00:00,0.4400338865836791,0.0510342806777903,0.65382054,0.0,0.65382054,0.0,0.0510342806777903
2018-01-08 07:00:00,0.5443862378976486,0.0652600465342362,0.49278358,0.0,0.49278358,0.0,0.0652600465342362
2018-01-08 08:00:00,0.653820539419087,0.0707023715619341,0.61297096,0.0,0.61297096,0.0,0.0707023715619341
2018-01-08 09:00:00,0.7337797372060857,0.0698768278298206,0.74983292,0.0,0.74983292,0.0,0.0698768278298206
2018-01-08 10:00:00,0.7539661134163208,0.0666744486148289,0.53475864,0.0,0.53475864,0.0,0.0666744486148289
2018-01-08 11:00:00,0.7510515214384509,0.0623747938446172,0.73904391,0.0,0.73904391,0.0,0.0623747938446172
2018-01-08 12:00:00,0.7372918395573996,0.0544783603101906,0.67660754,0.0,0.67660754,0.0,0.0544783603101906
2018-01-08 13:00:00,0.7390439142461963,0.0464421975588829,0.6789955,0.0,0.6789955,0.0,0.0464421975588829
2018-01-08 14:00:00,0.6766075380359613,0.0401319050719859,0.41331685,0.0,0.41331685,0.0,0.0401319050719859
2018-01-08 15:00:00,0.6789955048409404,0.040875084656307,0.80685028,0.0,0.80685028,0.0,0.040875084656307
2018-01-08 16:00:00,0.7159170124481328,0.0496298740783061,0.92438243,0.0,0.92438243,0.0,0.0496298740783061
2018-01-08 17:00:00,0.806850276625173,0.0600866725798829,1.0067009,0.0,1.0067009,0.0,0.0600866725798829
2018-01-08 18:00:00,0.9243824343015214,0.0713514518194312,1.0254187,0.0,1.0254187,0.0,0.0713514518194312
2018-01-08 19:00:00,1.006700899031812,0.0727361925692325,0.95800726,0.0,0.95800726,0.0,0.0727361925692325
2018-01-08 20:00:00,1.0254187413554632,0.0666320802260468,0.80906189,0.0,0.80906189,0.0,0.0666320802260468
2018-01-08 21:00:00,0.9580072614107882,0.0622274486936872,0.63195021,0.0,0.63195021,0.0,0.0622274486936872
2018-01-08 22:00:00,0.8090618948824343,0.0583820937278267,0.45841355,0.0,0.45841355,0.0,0.0583820937278267
2018-01-08 23:00:00,0.6319502074688798,0.055662271438521,0.40786445,0.0,0.40786445,0.0,0.055662271438521
2018-01-09 00:00:00,0.4584135546334716,0.0506910206384881,0.39172925,0.0,0.39172925,0.0,0.0506910206384881
2018-01-09 01:00:00,0.4078644536652835,0.0437464093866097,0.38249343,0.0,0.38249343,0.0,0.0437464093866097
2018-01-09 02:00:00,0.3917292531120332,0.0422580649563214,0.38476107,0.0,0.38476107,0.0,0.0422580649563214
2018-01-09 03:00:00,0.3824934301521439,0.0459842177573348,0.40242531,0.0,0.40242531,0.0,0.0459842177573348
2018-01-09 04:00:00,0.3847610650069156,0.0516120852001025,0.43763589,0.0,0.43763589,0.0,0.0516120852001025
2018-01-09 05:00:00,0.4024253112033195,0.0636006583244516,0.50102171,0.0,0.50102171,0.0,0.0636006583244516
2018-01-09 06:00:00,0.4376358921161826,0.0761254769050228,0.41983503,0.0,0.41983503,0.0,0.0761254769050228
2018-01-09 07:00:00,0.5458191562932226,0.0917664645406852,0.23547788,0.0,0.23547788,0.0,0.0917664645406852
2018-01-09 08:00:00,0.6437423928077454,0.1094573731713829,0.12292803,0.0,0.12292803,0.0,0.1094573731713829
2018-01-09 09:00:00,0.7242790456431535,0.1105214734135255,0.038549281,0.0,0.038549281,0.0,0.1105214734135255
2018-01-09 10:00:00,0.7604315352697094,0.1135387425439453,0.018631763,0.0,0.018631763,0.0,0.1135387425439453
2018-01-09 11:00:00,0.7485812586445366,0.1092862775122271,0.27272334,0.0,0.27272334,0.0,0.1092862775122271
2018-01-09 12:00:00,0.729716804979253,0.0933857878185797,0.2518606,0.0,0.2518606,0.0,0.0933857878185797
2018-01-09 13:00:00,0.740228907330567,0.0813533487126039,0.68779633,0.0,0.68779633,0.0,0.0813533487126039
2018-01-09 14:00:00,0.6888392116182571,0.0718186523658361,0.38445648,0.0,0.38445648,0.0,0.0718186523658361
2018-01-09 15:00:00,0.6877963347164591,0.0772734769328857,0.81245643,0.0,0.81245643,0.0,0.0772734769328857
2018-01-09 16:00:00,0.7244802904564315,0.0934971250270109,0.92009267,0.0,0.92009267,0.0,0.0934971250270109
2018-01-09 17:00:00,0.8124564315352697,0.1098971397537208,1.0064101,0.0,1.0064101,0.0,0.1098971397537208
2018-01-09 18:00:00,0.9200926694329185,0.1196425124813767,1.0182946,0.0,1.0182946,0.0,0.1196425124813767
2018-01-09 19:00:00,1.0064100968188106,0.1160638397184087,0.95855602,0.0,0.95855602,0.0,0.1160638397184087
2018-01-09 20:00:00,1.018294605809129,0.1139975178336093,0.81071784,0.0,0.81071784,0.0,0.1139975178336093
2018-01-09 21:00:00,0.95855601659751,0.1162975575855065,0.65472407,0.0,0.65472407,0.0,0.1162975575855065
2018-01-09 22:00:00,0.8107178423236514,0.1183839949437063,0.4792379,0.0,0.4792379,0.0,0.1183839949437063
2018-01-09 23:00:00,0.6547240663900415,0.1221018919615344,0.42107296,0.0,0.42107296,0.0,0.1221018919615344
2018-01-10 00:00:00,0.479237897648686,0.1211598092204403,0.39650899,0.0,0.39650899,0.0,0.1211598092204403
2018-01-10 01:00:00,0.4210729598893499,0.1198785649331626,0.38111618,0.0,0.38111618,0.0,0.1198785649331626
2018-01-10 02:00:00,0.3965089903181189,0.1191521217270714,0.38251902,0.0,0.38251902,0.0,0.1191521217270714
2018-01-10 03:00:00,0.3811161825726141,0.1240408734921968,0.39772649,0.0,0.39772649,0.0,0.1240408734921968
2018-01-10 04:00:00,0.3825190179806362,0.1332592803054353,0.43331017,0.0,0.43331017,0.0,0.1332592803054353
2018-01-10 05:00:00,0.3977264868603043,0.1487084550044883,0.46379247,0.0,0.46379247,0.0,0.1487084550044883
2018-01-10 06:00:00,0.4333101659751038,0.1655710426119546,0.57696591,0.0,0.57696591,0.0,0.1655710426119546
2018-01-10 07:00:00,0.5353647994467496,0.1806847357620209,0.46094472,0.0,0.46094472,0.0,0.1806847357620209
2018-01-10 08:00:00,0.6298298755186721,0.184984048126478,0.41634483,0.0,0.41634483,0.0,0.184984048126478
2018-01-10 09:00:00,0.6980414937759336,0.1607665987525394,0.53168665,0.0,0.53168665,0.0,0.1607665987525394
2018-01-10 10:00:00,0.7503603042876901,0.1125514933710876,0.53204142,0.0,0.53204142,0.0,0.1125514933710876
2018-01-10 11:00:00,0.7472354771784232,0.0743276599284944,0.71707331,0.0,0.71707331,0.0,0.0743276599284944
2018-01-10 12:00:00,0.7260833333333332,0.0483937201326249,0.68455256,0.0,0.68455256,0.0,0.0483937201326249
2018-01-10 13:00:00,0.7170733056708158,0.0345572073631568,0.67178077,0.0,0.67178077,0.0,0.0345572073631568
2018-01-10 14:00:00,0.6845525587828492,0.0263225391991341,0.41387809,0.0,0.41387809,0.0,0.0263225391991341
2018-01-10 15:00:00,0.671780774550484,0.0218368370518315,0.802037,0.0,0.802037,0.0,0.0218368370518315
2018-01-10 16:00:00,0.7165653526970953,0.0222855407702195,0.90601037,0.0,0.90601037,0.0,0.0222855407702195
2018-01-10 17:00:00,0.8020369986168742,0.0264089949227574,1.0125401,0.0,1.0125401,0.0,0.0264089949227574
2018-01-10 18:00:00,0.9060103734439834,0.0332219563500969,1.0475003,0.0,1.0475003,0.0,0.0332219563500969
2018-01-10 19:00:00,1.012540110650069,0.0368828445391661,0.97236584,0.0,0.97236584,0.0,0.0368828445391661
2018-01-10 20:00:00,1.0475003457814664,0.0391702844510362,0.82400692,0.0,0.82400692,0.0,0.0391702844510362
2018-01-10 21:00:00,0.9723658367911476,0.0418765073522039,0.65270816,0.0,0.65270816,0.0,0.0418765073522039
2018-01-10 22:00:00,0.8240069156293224,0.0468956569127465,0.47577075,0.0,0.47577075,0.0,0.0468956569127465
2018-01-10 23:00:00,0.6527081604426004,0.0528736221339692,0.41343396,0.0,0.41343396,0.0,0.0528736221339692
2018-01-11 00:00:00,0.4757707468879668,0.0567699713467032,0.39816355,0.0,0.39816355,0.0,0.0567699713467032
2018-01-11 01:00:00,0.4134339557399724,0.0592851387542938,0.38285546,0.0,0.38285546,0.0,0.0592851387542938
2018-01-11 02:00:00,0.3981635546334716,0.0652995961281728,0.38366943,0.0,0.38366943,0.0,0.0652995961281728
2018-01-11 03:00:00,0.3828554633471646,0.0760364029879051,0.39818983,0.0,0.39818983,0.0,0.0760364029879051
2018-01-11 04:00:00,0.3836694329183955,0.0892384482707007,0.44242773,0.0,0.44242773,0.0,0.0892384482707007
2018-01-11 05:00:00,0.3981898340248962,0.1072398151611733,0.54366166,0.0,0.54366166,0.0,0.1072398151611733
2018-01-11 06:00:00,0.4424277316735823,0.1265168717566885,0.59480002,0.0,0.59480002,0.0,0.1265168717566885
2018-01-11 07:00:00,0.5450235131396957,0.1492208980728241,0.36596928,0.0,0.36596928,0.0,0.1492208980728241
2018-01-11 08:00:00,0.6436552558782848,0.1523637021452221,0.33950655,0.0,0.33950655,0.0,0.1523637021452221
2018-01-11 09:00:00,0.7033163900414938,0.1256035787681026,0.18220475,0.0,0.18220475,0.0,0.1256035787681026
2018-01-11 10:00:00,0.7421991701244812,0.084865297315867,0.28575965,0.0,0.28575965,0.0,0.084865297315867
2018-01-11 11:00:00,0.7537659059474412,0.0548495073959216,0.060666444,0.0,0.060666444,0.0,0.0548495073959216
2018-01-11 12:00:00,0.7455221300138312,0.0378456722268657,0.45796401,0.0,0.45796401,0.0,0.0378456722268657
2018-01-11 13:00:00,0.7310518672199169,0.0302529491378049,0.67942981,0.0,0.67942981,0.0,0.0302529491378049
2018-01-11 14:00:00,0.6839356846473028,0.0240358186852127,0.39654421,0.0,0.39654421,0.0,0.0240358186852127
2018-01-11 15:00:00,0.6794298063623788,0.02107622590184,0.79250657,0.0,0.79250657,0.0,0.02107622590184
2018-01-11 16:00:00,0.7062067773167359,0.0209854952942548,0.90405567,0.0,0.90405567,0.0,0.0209854952942548
2018-01-11 17:00:00,0.7925065698478562,0.0259947496743643,0.99928665,0.0,0.99928665,0.0,0.0259947496743643
2018-01-11 18:00:00,0.9040556708160442,0.0314959857850112,1.041464,0.0,1.041464,0.0,0.0314959857850112
2018-01-11 19:00:00,0.999286652835408,0.0343437329392867,0.953287,0.0,0.953287,0.0,0.0343437329392867
2018-01-11 20:00:00,1.0414640387275245,0.033908424549042,0.82852801,0.0,0.82852801,0.0,0.033908424549042
2018-01-11 21:00:00,0.9532869986168738,0.035787948531006,0.64218154,0.0,0.64218154,0.0,0.035787948531006
2018-01-11 22:00:00,0.8285280082987553,0.0392731064779832,0.47910996,0.0,0.47910996,0.0,0.0392731064779832
2018-01-11 23:00:00,0.6421815352697097,0.0442415869041865,0.4124184,0.0,0.4124184,0.0,0.0442415869041865
2018-01-12 00:00:00,0.4791099585062241,0.0462984044353227,0.39751279,0.0,0.39751279,0.0,0.0462984044353227
2018-01-12 01:00:00,0.4124183955739973,0.0481160601937331,0.38371404,0.0,0.38371404,0.0,0.0481160601937331
2018-01-12 02:00:00,0.3975127939142461,0.0526745149172015,0.38156535,0.0,0.38156535,0.0,0.0526745149172015
2018-01-12 03:00:00,0.3837140387275242,0.0620289709501242,0.39648375,0.0,0.39648375,0.0,0.0620289709501242
2018-01-12 04:00:00,0.3815653526970954,0.0736490255581691,0.43175207,0.0,0.43175207,0.0,0.0736490255581691
2018-01-12 05:00:00,0.3964837482710927,0.0889296017390212,0.51191829,0.0,0.51191829,0.0,0.0889296017390212
2018-01-12 06:00:00,0.4317520746887967,0.1088141656913674,0.60610124,0.0,0.60610124,0.0,0.1088141656913674
2018-01-12 07:00:00,0.5297143845089903,0.131337391393333,0.7039509,0.0,0.7039509,0.0,0.131337391393333
2018-01-12 08:00:00,0.6292897648686029,0.1369858792715224,0.74232691,0.0,0.74232691,0.0,0.1369858792715224
2018-01-12 09:00:00,0.7039508990318118,0.1122241707632551,0.57741922,0.0,0.57741922,0.0,0.1122241707632551
2018-01-12 10:00:00,0.7527081604426001,0.0725277193445609,0.39731547,0.0,0.39731547,0.0,0.0725277193445609
2018-01-12 11:00:00,0.7444526279391425,0.0456300560722004,0.21862727,0.0,0.21862727,0.0,0.0456300560722004
2018-01-12 12:00:00,0.7309837482710925,0.0320193270405351,0.26270292,0.0,0.26270292,0.0,0.0320193270405351
2018-01-12 13:00:00,0.7157202627939141,0.0270355006109829,0.67622441,0.0,0.67622441,0.0,0.0270355006109829
2018-01-12 14:00:00,0.6818160442600276,0.0227956388779356,0.36745289,0.0,0.36745289,0.0,0.0227956388779356
2018-01-12 15:00:00,0.6762244121715074,0.0209250935357496,0.80844156,0.0,0.80844156,0.0,0.0209250935357496
2018-01-12 16:00:00,0.7094526279391423,0.0221151057120644,0.91659682,0.0,0.91659682,0.0,0.0221151057120644
2018-01-12 17:00:00,0.8084415629322268,0.0251731695482545,1.0015792,0.0,1.0015792,0.0,0.0251731695482545
2018-01-12 18:00:00,0.9165968188105116,0.0324604667045342,1.0262638,0.0,1.0262638,0.0,0.0324604667045342
2018-01-12 19:00:00,1.00157918395574,0.0345789622338048,0.96957503,0.0,0.96957503,0.0,0.0345789622338048
2018-01-12 20:00:00,1.0262638312586445,0.0338375465579145,0.81184924,0.0,0.81184924,0.0,0.0338375465579145
2018-01-12 21:00:00,0.9695750345781464,0.0333214304096694,0.63780429,0.0,0.63780429,0.0,0.0333214304096694
2018-01-12 22:00:00,0.8118492392807746,0.0364647947823926,0.46680221,0.0,0.46680221,0.0,0.0364647947823926
2018-01-12 23:00:00,0.6378042876901798,0.0362465301366073,0.41332849,0.0,0.41332849,0.0,0.0362465301366073
2018-01-13 00:00:00,0.4668022130013832,0.0342885018535351,0.39341286,0.0,0.39341286,0.0,0.0342885018535351
2018-01-13 01:00:00,0.4133284923928078,0.0331081427525744,0.38343534,0.0,0.38343534,0.0,0.0331081427525744
2018-01-13 02:00:00,0.3934128630705394,0.0344807644138623,0.38424308,0.0,0.38424308,0.0,0.0344807644138623
2018-01-13 03:00:00,0.3834353388658368,0.0360852362744972,0.40004357,0.0,0.40004357,0.0,0.0360852362744972
2018-01-13 04:00:00,0.3842430843706777,0.0386248078740261,0.42185754,0.0,0.42185754,0.0,0.0386248078740261
2018-01-13 05:00:00,0.4000435684647303,0.0478448298740041,0.39311181,0.0,0.39311181,0.0,0.0478448298740041
2018-01-13 06:00:00,0.4218575380359613,0.0624798639901528,0.25015388,0.0,0.25015388,0.0,0.0624798639901528
2018-01-13 07:00:00,0.4721545643153527,0.0806500576693294,0.19165314,0.0,0.19165314,0.0,0.0806500576693294
2018-01-13 08:00:00,0.5614073305670815,0.0910589435758204,0.13087003,0.0,0.13087003,0.0,0.0910589435758204
2018-01-13 09:00:00,0.7094474412171509,0.0745823440954123,0.080865594,0.0,0.080865594,0.0,0.0745823440954123
2018-01-13 10:00:00,0.8004588520055324,0.0470424555979275,0.073039522,0.0,0.073039522,0.0,0.0470424555979275
2018-01-13 11:00:00,0.8242168049792531,0.0324933514915168,0.1388264,0.0,0.1388264,0.0,0.0324933514915168
2018-01-13 12:00:00,0.8163907330567081,0.0282199443704862,0.22702074,0.0,0.22702074,0.0,0.0282199443704862
2018-01-13 13:00:00,0.8085179806362378,0.0298276881083284,0.69516892,0.0,0.69516892,0.0,0.0298276881083284
2018-01-13 14:00:00,0.7554163208852005,0.0263929744838318,0.39528895,0.0,0.39528895,0.0,0.0263929744838318
2018-01-13 15:00:00,0.7329782157676347,0.024203722015973,0.84728734,0.0,0.84728734,0.0,0.024203722015973
2018-01-13 16:00:00,0.7652455048409404,0.0233743910686989,0.95166355,0.0,0.95166355,0.0,0.0233743910686989
2018-01-13 17:00:00,0.8472873443983402,0.0265384485083677,1.0243188,0.0,1.0243188,0.0,0.0265384485083677
2018-01-13 18:00:00,0.9516635546334716,0.0311533586775577,1.0552455,0.0,1.0552455,0.0,0.0311533586775577
2018-01-13 19:00:00,1.0243188105117564,0.0342126019113454,0.99930083,0.0,0.99930083,0.0,0.0342126019113454
2018-01-13 20:00:00,1.0552455048409408,0.0328532476083737,0.86651245,0.0,0.86651245,0.0,0.0328532476083737
2018-01-13 21:00:00,0.9993008298755184,0.0301969433158012,0.6843973,0.0,0.6843973,0.0,0.0301969433158012
2018-01-13 22:00:00,0.8665124481327803,0.0279575059237603,0.48634924,0.0,0.48634924,0.0,0.0279575059237603
2018-01-13 23:00:00,0.6843973029045644,0.0268558344320388,0.41651141,0.0,0.41651141,0.0,0.0268558344320388
2018-01-14 00:00:00,0.4863492392807745,0.0230435441026485,0.39797614,0.0,0.39797614,0.0,0.0230435441026485
2018-01-14 01:00:00,0.4165114107883817,0.0189395724916626,0.39069225,0.0,0.39069225,0.0,0.0189395724916626
2018-01-14 02:00:00,0.3979761410788382,0.0170840826267308,0.38678077,0.0,0.38678077,0.0,0.0170840826267308
2018-01-14 03:00:00,0.3906922544951591,0.0216055298595895,0.39690284,0.0,0.39690284,0.0,0.0216055298595895
2018-01-14 04:00:00,0.386780774550484,0.0254384233311817,0.42116667,0.0,0.42116667,0.0,0.0254384233311817
2018-01-14 05:00:00,0.3969028354080222,0.0295530268137692,0.38934106,0.0,0.38934106,0.0,0.0295530268137692
2018-01-14 06:00:00,0.4211666666666667,0.0379764643076969,0.248507,0.0,0.248507,0.0,0.0379764643076969
2018-01-14 07:00:00,0.4697385892116184,0.0519300141308788,0.17737337,0.0,0.17737337,0.0,0.0519300141308788
2018-01-14 08:00:00,0.5623565006915628,0.0631793505250468,0.13501035,0.0,0.13501035,0.0,0.0631793505250468
2018-01-14 09:00:00,0.6988865836791148,0.0633139920766302,0.075599318,0.0,0.075599318,0.0,0.0633139920766302
2018-01-14 10:00:00,0.7973858921161825,0.0460973707538567,0.36313017,0.0,0.36313017,0.0,0.0460973707538567
2018-01-14 11:00:00,0.8154104426002767,0.0325733603027571,0.11772574,0.0,0.11772574,0.0,0.0325733603027571
2018-01-14 12:00:00,0.8156645919778699,0.0281806195884086,0.2211845,0.0,0.2211845,0.0,0.0281806195884086
2018-01-14 13:00:00,0.7946462655601659,0.0284759289875417,0.41789172,0.0,0.41789172,0.0,0.0284759289875417
2018-01-14 14:00:00,0.7527067773167357,0.0261790884813281,0.42076321,0.0,0.42076321,0.0,0.0261790884813281
2018-01-14 15:00:00,0.745335753803596,0.0239528285228596,0.87395851,0.0,0.87395851,0.0,0.0239528285228596
2018-01-14 16:00:00,0.7893810511756568,0.0230103964587233,0.96985754,0.0,0.96985754,0.0,0.0230103964587233
2018-01-14 17:00:00,0.8739585062240665,0.026116497401182,1.0311317,0.0,1.0311317,0.0,0.026116497401182
2018-01-14 18:00:00,0.9698575380359612,0.0313687734007017,1.0534416,0.0,1.0534416,0.0,0.0313687734007017
2018-01-14 19:00:00,1.031131742738589,0.0345262870859558,1.0006221,0.0,1.0006221,0.0,0.0345262870859558
2018-01-14 20:00:00,1.053441562932227,0.0327446012249605,0.8526397,0.0,0.8526397,0.0,0.0327446012249605
2018-01-14 21:00:00,1.000622060857538,0.0311470501109339,0.66702974,0.0,0.66702974,0.0,0.0311470501109339
2018-01-14 22:00:00,0.8526396957123098,0.0299746355152005,0.48623133,0.0,0.48623133,0.0,0.0299746355152005
2018-01-14 23:00:00,0.6670297372060858,0.0298204699183374,0.4180083,0.0,0.4180083,0.0,0.0298204699183374
2018-01-15 00:00:00,0.4862313278008299,0.0274295093334362,0.3952455,0.0,0.3952455,0.0,0.0274295093334362
2018-01-15 01:00:00,0.4180082987551867,0.0225375617812711,0.38526107,0.0,0.38526107,0.0,0.0225375617812711
2018-01-15 02:00:00,0.3952455048409405,0.0220257343515641,0.38552317,0.0,0.38552317,0.0,0.0220257343515641
2018-01-15 03:00:00,0.3852610650069156,0.0283678809495376,0.39990698,0.0,0.39990698,0.0,0.0283678809495376
2018-01-15 04:00:00,0.3855231673582295,0.0361411694649773,0.44132746,0.0,0.44132746,0.0,0.0361411694649773
2018-01-15 05:00:00,0.3999069847856155,0.0519757927426274,0.46448736,0.0,0.46448736,0.0,0.0519757927426274
2018-01-15 06:00:00,0.4413274550484095,0.0704226433539409,0.32937169,0.0,0.32937169,0.0,0.0704226433539409
2018-01-15 07:00:00,0.5410636237897648,0.0917317432137476,0.18987128,0.0,0.18987128,0.0,0.0917317432137476
2018-01-15 08:00:00,0.6390383817427384,0.1009893226287286,0.074072953,0.0,0.074072953,0.0,0.1009893226287286
2018-01-15 09:00:00,0.7136466113416321,0.0870471828720441,0.0,0.0,0.0,0.0,0.0870471828720441
2018-01-15 10:00:00,0.751872406639004,0.054804970437363,0.0,0.0,0.0,0.0,0.054804970437363
2018-01-15 11:00:00,0.7469505532503458,0.0356677952390641,0.1940194,0.0,0.1940194,0.0,0.0356677952390641
2018-01-15 12:00:00,0.7390688105117564,0.0296073136897139,0.1628002,0.0,0.1628002,0.0,0.0296073136897139
2018-01-15 13:00:00,0.7402627939142461,0.0272725560695234,0.60545819,0.0,0.60545819,0.0,0.0272725560695234
2018-01-15 14:00:00,0.7004004149377592,0.0232378887666528,0.34598064,0.0,0.34598064,0.0,0.0232378887666528
2018-01-15 15:00:00,0.6755480636237897,0.0207365178899075,0.78901383,0.0,0.78901383,0.0,0.0207365178899075
2018-01-15 16:00:00,0.7162420470262792,0.0209380081123791,0.92627455,0.0,0.92627455,0.0,0.0209380081123791
2018-01-15 17:00:00,0.7890138312586445,0.026812694765649,1.0144364,0.0,1.0144364,0.0,0.026812694765649
2018-01-15 18:00:00,0.926274550484094,0.0315496708569031,1.0474219,0.0,1.0474219,0.0,0.0315496708569031
2018-01-15 19:00:00,1.014436376210235,0.0347363512868591,0.97383264,0.0,0.97383264,0.0,0.0347363512868591
2018-01-15 20:00:00,1.0474218533886586,0.0334730677377814,0.82115249,0.0,0.82115249,0.0,0.0334730677377814
2018-01-15 21:00:00,0.9738326417704009,0.0325385698029402,0.64094537,0.0,0.64094537,0.0,0.0325385698029402
2018-01-15 22:00:00,0.821152489626556,0.0353147818237321,0.48489454,0.0,0.48489454,0.0,0.0353147818237321
2018-01-15 23:00:00,0.6409453665283541,0.0370813707037449,0.41281916,0.0,0.41281916,0.0,0.0370813707037449
2018-01-16 00:00:00,0.4848945366528354,0.036474662293674,0.39504668,0.0,0.39504668,0.0,0.036474662293674
2018-01-16 01:00:00,0.4128191562932226,0.0360222439916489,0.38292566,0.0,0.38292566,0.0,0.0360222439916489
2018-01-16 02:00:00,0.3950466804979253,0.0378182901424586,0.3815982,0.0,0.3815982,0.0,0.0378182901424586
2018-01-16 03:00:00,0.3829256569847856,0.041839544823966,0.39828527,0.0,0.39828527,0.0,0.041839544823966
2018-01-16 04:00:00,0.3815982019363762,0.0504981043944486,0.44217531,0.0,0.44217531,0.0,0.0504981043944486
2018-01-16 05:00:00,0.3982852697095436,0.0648970134272876,0.4569776,0.0,0.4569776,0.0,0.0648970134272876
2018-01-16 06:00:00,0.4421753112033196,0.0808162662645384,0.30748439,0.0,0.30748439,0.0,0.0808162662645384
2018-01-16 07:00:00,0.5433402489626555,0.0995638010077333,0.17281962,0.0,0.17281962,0.0,0.0995638010077333
2018-01-16 08:00:00,0.6366683955739971,0.1122618111857136,0.062881406,0.0,0.062881406,0.0,0.1122618111857136
2018-01-16 09:00:00,0.7177752420470263,0.1068727976963572,0.0,0.0,0.0,0.0,0.1068727976963572
2018-01-16 10:00:00,0.7636082295988934,0.0872856840437691,0.0,0.0,0.0,0.0,0.0872856840437691
2018-01-16 11:00:00,0.7438008298755187,0.0625247571890419,0.0,0.0,0.0,0.0,0.0625247571890419
2018-01-16 12:00:00,0.7280878284923927,0.0400600275327477,0.12190619,0.0,0.12190619,0.0,0.0400600275327477
2018-01-16 13:00:00,0.7049135546334715,0.0310899236882797,0.51125215,0.0,0.51125215,0.0,0.0310899236882797
2018-01-16 14:00:00,0.6853959197786998,0.024249199725695,0.3343792,0.0,0.3343792,0.0,0.024249199725695
2018-01-16 15:00:00,0.6746856846473027,0.0211065063299044,0.79240111,0.0,0.79240111,0.0,0.0211065063299044
2018-01-16 16:00:00,0.7210933609958504,0.0220522275644679,0.92175692,0.0,0.92175692,0.0,0.0220522275644679
2018-01-16 17:00:00,0.7924011065006915,0.0260108323688815,1.021177,0.0,1.021177,0.0,0.0260108323688815
2018-01-16 18:00:00,0.9217569156293224,0.0319427077003972,1.0356508,0.0,1.0356508,0.0,0.0319427077003972
2018-01-16 19:00:00,1.02117704011065,0.0339629673646412,0.94881916,0.0,0.94881916,0.0,0.0339629673646412
2018-01-16 20:00:00,1.0356507607192251,0.0354201355780741,0.82247994,0.0,0.82247994,0.0,0.0354201355780741
2018-01-16 21:00:00,0.9488191562932224,0.0349522294682968,0.65400588,0.0,0.65400588,0.0,0.0349522294682968
2018-01-16 22:00:00,0.8224799446749654,0.0376175054833593,0.47734959,0.0,0.47734959,0.0,0.0376175054833593
2018-01-16 23:00:00,0.654005878284924,0.0398659699361935,0.41594502,0.0,0.41594502,0.0,0.0398659699361935
2018-01-17 00:00:00,0.4773495850622406,0.040874306461411,0.39163658,0.0,0.39163658,0.0,0.040874306461411
2018-01-17 01:00:00,0.415945020746888,0.0399270737994274,0.37984959,0.0,0.37984959,0.0,0.0399270737994274
2018-01-17 02:00:00,0.3916365836791148,0.042110387775569,0.38180671,0.0,0.38180671,0.0,0.042110387775569
2018-01-17 03:00:00,0.3798495850622406,0.0497595836035711,0.39587586,0.0,0.39587586,0.0,0.0497595836035711
2018-01-17 04:00:00,0.3818067081604426,0.0587396933050796,0.43798651,0.0,0.43798651,0.0,0.0587396933050796
2018-01-17 05:00:00,0.3958758644536653,0.0705518479171843,0.45540542,0.0,0.45540542,0.0,0.0705518479171843
2018-01-17 06:00:00,0.4379865145228216,0.0863097031330055,0.52115402,0.0,0.52115402,0.0,0.0863097031330055
2018-01-17 07:00:00,0.5444920470262793,0.1055571537360326,0.15982249,0.0,0.15982249,0.0,0.1055571537360326
2018-01-17 08:00:00,0.6468136237897647,0.1091875678129748,0.05621553,0.0,0.05621553,0.0,0.1091875678129748
2018-01-17 09:00:00,0.7103838174273859,0.0913327436680282,0.0,0.0,0.0,0.0,0.0913327436680282
2018-01-17 10:00:00,0.7629474412171507,0.0611176666818275,0.0,0.0,0.0,0.0,0.0611176666818275
2018-01-17 11:00:00,0.7593364453665283,0.0388558937130534,0.011870614,0.0,0.011870614,0.0,0.0388558937130534
2018-01-17 12:00:00,0.7374837482710925,0.0296105509804812,0.13909945,0.0,0.13909945,0.0,0.0296105509804812
2018-01-17 13:00:00,0.7243675656984785,0.026827639566296,0.33054835,0.0,0.33054835,0.0,0.026827639566296
2018-01-17 14:00:00,0.7073250345781465,0.0221324231424835,0.32992311,0.0,0.32992311,0.0,0.0221324231424835
2018-01-17 15:00:00,0.6899360304287688,0.019845062779425,0.80840353,0.0,0.80840353,0.0,0.019845062779425
2018-01-17 16:00:00,0.7229751037344397,0.0213835713820313,0.93126107,0.0,0.93126107,0.0,0.0213835713820313
2018-01-17 17:00:00,0.8084035269709543,0.0260744333730703,1.0311432,0.0,1.0311432,0.0,0.0260744333730703
2018-01-17 18:00:00,0.9312610650069156,0.0331175710160702,1.040898,0.0,1.040898,0.0,0.0331175710160702
2018-01-17 19:00:00,1.0311431535269708,0.034782126439964,0.96553665,0.0,0.96553665,0.0,0.034782126439964
2018-01-17 20:00:00,1.0408979944674968,0.0316287147064723,0.82828458,0.0,0.82828458,0.0,0.0316287147064723
2018-01-17 21:00:00,0.965536652835408,0.0305131913456021,0.6535038,0.0,0.6535038,0.0,0.0305131913456021
2018-01-17 22:00:00,0.8282845781466114,0.0303539484593734,0.47618154,0.0,0.47618154,0.0,0.0303539484593734
2018-01-17 23:00:00,0.6535038035961273,0.03060427127623,0.41799516,0.0,0.41799516,0.0,0.03060427127623
2018-01-18 00:00:00,0.4761815352697095,0.0271898737264847,0.3967379,0.0,0.3967379,0.0,0.0271898737264847
2018-01-18 01:00:00,0.4179951590594745,0.0224402493741875,0.38297683,0.0,0.38297683,0.0,0.0224402493741875
2018-01-18 02:00:00,0.396737897648686,0.0219062347433348,0.38636757,0.0,0.38636757,0.0,0.0219062347433348
2018-01-18 03:00:00,0.3829768326417704,0.0244024937442744,0.40361999,0.0,0.40361999,0.0,0.0244024937442744
2018-01-18 04:00:00,0.3863675656984785,0.0315746906874704,0.44570609,0.0,0.44570609,0.0,0.0315746906874704
2018-01-18 05:00:00,0.4036199861687414,0.0437394851813572,0.48667219,0.0,0.48667219,0.0,0.0437394851813572
2018-01-18 06:00:00,0.4457060857538036,0.0580873480876629,0.63664834,0.0,0.63664834,0.0,0.0580873480876629
2018-01-18 07:00:00,0.5400923236514522,0.0762955211364081,0.15246368,0.0,0.15246368,0.0,0.0762955211364081
2018-01-18 08:00:00,0.6366483402489626,0.0830121766220632,0.052842685,0.0,0.052842685,0.0,0.0830121766220632
2018-01-18 09:00:00,0.7036400414937759,0.0693281727589907,0.0,0.0,0.0,0.0,0.0693281727589907
2018-01-18 10:00:00,0.7535511756569847,0.0431115822009628,0.0,0.0,0.0,0.0,0.0431115822009628
2018-01-18 11:00:00,0.7480757261410788,0.0312572010044792,0.025899656,0.0,0.025899656,0.0,0.0312572010044792
2018-01-18 12:00:00,0.7317081604426001,0.0278699918550783,0.10666563,0.0,0.10666563,0.0,0.0278699918550783
2018-01-18 13:00:00,0.7287721300138311,0.02555073933586,0.34594069,0.0,0.34594069,0.0,0.02555073933586
2018-01-18 14:00:00,0.6673907330567082,0.0221765243119003,0.31237336,0.0,0.31237336,0.0,0.0221765243119003
2018-01-18 15:00:00,0.675973029045643,0.0211300458608473,0.80182469,0.0,0.80182469,0.0,0.0211300458608473
2018-01-18 16:00:00,0.7033378284923927,0.0209702150051413,0.9244056,0.0,0.9244056,0.0,0.0209702150051413
2018-01-18 17:00:00,0.8018246887966805,0.0250909229943573,1.0350163,0.0,1.0350163,0.0,0.0250909229943573
2018-01-18 18:00:00,0.924405601659751,0.0313845621104804,1.0290937,0.0,1.0290937,0.0,0.0313845621104804
2018-01-18 19:00:00,1.0350162517289074,0.0336766054774907,0.95519952,0.0,0.95519952,0.0,0.0336766054774907
2018-01-18 20:00:00,1.0290937067773167,0.0321215714739374,0.812324,0.0,0.812324,0.0,0.0321215714739374
2018-01-18 21:00:00,0.9551995159059472,0.0309174999098348,0.65069675,0.0,0.65069675,0.0,0.0309174999098348
2018-01-18 22:00:00,0.8123239972337483,0.0309594947650667,0.48727248,0.0,0.48727248,0.0,0.0309594947650667
2018-01-18 23:00:00,0.6506967496542185,0.0315012360065759,0.42148859,0.0,0.42148859,0.0,0.0315012360065759
2018-01-19 00:00:00,0.4872724757952974,0.0278405830052978,0.39682884,0.0,0.39682884,0.0,0.0278405830052978
2018-01-19 01:00:00,0.4214885892116183,0.0252053764410166,0.38032192,0.0,0.38032192,0.0,0.0252053764410166
2018-01-19 02:00:00,0.3968288381742739,0.0244271262067156,0.38155533,0.0,0.38155533,0.0,0.0244271262067156
2018-01-19 03:00:00,0.3803219225449516,0.0273291775301562,0.39838243,0.0,0.39838243,0.0,0.0273291775301562
2018-01-19 04:00:00,0.3815553250345781,0.0316872211280754,0.43365422,0.0,0.43365422,0.0,0.0316872211280754
2018-01-19 05:00:00,0.3983824343015215,0.0407412870138553,0.45377944,0.0,0.45377944,0.0,0.0407412870138553
2018-01-19 06:00:00,0.4336542185338866,0.0520545356901705,0.37087832,0.0,0.37087832,0.0,0.0520545356901705
2018-01-19 07:00:00,0.5417337482710927,0.065602607927454,0.31099498,0.0,0.31099498,0.0,0.065602607927454
2018-01-19 08:00:00,0.6429813278008297,0.0723311231033241,0.22965034,0.0,0.22965034,0.0,0.0723311231033241
2018-01-19 09:00:00,0.7221666666666666,0.069675714599543,0.064258176,0.0,0.064258176,0.0,0.069675714599543
2018-01-19 10:00:00,0.7544747579529737,0.0632699981251765,0.064043492,0.0,0.064043492,0.0,0.0632699981251765
2018-01-19 11:00:00,0.7447690179806362,0.0541210097553049,0.33689414,0.0,0.33689414,0.0,0.0541210097553049
2018-01-19 12:00:00,0.7220044951590593,0.0455668424361377,0.52820012,0.0,0.52820012,0.0,0.0455668424361377
2018-01-19 13:00:00,0.7216393499308436,0.0435067461105063,0.68160719,0.0,0.68160719,0.0,0.0435067461105063
2018-01-19 14:00:00,0.6915435684647302,0.0373853025023258,0.38266139,0.0,0.38266139,0.0,0.0373853025023258
2018-01-19 15:00:00,0.6816071922544951,0.0329286875509135,0.79480809,0.0,0.79480809,0.0,0.0329286875509135
2018-01-19 16:00:00,0.7119896265560165,0.0332643939117587,0.92327732,0.0,0.92327732,0.0,0.0332643939117587
2018-01-19 17:00:00,0.7948080912863071,0.0379396089974226,1.0133271,0.0,1.0133271,0.0,0.0379396089974226
2018-01-19 18:00:00,0.9232773167358228,0.0456134130773581,1.0401871,0.0,1.0401871,0.0,0.0456134130773581
2018-01-19 19:00:00,1.0133271092669434,0.0520708051514628,0.96297026,0.0,0.96297026,0.0,0.0520708051514628
2018-01-19 20:00:00,1.0401870677731673,0.0548500123579432,0.82889419,0.0,0.82889419,0.0,0.0548500123579432
2018-01-19 21:00:00,0.962970262793914,0.0597660839518838,0.63985823,0.0,0.63985823,0.0,0.0597660839518838
2018-01-19 22:00:00,0.8288941908713693,0.0646998015474219,0.47566113,0.0,0.47566113,0.0,0.0646998015474219
2018-01-19 23:00:00,0.6398582295988936,0.0696919356398195,0.41489454,0.0,0.41489454,0.0,0.0696919356398195
2018-01-20 00:00:00,0.4756611341632088,0.0722217123595909,0.39657884,0.0,0.39657884,0.0,0.0722217123595909
2018-01-20 01:00:00,0.4148945366528354,0.0699482453694091,0.38426591,0.0,0.38426591,0.0,0.0699482453694091
2018-01-20 02:00:00,0.3965788381742738,0.069609232544917,0.3843278,0.0,0.3843278,0.0,0.069609232544917
2018-01-20 03:00:00,0.3842659059474412,0.0743011943847426,0.39736238,0.0,0.39736238,0.0,0.0743011943847426
2018-01-20 04:00:00,0.3843278008298755,0.0810907234991027,0.42004945,0.0,0.42004945,0.0,0.0810907234991027
2018-01-20 05:00:00,0.3973623789764868,0.09268042504756,0.38039523,0.0,0.38039523,0.0,0.09268042504756
2018-01-20 06:00:00,0.4200494467496542,0.107408074732264,0.52584727,0.0,0.52584727,0.0,0.107408074732264
2018-01-20 07:00:00,0.4720850622406639,0.1196993034155647,0.17961161,0.0,0.17961161,0.0,0.1196993034155647
2018-01-20 08:00:00,0.5715155601659749,0.1306999252623278,0.13572605,0.0,0.13572605,0.0,0.1306999252623278
2018-01-20 09:00:00,0.7209183955739972,0.1229845932440978,0.069706995,0.0,0.069706995,0.0,0.1229845932440978
2018-01-20 10:00:00,0.8244391424619639,0.0892574742712468,0.041713048,0.0,0.041713048,0.0,0.0892574742712468
2018-01-20 11:00:00,0.8371224066390041,0.0597749622909861,0.1133719,0.0,0.1133719,0.0,0.0597749622909861
2018-01-20 12:00:00,0.8109965421853388,0.0437343629296196,0.22806682,0.0,0.22806682,0.0,0.0437343629296196
2018-01-20 13:00:00,0.8123838174273857,0.0370874509998657,0.41773078,0.0,0.41773078,0.0,0.0370874509998657
2018-01-20 14:00:00,0.7878215767634853,0.0317794977495209,0.40225371,0.0,0.40225371,0.0,0.0317794977495209
2018-01-20 15:00:00,0.7761600968188104,0.027239802711012,0.86833506,0.0,0.86833506,0.0,0.027239802711012
2018-01-20 16:00:00,0.802210926694329,0.0254377869406891,0.98462275,0.0,0.98462275,0.0,0.0254377869406891
2018-01-20 17:00:00,0.8683350622406639,0.0275130667134022,1.0478271,0.0,1.0478271,0.0,0.0275130667134022
2018-01-20 18:00:00,0.9846227524204704,0.0345029585322959,1.060427,0.0,1.060427,0.0,0.0345029585322959
2018-01-20 19:00:00,1.0478271092669431,0.0413522495560245,0.99584751,0.0,0.99584751,0.0,0.0413522495560245
2018-01-20 20:00:00,1.06042704011065,0.0458723444590862,0.8613527,0.0,0.8613527,0.0,0.0458723444590862
2018-01-20 21:00:00,0.9958475103734438,0.0498173014543463,0.67442842,0.0,0.67442842,0.0,0.0498173014543463
2018-01-20 22:00:00,0.8613526970954357,0.058755533894518,0.48357676,0.0,0.48357676,0.0,0.058755533894518
2018-01-20 23:00:00,0.6744284232365146,0.0658696083255927,0.41306397,0.0,0.41306397,0.0,0.0658696083255927
2018-01-21 00:00:00,0.4835767634854772,0.0689472238762143,0.39297787,0.0,0.39297787,0.0,0.0689472238762143
2018-01-21 01:00:00,0.413063969571231,0.0718446129475667,0.38483679,0.0,0.38483679,0.0,0.0718446129475667
2018-01-21 02:00:00,0.3929778699861688,0.0748237954904543,0.38524965,0.0,0.38524965,0.0,0.0748237954904543
2018-01-21 03:00:00,0.3848367911479944,0.0876893423829331,0.39946369,0.0,0.39946369,0.0,0.0876893423829331
2018-01-21 04:00:00,0.3852496542185339,0.1059306250305199,0.4189668,0.0,0.4189668,0.0,0.1059306250305199
2018-01-21 05:00:00,0.3994636929460581,0.1247194490655741,0.37647844,0.0,0.37647844,0.0,0.1247194490655741
2018-01-21 06:00:00,0.4189668049792532,0.1442728893603516,0.28283699,0.0,0.28283699,0.0,0.1442728893603516
2018-01-21 07:00:00,0.4695072614107884,0.1694167365249252,0.21021978,0.0,0.21021978,0.0,0.1694167365249252
2018-01-21 08:00:00,0.5630556708160441,0.1822088875334575,0.40494258,0.0,0.40494258,0.0,0.1822088875334575
2018-01-21 09:00:00,0.7080446058091286,0.15605483963456,0.1896612,0.0,0.1896612,0.0,0.15605483963456
2018-01-21 10:00:00,0.8094903181189488,0.114080850401717,0.27295793,0.0,0.27295793,0.0,0.114080850401717
2018-01-21 11:00:00,0.8300712309820194,0.0777982051046467,0.21989987,0.0,0.21989987,0.0,0.0777982051046467
2018-01-21 12:00:00,0.7966708160442599,0.0536982908291552,0.36796309,0.0,0.36796309,0.0,0.0536982908291552
2018-01-21 13:00:00,0.8011621715076072,0.0401863821733495,0.74805083,0.0,0.74805083,0.0,0.0401863821733495
2018-01-21 14:00:00,0.7672531120331949,0.0311783854254126,0.46626031,0.0,0.46626031,0.0,0.0311783854254126
2018-01-21 15:00:00,0.7480508298755185,0.026031663781586,0.87581535,0.0,0.87581535,0.0,0.026031663781586
2018-01-21 16:00:00,0.7845968188105116,0.0249643850456241,0.9649675,0.0,0.9649675,0.0,0.0249643850456241
2018-01-21 17:00:00,0.8758153526970954,0.0274520493162679,1.0380328,0.0,1.0380328,0.0,0.0274520493162679
2018-01-21 18:00:00,0.9649674965421852,0.033201118020104,1.0520643,0.0,1.0520643,0.0,0.033201118020104
2018-01-21 19:00:00,1.0380328492392807,0.039148356648189,0.98129357,0.0,0.98129357,0.0,0.039148356648189
2018-01-21 20:00:00,1.0520643153526974,0.042394774777006,0.86190629,0.0,0.86190629,0.0,0.042394774777006
2018-01-21 21:00:00,0.9812935684647304,0.0482151295919595,0.66535443,0.0,0.66535443,0.0,0.0482151295919595
2018-01-21 22:00:00,0.8619062932226832,0.0567653748088509,0.48519502,0.0,0.48519502,0.0,0.0567653748088509
2018-01-21 23:00:00,0.6653544260027663,0.0657625805875633,0.41337794,0.0,0.41337794,0.0,0.0657625805875633
2018-01-22 00:00:00,0.485195020746888,0.0711206945515824,0.39247441,0.0,0.39247441,0.0,0.0711206945515824
2018-01-22 01:00:00,0.413377939142462,0.0752130278255682,0.38081017,0.0,0.38081017,0.0,0.0752130278255682
2018-01-22 02:00:00,0.3924744121715076,0.0809259191133504,0.38172441,0.0,0.38172441,0.0,0.0809259191133504
2018-01-22 03:00:00,0.3808101659751037,0.0931959220985322,0.39824412,0.0,0.39824412,0.0,0.0931959220985322
2018-01-22 04:00:00,0.3817244121715076,0.1099382941584654,0.43478077,0.0,0.43478077,0.0,0.1099382941584654
2018-01-22 05:00:00,0.398244121715076,0.1319699116634435,0.45063329,0.0,0.45063329,0.0,0.1319699116634435
2018-01-22 06:00:00,0.4347807745504841,0.1567209087512975,0.31030751,0.0,0.31030751,0.0,0.1567209087512975
2018-01-22 07:00:00,0.538021438450899,0.1745170673770182,0.30641015,0.0,0.30641015,0.0,0.1745170673770182
2018-01-22 08:00:00,0.6317641770401106,0.1710762699977568,0.071913095,0.0,0.071913095,0.0,0.1710762699977568
2018-01-22 09:00:00,0.6948623789764868,0.1372858474640995,0.0,0.0,0.0,0.0,0.1372858474640995
2018-01-22 10:00:00,0.7594982710926693,0.0861054321607722,0.0,0.0,0.0,0.0,0.0861054321607722
2018-01-22 11:00:00,0.7300363070539418,0.0544901957898979,0.015897877,0.0,0.015897877,0.0,0.0544901957898979
2018-01-22 12:00:00,0.7150387275242046,0.0370166594748379,0.11760363,0.0,0.11760363,0.0,0.0370166594748379
2018-01-22 13:00:00,0.7258105117565697,0.0294794683735556,0.50700112,0.0,0.50700112,0.0,0.0294794683735556
2018-01-22 14:00:00,0.6880117565698478,0.0240820745898306,0.30703155,0.0,0.30703155,0.0,0.0240820745898306
2018-01-22 15:00:00,0.6798367911479944,0.0207416608935093,0.80249447,0.0,0.80249447,0.0,0.0207416608935093
2018-01-22 16:00:00,0.7121856846473028,0.0211781452227077,0.92835373,0.0,0.92835373,0.0,0.0211781452227077
2018-01-22 17:00:00,0.8024944674965422,0.0259043960589732,1.0185263,0.0,1.0185263,0.0,0.0259043960589732
2018-01-22 18:00:00,0.9283537344398342,0.0318667800890559,1.0290737,0.0,1.0290737,0.0,0.0318667800890559
2018-01-22 19:00:00,1.0185262793914245,0.035204949125433,0.94505014,0.0,0.94505014,0.0,0.035204949125433
2018-01-22 20:00:00,1.0290736514522822,0.0347104425847886,0.8210249,0.0,0.8210249,0.0,0.0347104425847886
2018-01-22 21:00:00,0.9450501383125864,0.0370494301265694,0.64877697,0.0,0.64877697,0.0,0.0370494301265694
2018-01-22 22:00:00,0.8210248962655602,0.0422086374751714,0.48068845,0.0,0.48068845,0.0,0.0422086374751714
2018-01-22 23:00:00,0.6487769709543568,0.0491018117737467,0.41399205,0.0,0.41399205,0.0,0.0491018117737467
2018-01-23 00:00:00,0.4806884508990318,0.0545268504988213,0.39577317,0.0,0.39577317,0.0,0.0545268504988213
2018-01-23 01:00:00,0.4139920470262794,0.0607587320679978,0.38501729,0.0,0.38501729,0.0,0.0607587320679978
2018-01-23 02:00:00,0.3957731673582296,0.0642595818827224,0.38188762,0.0,0.38188762,0.0,0.0642595818827224
2018-01-23 03:00:00,0.3850172890733057,0.0718493789589741,0.39752905,0.0,0.39752905,0.0,0.0718493789589741
2018-01-23 04:00:00,0.3818876210235131,0.0856850478193106,0.44042254,0.0,0.44042254,0.0,0.0856850478193106
2018-01-23 05:00:00,0.3975290456431535,0.1029263223563893,0.45230439,0.0,0.45230439,0.0,0.1029263223563893
2018-01-23 06:00:00,0.4404225449515906,0.1228614862701951,0.30038303,0.0,0.30038303,0.0,0.1228614862701951
2018-01-23 07:00:00,0.5429467496542185,0.1453356061449011,0.3064976,0.0,0.3064976,0.0,0.1453356061449011
2018-01-23 08:00:00,0.6289114799446749,0.1407348003258708,0.14717467,0.0,0.14717467,0.0,0.1407348003258708
2018-01-23 09:00:00,0.7039308437067773,0.1073795097916148,0.19827716,0.0,0.19827716,0.0,0.1073795097916148
2018-01-23 10:00:00,0.7542804287690179,0.0628971735971143,0.0,0.0,0.0,0.0,0.0628971735971143
2018-01-23 11:00:00,0.7372475795297372,0.0401605426441586,0.031936058,0.0,0.031936058,0.0,0.0401605426441586
2018-01-23 12:00:00,0.7323914246196404,0.0305764534026808,0.13835612,0.0,0.13835612,0.0,0.0305764534026808
2018-01-23 13:00:00,0.7407904564315352,0.0267464928611853,0.31911076,0.0,0.31911076,0.0,0.0267464928611853
2018-01-23 14:00:00,0.7082918395573996,0.0228421299703446,0.31349967,0.0,0.31349967,0.0,0.0228421299703446
2018-01-23 15:00:00,0.6862282157676347,0.020256997653638,0.80643396,0.0,0.80643396,0.0,0.020256997653638
2018-01-23 16:00:00,0.715094398340249,0.0207077523479076,0.91136169,0.0,0.91136169,0.0,0.0207077523479076
2018-01-23 17:00:00,0.8064339557399723,0.0253413737810412,1.0063862,0.0,1.0063862,0.0,0.0253413737810412
2018-01-23 18:00:00,0.9113616874135548,0.0320772281994413,1.0354467,0.0,1.0354467,0.0,0.0320772281994413
2018-01-23 19:00:00,1.006386237897649,0.0333510675299531,0.96785201,0.0,0.96785201,0.0,0.0333510675299531
2018-01-23 20:00:00,1.0354467496542186,0.0328657817341652,0.84151383,0.0,0.84151383,0.0,0.0328657817341652
2018-01-23 21:00:00,0.9678520055325032,0.031246738606433,0.64519156,0.0,0.64519156,0.0,0.031246738606433
2018-01-23 22:00:00,0.8415138312586445,0.0325710637631531,0.45945989,0.0,0.45945989,0.0,0.0325710637631531
2018-01-23 23:00:00,0.6451915629322269,0.0330797749546324,0.407389,0.0,0.407389,0.0,0.0330797749546324
2018-01-24 00:00:00,0.4594598893499308,0.0316528940865518,0.3945695,0.0,0.3945695,0.0,0.0316528940865518
2018-01-24 01:00:00,0.4073890041493776,0.0293334928456424,0.38207815,0.0,0.38207815,0.0,0.0293334928456424
2018-01-24 02:00:00,0.3945695020746888,0.0304725107750836,0.38568154,0.0,0.38568154,0.0,0.0304725107750836
2018-01-24 03:00:00,0.3820781466113416,0.035903481074588,0.40238589,0.0,0.40238589,0.0,0.035903481074588
2018-01-24 04:00:00,0.3856815352697095,0.0447144769199422,0.44656708,0.0,0.44656708,0.0,0.0447144769199422
2018-01-24 05:00:00,0.4023858921161826,0.0561912399078042,0.54376949,0.0,0.54376949,0.0,0.0561912399078042
2018-01-24 06:00:00,0.446567081604426,0.0738327452678601,0.60472494,0.0,0.60472494,0.0,0.0738327452678601
2018-01-24 07:00:00,0.5559771784232365,0.0933131666708851,0.70291349,0.0,0.70291349,0.0,0.0933131666708851
2018-01-24 08:00:00,0.6507271784232364,0.0975409611950782,0.22670338,0.0,0.22670338,0.0,0.0975409611950782
2018-01-24 09:00:00,0.7245311203319501,0.0747342166113151,0.12495539,0.0,0.12495539,0.0,0.0747342166113151
2018-01-24 10:00:00,0.7586701244813276,0.0468275804232447,0.2266636,0.0,0.2266636,0.0,0.0468275804232447
2018-01-24 11:00:00,0.7553855463347164,0.0339011648553234,0.0,0.0,0.0,0.0,0.0339011648553234
2018-01-24 12:00:00,0.7349892807745504,0.0295393651700393,0.28080502,0.0,0.28080502,0.0,0.0295393651700393
2018-01-24 13:00:00,0.7243115491009681,0.0265936207971718,0.55846719,0.0,0.55846719,0.0,0.0265936207971718
2018-01-24 14:00:00,0.6859737206085752,0.0225353966701386,0.30251165,0.0,0.30251165,0.0,0.0225353966701386
2018-01-24 15:00:00,0.6612939142461962,0.0203086836293082,0.80260477,0.0,0.80260477,0.0,0.0203086836293082
2018-01-24 16:00:00,0.7160518672199169,0.0209915721317315,0.90743776,0.0,0.90743776,0.0,0.0209915721317315
2018-01-24 17:00:00,0.8026047717842324,0.0248669204582057,1.0120183,0.0,1.0120183,0.0,0.0248669204582057
2018-01-24 18:00:00,0.9074377593360996,0.0320767924102997,1.0476162,0.0,1.0476162,0.0,0.0320767924102997
2018-01-24 19:00:00,1.012018326417704,0.0345798926090362,0.97103734,0.0,0.97103734,0.0,0.0345798926090362
2018-01-24 20:00:00,1.0476161825726142,0.031930522897648,0.8190287,0.0,0.8190287,0.0,0.031930522897648
2018-01-24 21:00:00,0.97103734439834,0.0322808731571138,0.62455083,0.0,0.62455083,0.0,0.0322808731571138
2018-01-24 22:00:00,0.8190286998616875,0.034574275771209,0.46400864,0.0,0.46400864,0.0,0.034574275771209
2018-01-24 23:00:00,0.6245508298755188,0.0371007183581816,0.41337656,0.0,0.41337656,0.0,0.0371007183581816
2018-01-25 00:00:00,0.4640086445366528,0.0375691398059123,0.39233748,0.0,0.39233748,0.0,0.0375691398059123
2018-01-25 01:00:00,0.4133765560165975,0.0371021191089944,0.38528838,0.0,0.38528838,0.0,0.0371021191089944
2018-01-25 02:00:00,0.3923374827109266,0.040837174459618,0.38370124,0.0,0.38370124,0.0,0.040837174459618
2018-01-25 03:00:00,0.3852883817427386,0.0505993181519439,0.39827697,0.0,0.39827697,0.0,0.0505993181519439
2018-01-25 04:00:00,0.3837012448132779,0.0625596272376707,0.43850899,0.0,0.43850899,0.0,0.0625596272376707
2018-01-25 05:00:00,0.3982769709543569,0.0758477650864713,0.43330512,0.0,0.43330512,0.0,0.0758477650864713
2018-01-25 06:00:00,0.438508990318119,0.0922846247475236,0.28483025,0.0,0.28483025,0.0,0.0922846247475236
2018-01-25 07:00:00,0.5329588520055325,0.1142181274400146,0.2391416,0.0,0.2391416,0.0,0.1142181274400146
2018-01-25 08:00:00,0.6282880359612724,0.1211449335926727,0.027412809,0.0,0.027412809,0.0,0.1211449335926727
2018-01-25 09:00:00,0.702689142461964,0.111422059344121,0.0,0.0,0.0,0.0,0.111422059344121
2018-01-25 10:00:00,0.7473706777316734,0.0904190460180958,0.089705357,0.0,0.089705357,0.0,0.0904190460180958
2018-01-25 11:00:00,0.7415878284923928,0.0685398474947697,0.0,0.0,0.0,0.0,0.0685398474947697
2018-01-25 12:00:00,0.7340048409405254,0.0520406146481422,0.082753233,0.0,0.082753233,0.0,0.0520406146481422
2018-01-25 13:00:00,0.7358288381742738,0.0384667582199708,0.50560942,0.0,0.50560942,0.0,0.0384667582199708
2018-01-25 14:00:00,0.6785504840940524,0.0265484197789684,0.28589732,0.0,0.28589732,0.0,0.0265484197789684
2018-01-25 15:00:00,0.6713295297372059,0.0220803428813991,0.79858195,0.0,0.79858195,0.0,0.0220803428813991
2018-01-25 16:00:00,0.7069937759336099,0.0227637951427915,0.91375864,0.0,0.91375864,0.0,0.0227637951427915
2018-01-25 17:00:00,0.7985819502074689,0.0271102488247262,1.0079606,0.0,1.0079606,0.0,0.0271102488247262
2018-01-25 18:00:00,0.9137586445366528,0.0326824770617519,1.0361539,0.0,1.0361539,0.0,0.0326824770617519
2018-01-25 19:00:00,1.0079605809128631,0.0374117853392974,0.97305878,0.0,0.97305878,0.0,0.0374117853392974
2018-01-25 20:00:00,1.0361538727524204,0.0392213755399412,0.83407158,0.0,0.83407158,0.0,0.0392213755399412
2018-01-25 21:00:00,0.9730587828492392,0.0420001331227042,0.62136584,0.0,0.62136584,0.0,0.0420001331227042
2018-01-25 22:00:00,0.8340715767634855,0.0458125306700578,0.4638565,0.0,0.4638565,0.0,0.0458125306700578
2018-01-25 23:00:00,0.621365836791148,0.0532648846931006,0.41494295,0.0,0.41494295,0.0,0.0532648846931006
2018-01-26 00:00:00,0.4638565006915629,0.0557810862352418,0.39769502,0.0,0.39769502,0.0,0.0557810862352418
2018-01-26 01:00:00,0.4149429460580913,0.0561424073134194,0.38689557,0.0,0.38689557,0.0,0.0561424073134194
2018-01-26 02:00:00,0.3976950207468879,0.0590160597111221,0.38387414,0.0,0.38387414,0.0,0.0590160597111221
2018-01-26 03:00:00,0.3868955739972337,0.0652662548001843,0.39897303,0.0,0.39897303,0.0,0.0652662548001843
2018-01-26 04:00:00,0.3838741355463347,0.0728002051520555,0.437037,0.0,0.437037,0.0,0.0728002051520555
2018-01-26 05:00:00,0.3989730290456432,0.090063410950625,0.52226,0.0,0.52226,0.0,0.090063410950625
2018-01-26 06:00:00,0.4370369986168742,0.1155210470491289,0.64380118,0.0,0.64380118,0.0,0.1155210470491289
2018-01-26 07:00:00,0.5373212309820193,0.1404444852086481,0.6631926,0.0,0.6631926,0.0,0.1404444852086481
2018-01-26 08:00:00,0.6438011756569846,0.1435968835594528,0.162984,0.0,0.162984,0.0,0.1435968835594528
2018-01-26 09:00:00,0.7176286307053942,0.1140280853291244,0.74583714,0.0,0.74583714,0.0,0.1140280853291244
2018-01-26 10:00:00,0.7569896265560164,0.0734722162191547,0.7050594,0.0,0.7050594,0.0,0.0734722162191547
2018-01-26 11:00:00,0.7458371369294605,0.0495559178940346,0.32921856,0.0,0.32921856,0.0,0.0495559178940346
2018-01-26 12:00:00,0.7268163900414937,0.0356779636523718,0.17159575,0.0,0.17159575,0.0,0.0356779636523718
2018-01-26 13:00:00,0.7255667358229597,0.0292092272260056,0.40026468,0.0,0.40026468,0.0,0.0292092272260056
2018-01-26 14:00:00,0.6812489626556015,0.0228763082901767,0.28891226,0.0,0.28891226,0.0,0.0228763082901767
2018-01-26 15:00:00,0.6752327109266942,0.0203604111087061,0.79120574,0.0,0.79120574,0.0,0.0203604111087061
2018-01-26 16:00:00,0.7069242738589211,0.0214954239284159,0.92448064,0.0,0.92448064,0.0,0.0214954239284159
2018-01-26 17:00:00,0.7912057399723375,0.0255897528399796,1.0138458,0.0,1.0138458,0.0,0.0255897528399796
2018-01-26 18:00:00,0.9244806362378978,0.0323259323709142,1.0308154,0.0,1.0308154,0.0,0.0323259323709142
2018-01-26 19:00:00,1.0138457814661133,0.0347806565162713,0.96199101,0.0,0.96199101,0.0,0.0347806565162713
2018-01-26 20:00:00,1.0308153526970951,0.0363992500202858,0.83164108,0.0,0.83164108,0.0,0.0363992500202858
2018-01-26 21:00:00,0.9619910096818808,0.0385274193767748,0.65213105,0.0,0.65213105,0.0,0.0385274193767748
2018-01-26 22:00:00,0.8316410788381742,0.042551091650426,0.47497925,0.0,0.47497925,0.0,0.042551091650426
2018-01-26 23:00:00,0.652131051175657,0.0481330213838216,0.41156017,0.0,0.41156017,0.0,0.0481330213838216
2018-01-27 00:00:00,0.4749792531120331,0.0519126240689364,0.39551141,0.0,0.39551141,0.0,0.0519126240689364
2018-01-27 01:00:00,0.4115601659751038,0.0554150337320967,0.38484613,0.0,0.38484613,0.0,0.0554150337320967
2018-01-27 02:00:00,0.3955114107883817,0.057011121839719,0.38332089,0.0,0.38332089,0.0,0.057011121839719
2018-01-27 03:00:00,0.3848461272475795,0.0652898635040069,0.39655775,0.0,0.39655775,0.0,0.0652898635040069
2018-01-27 04:00:00,0.3833208852005532,0.0737136088172491,0.4207787,0.0,0.4207787,0.0,0.0737136088172491
2018-01-27 05:00:00,0.3965577455048409,0.087399068769438,0.39880408,0.0,0.39880408,0.0,0.087399068769438
2018-01-27 06:00:00,0.4207786998616874,0.1041079265691833,0.52588871,0.0,0.52588871,0.0,0.1041079265691833
2018-01-27 07:00:00,0.4740204011065008,0.1209871467955603,0.33133485,0.0,0.33133485,0.0,0.1209871467955603
2018-01-27 08:00:00,0.5695020746887965,0.1304145594646438,0.09165726,0.0,0.09165726,0.0,0.1304145594646438
2018-01-27 09:00:00,0.7122994467496543,0.1198895150000104,0.037313712,0.0,0.037313712,0.0,0.1198895150000104
2018-01-27 10:00:00,0.810457814661134,0.0797877381757528,0.0,0.0,0.0,0.0,0.0797877381757528
2018-01-27 11:00:00,0.8382261410788382,0.049794391396608,0.19098173,0.0,0.19098173,0.0,0.049794391396608
2018-01-27 12:00:00,0.7983914246196403,0.034426719642996,0.30918578,0.0,0.30918578,0.0,0.034426719642996
2018-01-27 13:00:00,0.8058903872752419,0.0310106169817676,0.44886073,0.0,0.44886073,0.0,0.0310106169817676
2018-01-27 14:00:00,0.7495739972337481,0.0274756545614467,0.39910271,0.0,0.39910271,0.0,0.0274756545614467
2018-01-27 15:00:00,0.7387015905947439,0.0244132328338393,0.8440861,0.0,0.8440861,0.0,0.0244132328338393
2018-01-27 16:00:00,0.772049446749654,0.0243037010375667,0.96232988,0.0,0.96232988,0.0,0.0243037010375667
2018-01-27 17:00:00,0.8440860995850622,0.0264579485696817,1.0420557,0.0,1.0420557,0.0,0.0264579485696817
2018-01-27 18:00:00,0.9623298755186722,0.0315451504092184,1.0639685,0.0,1.0639685,0.0,0.0315451504092184
2018-01-27 19:00:00,1.0420556708160442,0.03397337096574,0.98077766,0.0,0.98077766,0.0,0.03397337096574
2018-01-27 20:00:00,1.063968533886584,0.0328439369387737,0.84518741,0.0,0.84518741,0.0,0.0328439369387737
2018-01-27 21:00:00,0.9807776625172888,0.0313585012280741,0.66136895,0.0,0.66136895,0.0,0.0313585012280741
2018-01-27 22:00:00,0.8451874135546334,0.0316843884986539,0.48456017,0.0,0.48456017,0.0,0.0316843884986539
2018-01-27 23:00:00,0.661368948824343,0.0316457796558805,0.41883783,0.0,0.41883783,0.0,0.0316457796558805
2018-01-28 00:00:00,0.4845601659751037,0.0312026789407438,0.40037033,0.0,0.40037033,0.0,0.0312026789407438
2018-01-28 01:00:00,0.4188378284923928,0.0322263476347342,0.39024378,0.0,0.39024378,0.0,0.0322263476347342
2018-01-28 02:00:00,0.4003703319502074,0.0350594093866616,0.38629772,0.0,0.38629772,0.0,0.0350594093866616
2018-01-28 03:00:00,0.39024377593361,0.0432112949069701,0.39561238,0.0,0.39561238,0.0,0.0432112949069701
2018-01-28 04:00:00,0.3862977178423236,0.0543227420828553,0.42204149,0.0,0.42204149,0.0,0.0543227420828553
2018-01-28 05:00:00,0.3956123789764869,0.0692524872527281,0.37000911,0.0,0.37000911,0.0,0.0692524872527281
2018-01-28 06:00:00,0.4220414937759336,0.0856697848234168,0.57011722,0.0,0.57011722,0.0,0.0856697848234168
2018-01-28 07:00:00,0.4737271784232366,0.1041204676122628,0.27535732,0.0,0.27535732,0.0,0.1041204676122628
2018-01-28 08:00:00,0.5701172199170123,0.1150572048460304,0.22724977,0.0,0.22724977,0.0,0.1150572048460304
2018-01-28 09:00:00,0.7044221991701244,0.0913726737128026,0.29449924,0.0,0.29449924,0.0,0.0913726737128026
2018-01-28 10:00:00,0.8120739972337482,0.0496153304803612,0.21542565,0.0,0.21542565,0.0,0.0496153304803612
2018-01-28 11:00:00,0.8043696403872752,0.0328567166282877,0.040299555,0.0,0.040299555,0.0,0.0328567166282877
2018-01-28 12:00:00,0.787308091286307,0.0285302608258579,0.14591436,0.0,0.14591436,0.0,0.0285302608258579
2018-01-28 13:00:00,0.7862202627939141,0.0293785174730028,0.43949724,0.0,0.43949724,0.0,0.0293785174730028
2018-01-28 14:00:00,0.7498450899031812,0.0266165031857582,0.36172315,0.0,0.36172315,0.0,0.0266165031857582
2018-01-28 15:00:00,0.7644083679114798,0.0240461946171593,0.85905878,0.0,0.85905878,0.0,0.0240461946171593
2018-01-28 16:00:00,0.7921410788381743,0.0231174034448888,0.96351176,0.0,0.96351176,0.0,0.0231174034448888
2018-01-28 17:00:00,0.8590587828492393,0.0263437233935253,1.0433786,0.0,1.0433786,0.0,0.0263437233935253
2018-01-28 18:00:00,0.9635117565698478,0.0322010580299366,1.0674066,0.0,1.0674066,0.0,0.0322010580299366
2018-01-28 19:00:00,1.043378630705394,0.0343208505507008,0.99035719,0.0,0.99035719,0.0,0.0343208505507008
2018-01-28 20:00:00,1.0674066390041494,0.0329536382086012,0.84076107,0.0,0.84076107,0.0,0.0329536382086012
2018-01-28 21:00:00,0.990357192254495,0.0296218261598635,0.65912206,0.0,0.65912206,0.0,0.0296218261598635
2018-01-28 22:00:00,0.8407610650069156,0.027494891539276,0.4875083,0.0,0.4875083,0.0,0.027494891539276
2018-01-28 23:00:00,0.6591220608575381,0.026050976849583,0.42089142,0.0,0.42089142,0.0,0.026050976849583
2018-01-29 00:00:00,0.4875082987551866,0.0215300138268816,0.39594191,0.0,0.39594191,0.0,0.0215300138268816
2018-01-29 01:00:00,0.4208914246196404,0.017154414152109,0.38305048,0.0,0.38305048,0.0,0.017154414152109
2018-01-29 02:00:00,0.395941908713693,0.0159611819782467,0.38187932,0.0,0.38187932,0.0,0.0159611819782467
2018-01-29 03:00:00,0.3830504840940525,0.0202896126663904,0.39837828,0.0,0.39837828,0.0,0.0202896126663904
2018-01-29 04:00:00,0.3818793222683264,0.0261223598027319,0.43822407,0.0,0.43822407,0.0,0.0261223598027319
2018-01-29 05:00:00,0.3983782849239281,0.037277942734474,0.46251306,0.0,0.46251306,0.0,0.037277942734474
2018-01-29 06:00:00,0.4382240663900416,0.0513646434336829,0.45362295,0.0,0.45362295,0.0,0.0513646434336829
2018-01-29 07:00:00,0.5345470262793914,0.0676659622957165,0.32966242,0.0,0.32966242,0.0,0.0676659622957165
2018-01-29 08:00:00,0.6482499999999998,0.0744483147238138,0.032801543,0.0,0.032801543,0.0,0.0744483147238138
2018-01-29 09:00:00,0.7144875518672199,0.0599141139143224,0.1539327,0.0,0.1539327,0.0,0.0599141139143224
2018-01-29 10:00:00,0.7647434301521437,0.0378541182354702,0.45915535,0.0,0.45915535,0.0,0.0378541182354702
2018-01-29 11:00:00,0.7431919087136929,0.0284020281415736,0.0,0.0,0.0,0.0,0.0284020281415736
2018-01-29 12:00:00,0.7252050484094051,0.0261857913333654,0.075431039,0.0,0.075431039,0.0,0.0261857913333654
2018-01-29 13:00:00,0.7229422544951589,0.0247911865309272,0.52463135,0.0,0.52463135,0.0,0.0247911865309272
2018-01-29 14:00:00,0.6858246887966803,0.0216634241012076,0.2901507,0.0,0.2901507,0.0,0.0216634241012076
2018-01-29 15:00:00,0.6739889349930842,0.0196067622090507,0.79927593,0.0,0.79927593,0.0,0.0196067622090507
2018-01-29 16:00:00,0.7245594744121714,0.0206502454744151,0.90258783,0.0,0.90258783,0.0,0.0206502454744151
2018-01-29 17:00:00,0.7992759336099584,0.0256418227251317,1.0064831,0.0,1.0064831,0.0,0.0256418227251317
2018-01-29 18:00:00,0.9025878284923928,0.0312415956028318,1.0198662,0.0,1.0198662,0.0,0.0312415956028318
2018-01-29 19:00:00,1.0064830567081606,0.0334271957426457,0.95327939,0.0,0.95327939,0.0,0.0334271957426457
2018-01-29 20:00:00,1.019866182572614,0.0320325425191913,0.83481189,0.0,0.83481189,0.0,0.0320325425191913
2018-01-29 21:00:00,0.9532793914246196,0.029559283500733,0.64990456,0.0,0.64990456,0.0,0.029559283500733
2018-01-29 22:00:00,0.8348118948824343,0.0278639184762456,0.47689315,0.0,0.47689315,0.0,0.0278639184762456
2018-01-29 23:00:00,0.6499045643153528,0.0253770739042253,0.42055602,0.0,0.42055602,0.0,0.0253770739042253
2018-01-30 00:00:00,0.4768931535269709,0.018644166250498,0.39530533,0.0,0.39530533,0.0,0.018644166250498
2018-01-30 01:00:00,0.4205560165975104,0.0131439331466059,0.38161584,0.0,0.38161584,0.0,0.0131439331466059
2018-01-30 02:00:00,0.3953053250345781,0.0100635887258824,0.38190387,0.0,0.38190387,0.0,0.0100635887258824
2018-01-30 03:00:00,0.3816158367911479,0.0089133440380752,0.39964523,0.0,0.39964523,0.0,0.0089133440380752
2018-01-30 04:00:00,0.3819038727524205,0.0099914829161416,0.44217842,0.0,0.44217842,0.0,0.0099914829161416
2018-01-30 05:00:00,0.3996452282157676,0.0141162755639004,0.42959901,0.0,0.42959901,0.0,0.0141162755639004
2018-01-30 06:00:00,0.4421784232365146,0.0210591540351438,0.26910856,0.0,0.26910856,0.0,0.0210591540351438
2018-01-30 07:00:00,0.5474408713692945,0.0331046218530007,0.10297667,0.0,0.10297667,0.0,0.0331046218530007
2018-01-30 08:00:00,0.6449799446749652,0.0361220500810437,0.0,0.0,0.0,0.0097479374,0.0361220500810437
2018-01-30 09:00:00,0.7024266943291839,0.0318447070231613,0.0,0.0,0.0,0.0,0.0318447070231613
2018-01-30 10:00:00,0.7500912863070538,0.0278571291581085,0.0,0.0,0.0,0.0,0.0278571291581085
2018-01-30 11:00:00,0.7268973029045643,0.0266564885688362,0.0,0.0,0.0,0.01333499,0.0266564885688362
2018-01-30 12:00:00,0.7211742738589211,0.0262837643414497,0.050123872,0.0,0.050123872,0.0,0.0262837643414497
2018-01-30 13:00:00,0.7249470954356845,0.025424623341693,0.25013455,0.0,0.25013455,0.0,0.025424623341693
2018-01-30 14:00:00,0.6842420470262793,0.0228775464847225,0.2682241,0.0,0.2682241,0.0,0.0228775464847225
2018-01-30 15:00:00,0.675082987551867,0.0204062796451983,0.79896577,0.0,0.79896577,0.0,0.0204062796451983
2018-01-30 16:00:00,0.7161213692946057,0.0209065171589211,0.89384371,0.0,0.89384371,0.0,0.0209065171589211
2018-01-30 17:00:00,0.7989657676348547,0.0253578473023283,1.0051864,0.0,1.0051864,0.0,0.0253578473023283
2018-01-30 18:00:00,0.8938437067773167,0.0309406174862121,1.0363887,0.0,1.0363887,0.0,0.0309406174862121
2018-01-30 19:00:00,1.005186376210235,0.0337860369730877,0.9463527,0.0,0.9463527,0.0,0.0337860369730877
2018-01-30 20:00:00,1.0363886583679114,0.0326273566526075,0.82427801,0.0,0.82427801,0.0,0.0326273566526075
2018-01-30 21:00:00,0.9463526970954356,0.0295509896724638,0.64319502,0.0,0.64319502,0.0,0.0295509896724638
2018-01-30 22:00:00,0.8242780082987552,0.0288467647953139,0.47813001,0.0,0.47813001,0.0,0.0288467647953139
2018-01-30 23:00:00,0.6431950207468881,0.0267338688106502,0.41826245,0.0,0.41826245,0.0,0.0267338688106502
2018-01-31 00:00:00,0.4781300138312587,0.0240804939895307,0.40183783,0.0,0.40183783,0.0,0.0240804939895307
2018-01-31 01:00:00,0.4182624481327801,0.0214777329644467,0.38201452,0.0,0.38201452,0.0,0.0214777329644467
2018-01-31 02:00:00,0.4018378284923927,0.0203585399823118,0.38241355,0.0,0.38241355,0.0,0.0203585399823118
2018-01-31 03:00:00,0.3820145228215768,0.0225887497122081,0.39856535,0.0,0.39856535,0.0,0.0225887497122081
2018-01-31 04:00:00,0.3824135546334716,0.0290126655712089,0.43563624,0.0,0.43563624,0.0,0.0290126655712089
2018-01-31 05:00:00,0.3985653526970955,0.0395580710729655,0.42660399,0.0,0.42660399,0.0,0.0395580710729655
2018-01-31 06:00:00,0.4356362378976486,0.055104506299442,0.28330316,0.0,0.28330316,0.0,0.055104506299442
2018-01-31 07:00:00,0.5457883817427386,0.0741801833490929,0.11867676,0.0,0.11867676,0.0,0.0741801833490929
2018-01-31 08:00:00,0.6553813969571229,0.0787659682773086,0.0,0.0,0.0,0.0,0.0787659682773086
2018-01-31 09:00:00,0.713255878284924,0.0567062907937029,0.0,0.0,0.0,0.0,0.0567062907937029
2018-01-31 10:00:00,0.75111652835408,0.0356670654651838,0.0,0.0,0.0,0.0,0.0356670654651838
2018-01-31 11:00:00,0.7696414246196405,0.028301647917278,0.0,0.0,0.0,0.0,0.028301647917278
2018-01-31 12:00:00,0.7497914937759335,0.0269221297198901,0.061802178,0.0,0.061802178,0.0,0.0269221297198901
2018-01-31 13:00:00,0.7386438450899031,0.0248376084504565,0.32939114,0.0,0.32939114,0.0,0.0248376084504565
2018-01-31 14:00:00,0.7005044951590593,0.0223562907915197,0.28134771,0.0,0.28134771,0.0,0.0223562907915197
2018-01-31 15:00:00,0.686216804979253,0.0213407879559714,0.80099896,0.0,0.80099896,0.0,0.0213407879559714
2018-01-31 16:00:00,0.7245145228215767,0.0218356472783018,0.92477351,0.0,0.92477351,0.0,0.0218356472783018
2018-01-31 17:00:00,0.8009989626556016,0.0265816365957737,1.01999,0.0,1.01999,0.0,0.0265816365957737
2018-01-31 18:00:00,0.9247735131396958,0.0314483983024601,1.0352974,0.0,1.0352974,0.0,0.0314483983024601
2018-01-31 19:00:00,1.0199899723374828,0.0338029082384329,0.94039212,0.0,0.94039212,0.0,0.0338029082384329
2018-01-31 20:00:00,1.0352973720608576,0.0312888406796286,0.818176,0.0,0.818176,0.0,0.0312888406796286
2018-01-31 21:00:00,0.9403921161825723,0.0305968939886158,0.63651971,0.0,0.63651971,0.0,0.0305968939886158
2018-01-31 22:00:00,0.8181760027662518,0.0289311245806841,0.46986757,0.0,0.46986757,0.0,0.0289311245806841
2018-01-31 23:00:00,0.6365197095435685,0.0274845847802087,0.41408472,0.0,0.41408472,0.0,0.0274845847802087
2018-02-01 00:00:00,0.4698675656984785,0.0245734372230952,0.39896957,0.0,0.39896957,0.0,0.0245734372230952
2018-02-01 01:00:00,0.4140847164591978,0.021677511158147,0.38369329,0.0,0.38369329,0.0,0.021677511158147
2018-02-01 02:00:00,0.3989695712309821,0.0222006725641842,0.3821639,0.0,0.3821639,0.0,0.0222006725641842
2018-02-01 03:00:00,0.3836932918395574,0.0258038117746824,0.39968119,0.0,0.39968119,0.0,0.0258038117746824
2018-02-01 04:00:00,0.3821639004149377,0.0320704630918121,0.44048755,0.0,0.44048755,0.0,0.0320704630918121
2018-02-01 05:00:00,0.3996811894882434,0.0449448710301728,0.41534502,0.0,0.41534502,0.0,0.0449448710301728
2018-02-01 06:00:00,0.44048755186722,0.059977182287338,0.27239506,0.0,0.27239506,0.0,0.059977182287338
2018-02-01 07:00:00,0.5406981327800829,0.0755681095100017,0.10746986,0.0,0.10746986,0.0,0.0755681095100017
2018-02-01 08:00:00,0.653384508990318,0.0787598776052562,0.0,0.0,0.0,0.0,0.0787598776052562
2018-02-01 09:00:00,0.7081369294605808,0.0568596193987221,0.0,0.0,0.0,0.0,0.0568596193987221
2018-02-01 10:00:00,0.7541815352697095,0.0352500152565211,0.0,0.0,0.0,0.0,0.0352500152565211
2018-02-01 11:00:00,0.7459242738589211,0.0284453684093146,0.0,0.0,0.0,0.0,0.0284453684093146
2018-02-01 12:00:00,0.7214834024896265,0.0255071154593125,0.06612421,0.0,0.06612421,0.0,0.0255071154593125
2018-02-01 13:00:00,0.7306307053941908,0.0255443788895769,0.27748414,0.0,0.27748414,0.0,0.0255443788895769
2018-02-01 14:00:00,0.6968654910096819,0.0229131290140116,0.26000176,0.0,0.26000176,0.0,0.0229131290140116
2018-02-01 15:00:00,0.6686165283540801,0.0199501640527564,0.79261376,0.0,0.79261376,0.0,0.0199501640527564
2018-02-01 16:00:00,0.7120110650069156,0.0210804385302105,0.89455844,0.0,0.89455844,0.0,0.0210804385302105
2018-02-01 17:00:00,0.7926137621023513,0.0249658930144007,0.98883783,0.0,0.98883783,0.0,0.0249658930144007
2018-02-01 18:00:00,0.8945584370677732,0.0308904533138939,1.0314786,0.0,1.0314786,0.0,0.0308904533138939
2018-02-01 19:00:00,0.9888378284923928,0.0336683566115931,0.98921438,0.0,0.98921438,0.0,0.0336683566115931
2018-02-01 20:00:00,1.0314785615491011,0.0327249526684976,0.85270401,0.0,0.85270401,0.0,0.0327249526684976
2018-02-01 21:00:00,0.9892143845089902,0.0299300051732542,0.65653492,0.0,0.65653492,0.0,0.0299300051732542
2018-02-01 22:00:00,0.8527040110650069,0.0287164638419283,0.46182953,0.0,0.46182953,0.0,0.0287164638419283
2018-02-01 23:00:00,0.6565349239280773,0.0271796223057213,0.41222614,0.0,0.41222614,0.0,0.0271796223057213
2018-02-02 00:00:00,0.4618295297372061,0.0227344589245343,0.39932746,0.0,0.39932746,0.0,0.0227344589245343
2018-02-02 01:00:00,0.4122261410788382,0.0203814189122539,0.38434578,0.0,0.38434578,0.0,0.0203814189122539
2018-02-02 02:00:00,0.3993274550484094,0.0198078512288205,0.38274239,0.0,0.38274239,0.0,0.0198078512288205
2018-02-02 03:00:00,0.3843457814661135,0.0235528086771652,0.40207918,0.0,0.40207918,0.0,0.0235528086771652
2018-02-02 04:00:00,0.3827423928077455,0.0297626275563791,0.43745263,0.0,0.43745263,0.0,0.0297626275563791
2018-02-02 05:00:00,0.40207918395574,0.0401802292457051,0.41061534,0.0,0.41061534,0.0,0.0401802292457051
2018-02-02 06:00:00,0.4374526279391425,0.0542183117864562,0.24600265,0.0,0.24600265,0.0,0.0542183117864562
2018-02-02 07:00:00,0.5414477869986168,0.0719944275703,0.10070663,0.0,0.10070663,0.0,0.0719944275703
2018-02-02 08:00:00,0.6358616874135545,0.0708583252777358,0.0,0.0,0.0,0.020266287,0.0708583252777358
2018-02-02 09:00:00,0.7132731673582295,0.0518022379876003,0.0,0.0,0.0,0.0038075458,0.0518022379876003
2018-02-02 10:00:00,0.7487043568464731,0.0337343198696213,0.0,0.0,0.0,0.0,0.0337343198696213
2018-02-02 11:00:00,0.748615836791148,0.0275626083298033,0.0,0.0,0.0,0.0,0.0275626083298033
2018-02-02 12:00:00,0.7286078838174272,0.0262958799713194,0.051980193,0.0,0.051980193,0.0,0.0262958799713194
2018-02-02 13:00:00,0.7278091286307052,0.0247623206882515,0.2425696,0.0,0.2425696,0.0,0.0247623206882515
2018-02-02 14:00:00,0.6996756569847855,0.0225930903104055,0.24248983,0.0,0.24248983,0.0,0.0225930903104055
2018-02-02 15:00:00,0.683963347164592,0.0200696740369176,0.78472026,0.0,0.78472026,0.0,0.0200696740369176
2018-02-02 16:00:00,0.7082475795297372,0.0205786653785594,0.88255844,0.0,0.88255844,0.0,0.0205786653785594
2018-02-02 17:00:00,0.7847202627939144,0.0249508167852821,0.98608402,0.0,0.98608402,0.0,0.0249508167852821
2018-02-02 18:00:00,0.8825584370677733,0.0307125372088051,1.0466428,0.0,1.0466428,0.0,0.0307125372088051
2018-02-02 19:00:00,0.9860840248962656,0.0339493921870114,1.0003527,0.0,1.0003527,0.0,0.0339493921870114
2018-02-02 20:00:00,1.046642807745505,0.032767058200337,0.85833402,0.0,0.85833402,0.0,0.032767058200337
2018-02-02 21:00:00,1.0003526970954355,0.0302100861629336,0.66304219,0.0,0.66304219,0.0,0.0302100861629336
2018-02-02 22:00:00,0.8583340248962656,0.0289722824440724,0.48563693,0.0,0.48563693,0.0,0.0289722824440724
2018-02-02 23:00:00,0.6630421853388658,0.0265593663871719,0.42491425,0.0,0.42491425,0.0,0.0265593663871719
2018-02-03 00:00:00,0.4856369294605809,0.0213956558841049,0.39732711,0.0,0.39732711,0.0,0.0213956558841049
2018-02-03 01:00:00,0.4249142461964039,0.018296935687904,0.38763036,0.0,0.38763036,0.0,0.018296935687904
2018-02-03 02:00:00,0.3973271092669433,0.0177123280128793,0.38651763,0.0,0.38651763,0.0,0.0177123280128793
2018-02-03 03:00:00,0.3876303596127248,0.0201768712485021,0.3972213,0.0,0.3972213,0.0,0.0201768712485021
2018-02-03 04:00:00,0.3865176348547717,0.0253816981112299,0.42285443,0.0,0.42285443,0.0,0.0253816981112299
2018-02-03 05:00:00,0.3972213001383126,0.03406434021976,0.33587097,0.0,0.33587097,0.0,0.03406434021976
2018-02-03 06:00:00,0.4228544260027663,0.0449416129875417,0.16813179,0.0,0.16813179,0.0,0.0449416129875417
2018-02-03 07:00:00,0.4720452973720608,0.0577235679136142,0.087024011,0.0,0.087024011,0.0,0.0577235679136142
2018-02-03 08:00:00,0.5641611341632088,0.0667932599529056,0.034931236,0.0,0.034931236,0.0,0.0667932599529056
2018-02-03 09:00:00,0.7025162517289072,0.0568295499479407,0.0,0.0,0.0,0.0,0.0568295499479407
2018-02-03 10:00:00,0.8042147302904565,0.037279672056465,0.0,0.0,0.0,0.0,0.037279672056465
2018-02-03 11:00:00,0.8255819502074689,0.0291882885953372,0.00035880533,0.0,0.00035880533,0.0,0.0291882885953372
2018-02-03 12:00:00,0.8004277316735823,0.0283550839668031,0.10208513,0.0,0.10208513,0.0,0.0283550839668031
2018-02-03 13:00:00,0.7930487551867219,0.0281979716052674,0.50383068,0.0,0.50383068,0.0,0.0281979716052674
2018-02-03 14:00:00,0.7544674965421853,0.026746195417803,0.36858591,0.0,0.36858591,0.0,0.026746195417803
2018-02-03 15:00:00,0.7452849239280774,0.024316086441667,0.84071127,0.0,0.84071127,0.0,0.024316086441667
2018-02-03 16:00:00,0.7790165975103733,0.0241570164876371,0.95508022,0.0,0.95508022,0.0,0.0241570164876371
2018-02-03 17:00:00,0.8407112724757954,0.0262025069597317,0.99483748,0.0,0.99483748,0.0,0.0262025069597317
2018-02-03 18:00:00,0.9550802213001384,0.0320412859711783,1.0315256,0.0,1.0315256,0.0,0.0320412859711783
2018-02-03 19:00:00,0.9948374827109268,0.0342600372135615,1.0213237,0.0,1.0213237,0.0,0.0342600372135615
2018-02-03 20:00:00,1.0315255878284924,0.0324009503588882,0.87858022,0.0,0.87858022,0.0,0.0324009503588882
2018-02-03 21:00:00,1.021323651452282,0.0307903255706088,0.67540629,0.0,0.67540629,0.0,0.0307903255706088
2018-02-03 22:00:00,0.8785802213001384,0.0292636351544898,0.47853043,0.0,0.47853043,0.0,0.0292636351544898
2018-02-03 23:00:00,0.6754062932226832,0.0275770377924973,0.42094398,0.0,0.42094398,0.0,0.0275770377924973
2018-02-04 00:00:00,0.4785304287690181,0.0243647979835122,0.39991286,0.0,0.39991286,0.0,0.0243647979835122
2018-02-04 01:00:00,0.4209439834024897,0.0213328987890478,0.38305878,0.0,0.38305878,0.0,0.0213328987890478
2018-02-04 02:00:00,0.3999128630705394,0.0212594268149339,0.38491113,0.0,0.38491113,0.0,0.0212594268149339
2018-02-04 03:00:00,0.3830587828492394,0.0251255751484151,0.39794502,0.0,0.39794502,0.0,0.0251255751484151
2018-02-04 04:00:00,0.3849111341632089,0.0305724725034576,0.41814799,0.0,0.41814799,0.0,0.0305724725034576
2018-02-04 05:00:00,0.397945020746888,0.0398606367071733,0.45972959,0.0,0.45972959,0.0,0.0398606367071733
2018-02-04 06:00:00,0.4181479944674966,0.052093109946504,0.49506251,0.0,0.49506251,0.0,0.052093109946504
2018-02-04 07:00:00,0.4705819502074689,0.0675838679221551,0.57862587,0.0,0.57862587,0.0,0.0675838679221551
2018-02-04 08:00:00,0.5677427385892115,0.0746514547194649,0.63205451,0.0,0.63205451,0.0,0.0746514547194649
2018-02-04 09:00:00,0.7187624481327801,0.0618240255423142,0.55022041,0.0,0.55022041,0.0,0.0618240255423142
2018-02-04 10:00:00,0.8188461272475797,0.0394204862153532,0.79267082,0.0,0.79267082,0.0,0.0394204862153532
2018-02-04 11:00:00,0.8245176348547717,0.0306764912212224,0.76871252,0.0,0.76871252,0.0,0.0306764912212224
2018-02-04 12:00:00,0.79267081604426,0.0288082112908443,0.76296404,0.0,0.76296404,0.0,0.0288082112908443
2018-02-04 13:00:00,0.7998101659751036,0.0287805801840706,0.74592882,0.0,0.74592882,0.0,0.0287805801840706
2018-02-04 14:00:00,0.762964038727524,0.0275009649181086,0.78083434,0.0,0.78083434,0.0,0.0275009649181086
2018-02-04 15:00:00,0.7636116874135547,0.0242903956341671,0.57322668,0.0,0.57322668,0.0,0.0242903956341671
2018-02-04 16:00:00,0.7849190871369293,0.0242712866261656,0.94089488,0.0,0.94089488,0.0,0.0242712866261656
2018-02-04 17:00:00,0.8488156984785616,0.0265147671730215,0.99766183,0.0,0.99766183,0.0,0.0265147671730215
2018-02-04 18:00:00,0.9408948824343014,0.0317293647049988,1.0449381,0.0,1.0449381,0.0,0.0317293647049988
2018-02-04 19:00:00,0.9976618257261408,0.0343967816206862,1.0106452,0.0,1.0106452,0.0,0.0343967816206862
2018-02-04 20:00:00,1.044938105117566,0.0330465235513877,0.87738485,0.0,0.87738485,0.0,0.0330465235513877
2018-02-04 21:00:00,1.0106452282157676,0.0304979145151332,0.70173098,0.0,0.70173098,0.0,0.0304979145151332
2018-02-04 22:00:00,0.8773848547717843,0.0283166515148727,0.48874066,0.0,0.48874066,0.0,0.0283166515148727
2018-02-04 23:00:00,0.7017309820193638,0.0263579211270721,0.4191601,0.0,0.4191601,0.0,0.0263579211270721
2018-02-05 00:00:00,0.488740663900415,0.0239706647498757,0.40750692,0.0,0.40750692,0.0,0.0239706647498757
2018-02-05 01:00:00,0.4191600968188106,0.020484676728343,0.38652351,0.0,0.38652351,0.0,0.020484676728343
2018-02-05 02:00:00,0.4075069156293223,0.0207061544543876,0.38351107,0.0,0.38351107,0.0,0.0207061544543876
2018-02-05 03:00:00,0.3865235131396958,0.0243941411190575,0.39923582,0.0,0.39923582,0.0,0.0243941411190575
2018-02-05 04:00:00,0.3835110650069156,0.0297657022908793,0.44461826,0.0,0.44461826,0.0,0.0297657022908793
2018-02-05 05:00:00,0.3992358229598893,0.0392099793080199,0.543999,0.0,0.543999,0.0,0.0392099793080199
2018-02-05 06:00:00,0.4446182572614108,0.0523473168205524,0.63069017,0.0,0.63069017,0.0,0.0523473168205524
2018-02-05 07:00:00,0.5453565006915628,0.0717275689765649,0.49419295,0.0,0.49419295,0.0,0.0717275689765649
2018-02-05 08:00:00,0.6415425311203319,0.0749082106141283,0.097077117,0.0,0.097077117,0.0,0.0749082106141283
2018-02-05 09:00:00,0.7006815352697096,0.0570193568710407,0.40689332,0.0,0.40689332,0.0,0.0570193568710407
2018-02-05 10:00:00,0.7387278699861688,0.0362581338871674,0.38421862,0.0,0.38421862,0.0,0.0362581338871674
2018-02-05 11:00:00,0.7460072614107883,0.0288264279686987,0.53337732,0.0,0.53337732,0.0,0.0288264279686987
2018-02-05 12:00:00,0.7296995159059473,0.0256573382020358,0.66119715,0.0,0.66119715,0.0,0.0256573382020358
2018-02-05 13:00:00,0.7189495159059474,0.0248426753638904,0.6583051,0.0,0.6583051,0.0,0.0248426753638904
2018-02-05 14:00:00,0.6889827109266942,0.0223008141420451,0.40496779,0.0,0.40496779,0.0,0.0223008141420451
2018-02-05 15:00:00,0.6798530428769018,0.0202356163165401,0.78449412,0.0,0.78449412,0.0,0.0202356163165401
2018-02-05 16:00:00,0.7156500691562931,0.021508615196564,0.89742254,0.0,0.89742254,0.0,0.021508615196564
2018-02-05 17:00:00,0.7844941217150762,0.0257306303266629,1.0027465,0.0,1.0027465,0.0,0.0257306303266629
2018-02-05 18:00:00,0.8974225449515906,0.0323659903855161,1.0397974,0.0,1.0397974,0.0,0.0323659903855161
2018-02-05 19:00:00,1.002746542185339,0.0348396194788801,0.98186826,0.0,0.98186826,0.0,0.0348396194788801
2018-02-05 20:00:00,1.0397973720608575,0.0329053901250493,0.87228769,0.0,0.87228769,0.0,0.0329053901250493
2018-02-05 21:00:00,0.9818682572614106,0.032597882088591,0.67066183,0.0,0.67066183,0.0,0.032597882088591
2018-02-05 22:00:00,0.8722876901798063,0.0342137467225036,0.47552351,0.0,0.47552351,0.0,0.0342137467225036
2018-02-05 23:00:00,0.670661825726141,0.0356693481702121,0.41205636,0.0,0.41205636,0.0,0.0356693481702121
2018-02-06 00:00:00,0.4755235131396958,0.03474438571683,0.39659786,0.0,0.39659786,0.0,0.03474438571683
2018-02-06 01:00:00,0.4120563623789766,0.0331108162843728,0.38499793,0.0,0.38499793,0.0,0.0331108162843728
2018-02-06 02:00:00,0.3965978561549101,0.0327246483078274,0.38252351,0.0,0.38252351,0.0,0.0327246483078274
2018-02-06 03:00:00,0.3849979253112034,0.0361619455393785,0.39738451,0.0,0.39738451,0.0,0.0361619455393785
2018-02-06 04:00:00,0.3825235131396957,0.0418397350493852,0.43804772,0.0,0.43804772,0.0,0.0418397350493852
2018-02-06 05:00:00,0.3973845089903181,0.0513359332299867,0.42414573,0.0,0.42414573,0.0,0.0513359332299867
2018-02-06 06:00:00,0.4380477178423236,0.0620665767861429,0.45921828,0.0,0.45921828,0.0,0.0620665767861429
2018-02-06 07:00:00,0.5425636237897649,0.0772265673445551,0.40872539,0.0,0.40872539,0.0,0.0772265673445551
2018-02-06 08:00:00,0.6486396957123097,0.0842744398711663,0.16274525,0.0,0.16274525,0.0,0.0842744398711663
2018-02-06 09:00:00,0.7130646611341631,0.0822091728727816,0.10986669,0.0,0.10986669,0.0,0.0822091728727816
2018-02-06 10:00:00,0.7463488934993084,0.0610016672213083,0.028950475,0.0,0.028950475,0.0,0.0610016672213083
2018-02-06 11:00:00,0.7375141770401106,0.0402572117434611,0.11625638,0.0,0.11625638,0.0,0.0402572117434611
2018-02-06 12:00:00,0.7296158367911479,0.0294793300277964,0.065675125,0.0,0.065675125,0.0,0.0294793300277964
2018-02-06 13:00:00,0.7402845781466113,0.0263609924029283,0.52458458,0.0,0.52458458,0.0,0.0263609924029283
2018-02-06 14:00:00,0.6933226141078838,0.0224646086037546,0.24960835,0.0,0.24960835,0.0,0.0224646086037546
2018-02-06 15:00:00,0.662634163208852,0.0204728550832117,0.79005118,0.0,0.79005118,0.0,0.0204728550832117
2018-02-06 16:00:00,0.6988236514522821,0.0218387565992418,0.9014713,0.0,0.9014713,0.0,0.0218387565992418
2018-02-06 17:00:00,0.7900511756569849,0.0253142960573044,0.97301072,0.0,0.97301072,0.0,0.0253142960573044
2018-02-06 18:00:00,0.9014713001383126,0.0314328413218279,1.0264243,0.0,1.0264243,0.0,0.0314328413218279
2018-02-06 19:00:00,0.9730107192254496,0.0344788275732321,0.98393396,0.0,0.98393396,0.0,0.0344788275732321
2018-02-06 20:00:00,1.026424273858921,0.0333849172786068,0.85194882,0.0,0.85194882,0.0,0.0333849172786068
2018-02-06 21:00:00,0.9839339557399722,0.0316314643284381,0.64988555,0.0,0.64988555,0.0,0.0316314643284381
2018-02-06 22:00:00,0.8519488243430152,0.0331616825614188,0.46971992,0.0,0.46971992,0.0,0.0331616825614188
2018-02-06 23:00:00,0.6498855463347164,0.0333250343166988,0.41131674,0.0,0.41131674,0.0,0.0333250343166988
2018-02-07 00:00:00,0.4697199170124482,0.0315491278497977,0.39197649,0.0,0.39197649,0.0,0.0315491278497977
2018-02-07 01:00:00,0.4113167358229599,0.0300096784960284,0.38400934,0.0,0.38400934,0.0,0.0300096784960284
2018-02-07 02:00:00,0.3919764868603043,0.0314158317107235,0.38343119,0.0,0.38343119,0.0,0.0314158317107235
2018-02-07 03:00:00,0.3840093360995851,0.0364532740392879,0.39720228,0.0,0.39720228,0.0,0.0364532740392879
2018-02-07 04:00:00,0.3834311894882435,0.045218999693559,0.43675519,0.0,0.43675519,0.0,0.045218999693559
2018-02-07 05:00:00,0.3972022821576764,0.0576530115763771,0.41204792,0.0,0.41204792,0.0,0.0576530115763771
2018-02-07 06:00:00,0.4367551867219917,0.0736377054164154,0.5169054,0.0,0.5169054,0.0,0.0736377054164154
2018-02-07 07:00:00,0.5411265560165975,0.0924617591990726,0.35598743,0.0,0.35598743,0.0,0.0924617591990726
2018-02-07 08:00:00,0.6425017289073305,0.0918758026528946,0.36794324,0.0,0.36794324,0.0,0.0918758026528946
2018-02-07 09:00:00,0.721841286307054,0.064130757770317,0.28313152,0.0,0.28313152,0.0,0.064130757770317
2018-02-07 10:00:00,0.7526884508990318,0.0364876045394555,0.49280767,0.0,0.49280767,0.0,0.0364876045394555
2018-02-07 11:00:00,0.7624719917012448,0.0280064284428884,0.6098178,0.0,0.6098178,0.0,0.0280064284428884
2018-02-07 12:00:00,0.7334937759336099,0.0269252217476101,0.69801798,0.0,0.69801798,0.0,0.0269252217476101
2018-02-07 13:00:00,0.7311642461964037,0.0252398556628753,0.67596266,0.0,0.67596266,0.0,0.0252398556628753
2018-02-07 14:00:00,0.6980179806362378,0.0223318450958535,0.37170667,0.0,0.37170667,0.0,0.0223318450958535
2018-02-07 15:00:00,0.6759626556016598,0.0193777826842085,0.80131535,0.0,0.80131535,0.0,0.0193777826842085
2018-02-07 16:00:00,0.711521438450899,0.0213417598349301,0.90482988,0.0,0.90482988,0.0,0.0213417598349301
2018-02-07 17:00:00,0.8013153526970954,0.0250939354732659,0.98541667,0.0,0.98541667,0.0,0.0250939354732659
2018-02-07 18:00:00,0.9048298755186722,0.0308038869136632,1.0218551,0.0,1.0218551,0.0,0.0308038869136632
2018-02-07 19:00:00,0.9854166666666664,0.034000230794906,0.97800035,0.0,0.97800035,0.0,0.034000230794906
2018-02-07 20:00:00,1.0218551175656987,0.0324846530019016,0.84582676,0.0,0.84582676,0.0,0.0324846530019016
2018-02-07 21:00:00,0.978000345781466,0.0297429755412721,0.67030014,0.0,0.67030014,0.0,0.0297429755412721
2018-02-07 22:00:00,0.8458267634854773,0.0290700825199572,0.47293154,0.0,0.47293154,0.0,0.0290700825199572
2018-02-07 23:00:00,0.6703001383125864,0.0283413946539215,0.41223375,0.0,0.41223375,0.0,0.0283413946539215
2018-02-08 00:00:00,0.4729315352697096,0.0251860668316636,0.39232573,0.0,0.39232573,0.0,0.0251860668316636
2018-02-08 01:00:00,0.4122337482710927,0.0228781240782674,0.38054322,0.0,0.38054322,0.0,0.0228781240782674
2018-02-08 02:00:00,0.3923257261410788,0.0224645705586706,0.38261134,0.0,0.38261134,0.0,0.0224645705586706
2018-02-08 03:00:00,0.3805432226832642,0.0272124067920286,0.39866079,0.0,0.39866079,0.0,0.0272124067920286
2018-02-08 04:00:00,0.3826113416320886,0.0330432828019763,0.4463036,0.0,0.4463036,0.0,0.0330432828019763
2018-02-08 05:00:00,0.3986607883817428,0.0437823308630089,0.5035413,0.0,0.5035413,0.0,0.0437823308630089
2018-02-08 06:00:00,0.4463035961272475,0.05976215493232,0.49568866,0.0,0.49568866,0.0,0.05976215493232
2018-02-08 07:00:00,0.541326417704011,0.0753640702669154,0.66443537,0.0,0.66443537,0.0,0.0753640702669154
2018-02-08 08:00:00,0.6432589903181188,0.0712364726588869,0.40386349,0.0,0.40386349,0.0,0.0712364726588869
2018-02-08 09:00:00,0.7295656984785615,0.0469941037550562,0.4668791,0.0,0.4668791,0.0,0.0469941037550562
2018-02-08 10:00:00,0.7597347856154911,0.0313153615616841,0.60166208,0.0,0.60166208,0.0,0.0313153615616841
2018-02-08 11:00:00,0.7446562932226833,0.0275489881898017,0.3776449,0.0,0.3776449,0.0,0.0275489881898017
2018-02-08 12:00:00,0.747298755186722,0.0263777702848861,0.68709613,0.0,0.68709613,0.0,0.0263777702848861
2018-02-08 13:00:00,0.7268858921161824,0.0239452160474548,0.64794391,0.0,0.64794391,0.0,0.0239452160474548
2018-02-08 14:00:00,0.6870961272475795,0.0221782432579595,0.40559097,0.0,0.40559097,0.0,0.0221782432579595
2018-02-08 15:00:00,0.6837952973720608,0.0201024308540731,0.77370539,0.0,0.77370539,0.0,0.0201024308540731
2018-02-08 16:00:00,0.7119329183955739,0.0209754686853505,0.8847417,0.0,0.8847417,0.0,0.0209754686853505
2018-02-08 17:00:00,0.7737053941908713,0.0240749705350914,0.98453631,0.0,0.98453631,0.0,0.0240749705350914
2018-02-08 18:00:00,0.8847417012448133,0.031008832321473,1.0392604,0.0,1.0392604,0.0,0.031008832321473
2018-02-08 19:00:00,0.984536307053942,0.0336729427735134,0.98968188,0.0,0.98968188,0.0,0.0336729427735134
2018-02-08 20:00:00,1.0392603734439834,0.0302931904605383,0.85193914,0.0,0.85193914,0.0,0.0302931904605383
2018-02-08 21:00:00,0.9896818810511756,0.0291338114939737,0.65062863,0.0,0.65062863,0.0,0.0291338114939737
2018-02-08 22:00:00,0.851939142461964,0.0287495181024661,0.47770643,0.0,0.47770643,0.0,0.0287495181024661
2018-02-08 23:00:00,0.6506286307053941,0.0257328819038951,0.4143897,0.0,0.4143897,0.0,0.0257328819038951
2018-02-09 00:00:00,0.4777064315352698,0.0229316708043999,0.39194986,0.0,0.39194986,0.0,0.0229316708043999
2018-02-09 01:00:00,0.4143896957123099,0.0188762516376361,0.38179184,0.0,0.38179184,0.0,0.0188762516376361
2018-02-09 02:00:00,0.3919498616874136,0.0186521384248771,0.38275692,0.0,0.38275692,0.0,0.0186521384248771
2018-02-09 03:00:00,0.3817918395573997,0.0207619631336845,0.40103043,0.0,0.40103043,0.0,0.0207619631336845
2018-02-09 04:00:00,0.3827569156293223,0.0239255605737038,0.43935685,0.0,0.43935685,0.0,0.0239255605737038
2018-02-09 05:00:00,0.401030428769018,0.0310602761920642,0.53730878,0.0,0.53730878,0.0,0.0310602761920642
2018-02-09 06:00:00,0.4393568464730291,0.0435388838303889,0.63329219,0.0,0.63329219,0.0,0.0435388838303889
2018-02-09 07:00:00,0.5373087828492392,0.0570214735611576,0.70733506,0.0,0.70733506,0.0,0.0570214735611576
2018-02-09 08:00:00,0.6332921853388658,0.0612540375554023,0.75221024,0.0,0.75221024,0.0,0.0612540375554023
2018-02-09 09:00:00,0.707335062240664,0.0513713082406368,0.74051902,0.0,0.74051902,0.0,0.0513713082406368
2018-02-09 10:00:00,0.752210235131397,0.0359696380166795,0.73327178,0.0,0.73327178,0.0,0.0359696380166795
2018-02-09 11:00:00,0.7405190179806362,0.0289557708777014,0.73350484,0.0,0.73350484,0.0,0.0289557708777014
2018-02-09 12:00:00,0.7332717842323652,0.0269109790516913,0.68787725,0.0,0.68787725,0.0,0.0269109790516913
2018-02-09 13:00:00,0.7335048409405254,0.0265051590600387,0.67484267,0.0,0.67484267,0.0,0.0265051590600387
2018-02-09 14:00:00,0.6878772475795296,0.0234375839528978,0.70685951,0.0,0.70685951,0.0,0.0234375839528978
2018-02-09 15:00:00,0.6748426694329184,0.0199800640299826,0.50723506,0.0,0.50723506,0.0,0.0199800640299826
2018-02-09 16:00:00,0.7109311894882433,0.0210498814106277,0.88136203,0.0,0.88136203,0.0,0.0210498814106277
2018-02-09 17:00:00,0.7791777316735823,0.0245413237137205,0.97832607,0.0,0.97832607,0.0,0.0245413237137205
2018-02-09 18:00:00,0.8813620331950207,0.0312684381387777,1.0235664,0.0,1.0235664,0.0,0.0312684381387777
2018-02-09 19:00:00,0.978326071922545,0.0335771660043582,0.97376452,0.0,0.97376452,0.0,0.0335771660043582
2018-02-09 20:00:00,1.0235663900414935,0.0325389295019144,0.85580982,0.0,0.85580982,0.0,0.0325389295019144
2018-02-09 21:00:00,0.9737645228215766,0.0304466919977563,0.67890975,0.0,0.67890975,0.0,0.0304466919977563
2018-02-09 22:00:00,0.8558098201936376,0.0301150426263024,0.47657953,0.0,0.47657953,0.0,0.0301150426263024
2018-02-09 23:00:00,0.6789097510373444,0.0302291605844953,0.42033402,0.0,0.42033402,0.0,0.0302291605844953
2018-02-10 00:00:00,0.4765795297372062,0.027221700168409,0.39454357,0.0,0.39454357,0.0,0.027221700168409
2018-02-10 01:00:00,0.4203340248962656,0.0243933802173812,0.38497026,0.0,0.38497026,0.0,0.0243933802173812
2018-02-10 02:00:00,0.3945435684647303,0.0235882839884907,0.38622925,0.0,0.38622925,0.0,0.0235882839884907
2018-02-10 03:00:00,0.3849702627939143,0.0259296026563154,0.39827109,0.0,0.39827109,0.0,0.0259296026563154
2018-02-10 04:00:00,0.3862292531120332,0.0291453391543663,0.42062206,0.0,0.42062206,0.0,0.0291453391543663
2018-02-10 05:00:00,0.3982710926694329,0.0346070083778566,0.31100413,0.0,0.31100413,0.0,0.0346070083778566
2018-02-10 06:00:00,0.420622060857538,0.0416332540036471,0.13012662,0.0,0.13012662,0.0,0.0416332540036471
2018-02-10 07:00:00,0.4759201244813278,0.0516983195705106,0.044702012,0.0,0.044702012,0.0,0.0516983195705106
2018-02-10 08:00:00,0.5689173582295988,0.0602333156260845,0.0,0.0,0.0,0.0,0.0602333156260845
2018-02-10 09:00:00,0.7136946749654218,0.0671853733384567,0.0,0.0,0.0,0.0,0.0671853733384567
2018-02-10 10:00:00,0.8147309820193638,0.0682948060272741,0.0,0.0,0.0,0.0,0.0682948060272741
2018-02-10 11:00:00,0.8125418395573997,0.0614260151687734,0.0,0.0,0.0,0.0,0.0614260151687734
2018-02-10 12:00:00,0.8137327109266943,0.0507394624061029,0.052389524,0.0,0.052389524,0.0,0.0507394624061029
2018-02-10 13:00:00,0.8033523513139695,0.0410933873471762,0.25847979,0.0,0.25847979,0.0,0.0410933873471762
2018-02-10 14:00:00,0.7603191562932226,0.032848104604772,0.26864171,0.0,0.26864171,0.0,0.032848104604772
2018-02-10 15:00:00,0.7518236514522822,0.0269279817455079,0.83812552,0.0,0.83812552,0.0,0.0269279817455079
2018-02-10 16:00:00,0.771835753803596,0.0250559111413254,0.92707607,0.0,0.92707607,0.0,0.0250559111413254
2018-02-10 17:00:00,0.8381255186721991,0.0268104086019768,0.98528734,0.0,0.98528734,0.0,0.0268104086019768
2018-02-10 18:00:00,0.9270760719225448,0.0318303640265669,1.0405584,0.0,1.0405584,0.0,0.0318303640265669
2018-02-10 19:00:00,0.9852873443983404,0.0369182575949002,1.005242,0.0,1.005242,0.0,0.0369182575949002
2018-02-10 20:00:00,1.0405584370677732,0.0352101509259821,0.88658472,0.0,0.88658472,0.0,0.0352101509259821
2018-02-10 21:00:00,1.0052420470262793,0.0355461339783458,0.69666321,0.0,0.69666321,0.0,0.0355461339783458
2018-02-10 22:00:00,0.8865847164591978,0.0364947950602942,0.49172337,0.0,0.49172337,0.0,0.0364947950602942
2018-02-10 23:00:00,0.6966632088520055,0.0391119924653601,0.42481639,0.0,0.42481639,0.0,0.0391119924653601
2018-02-11 00:00:00,0.4917233748271093,0.0391086133701894,0.39397199,0.0,0.39397199,0.0,0.0391086133701894
2018-02-11 01:00:00,0.4248163900414938,0.0383482927462921,0.38473963,0.0,0.38473963,0.0,0.0383482927462921
2018-02-11 02:00:00,0.3939719917012448,0.0396512711523542,0.38425968,0.0,0.38425968,0.0,0.0396512711523542
2018-02-11 03:00:00,0.3847396265560167,0.0457860028707145,0.39540387,0.0,0.39540387,0.0,0.0457860028707145
2018-02-11 04:00:00,0.3842596818810512,0.0547247195210436,0.41922199,0.0,0.41922199,0.0,0.0547247195210436
2018-02-11 05:00:00,0.3954038727524204,0.0672233700012453,0.40889942,0.0,0.40889942,0.0,0.0672233700012453
2018-02-11 06:00:00,0.4192219917012448,0.0817558864511173,0.404275,0.0,0.404275,0.0,0.0817558864511173
2018-02-11 07:00:00,0.4838762102351314,0.0989394673479287,0.083753551,0.0,0.083753551,0.0,0.0989394673479287
2018-02-11 08:00:00,0.5659287690179805,0.1037256910708454,0.050609521,0.0,0.050609521,0.0,0.1037256910708454
2018-02-11 09:00:00,0.7028343706777316,0.0801963492930991,0.050922364,0.0,0.050922364,0.0,0.0801963492930991
2018-02-11 10:00:00,0.8242811203319502,0.0493921026804612,0.0,0.0,0.0,0.0,0.0493921026804612
2018-02-11 11:00:00,0.8254899723374827,0.0337146713131585,0.0,0.0,0.0,0.0,0.0337146713131585
2018-02-11 12:00:00,0.7946037344398339,0.0293293563074397,0.066948353,0.0,0.066948353,0.0,0.0293293563074397
2018-02-11 13:00:00,0.7928565006915628,0.0292536673425331,0.36978409,0.0,0.36978409,0.0,0.0292536673425331
2018-02-11 14:00:00,0.7688461272475794,0.0266270624258357,0.32064275,0.0,0.32064275,0.0,0.0266270624258357
2018-02-11 15:00:00,0.7558523513139696,0.0251634542173084,0.85667911,0.0,0.85667911,0.0,0.0251634542173084
2018-02-11 16:00:00,0.7856531811894881,0.0252027686234541,0.92467289,0.0,0.92467289,0.0,0.0252027686234541
2018-02-11 17:00:00,0.8566791147994467,0.0262898550135023,0.98553112,0.0,0.98553112,0.0,0.0262898550135023
2018-02-11 18:00:00,0.9246728907330568,0.0323850959348739,1.0345685,0.0,1.0345685,0.0,0.0323850959348739
2018-02-11 19:00:00,0.98553112033195,0.0364955594206145,0.99322649,0.0,0.99322649,0.0,0.0364955594206145
2018-02-11 20:00:00,1.0345684647302906,0.034058145788388,0.87285304,0.0,0.87285304,0.0,0.034058145788388
2018-02-11 21:00:00,0.9932264868603042,0.0328227319925185,0.68827282,0.0,0.68827282,0.0,0.0328227319925185
2018-02-11 22:00:00,0.8728530428769018,0.0326846317969529,0.47906432,0.0,0.47906432,0.0,0.0326846317969529
2018-02-11 23:00:00,0.6882728215767635,0.0318797707558528,0.41594467,0.0,0.41594467,0.0,0.0318797707558528
2018-02-12 00:00:00,0.4790643153526972,0.0306556010115696,0.39434647,0.0,0.39434647,0.0,0.0306556010115696
2018-02-12 01:00:00,0.415944674965422,0.0275140870133771,0.38644986,0.0,0.38644986,0.0,0.0275140870133771
2018-02-12 02:00:00,0.3943464730290456,0.0263901314784784,0.38374066,0.0,0.38374066,0.0,0.0263901314784784
2018-02-12 03:00:00,0.3864498616874136,0.0305512053016106,0.40115906,0.0,0.40115906,0.0,0.0305512053016106
2018-02-12 04:00:00,0.383740663900415,0.0359312643616969,0.43564557,0.0,0.43564557,0.0,0.0359312643616969
2018-02-12 05:00:00,0.4011590594744122,0.045476571828202,0.36579739,0.0,0.36579739,0.0,0.045476571828202
2018-02-12 06:00:00,0.4356455739972338,0.0581695254686802,0.18486894,0.0,0.18486894,0.0,0.0581695254686802
2018-02-12 07:00:00,0.5445345781466112,0.0758381396802687,0.03485956,0.0,0.03485956,0.0,0.0758381396802687
2018-02-12 08:00:00,0.636558437067773,0.0790796084895472,0.0,0.0,0.0,0.061890705,0.0790796084895472
2018-02-12 09:00:00,0.7117800829875518,0.0682173324020725,0.0,0.0,0.0,0.15571905,0.0682173324020725
2018-02-12 10:00:00,0.7701251728907331,0.0554599546001378,0.0,0.0,0.0,0.0,0.0554599546001378
2018-02-12 11:00:00,0.7587838865836791,0.0441568535852665,0.0,0.0,0.0,0.011442964,0.0441568535852665
2018-02-12 12:00:00,0.7340024204702628,0.0341220857396869,0.0,0.0,0.0,0.011351571,0.0341220857396869
2018-02-12 13:00:00,0.7332337482710926,0.0279822767319608,0.18048202,0.0,0.18048202,0.0,0.0279822767319608
2018-02-12 14:00:00,0.6946172199170124,0.0243575037033539,0.1907451,0.0,0.1907451,0.0,0.0243575037033539
2018-02-12 15:00:00,0.6781040802213001,0.0213374434472405,0.78477905,0.0,0.78477905,0.0,0.0213374434472405
2018-02-12 16:00:00,0.7062385892116181,0.0223978809854058,0.88551107,0.0,0.88551107,0.0,0.0223978809854058
2018-02-12 17:00:00,0.7847790456431535,0.0262188144661076,0.98581501,0.0,0.98581501,0.0,0.0262188144661076
2018-02-12 18:00:00,0.8855110650069156,0.0321824263148042,1.0281826,0.0,1.0281826,0.0,0.0321824263148042
2018-02-12 19:00:00,0.9858150069156292,0.0358402605212372,0.98044502,0.0,0.98044502,0.0,0.0358402605212372
2018-02-12 20:00:00,1.0281825726141078,0.0367759655228279,0.84621058,0.0,0.84621058,0.0,0.0367759655228279
2018-02-12 21:00:00,0.9804450207468878,0.0400817132305158,0.65157365,0.0,0.65157365,0.0,0.0400817132305158
2018-02-12 22:00:00,0.846210580912863,0.0441286102985074,0.48352109,0.0,0.48352109,0.0,0.0441286102985074
2018-02-12 23:00:00,0.6515736514522821,0.0487672605999915,0.41310339,0.0,0.41310339,0.0,0.0487672605999915
2018-02-13 00:00:00,0.483521092669433,0.0500239312217755,0.3902334,0.0,0.3902334,0.0,0.0500239312217755
2018-02-13 01:00:00,0.413103388658368,0.0505153699452076,0.38086584,0.0,0.38086584,0.0,0.0505153699452076
2018-02-13 02:00:00,0.3902334024896265,0.051242601722127,0.38699274,0.0,0.38699274,0.0,0.051242601722127
2018-02-13 03:00:00,0.380865836791148,0.056043151148418,0.40478043,0.0,0.40478043,0.0,0.056043151148418
2018-02-13 04:00:00,0.3869927385892116,0.0622652032513971,0.44280325,0.0,0.44280325,0.0,0.0622652032513971
2018-02-13 05:00:00,0.404780428769018,0.0745433824709528,0.43473228,0.0,0.43473228,0.0,0.0745433824709528
2018-02-13 06:00:00,0.4428032503457815,0.08856475976127,0.1946737,0.0,0.1946737,0.0,0.08856475976127
2018-02-13 07:00:00,0.5377925311203319,0.1055995878390503,0.044170177,0.0,0.044170177,0.0,0.1055995878390503
2018-02-13 08:00:00,0.6343762102351314,0.1086810113566964,0.0,0.0,0.0,0.076933255,0.1086810113566964
2018-02-13 09:00:00,0.7081466113416321,0.0922357817772068,0.0,0.0,0.0,0.16458021,0.0922357817772068
2018-02-13 10:00:00,0.741277316735823,0.0648894286210346,0.0,0.0,0.0,0.0,0.0648894286210346
2018-02-13 11:00:00,0.7367375518672199,0.0433739791439613,0.0,0.0,0.0,0.013090996,0.0433739791439613
2018-02-13 12:00:00,0.7257555325034578,0.0323380307075638,0.0,0.0,0.0,0.0061551236,0.0323380307075638
2018-02-13 13:00:00,0.7217036652835408,0.0269324814413288,0.18999803,0.0,0.18999803,0.0,0.0269324814413288
2018-02-13 14:00:00,0.6906566390041493,0.0238150084774561,0.20450209,0.0,0.20450209,0.0,0.0238150084774561
2018-02-13 15:00:00,0.6795549792531119,0.0213832808559366,0.78749274,0.0,0.78749274,0.0,0.0213832808559366
2018-02-13 16:00:00,0.7143371369294604,0.0216533041089158,0.90503562,0.0,0.90503562,0.0,0.0216533041089158
2018-02-13 17:00:00,0.7874927385892118,0.0254278813843241,0.99413831,0.0,0.99413831,0.0,0.0254278813843241
2018-02-13 18:00:00,0.9050356154910096,0.0324607952757124,1.023221,0.0,1.023221,0.0,0.0324607952757124
2018-02-13 19:00:00,0.9941383125864454,0.0341158394286552,0.9797825,0.0,0.9797825,0.0,0.0341158394286552
2018-02-13 20:00:00,1.0232209543568465,0.0331841395367955,0.85906777,0.0,0.85906777,0.0,0.0331841395367955
2018-02-13 21:00:00,0.9797825034578146,0.0334728844296504,0.66091701,0.0,0.66091701,0.0,0.0334728844296504
2018-02-13 22:00:00,0.8590677731673583,0.034212678001513,0.46743188,0.0,0.46743188,0.0,0.034212678001513
2018-02-13 23:00:00,0.6609170124481327,0.0355025688987461,0.41229737,0.0,0.41229737,0.0,0.0355025688987461
2018-02-14 00:00:00,0.4674318810511757,0.0347468724818532,0.39047649,0.0,0.39047649,0.0,0.0347468724818532
2018-02-14 01:00:00,0.4122973720608576,0.0321877491678928,0.38554461,0.0,0.38554461,0.0,0.0321877491678928
2018-02-14 02:00:00,0.3904764868603043,0.032889919610517,0.38309751,0.0,0.38309751,0.0,0.032889919610517
2018-02-14 03:00:00,0.3855446058091287,0.0372129167689646,0.3965657,0.0,0.3965657,0.0,0.0372129167689646
2018-02-14 04:00:00,0.383097510373444,0.0424031758232388,0.43792047,0.0,0.43792047,0.0,0.0424031758232388
2018-02-14 05:00:00,0.3965656984785616,0.0525038757990509,0.38331967,0.0,0.38331967,0.0,0.0525038757990509
2018-02-14 06:00:00,0.437920470262794,0.0641484037719141,0.23226047,0.0,0.23226047,0.0,0.0641484037719141
2018-02-14 07:00:00,0.5516721991701244,0.0789636885778397,0.052813518,0.0,0.052813518,0.0,0.0789636885778397
2018-02-14 08:00:00,0.6597102351313968,0.0847018210494041,0.0,0.0,0.0,0.04052888,0.0847018210494041
2018-02-14 09:00:00,0.702292876901798,0.0792833606651832,0.0,0.0,0.0,0.13492571,0.0792833606651832
2018-02-14 10:00:00,0.7651383125864455,0.0660540405159441,0.0,0.0,0.0,0.0,0.0660540405159441
2018-02-14 11:00:00,0.7390560165975104,0.0443992007690997,0.0,0.0,0.0,0.0,0.0443992007690997
2018-02-14 12:00:00,0.7218869294605809,0.0323212286150981,0.0065859286,0.0,0.0065859286,0.0,0.0323212286150981
2018-02-14 13:00:00,0.7247863070539419,0.0272571063068548,0.19508986,0.0,0.19508986,0.0,0.0272571063068548
2018-02-14 14:00:00,0.691829529737206,0.0231422261327491,0.29765309,0.0,0.29765309,0.0,0.0231422261327491
2018-02-14 15:00:00,0.6710978561549101,0.0213011207681394,0.77431916,0.0,0.77431916,0.0,0.0213011207681394
2018-02-14 16:00:00,0.6961912171507606,0.0216901905469861,0.88382227,0.0,0.88382227,0.0,0.0216901905469861
2018-02-14 17:00:00,0.7743191562932227,0.0254839217927678,0.97505256,0.0,0.97505256,0.0,0.0254839217927678
2018-02-14 18:00:00,0.8838222683264177,0.0314369225217269,1.022047,0.0,1.022047,0.0,0.0314369225217269
2018-02-14 19:00:00,0.9750525587828492,0.0333182069534781,0.98348444,0.0,0.98348444,0.0,0.0333182069534781
2018-02-14 20:00:00,1.0220470262793917,0.0325432458896041,0.86325864,0.0,0.86325864,0.0,0.0325432458896041
2018-02-14 21:00:00,0.9834844398340248,0.0325723434614266,0.64722441,0.0,0.64722441,0.0,0.0325723434614266
2018-02-14 22:00:00,0.8632586445366528,0.0320440010067042,0.46546853,0.0,0.46546853,0.0,0.0320440010067042
2018-02-14 23:00:00,0.6472244121715076,0.0326378398025176,0.4214018,0.0,0.4214018,0.0,0.0326378398025176
2018-02-15 00:00:00,0.4654685338865837,0.0302341548664057,0.39827905,0.0,0.39827905,0.0,0.0302341548664057
2018-02-15 01:00:00,0.4214017980636239,0.0289449522393249,0.38409025,0.0,0.38409025,0.0,0.0289449522393249
2018-02-15 02:00:00,0.3982790456431535,0.0302326918600012,0.38301314,0.0,0.38301314,0.0,0.0302326918600012
2018-02-15 03:00:00,0.3840902489626556,0.0350327639934228,0.40058333,0.0,0.40058333,0.0,0.0350327639934228
2018-02-15 04:00:00,0.3830131396957123,0.0418342012190137,0.43990145,0.0,0.43990145,0.0,0.0418342012190137
2018-02-15 05:00:00,0.4005833333333333,0.0536264478763569,0.36197428,0.0,0.36197428,0.0,0.0536264478763569
2018-02-15 06:00:00,0.4399014522821577,0.070761842945208,0.20160755,0.0,0.20160755,0.0,0.070761842945208
2018-02-15 07:00:00,0.5346365836791147,0.0914670635657211,0.27806792,0.0,0.27806792,0.0,0.0914670635657211
2018-02-15 08:00:00,0.6386082295988934,0.0878450401590799,0.22680767,0.0,0.22680767,0.0,0.0878450401590799
2018-02-15 09:00:00,0.7006777316735824,0.0619713118962966,0.0,0.0,0.0,0.1725443,0.0619713118962966
2018-02-15 10:00:00,0.7344657676348548,0.0384847777551181,0.0,0.0,0.0,0.0,0.0384847777551181
2018-02-15 11:00:00,0.7257949515905947,0.029205685574568,0.0,0.0,0.0,0.018193366,0.029205685574568
2018-02-15 12:00:00,0.7221424619640388,0.0271146793476674,0.0,0.0,0.0,0.012965322,0.0271146793476674
2018-02-15 13:00:00,0.7174183955739971,0.0247081444889144,0.29298696,0.0,0.29298696,0.0,0.0247081444889144
2018-02-15 14:00:00,0.682857192254495,0.0224949651219865,0.20140891,0.0,0.20140891,0.0,0.0224949651219865
2018-02-15 15:00:00,0.6789394882434301,0.0208071053549403,0.78665871,0.0,0.78665871,0.0,0.0208071053549403
2018-02-15 16:00:00,0.7159062932226832,0.0205862847712521,0.88829288,0.0,0.88829288,0.0,0.0205862847712521
2018-02-15 17:00:00,0.786658713692946,0.0249549049024691,0.96928527,0.0,0.96928527,0.0,0.0249549049024691
2018-02-15 18:00:00,0.888292876901798,0.0320372324404311,1.0320508,0.0,1.0320508,0.0,0.0320372324404311
2018-02-15 19:00:00,0.9692852697095437,0.0339776043459741,0.97759544,0.0,0.97759544,0.0,0.0339776043459741
2018-02-15 20:00:00,1.0320508298755189,0.0314956226273928,0.84251176,0.0,0.84251176,0.0,0.0314956226273928
2018-02-15 21:00:00,0.9775954356846474,0.0300382053915936,0.6572545,0.0,0.6572545,0.0,0.0300382053915936
2018-02-15 22:00:00,0.8425117565698479,0.0301653866481072,0.48481293,0.0,0.48481293,0.0,0.0301653866481072
2018-02-15 23:00:00,0.6572544951590595,0.0300727053653161,0.42022718,0.0,0.42022718,0.0,0.0300727053653161
2018-02-16 00:00:00,0.4848129322268327,0.0280524768288677,0.39486791,0.0,0.39486791,0.0,0.0280524768288677
2018-02-16 01:00:00,0.4202271784232365,0.0270087064960524,0.38708645,0.0,0.38708645,0.0,0.0270087064960524
2018-02-16 02:00:00,0.3948679114799447,0.0289639713225832,0.38832746,0.0,0.38832746,0.0,0.0289639713225832
2018-02-16 03:00:00,0.3870864453665284,0.033500764558791,0.40202109,0.0,0.40202109,0.0,0.033500764558791
2018-02-16 04:00:00,0.3883274550484095,0.0420136079996588,0.43702455,0.0,0.43702455,0.0,0.0420136079996588
2018-02-16 05:00:00,0.4020210926694329,0.0557443346842868,0.50848234,0.0,0.50848234,0.0,0.0557443346842868
2018-02-16 06:00:00,0.4370245504840941,0.0737645235153109,0.26735461,0.0,0.26735461,0.0,0.0737645235153109
2018-02-16 07:00:00,0.5477392807745505,0.0931324698160347,0.18657647,0.0,0.18657647,0.0,0.0931324698160347
2018-02-16 08:00:00,0.6318374827109265,0.0886034861979385,0.15209499,0.0,0.15209499,0.0,0.0886034861979385
2018-02-16 09:00:00,0.7199640387275241,0.0602490766667114,0.055286136,0.0,0.055286136,0.0,0.0602490766667114
2018-02-16 10:00:00,0.7598603042876902,0.0357899268753641,0.12852286,0.0,0.12852286,0.0,0.0357899268753641
2018-02-16 11:00:00,0.7546348547717842,0.0288584688465501,0.052284078,0.0,0.052284078,0.0,0.0288584688465501
2018-02-16 12:00:00,0.7523343706777316,0.0265952532771313,0.16171697,0.0,0.16171697,0.0,0.0265952532771313
2018-02-16 13:00:00,0.7351310511756569,0.0262891805779257,0.59192881,0.0,0.59192881,0.0,0.0262891805779257
2018-02-16 14:00:00,0.674454702627939,0.0220367674258674,0.26583081,0.0,0.26583081,0.0,0.0220367674258674
2018-02-16 15:00:00,0.6732811203319502,0.020210952726303,0.77553804,0.0,0.77553804,0.0,0.020210952726303
2018-02-16 16:00:00,0.6911262102351313,0.0205838256753809,0.88487863,0.0,0.88487863,0.0,0.0205838256753809
2018-02-16 17:00:00,0.7755380359612726,0.0254297075483466,0.98134405,0.0,0.98134405,0.0,0.0254297075483466
2018-02-16 18:00:00,0.8848786307053941,0.0305960950418562,1.0327801,0.0,1.0327801,0.0,0.0305960950418562
2018-02-16 19:00:00,0.9813440525587828,0.0337934730576494,1.0071248,0.0,1.0071248,0.0,0.0337934730576494
2018-02-16 20:00:00,1.0327800829875518,0.0326431695728942,0.86567427,0.0,0.86567427,0.0,0.0326431695728942
2018-02-16 21:00:00,1.007124827109267,0.030285214827515,0.66390145,0.0,0.66390145,0.0,0.030285214827515
2018-02-16 22:00:00,0.8656742738589212,0.0294664327443865,0.47158333,0.0,0.47158333,0.0,0.0294664327443865
2018-02-16 23:00:00,0.6639014522821576,0.0294176381950857,0.41932019,0.0,0.41932019,0.0,0.0294176381950857
2018-02-17 00:00:00,0.4715833333333334,0.026517945666841,0.39535201,0.0,0.39535201,0.0,0.026517945666841
2018-02-17 01:00:00,0.4193201936376211,0.0248808864626056,0.38541183,0.0,0.38541183,0.0,0.0248808864626056
2018-02-17 02:00:00,0.3953520055325034,0.0262119040954313,0.38378976,0.0,0.38378976,0.0,0.0262119040954313
2018-02-17 03:00:00,0.3854118257261411,0.0296011400102057,0.39679806,0.0,0.39679806,0.0,0.0296011400102057
2018-02-17 04:00:00,0.383789764868603,0.0365847059692559,0.42201625,0.0,0.42201625,0.0,0.0365847059692559
2018-02-17 05:00:00,0.3967980636237898,0.0455466543312135,0.29924231,0.0,0.29924231,0.0,0.0455466543312135
2018-02-17 06:00:00,0.4220162517289074,0.0580169646826249,0.14268241,0.0,0.14268241,0.0,0.0580169646826249
2018-02-17 07:00:00,0.473615836791148,0.0759116877445504,0.22268892,0.0,0.22268892,0.0,0.0759116877445504
2018-02-17 08:00:00,0.5713824343015214,0.0808664408127882,0.14454554,0.0,0.14454554,0.0,0.0808664408127882
2018-02-17 09:00:00,0.7286224066390041,0.0583994561206176,0.04714764,0.0,0.04714764,0.0,0.0583994561206176
2018-02-17 10:00:00,0.8026804979253113,0.0378097196226705,0.041220526,0.0,0.041220526,0.0,0.0378097196226705
2018-02-17 11:00:00,0.8030580912863071,0.0293127236885291,0.0,0.0,0.0,0.0,0.0293127236885291
2018-02-17 12:00:00,0.8013457814661133,0.0284609841868946,0.16310709,0.0,0.16310709,0.0,0.0284609841868946
2018-02-17 13:00:00,0.8002057399723373,0.0280466628483338,0.65304625,0.0,0.65304625,0.0,0.0280466628483338
2018-02-17 14:00:00,0.7447285615491008,0.0265965225994728,0.40666214,0.0,0.40666214,0.0,0.0265965225994728
2018-02-17 15:00:00,0.7460878284923929,0.0244856672147587,0.85542842,0.0,0.85542842,0.0,0.0244856672147587
2018-02-17 16:00:00,0.7865905947441216,0.023904535476936,0.92947545,0.0,0.92947545,0.0,0.023904535476936
2018-02-17 17:00:00,0.8554284232365145,0.026245425272907,0.98631916,0.0,0.98631916,0.0,0.026245425272907
2018-02-17 18:00:00,0.929475449515906,0.0310375563597452,1.0354706,0.0,1.0354706,0.0,0.0310375563597452
2018-02-17 19:00:00,0.9863191562932228,0.0340547286481336,1.0056425,0.0,1.0056425,0.0,0.0340547286481336
2018-02-17 20:00:00,1.0354706085753804,0.0326593283575793,0.88112172,0.0,0.88112172,0.0,0.0326593283575793
2018-02-17 21:00:00,1.0056424619640387,0.0307773314451677,0.69276591,0.0,0.69276591,0.0,0.0307773314451677
2018-02-17 22:00:00,0.881121715076072,0.0301001531639589,0.48831397,0.0,0.48831397,0.0,0.0301001531639589
2018-02-17 23:00:00,0.6927659059474411,0.0298805742334604,0.41820885,0.0,0.41820885,0.0,0.0298805742334604
2018-02-18 00:00:00,0.4883139695712311,0.0278753700464707,0.39434751,0.0,0.39434751,0.0,0.0278753700464707
2018-02-18 01:00:00,0.4182088520055325,0.0270576048046732,0.38326107,0.0,0.38326107,0.0,0.0270576048046732
2018-02-18 02:00:00,0.394347510373444,0.0287328889422,0.38303976,0.0,0.38303976,0.0,0.0287328889422
2018-02-18 03:00:00,0.3832610650069157,0.0345345013654136,0.39577109,0.0,0.39577109,0.0,0.0345345013654136
2018-02-18 04:00:00,0.3830397648686031,0.0418217570179658,0.42439177,0.0,0.42439177,0.0,0.0418217570179658
2018-02-18 05:00:00,0.3957710926694329,0.0538514534192634,0.46821268,0.0,0.46821268,0.0,0.0538514534192634
2018-02-18 06:00:00,0.4243917704011065,0.068406617069931,0.57435927,0.0,0.57435927,0.0,0.068406617069931
2018-02-18 07:00:00,0.4722451590594744,0.084953772887576,0.2173253,0.0,0.2173253,0.0,0.084953772887576
2018-02-18 08:00:00,0.5743592669432918,0.0877993722239389,0.47617898,0.0,0.47617898,0.0,0.0877993722239389
2018-02-18 09:00:00,0.7288454356846472,0.0664052658123374,0.31637429,0.0,0.31637429,0.0,0.0664052658123374
2018-02-18 10:00:00,0.8146600968188106,0.0438677420761495,0.49190956,0.0,0.49190956,0.0,0.0438677420761495
2018-02-18 11:00:00,0.8424975795297373,0.0319470759677467,0.53688586,0.0,0.53688586,0.0,0.0319470759677467
2018-02-18 12:00:00,0.8417002074688796,0.0292470336633752,0.55365136,0.0,0.55365136,0.0,0.0292470336633752
2018-02-18 13:00:00,0.8140591286307054,0.0303815795661474,0.76362621,0.0,0.76362621,0.0,0.0303815795661474
2018-02-18 14:00:00,0.7727327109266943,0.0270735145669914,0.44539632,0.0,0.44539632,0.0,0.0270735145669914
2018-02-18 15:00:00,0.7636262102351313,0.0253540566285238,0.86050413,0.0,0.86050413,0.0,0.0253540566285238
2018-02-18 16:00:00,0.8062015905947439,0.0252516876839385,0.95203423,0.0,0.95203423,0.0,0.0252516876839385
2018-02-18 17:00:00,0.8658976486860305,0.0266792533635275,1.0006449,0.0,1.0006449,0.0,0.0266792533635275
2018-02-18 18:00:00,0.9520342323651452,0.032280662179831,1.0468893,0.0,1.0468893,0.0,0.032280662179831
2018-02-18 19:00:00,1.0006448824343015,0.0363071670829035,1.0106093,0.0,1.0106093,0.0,0.0363071670829035
2018-02-18 20:00:00,1.0468893499308438,0.0340046716937788,0.88483852,0.0,0.88483852,0.0,0.0340046716937788
2018-02-18 21:00:00,1.0106092669432918,0.0327626657224795,0.68951521,0.0,0.68951521,0.0,0.0327626657224795
2018-02-18 22:00:00,0.884838520055325,0.0343285737027127,0.4747908,0.0,0.4747908,0.0,0.0343285737027127
2018-02-18 23:00:00,0.689515214384509,0.0336654029296321,0.41533472,0.0,0.41533472,0.0,0.0336654029296321
2018-02-19 00:00:00,0.4747908022130014,0.0339762520161769,0.39937898,0.0,0.39937898,0.0,0.0339762520161769
2018-02-19 01:00:00,0.4153347164591979,0.0343736121646492,0.38512586,0.0,0.38512586,0.0,0.0343736121646492
2018-02-19 02:00:00,0.3993789764868603,0.037416371501218,0.38335201,0.0,0.38335201,0.0,0.037416371501218
2018-02-19 03:00:00,0.3851258644536653,0.0438519568250147,0.39956155,0.0,0.39956155,0.0,0.0438519568250147
2018-02-19 04:00:00,0.3833520055325035,0.0523614177120678,0.4407092,0.0,0.4407092,0.0,0.0523614177120678
2018-02-19 05:00:00,0.3995615491009682,0.0651202723549832,0.51407984,0.0,0.51407984,0.0,0.0651202723549832
2018-02-19 06:00:00,0.4407091977869987,0.0813358860191377,0.41388633,0.0,0.41388633,0.0,0.0813358860191377
2018-02-19 07:00:00,0.5478267634854771,0.1028127266534374,0.25667338,0.0,0.25667338,0.0,0.1028127266534374
2018-02-19 08:00:00,0.6450179806362377,0.1054695082388797,0.26497591,0.0,0.26497591,0.0,0.1054695082388797
2018-02-19 09:00:00,0.7122057399723374,0.0830863022798898,0.11041852,0.0,0.11041852,0.0,0.0830863022798898
2018-02-19 10:00:00,0.7484163208852007,0.0568717661563878,0.0,0.0,0.0,0.0,0.0568717661563878
2018-02-19 11:00:00,0.7425359612724757,0.0425870753824169,0.08624317,0.0,0.08624317,0.0,0.0425870753824169
2018-02-19 12:00:00,0.7258565006915628,0.0339636418002179,0.0,0.0,0.0,0.0,0.0339636418002179
2018-02-19 13:00:00,0.7232482710926693,0.0280141100911731,0.41090225,0.0,0.41090225,0.0,0.0280141100911731
2018-02-19 14:00:00,0.69509785615491,0.0243222947076151,0.16591575,0.0,0.16591575,0.0,0.0243222947076151
2018-02-19 15:00:00,0.6631970954356846,0.0219588026732203,0.7553794,0.0,0.7553794,0.0,0.0219588026732203
2018-02-19 16:00:00,0.7041037344398339,0.0237433004117731,0.88002386,0.0,0.88002386,0.0,0.0237433004117731
2018-02-19 17:00:00,0.7755826417704011,0.0293407802085128,0.97568603,0.0,0.97568603,0.0,0.0293407802085128
2018-02-19 18:00:00,0.8800238589211618,0.0380722376182083,1.0152012,0.0,1.0152012,0.0,0.0380722376182083
2018-02-19 19:00:00,0.9756860304287688,0.047029136359952,0.9802825,0.0,0.9802825,0.0,0.047029136359952
2018-02-19 20:00:00,1.015201244813278,0.0536744088924582,0.8629962,0.0,0.8629962,0.0,0.0536744088924582
2018-02-19 21:00:00,0.9802825034578146,0.0624561100232829,0.66245539,0.0,0.66245539,0.0,0.0624561100232829
2018-02-19 22:00:00,0.8629961964038728,0.0717049701967847,0.47756362,0.0,0.47756362,0.0,0.0717049701967847
2018-02-19 23:00:00,0.6624553941908713,0.0804115772494682,0.41181189,0.0,0.41181189,0.0,0.0804115772494682
2018-02-20 00:00:00,0.4775636237897649,0.0838636221389594,0.39689661,0.0,0.39689661,0.0,0.0838636221389594
2018-02-20 01:00:00,0.4118118948824344,0.0873920511807981,0.38179322,0.0,0.38179322,0.0,0.0873920511807981
2018-02-20 02:00:00,0.3968966113416321,0.0940657572254819,0.38573133,0.0,0.38573133,0.0,0.0940657572254819
2018-02-20 03:00:00,0.3817932226832642,0.1043236560289299,0.40069779,0.0,0.40069779,0.0,0.1043236560289299
2018-02-20 04:00:00,0.3857313278008298,0.1195567588624821,0.43423651,0.0,0.43423651,0.0,0.1195567588624821
2018-02-20 05:00:00,0.4006977869986168,0.1444313160066006,0.50593736,0.0,0.50593736,0.0,0.1444313160066006
2018-02-20 06:00:00,0.4342365145228216,0.1666576171226933,0.31474817,0.0,0.31474817,0.0,0.1666576171226933
2018-02-20 07:00:00,0.5367904564315352,0.1878581259373908,0.1035138,0.0,0.1035138,0.0,0.1878581259373908
2018-02-20 08:00:00,0.6441697786998616,0.1851655093416487,0.0,0.0,0.0,0.080926914,0.1851655093416487
2018-02-20 09:00:00,0.7145013831258644,0.1386175084047058,0.0,0.0,0.0,0.10395219,0.1386175084047058
2018-02-20 10:00:00,0.7519764868603044,0.0917321824615335,0.0,0.0,0.0,0.0,0.0917321824615335
2018-02-20 11:00:00,0.7462372060857538,0.0603446908795998,0.0,0.0,0.0,0.0,0.0603446908795998
2018-02-20 12:00:00,0.7334872060857537,0.0398479953634181,0.066881165,0.0,0.066881165,0.0,0.0398479953634181
2018-02-20 13:00:00,0.7201718533886582,0.0309561640909119,0.17483823,0.0,0.17483823,0.0,0.0309561640909119
2018-02-20 14:00:00,0.6910767634854771,0.0253997729846804,0.18625291,0.0,0.18625291,0.0,0.0253997729846804
2018-02-20 15:00:00,0.6864827109266942,0.0215833841621714,0.75357309,0.0,0.75357309,0.0,0.0215833841621714
2018-02-20 16:00:00,0.7201441908713693,0.0218476453142761,0.87698029,0.0,0.87698029,0.0,0.0218476453142761
2018-02-20 17:00:00,0.774981673582296,0.0264312270862752,0.97054633,0.0,0.97054633,0.0,0.0264312270862752
2018-02-20 18:00:00,0.8769802904564316,0.0322412163452138,1.0356646,0.0,1.0356646,0.0,0.0322412163452138
2018-02-20 19:00:00,0.9705463347164592,0.036650766069316,0.99715664,0.0,0.99715664,0.0,0.036650766069316
2018-02-20 20:00:00,1.03566459197787,0.0398248466592452,0.84119917,0.0,0.84119917,0.0,0.0398248466592452
2018-02-20 21:00:00,0.9971566390041494,0.047086273158538,0.64968534,0.0,0.64968534,0.0,0.047086273158538
2018-02-20 22:00:00,0.8411991701244813,0.0553919784113114,0.46817289,0.0,0.46817289,0.0,0.0553919784113114
2018-02-20 23:00:00,0.6496853388658368,0.0650987665067019,0.40833645,0.0,0.40833645,0.0,0.0650987665067019
2018-02-21 00:00:00,0.4681728907330568,0.0712612538430192,0.3930657,0.0,0.3930657,0.0,0.0712612538430192
2018-02-21 01:00:00,0.4083364453665284,0.0766438411718563,0.38458022,0.0,0.38458022,0.0,0.0766438411718563
2018-02-21 02:00:00,0.3930656984785616,0.0824078408417639,0.38759889,0.0,0.38759889,0.0,0.0824078408417639
2018-02-21 03:00:00,0.3845802213001383,0.092211142397478,0.40456189,0.0,0.40456189,0.0,0.092211142397478
2018-02-21 04:00:00,0.3875988934993085,0.1007111681037475,0.43996992,0.0,0.43996992,0.0,0.1007111681037475
2018-02-21 05:00:00,0.4045618948824343,0.1102409773865684,0.47293457,0.0,0.47293457,0.0,0.1102409773865684
2018-02-21 06:00:00,0.4399699170124482,0.1246254707912893,0.48990231,0.0,0.48990231,0.0,0.1246254707912893
2018-02-21 07:00:00,0.5431635546334715,0.1416165919850671,0.25091442,0.0,0.25091442,0.0,0.1416165919850671
2018-02-21 08:00:00,0.6410850622406639,0.1391598894953516,0.06870729,0.0,0.06870729,0.0,0.1391598894953516
2018-02-21 09:00:00,0.708588520055325,0.1056297195454235,0.0,0.0,0.0,0.0,0.1056297195454235
2018-02-21 10:00:00,0.7610743430152144,0.066883181237799,0.0,0.0,0.0,0.0,0.066883181237799
2018-02-21 11:00:00,0.7573443983402489,0.0460869775286899,0.019805966,0.0,0.019805966,0.0,0.0460869775286899
2018-02-21 12:00:00,0.7210366528354079,0.0355783512470403,0.058082894,0.0,0.058082894,0.0,0.0355783512470403
2018-02-21 13:00:00,0.7367489626556015,0.0288720820692639,0.4100153,0.0,0.4100153,0.0,0.0288720820692639
2018-02-21 14:00:00,0.6780961272475794,0.023919653209782,0.20956723,0.0,0.20956723,0.0,0.023919653209782
2018-02-21 15:00:00,0.6630318118948824,0.0205026063387465,0.75073539,0.0,0.75073539,0.0,0.0205026063387465
2018-02-21 16:00:00,0.6968032503457814,0.0217525948603571,0.89897925,0.0,0.89897925,0.0,0.0217525948603571
2018-02-21 17:00:00,0.7777465421853388,0.0260755885601602,0.98114142,0.0,0.98114142,0.0,0.0260755885601602
2018-02-21 18:00:00,0.8989792531120332,0.032873190149575,1.0257147,0.0,1.0257147,0.0,0.032873190149575
2018-02-21 19:00:00,0.9811414246196404,0.0368428556974438,0.98045055,0.0,0.98045055,0.0,0.0368428556974438
2018-02-21 20:00:00,1.0257147302904566,0.0385937734615736,0.85113831,0.0,0.85113831,0.0,0.0385937734615736
2018-02-21 21:00:00,0.9804505532503456,0.0432518820941014,0.65980083,0.0,0.65980083,0.0,0.0432518820941014
2018-02-21 22:00:00,0.8511383125864453,0.0493103749231619,0.47132815,0.0,0.47132815,0.0,0.0493103749231619
2018-02-21 23:00:00,0.6598008298755187,0.0595191367715541,0.41880809,0.0,0.41880809,0.0,0.0595191367715541
2018-02-22 00:00:00,0.4713281466113417,0.0652296658054965,0.39880014,0.0,0.39880014,0.0,0.0652296658054965
2018-02-22 01:00:00,0.4188080912863071,0.0704612833245102,0.38611895,0.0,0.38611895,0.0,0.0704612833245102
2018-02-22 02:00:00,0.3988001383125865,0.0778448276255271,0.38610581,0.0,0.38610581,0.0,0.0778448276255271
2018-02-22 03:00:00,0.3861189488243431,0.0861311264269161,0.39840353,0.0,0.39840353,0.0,0.0861311264269161
2018-02-22 04:00:00,0.3861058091286307,0.0990029092544944,0.43971819,0.0,0.43971819,0.0,0.0990029092544944
2018-02-22 05:00:00,0.3984035269709544,0.113938461487613,0.32676859,0.0,0.32676859,0.0,0.113938461487613
2018-02-22 06:00:00,0.4397181881051176,0.1320384965736108,0.14131527,0.0,0.14131527,0.0,0.1320384965736108
2018-02-22 07:00:00,0.5491085753803596,0.1502681235909773,0.0,0.0,0.0,0.0028432767,0.1502681235909773
2018-02-22 08:00:00,0.6338402489626556,0.149820253405789,0.0,0.0,0.0,0.12202394,0.149820253405789
2018-02-22 09:00:00,0.7094139004149378,0.1261400421188951,0.0,0.0,0.0,0.12086578,0.1261400421188951
2018-02-22 10:00:00,0.7443360995850623,0.0877835662209399,0.0,0.0,0.0,0.0,0.0877835662209399
2018-02-22 11:00:00,0.7544889349930843,0.0584670138135222,0.0,0.0,0.0,0.15884748,0.0584670138135222
2018-02-22 12:00:00,0.7404878976486859,0.0413026456840319,0.0,0.0,0.0,0.046536249,0.0413026456840319
2018-02-22 13:00:00,0.7248682572614106,0.0336286202508813,0.1448223,0.0,0.1448223,0.0,0.0336286202508813
2018-02-22 14:00:00,0.6971798063623789,0.0253402393458147,0.15231818,0.0,0.15231818,0.0,0.0253402393458147
2018-02-22 15:00:00,0.6811217150760719,0.0222453098234186,0.75248606,0.0,0.75248606,0.0,0.0222453098234186
2018-02-22 16:00:00,0.7082216459197785,0.0229966518075376,0.88567324,0.0,0.88567324,0.0,0.0229966518075376
2018-02-22 17:00:00,0.7805705394190873,0.0265973180875887,0.98746784,0.0,0.98746784,0.0,0.0265973180875887
2018-02-22 18:00:00,0.8856732365145229,0.0325505332524747,1.0401089,0.0,1.0401089,0.0,0.0325505332524747
2018-02-22 19:00:00,0.9874678423236514,0.03770835368484,0.98375726,0.0,0.98375726,0.0,0.03770835368484
2018-02-22 20:00:00,1.0401089211618255,0.0410501923424823,0.84773237,0.0,0.84773237,0.0,0.0410501923424823
2018-02-22 21:00:00,0.9837572614107882,0.0443189775219322,0.66715111,0.0,0.66715111,0.0,0.0443189775219322
2018-02-22 22:00:00,0.8477323651452282,0.0519574411776578,0.47419986,0.0,0.47419986,0.0,0.0519574411776578
2018-02-22 23:00:00,0.6671511065006914,0.0602928285130864,0.41941909,0.0,0.41941909,0.0,0.0602928285130864
2018-02-23 00:00:00,0.4741998616874137,0.0649798721611692,0.40138693,0.0,0.40138693,0.0,0.0649798721611692
2018-02-23 01:00:00,0.4194190871369295,0.0692971556397581,0.38420332,0.0,0.38420332,0.0,0.0692971556397581
2018-02-23 02:00:00,0.4013869294605809,0.0767772203183865,0.38554841,0.0,0.38554841,0.0,0.0767772203183865
2018-02-23 03:00:00,0.3842033195020747,0.0866799371367251,0.40213762,0.0,0.40213762,0.0,0.0866799371367251
2018-02-23 04:00:00,0.3855484094052559,0.1012618291880873,0.43666632,0.0,0.43666632,0.0,0.1012618291880873
2018-02-23 05:00:00,0.4021376210235131,0.122838195761619,0.31414534,0.0,0.31414534,0.0,0.122838195761619
2018-02-23 06:00:00,0.4366663208852006,0.1428686971967943,0.15200071,0.0,0.15200071,0.0,0.1428686971967943
2018-02-23 07:00:00,0.5406358921161825,0.1591748823709112,0.0089517908,0.0,0.0089517908,0.0,0.1591748823709112
2018-02-23 08:00:00,0.6447562240663899,0.1517406966047066,0.0,0.0,0.0,0.098481529,0.1517406966047066
2018-02-23 09:00:00,0.7193547717842323,0.1172642935409059,0.0,0.0,0.0,0.11868264,0.1172642935409059
2018-02-23 10:00:00,0.7621708160442601,0.0825265449618772,0.0,0.0,0.0,0.0,0.0825265449618772
2018-02-23 11:00:00,0.7444038727524205,0.060571321985178,0.0,0.0,0.0,0.16541264,0.060571321985178
2018-02-23 12:00:00,0.7384201244813278,0.044828415028648,0.0,0.0,0.0,0.04483539,0.044828415028648
2018-02-23 13:00:00,0.713015560165975,0.0368112506087345,0.14285378,0.0,0.14285378,0.0,0.0368112506087345
2018-02-23 14:00:00,0.6947382434301521,0.0302125798452446,0.15570421,0.0,0.15570421,0.0,0.0302125798452446
2018-02-23 15:00:00,0.6772935684647303,0.0238920151857203,0.74791663,0.0,0.74791663,0.0,0.0238920151857203
2018-02-23 16:00:00,0.7094028354080221,0.0240190477205428,0.89434509,0.0,0.89434509,0.0,0.0240190477205428
2018-02-23 17:00:00,0.7771438450899032,0.0278430109733731,0.99367289,0.0,0.99367289,0.0,0.0278430109733731
2018-02-23 18:00:00,0.8943450899031811,0.0346448563189539,1.0289983,0.0,1.0289983,0.0,0.0346448563189539
2018-02-23 19:00:00,0.9936728907330566,0.0409508600873133,0.98990318,0.0,0.98990318,0.0,0.0409508600873133
2018-02-23 20:00:00,1.0289982710926695,0.0461555589802133,0.86298133,0.0,0.86298133,0.0,0.0461555589802133
2018-02-23 21:00:00,0.9899031811894882,0.0545191584746048,0.6567621,0.0,0.6567621,0.0,0.0545191584746048
2018-02-23 22:00:00,0.8629813278008299,0.0630690266993023,0.47387759,0.0,0.47387759,0.0,0.0630690266993023
2018-02-23 23:00:00,0.6567621023513139,0.0714829771327867,0.40932192,0.0,0.40932192,0.0,0.0714829771327867
2018-02-24 00:00:00,0.4738775933609959,0.0792885728416646,0.39484198,0.0,0.39484198,0.0,0.0792885728416646
2018-02-24 01:00:00,0.4093219225449516,0.0843646309302904,0.38232503,0.0,0.38232503,0.0,0.0843646309302904
2018-02-24 02:00:00,0.3948419778699861,0.0916731191982493,0.38376037,0.0,0.38376037,0.0,0.0916731191982493
2018-02-24 03:00:00,0.3823250345781466,0.1061554057615678,0.40052628,0.0,0.40052628,0.0,0.1061554057615678
2018-02-24 04:00:00,0.3837603734439834,0.1267447687259644,0.42152732,0.0,0.42152732,0.0,0.1267447687259644
2018-02-24 05:00:00,0.4005262793914246,0.1482752356352083,0.24382747,0.0,0.24382747,0.0,0.1482752356352083
2018-02-24 06:00:00,0.421527316735823,0.1684963429402439,0.077976101,0.0,0.077976101,0.0,0.1684963429402439
2018-02-24 07:00:00,0.4701044260027662,0.1858431579984392,0.0079175326,0.0,0.0079175326,0.0,0.1858431579984392
2018-02-24 08:00:00,0.5690418395573996,0.1785906651765524,0.0,0.0,0.0,0.062830541,0.1785906651765524
2018-02-24 09:00:00,0.7171677040110649,0.1320175544842984,0.0,0.0,0.0,0.079678094,0.1320175544842984
2018-02-24 10:00:00,0.8009356846473029,0.0822208388789337,0.0,0.0,0.0,0.0,0.0822208388789337
2018-02-24 11:00:00,0.8206597510373445,0.0503685366735869,0.0,0.0,0.0,0.0,0.0503685366735869
2018-02-24 12:00:00,0.8044398340248963,0.0344233682169769,0.021848211,0.0,0.021848211,0.0,0.0344233682169769
2018-02-24 13:00:00,0.7930943983402489,0.031985089923755,0.19851531,0.0,0.19851531,0.0,0.031985089923755
2018-02-24 14:00:00,0.7652053941908712,0.0277863341744368,0.21845971,0.0,0.21845971,0.0,0.0277863341744368
2018-02-24 15:00:00,0.7372098893499308,0.0247846047314291,0.8090858,0.0,0.8090858,0.0,0.0247846047314291
2018-02-24 16:00:00,0.7781670124481326,0.0251016344147703,0.93937828,0.0,0.93937828,0.0,0.0251016344147703
2018-02-24 17:00:00,0.8411725449515907,0.0271468136089063,0.9997251,0.0,0.9997251,0.0,0.0271468136089063
2018-02-24 18:00:00,0.939378284923928,0.0334429533246282,1.0477241,0.0,1.0477241,0.0,0.0334429533246282
2018-02-24 19:00:00,0.9997251037344398,0.0367416419399486,0.99826936,0.0,0.99826936,0.0,0.0367416419399486
2018-02-24 20:00:00,1.0477240663900416,0.0387856901575023,0.86703976,0.0,0.86703976,0.0,0.0387856901575023
2018-02-24 21:00:00,0.9982693637621024,0.0430832524481048,0.68288485,0.0,0.68288485,0.0,0.0430832524481048
2018-02-24 22:00:00,0.867039764868603,0.050049473307584,0.48248375,0.0,0.48248375,0.0,0.050049473307584
2018-02-24 23:00:00,0.6828848547717843,0.0580341472259285,0.4127908,0.0,0.4127908,0.0,0.0580341472259285
2018-02-25 00:00:00,0.4824837482710927,0.0639261893547013,0.39292151,0.0,0.39292151,0.0,0.0639261893547013
2018-02-25 01:00:00,0.4127908022130014,0.0700445616870257,0.38156086,0.0,0.38156086,0.0,0.0700445616870257
2018-02-25 02:00:00,0.3929215076071923,0.0733531489414231,0.38406293,0.0,0.38406293,0.0,0.0733531489414231
2018-02-25 03:00:00,0.381560857538036,0.0836328475778906,0.39807815,0.0,0.39807815,0.0,0.0836328475778906
2018-02-25 04:00:00,0.3840629322268327,0.0931562514520564,0.4255778,0.0,0.4255778,0.0,0.0931562514520564
2018-02-25 05:00:00,0.3980781466113416,0.1045379709032873,0.39949724,0.0,0.39949724,0.0,0.1045379709032873
2018-02-25 06:00:00,0.4255778008298756,0.1181343292692068,0.2982095,0.0,0.2982095,0.0,0.1181343292692068
2018-02-25 07:00:00,0.4735159059474412,0.1368156448147181,0.25136603,0.0,0.25136603,0.0,0.1368156448147181
2018-02-25 08:00:00,0.5668378284923927,0.1407310753663018,0.0,0.0,0.0,0.0,0.1407310753663018
2018-02-25 09:00:00,0.7183495850622406,0.1044993240154299,0.047592811,0.0,0.047592811,0.0,0.1044993240154299
2018-02-25 10:00:00,0.8053845089903182,0.0605238313446582,0.0054714979,0.0,0.0054714979,0.0,0.0605238313446582
2018-02-25 11:00:00,0.8343004840940526,0.0386891870731111,0.074860892,0.0,0.074860892,0.0,0.0386891870731111
2018-02-25 12:00:00,0.804863070539419,0.0312364698924499,0.0052113488,0.0,0.0052113488,0.0,0.0312364698924499
2018-02-25 13:00:00,0.7919526279391423,0.0303164671345382,0.44185288,0.0,0.44185288,0.0,0.0303164671345382
2018-02-25 14:00:00,0.7495176348547717,0.0268235514491093,0.33317684,0.0,0.33317684,0.0,0.0268235514491093
2018-02-25 15:00:00,0.7431988243430152,0.0244673744467367,0.82478055,0.0,0.82478055,0.0,0.0244673744467367
2018-02-25 16:00:00,0.772088865836791,0.0236585774687853,0.93889281,0.0,0.93889281,0.0,0.0236585774687853
2018-02-25 17:00:00,0.8422935684647302,0.0260556252670952,0.99754841,0.0,0.99754841,0.0,0.0260556252670952
2018-02-25 18:00:00,0.9388928077455048,0.0318067138190169,1.0472524,0.0,1.0472524,0.0,0.0318067138190169
2018-02-25 19:00:00,0.997548409405256,0.0342279479146946,0.9977175,0.0,0.9977175,0.0,0.0342279479146946
2018-02-25 20:00:00,1.047252420470263,0.0336133814654955,0.86551729,0.0,0.86551729,0.0,0.0336133814654955
2018-02-25 21:00:00,0.9977174965421852,0.0327657992539274,0.67631881,0.0,0.67631881,0.0,0.0327657992539274
2018-02-25 22:00:00,0.8655172890733057,0.0330080323025095,0.47451694,0.0,0.47451694,0.0,0.0330080323025095
2018-02-25 23:00:00,0.6763188105117566,0.0369975400909041,0.41175519,0.0,0.41175519,0.0,0.0369975400909041
2018-02-26 00:00:00,0.4745169432918397,0.0367697330463721,0.39479495,0.0,0.39479495,0.0,0.0367697330463721
2018-02-26 01:00:00,0.4117551867219917,0.0388489383800052,0.38307019,0.0,0.38307019,0.0,0.0388489383800052
2018-02-26 02:00:00,0.3947949515905947,0.0442432366773662,0.38365422,0.0,0.38365422,0.0,0.0442432366773662
2018-02-26 03:00:00,0.383070193637621,0.0508115543812681,0.39979841,0.0,0.39979841,0.0,0.0508115543812681
2018-02-26 04:00:00,0.3836542185338866,0.0641311901008148,0.43884163,0.0,0.43884163,0.0,0.0641311901008148
2018-02-26 05:00:00,0.3997984094052559,0.0834544887663719,0.30626689,0.0,0.30626689,0.0,0.0834544887663719
2018-02-26 06:00:00,0.4388416320885201,0.107652403719099,0.13751138,0.0,0.13751138,0.0,0.107652403719099
2018-02-26 07:00:00,0.5404470954356846,0.1294773672461405,0.21334906,0.0,0.21334906,0.0,0.1294773672461405
2018-02-26 08:00:00,0.6416486860304287,0.1245963040465878,0.00090845244,0.0,0.00090845244,0.0,0.1245963040465878
2018-02-26 09:00:00,0.7283706777316736,0.0862141477170649,0.0,0.0,0.0,0.12897171,0.0862141477170649
2018-02-26 10:00:00,0.762484439834025,0.0543652591933287,0.0,0.0,0.0,0.0,0.0543652591933287
2018-02-26 11:00:00,0.7813582295988935,0.0369333960796103,0.0,0.0,0.0,0.0,0.0369333960796103
2018-02-26 12:00:00,0.7588340248962656,0.0295317354014147,0.0,0.0,0.0,0.074734209,0.0295317354014147
2018-02-26 13:00:00,0.7263067081604425,0.0261738866807787,0.14125418,0.0,0.14125418,0.0,0.0261738866807787
2018-02-26 14:00:00,0.677509336099585,0.0232294254648285,0.14197051,0.0,0.14197051,0.0,0.0232294254648285
2018-02-26 15:00:00,0.6831915629322268,0.0208905935620269,0.74822299,0.0,0.74822299,0.0,0.0208905935620269
2018-02-26 16:00:00,0.6990646611341631,0.0217128031613415,0.89218223,0.0,0.89218223,0.0,0.0217128031613415
2018-02-26 17:00:00,0.7819699170124482,0.0256433203179761,0.97087414,0.0,0.97087414,0.0,0.0256433203179761
2018-02-26 18:00:00,0.8921822268326418,0.0312643431043027,1.0172185,0.0,1.0172185,0.0,0.0312643431043027
2018-02-26 19:00:00,0.9708741355463346,0.0346577674369396,0.99488036,0.0,0.99488036,0.0,0.0346577674369396
2018-02-26 20:00:00,1.0172185338865836,0.0342640665338006,0.85976003,0.0,0.85976003,0.0,0.0342640665338006
2018-02-26 21:00:00,0.9948803596127248,0.0356729935809693,0.66559993,0.0,0.66559993,0.0,0.0356729935809693
2018-02-26 22:00:00,0.8597600276625172,0.0388818957985114,0.4750982,0.0,0.4750982,0.0,0.0388818957985114
2018-02-26 23:00:00,0.6655999308437067,0.0448675530439507,0.41556051,0.0,0.41556051,0.0,0.0448675530439507
2018-02-27 00:00:00,0.4750982019363763,0.0496283142298705,0.39497407,0.0,0.39497407,0.0,0.0496283142298705
2018-02-27 01:00:00,0.4155605117565699,0.0520883473937403,0.38250484,0.0,0.38250484,0.0,0.0520883473937403
2018-02-27 02:00:00,0.3949740663900415,0.0575753650189766,0.38424965,0.0,0.38424965,0.0,0.0575753650189766
2018-02-27 03:00:00,0.3825048409405256,0.0699079763775246,0.40357884,0.0,0.40357884,0.0,0.0699079763775246
2018-02-27 04:00:00,0.3842496542185339,0.0853565146860846,0.43734129,0.0,0.43734129,0.0,0.0853565146860846
2018-02-27 05:00:00,0.4035788381742738,0.1067748973197968,0.30644781,0.0,0.30644781,0.0,0.1067748973197968
2018-02-27 06:00:00,0.437341286307054,0.1303766561852428,0.13574935,0.0,0.13574935,0.0,0.1303766561852428
2018-02-27 07:00:00,0.5409436376210234,0.1523366866770771,0.00061576274,0.0,0.00061576274,0.0,0.1523366866770771
2018-02-27 08:00:00,0.6306583679114799,0.1490403395637332,0.0,0.0,0.0,0.10858987,0.1490403395637332
2018-02-27 09:00:00,0.7125591286307054,0.1120969549203015,0.0,0.0,0.0,0.13148404,0.1120969549203015
2018-02-27 10:00:00,0.7560594744121715,0.0733981631928517,0.0,0.0,0.0,0.0,0.0733981631928517
2018-02-27 11:00:00,0.7537652143845089,0.0526031388813406,0.0,0.0,0.0,0.0,0.0526031388813406
2018-02-27 12:00:00,0.7370162517289073,0.0491420185100398,0.0,0.0,0.0,0.062994762,0.0491420185100398
2018-02-27 13:00:00,0.7331697786998616,0.0408215483061063,0.1939198,0.0,0.1939198,0.0,0.0408215483061063
2018-02-27 14:00:00,0.6784311894882433,0.0333592575989028,0.1992299,0.0,0.1992299,0.0,0.0333592575989028
2018-02-27 15:00:00,0.6772499999999999,0.0294516193722107,0.75019258,0.0,0.75019258,0.0,0.0294516193722107
2018-02-27 16:00:00,0.6965010373443983,0.0296312129196311,0.8990083,0.0,0.8990083,0.0,0.0296312129196311
2018-02-27 17:00:00,0.7889443291839559,0.0334165569537562,1.0047469,0.0,1.0047469,0.0,0.0334165569537562
2018-02-27 18:00:00,0.8990082987551867,0.0411484766285247,1.0398029,0.0,1.0398029,0.0,0.0411484766285247
2018-02-27 19:00:00,1.004746887966805,0.0511147149022404,0.99711964,0.0,0.99711964,0.0,0.0511147149022404
2018-02-27 20:00:00,1.0398029045643156,0.0586875819161993,0.84087483,0.0,0.84087483,0.0,0.0586875819161993
2018-02-27 21:00:00,0.9971196403872752,0.0691607294278798,0.63716943,0.0,0.63716943,0.0,0.0691607294278798
2018-02-27 22:00:00,0.840874827109267,0.0827287891687368,0.4787621,0.0,0.4787621,0.0,0.0827287891687368
2018-02-27 23:00:00,0.6371694329183956,0.094739189795258,0.41567946,0.0,0.41567946,0.0,0.094739189795258
2018-02-28 00:00:00,0.478762102351314,0.1011102921606505,0.39684025,0.0,0.39684025,0.0,0.1011102921606505
2018-02-28 01:00:00,0.4156794605809129,0.1055716523716064,0.38987517,0.0,0.38987517,0.0,0.1055716523716064
2018-02-28 02:00:00,0.3968402489626556,0.1132622343334996,0.38462898,0.0,0.38462898,0.0,0.1132622343334996
2018-02-28 03:00:00,0.3898751728907331,0.1247767172926317,0.40116978,0.0,0.40116978,0.0,0.1247767172926317
2018-02-28 04:00:00,0.3846289764868603,0.1362417727706139,0.43922026,0.0,0.43922026,0.0,0.1362417727706139
2018-02-28 05:00:00,0.4011697786998617,0.153792295042074,0.2997665,0.0,0.2997665,0.0,0.153792295042074
2018-02-28 06:00:00,0.4392202627939143,0.1747382234491729,0.14134114,0.0,0.14134114,0.0,0.1747382234491729
2018-02-28 07:00:00,0.5427178423236514,0.1881310613686028,0.0,0.0,0.0,0.015247143,0.1881310613686028
2018-02-28 08:00:00,0.6469412171507607,0.182219432938959,0.0,0.0,0.0,0.12505141,0.182219432938959
2018-02-28 09:00:00,0.7064031811894882,0.1453751799493456,0.0,0.0,0.0,0.14690293,0.1453751799493456
2018-02-28 10:00:00,0.7521663208852006,0.0983951978376683,0.0,0.0,0.0,0.0,0.0983951978376683
2018-02-28 11:00:00,0.7468167358229599,0.0622235888470031,0.0,0.0,0.0,0.15125093,0.0622235888470031
2018-02-28 12:00:00,0.7425726141078838,0.0394699794107386,0.0,0.0,0.0,0.049120006,0.0394699794107386
2018-02-28 13:00:00,0.7424709543568463,0.0304512055281532,0.24289081,0.0,0.24289081,0.0,0.0304512055281532
2018-02-28 14:00:00,0.7033475103734439,0.0243466297266737,0.42308551,0.0,0.42308551,0.0,0.0243466297266737
2018-02-28 15:00:00,0.6834094052558783,0.0213642583140344,0.77731283,0.0,0.77731283,0.0,0.0213642583140344
2018-02-28 16:00:00,0.7108430152143843,0.0222953979055689,0.88525,0.0,0.88525,0.0,0.0222953979055689
2018-02-28 17:00:00,0.7786659751037345,0.0256648123316814,0.99130809,0.0,0.99130809,0.0,0.0256648123316814
2018-02-28 18:00:00,0.88525,0.0316936472885943,1.0290643,0.0,1.0290643,0.0,0.0316936472885943
2018-02-28 19:00:00,0.991308091286307,0.0347297625700732,0.98396127,0.0,0.98396127,0.0,0.0347297625700732
2018-02-28 20:00:00,1.029064315352697,0.0365508631378897,0.85974931,0.0,0.85974931,0.0,0.0365508631378897
2018-02-28 21:00:00,0.9839612724757952,0.0394488194268555,0.66603389,0.0,0.66603389,0.0,0.0394488194268555
2018-02-28 22:00:00,0.8597493084370678,0.0462684733303005,0.46802905,0.0,0.46802905,0.0,0.0462684733303005
2018-02-28 23:00:00,0.6660338865836791,0.052365042370961,0.42346473,0.0,0.42346473,0.0,0.052365042370961
2018-03-01 00:00:00,0.4680290456431536,0.0562311215315632,0.41155394,0.0,0.41155394,0.0,0.0562311215315632
2018-03-01 01:00:00,0.4234647302904564,0.059145309236737,0.39798479,0.0,0.39798479,0.0,0.059145309236737
2018-03-01 02:00:00,0.4115539419087137,0.063114006364291,0.39971024,0.0,0.39971024,0.0,0.063114006364291
2018-03-01 03:00:00,0.397984785615491,0.0721743220197468,0.41679391,0.0,0.41679391,0.0,0.0721743220197468
2018-03-01 04:00:00,0.399710235131397,0.0817237694830986,0.45098271,0.0,0.45098271,0.0,0.0817237694830986
2018-03-01 05:00:00,0.4167939142461964,0.099867732806314,0.26790761,0.0,0.26790761,0.0,0.099867732806314
2018-03-01 06:00:00,0.4509827109266944,0.1209495305836098,0.23665253,0.0,0.23665253,0.0,0.1209495305836098
2018-03-01 07:00:00,0.5235563623789764,0.1341711241221927,0.0,0.0,0.0,0.072647298,0.1341711241221927
2018-03-01 08:00:00,0.6189343015214384,0.1289535279458829,0.0,0.0,0.0,0.18812958,0.1289535279458829
2018-03-01 09:00:00,0.6813094744121714,0.0961104591267485,0.0,0.0,0.0,0.25066695,0.0961104591267485
2018-03-01 10:00:00,0.719265560165975,0.0614596746920084,0.0,0.0,0.0,0.011120343,0.0614596746920084
2018-03-01 11:00:00,0.7394553941908713,0.0412253864947571,0.0,0.0,0.0,0.23371867,0.0412253864947571
2018-03-01 12:00:00,0.6949875518672198,0.0314242500501762,0.0,0.0,0.0,0.12275236,0.0314242500501762
2018-03-01 13:00:00,0.6862949515905947,0.0268210819773055,0.063687368,0.0,0.063687368,0.0,0.0268210819773055
2018-03-01 14:00:00,0.6523959197786997,0.0233722363334977,0.08746141,0.0,0.08746141,0.0,0.0233722363334977
2018-03-01 15:00:00,0.6280456431535268,0.0208819538693593,0.70684139,0.0,0.70684139,0.0,0.0208819538693593
2018-03-01 16:00:00,0.6702275242047027,0.0217804888240736,0.83521196,0.0,0.83521196,0.0,0.0217804888240736
2018-03-01 17:00:00,0.7419346473029046,0.0247197413221867,0.89348548,0.0,0.89348548,0.0,0.0247197413221867
2018-03-01 18:00:00,0.8352119640387274,0.0314040654038957,0.93944018,0.0,0.93944018,0.0,0.0314040654038957
2018-03-01 19:00:00,0.8934854771784232,0.0344009977077004,0.92767462,0.0,0.92767462,0.0,0.0344009977077004
2018-03-01 20:00:00,0.9394401798063624,0.0356308257935382,0.83568811,0.0,0.83568811,0.0,0.0356308257935382
2018-03-01 21:00:00,0.9276746196403872,0.039011498105813,0.60591978,0.0,0.60591978,0.0,0.039011498105813
2018-03-01 22:00:00,0.8356881051175655,0.0425269572327181,0.47742669,0.0,0.47742669,0.0,0.0425269572327181
2018-03-01 23:00:00,0.6059197786998617,0.0462440795142941,0.42277109,0.0,0.42277109,0.0,0.0462440795142941
2018-03-02 00:00:00,0.4774266943291839,0.0474887209723078,0.41072822,0.0,0.41072822,0.0,0.0474887209723078
2018-03-02 01:00:00,0.4227710926694329,0.0471084845701919,0.39704599,0.0,0.39704599,0.0,0.0471084845701919
2018-03-02 02:00:00,0.4107282157676349,0.0500743893788321,0.39940456,0.0,0.39940456,0.0,0.0500743893788321
2018-03-02 03:00:00,0.397045988934993,0.0578778856908124,0.41188071,0.0,0.41188071,0.0,0.0578778856908124
2018-03-02 04:00:00,0.3994045643153527,0.0664553573531318,0.43161486,0.0,0.43161486,0.0,0.0664553573531318
2018-03-02 05:00:00,0.4118807053941908,0.0775651651317693,0.2770349,0.0,0.2770349,0.0,0.0775651651317693
2018-03-02 06:00:00,0.4492977178423237,0.0901420674320688,0.098010835,0.0,0.098010835,0.0,0.0901420674320688
2018-03-02 07:00:00,0.5349000691562932,0.1039850582417153,0.0,0.0,0.0,0.057434325,0.1039850582417153
2018-03-02 08:00:00,0.6179360304287689,0.1135491876487714,0.0,0.0,0.0,0.20057444,0.1135491876487714
2018-03-02 09:00:00,0.679606846473029,0.118553779776793,0.0,0.0,0.0,0.26259653,0.118553779776793
2018-03-02 10:00:00,0.6889429460580911,0.1177271154440294,0.0,0.0,0.0,0.0,0.1177271154440294
2018-03-02 11:00:00,0.7030082987551867,0.1160859473707429,0.0,0.0,0.0,0.21018767,0.1160859473707429
2018-03-02 12:00:00,0.6954266943291839,0.1109334186636706,0.0,0.0,0.0,0.12253065,0.1109334186636706
2018-03-02 13:00:00,0.6770411479944675,0.1014313788333829,0.087214248,0.0,0.087214248,0.0,0.1014313788333829
2018-03-02 14:00:00,0.6355477178423234,0.0860517574648121,0.21465913,0.0,0.21465913,0.0,0.0860517574648121
2018-03-02 15:00:00,0.6376881051175656,0.079798262829391,0.72014678,0.0,0.72014678,0.0,0.079798262829391
2018-03-02 16:00:00,0.6836542185338865,0.0761276593093755,0.81619675,0.0,0.81619675,0.0,0.0761276593093755
2018-03-02 17:00:00,0.7512002074688797,0.0728386687317815,0.88358506,0.0,0.88358506,0.0,0.0728386687317815
2018-03-02 18:00:00,0.8161967496542185,0.0769080366097254,0.93244398,0.0,0.93244398,0.0,0.0769080366097254
2018-03-02 19:00:00,0.883585062240664,0.0834544576385761,0.92715145,0.0,0.92715145,0.0,0.0834544576385761
2018-03-02 20:00:00,0.9324439834024896,0.0847800002379778,0.84053354,0.0,0.84053354,0.0,0.0847800002379778
2018-03-02 21:00:00,0.9271514522821576,0.084139974710426,0.5982168,0.0,0.5982168,0.0,0.084139974710426
2018-03-02 22:00:00,0.8405335408022129,0.0854948327762208,0.47891113,0.0,0.47891113,0.0,0.0854948327762208
2018-03-02 23:00:00,0.598216804979253,0.087866597887021,0.43303008,0.0,0.43303008,0.0,0.087866597887021
2018-03-03 00:00:00,0.4789111341632088,0.0875511730144876,0.41314834,0.0,0.41314834,0.0,0.0875511730144876
2018-03-03 01:00:00,0.4330300829875518,0.0853402348488603,0.39963693,0.0,0.39963693,0.0,0.0853402348488603
2018-03-03 02:00:00,0.4131483402489627,0.0839719122820426,0.39820124,0.0,0.39820124,0.0,0.0839719122820426
2018-03-03 03:00:00,0.3996369294605809,0.0864438051361278,0.41237241,0.0,0.41237241,0.0,0.0864438051361278
2018-03-03 04:00:00,0.398201244813278,0.0909042315132082,0.41927717,0.0,0.41927717,0.0,0.0909042315132082
2018-03-03 05:00:00,0.4123724066390041,0.0990741192754441,0.22514718,0.0,0.22514718,0.0,0.0990741192754441
2018-03-03 06:00:00,0.4381964038727524,0.109215901024477,0.51251108,0.0,0.51251108,0.0,0.109215901024477
2018-03-03 07:00:00,0.4752323651452282,0.1201792698169079,0.58595607,0.0,0.58595607,0.0,0.1201792698169079
2018-03-03 08:00:00,0.5454367219917012,0.1232047636027173,0.73817877,0.0,0.73817877,0.0,0.1232047636027173
2018-03-03 09:00:00,0.6566051175656985,0.1220730468707226,0.21072426,0.0,0.21072426,0.0,0.1220730468707226
2018-03-03 10:00:00,0.7381787690179806,0.1095160871116247,0.21045583,0.0,0.21045583,0.0,0.1095160871116247
2018-03-03 11:00:00,0.7709377593360995,0.09111306097821,0.74065837,0.0,0.74065837,0.0,0.09111306097821
2018-03-03 12:00:00,0.7284588520055324,0.0619563498024297,0.70767185,0.0,0.70767185,0.0,0.0619563498024297
2018-03-03 13:00:00,0.7406583679114799,0.0430084731065653,0.39505047,0.0,0.39505047,0.0,0.0430084731065653
2018-03-03 14:00:00,0.7076718533886583,0.0313059609673403,0.44973689,0.0,0.44973689,0.0,0.0313059609673403
2018-03-03 15:00:00,0.6878042876901796,0.028350418256071,0.78552116,0.0,0.78552116,0.0,0.028350418256071
2018-03-03 16:00:00,0.7388450899031811,0.027144925189292,0.84565733,0.0,0.84565733,0.0,0.027144925189292
2018-03-03 17:00:00,0.7882271784232365,0.0294652568054325,0.9024101,0.0,0.9024101,0.0,0.0294652568054325
2018-03-03 18:00:00,0.8456573305670815,0.0364190784262355,0.96093603,0.0,0.96093603,0.0,0.0364190784262355
2018-03-03 19:00:00,0.9024100968188106,0.0432525081086621,0.94070747,0.0,0.94070747,0.0,0.0432525081086621
2018-03-03 20:00:00,0.9609360304287689,0.0479602517409784,0.84896853,0.0,0.84896853,0.0,0.0479602517409784
2018-03-03 21:00:00,0.940707468879668,0.0558248692094127,0.62813728,0.0,0.62813728,0.0,0.0558248692094127
2018-03-03 22:00:00,0.8489685338865836,0.0650216594977624,0.48063728,0.0,0.48063728,0.0,0.0650216594977624
2018-03-03 23:00:00,0.628137275242047,0.0766057442083926,0.42883748,0.0,0.42883748,0.0,0.0766057442083926
2018-03-04 00:00:00,0.4806372752420469,0.0870858055493933,0.40886584,0.0,0.40886584,0.0,0.0870858055493933
2018-03-04 01:00:00,0.4288374827109266,0.0913733861934631,0.39994433,0.0,0.39994433,0.0,0.0913733861934631
2018-03-04 02:00:00,0.4088658367911479,0.0985390705100404,0.39772545,0.0,0.39772545,0.0,0.0985390705100404
2018-03-04 03:00:00,0.3999443291839557,0.1109875983216519,0.41441321,0.0,0.41441321,0.0,0.1109875983216519
2018-03-04 04:00:00,0.397725449515906,0.1259277470926231,0.42057303,0.0,0.42057303,0.0,0.1259277470926231
2018-03-04 05:00:00,0.4144132088520055,0.1436257563194165,0.27469977,0.0,0.27469977,0.0,0.1436257563194165
2018-03-04 06:00:00,0.4368973029045644,0.1602848719014095,0.024499033,0.0,0.024499033,0.0,0.1602848719014095
2018-03-04 07:00:00,0.4785778008298755,0.1762858490373161,0.17411906,0.0,0.17411906,0.0,0.1762858490373161
2018-03-04 08:00:00,0.5570051867219916,0.1678210427027169,0.51976439,0.0,0.51976439,0.0,0.1678210427027169
2018-03-04 09:00:00,0.6707932226832641,0.1244329557499517,0.59026688,0.0,0.59026688,0.0,0.1244329557499517
2018-03-04 10:00:00,0.7560816044260026,0.078977644206308,0.74632158,0.0,0.74632158,0.0,0.078977644206308
2018-03-04 11:00:00,0.7687154218533885,0.0474551202460208,0.69310807,0.0,0.69310807,0.0,0.0474551202460208
2018-03-04 12:00:00,0.7463215767634853,0.0348395053436287,0.70551694,0.0,0.70551694,0.0,0.0348395053436287
2018-03-04 13:00:00,0.7491569847856154,0.0318409889808802,0.61638116,0.0,0.61638116,0.0,0.0318409889808802
2018-03-04 14:00:00,0.7055169432918396,0.0282455660051066,0.44425866,0.0,0.44425866,0.0,0.0282455660051066
2018-03-04 15:00:00,0.6969865145228215,0.0249166765105336,0.79213974,0.0,0.79213974,0.0,0.0249166765105336
2018-03-04 16:00:00,0.7306303596127247,0.024859256103141,0.85094606,0.0,0.85094606,0.0,0.024859256103141
2018-03-04 17:00:00,0.7934972337482712,0.0269814627574049,0.90391252,0.0,0.90391252,0.0,0.0269814627574049
2018-03-04 18:00:00,0.8509460580912861,0.0313309427528239,0.94575622,0.0,0.94575622,0.0,0.0313309427528239
2018-03-04 19:00:00,0.9039125172890734,0.0349762566680414,0.936389,0.0,0.936389,0.0,0.0349762566680414
2018-03-04 20:00:00,0.94575622406639,0.037544666441094,0.84773029,0.0,0.84773029,0.0,0.037544666441094
2018-03-04 21:00:00,0.9363890041493776,0.0386371517743984,0.61468015,0.0,0.61468015,0.0,0.0386371517743984
2018-03-04 22:00:00,0.8477302904564314,0.0414581809039116,0.47526279,0.0,0.47526279,0.0,0.0414581809039116
2018-03-04 23:00:00,0.614680152143845,0.046771121518879,0.42674205,0.0,0.42674205,0.0,0.046771121518879
2018-03-05 00:00:00,0.4752627939142462,0.0520300519494204,0.40789004,0.0,0.40789004,0.0,0.0520300519494204
2018-03-05 01:00:00,0.4267420470262794,0.0550824954891394,0.39904115,0.0,0.39904115,0.0,0.0550824954891394
2018-03-05 02:00:00,0.407890041493776,0.0591393465345117,0.40039177,0.0,0.40039177,0.0,0.0591393465345117
2018-03-05 03:00:00,0.3990411479944675,0.0689957797790805,0.41608817,0.0,0.41608817,0.0,0.0689957797790805
2018-03-05 04:00:00,0.4003917704011064,0.0825722059797304,0.44727455,0.0,0.44727455,0.0,0.0825722059797304
2018-03-05 05:00:00,0.4160881742738588,0.1033285003959284,0.52093625,0.0,0.52093625,0.0,0.1033285003959284
2018-03-05 06:00:00,0.4472745504840941,0.1279401175899438,0.61226003,0.0,0.61226003,0.0,0.1279401175899438
2018-03-05 07:00:00,0.5345425311203319,0.1514917710800194,0.67626833,0.0,0.67626833,0.0,0.1514917710800194
2018-03-05 08:00:00,0.6122600276625172,0.1331210279295345,0.53509972,0.0,0.53509972,0.0,0.1331210279295345
2018-03-05 09:00:00,0.676268326417704,0.0833648476316412,0.635616,0.0,0.635616,0.0,0.0833648476316412
2018-03-05 10:00:00,0.7047710926694328,0.0470171279480458,0.67598098,0.0,0.67598098,0.0,0.0470171279480458
2018-03-05 11:00:00,0.6841576763485476,0.0325941847981742,0.19904849,0.0,0.19904849,0.0,0.0325941847981742
2018-03-05 12:00:00,0.6759809820193637,0.0277564169039905,0.36678782,0.0,0.36678782,0.0,0.0277564169039905
2018-03-05 13:00:00,0.6873896957123098,0.0257530976779712,0.46987753,0.0,0.46987753,0.0,0.0257530976779712
2018-03-05 14:00:00,0.6618011756569846,0.022357591241657,0.10230613,0.0,0.10230613,0.0,0.022357591241657
2018-03-05 15:00:00,0.6573654910096818,0.0193991882318146,0.68852723,0.0,0.68852723,0.0,0.0193991882318146
2018-03-05 16:00:00,0.6735494467496541,0.0208271897005451,0.82750346,0.0,0.82750346,0.0,0.0208271897005451
2018-03-05 17:00:00,0.7361825726141079,0.0249797621767693,0.88995367,0.0,0.88995367,0.0,0.0249797621767693
2018-03-05 18:00:00,0.827503457814661,0.0292110257208764,0.94542393,0.0,0.94542393,0.0,0.0292110257208764
2018-03-05 19:00:00,0.8899536652835408,0.0328094127545432,0.92381328,0.0,0.92381328,0.0,0.0328094127545432
2018-03-05 20:00:00,0.945423928077455,0.0311381579372557,0.8277462,0.0,0.8277462,0.0,0.0311381579372557
2018-03-05 21:00:00,0.9238132780082988,0.0295497791470699,0.59725138,0.0,0.59725138,0.0,0.0295497791470699
2018-03-05 22:00:00,0.8277461964038726,0.0299431653136063,0.45879945,0.0,0.45879945,0.0,0.0299431653136063
2018-03-05 23:00:00,0.5972513831258642,0.0297031146693771,0.42724412,0.0,0.42724412,0.0,0.0297031146693771
2018-03-06 00:00:00,0.4587994467496541,0.0291556389961453,0.40965076,0.0,0.40965076,0.0,0.0291556389961453
2018-03-06 01:00:00,0.4272441217150761,0.0287527242654376,0.40100173,0.0,0.40100173,0.0,0.0287527242654376
2018-03-06 02:00:00,0.4096507607192254,0.0285885804806862,0.39869537,0.0,0.39869537,0.0,0.0285885804806862
2018-03-06 03:00:00,0.4010017289073305,0.0328655223358666,0.41124239,0.0,0.41124239,0.0,0.0328655223358666
2018-03-06 04:00:00,0.3986953665283541,0.0408392323527875,0.44821554,0.0,0.44821554,0.0,0.0408392323527875
2018-03-06 05:00:00,0.4112423928077454,0.0515114836225915,0.30874903,0.0,0.30874903,0.0,0.0515114836225915
2018-03-06 06:00:00,0.4495860995850623,0.0701700966290042,0.201296,0.0,0.201296,0.0,0.0701700966290042
2018-03-06 07:00:00,0.5304906639004149,0.0894225691830936,0.066991307,0.0,0.066991307,0.0,0.0894225691830936
2018-03-06 08:00:00,0.6156286307053941,0.0782669136198278,0.014022409,0.0,0.014022409,0.0,0.0782669136198278
2018-03-06 09:00:00,0.6708890041493775,0.0478377707816366,0.0087238219,0.0,0.0087238219,0.0,0.0478377707816366
2018-03-06 10:00:00,0.7110259336099585,0.0316645047544003,0.45907847,0.0,0.45907847,0.0,0.0316645047544003
2018-03-06 11:00:00,0.6961040802213001,0.0280304210561931,0.70855152,0.0,0.70855152,0.0,0.0280304210561931
2018-03-06 12:00:00,0.6924965421853388,0.025224755223249,0.040052021,0.0,0.040052021,0.0,0.025224755223249
2018-03-06 13:00:00,0.7085515214384508,0.0250611371523827,0.3901093,0.0,0.3901093,0.0,0.0250611371523827
2018-03-06 14:00:00,0.6603599585062241,0.0222132724042114,0.079787398,0.0,0.079787398,0.0,0.0222132724042114
2018-03-06 15:00:00,0.6516708160442599,0.0200825298165996,0.6806444,0.0,0.6806444,0.0,0.0200825298165996
2018-03-06 16:00:00,0.6757112724757952,0.020469507115837,0.82497994,0.0,0.82497994,0.0,0.020469507115837
2018-03-06 17:00:00,0.7391455739972338,0.0242634527975457,0.90394364,0.0,0.90394364,0.0,0.0242634527975457
2018-03-06 18:00:00,0.8249799446749653,0.0301787370138789,0.95723409,0.0,0.95723409,0.0,0.0301787370138789
2018-03-06 19:00:00,0.9039436376210236,0.0321756231620913,0.92963624,0.0,0.92963624,0.0,0.0321756231620913
2018-03-06 20:00:00,0.9572340940525584,0.0309598060430251,0.82362759,0.0,0.82362759,0.0,0.0309598060430251
2018-03-06 21:00:00,0.9296362378976486,0.0285465337457945,0.60917566,0.0,0.60917566,0.0,0.0285465337457945
2018-03-06 22:00:00,0.8236275933609958,0.028137936463024,0.47357815,0.0,0.47357815,0.0,0.028137936463024
2018-03-06 23:00:00,0.6091756569847855,0.0275028602550108,0.4181964,0.0,0.4181964,0.0,0.0275028602550108
2018-03-07 00:00:00,0.4735781466113416,0.023889141052571,0.40885443,0.0,0.40885443,0.0,0.023889141052571
2018-03-07 01:00:00,0.4181964038727524,0.0221007142944542,0.40461272,0.0,0.40461272,0.0,0.0221007142944542
2018-03-07 02:00:00,0.4088544260027663,0.0235399494388394,0.40174585,0.0,0.40174585,0.0,0.0235399494388394
2018-03-07 03:00:00,0.4046127247579529,0.0279073071650027,0.41171577,0.0,0.41171577,0.0,0.0279073071650027
2018-03-07 04:00:00,0.4017458506224067,0.0356205155758274,0.40799634,0.0,0.40799634,0.0,0.0356205155758274
2018-03-07 05:00:00,0.4117157676348547,0.0480656919614202,0.24633048,0.0,0.24633048,0.0,0.0480656919614202
2018-03-07 06:00:00,0.4421787690179806,0.059479504170162,0.058241868,0.0,0.058241868,0.0,0.059479504170162
2018-03-07 07:00:00,0.5302596818810511,0.0741349442858056,0.026109721,0.0,0.026109721,0.0,0.0741349442858056
2018-03-07 08:00:00,0.6118959197786997,0.0780489948384408,0.062538586,0.0,0.062538586,0.0,0.0780489948384408
2018-03-07 09:00:00,0.6772389349930844,0.0767903942933145,0.64161454,0.0,0.64161454,0.0,0.0767903942933145
2018-03-07 10:00:00,0.7271787690179805,0.0705297160543422,0.48627785,0.0,0.48627785,0.0,0.0705297160543422
2018-03-07 11:00:00,0.6986186030428768,0.0562447001678373,0.45901252,0.0,0.45901252,0.0,0.0562447001678373
2018-03-07 12:00:00,0.6933979944674965,0.0400977198348657,0.47183262,0.0,0.47183262,0.0,0.0400977198348657
2018-03-07 13:00:00,0.692207468879668,0.0284055974621634,0.35647916,0.0,0.35647916,0.0,0.0284055974621634
2018-03-07 14:00:00,0.6580145228215768,0.0227564489829733,0.18691907,0.0,0.18691907,0.0,0.0227564489829733
2018-03-07 15:00:00,0.6346659751037343,0.0203399186431116,0.72756322,0.0,0.72756322,0.0,0.0203399186431116
2018-03-07 16:00:00,0.6775594744121715,0.0210036324232975,0.81196093,0.0,0.81196093,0.0,0.0210036324232975
2018-03-07 17:00:00,0.7302866528354081,0.0254595279767615,0.88034405,0.0,0.88034405,0.0,0.0254595279767615
2018-03-07 18:00:00,0.8119609266943291,0.0304361777200506,0.94208887,0.0,0.94208887,0.0,0.0304361777200506
2018-03-07 19:00:00,0.8803440525587829,0.0321735998553618,0.93304633,0.0,0.93304633,0.0,0.0321735998553618
2018-03-07 20:00:00,0.942088865836791,0.0313462230419374,0.83600899,0.0,0.83600899,0.0,0.0313462230419374
2018-03-07 21:00:00,0.9330463347164591,0.0312388840259495,0.59599689,0.0,0.59599689,0.0,0.0312388840259495
2018-03-07 22:00:00,0.8360089903181188,0.0328253259755053,0.46356328,0.0,0.46356328,0.0,0.0328253259755053
2018-03-07 23:00:00,0.5959968879668048,0.0329470425745271,0.42117911,0.0,0.42117911,0.0,0.0329470425745271
2018-03-08 00:00:00,0.4635632780082987,0.0307863273781653,0.41076072,0.0,0.41076072,0.0,0.0307863273781653
2018-03-08 01:00:00,0.4211791147994467,0.0295519580927787,0.39792981,0.0,0.39792981,0.0,0.0295519580927787
2018-03-08 02:00:00,0.4107607192254496,0.028807325877985,0.39871369,0.0,0.39871369,0.0,0.028807325877985
2018-03-08 03:00:00,0.3979298063623789,0.034273771488815,0.41155221,0.0,0.41155221,0.0,0.034273771488815
2018-03-08 04:00:00,0.3987136929460581,0.0440722586121057,0.44367408,0.0,0.44367408,0.0,0.0440722586121057
2018-03-08 05:00:00,0.4115522130013831,0.0582433848109203,0.42253078,0.0,0.42253078,0.0,0.0582433848109203
2018-03-08 06:00:00,0.4504588520055325,0.0753523005014438,0.61433714,0.0,0.61433714,0.0,0.0753523005014438
2018-03-08 07:00:00,0.5369464038727524,0.0936537082160175,0.51372056,0.0,0.51372056,0.0,0.0936537082160175
2018-03-08 08:00:00,0.6143371369294606,0.0919075945083791,0.72140387,0.0,0.72140387,0.0,0.0919075945083791
2018-03-08 09:00:00,0.6701912171507606,0.0661328630122985,0.50628974,0.0,0.50628974,0.0,0.0661328630122985
2018-03-08 10:00:00,0.7214038727524203,0.0426913777089884,0.49797019,0.0,0.49797019,0.0,0.0426913777089884
2018-03-08 11:00:00,0.7101556016597509,0.0315493664962325,0.40700022,0.0,0.40700022,0.0,0.0315493664962325
2018-03-08 12:00:00,0.6920121023513138,0.0268467174465019,0.095584105,0.0,0.095584105,0.0,0.0268467174465019
2018-03-08 13:00:00,0.6910774550484095,0.0251269966510918,0.55730563,0.0,0.55730563,0.0,0.0251269966510918
2018-03-08 14:00:00,0.6547188796680496,0.0218620125213781,0.054135447,0.0,0.054135447,0.0,0.0218620125213781
2018-03-08 15:00:00,0.6542686721991701,0.0197753987723352,0.66572944,0.0,0.66572944,0.0,0.0197753987723352
2018-03-08 16:00:00,0.6670715767634854,0.0210340442798332,0.82402386,0.0,0.82402386,0.0,0.0210340442798332
2018-03-08 17:00:00,0.7337064315352698,0.0241602745302686,0.88696127,0.0,0.88696127,0.0,0.0241602745302686
2018-03-08 18:00:00,0.8240238589211617,0.0302248338208737,0.95516598,0.0,0.95516598,0.0,0.0302248338208737
2018-03-08 19:00:00,0.8869612724757953,0.0321030400594807,0.9365204,0.0,0.9365204,0.0,0.0321030400594807
2018-03-08 20:00:00,0.9551659751037342,0.0316711384335581,0.82540041,0.0,0.82540041,0.0,0.0316711384335581
2018-03-08 21:00:00,0.9365204011065006,0.0296108587997958,0.61751521,0.0,0.61751521,0.0,0.0296108587997958
2018-03-08 22:00:00,0.8254004149377592,0.0297690986792697,0.46946715,0.0,0.46946715,0.0,0.0297690986792697
2018-03-08 23:00:00,0.617515214384509,0.0286016956586667,0.42389938,0.0,0.42389938,0.0,0.0286016956586667
2018-03-09 00:00:00,0.4694671507607192,0.0257851800595502,0.41649896,0.0,0.41649896,0.0,0.0257851800595502
2018-03-09 01:00:00,0.4238993775933609,0.0218461511800757,0.40274689,0.0,0.40274689,0.0,0.0218461511800757
2018-03-09 02:00:00,0.4164989626556017,0.0213090410628585,0.40193776,0.0,0.40193776,0.0,0.0213090410628585
2018-03-09 03:00:00,0.4027468879668049,0.0247313865764748,0.41344952,0.0,0.41344952,0.0,0.0247313865764748
2018-03-09 04:00:00,0.4019377593360996,0.0307145639741786,0.42314702,0.0,0.42314702,0.0,0.0307145639741786
2018-03-09 05:00:00,0.4134495159059475,0.0384908130888672,0.22046867,0.0,0.22046867,0.0,0.0384908130888672
2018-03-09 06:00:00,0.4505065698478562,0.0503875350049812,0.19116231,0.0,0.19116231,0.0,0.0503875350049812
2018-03-09 07:00:00,0.5183955739972337,0.0643882918598762,0.055952844,0.0,0.055952844,0.0,0.0643882918598762
2018-03-09 08:00:00,0.6180183264177039,0.0629245072605056,0.0,0.0,0.0,0.10671823,0.0629245072605056
2018-03-09 09:00:00,0.6900414937759335,0.0474385325894821,0.0,0.0,0.0,0.11426305,0.0474385325894821
2018-03-09 10:00:00,0.7214139004149376,0.0336669039811204,0.0,0.0,0.0,0.043962781,0.0336669039811204
2018-03-09 11:00:00,0.7191120331950207,0.0274346972994093,0.0,0.0,0.0,0.27440746,0.0274346972994093
2018-03-09 12:00:00,0.6853571922544951,0.0270143302511677,0.16725727,0.0,0.16725727,0.0,0.0270143302511677
2018-03-09 13:00:00,0.6746386583679114,0.0256159071057729,0.15286462,0.0,0.15286462,0.0,0.0256159071057729
2018-03-09 14:00:00,0.6367143845089902,0.0222223375100888,0.17317565,0.0,0.17317565,0.0,0.0222223375100888
2018-03-09 15:00:00,0.6363063623789763,0.0194961340226357,0.66377018,0.0,0.66377018,0.0,0.0194961340226357
2018-03-09 16:00:00,0.6663278008298754,0.0209641796713925,0.82747199,0.0,0.82747199,0.0,0.0209641796713925
2018-03-09 17:00:00,0.7299674965421853,0.0245991868275426,0.9071601,0.0,0.9071601,0.0,0.0245991868275426
2018-03-09 18:00:00,0.8274719917012446,0.0313240289235038,0.93873686,0.0,0.93873686,0.0,0.0313240289235038
2018-03-09 19:00:00,0.9071600968188106,0.0323062734385191,0.93147337,0.0,0.93147337,0.0,0.0323062734385191
2018-03-09 20:00:00,0.9387368603042876,0.0310344608733811,0.84080602,0.0,0.84080602,0.0,0.0310344608733811
2018-03-09 21:00:00,0.9314733748271092,0.0302430470400838,0.60100311,0.0,0.60100311,0.0,0.0302430470400838
2018-03-09 22:00:00,0.8408060165975102,0.031145452217414,0.47526591,0.0,0.47526591,0.0,0.031145452217414
2018-03-09 23:00:00,0.6010031120331949,0.0315197051654411,0.4274713,0.0,0.4274713,0.0,0.0315197051654411
2018-03-10 00:00:00,0.4752659059474412,0.0286266739855061,0.40930671,0.0,0.40930671,0.0,0.0286266739855061
2018-03-10 01:00:00,0.4274713001383126,0.0255342208522011,0.40125,0.0,0.40125,0.0,0.0255342208522011
2018-03-10 02:00:00,0.4093067081604426,0.0240001842762639,0.39823064,0.0,0.39823064,0.0,0.0240001842762639
2018-03-10 03:00:00,0.40125,0.0256263452933114,0.41105982,0.0,0.41105982,0.0,0.0256263452933114
2018-03-10 04:00:00,0.3982306362378977,0.0290012036250518,0.38364413,0.0,0.38364413,0.0,0.0290012036250518
2018-03-10 05:00:00,0.4110598201936376,0.0339961668882267,0.16060613,0.0,0.16060613,0.0,0.0339961668882267
2018-03-10 06:00:00,0.4328129322268327,0.0407174189117341,0.0,0.0,0.0,0.026794855,0.0407174189117341
2018-03-10 07:00:00,0.4785992392807745,0.0490123331952829,0.0,0.0,0.0,0.12398414,0.0490123331952829
2018-03-10 08:00:00,0.5584751037344398,0.0570337033262787,0.0,0.0,0.0,0.17287965,0.0570337033262787
2018-03-10 09:00:00,0.678216459197787,0.0628384319877206,0.0,0.0,0.0,0.26019055,0.0628384319877206
2018-03-10 10:00:00,0.7760985477178423,0.0624136759202652,0.0,0.0,0.0,0.0059103498,0.0624136759202652
2018-03-10 11:00:00,0.764326417704011,0.0577880301201545,0.0,0.0,0.0,0.21762305,0.0577880301201545
2018-03-10 12:00:00,0.7310695020746887,0.0502409230865754,0.0,0.0,0.0,0.095421555,0.0502409230865754
2018-03-10 13:00:00,0.7355653526970954,0.0448646685348696,0.11887002,0.0,0.11887002,0.0,0.0448646685348696
2018-03-10 14:00:00,0.7137244121715074,0.0389775100113997,0.12211989,0.0,0.12211989,0.0,0.0389775100113997
2018-03-10 15:00:00,0.717987897648686,0.0340148643175943,0.6988317,0.0,0.6988317,0.0,0.0340148643175943
2018-03-10 16:00:00,0.7373354080221299,0.0327499067848292,0.8474668,0.0,0.8474668,0.0,0.0327499067848292
2018-03-10 17:00:00,0.7705712309820195,0.036276336730446,0.90516667,0.0,0.90516667,0.0,0.036276336730446
2018-03-10 18:00:00,0.847466804979253,0.0467240701261452,0.95789073,0.0,0.95789073,0.0,0.0467240701261452
2018-03-10 19:00:00,0.9051666666666668,0.0525158945868892,0.94064108,0.0,0.94064108,0.0,0.0525158945868892
2018-03-10 20:00:00,0.957890733056708,0.0550303149273796,0.82416044,0.0,0.82416044,0.0,0.0550303149273796
2018-03-10 21:00:00,0.9406410788381742,0.057330686709099,0.61244502,0.0,0.61244502,0.0,0.057330686709099
2018-03-10 22:00:00,0.8241604426002765,0.0584401954880839,0.47623617,0.0,0.47623617,0.0,0.0584401954880839
2018-03-10 23:00:00,0.6124450207468879,0.0597994702422441,0.40513071,0.0,0.40513071,0.0,0.0597994702422441
2018-03-11 00:00:00,0.4762361687413554,0.1058032777590948,0.30068292,0.0,0.30068292,0.0,0.1058032777590948
2018-03-11 01:00:00,0.4051307053941909,0.0468733521177053,0.09995332,0.0,0.09995332,0.0,0.0468733521177053
2018-03-11 02:00:00,0.3006829183955739,0.0503799363641523,0.40144779,0.0,0.40144779,0.0,0.0503799363641523
2018-03-11 03:00:00,0.0999533195020746,0.0,0.41361272,0.0,0.41361272,0.0,0.0
2018-03-11 04:00:00,0.4014477869986169,0.0560742789442579,0.41232358,0.0,0.41232358,0.0,0.0560742789442579
2018-03-11 05:00:00,0.4136127247579529,0.0627327289103362,0.2399237,0.0,0.2399237,0.0,0.0627327289103362
2018-03-11 06:00:00,0.4380695020746889,0.0706585297908155,0.0,0.0,0.0,0.026485025,0.0706585297908155
2018-03-11 07:00:00,0.4736486860304287,0.0774364966583433,0.0,0.0,0.0,0.12112698,0.0774364966583433
2018-03-11 08:00:00,0.5600110650069156,0.0822593508796755,0.0,0.0,0.0,0.18887704,0.0822593508796755
2018-03-11 09:00:00,0.6778004840940525,0.079345661219235,0.0,0.0,0.0,0.25145245,0.079345661219235
2018-03-11 10:00:00,0.7507306362378976,0.0687239061515708,0.0,0.0,0.0,0.0,0.0687239061515708
2018-03-11 11:00:00,0.7619585062240664,0.0575811928340867,0.0,0.0,0.0,0.15914141,0.0575811928340867
2018-03-11 12:00:00,0.7552818118948823,0.0482851844258188,0.0,0.0,0.0,0.098136402,0.0482851844258188
2018-03-11 13:00:00,0.7567292531120332,0.0368724928177275,0.11430825,0.0,0.11430825,0.0,0.0368724928177275
2018-03-11 14:00:00,0.7023734439834024,0.0283987908508062,0.11598856,0.0,0.11598856,0.0,0.0283987908508062
2018-03-11 15:00:00,0.7048298755186722,0.0251330285261969,0.72641127,0.0,0.72641127,0.0,0.0251330285261969
2018-03-11 16:00:00,0.7276663208852006,0.0265766526897951,0.85300588,0.0,0.85300588,0.0,0.0265766526897951
2018-03-11 17:00:00,0.7979156293222683,0.0309368510229153,0.92033645,0.0,0.92033645,0.0,0.0309368510229153
2018-03-11 18:00:00,0.8530058782849238,0.0340551056403277,0.95019467,0.0,0.95019467,0.0,0.0340551056403277
2018-03-11 19:00:00,0.9203364453665284,0.0325052665200358,0.93675311,0.0,0.93675311,0.0,0.0325052665200358
2018-03-11 20:00:00,0.9501946749654218,0.0295040074526095,0.83741079,0.0,0.83741079,0.0,0.0295040074526095
2018-03-11 21:00:00,0.9367531120331948,0.0283941597265139,0.61192531,0.0,0.61192531,0.0,0.0283941597265139
2018-03-11 22:00:00,0.8374107883817425,0.0271995268018391,0.48296196,0.0,0.48296196,0.0,0.0271995268018391
2018-03-11 23:00:00,0.6119253112033195,0.0253627516594951,0.43084059,0.0,0.43084059,0.0,0.0253627516594951
2018-03-12 00:00:00,0.4829619640387275,0.0220702263477513,0.41851245,0.0,0.41851245,0.0,0.0220702263477513
2018-03-12 01:00:00,0.4308405947441217,0.0221363244928953,0.40020851,0.0,0.40020851,0.0,0.0221363244928953
2018-03-12 02:00:00,0.4185124481327801,0.025952225646603,0.4001556,0.0,0.4001556,0.0,0.025952225646603
2018-03-12 03:00:00,0.4002085062240664,0.0308566485276116,0.41495228,0.0,0.41495228,0.0,0.0308566485276116
2018-03-12 04:00:00,0.400155601659751,0.0396654446753931,0.38821574,0.0,0.38821574,0.0,0.0396654446753931
2018-03-12 05:00:00,0.4149522821576763,0.0508387081951723,0.2031,0.0,0.2031,0.0,0.0508387081951723
2018-03-12 06:00:00,0.4459678423236515,0.0651144929608888,0.029282523,0.0,0.029282523,0.0,0.0651144929608888
2018-03-12 07:00:00,0.5196773858921161,0.0719016425281893,0.0,0.0,0.0,0.11416055,0.0719016425281893
2018-03-12 08:00:00,0.610973029045643,0.0664414639802553,0.0,0.0,0.0,0.12564205,0.0664414639802553
2018-03-12 09:00:00,0.6768039419087136,0.0484700800744639,0.0,0.0,0.0,0.12790997,0.0484700800744639
2018-03-12 10:00:00,0.718881396957123,0.0338131977042798,0.0,0.0,0.0,0.0,0.0338131977042798
2018-03-12 11:00:00,0.7133464730290455,0.028128449402581,0.0,0.0,0.0,0.0,0.028128449402581
2018-03-12 12:00:00,0.6959795988934993,0.0249752244358645,0.0,0.0,0.0,0.13685589,0.0249752244358645
2018-03-12 13:00:00,0.6982202627939142,0.0218445152414721,0.12156716,0.0,0.12156716,0.0,0.0218445152414721
2018-03-12 14:00:00,0.650165283540802,0.0206378289425192,0.16340607,0.0,0.16340607,0.0,0.0206378289425192
2018-03-12 15:00:00,0.643472683264177,0.0207923784488641,0.67865055,0.0,0.67865055,0.0,0.0207923784488641
2018-03-12 16:00:00,0.6663160442600276,0.0245494757375866,0.82063001,0.0,0.82063001,0.0,0.0245494757375866
2018-03-12 17:00:00,0.729051175656985,0.0304099266122256,0.88762932,0.0,0.88762932,0.0,0.0304099266122256
2018-03-12 18:00:00,0.8206300138312586,0.0330584627904142,0.95051245,0.0,0.95051245,0.0,0.0330584627904142
2018-03-12 19:00:00,0.8876293222683265,0.030421737881425,0.95185512,0.0,0.95185512,0.0,0.030421737881425
2018-03-12 20:00:00,0.95051244813278,0.028548332240665,0.82989212,0.0,0.82989212,0.0,0.028548332240665
2018-03-12 21:00:00,0.9518551175656984,0.0295763207809893,0.61263797,0.0,0.61263797,0.0,0.0295763207809893
2018-03-12 22:00:00,0.8298921161825725,0.0290106976027829,0.47531259,0.0,0.47531259,0.0,0.0290106976027829
2018-03-12 23:00:00,0.6126379668049792,0.026019060482915,0.42876902,0.0,0.42876902,0.0,0.026019060482915
2018-03-13 00:00:00,0.4753125864453665,0.0217485309536776,0.40971577,0.0,0.40971577,0.0,0.0217485309536776
2018-03-13 01:00:00,0.4287690179806362,0.0193545924763078,0.40027317,0.0,0.40027317,0.0,0.0193545924763078
2018-03-13 02:00:00,0.4097157676348548,0.0209844023627563,0.39872752,0.0,0.39872752,0.0,0.0209844023627563
2018-03-13 03:00:00,0.4002731673582295,0.0243641823448835,0.41452766,0.0,0.41452766,0.0,0.0243641823448835
2018-03-13 04:00:00,0.3987275242047026,0.0321065747936302,0.43596282,0.0,0.43596282,0.0,0.0321065747936302
2018-03-13 05:00:00,0.414527662517289,0.0413188736415962,0.44590712,0.0,0.44590712,0.0,0.0413188736415962
2018-03-13 06:00:00,0.4494384508990319,0.0551281115446206,0.26718703,0.0,0.26718703,0.0,0.0551281115446206
2018-03-13 07:00:00,0.5334809820193637,0.0613322893754996,0.0,0.0,0.0,0.10875691,0.0613322893754996
2018-03-13 08:00:00,0.5994087136929459,0.061171652655746,0.0,0.0,0.0,0.21673905,0.061171652655746
2018-03-13 09:00:00,0.6708087828492392,0.0580739873459597,0.0,0.0,0.0,0.30577754,0.0580739873459597
2018-03-13 10:00:00,0.7154588520055325,0.0525983970804408,0.0,0.0,0.0,0.024074831,0.0525983970804408
2018-03-13 11:00:00,0.6990114107883817,0.0407049228310263,0.0,0.0,0.0,0.23422887,0.0407049228310263
2018-03-13 12:00:00,0.6921085753803595,0.0304020166934383,0.0,0.0,0.0,0.12801802,0.0304020166934383
2018-03-13 13:00:00,0.6945982019363761,0.0242508183710785,0.058945815,0.0,0.058945815,0.0,0.0242508183710785
2018-03-13 14:00:00,0.6561984785615489,0.0209817184550261,0.047565715,0.0,0.047565715,0.0,0.0209817184550261
2018-03-13 15:00:00,0.6361753112033194,0.0224989287279898,0.6492253,0.0,0.6492253,0.0,0.0224989287279898
2018-03-13 16:00:00,0.6603845089903181,0.0256945739631482,0.82543949,0.0,0.82543949,0.0,0.0256945739631482
2018-03-13 17:00:00,0.723362724757953,0.0313643221258963,0.89210166,0.0,0.89210166,0.0,0.0313643221258963
2018-03-13 18:00:00,0.82543948824343,0.0330391082186896,0.94017531,0.0,0.94017531,0.0,0.0330391082186896
2018-03-13 19:00:00,0.8921016597510373,0.0326788039818428,0.93748444,0.0,0.93748444,0.0,0.0326788039818428
2018-03-13 20:00:00,0.9401753112033192,0.0315602300969805,0.84204253,0.0,0.84204253,0.0,0.0315602300969805
2018-03-13 21:00:00,0.9374844398340249,0.0313398937234501,0.59987206,0.0,0.59987206,0.0,0.0313398937234501
2018-03-13 22:00:00,0.8420425311203318,0.0316289741047708,0.470574,0.0,0.470574,0.0,0.0316289741047708
2018-03-13 23:00:00,0.599872060857538,0.0289755474039916,0.41645816,0.0,0.41645816,0.0,0.0289755474039916
2018-03-14 00:00:00,0.4705739972337482,0.0250687046654154,0.40599965,0.0,0.40599965,0.0,0.0250687046654154
2018-03-14 01:00:00,0.4164581604426002,0.0244653269294994,0.39922199,0.0,0.39922199,0.0,0.0244653269294994
2018-03-14 02:00:00,0.4059996542185339,0.0263726549504365,0.40376245,0.0,0.40376245,0.0,0.0263726549504365
2018-03-14 03:00:00,0.3992219917012448,0.0302568574055049,0.41529011,0.0,0.41529011,0.0,0.0302568574055049
2018-03-14 04:00:00,0.4037624481327801,0.0389022430010588,0.38570349,0.0,0.38570349,0.0,0.0389022430010588
2018-03-14 05:00:00,0.4152901106500691,0.0524597642537021,0.21031998,0.0,0.21031998,0.0,0.0524597642537021
2018-03-14 06:00:00,0.4470653526970955,0.0703368828177581,0.040157812,0.0,0.040157812,0.0,0.0703368828177581
2018-03-14 07:00:00,0.5334263485477179,0.0784026723134175,0.0,0.0,0.0,0.095097549,0.0784026723134175
2018-03-14 08:00:00,0.62059163208852,0.0669109403144003,0.0,0.0,0.0,0.22043886,0.0669109403144003
2018-03-14 09:00:00,0.6908150069156292,0.045935966215139,0.0,0.0,0.0,0.29590985,0.045935966215139
2018-03-14 10:00:00,0.7114094052558781,0.0337284297989199,0.0,0.0,0.0,0.0089949451,0.0337284297989199
2018-03-14 11:00:00,0.7074042185338865,0.0283238558702877,0.0,0.0,0.0,0.22772787,0.0283238558702877
2018-03-14 12:00:00,0.707247233748271,0.0259967487705859,0.0,0.0,0.0,0.13832755,0.0259967487705859
2018-03-14 13:00:00,0.711698478561549,0.0215989826465312,0.051069663,0.0,0.051069663,0.0,0.0215989826465312
2018-03-14 14:00:00,0.6588177731673581,0.0197183622744247,0.040002091,0.0,0.040002091,0.0,0.0197183622744247
2018-03-14 15:00:00,0.6415912863070539,0.0208250038375485,0.64773031,0.0,0.64773031,0.0,0.0208250038375485
2018-03-14 16:00:00,0.6542659059474412,0.0252555440719787,0.82231985,0.0,0.82231985,0.0,0.0252555440719787
2018-03-14 17:00:00,0.7268692946058092,0.0314636163359816,0.90265906,0.0,0.90265906,0.0,0.0314636163359816
2018-03-14 18:00:00,0.8223198478561548,0.0323944100631179,0.94830567,0.0,0.94830567,0.0,0.0323944100631179
2018-03-14 19:00:00,0.9026590594744124,0.0309043121003304,0.92799896,0.0,0.92799896,0.0,0.0309043121003304
2018-03-14 20:00:00,0.948305670816044,0.02941638270732,0.82719018,0.0,0.82719018,0.0,0.02941638270732
2018-03-14 21:00:00,0.9279989626556016,0.0306731674643556,0.60342566,0.0,0.60342566,0.0,0.0306731674643556
2018-03-14 22:00:00,0.8271901798063623,0.0302596762003506,0.47443396,0.0,0.47443396,0.0,0.0302596762003506
2018-03-14 23:00:00,0.6034256569847856,0.0291619510214127,0.41365837,0.0,0.41365837,0.0,0.0291619510214127
2018-03-15 00:00:00,0.4744339557399722,0.0274694947165144,0.41118603,0.0,0.41118603,0.0,0.0274694947165144
2018-03-15 01:00:00,0.4136583679114799,0.0271178267136915,0.40229979,0.0,0.40229979,0.0,0.0271178267136915
2018-03-15 02:00:00,0.4111860304287691,0.0332052234305111,0.39967808,0.0,0.39967808,0.0,0.0332052234305111
2018-03-15 03:00:00,0.4022997925311203,0.0398641541481032,0.41573721,0.0,0.41573721,0.0,0.0398641541481032
2018-03-15 04:00:00,0.3996780774550484,0.0470263763620541,0.43421983,0.0,0.43421983,0.0,0.0470263763620541
2018-03-15 05:00:00,0.4157372060857537,0.0614639668691903,0.4660402,0.0,0.4660402,0.0,0.0614639668691903
2018-03-15 06:00:00,0.4489457123098202,0.0817096028773473,0.33288442,0.0,0.33288442,0.0,0.0817096028773473
2018-03-15 07:00:00,0.5230432226832641,0.0900818213125423,0.0,0.0,0.0,0.13281177,0.0900818213125423
2018-03-15 08:00:00,0.5949190871369294,0.0761809915995813,0.0,0.0,0.0,0.22860313,0.0761809915995813
2018-03-15 09:00:00,0.6638191562932226,0.0544768177549748,0.0,0.0,0.0,0.31413293,0.0544768177549748
2018-03-15 10:00:00,0.7153495850622407,0.0374033531652688,0.0,0.0,0.0,0.045670993,0.0374033531652688
2018-03-15 11:00:00,0.7014031811894882,0.0294190700736942,0.0,0.0,0.0,0.24123107,0.0294190700736942
2018-03-15 12:00:00,0.6827932226832641,0.0262450759498645,0.0,0.0,0.0,0.16214713,0.0262450759498645
2018-03-15 13:00:00,0.7027216459197787,0.0219606841755466,0.034768925,0.0,0.034768925,0.0,0.0219606841755466
2018-03-15 14:00:00,0.6401158367911479,0.020067457046125,0.04713071,0.0,0.04713071,0.0,0.020067457046125
2018-03-15 15:00:00,0.6309028354080221,0.0215201428569567,0.65576694,0.0,0.65576694,0.0,0.0215201428569567
2018-03-15 16:00:00,0.6699526279391423,0.025057578207725,0.81723237,0.0,0.81723237,0.0,0.025057578207725
2018-03-15 17:00:00,0.7377970262793915,0.03043708042613,0.88943499,0.0,0.88943499,0.0,0.03043708042613
2018-03-15 18:00:00,0.8172323651452281,0.032931537473555,0.93052939,0.0,0.93052939,0.0,0.032931537473555
2018-03-15 19:00:00,0.8894349930843707,0.0313246756899283,0.92607953,0.0,0.92607953,0.0,0.0313246756899283
2018-03-15 20:00:00,0.9305293914246195,0.0298680504836008,0.82477213,0.0,0.82477213,0.0,0.0298680504836008
2018-03-15 21:00:00,0.926079529737206,0.0294839784453083,0.60155152,0.0,0.60155152,0.0,0.0294839784453083
2018-03-15 22:00:00,0.8247721300138311,0.0293721846958713,0.47311826,0.0,0.47311826,0.0,0.0293721846958713
2018-03-15 23:00:00,0.6015515214384508,0.0281819892114254,0.44120367,0.0,0.44120367,0.0,0.0281819892114254
2018-03-16 00:00:00,0.4731182572614107,0.0279132283635002,0.415713,0.0,0.415713,0.0,0.0279132283635002
2018-03-16 01:00:00,0.4412036652835408,0.0294773240142867,0.4021639,0.0,0.4021639,0.0,0.0294773240142867
2018-03-16 02:00:00,0.4157130013831259,0.0357295043649948,0.39975069,0.0,0.39975069,0.0,0.0357295043649948
2018-03-16 03:00:00,0.4021639004149377,0.043524347149732,0.41446611,0.0,0.41446611,0.0,0.043524347149732
2018-03-16 04:00:00,0.3997506915629322,0.0539632402514125,0.37712687,0.0,0.37712687,0.0,0.0539632402514125
2018-03-16 05:00:00,0.4144661134163209,0.0685272130683028,0.36779859,0.0,0.36779859,0.0,0.0685272130683028
2018-03-16 06:00:00,0.4495719225449516,0.0841651501799723,0.22008474,0.0,0.22008474,0.0,0.0841651501799723
2018-03-16 07:00:00,0.5292790456431535,0.0941594103872323,0.0,0.0,0.0,0.13858761,0.0941594103872323
2018-03-16 08:00:00,0.6172773167358229,0.0938681787293544,0.0,0.0,0.0,0.23626315,0.0938681787293544
2018-03-16 09:00:00,0.6734370677731673,0.0803137875495151,0.0,0.0,0.0,0.31857573,0.0803137875495151
2018-03-16 10:00:00,0.7156735822959889,0.0613387017014428,0.0,0.0,0.0,0.03562092,0.0613387017014428
2018-03-16 11:00:00,0.706601313969571,0.0476479949863326,0.0,0.0,0.0,0.27878017,0.0476479949863326
2018-03-16 12:00:00,0.6987257952973719,0.0377234472071783,0.0,0.0,0.0,0.17848921,0.0377234472071783
2018-03-16 13:00:00,0.6792638312586445,0.0285319244336136,0.025837242,0.0,0.025837242,0.0,0.0285319244336136
2018-03-16 14:00:00,0.6383852005532502,0.0248056505800606,0.03927124,0.0,0.03927124,0.0,0.0248056505800606
2018-03-16 15:00:00,0.6361037344398339,0.0243227547072646,0.65448225,0.0,0.65448225,0.0,0.0243227547072646
2018-03-16 16:00:00,0.6633423236514522,0.0274938643220127,0.81427455,0.0,0.81427455,0.0,0.0274938643220127
2018-03-16 17:00:00,0.7394197786998616,0.0323531034780383,0.88078492,0.0,0.88078492,0.0,0.0323531034780383
2018-03-16 18:00:00,0.8142745504840939,0.0363080352025429,0.93848513,0.0,0.93848513,0.0,0.0363080352025429
2018-03-16 19:00:00,0.8807849239280775,0.0364201886509541,0.92453942,0.0,0.92453942,0.0,0.0364201886509541
2018-03-16 20:00:00,0.9384851313969572,0.0396965759298771,0.82832953,0.0,0.82832953,0.0,0.0396965759298771
2018-03-16 21:00:00,0.9245394190871368,0.0441113101613086,0.6126971,0.0,0.6126971,0.0,0.0441113101613086
2018-03-16 22:00:00,0.828329529737206,0.0498123313829439,0.46819225,0.0,0.46819225,0.0,0.0498123313829439
2018-03-16 23:00:00,0.6126970954356844,0.0524310886364456,0.4278897,0.0,0.4278897,0.0,0.0524310886364456
2018-03-17 00:00:00,0.468192254495159,0.0519920034069723,0.41875346,0.0,0.41875346,0.0,0.0519920034069723
2018-03-17 01:00:00,0.4278896957123098,0.0537626873214601,0.39860304,0.0,0.39860304,0.0,0.0537626873214601
2018-03-17 02:00:00,0.4187534578146612,0.0584657756189765,0.39943672,0.0,0.39943672,0.0,0.0584657756189765
2018-03-17 03:00:00,0.3986030428769018,0.0647086833451685,0.41307815,0.0,0.41307815,0.0,0.0647086833451685
2018-03-17 04:00:00,0.3994367219917012,0.0735153385923247,0.35368446,0.0,0.35368446,0.0,0.0735153385923247
2018-03-17 05:00:00,0.4130781466113416,0.083392288512996,0.26007182,0.0,0.26007182,0.0,0.083392288512996
2018-03-17 06:00:00,0.4367946058091286,0.0965803885432555,0.10900951,0.0,0.10900951,0.0,0.0965803885432555
2018-03-17 07:00:00,0.4800919778699862,0.1066776782961011,0.0,0.0,0.0,0.17863022,0.1066776782961011
2018-03-17 08:00:00,0.5605342323651452,0.0967482434529998,0.0,0.0,0.0,0.22163086,0.0967482434529998
2018-03-17 09:00:00,0.6640352697095434,0.0677969861056948,0.0,0.0,0.0,0.28166247,0.0677969861056948
2018-03-17 10:00:00,0.755399377593361,0.0445898861877709,0.0,0.0,0.0,0.013849532,0.0445898861877709
2018-03-17 11:00:00,0.7755062240663899,0.0337340189675949,0.0,0.0,0.0,0.22937231,0.0337340189675949
2018-03-17 12:00:00,0.7576445366528354,0.0313328968866739,0.0,0.0,0.0,0.12698796,0.0313328968866739
2018-03-17 13:00:00,0.7488163900414937,0.0275509734514472,0.17926362,0.0,0.17926362,0.0,0.0275509734514472
2018-03-17 14:00:00,0.7062396265560165,0.0243485492740838,0.090297869,0.0,0.090297869,0.0,0.0243485492740838
2018-03-17 15:00:00,0.6969349930843706,0.0242692114397762,0.69588319,0.0,0.69588319,0.0,0.0242692114397762
2018-03-17 16:00:00,0.7256355463347164,0.0261110638714861,0.85945297,0.0,0.85945297,0.0,0.0261110638714861
2018-03-17 17:00:00,0.7855,0.0323280421437432,0.89873479,0.0,0.89873479,0.0,0.0323280421437432
2018-03-17 18:00:00,0.8594529737206084,0.0336928783974268,0.94806639,0.0,0.94806639,0.0,0.0336928783974268
2018-03-17 19:00:00,0.898734785615491,0.0335253382242844,0.95406051,0.0,0.95406051,0.0,0.0335253382242844
2018-03-17 20:00:00,0.9480663900414936,0.0331699072168088,0.84259302,0.0,0.84259302,0.0,0.0331699072168088
2018-03-17 21:00:00,0.9540605117565698,0.0345960894388047,0.6221556,0.0,0.6221556,0.0,0.0345960894388047
2018-03-17 22:00:00,0.8425930152143843,0.0376505009469498,0.47448893,0.0,0.47448893,0.0,0.0376505009469498
2018-03-17 23:00:00,0.6221556016597509,0.0401417207036073,0.42037172,0.0,0.42037172,0.0,0.0401417207036073
2018-03-18 00:00:00,0.4744889349930843,0.0428933936453453,0.40935166,0.0,0.40935166,0.0,0.0428933936453453
2018-03-18 01:00:00,0.4203717150760718,0.047760881667268,0.39792082,0.0,0.39792082,0.0,0.047760881667268
2018-03-18 02:00:00,0.4093516597510374,0.0592908939378802,0.40201833,0.0,0.40201833,0.0,0.0592908939378802
2018-03-18 03:00:00,0.3979208160442599,0.0711741167665317,0.41120954,0.0,0.41120954,0.0,0.0711741167665317
2018-03-18 04:00:00,0.402018326417704,0.0863071679469664,0.34825156,0.0,0.34825156,0.0,0.0863071679469664
2018-03-18 05:00:00,0.4112095435684647,0.1041070480736119,0.1157941,0.0,0.1157941,0.0,0.1041070480736119
2018-03-18 06:00:00,0.4321448824343016,0.121865566276874,0.0,0.0,0.0,0.062939858,0.121865566276874
2018-03-18 07:00:00,0.4717199170124481,0.1340786538166843,0.0,0.0,0.0,0.15005525,0.1340786538166843
2018-03-18 08:00:00,0.5553637621023513,0.1190683775803301,0.0,0.0,0.0,0.22193024,0.1190683775803301
2018-03-18 09:00:00,0.6750529045643153,0.08930894581099,0.0,0.0,0.0,0.28694096,0.08930894581099
2018-03-18 10:00:00,0.7487489626556016,0.0582989721370024,0.0,0.0,0.0,0.01577956,0.0582989721370024
2018-03-18 11:00:00,0.7543613416320885,0.040058775503626,0.0,0.0,0.0,0.22179133,0.040058775503626
2018-03-18 12:00:00,0.7345791839557398,0.0335732577366583,0.0,0.0,0.0,0.10606493,0.0335732577366583
2018-03-18 13:00:00,0.7421116874135547,0.0268925583138419,0.097997404,0.0,0.097997404,0.0,0.0268925583138419
2018-03-18 14:00:00,0.7149578146611342,0.0240100379529693,0.10893682,0.0,0.10893682,0.0,0.0240100379529693
2018-03-18 15:00:00,0.7121521438450898,0.0243381733421373,0.70580674,0.0,0.70580674,0.0,0.0243381733421373
2018-03-18 16:00:00,0.7405798755186722,0.0258363091935393,0.87203043,0.0,0.87203043,0.0,0.0258363091935393
2018-03-18 17:00:00,0.7961310511756571,0.0308321993733016,0.91547649,0.0,0.91547649,0.0,0.0308321993733016
2018-03-18 18:00:00,0.8720304287690178,0.0334163528937612,0.97097372,0.0,0.97097372,0.0,0.0334163528937612
2018-03-18 19:00:00,0.9154764868603044,0.0332924296798785,0.9445823,0.0,0.9445823,0.0,0.0332924296798785
2018-03-18 20:00:00,0.9709737206085752,0.0316687381346345,0.84315491,0.0,0.84315491,0.0,0.0316687381346345
2018-03-18 21:00:00,0.9445822959889348,0.0318273342544386,0.62052524,0.0,0.62052524,0.0,0.0318273342544386
2018-03-18 22:00:00,0.8431549100968186,0.0326648829398144,0.47065249,0.0,0.47065249,0.0,0.0326648829398144
2018-03-18 23:00:00,0.6205252420470262,0.0330369673180645,0.42110201,0.0,0.42110201,0.0,0.0330369673180645
2018-03-19 00:00:00,0.470652489626556,0.0334693669887205,0.41150864,0.0,0.41150864,0.0,0.0334693669887205
2018-03-19 01:00:00,0.4211020055325034,0.0362134793347135,0.40167531,0.0,0.40167531,0.0,0.0362134793347135
2018-03-19 02:00:00,0.4115086445366528,0.04410486670757,0.40088728,0.0,0.40088728,0.0,0.04410486670757
2018-03-19 03:00:00,0.4016753112033194,0.0526512036567613,0.41770574,0.0,0.41770574,0.0,0.0526512036567613
2018-03-19 04:00:00,0.4008872752420471,0.0657764947123037,0.3579435,0.0,0.3579435,0.0,0.0657764947123037
2018-03-19 05:00:00,0.4177057399723374,0.0848453478573778,0.1708548,0.0,0.1708548,0.0,0.0848453478573778
2018-03-19 06:00:00,0.4471269017980636,0.1043067086734167,0.0,0.0,0.0,0.0070078793,0.1043067086734167
2018-03-19 07:00:00,0.5280325034578146,0.1100798945017409,0.0,0.0,0.0,0.14060893,0.1100798945017409
2018-03-19 08:00:00,0.605396957123098,0.0881465266963654,0.0,0.0,0.0,0.25697971,0.0881465266963654
2018-03-19 09:00:00,0.6751431535269709,0.0566476909887123,0.0,0.0,0.0,0.23132299,0.0566476909887123
2018-03-19 10:00:00,0.6967334024896266,0.0346856717765882,0.0,0.0,0.0,0.0,0.0346856717765882
2018-03-19 11:00:00,0.6886030428769017,0.0270295448260455,0.0,0.0,0.0,0.0,0.0270295448260455
2018-03-19 12:00:00,0.6837181881051174,0.0248406278466527,0.0,0.0,0.0,0.075573665,0.0248406278466527
2018-03-19 13:00:00,0.6867206085753803,0.0213388476566974,0.017053055,0.0,0.017053055,0.0,0.0213388476566974
2018-03-19 14:00:00,0.6541932918395572,0.0195155819777476,0.067647863,0.0,0.067647863,0.0,0.0195155819777476
2018-03-19 15:00:00,0.6270964730290456,0.0208049437024514,0.63855608,0.0,0.63855608,0.0,0.0208049437024514
2018-03-19 16:00:00,0.6618392116182572,0.0240801930875043,0.81420712,0.0,0.81420712,0.0,0.0240801930875043
2018-03-19 17:00:00,0.7281728907330568,0.0302906898609388,0.89603734,0.0,0.89603734,0.0,0.0302906898609388
2018-03-19 18:00:00,0.8142071230982018,0.0321429424351034,0.93624965,0.0,0.93624965,0.0,0.0321429424351034
2018-03-19 19:00:00,0.8960373443983403,0.0296822486702326,0.93611757,0.0,0.93611757,0.0,0.0296822486702326
2018-03-19 20:00:00,0.9362496542185338,0.0284388869104923,0.81651833,0.0,0.81651833,0.0,0.0284388869104923
2018-03-19 21:00:00,0.9361175656984784,0.02739415507465,0.59022337,0.0,0.59022337,0.0,0.02739415507465
2018-03-19 22:00:00,0.8165183264177038,0.026359301126021,0.46578458,0.0,0.46578458,0.0,0.026359301126021
2018-03-19 23:00:00,0.5902233748271092,0.0223413286976525,0.41834509,0.0,0.41834509,0.0,0.0223413286976525
2018-03-20 00:00:00,0.4657845781466113,0.0185190567217296,0.40925864,0.0,0.40925864,0.0,0.0185190567217296
2018-03-20 01:00:00,0.4183450899031811,0.0172188417722097,0.3999509,0.0,0.3999509,0.0,0.0172188417722097
2018-03-20 02:00:00,0.4092586445366528,0.019493578084733,0.40030152,0.0,0.40030152,0.0,0.019493578084733
2018-03-20 03:00:00,0.3999508990318118,0.0234220027617579,0.41337275,0.0,0.41337275,0.0,0.0234220027617579
2018-03-20 04:00:00,0.4003015214384509,0.0306793238506436,0.34073622,0.0,0.34073622,0.0,0.0306793238506436
2018-03-20 05:00:00,0.4133727524204702,0.0404164650056221,0.26629796,0.0,0.26629796,0.0,0.0404164650056221
2018-03-20 06:00:00,0.4444671507607193,0.0551408912341348,0.0,0.0,0.0,0.069135567,0.0551408912341348
2018-03-20 07:00:00,0.5215708852005532,0.0606538037268657,0.0,0.0,0.0,0.22089453,0.0606538037268657
2018-03-20 08:00:00,0.6005560165975103,0.0570807650949446,0.0,0.0,0.0,0.22058616,0.0570807650949446
2018-03-20 09:00:00,0.6715114107883816,0.0438512547202864,0.0,0.0,0.0,0.40490196,0.0438512547202864
2018-03-20 10:00:00,0.7161203319502074,0.0324535563338575,0.0,0.0,0.0,0.12923524,0.0324535563338575
2018-03-20 11:00:00,0.7156870677731673,0.0268055215380297,0.0,0.0,0.0,0.3399861,0.0268055215380297
2018-03-20 12:00:00,0.7002316735822959,0.0250195504171404,0.0,0.0,0.0,0.22797464,0.0250195504171404
2018-03-20 13:00:00,0.6930470262793914,0.0216227469893331,0.0,0.0,0.0,0.012191245,0.0216227469893331
2018-03-20 14:00:00,0.6513609958506223,0.0198931759758616,0.006203465,0.0,0.006203465,0.0,0.0198931759758616
2018-03-20 15:00:00,0.6493367911479944,0.0215971184374249,0.61783554,0.0,0.61783554,0.0,0.0215971184374249
2018-03-20 16:00:00,0.6703015214384508,0.0254352655892262,0.8186556,0.0,0.8186556,0.0,0.0254352655892262
2018-03-20 17:00:00,0.7235511756569849,0.0299768386714174,0.89783472,0.0,0.89783472,0.0,0.0299768386714174
2018-03-20 18:00:00,0.8186556016597509,0.0316707683586523,0.93732676,0.0,0.93732676,0.0,0.0316707683586523
2018-03-20 19:00:00,0.8978347164591979,0.0293873681429534,0.93487102,0.0,0.93487102,0.0,0.0293873681429534
2018-03-20 20:00:00,0.9373267634854768,0.0282445733742835,0.82039799,0.0,0.82039799,0.0,0.0282445733742835
2018-03-20 21:00:00,0.9348710235131396,0.0288407675066489,0.60038174,0.0,0.60038174,0.0,0.0288407675066489
2018-03-20 22:00:00,0.8203979944674964,0.0262936353113749,0.46437863,0.0,0.46437863,0.0,0.0262936353113749
2018-03-20 23:00:00,0.600381742738589,0.0230113994654778,0.4252742,0.0,0.4252742,0.0,0.0230113994654778
2018-03-21 00:00:00,0.4643786307053941,0.0181232287525415,0.41177213,0.0,0.41177213,0.0,0.0181232287525415
2018-03-21 01:00:00,0.4252742047026279,0.0166144956159783,0.3973731,0.0,0.3973731,0.0,0.0166144956159783
2018-03-21 02:00:00,0.4117721300138313,0.0190043356002294,0.39861929,0.0,0.39861929,0.0,0.0190043356002294
2018-03-21 03:00:00,0.3973730982019363,0.0214748726658735,0.41174827,0.0,0.41174827,0.0,0.0214748726658735
2018-03-21 04:00:00,0.3986192946058091,0.0277481265343652,0.35956356,0.0,0.35956356,0.0,0.0277481265343652
2018-03-21 05:00:00,0.4117482710926694,0.0371977921188303,0.21753764,0.0,0.21753764,0.0,0.0371977921188303
2018-03-21 06:00:00,0.4434837482710927,0.0492678612713324,0.0,0.0,0.0,0.059464631,0.0492678612713324
2018-03-21 07:00:00,0.5218769017980636,0.0546610839304147,0.0,0.0,0.0,0.21309204,0.0546610839304147
2018-03-21 08:00:00,0.6066362378976486,0.0519653268859374,0.0,0.0,0.0,0.30904529,0.0519653268859374
2018-03-21 09:00:00,0.6648077455048408,0.047063930318413,0.0,0.0,0.0,0.37417035,0.047063930318413
2018-03-21 10:00:00,0.7163163900414937,0.0469411346224689,0.0,0.0,0.0,0.11095559,0.0469411346224689
2018-03-21 11:00:00,0.7233163900414937,0.0539859912115275,0.0,0.0,0.0,0.31886839,0.0539859912115275
2018-03-21 12:00:00,0.6944007607192254,0.0623464191293873,0.0,0.0,0.0,0.21014843,0.0623464191293873
2018-03-21 13:00:00,0.6943561549100967,0.0688682042371527,0.0,0.0,0.0,0.0019442537,0.0688682042371527
2018-03-21 14:00:00,0.6562116182572613,0.0654651233705173,0.29596941,0.0,0.29596941,0.0,0.0654651233705173
2018-03-21 15:00:00,0.6479266943291838,0.0599836361170089,0.36251796,0.0,0.36251796,0.0,0.0599836361170089
2018-03-21 16:00:00,0.6794211618257262,0.0452781044605709,0.83824136,0.0,0.83824136,0.0,0.0452781044605709
2018-03-21 17:00:00,0.740496542185339,0.038221595699936,0.89931086,0.0,0.89931086,0.0,0.038221595699936
2018-03-21 18:00:00,0.8382413554633471,0.0355920682290737,0.95896923,0.0,0.95896923,0.0,0.0355920682290737
2018-03-21 19:00:00,0.8993108575380361,0.0338181677756821,0.93838693,0.0,0.93838693,0.0,0.0338181677756821
2018-03-21 20:00:00,0.9589692254495156,0.0327188689137326,0.82252248,0.0,0.82252248,0.0,0.0327188689137326
2018-03-21 21:00:00,0.9383869294605808,0.0322489222040062,0.58734405,0.0,0.58734405,0.0,0.0322489222040062
2018-03-21 22:00:00,0.8225224757952971,0.0316697203895253,0.46720367,0.0,0.46720367,0.0,0.0316697203895253
2018-03-21 23:00:00,0.5873440525587826,0.0291855562665913,0.41957642,0.0,0.41957642,0.0,0.0291855562665913
2018-03-22 00:00:00,0.4672036652835407,0.0253685206776576,0.40680947,0.0,0.40680947,0.0,0.0253685206776576
2018-03-22 01:00:00,0.419576417704011,0.023595837666948,0.39857331,0.0,0.39857331,0.0,0.023595837666948
2018-03-22 02:00:00,0.4068094744121716,0.0236881972958488,0.39776072,0.0,0.39776072,0.0,0.0236881972958488
2018-03-22 03:00:00,0.398573305670816,0.0255397200961328,0.41284716,0.0,0.41284716,0.0,0.0255397200961328
2018-03-22 04:00:00,0.3977607192254495,0.0323870189409279,0.34298892,0.0,0.34298892,0.0,0.0323870189409279
2018-03-22 05:00:00,0.4128471645919778,0.041204050120031,0.12955239,0.0,0.12955239,0.0,0.041204050120031
2018-03-22 06:00:00,0.4517116182572614,0.0535035172932971,0.0,0.0,0.0,0.052934952,0.0535035172932971
2018-03-22 07:00:00,0.5256573305670816,0.05894062668587,0.0,0.0,0.0,0.19323184,0.05894062668587
2018-03-22 08:00:00,0.6086746196403872,0.058244820148173,0.0,0.0,0.0,0.30643822,0.058244820148173
2018-03-22 09:00:00,0.6787520746887966,0.0588534031432824,0.0,0.0,0.0,0.37470534,0.0588534031432824
2018-03-22 10:00:00,0.7100373443983402,0.0613883920395351,0.0,0.0,0.0,0.10902696,0.0613883920395351
2018-03-22 11:00:00,0.7097531120331949,0.0662184125711985,0.0,0.0,0.0,0.3217711,0.0662184125711985
2018-03-22 12:00:00,0.6851763485477177,0.066862955087791,0.0,0.0,0.0,0.19736722,0.066862955087791
2018-03-22 13:00:00,0.6823713692946058,0.0649407168526467,0.0,0.0,0.0,0.0073368692,0.0649407168526467
2018-03-22 14:00:00,0.6591735822959888,0.0576105498042076,0.014598342,0.0,0.014598342,0.0,0.0576105498042076
2018-03-22 15:00:00,0.6355629322268326,0.0499373475283248,0.63044483,0.0,0.63044483,0.0,0.0499373475283248
2018-03-22 16:00:00,0.6723883125864453,0.0471300768845728,0.82005118,0.0,0.82005118,0.0,0.0471300768845728
2018-03-22 17:00:00,0.7371393499308438,0.0449394029140367,0.88832884,0.0,0.88832884,0.0,0.0449394029140367
2018-03-22 18:00:00,0.8200511756569847,0.0435724223010846,0.93186653,0.0,0.93186653,0.0,0.0435724223010846
2018-03-22 19:00:00,0.8883288381742739,0.0436752166588797,0.938287,0.0,0.938287,0.0,0.0436752166588797
2018-03-22 20:00:00,0.93186652835408,0.0461635311545924,0.81582469,0.0,0.81582469,0.0,0.0461635311545924
2018-03-22 21:00:00,0.938286998616874,0.0489473106884172,0.59568119,0.0,0.59568119,0.0,0.0489473106884172
2018-03-22 22:00:00,0.8158246887966805,0.0527911127231296,0.47272268,0.0,0.47272268,0.0,0.0527911127231296
2018-03-22 23:00:00,0.5956811894882432,0.0522593358349327,0.42731985,0.0,0.42731985,0.0,0.0522593358349327
2018-03-23 00:00:00,0.472722683264177,0.0496065420660022,0.40836687,0.0,0.40836687,0.0,0.0496065420660022
2018-03-23 01:00:00,0.4273198478561549,0.0471635392651007,0.39714385,0.0,0.39714385,0.0,0.0471635392651007
2018-03-23 02:00:00,0.4083668741355464,0.0483752267632522,0.39834336,0.0,0.39834336,0.0,0.0483752267632522
2018-03-23 03:00:00,0.3971438450899032,0.0517480756228389,0.41365145,0.0,0.41365145,0.0,0.0517480756228389
2018-03-23 04:00:00,0.3983433609958506,0.0579738215575908,0.37116632,0.0,0.37116632,0.0,0.0579738215575908
2018-03-23 05:00:00,0.4136514522821576,0.0672320927013683,0.22213667,0.0,0.22213667,0.0,0.0672320927013683
2018-03-23 06:00:00,0.4451849930843707,0.0804875740336891,0.09382677,0.0,0.09382677,0.0,0.0804875740336891
2018-03-23 07:00:00,0.525469917012448,0.0810829311742107,0.0,0.0,0.0,0.12252389,0.0810829311742107
2018-03-23 08:00:00,0.6149771784232364,0.0672700789882252,0.0,0.0,0.0,0.19597791,0.0672700789882252
2018-03-23 09:00:00,0.674563969571231,0.0510327727090142,0.0,0.0,0.0,0.28888048,0.0510327727090142
2018-03-23 10:00:00,0.7005069156293222,0.0386808033200981,0.0,0.0,0.0,0.092180379,0.0386808033200981
2018-03-23 11:00:00,0.6941517980636237,0.0302539590618479,0.0,0.0,0.0,0.30769189,0.0302539590618479
2018-03-23 12:00:00,0.6831265560165974,0.0271920042511778,0.0,0.0,0.0,0.20219438,0.0271920042511778
2018-03-23 13:00:00,0.685487897648686,0.0220619774818536,0.0,0.0,0.0,0.00188404,0.0220619774818536
2018-03-23 14:00:00,0.6464636929460581,0.0206712429020312,0.009330156,0.0,0.009330156,0.0,0.0206712429020312
2018-03-23 15:00:00,0.6370114107883816,0.0205837426679254,0.62390496,0.0,0.62390496,0.0,0.0205837426679254
2018-03-23 16:00:00,0.6633858921161826,0.0234992965374722,0.81500968,0.0,0.81500968,0.0,0.0234992965374722
2018-03-23 17:00:00,0.7322748962655603,0.029523330896538,0.89463001,0.0,0.89463001,0.0,0.029523330896538
2018-03-23 18:00:00,0.815009681881051,0.0319029575051098,0.95099239,0.0,0.95099239,0.0,0.0319029575051098
2018-03-23 19:00:00,0.8946300138312587,0.0304249578789722,0.92906397,0.0,0.92906397,0.0,0.0304249578789722
2018-03-23 20:00:00,0.9509923928077454,0.0288626295952606,0.8210453,0.0,0.8210453,0.0,0.0288626295952606
2018-03-23 21:00:00,0.9290639695712308,0.0276695772708851,0.59944606,0.0,0.59944606,0.0,0.0276695772708851
2018-03-23 22:00:00,0.8210452973720608,0.0281432108950969,0.46971957,0.0,0.46971957,0.0,0.0281432108950969
2018-03-23 23:00:00,0.5994460580912861,0.0255445933255036,0.42213451,0.0,0.42213451,0.0,0.0255445933255036
2018-03-24 00:00:00,0.469719571230982,0.0236815982031307,0.40934163,0.0,0.40934163,0.0,0.0236815982031307
2018-03-24 01:00:00,0.422134508990318,0.024617434633193,0.39837275,0.0,0.39837275,0.0,0.024617434633193
2018-03-24 02:00:00,0.4093416320885201,0.0290695153023445,0.4013897,0.0,0.4013897,0.0,0.0290695153023445
2018-03-24 03:00:00,0.3983727524204702,0.0353291351962581,0.41282711,0.0,0.41282711,0.0,0.0353291351962581
2018-03-24 04:00:00,0.4013896957123098,0.0428457093207626,0.33065759,0.0,0.33065759,0.0,0.0428457093207626
2018-03-24 05:00:00,0.4128271092669432,0.0520778261987465,0.16021253,0.0,0.16021253,0.0,0.0520778261987465
2018-03-24 06:00:00,0.4337178423236515,0.0633041799036528,0.04681637,0.0,0.04681637,0.0,0.0633041799036528
2018-03-24 07:00:00,0.4765739972337482,0.0727146763450193,0.0,0.0,0.0,0.078147004,0.0727146763450193
2018-03-24 08:00:00,0.5564197786998616,0.0744249861701535,0.0,0.0,0.0,0.1609543,0.0744249861701535
2018-03-24 09:00:00,0.6842544951590593,0.0633160119247158,0.0,0.0,0.0,0.18433866,0.0633160119247158
2018-03-24 10:00:00,0.7568236514522821,0.0473392902590566,0.0,0.0,0.0,0.034825348,0.0473392902590566
2018-03-24 11:00:00,0.766859958506224,0.0370945723478252,0.0,0.0,0.0,0.23940213,0.0370945723478252
2018-03-24 12:00:00,0.7410992392807744,0.0319648395632393,0.0,0.0,0.0,0.14640224,0.0319648395632393
2018-03-24 13:00:00,0.7537776625172891,0.0271032519879504,0.099961906,0.0,0.099961906,0.0,0.0271032519879504
2018-03-24 14:00:00,0.7033955739972335,0.0238924751853698,0.12115492,0.0,0.12115492,0.0,0.0238924751853698
2018-03-24 15:00:00,0.6945013831258643,0.0236691090397109,0.7223311,0.0,0.7223311,0.0,0.0236691090397109
2018-03-24 16:00:00,0.7298046334716458,0.0261644238308436,0.8389834,0.0,0.8389834,0.0,0.0261644238308436
2018-03-24 17:00:00,0.7905501383125865,0.0300662273251375,0.89160961,0.0,0.89160961,0.0,0.0300662273251375
2018-03-24 18:00:00,0.8389834024896264,0.0322732537644211,0.95885512,0.0,0.95885512,0.0,0.0322732537644211
2018-03-24 19:00:00,0.891609612724758,0.0315671197157932,0.95363693,0.0,0.95363693,0.0,0.0315671197157932
2018-03-24 20:00:00,0.9588551175656984,0.0310529473254658,0.84997407,0.0,0.84997407,0.0,0.0310529473254658
2018-03-24 21:00:00,0.9536369294605808,0.0317851526324316,0.61883852,0.0,0.61883852,0.0,0.0317851526324316
2018-03-24 22:00:00,0.8499740663900414,0.0325440240845003,0.47820609,0.0,0.47820609,0.0,0.0325440240845003
2018-03-24 23:00:00,0.6188385200553249,0.0319005883339819,0.43050104,0.0,0.43050104,0.0,0.0319005883339819
2018-03-25 00:00:00,0.4782060857538036,0.030197365270367,0.41698893,0.0,0.41698893,0.0,0.030197365270367
2018-03-25 01:00:00,0.4305010373443983,0.0307383213996925,0.39896784,0.0,0.39896784,0.0,0.0307383213996925
2018-03-25 02:00:00,0.4169889349930844,0.0347050678520404,0.4008323,0.0,0.4008323,0.0,0.0347050678520404
2018-03-25 03:00:00,0.3989678423236514,0.0424626091614293,0.4130778,0.0,0.4130778,0.0,0.0424626091614293
2018-03-25 04:00:00,0.400832295988935,0.0550125063695153,0.31415095,0.0,0.31415095,0.0,0.0550125063695153
2018-03-25 05:00:00,0.4130778008298755,0.0689138514204299,0.36784453,0.0,0.36784453,0.0,0.0689138514204299
2018-03-25 06:00:00,0.4348437067773168,0.0848184188553323,0.34647678,0.0,0.34647678,0.0,0.0848184188553323
2018-03-25 07:00:00,0.4732161134163208,0.0917790055837645,0.0,0.0,0.0,0.029416128,0.0917790055837645
2018-03-25 08:00:00,0.5502652143845089,0.0820315369178554,0.0,0.0,0.0,0.25765166,0.0820315369178554
2018-03-25 09:00:00,0.677082295988935,0.0587628420092524,0.0,0.0,0.0,0.32097166,0.0587628420092524
2018-03-25 10:00:00,0.7556279391424618,0.041780018102388,0.0,0.0,0.0,0.0,0.041780018102388
2018-03-25 11:00:00,0.7614598893499307,0.0333054030534558,0.0,0.0,0.0,0.01044849,0.0333054030534558
2018-03-25 12:00:00,0.7670605117565698,0.0307661461905292,0.0,0.0,0.0,0.047960764,0.0307661461905292
2018-03-25 13:00:00,0.763640387275242,0.0272360777514431,0.053483454,0.0,0.053483454,0.0,0.0272360777514431
2018-03-25 14:00:00,0.7074740663900414,0.0251178450791147,0.059950675,0.0,0.059950675,0.0,0.0251178450791147
2018-03-25 15:00:00,0.6996818810511756,0.0238691431730658,0.69251836,0.0,0.69251836,0.0,0.0238691431730658
2018-03-25 16:00:00,0.7252413554633471,0.0262019604939824,0.86079046,0.0,0.86079046,0.0,0.0262019604939824
2018-03-25 17:00:00,0.8084657676348549,0.0303393598990564,0.91131777,0.0,0.91131777,0.0,0.0303393598990564
2018-03-25 18:00:00,0.8607904564315351,0.0331995062920085,0.96857538,0.0,0.96857538,0.0,0.0331995062920085
2018-03-25 19:00:00,0.9113177731673582,0.0329642009073231,0.95559267,0.0,0.95559267,0.0,0.0329642009073231
2018-03-25 20:00:00,0.9685753803596128,0.0310651494214354,0.85576245,0.0,0.85576245,0.0,0.0310651494214354
2018-03-25 21:00:00,0.9555926694329184,0.0309609543128272,0.6388731,0.0,0.6388731,0.0,0.0309609543128272
2018-03-25 22:00:00,0.8557624481327799,0.0321182684689343,0.47826521,0.0,0.47826521,0.0,0.0321182684689343
2018-03-25 23:00:00,0.6388730982019362,0.0311339833539691,0.4229675,0.0,0.4229675,0.0,0.0311339833539691
2018-03-26 00:00:00,0.478265214384509,0.0299429889227636,0.41080394,0.0,0.41080394,0.0,0.0299429889227636
2018-03-26 01:00:00,0.4229674965421853,0.0307813400135432,0.39894986,0.0,0.39894986,0.0,0.0307813400135432
2018-03-26 02:00:00,0.4108039419087137,0.0344205252116239,0.40067358,0.0,0.40067358,0.0,0.0344205252116239
2018-03-26 03:00:00,0.3989498616874135,0.0428124267897219,0.41416425,0.0,0.41416425,0.0,0.0428124267897219
2018-03-26 04:00:00,0.400673582295989,0.0562903508097584,0.31718817,0.0,0.31718817,0.0,0.0562903508097584
2018-03-26 05:00:00,0.4141642461964038,0.0713106294445091,0.11273049,0.0,0.11273049,0.0,0.0713106294445091
2018-03-26 06:00:00,0.4445214384508991,0.0906537426814407,0.0,0.0,0.0,0.06188627,0.0906537426814407
2018-03-26 07:00:00,0.5290563623789765,0.0935587615214179,0.0,0.0,0.0,0.22082082,0.0935587615214179
2018-03-26 08:00:00,0.6162555325034578,0.0772548037140258,0.0,0.0,0.0,0.32141528,0.0772548037140258
2018-03-26 09:00:00,0.6632914937759337,0.0535892363257523,0.0,0.0,0.0,0.40780129,0.0535892363257523
2018-03-26 10:00:00,0.7052742047026278,0.0386907884252745,0.0,0.0,0.0,0.12622437,0.0386907884252745
2018-03-26 11:00:00,0.687027316735823,0.0293984392623403,0.0,0.0,0.0,0.34106408,0.0293984392623403
2018-03-26 12:00:00,0.6783409405255878,0.0256180410891098,0.0,0.0,0.0,0.21802557,0.0256180410891098
2018-03-26 13:00:00,0.675411479944675,0.0220598365812287,0.0,0.0,0.0,0.012122704,0.0220598365812287
2018-03-26 14:00:00,0.6550822959889349,0.0198665444171984,0.0021458717,0.0,0.0021458717,0.0,0.0198665444171984
2018-03-26 15:00:00,0.6507285615491009,0.0205322123312345,0.62746947,0.0,0.62746947,0.0,0.0205322123312345
2018-03-26 16:00:00,0.6735860995850622,0.0249823561597558,0.8354547,0.0,0.8354547,0.0,0.0249823561597558
2018-03-26 17:00:00,0.746594398340249,0.0291452803574187,0.89676729,0.0,0.89676729,0.0,0.0291452803574187
2018-03-26 18:00:00,0.835454702627939,0.0314190793774228,0.9483157,0.0,0.9483157,0.0,0.0314190793774228
2018-03-26 19:00:00,0.8967672890733057,0.0297950142986286,0.93557365,0.0,0.93557365,0.0,0.0297950142986286
2018-03-26 20:00:00,0.9483156984785616,0.0277873129706839,0.81256743,0.0,0.81256743,0.0,0.0277873129706839
2018-03-26 21:00:00,0.935573651452282,0.027376820351011,0.59782988,0.0,0.59782988,0.0,0.027376820351011
2018-03-26 22:00:00,0.8125674273858919,0.0262449514386809,0.4659184,0.0,0.4659184,0.0,0.0262449514386809
2018-03-26 23:00:00,0.5978298755186721,0.021865315526381,0.42108783,0.0,0.42108783,0.0,0.021865315526381
2018-03-27 00:00:00,0.4659183955739972,0.0185581013536448,0.41037344,0.0,0.41037344,0.0,0.0185581013536448
2018-03-27 01:00:00,0.4210878284923928,0.0171364534139095,0.40042047,0.0,0.40042047,0.0,0.0171364534139095
2018-03-27 02:00:00,0.4103734439834025,0.0178652969189244,0.40198167,0.0,0.40198167,0.0,0.0178652969189244
2018-03-27 03:00:00,0.4004204702627939,0.020820946848157,0.41535581,0.0,0.41535581,0.0,0.020820946848157
2018-03-27 04:00:00,0.401981673582296,0.0305808355046063,0.38628155,0.0,0.38628155,0.0,0.0305808355046063
2018-03-27 05:00:00,0.4153558091286307,0.0451590406414832,0.33490894,0.0,0.33490894,0.0,0.0451590406414832
2018-03-27 06:00:00,0.4469035269709543,0.0641781619447371,0.096699786,0.0,0.096699786,0.0,0.0641781619447371
2018-03-27 07:00:00,0.5348357538035962,0.0719291871688636,0.0,0.0,0.0,0.057802078,0.0719291871688636
2018-03-27 08:00:00,0.6043578838174273,0.0605253704412302,0.0,0.0,0.0,0.099297402,0.0605253704412302
2018-03-27 09:00:00,0.6616407330567081,0.0398592567082242,0.0,0.0,0.0,0.093217536,0.0398592567082242
2018-03-27 10:00:00,0.6977904564315351,0.0288051780600719,0.0,0.0,0.0,0.0,0.0288051780600719
2018-03-27 11:00:00,0.6995757261410788,0.0260141077047326,0.0,0.0,0.0,0.0,0.0260141077047326
2018-03-27 12:00:00,0.699195366528354,0.0245695289553953,0.0,0.0,0.0,0.065903759,0.0245695289553953
2018-03-27 13:00:00,0.6876210235131397,0.0218974705394839,0.15427066,0.0,0.15427066,0.0,0.0218974705394839
2018-03-27 14:00:00,0.6570636237897649,0.0188915630545455,0.15124132,0.0,0.15124132,0.0,0.0188915630545455
2018-03-27 15:00:00,0.6397793914246196,0.0193948234231089,0.6467489,0.0,0.6467489,0.0,0.0193948234231089
2018-03-27 16:00:00,0.6726912171507606,0.0238661860324612,0.8215574,0.0,0.8215574,0.0,0.0238661860324612
2018-03-27 17:00:00,0.7428523513139696,0.029978467692733,0.90086964,0.0,0.90086964,0.0,0.029978467692733
2018-03-27 18:00:00,0.8215573997233748,0.0320006054006596,0.9491843,0.0,0.9491843,0.0,0.0320006054006596
2018-03-27 19:00:00,0.9008696403872752,0.0302264386316816,0.93400173,0.0,0.93400173,0.0,0.0302264386316816
2018-03-27 20:00:00,0.9491843015214384,0.0281953845395689,0.83819191,0.0,0.83819191,0.0,0.0281953845395689
2018-03-27 21:00:00,0.9340017289073304,0.0264241645352636,0.59628734,0.0,0.59628734,0.0,0.0264241645352636
2018-03-27 22:00:00,0.8381919087136929,0.0237431828178778,0.46877006,0.0,0.46877006,0.0,0.0237431828178778
2018-03-27 23:00:00,0.5962873443983402,0.0188009223717036,0.42583748,0.0,0.42583748,0.0,0.0188009223717036
2018-03-28 00:00:00,0.4687700553250346,0.0139912525012316,0.41389834,0.0,0.41389834,0.0,0.0139912525012316
2018-03-28 01:00:00,0.4258374827109267,0.0124988545401962,0.40082089,0.0,0.40082089,0.0,0.0124988545401962
2018-03-28 02:00:00,0.4138983402489626,0.0134964243066968,0.39865975,0.0,0.39865975,0.0,0.0134964243066968
2018-03-28 03:00:00,0.4008208852005532,0.0170590593375194,0.41464627,0.0,0.41464627,0.0,0.0170590593375194
2018-03-28 04:00:00,0.3986597510373444,0.0259041504952501,0.35277446,0.0,0.35277446,0.0,0.0259041504952501
2018-03-28 05:00:00,0.4146462655601659,0.0402500281399102,0.24497598,0.0,0.24497598,0.0,0.0402500281399102
2018-03-28 06:00:00,0.4468371369294606,0.0578763984739,0.35759818,0.0,0.35759818,0.0,0.0578763984739
2018-03-28 07:00:00,0.5338630705394191,0.0634297217629189,0.052050815,0.0,0.052050815,0.0,0.0634297217629189
2018-03-28 08:00:00,0.615051867219917,0.0482202864301368,0.0,0.0,0.0,0.0,0.0482202864301368
2018-03-28 09:00:00,0.6739450207468879,0.0324954889334979,0.22754439,0.0,0.22754439,0.0,0.0324954889334979
2018-03-28 10:00:00,0.7063831258644535,0.0274994361974685,0.16794721,0.0,0.16794721,0.0,0.0274994361974685
2018-03-28 11:00:00,0.6959017980636236,0.0246284123691924,0.27361187,0.0,0.27361187,0.0,0.0246284123691924
2018-03-28 12:00:00,0.6801428077455048,0.0242788091768267,0.40143317,0.0,0.40143317,0.0,0.0242788091768267
2018-03-28 13:00:00,0.6953129322268327,0.0213012694898304,0.40725632,0.0,0.40725632,0.0,0.0213012694898304
2018-03-28 14:00:00,0.6563260719225448,0.0192438328614216,0.16250722,0.0,0.16250722,0.0,0.0192438328614216
2018-03-28 15:00:00,0.6376552558782849,0.0207491073540029,0.65791966,0.0,0.65791966,0.0,0.0207491073540029
2018-03-28 16:00:00,0.6645867911479943,0.0234832588053269,0.80569018,0.0,0.80569018,0.0,0.0234832588053269
2018-03-28 17:00:00,0.7276957123098202,0.0296100114320203,0.89157815,0.0,0.89157815,0.0,0.0296100114320203
2018-03-28 18:00:00,0.8056901798063623,0.0314846206808856,0.93853596,0.0,0.93853596,0.0,0.0314846206808856
2018-03-28 19:00:00,0.8915781466113417,0.030134552837006,0.93606777,0.0,0.93606777,0.0,0.030134552837006
2018-03-28 20:00:00,0.9385359612724756,0.0277163104683731,0.83099758,0.0,0.83099758,0.0,0.0277163104683731
2018-03-28 21:00:00,0.9360677731673582,0.0262991068861548,0.59953077,0.0,0.59953077,0.0,0.0262991068861548
2018-03-28 22:00:00,0.8309975795297371,0.0247596436978091,0.46459474,0.0,0.46459474,0.0,0.0247596436978091
2018-03-28 23:00:00,0.599530774550484,0.0202934379266345,0.41867531,0.0,0.41867531,0.0,0.0202934379266345
2018-03-29 00:00:00,0.464594744121715,0.0167754401550464,0.40760823,0.0,0.40760823,0.0,0.0167754401550464
2018-03-29 01:00:00,0.4186753112033194,0.0159455731179551,0.40512863,0.0,0.40512863,0.0,0.0159455731179551
2018-03-29 02:00:00,0.4076082295988935,0.0181238616843904,0.40587275,0.0,0.40587275,0.0,0.0181238616843904
2018-03-29 03:00:00,0.4051286307053942,0.0235336477895036,0.41773928,0.0,0.41773928,0.0,0.0235336477895036
2018-03-29 04:00:00,0.4058727524204703,0.0328201864305477,0.35579623,0.0,0.35579623,0.0,0.0328201864305477
2018-03-29 05:00:00,0.4177392807745504,0.0455138456343983,0.33699436,0.0,0.33699436,0.0,0.0455138456343983
2018-03-29 06:00:00,0.448524550484094,0.0635246684575187,0.34755143,0.0,0.34755143,0.0,0.0635246684575187
2018-03-29 07:00:00,0.5415010373443983,0.0699240936584814,0.078671367,0.0,0.078671367,0.0,0.0699240936584814
2018-03-29 08:00:00,0.6024308437067772,0.05682815957306,0.0,0.0,0.0,0.0,0.05682815957306
2018-03-29 09:00:00,0.6704183955739972,0.0412350015250276,0.0,0.0,0.0,0.0,0.0412350015250276
2018-03-29 10:00:00,0.7081787690179806,0.0295125087995177,0.0,0.0,0.0,0.0,0.0295125087995177
2018-03-29 11:00:00,0.7029007607192254,0.0258102932735051,0.097879253,0.0,0.097879253,0.0,0.0258102932735051
2018-03-29 12:00:00,0.6881459197786998,0.024070121516228,0.42979375,0.0,0.42979375,0.0,0.024070121516228
2018-03-29 13:00:00,0.6966929460580913,0.0213499464452361,0.42074357,0.0,0.42074357,0.0,0.0213499464452361
2018-03-29 14:00:00,0.6604353388658366,0.0194017268764974,0.0079096456,0.0,0.0079096456,0.0,0.0194017268764974
2018-03-29 15:00:00,0.6410632780082987,0.0197947533440598,0.61998223,0.0,0.61998223,0.0,0.0197947533440598
2018-03-29 16:00:00,0.674515560165975,0.0243193202737904,0.82346058,0.0,0.82346058,0.0,0.0243193202737904
2018-03-29 17:00:00,0.7398910788381744,0.0296729691284286,0.88360408,0.0,0.88360408,0.0,0.0296729691284286
2018-03-29 18:00:00,0.8234605809128629,0.0318684056517277,0.94721335,0.0,0.94721335,0.0,0.0318684056517277
2018-03-29 19:00:00,0.8836040802213002,0.0294970175331214,0.94153942,0.0,0.94153942,0.0,0.0294970175331214
2018-03-29 20:00:00,0.9472133471645918,0.0281106270101406,0.83294225,0.0,0.83294225,0.0,0.0281106270101406
2018-03-29 21:00:00,0.9415394190871368,0.0273220492649087,0.60795194,0.0,0.60795194,0.0,0.0273220492649087
2018-03-29 22:00:00,0.8329422544951589,0.0256861106613237,0.47487483,0.0,0.47487483,0.0,0.0256861106613237
2018-03-29 23:00:00,0.6079519363762101,0.021642741410194,0.42226902,0.0,0.42226902,0.0,0.021642741410194
2018-03-30 00:00:00,0.4748748271092669,0.0182370146809123,0.40929979,0.0,0.40929979,0.0,0.0182370146809123
2018-03-30 01:00:00,0.4222690179806362,0.0178597527126208,0.39855636,0.0,0.39855636,0.0,0.0178597527126208
2018-03-30 02:00:00,0.4092997925311204,0.0205522378798914,0.40120678,0.0,0.40120678,0.0,0.0205522378798914
2018-03-30 03:00:00,0.3985563623789764,0.0268987423692822,0.41220297,0.0,0.41220297,0.0,0.0268987423692822
2018-03-30 04:00:00,0.4012067773167358,0.0358205808369781,0.31204563,0.0,0.31204563,0.0,0.0358205808369781
2018-03-30 05:00:00,0.4122029737206085,0.0488139350005314,0.12590008,0.0,0.12590008,0.0,0.0488139350005314
2018-03-30 06:00:00,0.4473385200553251,0.0666168725684569,0.0,0.0,0.0,0.046081046,0.0666168725684569
2018-03-30 07:00:00,0.5334170124481328,0.0721543379748173,0.0,0.0,0.0,0.036860617,0.0721543379748173
2018-03-30 08:00:00,0.6178236514522821,0.0606098339859198,0.0,0.0,0.0,0.3071291,0.0606098339859198
2018-03-30 09:00:00,0.6762448132780082,0.0408095329769122,0.0,0.0,0.0,0.36979662,0.0408095329769122
2018-03-30 10:00:00,0.71151244813278,0.0290775912360427,0.0,0.0,0.0,0.10326847,0.0290775912360427
2018-03-30 11:00:00,0.714661825726141,0.0256820294614248,0.0,0.0,0.0,0.32472595,0.0256820294614248
2018-03-30 12:00:00,0.6848482019363761,0.0243868779666949,0.0,0.0,0.0,0.21879306,0.0243868779666949
2018-03-30 13:00:00,0.6772538035961273,0.0215238332300856,0.0,0.0,0.0,0.02244475,0.0215238332300856
2018-03-30 14:00:00,0.6388703319502074,0.0190360479069023,0.0,0.0,0.0,0.0,0.0190360479069023
2018-03-30 15:00:00,0.6275197095435684,0.0197489401458714,0.60941151,0.0,0.60941151,0.0,0.0197489401458714
2018-03-30 16:00:00,0.6617226832641769,0.0237349443279124,0.82003043,0.0,0.82003043,0.0,0.0237349443279124
2018-03-30 17:00:00,0.7422538035961274,0.0288931555870475,0.89222614,0.0,0.89222614,0.0,0.0288931555870475
2018-03-30 18:00:00,0.8200304287690179,0.0313047227727949,0.94639938,0.0,0.94639938,0.0,0.0313047227727949
2018-03-30 19:00:00,0.8922261410788382,0.0303550102630762,0.93298167,0.0,0.93298167,0.0,0.0303550102630762
2018-03-30 20:00:00,0.9463993775933608,0.0283273629352857,0.82889039,0.0,0.82889039,0.0,0.0283273629352857
2018-03-30 21:00:00,0.932981673582296,0.0281875887560329,0.59651176,0.0,0.59651176,0.0,0.0281875887560329
2018-03-30 22:00:00,0.8288903872752419,0.0268565884164272,0.46549136,0.0,0.46549136,0.0,0.0268565884164272
2018-03-30 23:00:00,0.5965117565698478,0.0246528096438427,0.4194177,0.0,0.4194177,0.0,0.0246528096438427
2018-03-31 00:00:00,0.4654913554633471,0.0214974299419253,0.4078399,0.0,0.4078399,0.0,0.0214974299419253
2018-03-31 01:00:00,0.419417704011065,0.0214973192653182,0.3999962,0.0,0.3999962,0.0,0.0214973192653182
2018-03-31 02:00:00,0.4078399031811895,0.025837927838923,0.40234302,0.0,0.40234302,0.0,0.025837927838923
2018-03-31 03:00:00,0.3999961964038727,0.0314378079345864,0.41560615,0.0,0.41560615,0.0,0.0314378079345864
2018-03-31 04:00:00,0.4023430152143845,0.0393304265847004,0.26906149,0.0,0.26906149,0.0,0.0393304265847004
2018-03-31 05:00:00,0.4156061549100968,0.0483170765819789,0.019899885,0.0,0.019899885,0.0,0.0483170765819789
2018-03-31 06:00:00,0.4342354771784232,0.0593375060828283,0.0,0.0,0.0,0.16159667,0.0593375060828283
2018-03-31 07:00:00,0.4757389349930844,0.070079116999052,0.0,0.0,0.0,0.24705743,0.070079116999052
2018-03-31 08:00:00,0.5598409405255877,0.0666558445688486,0.0,0.0,0.0,0.30689031,0.0666558445688486
2018-03-31 09:00:00,0.6851998616874136,0.0509944198058954,0.0,0.0,0.0,0.37340917,0.0509944198058954
2018-03-31 10:00:00,0.7680110650069156,0.0361205766987072,0.0,0.0,0.0,0.089754919,0.0361205766987072
2018-03-31 11:00:00,0.7668322959889349,0.0284675175653767,0.0,0.0,0.0,0.31349273,0.0284675175653767
2018-03-31 12:00:00,0.757164937759336,0.0277885788343813,0.0,0.0,0.0,0.20097317,0.0277885788343813
2018-03-31 13:00:00,0.7355529045643153,0.0264251606247303,0.015727035,0.0,0.015727035,0.0,0.0264251606247303
2018-03-31 14:00:00,0.6992997925311202,0.0232886720362436,0.4112095,0.0,0.4112095,0.0,0.0232886720362436
2018-03-31 15:00:00,0.6971338174273859,0.02285121928673,0.74979583,0.0,0.74979583,0.0,0.02285121928673
2018-03-31 16:00:00,0.7310210926694328,0.024867394292431,0.84126107,0.0,0.84126107,0.0,0.024867394292431
2018-03-31 17:00:00,0.7794062932226834,0.0305720090451639,0.89267497,0.0,0.89267497,0.0,0.0305720090451639
2018-03-31 18:00:00,0.8412610650069156,0.0319782729364664,0.95578423,0.0,0.95578423,0.0,0.0319782729364664
2018-03-31 19:00:00,0.8926749654218534,0.0303970708325438,0.92188555,0.0,0.92188555,0.0,0.0303970708325438
2018-03-31 20:00:00,0.9557842323651452,0.0275267248984882,0.82782607,0.0,0.82782607,0.0,0.0275267248984882
2018-03-31 21:00:00,0.9218855463347164,0.0281364872911956,0.63447268,0.0,0.63447268,0.0,0.0281364872911956
2018-03-31 22:00:00,0.8278260719225448,0.0272638956249917,0.48886584,0.0,0.48886584,0.0,0.0272638956249917
2018-03-31 23:00:00,0.6344726832641768,0.0259663161621864,0.42841701,0.0,0.42841701,0.0,0.0259663161621864
2018-04-01 00:00:00,0.488865836791148,0.0242213576416383,0.40909025,0.0,0.40909025,0.0,0.0242213576416383
2018-04-01 01:00:00,0.4284170124481328,0.0237970857843406,0.4035083,0.0,0.4035083,0.0,0.0237970857843406
2018-04-01 02:00:00,0.4090902489626556,0.0268920222240248,0.40044364,0.0,0.40044364,0.0,0.0268920222240248
2018-04-01 03:00:00,0.4035082987551867,0.0309974914278554,0.41264073,0.0,0.41264073,0.0,0.0309974914278554
2018-04-01 04:00:00,0.4004436376210236,0.0370908646814761,0.2637215,0.0,0.2637215,0.0,0.0370908646814761
2018-04-01 05:00:00,0.4126407330567082,0.0431787836535373,0.0096256838,0.0,0.0096256838,0.0,0.0431787836535373
2018-04-01 06:00:00,0.4331715076071922,0.0528173845828186,0.0,0.0,0.0,0.1759434,0.0528173845828186
2018-04-01 07:00:00,0.4728883125864453,0.0608888912169804,0.0,0.0,0.0,0.25323186,0.0608888912169804
2018-04-01 08:00:00,0.55575,0.0629852652593413,0.0,0.0,0.0,0.31051406,0.0629852652593413
2018-04-01 09:00:00,0.6855881742738589,0.0525765799542011,0.0,0.0,0.0,0.39112417,0.0525765799542011
2018-04-01 10:00:00,0.7645435684647303,0.0379525789123557,0.0,0.0,0.0,0.11421148,0.0379525789123557
2018-04-01 11:00:00,0.753246887966805,0.0308058410475131,0.0,0.0,0.0,0.33612981,0.0308058410475131
2018-04-01 12:00:00,0.7366811894882433,0.028305718741245,0.0,0.0,0.0,0.2112265,0.028305718741245
2018-04-01 13:00:00,0.7182005532503457,0.0256797156286007,0.0025416112,0.0,0.0025416112,0.0,0.0256797156286007
2018-04-01 14:00:00,0.6919930843706776,0.0229201016402796,0.018896195,0.0,0.018896195,0.0,0.0229201016402796
2018-04-01 15:00:00,0.692481673582296,0.0227219974302665,0.64139589,0.0,0.64139589,0.0,0.0227219974302665
2018-04-01 16:00:00,0.7178188105117567,0.0244125445636867,0.79463589,0.0,0.79463589,0.0,0.0244125445636867
2018-04-01 17:00:00,0.7806179114799449,0.0298360338162575,0.80693983,0.0,0.80693983,0.0,0.0298360338162575
2018-04-01 18:00:00,0.7946358921161825,0.0320236918492407,0.85343949,0.0,0.85343949,0.0,0.0320236918492407
2018-04-01 19:00:00,0.8069398340248963,0.0314856997778081,0.88468326,0.0,0.88468326,0.0,0.0314856997778081
2018-04-01 20:00:00,0.8534394882434301,0.0278271565493588,0.86282227,0.0,0.86282227,0.0,0.0278271565493588
2018-04-01 21:00:00,0.8846832641770402,0.0273870648544864,0.63991528,0.0,0.63991528,0.0,0.0273870648544864
2018-04-01 22:00:00,0.8628222683264177,0.0266804500543451,0.47771024,0.0,0.47771024,0.0,0.0266804500543451
2018-04-01 23:00:00,0.6399152835408022,0.0238950207473409,0.42502248,0.0,0.42502248,0.0,0.0238950207473409
2018-04-02 00:00:00,0.477710235131397,0.0206419343529261,0.40746611,0.0,0.40746611,0.0,0.0206419343529261
2018-04-02 01:00:00,0.4250224757952974,0.0186949668133087,0.39875934,0.0,0.39875934,0.0,0.0186949668133087
2018-04-02 02:00:00,0.4074661134163209,0.0208753201902014,0.39982365,0.0,0.39982365,0.0,0.0208753201902014
2018-04-02 03:00:00,0.398759336099585,0.0231055679651815,0.41040456,0.0,0.41040456,0.0,0.0231055679651815
2018-04-02 04:00:00,0.3998236514522822,0.0298187440549904,0.26938011,0.0,0.26938011,0.0,0.0298187440549904
2018-04-02 05:00:00,0.4104045643153526,0.0387168631422564,0.059194162,0.0,0.059194162,0.0,0.0387168631422564
2018-04-02 06:00:00,0.4469588520055325,0.0509580556230666,0.0,0.0,0.0,0.12441118,0.0509580556230666
2018-04-02 07:00:00,0.5249405255878284,0.0579901394398991,0.0,0.0,0.0,0.25324685,0.0579901394398991
2018-04-02 08:00:00,0.5981912171507607,0.0561131402680418,0.0,0.0,0.0,0.35872002,0.0561131402680418
2018-04-02 09:00:00,0.6712742047026279,0.054097439096566,0.0,0.0,0.0,0.42382064,0.054097439096566
2018-04-02 10:00:00,0.6973862378976486,0.0478986359984353,0.0,0.0,0.0,0.14655956,0.0478986359984353
2018-04-02 11:00:00,0.6924460580912862,0.0375655462748144,0.0,0.0,0.0,0.22494597,0.0375655462748144
2018-04-02 12:00:00,0.6732496542185338,0.0287739880086405,0.0,0.0,0.0,0.25375939,0.0287739880086405
2018-04-02 13:00:00,0.6642956431535268,0.0228245427656951,0.14315308,0.0,0.14315308,0.0,0.0228245427656951
2018-04-02 14:00:00,0.6343775933609956,0.0201156082876452,0.0,0.0,0.0,0.0,0.0201156082876452
2018-04-02 15:00:00,0.6284304979253111,0.0204817541741779,0.54752498,0.0,0.54752498,0.0,0.0204817541741779
2018-04-02 16:00:00,0.6619183955739973,0.0237755315150434,0.76599066,0.0,0.76599066,0.0,0.0237755315150434
2018-04-02 17:00:00,0.7281863762102352,0.0293677368797105,0.80608852,0.0,0.80608852,0.0,0.0293677368797105
2018-04-02 18:00:00,0.7659906639004148,0.0317917863115897,0.85622545,0.0,0.85622545,0.0,0.0317917863115897
2018-04-02 19:00:00,0.806088520055325,0.0297989398595485,0.88099447,0.0,0.88099447,0.0,0.0297989398595485
2018-04-02 20:00:00,0.8562254495159058,0.0275427557133456,0.84531189,0.0,0.84531189,0.0,0.0275427557133456
2018-04-02 21:00:00,0.8809944674965422,0.027996799578042,0.6186352,0.0,0.6186352,0.0,0.027996799578042
2018-04-02 22:00:00,0.8453118948824342,0.0256936608811368,0.47737033,0.0,0.47737033,0.0,0.0256936608811368
2018-04-02 23:00:00,0.6186352005532503,0.0226267256231325,0.42172372,0.0,0.42172372,0.0,0.0226267256231325
2018-04-03 00:00:00,0.4773703319502075,0.0209831710854986,0.4065121,0.0,0.4065121,0.0,0.0209831710854986
2018-04-03 01:00:00,0.4217237206085754,0.0204688707253443,0.40122752,0.0,0.40122752,0.0,0.0204688707253443
2018-04-03 02:00:00,0.406512102351314,0.0229890808358609,0.39870367,0.0,0.39870367,0.0,0.0229890808358609
2018-04-03 03:00:00,0.4012275242047027,0.0264550225568726,0.41603631,0.0,0.41603631,0.0,0.0264550225568726
2018-04-03 04:00:00,0.3987036652835409,0.0331172389862476,0.28390269,0.0,0.28390269,0.0,0.0331172389862476
2018-04-03 05:00:00,0.4160363070539419,0.0426607375819501,0.079229444,0.0,0.079229444,0.0,0.0426607375819501
2018-04-03 06:00:00,0.4513616874135546,0.0561609767729599,0.0,0.0,0.0,0.096734747,0.0561609767729599
2018-04-03 07:00:00,0.5230798755186722,0.0621035877353966,0.0,0.0,0.0,0.23791445,0.0621035877353966
2018-04-03 08:00:00,0.596347510373444,0.0526346402107306,0.0,0.0,0.0,0.33609607,0.0526346402107306
2018-04-03 09:00:00,0.6535356154910097,0.0378860864817979,0.0,0.0,0.0,0.39510356,0.0378860864817979
2018-04-03 10:00:00,0.6906497233748271,0.0301530980860385,0.0,0.0,0.0,0.1190641,0.0301530980860385
2018-04-03 11:00:00,0.6930836791147993,0.0269559414234601,0.0,0.0,0.0,0.33971845,0.0269559414234601
2018-04-03 12:00:00,0.6768302213001383,0.0250912792346875,0.0,0.0,0.0,0.2260289,0.0250912792346875
2018-04-03 13:00:00,0.6731625172890732,0.0210471317886617,0.0,0.0,0.0,0.043075724,0.0210471317886617
2018-04-03 14:00:00,0.6443969571230981,0.0187479186526764,0.0,0.0,0.0,0.0,0.0187479186526764
2018-04-03 15:00:00,0.6198388658367912,0.0197443505253068,0.54779793,0.0,0.54779793,0.0,0.0197443505253068
2018-04-03 16:00:00,0.6573222683264177,0.0243555945318757,0.766176,0.0,0.766176,0.0,0.0243555945318757
2018-04-03 17:00:00,0.7160290456431536,0.0295717138672052,0.79448513,0.0,0.79448513,0.0,0.0295717138672052
2018-04-03 18:00:00,0.7661760027662516,0.0300788064133009,0.84769882,0.0,0.84769882,0.0,0.0300788064133009
2018-04-03 19:00:00,0.7944851313969571,0.0291007330229278,0.89319986,0.0,0.89319986,0.0,0.0291007330229278
2018-04-03 20:00:00,0.8476988243430151,0.0276669625360348,0.83871853,0.0,0.83871853,0.0,0.0276669625360348
2018-04-03 21:00:00,0.8931998616874136,0.0262239955147929,0.61021888,0.0,0.61021888,0.0,0.0262239955147929
2018-04-03 22:00:00,0.8387185338865837,0.0255590227881974,0.468,0.0,0.468,0.0,0.0255590227881974
2018-04-03 23:00:00,0.6102188796680497,0.0226730368660546,0.41823271,0.0,0.41823271,0.0,0.0226730368660546
2018-04-04 00:00:00,0.4679999999999999,0.0202172128719106,0.40734855,0.0,0.40734855,0.0,0.0202172128719106
2018-04-04 01:00:00,0.4182327109266943,0.019950222849704,0.39823548,0.0,0.39823548,0.0,0.019950222849704
2018-04-04 02:00:00,0.4073485477178423,0.0234227394529263,0.39735719,0.0,0.39735719,0.0,0.0234227394529263
2018-04-04 03:00:00,0.3982354771784232,0.0275599382566492,0.41253838,0.0,0.41253838,0.0,0.0275599382566492
2018-04-04 04:00:00,0.3973571922544952,0.0355659243392122,0.31153965,0.0,0.31153965,0.0,0.0355659243392122
2018-04-04 05:00:00,0.4125383817427385,0.0466357017723998,0.16078962,0.0,0.16078962,0.0,0.0466357017723998
2018-04-04 06:00:00,0.4433181189488243,0.0616741002429736,0.0,0.0,0.0,0.098347923,0.0616741002429736
2018-04-04 07:00:00,0.5229004149377593,0.0680385620119201,0.0,0.0,0.0,0.22074429,0.0680385620119201
2018-04-04 08:00:00,0.604524550484094,0.0658948944717469,0.0,0.0,0.0,0.17949378,0.0658948944717469
2018-04-04 09:00:00,0.6826075380359611,0.0540434081602762,0.0,0.0,0.0,0.42374595,0.0540434081602762
2018-04-04 10:00:00,0.7106065006915628,0.0393859032341752,0.0,0.0,0.0,0.12340033,0.0393859032341752
2018-04-04 11:00:00,0.6860902489626556,0.0300572037229879,0.0,0.0,0.0,0.34661976,0.0300572037229879
2018-04-04 12:00:00,0.695274550484094,0.0258034105719805,0.0,0.0,0.0,0.25109633,0.0258034105719805
2018-04-04 13:00:00,0.6881804979253111,0.0221172535299773,0.0,0.0,0.0,0.05059943,0.0221172535299773
2018-04-04 14:00:00,0.640250345781466,0.0199121985177636,0.0,0.0,0.0,0.0,0.0199121985177636
2018-04-04 15:00:00,0.6298129322268325,0.0207040204710507,0.5285101,0.0,0.5285101,0.0,0.0207040204710507
2018-04-04 16:00:00,0.6540895573997234,0.0247112918549383,0.77442427,0.0,0.77442427,0.0,0.0247112918549383
2018-04-04 17:00:00,0.7131628630705396,0.030064190183832,0.80310339,0.0,0.80310339,0.0,0.030064190183832
2018-04-04 18:00:00,0.774424273858921,0.0315531467941052,0.85158887,0.0,0.85158887,0.0,0.0315531467941052
2018-04-04 19:00:00,0.803103388658368,0.0295232893928103,0.88581259,0.0,0.88581259,0.0,0.0295232893928103
2018-04-04 20:00:00,0.851588865836791,0.0286549345654848,0.84732573,0.0,0.84732573,0.0,0.0286549345654848
2018-04-04 21:00:00,0.8858125864453666,0.0281320152645264,0.6299222,0.0,0.6299222,0.0,0.0281320152645264
2018-04-04 22:00:00,0.8473257261410789,0.0287701316206004,0.46822545,0.0,0.46822545,0.0,0.0287701316206004
2018-04-04 23:00:00,0.6299221991701243,0.0265511728595782,0.43512275,0.0,0.43512275,0.0,0.0265511728595782
2018-04-05 00:00:00,0.4682254495159059,0.0232319191471397,0.41622372,0.0,0.41622372,0.0,0.0232319191471397
2018-04-05 01:00:00,0.4351227524204702,0.0220517468129543,0.40127732,0.0,0.40127732,0.0,0.0220517468129543
2018-04-05 02:00:00,0.4162237206085754,0.023302430522005,0.40019606,0.0,0.40019606,0.0,0.023302430522005
2018-04-05 03:00:00,0.4012773167358229,0.0257163011646444,0.4108323,0.0,0.4108323,0.0,0.0257163011646444
2018-04-05 04:00:00,0.4001960580912863,0.0317674651271068,0.28403895,0.0,0.28403895,0.0,0.0317674651271068
2018-04-05 05:00:00,0.410832295988935,0.0403234413170766,0.1288991,0.0,0.1288991,0.0,0.0403234413170766
2018-04-05 06:00:00,0.444472683264177,0.0530470074154413,0.0,0.0,0.0,0.14394978,0.0530470074154413
2018-04-05 07:00:00,0.525128284923928,0.0544030345029023,0.0,0.0,0.0,0.28430877,0.0544030345029023
2018-04-05 08:00:00,0.5958613416320885,0.0499776407307174,0.0,0.0,0.0,0.39500757,0.0499776407307174
2018-04-05 09:00:00,0.6692244121715075,0.0443333551049664,0.0,0.0,0.0,0.46758937,0.0443333551049664
2018-04-05 10:00:00,0.6989170124481328,0.0381390447853685,0.0,0.0,0.0,0.16807525,0.0381390447853685
2018-04-05 11:00:00,0.6885262793914245,0.0306013383461329,0.0,0.0,0.0,0.37643463,0.0306013383461329
2018-04-05 12:00:00,0.6893540802213001,0.0254664037609977,0.0,0.0,0.0,0.2666247,0.0254664037609977
2018-04-05 13:00:00,0.6827119640387274,0.0211974790425683,0.0,0.0,0.0,0.060598662,0.0211974790425683
2018-04-05 14:00:00,0.6433198478561547,0.0192241600944507,0.0,0.0,0.0,0.0,0.0192241600944507
2018-04-05 15:00:00,0.6269865145228216,0.0204331014292802,0.54185464,0.0,0.54185464,0.0,0.0204331014292802
2018-04-05 16:00:00,0.6607704011065008,0.0238783570006346,0.76078043,0.0,0.76078043,0.0,0.0238783570006346
2018-04-05 17:00:00,0.7161044260027664,0.0296530023767191,0.8045408,0.0,0.8045408,0.0,0.0296530023767191
2018-04-05 18:00:00,0.7607804287690179,0.0310637106255387,0.8490695,0.0,0.8490695,0.0,0.0310637106255387
2018-04-05 19:00:00,0.8045408022130013,0.0294478356156943,0.87399343,0.0,0.87399343,0.0,0.0294478356156943
2018-04-05 20:00:00,0.8490695020746887,0.0274396258670841,0.83361826,0.0,0.83361826,0.0,0.0274396258670841
2018-04-05 21:00:00,0.8739934301521439,0.0263864618572133,0.61279011,0.0,0.61279011,0.0,0.0263864618572133
2018-04-05 22:00:00,0.8336182572614108,0.0255289810065679,0.4717583,0.0,0.4717583,0.0,0.0255289810065679
2018-04-05 23:00:00,0.612790110650069,0.0216995738481097,0.42559094,0.0,0.42559094,0.0,0.0216995738481097
2018-04-06 00:00:00,0.4717582987551867,0.0183183792805937,0.40973444,0.0,0.40973444,0.0,0.0183183792805937
2018-04-06 01:00:00,0.4255909405255878,0.0168479886712172,0.3977047,0.0,0.3977047,0.0,0.0168479886712172
2018-04-06 02:00:00,0.4097344398340249,0.0177930354702042,0.39782884,0.0,0.39782884,0.0,0.0177930354702042
2018-04-06 03:00:00,0.3977047026279391,0.0218039522648489,0.41419053,0.0,0.41419053,0.0,0.0218039522648489
2018-04-06 04:00:00,0.3978288381742739,0.0280818580094965,0.24896175,0.0,0.24896175,0.0,0.0280818580094965
2018-04-06 05:00:00,0.4141905255878285,0.0383329986226029,0.029373174,0.0,0.029373174,0.0,0.0383329986226029
2018-04-06 06:00:00,0.4455470262793914,0.052792807458681,0.0,0.0,0.0,0.14599066,0.052792807458681
2018-04-06 07:00:00,0.5177143845089902,0.0565624907528545,0.0,0.0,0.0,0.28825777,0.0565624907528545
2018-04-06 08:00:00,0.6079661134163208,0.0458769237037185,0.0,0.0,0.0,0.40707219,0.0458769237037185
2018-04-06 09:00:00,0.6708015214384508,0.0330903895330138,0.0,0.0,0.0,0.46826478,0.0330903895330138
2018-04-06 10:00:00,0.6928350622406638,0.0279226151232677,0.0,0.0,0.0,0.18291073,0.0279226151232677
2018-04-06 11:00:00,0.6940636237897647,0.0251160396669559,0.0,0.0,0.0,0.38369291,0.0251160396669559
2018-04-06 12:00:00,0.675536998616874,0.0245864417244682,0.0,0.0,0.0,0.26384768,0.0245864417244682
2018-04-06 13:00:00,0.6809052558782849,0.0218105133124831,0.0,0.0,0.0,0.072060454,0.0218105133124831
2018-04-06 14:00:00,0.6463302213001382,0.0192765101297655,0.0,0.0,0.0,0.0,0.0192765101297655
2018-04-06 15:00:00,0.6221784232365145,0.0200053294242726,0.54010016,0.0,0.54010016,0.0,0.0200053294242726
2018-04-06 16:00:00,0.6416573305670816,0.0235164687048438,0.78934302,0.0,0.78934302,0.0,0.0235164687048438
2018-04-06 17:00:00,0.710094052558783,0.0285769871060578,0.82154806,0.0,0.82154806,0.0,0.0285769871060578
2018-04-06 18:00:00,0.7893430152143843,0.0318936952565254,0.84762863,0.0,0.84762863,0.0,0.0318936952565254
2018-04-06 19:00:00,0.8215480636237898,0.0289134612858672,0.89412759,0.0,0.89412759,0.0,0.0289134612858672
2018-04-06 20:00:00,0.8476286307053941,0.0275687024605003,0.84571923,0.0,0.84571923,0.0,0.0275687024605003
2018-04-06 21:00:00,0.8941275933609959,0.0263916844096265,0.61375726,0.0,0.61375726,0.0,0.0263916844096265
2018-04-06 22:00:00,0.8457192254495158,0.0242594926501858,0.47280775,0.0,0.47280775,0.0,0.0242594926501858
2018-04-06 23:00:00,0.6137572614107883,0.0195473807505201,0.41532815,0.0,0.41532815,0.0,0.0195473807505201
2018-04-07 00:00:00,0.4728077455048409,0.0150580746961879,0.40578976,0.0,0.40578976,0.0,0.0150580746961879
2018-04-07 01:00:00,0.4153281466113416,0.0125048656634374,0.39778769,0.0,0.39778769,0.0,0.0125048656634374
2018-04-07 02:00:00,0.405789764868603,0.0131444069808317,0.3992175,0.0,0.3992175,0.0,0.0131444069808317
2018-04-07 03:00:00,0.3977876901798063,0.0146999528636943,0.41219882,0.0,0.41219882,0.0,0.0146999528636943
2018-04-07 04:00:00,0.3992174965421854,0.0181476848241396,0.23384526,0.0,0.23384526,0.0,0.0181476848241396
2018-04-07 05:00:00,0.4121988243430152,0.0225231288599335,0.0,0.0,0.0,0.014994212,0.0225231288599335
2018-04-07 06:00:00,0.4331144536652835,0.0310301444856913,0.0,0.0,0.0,0.19693972,0.0310301444856913
2018-04-07 07:00:00,0.4728903872752419,0.0374536729765659,0.0,0.0,0.0,0.28805671,0.0374536729765659
2018-04-07 08:00:00,0.5490653526970953,0.0368694699628869,0.0,0.0,0.0,0.35398437,0.0368694699628869
2018-04-07 09:00:00,0.6556939834024895,0.0324285745483741,0.0,0.0,0.0,0.40355594,0.0324285745483741
2018-04-07 10:00:00,0.7353450899031811,0.0273977831921872,0.0,0.0,0.0,0.13282004,0.0273977831921872
2018-04-07 11:00:00,0.7503319502074688,0.0262786075032721,0.0,0.0,0.0,0.33593712,0.0262786075032721
2018-04-07 12:00:00,0.7299329183955738,0.0265220649118239,0.0,0.0,0.0,0.23328043,0.0265220649118239
2018-04-07 13:00:00,0.7346677040110648,0.0245517930290546,0.0,0.0,0.0,0.033119997,0.0245517930290546
2018-04-07 14:00:00,0.6888049792531119,0.0224447283181447,0.0,0.0,0.0,0.0,0.0224447283181447
2018-04-07 15:00:00,0.6745446058091286,0.0224135728531531,0.59199904,0.0,0.59199904,0.0,0.0224135728531531
2018-04-07 16:00:00,0.7086421161825727,0.0247517891173257,0.79635304,0.0,0.79635304,0.0,0.0247517891173257
2018-04-07 17:00:00,0.7517430843706779,0.029951286209677,0.81823167,0.0,0.81823167,0.0,0.029951286209677
2018-04-07 18:00:00,0.7963530428769016,0.0313023501430231,0.86477939,0.0,0.86477939,0.0,0.0313023501430231
2018-04-07 19:00:00,0.818231673582296,0.0294846563395288,0.91205429,0.0,0.91205429,0.0,0.0294846563395288
2018-04-07 20:00:00,0.8647793914246196,0.0277079025048522,0.87616044,0.0,0.87616044,0.0,0.0277079025048522
2018-04-07 21:00:00,0.9120542876901798,0.0259269637109569,0.63849931,0.0,0.63849931,0.0,0.0259269637109569
2018-04-07 22:00:00,0.8761604426002765,0.0237045151781566,0.47215456,0.0,0.47215456,0.0,0.0237045151781566
2018-04-07 23:00:00,0.6384993084370677,0.0203836289857584,0.41914627,0.0,0.41914627,0.0,0.0203836289857584
2018-04-08 00:00:00,0.4721545643153527,0.0156534145434898,0.40654184,0.0,0.40654184,0.0,0.0156534145434898
2018-04-08 01:00:00,0.419146265560166,0.0138233387945391,0.39839972,0.0,0.39839972,0.0,0.0138233387945391
2018-04-08 02:00:00,0.4065418395573997,0.0153805033227857,0.40058921,0.0,0.40058921,0.0,0.0153805033227857
2018-04-08 03:00:00,0.3983997233748271,0.0186665298424871,0.41602282,0.0,0.41602282,0.0,0.0186665298424871
2018-04-08 04:00:00,0.4005892116182573,0.0237109205868116,0.24083555,0.0,0.24083555,0.0,0.0237109205868116
2018-04-08 05:00:00,0.4160228215767635,0.0292587999702026,0.0036493369,0.0,0.0036493369,0.0,0.0292587999702026
2018-04-08 06:00:00,0.4362081604426002,0.0390890547384701,0.0,0.0,0.0,0.16882186,0.0390890547384701
2018-04-08 07:00:00,0.4789253112033195,0.0444676784613034,0.0,0.0,0.0,0.24125425,0.0444676784613034
2018-04-08 08:00:00,0.5539733748271092,0.0389876818833515,0.0,0.0,0.0,0.31469669,0.0389876818833515
2018-04-08 09:00:00,0.6765629322268325,0.0317517628834274,0.0,0.0,0.0,0.37168563,0.0317517628834274
2018-04-08 10:00:00,0.7396407330567082,0.0271250483623261,0.0,0.0,0.0,0.087336695,0.0271250483623261
2018-04-08 11:00:00,0.747704702627939,0.0262931372666413,0.0,0.0,0.0,0.29918462,0.0262931372666413
2018-04-08 12:00:00,0.7366466113416319,0.0270151949121633,0.0,0.0,0.0,0.20877822,0.0270151949121633
2018-04-08 13:00:00,0.7398855463347163,0.0247003279535145,0.0,0.0,0.0,0.0032325555,0.0247003279535145
2018-04-08 14:00:00,0.6814591977869984,0.0223372890014816,0.0062204842,0.0,0.0062204842,0.0,0.0223372890014816
2018-04-08 15:00:00,0.677179806362379,0.0218062003834374,0.5992077,0.0,0.5992077,0.0,0.0218062003834374
2018-04-08 16:00:00,0.7094401798063623,0.0246038629142068,0.79281155,0.0,0.79281155,0.0,0.0246038629142068
2018-04-08 17:00:00,0.7505307745504842,0.0293399155475174,0.82135304,0.0,0.82135304,0.0,0.0293399155475174
2018-04-08 18:00:00,0.7928115491009681,0.0313823278264678,0.87275277,0.0,0.87275277,0.0,0.0313823278264678
2018-04-08 19:00:00,0.8213530428769018,0.0301405847121111,0.89333091,0.0,0.89333091,0.0,0.0301405847121111
2018-04-08 20:00:00,0.8727527662517288,0.027878424029107,0.86954772,0.0,0.86954772,0.0,0.027878424029107
2018-04-08 21:00:00,0.8933309128630705,0.0258903228366095,0.64010408,0.0,0.64010408,0.0,0.0258903228366095
2018-04-08 22:00:00,0.8695477178423237,0.0227427181663641,0.47459059,0.0,0.47459059,0.0,0.0227427181663641
2018-04-08 23:00:00,0.6401040802213,0.0186790155472628,0.42855775,0.0,0.42855775,0.0,0.0186790155472628
2018-04-09 00:00:00,0.4745905947441217,0.0140608784632375,0.40881189,0.0,0.40881189,0.0,0.0140608784632375
2018-04-09 01:00:00,0.428557745504841,0.0115566542052067,0.39862068,0.0,0.39862068,0.0,0.0115566542052067
2018-04-09 02:00:00,0.4088118948824344,0.0113076698835715,0.40284163,0.0,0.40284163,0.0,0.0113076698835715
2018-04-09 03:00:00,0.3986206777316735,0.0139764356704118,0.41263209,0.0,0.41263209,0.0,0.0139764356704118
2018-04-09 04:00:00,0.4028416320885201,0.0196126557383962,0.2403226,0.0,0.2403226,0.0,0.0196126557383962
2018-04-09 05:00:00,0.4126320885200553,0.029113305193803,0.036203449,0.0,0.036203449,0.0,0.029113305193803
2018-04-09 06:00:00,0.4454045643153526,0.042669460282073,0.0,0.0,0.0,0.14083908,0.042669460282073
2018-04-09 07:00:00,0.5228696403872751,0.0429613248717996,0.0,0.0,0.0,0.27760824,0.0429613248717996
2018-04-09 08:00:00,0.5948568464730289,0.0307911279760127,0.0,0.0,0.0,0.40190587,0.0307911279760127
2018-04-09 09:00:00,0.6555954356846472,0.0238677735500488,0.0,0.0,0.0,0.44922433,0.0238677735500488
2018-04-09 10:00:00,0.6703727524204702,0.0235718243017792,0.0,0.0,0.0,0.15722836,0.0235718243017792
2018-04-09 11:00:00,0.6898921161825725,0.0237398867301628,0.0,0.0,0.0,0.3759019,0.0237398867301628
2018-04-09 12:00:00,0.6885975103734439,0.0235930880449819,0.0,0.0,0.0,0.25746244,0.0235930880449819
2018-04-09 13:00:00,0.6802043568464728,0.0202278724126638,0.0,0.0,0.0,0.067046051,0.0202278724126638
2018-04-09 14:00:00,0.6460681189488242,0.0181822124670143,0.0,0.0,0.0,0.0,0.0181822124670143
2018-04-09 15:00:00,0.6238371369294605,0.0189789387774681,0.55251105,0.0,0.55251105,0.0,0.0189789387774681
2018-04-09 16:00:00,0.6490937067773168,0.0230671182200315,0.78261757,0.0,0.78261757,0.0,0.0230671182200315
2018-04-09 17:00:00,0.7232088520055325,0.0279070616012799,0.81535581,0.0,0.81535581,0.0,0.0279070616012799
2018-04-09 18:00:00,0.7826175656984784,0.0302453470383323,0.84785512,0.0,0.84785512,0.0,0.0302453470383323
2018-04-09 19:00:00,0.8153558091286307,0.027993745595406,0.88181812,0.0,0.88181812,0.0,0.027993745595406
2018-04-09 20:00:00,0.8478551175656984,0.0267659131471458,0.8369388,0.0,0.8369388,0.0,0.0267659131471458
2018-04-09 21:00:00,0.8818181189488244,0.0256687033061616,0.61498513,0.0,0.61498513,0.0,0.0256687033061616
2018-04-09 22:00:00,0.836938796680498,0.0224216626214274,0.46567324,0.0,0.46567324,0.0,0.0224216626214274
2018-04-09 23:00:00,0.614985131396957,0.0172071411796178,0.42340456,0.0,0.42340456,0.0,0.0172071411796178
2018-04-10 00:00:00,0.4656732365145228,0.0112365567046535,0.41019813,0.0,0.41019813,0.0,0.0112365567046535
2018-04-10 01:00:00,0.4234045643153526,0.0079939534601486,0.39710685,0.0,0.39710685,0.0,0.0079939534601486
2018-04-10 02:00:00,0.410198132780083,0.0071826662585296,0.39894952,0.0,0.39894952,0.0,0.0071826662585296
2018-04-10 03:00:00,0.3971068464730291,0.0072343003545399,0.42071508,0.0,0.42071508,0.0,0.0072343003545399
2018-04-10 04:00:00,0.3989495159059475,0.0099348407036447,0.22797262,0.0,0.22797262,0.0,0.0099348407036447
2018-04-10 05:00:00,0.4207150760719225,0.0157818443704811,0.019689074,0.0,0.019689074,0.0,0.0157818443704811
2018-04-10 06:00:00,0.4442313278008298,0.0253415951342558,0.0,0.0,0.0,0.15174527,0.0253415951342558
2018-04-10 07:00:00,0.5192036652835408,0.0285741544766362,0.0,0.0,0.0,0.28302626,0.0285741544766362
2018-04-10 08:00:00,0.6004982710926694,0.0256645529333828,0.0,0.0,0.0,0.39418939,0.0256645529333828
2018-04-10 09:00:00,0.6693488934993084,0.0227197112665943,0.0,0.0,0.0,0.46210664,0.0227197112665943
2018-04-10 10:00:00,0.7000757261410788,0.0236507159710135,0.0,0.0,0.0,0.18926144,0.0236507159710135
2018-04-10 11:00:00,0.6918879668049792,0.0241003431473447,0.0,0.0,0.0,0.38357283,0.0241003431473447
2018-04-10 12:00:00,0.672366182572614,0.0227156266080513,0.0,0.0,0.0,0.27197751,0.0227156266080513
2018-04-10 13:00:00,0.6854460580912862,0.0206547175010843,0.0,0.0,0.0,0.072307903,0.0206547175010843
2018-04-10 14:00:00,0.6467130013831257,0.0181850935174516,0.0,0.0,0.0,0.0,0.0181850935174516
2018-04-10 15:00:00,0.6330933609958506,0.0193553222501881,0.49538066,0.0,0.49538066,0.0,0.0193553222501881
2018-04-10 16:00:00,0.6568447441217151,0.0230497800377486,0.78692082,0.0,0.78692082,0.0,0.0230497800377486
2018-04-10 17:00:00,0.7229121715076073,0.0290954032525514,0.81539039,0.0,0.81539039,0.0,0.0290954032525514
2018-04-10 18:00:00,0.7869208160442599,0.0311342531282,0.84454841,0.0,0.84454841,0.0,0.0311342531282
2018-04-10 19:00:00,0.815390387275242,0.0285143164771001,0.8712168,0.0,0.8712168,0.0,0.0285143164771001
2018-04-10 20:00:00,0.8445484094052558,0.0263064530459731,0.83840249,0.0,0.83840249,0.0,0.0263064530459731
2018-04-10 21:00:00,0.8712168049792531,0.0259777158527519,0.62224654,0.0,0.62224654,0.0,0.0259777158527519
2018-04-10 22:00:00,0.838402489626556,0.0227074054113058,0.47928043,0.0,0.47928043,0.0,0.0227074054113058
2018-04-10 23:00:00,0.6222465421853388,0.0173044051656855,0.41894087,0.0,0.41894087,0.0,0.0173044051656855
2018-04-11 00:00:00,0.479280428769018,0.0115565435285995,0.40587517,0.0,0.40587517,0.0,0.0115565435285995
2018-04-11 01:00:00,0.4189408713692946,0.0087301050798979,0.39724689,0.0,0.39724689,0.0,0.0087301050798979
2018-04-11 02:00:00,0.405875172890733,0.0078523289063649,0.39835961,0.0,0.39835961,0.0,0.0078523289063649
2018-04-11 03:00:00,0.397246887966805,0.0085496019091103,0.41192808,0.0,0.41192808,0.0,0.0085496019091103
2018-04-11 04:00:00,0.398359612724758,0.0117100070207337,0.3159252,0.0,0.3159252,0.0,0.0117100070207337
2018-04-11 05:00:00,0.4119280774550484,0.0184439695608757,0.1349295,0.0,0.1349295,0.0,0.0184439695608757
2018-04-11 06:00:00,0.444585753803596,0.0297905976102632,0.4713762,0.0,0.4713762,0.0,0.0297905976102632
2018-04-11 07:00:00,0.5248485477178423,0.0319864284189762,0.21000615,0.0,0.21000615,0.0,0.0319864284189762
2018-04-11 08:00:00,0.6128329875518672,0.0279420354092276,0.067149861,0.0,0.067149861,0.0,0.0279420354092276
2018-04-11 09:00:00,0.6863769017980635,0.0243443331870695,0.0,0.0,0.0,0.16954306,0.0243443331870695
2018-04-11 10:00:00,0.6972088520055324,0.0244388025887998,0.0,0.0,0.0,0.0,0.0244388025887998
2018-04-11 11:00:00,0.6805110650069156,0.0236857243654015,0.0,0.0,0.0,0.1313954,0.0236857243654015
2018-04-11 12:00:00,0.6634851313969571,0.0232383556835907,0.0,0.0,0.0,0.16602798,0.0232383556835907
2018-04-11 13:00:00,0.693192600276625,0.0204746328262186,0.0,0.0,0.0,0.059780935,0.0204746328262186
2018-04-11 14:00:00,0.6464470954356845,0.0181750565326151,0.15375285,0.0,0.15375285,0.0,0.0181750565326151
2018-04-11 15:00:00,0.6349771784232364,0.0192094643161704,0.65116335,0.0,0.65116335,0.0,0.0192094643161704
2018-04-11 16:00:00,0.6651383125864454,0.0233884469978427,0.77210823,0.0,0.77210823,0.0,0.0233884469978427
2018-04-11 17:00:00,0.7050767634854772,0.0281937001799494,0.82344087,0.0,0.82344087,0.0,0.0281937001799494
2018-04-11 18:00:00,0.7721082295988934,0.0302565149997508,0.85749308,0.0,0.85749308,0.0,0.0302565149997508
2018-04-11 19:00:00,0.8234408713692946,0.0293753389791834,0.89053492,0.0,0.89053492,0.0,0.0293753389791834
2018-04-11 20:00:00,0.8574930843706777,0.0268746183275063,0.86195194,0.0,0.86195194,0.0,0.0268746183275063
2018-04-11 21:00:00,0.8905349239280775,0.0255732966119122,0.62407192,0.0,0.62407192,0.0,0.0255732966119122
2018-04-11 22:00:00,0.8619519363762103,0.0238650031762191,0.46987483,0.0,0.46987483,0.0,0.0238650031762191
2018-04-11 23:00:00,0.6240719225449516,0.019084517343669,0.42488589,0.0,0.42488589,0.0,0.019084517343669
2018-04-12 00:00:00,0.469874827109267,0.0141754633383678,0.41005636,0.0,0.41005636,0.0,0.0141754633383678
2018-04-12 01:00:00,0.4248858921161826,0.0118732169716103,0.40520263,0.0,0.40520263,0.0,0.0118732169716103
2018-04-12 02:00:00,0.4100563623789766,0.0128558765239037,0.40242082,0.0,0.40242082,0.0,0.0128558765239037
2018-04-12 03:00:00,0.4052026279391424,0.0149009346655004,0.41481432,0.0,0.41481432,0.0,0.0149009346655004
2018-04-12 04:00:00,0.40242081604426,0.0202687708777534,0.23003573,0.0,0.23003573,0.0,0.0202687708777534
2018-04-12 05:00:00,0.4148143153526971,0.030516539312977,0.028912061,0.0,0.028912061,0.0,0.030516539312977
2018-04-12 06:00:00,0.4437731673582296,0.0437890060458945,0.36613243,0.0,0.36613243,0.0,0.0437890060458945
2018-04-12 07:00:00,0.5285031120331949,0.0449191871399611,0.31053033,0.0,0.31053033,0.0,0.0449191871399611
2018-04-12 08:00:00,0.6050408022130013,0.0343924271879123,0.0,0.0,0.0,0.26977099,0.0343924271879123
2018-04-12 09:00:00,0.6611998616874135,0.0277798803447661,0.0,0.0,0.0,0.44435466,0.0277798803447661
2018-04-12 10:00:00,0.7017406639004149,0.0250749406005155,0.0,0.0,0.0,0.16764193,0.0250749406005155
2018-04-12 11:00:00,0.7116721991701244,0.025067473388158,0.0,0.0,0.0,0.38652562,0.025067473388158
2018-04-12 12:00:00,0.6863150069156292,0.0240172976466879,0.29869027,0.0,0.29869027,0.0,0.0240172976466879
2018-04-12 13:00:00,0.6682621023513138,0.0207860733408845,0.13839151,0.0,0.13839151,0.0,0.0207860733408845
2018-04-12 14:00:00,0.6480926694329182,0.0190861740341365,0.11851526,0.0,0.11851526,0.0,0.0190861740341365
2018-04-12 15:00:00,0.6507354771784232,0.018988495010791,0.62941356,0.0,0.62941356,0.0,0.018988495010791
2018-04-12 16:00:00,0.6597396265560167,0.0237216250899367,0.78009267,0.0,0.78009267,0.0,0.0237216250899367
2018-04-12 17:00:00,0.7194723374827111,0.0287505349437972,0.81462586,0.0,0.81462586,0.0,0.0287505349437972
2018-04-12 18:00:00,0.7800926694329182,0.030705547289317,0.86643396,0.0,0.86643396,0.0,0.030705547289317
2018-04-12 19:00:00,0.8146258644536654,0.0287784842458174,0.88070539,0.0,0.88070539,0.0,0.0287784842458174
2018-04-12 20:00:00,0.8664339557399723,0.0272284998624783,0.83680221,0.0,0.83680221,0.0,0.0272284998624783
2018-04-12 21:00:00,0.8807053941908715,0.0259400339265658,0.62639177,0.0,0.62639177,0.0,0.0259400339265658
2018-04-12 22:00:00,0.8368022130013831,0.0237059435981214,0.46693015,0.0,0.46693015,0.0,0.0237059435981214
2018-04-12 23:00:00,0.6263917704011064,0.0189352976077004,0.41750277,0.0,0.41750277,0.0,0.0189352976077004
2018-04-13 00:00:00,0.466930152143845,0.0147046912059498,0.41060339,0.0,0.41060339,0.0,0.0147046912059498
2018-04-13 01:00:00,0.4175027662517289,0.0131839323642603,0.40057884,0.0,0.40057884,0.0,0.0131839323642603
2018-04-13 02:00:00,0.410603388658368,0.0134164535405403,0.39850346,0.0,0.39850346,0.0,0.0134164535405403
2018-04-13 03:00:00,0.4005788381742738,0.0148902094105116,0.41319225,0.0,0.41319225,0.0,0.0148902094105116
2018-04-13 04:00:00,0.3985034578146612,0.0187030565815831,0.42555969,0.0,0.42555969,0.0,0.0187030565815831
2018-04-13 05:00:00,0.413192254495159,0.0271900639519037,0.37877342,0.0,0.37877342,0.0,0.0271900639519037
2018-04-13 06:00:00,0.4431293222683264,0.0408994438858737,0.5990657,0.0,0.5990657,0.0,0.0408994438858737
2018-04-13 07:00:00,0.5246639004149376,0.0421521266911461,0.48699841,0.0,0.48699841,0.0,0.0421521266911461
2018-04-13 08:00:00,0.5990656984785615,0.0314496710834452,0.46246532,0.0,0.46246532,0.0,0.0314496710834452
2018-04-13 09:00:00,0.6653105117565697,0.0251763307488539,0.69675207,0.0,0.69675207,0.0,0.0251763307488539
2018-04-13 10:00:00,0.6982617565698478,0.024259081071552,0.65150986,0.0,0.65150986,0.0,0.024259081071552
2018-04-13 11:00:00,0.6967520746887965,0.0237152681022975,0.68367151,0.0,0.68367151,0.0,0.0237152681022975
2018-04-13 12:00:00,0.6709325726141078,0.0227870026439122,0.42899619,0.0,0.42899619,0.0,0.0227870026439122
2018-04-13 13:00:00,0.6836715076071921,0.0211526169714754,0.52133843,0.0,0.52133843,0.0,0.0211526169714754
2018-04-13 14:00:00,0.6439502074688795,0.018624375889632,0.13329133,0.0,0.13329133,0.0,0.018624375889632
2018-04-13 15:00:00,0.6340535961272475,0.0194093358932581,0.68866736,0.0,0.68866736,0.0,0.0194093358932581
2018-04-13 16:00:00,0.6501535269709544,0.0232179254735879,0.78017427,0.0,0.78017427,0.0,0.0232179254735879
2018-04-13 17:00:00,0.7036327800829877,0.0291805619846813,0.81849378,0.0,0.81849378,0.0,0.0291805619846813
2018-04-13 18:00:00,0.780174273858921,0.0301962481283608,0.85472545,0.0,0.85472545,0.0,0.0301962481283608
2018-04-13 19:00:00,0.8184937759336101,0.0288061949014029,0.88375173,0.0,0.88375173,0.0,0.0288061949014029
2018-04-13 20:00:00,0.8547254495159059,0.0265603728525708,0.84394191,0.0,0.84394191,0.0,0.0265603728525708
2018-04-13 21:00:00,0.8837517289073306,0.0252441305468372,0.62866805,0.0,0.62866805,0.0,0.0252441305468372
2018-04-13 22:00:00,0.8439419087136929,0.0235608673176437,0.47689073,0.0,0.47689073,0.0,0.0235608673176437
2018-04-13 23:00:00,0.628668049792531,0.0179717851084925,0.42362206,0.0,0.42362206,0.0,0.0179717851084925
2018-04-14 00:00:00,0.4768907330567081,0.012611001071319,0.41760788,0.0,0.41760788,0.0,0.012611001071319
2018-04-14 01:00:00,0.423622060857538,0.0100738747330858,0.3993399,0.0,0.3993399,0.0,0.0100738747330858
2018-04-14 02:00:00,0.4176078838174274,0.0089891367623014,0.40065076,0.0,0.40065076,0.0,0.0089891367623014
2018-04-14 03:00:00,0.3993399031811895,0.0104958050884071,0.41196473,0.0,0.41196473,0.0,0.0104958050884071
2018-04-14 04:00:00,0.4006507607192255,0.0123880119178542,0.21916835,0.0,0.21916835,0.0,0.0123880119178542
2018-04-14 05:00:00,0.4119647302904564,0.0171124573419607,0.0,0.0,0.0,0.066568314,0.0171124573419607
2018-04-14 06:00:00,0.4329764868603042,0.0236899715802115,0.0,0.0,0.0,0.25263686,0.0236899715802115
2018-04-14 07:00:00,0.4721659751037343,0.0288219628593173,0.0,0.0,0.0,0.32923495,0.0288219628593173
2018-04-14 08:00:00,0.5459125172890732,0.0274959187565385,0.0,0.0,0.0,0.031404938,0.0274959187565385
2018-04-14 09:00:00,0.6707143845089902,0.0256570960969571,0.0,0.0,0.0,0.15308682,0.0256570960969571
2018-04-14 10:00:00,0.744868948824343,0.0251461609973973,0.0,0.0,0.0,0.12761686,0.0251461609973973
2018-04-14 11:00:00,0.7609225449515905,0.0241747109102501,0.0,0.0,0.0,0.35903942,0.0241747109102501
2018-04-14 12:00:00,0.7520183264177038,0.0252014647146728,0.0,0.0,0.0,0.26106104,0.0252014647146728
2018-04-14 13:00:00,0.7247278699861686,0.0231705316750995,0.0,0.0,0.0,0.035885597,0.0231705316750995
2018-04-14 14:00:00,0.6711479944674964,0.0220117337607241,0.0,0.0,0.0,0.0,0.0220117337607241
2018-04-14 15:00:00,0.6825169432918395,0.021066904856308,0.56555195,0.0,0.56555195,0.0,0.021066904856308
2018-04-14 16:00:00,0.7214948132780084,0.0237456799588331,0.79183887,0.0,0.79183887,0.0,0.0237456799588331
2018-04-14 17:00:00,0.7514695712309821,0.0292691032706257,0.80840871,0.0,0.80840871,0.0,0.0292691032706257
2018-04-14 18:00:00,0.791838865836791,0.030109674810842,0.86650346,0.0,0.86650346,0.0,0.030109674810842
2018-04-14 19:00:00,0.8084087136929461,0.0298348578773037,0.90609682,0.0,0.90609682,0.0,0.0298348578773037
2018-04-14 20:00:00,0.866503457814661,0.0271193796448396,0.87501556,0.0,0.87501556,0.0,0.0271193796448396
2018-04-14 21:00:00,0.9060968188105116,0.0253020247884555,0.64304288,0.0,0.64304288,0.0,0.0253020247884555
2018-04-14 22:00:00,0.875015560165975,0.022579044757194,0.46787828,0.0,0.46787828,0.0,0.022579044757194
2018-04-14 23:00:00,0.643042876901798,0.0173145597444174,0.42212102,0.0,0.42212102,0.0,0.0173145597444174
2018-04-15 00:00:00,0.4678782849239281,0.01235970291686,0.40909924,0.0,0.40909924,0.0,0.01235970291686
2018-04-15 01:00:00,0.4221210235131397,0.0088706470781151,0.3990166,0.0,0.3990166,0.0,0.0088706470781151
2018-04-15 02:00:00,0.4090992392807746,0.0080479843964386,0.39831639,0.0,0.39831639,0.0,0.0080479843964386
2018-04-15 03:00:00,0.3990165975103734,0.0093227610194692,0.4120408,0.0,0.4120408,0.0,0.0093227610194692
2018-04-15 04:00:00,0.3983163900414939,0.0119765992988825,0.2844419,0.0,0.2844419,0.0,0.0119765992988825
2018-04-15 05:00:00,0.4120408022130013,0.016660609716193,0.0,0.0,0.0,0.043430535,0.016660609716193
2018-04-15 06:00:00,0.434789764868603,0.0252625720365504,0.0,0.0,0.0,0.20788012,0.0252625720365504
2018-04-15 07:00:00,0.4743637621023512,0.0322210593680854,0.0,0.0,0.0,0.28090764,0.0322210593680854
2018-04-15 08:00:00,0.5586915629322268,0.030519866528488,0.0,0.0,0.0,0.35244533,0.030519866528488
2018-04-15 09:00:00,0.6769457123098201,0.0266984799654244,0.0,0.0,0.0,0.40503397,0.0266984799654244
2018-04-15 10:00:00,0.7431898340248961,0.0251993653177755,0.0,0.0,0.0,0.12821492,0.0251993653177755
2018-04-15 11:00:00,0.7478696403872751,0.0252425568638254,0.0,0.0,0.0,0.34753304,0.0252425568638254
2018-04-15 12:00:00,0.7271189488243429,0.026210586352074,0.0,0.0,0.0,0.21990702,0.026210586352074
2018-04-15 13:00:00,0.72169571230982,0.024185833909297,0.0,0.0,0.0,0.032611377,0.024185833909297
2018-04-15 14:00:00,0.7012735131396955,0.0225177541271853,0.0,0.0,0.0,0.0,0.0225177541271853
2018-04-15 15:00:00,0.6783309128630705,0.0219212106717778,0.54774545,0.0,0.54774545,0.0,0.0219212106717778
2018-04-15 16:00:00,0.6921915629322268,0.0243552901712055,0.80916701,0.0,0.80916701,0.0,0.0243552901712055
2018-04-15 17:00:00,0.7597396265560167,0.0289390206648957,0.8352749,0.0,0.8352749,0.0,0.0289390206648957
2018-04-15 18:00:00,0.8091670124481326,0.0318173595251941,0.86660443,0.0,0.86660443,0.0,0.0318173595251941
2018-04-15 19:00:00,0.8352748962655602,0.0298313335190858,0.91035615,0.0,0.91035615,0.0,0.0298313335190858
2018-04-15 20:00:00,0.8666044260027661,0.028076372600141,0.87488935,0.0,0.87488935,0.0,0.028076372600141
2018-04-15 21:00:00,0.9103561549100968,0.0252606559477843,0.64423997,0.0,0.64423997,0.0,0.0252606559477843
2018-04-15 22:00:00,0.8748893499308437,0.02392703395604,0.47421024,0.0,0.47421024,0.0,0.02392703395604
2018-04-15 23:00:00,0.6442399723374825,0.0199766330551519,0.42233402,0.0,0.42233402,0.0,0.0199766330551519
2018-04-16 00:00:00,0.4742102351313969,0.0161254779433338,0.4082462,0.0,0.4082462,0.0,0.0161254779433338
2018-04-16 01:00:00,0.4223340248962656,0.0154198938190988,0.3987092,0.0,0.3987092,0.0,0.0154198938190988
2018-04-16 02:00:00,0.4082461964038728,0.0168887730010555,0.39885477,0.0,0.39885477,0.0,0.0168887730010555
2018-04-16 03:00:00,0.3987091977869986,0.0209742789118205,0.40304964,0.0,0.40304964,0.0,0.0209742789118205
2018-04-16 04:00:00,0.3988547717842324,0.0286460320158746,0.23275832,0.0,0.23275832,0.0,0.0286460320158746
2018-04-16 05:00:00,0.4166123789764868,0.0398233629009768,0.002300573,0.0,0.002300573,0.0,0.0398233629009768
2018-04-16 06:00:00,0.4405010373443982,0.0536332095253421,0.0,0.0,0.0,0.15424652,0.0536332095253421
2018-04-16 07:00:00,0.5199059474412171,0.0529586563549157,0.0,0.0,0.0,0.29027688,0.0529586563549157
2018-04-16 08:00:00,0.6020456431535269,0.0404345122099212,0.0,0.0,0.0,0.38547948,0.0404345122099212
2018-04-16 09:00:00,0.6547614107883817,0.0298889199413894,0.0,0.0,0.0,0.43588942,0.0298889199413894
2018-04-16 10:00:00,0.6891189488243429,0.026518699651229,0.0,0.0,0.0,0.15024144,0.026518699651229
2018-04-16 11:00:00,0.6957614107883816,0.0252204768806429,0.0,0.0,0.0,0.38010477,0.0252204768806429
2018-04-16 12:00:00,0.6840573997233748,0.0237807471501686,0.0,0.0,0.0,0.26161762,0.0237807471501686
2018-04-16 13:00:00,0.6703392116182572,0.0208710625994594,0.0,0.0,0.0,0.067533073,0.0208710625994594
2018-04-16 14:00:00,0.6452634854771783,0.0195727914078575,0.0,0.0,0.0,0.0,0.0195727914078575
2018-04-16 15:00:00,0.6346120331950208,0.0196698202061344,0.45199115,0.0,0.45199115,0.0,0.0196698202061344
2018-04-16 16:00:00,0.6488613416320885,0.0242184212528974,0.76323548,0.0,0.76323548,0.0,0.0242184212528974
2018-04-16 17:00:00,0.7101127247579532,0.0283055527263341,0.80489765,0.0,0.80489765,0.0,0.0283055527263341
2018-04-16 18:00:00,0.7632354771784231,0.0298841746818459,0.84302317,0.0,0.84302317,0.0,0.0298841746818459
2018-04-16 19:00:00,0.8048976486860303,0.0300642005597638,0.88995851,0.0,0.88995851,0.0,0.0300642005597638
2018-04-16 20:00:00,0.8430231673582295,0.029221993080944,0.82819606,0.0,0.82819606,0.0,0.029221993080944
2018-04-16 21:00:00,0.8899585062240664,0.0295017662513087,0.61306051,0.0,0.61306051,0.0,0.0295017662513087
2018-04-16 22:00:00,0.8281960580912863,0.0299514072622158,0.47630048,0.0,0.47630048,0.0,0.0299514072622158
2018-04-16 23:00:00,0.6130605117565697,0.0293849816786055,0.4300242,0.0,0.4300242,0.0,0.0293849816786055
2018-04-17 00:00:00,0.4763004840940525,0.0281325928580715,0.41399343,0.0,0.41399343,0.0,0.0281325928580715
2018-04-17 01:00:00,0.4300242047026279,0.0299066697023062,0.40305325,0.0,0.40305325,0.0,0.0299066697023062
2018-04-17 02:00:00,0.4139934301521439,0.034653613605517,0.39788001,0.0,0.39788001,0.0,0.034653613605517
2018-04-17 03:00:00,0.4030532503457815,0.0402156423014392,0.39737753,0.0,0.39737753,0.0,0.0402156423014392
2018-04-17 04:00:00,0.3978800138312587,0.0486910459211993,0.19459499,0.0,0.19459499,0.0,0.0486910459211993
2018-04-17 05:00:00,0.4147773167358229,0.0614473100397722,0.0047566059,0.0,0.0047566059,0.0,0.0614473100397722
2018-04-17 06:00:00,0.4431154910096819,0.075483109875495,0.0,0.0,0.0,0.15806572,0.075483109875495
2018-04-17 07:00:00,0.5248547717842322,0.0679913446042751,0.0,0.0,0.0,0.27387333,0.0679913446042751
2018-04-17 08:00:00,0.6014387966804978,0.0495099663500871,0.0,0.0,0.0,0.36569779,0.0495099663500871
2018-04-17 09:00:00,0.677167704011065,0.0357804986118686,0.0,0.0,0.0,0.44307153,0.0357804986118686
2018-04-17 10:00:00,0.7143890041493776,0.028529306240119,0.0,0.0,0.0,0.17015085,0.028529306240119
2018-04-17 11:00:00,0.6932883817427385,0.0253717994721524,0.0,0.0,0.0,0.38497344,0.0253717994721524
2018-04-17 12:00:00,0.6742645228215767,0.0232252128364579,0.0,0.0,0.0,0.28084163,0.0232252128364579
2018-04-17 13:00:00,0.668116182572614,0.0200801191417438,0.0,0.0,0.0,0.056989691,0.0200801191417438
2018-04-17 14:00:00,0.6281272475795296,0.0186673391651789,0.0,0.0,0.0,0.0,0.0186673391651789
2018-04-17 15:00:00,0.6472434301521438,0.0196462737579035,0.47516645,0.0,0.47516645,0.0,0.0196462737579035
2018-04-17 16:00:00,0.6670632780082988,0.024506422537296,0.76902766,0.0,0.76902766,0.0,0.024506422537296
2018-04-17 17:00:00,0.7175833333333335,0.0288699134994871,0.8021964,0.0,0.8021964,0.0,0.0288699134994871
2018-04-17 18:00:00,0.7690276625172889,0.0302313568234241,0.85451176,0.0,0.85451176,0.0,0.0302313568234241
2018-04-17 19:00:00,0.8021964038727524,0.0286154541444279,0.88135754,0.0,0.88135754,0.0,0.0286154541444279
2018-04-17 20:00:00,0.8545117565698478,0.0271950928202541,0.84926487,0.0,0.84926487,0.0,0.0271950928202541
2018-04-17 21:00:00,0.8813575380359613,0.0264402126433411,0.61202801,0.0,0.61202801,0.0,0.0264402126433411
2018-04-17 22:00:00,0.8492648686030428,0.0229374847849342,0.46107296,0.0,0.46107296,0.0,0.0229374847849342
2018-04-17 23:00:00,0.612028008298755,0.0187473306831993,0.41852317,0.0,0.41852317,0.0,0.0187473306831993
2018-04-18 00:00:00,0.4610729598893499,0.0147273176548812,0.40959682,0.0,0.40959682,0.0,0.0147273176548812
2018-04-18 01:00:00,0.4185231673582296,0.0125387742090389,0.39752317,0.0,0.39752317,0.0,0.0125387742090389
2018-04-18 02:00:00,0.4095968188105118,0.0138284230011933,0.39868015,0.0,0.39868015,0.0,0.0138284230011933
2018-04-18 03:00:00,0.3975231673582296,0.0174898541973675,0.39567352,0.0,0.39567352,0.0,0.0174898541973675
2018-04-18 04:00:00,0.3986801521438451,0.0240610667862825,0.22837608,0.0,0.22837608,0.0,0.0240610667862825
2018-04-18 05:00:00,0.413073305670816,0.0342760922389267,0.015497383,0.0,0.015497383,0.0,0.0342760922389267
2018-04-18 06:00:00,0.4436504149377593,0.0482346674718149,0.0,0.0,0.0,0.12932686,0.0482346674718149
2018-04-18 07:00:00,0.5283499308437067,0.0485365067907864,0.0,0.0,0.0,0.12998739,0.0485365067907864
2018-04-18 08:00:00,0.6235387275242047,0.0345713186306043,0.0,0.0,0.0,0.28286488,0.0345713186306043
2018-04-18 09:00:00,0.6732240663900414,0.0261743432217844,0.0,0.0,0.0,0.40599721,0.0261743432217844
2018-04-18 10:00:00,0.6949277316735823,0.0251029175716876,0.0,0.0,0.0,0.13639142,0.0251029175716876
2018-04-18 11:00:00,0.7060380359612723,0.0241793005308144,0.0,0.0,0.0,0.35483139,0.0241793005308144
2018-04-18 12:00:00,0.6762358229598893,0.0232087116460191,0.0,0.0,0.0,0.25816307,0.0232087116460191
2018-04-18 13:00:00,0.6759540110650069,0.0205939007053011,0.0,0.0,0.0,0.059793554,0.0205939007053011
2018-04-18 14:00:00,0.6334080221300137,0.019021130775407,0.0,0.0,0.0,0.0,0.019021130775407
2018-04-18 15:00:00,0.6306891424619641,0.0194067592034914,0.52475367,0.0,0.52475367,0.0,0.0194067592034914
2018-04-18 16:00:00,0.663731673582296,0.0229203575799344,0.78244364,0.0,0.78244364,0.0,0.0229203575799344
2018-04-18 17:00:00,0.7135138312586446,0.0289086191842921,0.81578181,0.0,0.81578181,0.0,0.0289086191842921
2018-04-18 18:00:00,0.7824436376210233,0.0308734264095694,0.86315041,0.0,0.86315041,0.0,0.0308734264095694
2018-04-18 19:00:00,0.8157818118948824,0.0291023655028875,0.88764696,0.0,0.88764696,0.0,0.0291023655028875
2018-04-18 20:00:00,0.8631504149377592,0.0272757760670711,0.84527455,0.0,0.84527455,0.0,0.0272757760670711
2018-04-18 21:00:00,0.8876469571230982,0.0267653217190245,0.63747649,0.0,0.63747649,0.0,0.0267653217190245
2018-04-18 22:00:00,0.8452745504840942,0.0249023300552953,0.48037241,0.0,0.48037241,0.0,0.0249023300552953
2018-04-18 23:00:00,0.6374764868603042,0.0223190066093914,0.42944433,0.0,0.42944433,0.0,0.0223190066093914
2018-04-19 00:00:00,0.4803724066390041,0.0199187353548899,0.40945332,0.0,0.40945332,0.0,0.0199187353548899
2018-04-19 01:00:00,0.4294443291839558,0.019430174223251,0.39870781,0.0,0.39870781,0.0,0.019430174223251
2018-04-19 02:00:00,0.4094533195020747,0.0223217527727134,0.39805947,0.0,0.39805947,0.0,0.0223217527727134
2018-04-19 03:00:00,0.3987078146611341,0.0277173930239393,0.40425284,0.0,0.40425284,0.0,0.0277173930239393
2018-04-19 04:00:00,0.3980594744121716,0.037155627790043,0.34844218,0.0,0.34844218,0.0,0.037155627790043
2018-04-19 05:00:00,0.4123153526970954,0.050288610869802,0.010312457,0.0,0.010312457,0.0,0.050288610869802
2018-04-19 06:00:00,0.4465504840940525,0.0654630066804001,0.0,0.0,0.0,0.15510424,0.0654630066804001
2018-04-19 07:00:00,0.5327811203319501,0.072120425970572,0.0,0.0,0.0,0.26536089,0.072120425970572
2018-04-19 08:00:00,0.6034709543568465,0.0651342521939593,0.0,0.0,0.0,0.25226868,0.0651342521939593
2018-04-19 09:00:00,0.6751469571230981,0.0482554331702842,0.0,0.0,0.0,0.42377498,0.0482554331702842
2018-04-19 10:00:00,0.7148437067773167,0.0374018936175082,0.0,0.0,0.0,0.15273212,0.0374018936175082
2018-04-19 11:00:00,0.6913381742738588,0.0307701132551769,0.0,0.0,0.0,0.35250501,0.0307701132551769
2018-04-19 12:00:00,0.6588367911479943,0.0260508661729754,0.0,0.0,0.0,0.24220311,0.0260508661729754
2018-04-19 13:00:00,0.6744522821576762,0.0221520267365742,0.0,0.0,0.0,0.062727921,0.0221520267365742
2018-04-19 14:00:00,0.6406998616874134,0.0190002889867702,0.0,0.0,0.0,0.0,0.0190002889867702
2018-04-19 15:00:00,0.6217033195020746,0.0198218587369483,0.49842812,0.0,0.49842812,0.0,0.0198218587369483
2018-04-19 16:00:00,0.6535387275242046,0.0235238217819502,0.76548167,0.0,0.76548167,0.0,0.0235238217819502
2018-04-19 17:00:00,0.72798132780083,0.0286486882544531,0.8025529,0.0,0.8025529,0.0,0.0286486882544531
2018-04-19 18:00:00,0.7654816735822958,0.0308375810233378,0.8506843,0.0,0.8506843,0.0,0.0308375810233378
2018-04-19 19:00:00,0.8025529045643154,0.0292352742738357,0.88429322,0.0,0.88429322,0.0,0.0292352742738357
2018-04-19 20:00:00,0.8506843015214384,0.0270298837731557,0.86210996,0.0,0.86210996,0.0,0.0270298837731557
2018-04-19 21:00:00,0.8842932226832642,0.0277086703238162,0.63008645,0.0,0.63008645,0.0,0.0277086703238162
2018-04-19 22:00:00,0.8621099585062241,0.0279838919187004,0.47355636,0.0,0.47355636,0.0,0.0279838919187004
2018-04-19 23:00:00,0.6300864453665281,0.0241749703085486,0.41998306,0.0,0.41998306,0.0,0.0241749703085486
2018-04-20 00:00:00,0.4735563623789764,0.0218155767672729,0.41056397,0.0,0.41056397,0.0,0.0218155767672729
2018-04-20 01:00:00,0.4199830567081604,0.0221375350182891,0.4006065,0.0,0.4006065,0.0,0.0221375350182891
2018-04-20 02:00:00,0.410563969571231,0.024844463482829,0.39828077,0.0,0.39828077,0.0,0.024844463482829
2018-04-20 03:00:00,0.4006065006915629,0.029978471151377,0.39371678,0.0,0.39371678,0.0,0.029978471151377
2018-04-20 04:00:00,0.3982807745504841,0.0379080696229485,0.20249554,0.0,0.20249554,0.0,0.0379080696229485
2018-04-20 05:00:00,0.4149163208852005,0.0491119698111224,0.033171024,0.0,0.033171024,0.0,0.0491119698111224
2018-04-20 06:00:00,0.4459958506224066,0.0605359573504597,0.0,0.0,0.0,0.12951733,0.0605359573504597
2018-04-20 07:00:00,0.5258388658367911,0.057440183918932,0.0,0.0,0.0,0.25264289,0.057440183918932
2018-04-20 08:00:00,0.5965086445366529,0.0461033576665899,0.0,0.0,0.0,0.35480384,0.0461033576665899
2018-04-20 09:00:00,0.6580957814661135,0.0348804764402419,0.0,0.0,0.0,0.43542437,0.0348804764402419
2018-04-20 10:00:00,0.7059733748271092,0.0287204620343717,0.0,0.0,0.0,0.1451885,0.0287204620343717
2018-04-20 11:00:00,0.6822506915629322,0.0252736431559373,0.0,0.0,0.0,0.35208361,0.0252736431559373
2018-04-20 12:00:00,0.6743056708160442,0.0234551988266991,0.0,0.0,0.0,0.22806619,0.0234551988266991
2018-04-20 13:00:00,0.676829529737206,0.0200234630946712,0.0,0.0,0.0,0.047208734,0.0200234630946712
2018-04-20 14:00:00,0.6612576071922543,0.0187610027028611,0.0,0.0,0.0,0.0,0.0187610027028611
2018-04-20 15:00:00,0.6438395573997233,0.0192673896855842,0.42715791,0.0,0.42715791,0.0,0.0192673896855842
2018-04-20 16:00:00,0.64275622406639,0.0223753894235895,0.77335754,0.0,0.77335754,0.0,0.0223753894235895
2018-04-20 17:00:00,0.700042185338866,0.0280871116897058,0.81294018,0.0,0.81294018,0.0,0.0280871116897058
2018-04-20 18:00:00,0.7733575380359611,0.0301505905691516,0.84751763,0.0,0.84751763,0.0,0.0301505905691516
2018-04-20 19:00:00,0.8129401798063624,0.0286346876636131,0.8750332,0.0,0.8750332,0.0,0.0286346876636131
2018-04-20 20:00:00,0.8475176348547717,0.0259949226065634,0.83887586,0.0,0.83887586,0.0,0.0259949226065634
2018-04-20 21:00:00,0.875033195020747,0.0258974718537205,0.61942427,0.0,0.61942427,0.0,0.0258974718537205
2018-04-20 22:00:00,0.8388758644536652,0.0239785608340871,0.47076383,0.0,0.47076383,0.0,0.0239785608340871
2018-04-20 23:00:00,0.6194242738589211,0.020900492201104,0.42347441,0.0,0.42347441,0.0,0.020900492201104
2018-04-21 00:00:00,0.4707638312586445,0.0171462517523107,0.40935304,0.0,0.40935304,0.0,0.0171462517523107
2018-04-21 01:00:00,0.4234744121715076,0.0147567368805942,0.39898064,0.0,0.39898064,0.0,0.0147567368805942
2018-04-21 02:00:00,0.4093530428769018,0.0164911084919128,0.3997749,0.0,0.3997749,0.0,0.0164911084919128
2018-04-21 03:00:00,0.3989806362378976,0.0195783632833127,0.38306334,0.0,0.38306334,0.0,0.0195783632833127
2018-04-21 04:00:00,0.3997748962655602,0.0265166382994157,0.1719908,0.0,0.1719908,0.0,0.0265166382994157
2018-04-21 05:00:00,0.4108734439834025,0.0345284937008164,0.0,0.0,0.0,0.056211768,0.0345284937008164
2018-04-21 06:00:00,0.4344000691562931,0.0440807115379978,0.0,0.0,0.0,0.22522755,0.0440807115379978
2018-04-21 07:00:00,0.4721386583679114,0.0442573375688815,0.0,0.0,0.0,0.29428046,0.0442573375688815
2018-04-21 08:00:00,0.5355145228215766,0.0351334554956767,0.0,0.0,0.0,0.32588909,0.0351334554956767
2018-04-21 09:00:00,0.6497576071922544,0.0287956667891208,0.0,0.0,0.0,0.36814346,0.0287956667891208
2018-04-21 10:00:00,0.7419906639004149,0.024670504066456,0.0,0.0,0.0,0.10715256,0.024670504066456
2018-04-21 11:00:00,0.7568322959889349,0.0251171222225227,0.0,0.0,0.0,0.31389162,0.0251171222225227
2018-04-21 12:00:00,0.7196033886583678,0.0252198231969303,0.0,0.0,0.0,0.19887263,0.0252198231969303
2018-04-21 13:00:00,0.725912171507607,0.0236772437703569,0.0,0.0,0.0,0.024128777,0.0236772437703569
2018-04-21 14:00:00,0.6991998616874134,0.0222990813614101,0.0,0.0,0.0,0.0,0.0222990813614101
2018-04-21 15:00:00,0.6728156984785615,0.0214537092233464,0.54300457,0.0,0.54300457,0.0,0.0214537092233464
2018-04-21 16:00:00,0.7142043568464731,0.0230801365559805,0.80011653,0.0,0.80011653,0.0,0.0230801365559805
2018-04-21 17:00:00,0.7538343706777318,0.0282543578781092,0.82846196,0.0,0.82846196,0.0,0.0282543578781092
2018-04-21 18:00:00,0.8001165283540801,0.0315323741783479,0.87668223,0.0,0.87668223,0.0,0.0315323741783479
2018-04-21 19:00:00,0.8284619640387275,0.0294977300137818,0.91084232,0.0,0.91084232,0.0,0.0294977300137818
2018-04-21 20:00:00,0.8766822268326416,0.0277764839563754,0.86503181,0.0,0.86503181,0.0,0.0277764839563754
2018-04-21 21:00:00,0.9108423236514523,0.0252174955295305,0.64175692,0.0,0.64175692,0.0,0.0252174955295305
2018-04-21 22:00:00,0.8650318118948823,0.0227950370738829,0.47878527,0.0,0.47878527,0.0,0.0227950370738829
2018-04-21 23:00:00,0.6417569156293221,0.0181007441080131,0.42704806,0.0,0.42704806,0.0,0.0181007441080131
2018-04-22 00:00:00,0.4787852697095435,0.012870790196755,0.4097787,0.0,0.4097787,0.0,0.012870790196755
2018-04-22 01:00:00,0.4270480636237898,0.0108540479734408,0.40255671,0.0,0.40255671,0.0,0.0108540479734408
2018-04-22 02:00:00,0.4097786998616875,0.0106475945968547,0.39777213,0.0,0.39777213,0.0,0.0106475945968547
2018-04-22 03:00:00,0.4025567081604426,0.0124844147015705,0.38550007,0.0,0.38550007,0.0,0.0124844147015705
2018-04-22 04:00:00,0.3977721300138313,0.0161744558007656,0.17249252,0.0,0.17249252,0.0,0.0161744558007656
2018-04-22 05:00:00,0.4161528354080221,0.0212460453213664,0.3121169,0.0,0.3121169,0.0,0.0212460453213664
2018-04-22 06:00:00,0.4392126556016597,0.0292571986180388,0.1554649,0.0,0.1554649,0.0,0.0292571986180388
2018-04-22 07:00:00,0.4716901798063623,0.0305318749403942,0.0,0.0,0.0,0.097629683,0.0305318749403942
2018-04-22 08:00:00,0.5580297372060856,0.0276272607617628,0.0,0.0,0.0,0.32399312,0.0276272607617628
2018-04-22 09:00:00,0.6646054633471645,0.0258599836115974,0.0,0.0,0.0,0.37400838,0.0258599836115974
2018-04-22 10:00:00,0.7579280774550484,0.024683757590196,0.0,0.0,0.0,0.11053743,0.024683757590196
2018-04-22 11:00:00,0.7649847856154909,0.0248423986723717,0.0,0.0,0.0,0.30384508,0.0248423986723717
2018-04-22 12:00:00,0.7342510373443982,0.0261342160343029,0.0,0.0,0.0,0.19185368,0.0261342160343029
2018-04-22 13:00:00,0.7452005532503456,0.0249296948464827,0.0,0.0,0.0,0.0039346291,0.0249296948464827
2018-04-22 14:00:00,0.7117233748271091,0.0222012294058653,0.11995712,0.0,0.11995712,0.0,0.0222012294058653
2018-04-22 15:00:00,0.6937724757952973,0.0222053901545761,0.65696795,0.0,0.65696795,0.0,0.0222053901545761
2018-04-22 16:00:00,0.700371715076072,0.024006191940861,0.79985373,0.0,0.79985373,0.0,0.024006191940861
2018-04-22 17:00:00,0.7521307053941909,0.0289118772269234,0.82965698,0.0,0.82965698,0.0,0.0289118772269234
2018-04-22 18:00:00,0.7998537344398338,0.0308502707881087,0.87395781,0.0,0.87395781,0.0,0.0308502707881087
2018-04-22 19:00:00,0.8296569847856156,0.0290839482236822,0.90890353,0.0,0.90890353,0.0,0.0290839482236822
2018-04-22 20:00:00,0.8739578146611341,0.0263479706083356,0.86821438,0.0,0.86821438,0.0,0.0263479706083356
2018-04-22 21:00:00,0.9089035269709544,0.0248901106661064,0.63199862,0.0,0.63199862,0.0,0.0248901106661064
2018-04-22 22:00:00,0.8682143845089902,0.0217333129201564,0.47678423,0.0,0.47678423,0.0,0.0217333129201564
2018-04-22 23:00:00,0.6319986168741354,0.0178885078786889,0.42262344,0.0,0.42262344,0.0,0.0178885078786889
2018-04-23 00:00:00,0.4767842323651452,0.0131475335949915,0.40921024,0.0,0.40921024,0.0,0.0131475335949915
2018-04-23 01:00:00,0.4226234439834024,0.0113905355347411,0.39893534,0.0,0.39893534,0.0,0.0113905355347411
2018-04-23 02:00:00,0.4092102351313971,0.0111122392053567,0.39842704,0.0,0.39842704,0.0,0.0111122392053567
2018-04-23 03:00:00,0.3989353388658367,0.0136288142810478,0.38035557,0.0,0.38035557,0.0,0.0136288142810478
2018-04-23 04:00:00,0.3984270401106501,0.0186088604127275,0.42707653,0.0,0.42707653,0.0,0.0186088604127275
2018-04-23 05:00:00,0.4127558782849239,0.0260190501069833,0.45860063,0.0,0.45860063,0.0,0.0260190501069833
2018-04-23 06:00:00,0.4486244813278008,0.0376873112948522,0.46706716,0.0,0.46706716,0.0,0.0376873112948522
2018-04-23 07:00:00,0.5252710926694328,0.0392240386958074,0.40761601,0.0,0.40761601,0.0,0.0392240386958074
2018-04-23 08:00:00,0.593637275242047,0.035381644329196,0.55104785,0.0,0.55104785,0.0,0.035381644329196
2018-04-23 09:00:00,0.6629246196403873,0.0299878233247047,0.589891,0.0,0.589891,0.0,0.0299878233247047
2018-04-23 10:00:00,0.7098717150760718,0.0253394957373587,0.67702628,0.0,0.67702628,0.0,0.0253394957373587
2018-04-23 11:00:00,0.6873769017980634,0.0236592968667332,0.395105,0.0,0.395105,0.0,0.0236592968667332
2018-04-23 12:00:00,0.6770262793914246,0.0231355371152875,0.63356916,0.0,0.63356916,0.0,0.0231355371152875
2018-04-23 13:00:00,0.6836065006915628,0.0210765510143745,0.45215974,0.0,0.45215974,0.0,0.0210765510143745
2018-04-23 14:00:00,0.6335691562932225,0.0188157979994713,0.31222988,0.0,0.31222988,0.0,0.0188157979994713
2018-04-23 15:00:00,0.6275539419087136,0.0198053713810851,0.65117484,0.0,0.65117484,0.0,0.0198053713810851
2018-04-23 16:00:00,0.6448219225449516,0.0229506725944383,0.77415871,0.0,0.77415871,0.0,0.0229506725944383
2018-04-23 17:00:00,0.6964367219917014,0.0289827483007628,0.80213209,0.0,0.80213209,0.0,0.0289827483007628
2018-04-23 18:00:00,0.7741587136929459,0.0288698339506756,0.83631224,0.0,0.83631224,0.0,0.0288698339506756
2018-04-23 19:00:00,0.8021320885200552,0.0278441004462278,0.8774796,0.0,0.8774796,0.0,0.0278441004462278
2018-04-23 20:00:00,0.8363122406639003,0.0264787246440829,0.82531743,0.0,0.82531743,0.0,0.0264787246440829
2018-04-23 21:00:00,0.8774795988934995,0.0263449512121388,0.62819053,0.0,0.62819053,0.0,0.0263449512121388
2018-04-23 22:00:00,0.8253174273858921,0.0245798253385304,0.472537,0.0,0.472537,0.0,0.0245798253385304
2018-04-23 23:00:00,0.6281905255878284,0.0213047246751686,0.42463797,0.0,0.42463797,0.0,0.0213047246751686
2018-04-24 00:00:00,0.4725369986168741,0.0174694170700767,0.40870609,0.0,0.40870609,0.0,0.0174694170700767
2018-04-24 01:00:00,0.4246379668049793,0.0172387151405312,0.40116252,0.0,0.40116252,0.0,0.0172387151405312
2018-04-24 02:00:00,0.4087060857538035,0.0190883356866254,0.40190041,0.0,0.40190041,0.0,0.0190883356866254
2018-04-24 03:00:00,0.4011625172890733,0.0238827010574762,0.39997732,0.0,0.39997732,0.0,0.0238827010574762
2018-04-24 04:00:00,0.4019004149377594,0.0309923553415416,0.3368961,0.0,0.3368961,0.0,0.0309923553415416
2018-04-24 05:00:00,0.4134094052558782,0.0412406840770903,0.12112104,0.0,0.12112104,0.0,0.0412406840770903
2018-04-24 06:00:00,0.4445605117565698,0.055358813474166,0.0,0.0,0.0,0.17913461,0.055358813474166
2018-04-24 07:00:00,0.5309121715076072,0.058236450229736,0.0,0.0,0.0,0.30565504,0.058236450229736
2018-04-24 08:00:00,0.6068561549100967,0.0488383634029777,0.0,0.0,0.0,0.034722296,0.0488383634029777
2018-04-24 09:00:00,0.672103734439834,0.0334346041580552,0.013261652,0.0,0.013261652,0.0,0.0334346041580552
2018-04-24 10:00:00,0.6994619640387275,0.0264233344607077,0.017102686,0.0,0.017102686,0.0,0.0264233344607077
2018-04-24 11:00:00,0.6948105117565697,0.0242976587865296,0.0,0.0,0.0,0.0,0.0242976587865296
2018-04-24 12:00:00,0.6823443983402488,0.0230805550519022,0.26133419,0.0,0.26133419,0.0,0.0230805550519022
2018-04-24 13:00:00,0.6767334024896264,0.0204095238532535,0.39265373,0.0,0.39265373,0.0,0.0204095238532535
2018-04-24 14:00:00,0.6455902489626555,0.0184071453783974,0.19054214,0.0,0.19054214,0.0,0.0184071453783974
2018-04-24 15:00:00,0.6386787690179806,0.0193958540990156,0.63948223,0.0,0.63948223,0.0,0.0193958540990156
2018-04-24 16:00:00,0.6589235822959889,0.0234182639676133,0.76930152,0.0,0.76930152,0.0,0.0234182639676133
2018-04-24 17:00:00,0.7123032503457816,0.0283466829205705,0.79590629,0.0,0.79590629,0.0,0.0283466829205705
2018-04-24 18:00:00,0.7693015214384508,0.0301053791750163,0.85629737,0.0,0.85629737,0.0,0.0301053791750163
2018-04-24 19:00:00,0.7959062932226834,0.0282243160964797,0.89374308,0.0,0.89374308,0.0,0.0282243160964797
2018-04-24 20:00:00,0.8562973720608574,0.0263844281745519,0.85492012,0.0,0.85492012,0.0,0.0263844281745519
2018-04-24 21:00:00,0.8937430843706778,0.0251059473438162,0.6227092,0.0,0.6227092,0.0,0.0251059473438162
2018-04-24 22:00:00,0.8549201244813278,0.0230899556462456,0.48437344,0.0,0.48437344,0.0,0.0230899556462456
2018-04-24 23:00:00,0.6227091977869985,0.0199647007334134,0.43120021,0.0,0.43120021,0.0,0.0199647007334134
2018-04-25 00:00:00,0.4843734439834025,0.0172638041439781,0.40635339,0.0,0.40635339,0.0,0.0172638041439781
2018-04-25 01:00:00,0.4312002074688796,0.0155862753465071,0.39923928,0.0,0.39923928,0.0,0.0155862753465071
2018-04-25 02:00:00,0.4063533886583679,0.0180676794715435,0.40180152,0.0,0.40180152,0.0,0.0180676794715435
2018-04-25 03:00:00,0.3992392807745505,0.0213288902206724,0.38916522,0.0,0.38916522,0.0,0.0213288902206724
2018-04-25 04:00:00,0.4018015214384509,0.0270309386595704,0.33117939,0.0,0.33117939,0.0,0.0270309386595704
2018-04-25 05:00:00,0.4184882434301521,0.0354842726720803,0.23843338,0.0,0.23843338,0.0,0.0354842726720803
2018-04-25 06:00:00,0.4495204011065006,0.0471285550812206,0.35708081,0.0,0.35708081,0.0,0.0471285550812206
2018-04-25 07:00:00,0.5219028354080221,0.0479757395487308,0.33974937,0.0,0.33974937,0.0,0.0479757395487308
2018-04-25 08:00:00,0.59392081604426,0.037064900641102,0.25942561,0.0,0.25942561,0.0,0.037064900641102
2018-04-25 09:00:00,0.6540314661134162,0.0274978383039488,0.0,0.0,0.0,0.0,0.0274978383039488
2018-04-25 10:00:00,0.703070193637621,0.0252164717709115,0.28721029,0.0,0.28721029,0.0,0.0252164717709115
2018-04-25 11:00:00,0.6986113416320884,0.0245125097507045,0.42527496,0.0,0.42527496,0.0,0.0245125097507045
2018-04-25 12:00:00,0.6902202627939141,0.0232014830800964,0.31552008,0.0,0.31552008,0.0,0.0232014830800964
2018-04-25 13:00:00,0.6931275933609957,0.0205778491385796,0.34434259,0.0,0.34434259,0.0,0.0205778491385796
2018-04-25 14:00:00,0.6324083679114798,0.0183975441827026,0.58652897,0.0,0.58652897,0.0,0.0183975441827026
2018-04-25 15:00:00,0.6233955739972338,0.019418750322178,0.29705395,0.0,0.29705395,0.0,0.019418750322178
2018-04-25 16:00:00,0.6573278008298755,0.0230758547547305,0.77444295,0.0,0.77444295,0.0,0.0230758547547305
2018-04-25 17:00:00,0.7260563623789765,0.0292527923056057,0.81443534,0.0,0.81443534,0.0,0.0292527923056057
2018-04-25 18:00:00,0.774442946058091,0.0304840280595446,0.8518482,0.0,0.8518482,0.0,0.0304840280595446
2018-04-25 19:00:00,0.8144353388658369,0.0281497442735794,0.87278147,0.0,0.87278147,0.0,0.0281497442735794
2018-04-25 20:00:00,0.8518482019363761,0.0260123645481658,0.83891563,0.0,0.83891563,0.0,0.0260123645481658
2018-04-25 21:00:00,0.8727814661134163,0.0263266964892007,0.62328734,0.0,0.62328734,0.0,0.0263266964892007
2018-04-25 22:00:00,0.8389156293222684,0.0236041557057248,0.48259993,0.0,0.48259993,0.0,0.0236041557057248
2018-04-25 23:00:00,0.6232873443983402,0.0204780015454572,0.43049896,0.0,0.43049896,0.0,0.0204780015454572
2018-04-26 00:00:00,0.4825999308437068,0.0167418394287592,0.41581812,0.0,0.41581812,0.0,0.0167418394287592
2018-04-26 01:00:00,0.4304989626556016,0.0150535922935873,0.39976591,0.0,0.39976591,0.0,0.0150535922935873
2018-04-26 02:00:00,0.4158181189488244,0.0169718323362883,0.39815733,0.0,0.39815733,0.0,0.0169718323362883
2018-04-26 03:00:00,0.3997659059474412,0.0201931268752186,0.37009437,0.0,0.37009437,0.0,0.0201931268752186
2018-04-26 04:00:00,0.3981573305670816,0.0262607436071041,0.44070084,0.0,0.44070084,0.0,0.0262607436071041
2018-04-26 05:00:00,0.4116452282157676,0.0352177115217273,0.35192207,0.0,0.35192207,0.0,0.0352177115217273
2018-04-26 06:00:00,0.4501061549100967,0.0473771382001538,0.59789488,0.0,0.59789488,0.0,0.0473771382001538
2018-04-26 07:00:00,0.5251545643153527,0.0508810247042945,0.66331916,0.0,0.66331916,0.0,0.0508810247042945
2018-04-26 08:00:00,0.5978948824343014,0.045084444608075,0.3802477,0.0,0.3802477,0.0,0.045084444608075
2018-04-26 09:00:00,0.6633191562932226,0.0328231816162361,0.41230266,0.0,0.41230266,0.0,0.0328231816162361
2018-04-26 10:00:00,0.7008260719225449,0.0269715987047674,0.6207742,0.0,0.6207742,0.0,0.0269715987047674
2018-04-26 11:00:00,0.7002223374827108,0.0236293726789993,0.49807148,0.0,0.49807148,0.0,0.0236293726789993
2018-04-26 12:00:00,0.6865736514522821,0.0226093390198341,0.058395282,0.0,0.058395282,0.0,0.0226093390198341
2018-04-26 13:00:00,0.6818796680497924,0.0203450996917968,0.008012553,0.0,0.008012553,0.0,0.0203450996917968
2018-04-26 14:00:00,0.649692600276625,0.0189216809263426,0.0,0.0,0.0,0.0,0.0189216809263426
2018-04-26 15:00:00,0.6333395573997233,0.0199217063300706,0.41499901,0.0,0.41499901,0.0,0.0199217063300706
2018-04-26 16:00:00,0.650923928077455,0.0228766057335592,0.77534163,0.0,0.77534163,0.0,0.0228766057335592
2018-04-26 17:00:00,0.719938450899032,0.0272183625769662,0.80537241,0.0,0.80537241,0.0,0.0272183625769662
2018-04-26 18:00:00,0.7753416320885198,0.0295757916084603,0.83909509,0.0,0.83909509,0.0,0.0295757916084603
2018-04-26 19:00:00,0.8053724066390041,0.0283455104402605,0.87725622,0.0,0.87725622,0.0,0.0283455104402605
2018-04-26 20:00:00,0.8390950899031812,0.026552182783621,0.86526349,0.0,0.86526349,0.0,0.026552182783621
2018-04-26 21:00:00,0.87725622406639,0.0253244056736643,0.61810235,0.0,0.61810235,0.0,0.0253244056736643
2018-04-26 22:00:00,0.8652634854771784,0.0245069067474533,0.46958022,0.0,0.46958022,0.0,0.0245069067474533
2018-04-26 23:00:00,0.6181023513139695,0.0202415755601211,0.4192583,0.0,0.4192583,0.0,0.0202415755601211
2018-04-27 00:00:00,0.4695802213001383,0.0173910684079476,0.40978942,0.0,0.40978942,0.0,0.0173910684079476
2018-04-27 01:00:00,0.4192582987551867,0.0162864397756216,0.39925277,0.0,0.39925277,0.0,0.0162864397756216
2018-04-27 02:00:00,0.409789419087137,0.0175346540128691,0.40022165,0.0,0.40022165,0.0,0.0175346540128691
2018-04-27 03:00:00,0.3992527662517289,0.0206204457978646,0.36870046,0.0,0.36870046,0.0,0.0206204457978646
2018-04-27 04:00:00,0.4002216459197787,0.0262135261994587,0.30097078,0.0,0.30097078,0.0,0.0262135261994587
2018-04-27 05:00:00,0.4145546334716459,0.0341183953665581,0.0,0.0,0.0,0.044550551,0.0341183953665581
2018-04-27 06:00:00,0.4445968188105117,0.0452769942358526,0.0,0.0,0.0,0.21169696,0.0452769942358526
2018-04-27 07:00:00,0.5234384508990317,0.050284502000751,0.0,0.0,0.0,0.33784849,0.050284502000751
2018-04-27 08:00:00,0.5934917012448132,0.0480335507828934,0.0,0.0,0.0,0.42961298,0.0480335507828934
2018-04-27 09:00:00,0.6511320885200552,0.0410393218244461,0.0,0.0,0.0,0.48138006,0.0410393218244461
2018-04-27 10:00:00,0.6887116182572613,0.0311368505698302,0.0,0.0,0.0,0.19743174,0.0311368505698302
2018-04-27 11:00:00,0.6907372060857536,0.0256054377904388,0.0,0.0,0.0,0.39902852,0.0256054377904388
2018-04-27 12:00:00,0.6742406639004148,0.0229729877654113,0.0,0.0,0.0,0.30074374,0.0229729877654113
2018-04-27 13:00:00,0.6806147994467495,0.0197056033367745,0.0,0.0,0.0,0.097521685,0.0197056033367745
2018-04-27 14:00:00,0.634646611341632,0.0176235895842278,0.0,0.0,0.0,0.0,0.0176235895842278
2018-04-27 15:00:00,0.6324374135546335,0.0197198010703213,0.43418832,0.0,0.43418832,0.0,0.0197198010703213
2018-04-27 16:00:00,0.6683191562932227,0.0234566895022556,0.78573824,0.0,0.78573824,0.0,0.0234566895022556
2018-04-27 17:00:00,0.7176120331950208,0.0285863807831136,0.83370505,0.0,0.83370505,0.0,0.0285863807831136
2018-04-27 18:00:00,0.785738243430152,0.0303386612529723,0.87043534,0.0,0.87043534,0.0,0.0303386612529723
2018-04-27 19:00:00,0.8337050484094053,0.0287590812530771,0.88394364,0.0,0.88394364,0.0,0.0287590812530771
2018-04-27 20:00:00,0.8704353388658367,0.0266314825728451,0.84001591,0.0,0.84001591,0.0,0.0266314825728451
2018-04-27 21:00:00,0.8839436376210235,0.0251888164536299,0.6121805,0.0,0.6121805,0.0,0.0251888164536299
2018-04-27 22:00:00,0.8400159059474412,0.0229922731642562,0.46992012,0.0,0.46992012,0.0,0.0229922731642562
2018-04-27 23:00:00,0.6121804979253112,0.0198469027780232,0.41985615,0.0,0.41985615,0.0,0.0198469027780232
2018-04-28 00:00:00,0.4699201244813278,0.0150104145821132,0.40864281,0.0,0.40864281,0.0,0.0150104145821132
2018-04-28 01:00:00,0.4198561549100968,0.0134304472140924,0.40016217,0.0,0.40016217,0.0,0.0134304472140924
2018-04-28 02:00:00,0.4086428077455048,0.014436570207161,0.39886929,0.0,0.39886929,0.0,0.014436570207161
2018-04-28 03:00:00,0.4001621715076072,0.0174113187684636,0.36442184,0.0,0.36442184,0.0,0.0174113187684636
2018-04-28 04:00:00,0.3988692946058092,0.0222327030661034,0.14547505,0.0,0.14547505,0.0,0.0222327030661034
2018-04-28 05:00:00,0.410127939142462,0.0283764341761052,0.0,0.0,0.0,0.083972666,0.0283764341761052
2018-04-28 06:00:00,0.4327769709543568,0.0366372704404974,0.0,0.0,0.0,0.23181625,0.0366372704404974
2018-04-28 07:00:00,0.4709906639004148,0.0371444909564205,0.0,0.0,0.0,0.30349111,0.0371444909564205
2018-04-28 08:00:00,0.5569183955739971,0.0338176420617968,0.0,0.0,0.0,0.35899695,0.0338176420617968
2018-04-28 09:00:00,0.6646905255878284,0.0296450717060676,0.0,0.0,0.0,0.40329561,0.0296450717060676
2018-04-28 10:00:00,0.7478309128630705,0.0255033939583877,0.0,0.0,0.0,0.11518158,0.0255033939583877
2018-04-28 11:00:00,0.7559291147994466,0.0252512034737808,0.0,0.0,0.0,0.35227852,0.0252512034737808
2018-04-28 12:00:00,0.7439132088520054,0.0259893126860243,0.0,0.0,0.0,0.25538113,0.0259893126860243
2018-04-28 13:00:00,0.7186023513139694,0.0243468303280249,0.0,0.0,0.0,0.060208254,0.0243468303280249
2018-04-28 14:00:00,0.6728703319502074,0.0223099657140221,0.0,0.0,0.0,0.0,0.0223099657140221
2018-04-28 15:00:00,0.6650529045643153,0.0213496109567699,0.50197721,0.0,0.50197721,0.0,0.0213496109567699
2018-04-28 16:00:00,0.6988495850622407,0.0237231780210849,0.80995401,0.0,0.80995401,0.0,0.0237231780210849
2018-04-28 17:00:00,0.7663526970954359,0.0287154781283936,0.81896369,0.0,0.81896369,0.0,0.0287154781283936
2018-04-28 18:00:00,0.8099540110650068,0.0300704053670681,0.8644184,0.0,0.8644184,0.0,0.0300704053670681
2018-04-28 19:00:00,0.8189636929460581,0.029027624206432,0.90236203,0.0,0.90236203,0.0,0.029027624206432
2018-04-28 20:00:00,0.8644183955739971,0.0266300956566083,0.87183437,0.0,0.87183437,0.0,0.0266300956566083
2018-04-28 21:00:00,0.9023620331950208,0.0248620230183268,0.66264315,0.0,0.66264315,0.0,0.0248620230183268
2018-04-28 22:00:00,0.8718343706777316,0.0226827418210684,0.49266736,0.0,0.49266736,0.0,0.0226827418210684
2018-04-28 23:00:00,0.6626431535269709,0.0194102835617091,0.42963071,0.0,0.42963071,0.0,0.0194102835617091
2018-04-29 00:00:00,0.4926673582295989,0.0154228682529237,0.40957711,0.0,0.40957711,0.0,0.0154228682529237
2018-04-29 01:00:00,0.4296307053941909,0.0138403138192039,0.39962621,0.0,0.39962621,0.0,0.0138403138192039
2018-04-29 02:00:00,0.4095771092669433,0.0150982675979054,0.39808645,0.0,0.39808645,0.0,0.0150982675979054
2018-04-29 03:00:00,0.3996262102351314,0.0182363748317757,0.36173558,0.0,0.36173558,0.0,0.0182363748317757
2018-04-29 04:00:00,0.3980864453665284,0.0230728180653139,0.14209368,0.0,0.14209368,0.0,0.0230728180653139
2018-04-29 05:00:00,0.409963692946058,0.0288563867428725,0.0,0.0,0.0,0.074368434,0.0288563867428725
2018-04-29 06:00:00,0.4347921853388658,0.0347380563983425,0.0,0.0,0.0,0.22789946,0.0347380563983425
2018-04-29 07:00:00,0.4750909405255878,0.0365447378793973,0.0,0.0,0.0,0.29327745,0.0365447378793973
2018-04-29 08:00:00,0.5512603734439833,0.0351147338558011,0.0,0.0,0.0,0.34833718,0.0351147338558011
2018-04-29 09:00:00,0.6666507607192254,0.0307675123549021,0.0,0.0,0.0,0.38869413,0.0307675123549021
2018-04-29 10:00:00,0.7337209543568464,0.0263974741796526,0.0,0.0,0.0,0.12719111,0.0263974741796526
2018-04-29 11:00:00,0.7491116874135545,0.0249180184643986,0.0,0.0,0.0,0.31052054,0.0249180184643986
2018-04-29 12:00:00,0.711223029045643,0.0258447897885837,0.0,0.0,0.0,0.19959348,0.0258447897885837
2018-04-29 13:00:00,0.7370788381742737,0.0239578504739216,0.0,0.0,0.0,0.018996497,0.0239578504739216
2018-04-29 14:00:00,0.7061715076071922,0.021612429854334,0.0,0.0,0.0,0.0,0.021612429854334
2018-04-29 15:00:00,0.687524550484094,0.0218408110337673,0.5289146,0.0,0.5289146,0.0,0.0218408110337673
2018-04-29 16:00:00,0.6983969571230983,0.0244310448503477,0.79625484,0.0,0.79625484,0.0,0.0244310448503477
2018-04-29 17:00:00,0.7577506915629324,0.0287001390423324,0.82323824,0.0,0.82323824,0.0,0.0287001390423324
2018-04-29 18:00:00,0.7962548409405253,0.0305587313109163,0.87701418,0.0,0.87701418,0.0,0.0305587313109163
2018-04-29 19:00:00,0.8232382434301521,0.0293191221798965,0.90648651,0.0,0.90648651,0.0,0.0293191221798965
2018-04-29 20:00:00,0.8770141770401105,0.0276876210165405,0.86967151,0.0,0.86967151,0.0,0.0276876210165405
2018-04-29 21:00:00,0.9064865145228216,0.0246573197155958,0.62421957,0.0,0.62421957,0.0,0.0246573197155958
2018-04-29 22:00:00,0.8696715076071921,0.0230543454478051,0.47408126,0.0,0.47408126,0.0,0.0230543454478051
2018-04-29 23:00:00,0.6242195712309819,0.0202145531746883,0.42159094,0.0,0.42159094,0.0,0.0202145531746883
2018-04-30 00:00:00,0.4740812586445366,0.0162464094301714,0.41271715,0.0,0.41271715,0.0,0.0162464094301714
2018-04-30 01:00:00,0.4215909405255878,0.0144944091104756,0.4033852,0.0,0.4033852,0.0,0.0144944091104756
2018-04-30 02:00:00,0.4127171507607192,0.0154375259861204,0.40114903,0.0,0.40114903,0.0,0.0154375259861204
2018-04-30 03:00:00,0.4033852005532504,0.0177103392925895,0.36426754,0.0,0.36426754,0.0,0.0177103392925895
2018-04-30 04:00:00,0.4011490318118949,0.0228347561413744,0.1589237,0.0,0.1589237,0.0,0.0228347561413744
2018-04-30 05:00:00,0.4123388658367911,0.0311123564531483,0.34946356,0.0,0.34946356,0.0,0.0311123564531483
2018-04-30 06:00:00,0.448109958506224,0.0419311331752592,0.014012207,0.0,0.014012207,0.0,0.0419311331752592
2018-04-30 07:00:00,0.5275352697095436,0.0447374042709,0.0,0.0,0.0,0.28979306,0.0447374042709
2018-04-30 08:00:00,0.6033578838174274,0.0394509741620563,0.0,0.0,0.0,0.39428896,0.0394509741620563
2018-04-30 09:00:00,0.6758195020746887,0.0321587691899656,0.0,0.0,0.0,0.4548039,0.0321587691899656
2018-04-30 10:00:00,0.6959847856154909,0.0286146621149558,0.0,0.0,0.0,0.16189743,0.0286146621149558
2018-04-30 11:00:00,0.6903654910096818,0.0254295000297075,0.0,0.0,0.0,0.37747348,0.0254295000297075
2018-04-30 12:00:00,0.6860024204702627,0.0234559355178674,0.0,0.0,0.0,0.12498254,0.0234559355178674
2018-04-30 13:00:00,0.6786327800829874,0.0203500109662516,0.21119605,0.0,0.21119605,0.0,0.0203500109662516
2018-04-30 14:00:00,0.6301677040110649,0.0182931830591835,0.0,0.0,0.0,0.0,0.0182931830591835
2018-04-30 15:00:00,0.631246887966805,0.0192233611476908,0.40167042,0.0,0.40167042,0.0,0.0192233611476908
2018-04-30 16:00:00,0.6642026279391424,0.0228261579524348,0.77283748,0.0,0.77283748,0.0,0.0228261579524348
2018-04-30 17:00:00,0.7267949515905948,0.0282785787619168,0.80808333,0.0,0.80808333,0.0,0.0282785787619168
2018-04-30 18:00:00,0.7728374827109266,0.0298266124700502,0.85375277,0.0,0.85375277,0.0,0.0298266124700502
2018-04-30 19:00:00,0.8080833333333334,0.0284594243384585,0.8898036,0.0,0.8898036,0.0,0.0284594243384585
2018-04-30 20:00:00,0.8537527662517288,0.0266071233432782,0.84867393,0.0,0.84867393,0.0,0.0266071233432782
2018-04-30 21:00:00,0.8898035961272476,0.0262901628328167,0.62665353,0.0,0.62665353,0.0,0.0262901628328167
2018-04-30 22:00:00,0.848673928077455,0.0261105969545485,0.47438278,0.0,0.47438278,0.0,0.0261105969545485
2018-04-30 23:00:00,0.6266535269709543,0.0238485953691673,0.42889488,0.0,0.42889488,0.0,0.0238485953691673
2018-05-01 00:00:00,0.4743827800829875,0.0222049266962823,0.41081604,0.0,0.41081604,0.0,0.0222049266962823
2018-05-01 01:00:00,0.4288948824343014,0.0211583237340458,0.39750761,0.0,0.39750761,0.0,0.0211583237340458
2018-05-01 02:00:00,0.4108160442600277,0.0240977526230022,0.39750553,0.0,0.39750553,0.0,0.0240977526230022
2018-05-01 03:00:00,0.3975076071922545,0.027621031743951,0.35262465,0.0,0.35262465,0.0,0.027621031743951
2018-05-01 04:00:00,0.3975055325034578,0.0353482165351082,0.12505541,0.0,0.12505541,0.0,0.0353482165351082
2018-05-01 05:00:00,0.4134426002766251,0.0445282566106519,0.11193114,0.0,0.11193114,0.0,0.0445282566106519
2018-05-01 06:00:00,0.4450276625172891,0.0559740301484334,0.0,0.0,0.0,0.23933024,0.0559740301484334
2018-05-01 07:00:00,0.5215867911479944,0.060220591274874,0.0,0.0,0.0,0.35981655,0.060220591274874
2018-05-01 08:00:00,0.5995134854771783,0.058912428361483,0.0,0.0,0.0,0.46116457,0.058912428361483
2018-05-01 09:00:00,0.6701296680497925,0.0577899773367164,0.0,0.0,0.0,0.51741812,0.0577899773367164
2018-05-01 10:00:00,0.6895760719225449,0.0582943064262704,0.0,0.0,0.0,0.23115611,0.0582943064262704
2018-05-01 11:00:00,0.6878537344398339,0.053884237905571,0.0,0.0,0.0,0.43763462,0.053884237905571
2018-05-01 12:00:00,0.6692624481327799,0.0505196932501852,0.0,0.0,0.0,0.33221134,0.0505196932501852
2018-05-01 13:00:00,0.6682022821576763,0.0404900684082077,0.0,0.0,0.0,0.1343292,0.0404900684082077
2018-05-01 14:00:00,0.624750345781466,0.0304436138046121,0.15378203,0.0,0.15378203,0.0,0.0304436138046121
2018-05-01 15:00:00,0.6181383125864454,0.0267453930123992,0.20293791,0.0,0.20293791,0.0,0.0267453930123992
2018-05-01 16:00:00,0.6522942600276624,0.0283089560320123,0.7724177,0.0,0.7724177,0.0,0.0283089560320123
2018-05-01 17:00:00,0.7032970262793915,0.0327114259118831,0.8029426,0.0,0.8029426,0.0,0.0327114259118831
2018-05-01 18:00:00,0.7724177040110648,0.0335466400125708,0.82667116,0.0,0.82667116,0.0,0.0335466400125708
2018-05-01 19:00:00,0.8029426002766252,0.0308815611402155,0.84486549,0.0,0.84486549,0.0,0.0308815611402155
2018-05-01 20:00:00,0.826671161825726,0.0305125653310415,0.83175726,0.0,0.83175726,0.0,0.0305125653310415
2018-05-01 21:00:00,0.8448654910096817,0.0316409306370175,0.61859959,0.0,0.61859959,0.0,0.0316409306370175
2018-05-01 22:00:00,0.8317572614107882,0.0315359711680892,0.46902697,0.0,0.46902697,0.0,0.0315359711680892
2018-05-01 23:00:00,0.6185995850622406,0.0303300215603046,0.42401349,0.0,0.42401349,0.0,0.0303300215603046
2018-05-02 00:00:00,0.4690269709543568,0.0286029096427043,0.40608195,0.0,0.40608195,0.0,0.0286029096427043
2018-05-02 01:00:00,0.4240134854771784,0.0290802889783491,0.39876798,0.0,0.39876798,0.0,0.0290802889783491
2018-05-02 02:00:00,0.4060819502074689,0.032995304492655,0.39865007,0.0,0.39865007,0.0,0.032995304492655
2018-05-02 03:00:00,0.3987679806362378,0.0377608939455737,0.3520464,0.0,0.3520464,0.0,0.0377608939455737
2018-05-02 04:00:00,0.3986500691562932,0.0462583913830926,0.12933657,0.0,0.12933657,0.0,0.0462583913830926
2018-05-02 05:00:00,0.4147358229598893,0.0578750011817311,0.0,0.0,0.0,0.059061949,0.0578750011817311
2018-05-02 06:00:00,0.44757918395574,0.0706157221542478,0.0,0.0,0.0,0.2185924,0.0706157221542478
2018-05-02 07:00:00,0.5273073997233748,0.0694946684216503,0.0,0.0,0.0,0.34942415,0.0694946684216503
2018-05-02 08:00:00,0.599820193637621,0.0580395980488446,0.0,0.0,0.0,0.42309533,0.0580395980488446
2018-05-02 09:00:00,0.6512130013831258,0.0441243354145456,0.0,0.0,0.0,0.48879511,0.0441243354145456
2018-05-02 10:00:00,0.6993046334716457,0.033674779313468,0.0,0.0,0.0,0.20577446,0.033674779313468
2018-05-02 11:00:00,0.6853426694329183,0.0288593231316134,0.0,0.0,0.0,0.40338815,0.0288593231316134
2018-05-02 12:00:00,0.6691545643153526,0.0248107728317983,0.0,0.0,0.0,0.30469676,0.0248107728317983
2018-05-02 13:00:00,0.679801867219917,0.0217210866136788,0.0,0.0,0.0,0.095556288,0.0217210866136788
2018-05-02 14:00:00,0.6312890733056706,0.0199537264560578,0.0,0.0,0.0,0.0,0.0199537264560578
2018-05-02 15:00:00,0.6311798063623789,0.020228000382491,0.39945821,0.0,0.39945821,0.0,0.020228000382491
2018-05-02 16:00:00,0.6575096818810511,0.0236230191500041,0.75441459,0.0,0.75441459,0.0,0.0236230191500041
2018-05-02 17:00:00,0.705246542185339,0.0285479275793194,0.7809018,0.0,0.7809018,0.0,0.0285479275793194
2018-05-02 18:00:00,0.7544145919778699,0.0306931515092847,0.81820574,0.0,0.81820574,0.0,0.0306931515092847
2018-05-02 19:00:00,0.7809017980636238,0.0283071194920578,0.86193568,0.0,0.86193568,0.0,0.0283071194920578
2018-05-02 20:00:00,0.8182057399723375,0.0281241226389589,0.82415595,0.0,0.82415595,0.0,0.0281241226389589
2018-05-02 21:00:00,0.8619356846473029,0.0265576958621284,0.61677248,0.0,0.61677248,0.0,0.0265576958621284
2018-05-02 22:00:00,0.824155947441217,0.0266230884439,0.46191044,0.0,0.46191044,0.0,0.0266230884439
2018-05-02 23:00:00,0.6167724757952971,0.0247343195065717,0.42501176,0.0,0.42501176,0.0,0.0247343195065717
2018-05-03 00:00:00,0.4619104426002766,0.0223565432725303,0.41062725,0.0,0.41062725,0.0,0.0223565432725303
2018-05-03 01:00:00,0.4250117565698478,0.0232036689430933,0.39850415,0.0,0.39850415,0.0,0.0232036689430933
2018-05-03 02:00:00,0.4106272475795298,0.0270414529372761,0.39829633,0.0,0.39829633,0.0,0.0270414529372761
2018-05-03 03:00:00,0.3985041493775933,0.0339951535055399,0.36072296,0.0,0.36072296,0.0,0.0339951535055399
2018-05-03 04:00:00,0.3982963347164592,0.0445496068199542,0.15611679,0.0,0.15611679,0.0,0.0445496068199542
2018-05-03 05:00:00,0.4126144536652835,0.0583190115202355,0.0,0.0,0.0,0.03969999,0.0583190115202355
2018-05-03 06:00:00,0.44783540802213,0.0710590926436153,0.0,0.0,0.0,0.19621455,0.0710590926436153
2018-05-03 07:00:00,0.5240781466113416,0.0663712085450445,0.0,0.0,0.0,0.31182091,0.0663712085450445
2018-05-03 08:00:00,0.6049225449515905,0.0447991756524225,0.0,0.0,0.0,0.40957702,0.0447991756524225
2018-05-03 09:00:00,0.6699650760719226,0.0304375611776433,0.0,0.0,0.0,0.48441924,0.0304375611776433
2018-05-03 10:00:00,0.703576417704011,0.0254540494846935,0.0,0.0,0.0,0.17519023,0.0254540494846935
2018-05-03 11:00:00,0.6822897648686029,0.023707565702149,0.0,0.0,0.0,0.4103827,0.023707565702149
2018-05-03 12:00:00,0.6859917012448132,0.023258882735625,0.0,0.0,0.0,0.28646619,0.023258882735625
2018-05-03 13:00:00,0.6684017980636238,0.0203657581723026,0.0,0.0,0.0,0.10114226,0.0203657581723026
2018-05-03 14:00:00,0.6433492392807745,0.0186619436805666,0.0,0.0,0.0,0.0,0.0186619436805666
2018-05-03 15:00:00,0.6250860995850622,0.0193307001636787,0.39472092,0.0,0.39472092,0.0,0.0193307001636787
2018-05-03 16:00:00,0.6552638312586445,0.0225038745888846,0.76409302,0.0,0.76409302,0.0,0.0225038745888846
2018-05-03 17:00:00,0.7055342323651453,0.0273862347799309,0.80663831,0.0,0.80663831,0.0,0.0273862347799309
2018-05-03 18:00:00,0.7640930152143844,0.0294978337731014,0.82649654,0.0,0.82649654,0.0,0.0294978337731014
2018-05-03 19:00:00,0.8066383125864454,0.0278724094472221,0.84931501,0.0,0.84931501,0.0,0.0278724094472221
2018-05-03 20:00:00,0.8264965421853387,0.0263463554215957,0.82679426,0.0,0.82679426,0.0,0.0263463554215957
2018-05-03 21:00:00,0.8493150069156291,0.0249293040197128,0.6002908,0.0,0.6002908,0.0,0.0249293040197128
2018-05-03 22:00:00,0.8267942600276623,0.0224767380681999,0.46293568,0.0,0.46293568,0.0,0.0224767380681999
2018-05-03 23:00:00,0.6002908022130012,0.0185444362512708,0.42374412,0.0,0.42374412,0.0,0.0185444362512708
2018-05-04 00:00:00,0.4629356846473028,0.014752863199334,0.41429979,0.0,0.41429979,0.0,0.014752863199334
2018-05-04 01:00:00,0.423744121715076,0.0136410267529491,0.40532815,0.0,0.40532815,0.0,0.0136410267529491
2018-05-04 02:00:00,0.4142997925311203,0.0146925790347242,0.4051148,0.0,0.4051148,0.0,0.0146925790347242
2018-05-04 03:00:00,0.4053281466113416,0.017562471886418,0.35707758,0.0,0.35707758,0.0,0.017562471886418
2018-05-04 04:00:00,0.4051147994467496,0.023907800436855,0.15120436,0.0,0.15120436,0.0,0.023907800436855
2018-05-04 05:00:00,0.4150169432918396,0.0328826357062905,0.22544656,0.0,0.22544656,0.0,0.0328826357062905
2018-05-04 06:00:00,0.4548087828492393,0.0437168518151376,0.047995438,0.0,0.047995438,0.0,0.0437168518151376
2018-05-04 07:00:00,0.5333686030428768,0.0404272040951866,0.0,0.0,0.0,0.14098903,0.0404272040951866
2018-05-04 08:00:00,0.6031773858921161,0.0284012326534578,0.0,0.0,0.0,0.42727313,0.0284012326534578
2018-05-04 09:00:00,0.6624719917012448,0.023260625892192,0.0,0.0,0.0,0.47864995,0.023260625892192
2018-05-04 10:00:00,0.6971141078838173,0.0229021927817396,0.0,0.0,0.0,0.20345763,0.0229021927817396
2018-05-04 11:00:00,0.697253112033195,0.0226820189644762,0.0,0.0,0.0,0.40685251,0.0226820189644762
2018-05-04 12:00:00,0.6707527662517289,0.0222878234752478,0.0,0.0,0.0,0.28210681,0.0222878234752478
2018-05-04 13:00:00,0.6716507607192255,0.018944736247128,0.0,0.0,0.0,0.10590101,0.018944736247128
2018-05-04 14:00:00,0.6490688105117564,0.0176430928776433,0.0,0.0,0.0,0.0,0.0176430928776433
2018-05-04 15:00:00,0.6215691562932226,0.0184717044269692,0.40981972,0.0,0.40981972,0.0,0.0184717044269692
2018-05-04 16:00:00,0.6564809820193637,0.0222359818605988,0.76612046,0.0,0.76612046,0.0,0.0222359818605988
2018-05-04 17:00:00,0.7088468188105118,0.0276619682541246,0.8010529,0.0,0.8010529,0.0,0.0276619682541246
2018-05-04 18:00:00,0.7728399031811893,0.0282239633147938,0.82816736,0.0,0.82816736,0.0,0.0282239633147938
2018-05-04 19:00:00,0.8010529045643154,0.0271649265274414,0.85178043,0.0,0.85178043,0.0,0.0271649265274414
2018-05-04 20:00:00,0.8281673582295987,0.0249577859529062,0.8069796,0.0,0.8069796,0.0,0.0249577859529062
2018-05-04 21:00:00,0.8517804287690178,0.0241170760669308,0.60064004,0.0,0.60064004,0.0,0.0241170760669308
2018-05-04 22:00:00,0.8069795988934991,0.021582872282862,0.46314834,0.0,0.46314834,0.0,0.021582872282862
2018-05-04 23:00:00,0.6006400414937757,0.0169530346062448,0.42111203,0.0,0.42111203,0.0,0.0169530346062448
2018-05-05 00:00:00,0.4631483402489626,0.0112861398247823,0.41610339,0.0,0.41610339,0.0,0.0112861398247823
2018-05-05 01:00:00,0.4211120331950207,0.0083921021794485,0.40547925,0.0,0.40547925,0.0,0.0083921021794485
2018-05-05 02:00:00,0.416103388658368,0.0075158962302835,0.39952386,0.0,0.39952386,0.0,0.0075158962302835
2018-05-05 03:00:00,0.4054792531120332,0.0081484856732736,0.40665646,0.0,0.40665646,0.0,0.0081484856732736
2018-05-05 04:00:00,0.3995238589211619,0.0100607284273092,0.38557396,0.0,0.38557396,0.0,0.0100607284273092
2018-05-05 05:00:00,0.4107150760719225,0.0137467298303331,0.34354046,0.0,0.34354046,0.0,0.0137467298303331
2018-05-05 06:00:00,0.4339588520055325,0.019073799005968,0.32224947,0.0,0.32224947,0.0,0.019073799005968
2018-05-05 07:00:00,0.4709467496542185,0.0228213919410272,0.13548531,0.0,0.13548531,0.0,0.0228213919410272
2018-05-05 08:00:00,0.5433865836791147,0.0241902471390181,0.44349296,0.0,0.44349296,0.0,0.0241902471390181
2018-05-05 09:00:00,0.6573748271092669,0.0250333884517134,0.27995433,0.0,0.27995433,0.0,0.0250333884517134
2018-05-05 10:00:00,0.7307368603042876,0.0235373727490727,0.0,0.0,0.0,0.0,0.0235373727490727
2018-05-05 11:00:00,0.7341701244813277,0.0238489273989899,0.021716852,0.0,0.021716852,0.0,0.0238489273989899
2018-05-05 12:00:00,0.7131884508990317,0.0255023148614655,0.0,0.0,0.0,0.0,0.0255023148614655
2018-05-05 13:00:00,0.7215342323651452,0.0233208443425663,0.0,0.0,0.0,0.012702267,0.0233208443425663
2018-05-05 14:00:00,0.6858969571230982,0.0211953900216031,0.0,0.0,0.0,0.0,0.0211953900216031
2018-05-05 15:00:00,0.678366182572614,0.0213254592458421,0.51389408,0.0,0.51389408,0.0,0.0213254592458421
2018-05-05 16:00:00,0.7148153526970954,0.0224252838216768,0.77550981,0.0,0.77550981,0.0,0.0224252838216768
2018-05-05 17:00:00,0.7497759336099586,0.0275293188814748,0.79448029,0.0,0.79448029,0.0,0.0275293188814748
2018-05-05 18:00:00,0.7822292531120331,0.0298241395396029,0.83147683,0.0,0.83147683,0.0,0.0298241395396029
2018-05-05 19:00:00,0.7944802904564315,0.0284653247850923,0.8550249,0.0,0.8550249,0.0,0.0284653247850923
2018-05-05 20:00:00,0.8314768326417703,0.0260602010530835,0.83819156,0.0,0.83819156,0.0,0.0260602010530835
2018-05-05 21:00:00,0.8550248962655601,0.0242755303823316,0.63137863,0.0,0.63137863,0.0,0.0242755303823316
2018-05-05 22:00:00,0.8381915629322267,0.0211130362497429,0.48281259,0.0,0.48281259,0.0,0.0211130362497429
2018-05-05 23:00:00,0.6313786307053941,0.0175371442365363,0.42671853,0.0,0.42671853,0.0,0.0175371442365363
2018-05-06 00:00:00,0.4828125864453665,0.0116278400156487,0.41726176,0.0,0.41726176,0.0,0.0116278400156487
2018-05-06 01:00:00,0.4267185338865836,0.0084777970013955,0.39965076,0.0,0.39965076,0.0,0.0084777970013955
2018-05-06 02:00:00,0.4172617565698479,0.0077770930238199,0.39826037,0.0,0.39826037,0.0,0.0077770930238199
2018-05-06 03:00:00,0.3996507607192254,0.0086770840676504,0.36001983,0.0,0.36001983,0.0,0.0086770840676504
2018-05-06 04:00:00,0.3982603734439834,0.0104769969824321,0.14366294,0.0,0.14366294,0.0,0.0104769969824321
2018-05-06 05:00:00,0.4112479253112033,0.0144427127588732,0.19657098,0.0,0.19657098,0.0,0.0144427127588732
2018-05-06 06:00:00,0.4338392116182573,0.0203028004758943,0.49427829,0.0,0.49427829,0.0,0.0203028004758943
2018-05-06 07:00:00,0.4694474412171507,0.0263655405197649,0.40405943,0.0,0.40405943,0.0,0.0263655405197649
2018-05-06 08:00:00,0.5478592669432918,0.0280903420631851,0.42554751,0.0,0.42554751,0.0,0.0280903420631851
2018-05-06 09:00:00,0.6661932918395573,0.0268082331149118,0.43376681,0.0,0.43376681,0.0,0.0268082331149118
2018-05-06 10:00:00,0.7311746196403872,0.0241196977190691,0.26862826,0.0,0.26862826,0.0,0.0241196977190691
2018-05-06 11:00:00,0.7547043568464729,0.0240212439594716,0.22189282,0.0,0.22189282,0.0,0.0240212439594716
2018-05-06 12:00:00,0.7280684647302904,0.0246397359695904,0.26890627,0.0,0.26890627,0.0,0.0246397359695904
2018-05-06 13:00:00,0.7233399031811895,0.0233433428216706,0.43644671,0.0,0.43644671,0.0,0.0233433428216706
2018-05-06 14:00:00,0.6817935684647303,0.0205669647859676,0.22499424,0.0,0.22499424,0.0,0.0205669647859676
2018-05-06 15:00:00,0.6828644536652835,0.0213603950087064,0.69002493,0.0,0.69002493,0.0,0.0213603950087064
2018-05-06 16:00:00,0.7171396957123097,0.0229206100609451,0.787328,0.0,0.787328,0.0,0.0229206100609451
2018-05-06 17:00:00,0.755155255878285,0.0278992381485923,0.79707573,0.0,0.79707573,0.0,0.0278992381485923
2018-05-06 18:00:00,0.7900165975103733,0.0307582155198782,0.82681812,0.0,0.82681812,0.0,0.0307582155198782
2018-05-06 19:00:00,0.7970757261410789,0.0288011037774611,0.86303008,0.0,0.86303008,0.0,0.0288011037774611
2018-05-06 20:00:00,0.8268181189488242,0.0264905497478579,0.84709474,0.0,0.84709474,0.0,0.0264905497478579
2018-05-06 21:00:00,0.8630300829875518,0.0242802272208595,0.64731259,0.0,0.64731259,0.0,0.0242802272208595
2018-05-06 22:00:00,0.8470947441217149,0.0220288090860643,0.48658887,0.0,0.48658887,0.0,0.0220288090860643
2018-05-06 23:00:00,0.6473125864453664,0.0177238971769997,0.42027213,0.0,0.42027213,0.0,0.0177238971769997
2018-05-07 00:00:00,0.4865888658367911,0.0131998109987828,0.40883956,0.0,0.40883956,0.0,0.0131998109987828
2018-05-07 01:00:00,0.4202721300138312,0.0110131767244181,0.40161272,0.0,0.40161272,0.0,0.0110131767244181
2018-05-07 02:00:00,0.4088395573997234,0.0113432697060802,0.40641528,0.0,0.40641528,0.0,0.0113432697060802
2018-05-07 03:00:00,0.4016127247579529,0.0135548753899963,0.41557206,0.0,0.41557206,0.0,0.0135548753899963
2018-05-07 04:00:00,0.4064152835408022,0.01827939690427,0.38691704,0.0,0.38691704,0.0,0.01827939690427
2018-05-07 05:00:00,0.4182693637621023,0.0270339995594943,0.4129511,0.0,0.4129511,0.0,0.0270339995594943
2018-05-07 06:00:00,0.4442946058091286,0.038592912259222,0.38877338,0.0,0.38877338,0.0,0.038592912259222
2018-05-07 07:00:00,0.5225283540802212,0.0378732099502518,0.44595036,0.0,0.44595036,0.0,0.0378732099502518
2018-05-07 08:00:00,0.6122676348547718,0.029910200977812,0.46281361,0.0,0.46281361,0.0,0.029910200977812
2018-05-07 09:00:00,0.6712382434301521,0.0243876354097268,0.59405122,0.0,0.59405122,0.0,0.0243876354097268
2018-05-07 10:00:00,0.6873437067773167,0.0230090130011302,0.23561699,0.0,0.23561699,0.0,0.0230090130011302
2018-05-07 11:00:00,0.6926517980636238,0.0226372468181266,0.019777226,0.0,0.019777226,0.0,0.0226372468181266
2018-05-07 12:00:00,0.6813115491009681,0.0222766831829812,0.29369554,0.0,0.29369554,0.0,0.0222766831829812
2018-05-07 13:00:00,0.6662105809128631,0.0191061580790658,0.30471768,0.0,0.30471768,0.0,0.0191061580790658
2018-05-07 14:00:00,0.6334277316735821,0.0171600102380722,0.0,0.0,0.0,0.0,0.0171600102380722
2018-05-07 15:00:00,0.6303509681881051,0.0185891011796572,0.48457105,0.0,0.48457105,0.0,0.0185891011796572
2018-05-07 16:00:00,0.6548893499308437,0.0219945062550489,0.74088459,0.0,0.74088459,0.0,0.0219945062550489
2018-05-07 17:00:00,0.7014139004149378,0.026936742490715,0.79623548,0.0,0.79623548,0.0,0.026936742490715
2018-05-07 18:00:00,0.7516324343015214,0.0290172206053333,0.83369156,0.0,0.83369156,0.0,0.0290172206053333
2018-05-07 19:00:00,0.7962354771784232,0.0280055637818933,0.85657746,0.0,0.85657746,0.0,0.0280055637818933
2018-05-07 20:00:00,0.8336915629322267,0.0259135372550182,0.8308399,0.0,0.8308399,0.0,0.0259135372550182
2018-05-07 21:00:00,0.8565774550484094,0.0241631624979936,0.61917911,0.0,0.61917911,0.0,0.0241631624979936
2018-05-07 22:00:00,0.8308399031811893,0.0218638283094688,0.46682849,0.0,0.46682849,0.0,0.0218638283094688
2018-05-07 23:00:00,0.6191791147994465,0.0164973340510809,0.42222822,0.0,0.42222822,0.0,0.0164973340510809
2018-05-08 00:00:00,0.4668284923928077,0.012502161003843,0.40832434,0.0,0.40832434,0.0,0.012502161003843
2018-05-08 01:00:00,0.4222282157676347,0.0098353943132243,0.39887725,0.0,0.39887725,0.0,0.0098353943132243
2018-05-08 02:00:00,0.4083243430152143,0.0095343816101649,0.39781674,0.0,0.39781674,0.0,0.0095343816101649
2018-05-08 03:00:00,0.3988772475795297,0.0114264120487685,0.34436991,0.0,0.34436991,0.0,0.0114264120487685
2018-05-08 04:00:00,0.3978167358229599,0.0155461481590252,0.35456632,0.0,0.35456632,0.0,0.0155461481590252
2018-05-08 05:00:00,0.4116936376210235,0.023342443574235,0.0,0.0,0.0,0.0,0.023342443574235
2018-05-08 06:00:00,0.4506697786998617,0.0334532670009834,0.036842012,0.0,0.036842012,0.0,0.0334532670009834
2018-05-08 07:00:00,0.5279370677731673,0.0349469965399519,0.0,0.0,0.0,0.063469765,0.0349469965399519
2018-05-08 08:00:00,0.5985363070539419,0.0295532135805441,0.0,0.0,0.0,0.23724889,0.0295532135805441
2018-05-08 09:00:00,0.6480857538035961,0.0248566967065941,0.0,0.0,0.0,0.46831384,0.0248566967065941
2018-05-08 10:00:00,0.6828118948824342,0.0234724712947463,0.0,0.0,0.0,0.1700996,0.0234724712947463
2018-05-08 11:00:00,0.6749429460580911,0.0227572237192253,0.0,0.0,0.0,0.39302932,0.0227572237192253
2018-05-08 12:00:00,0.6715750345781465,0.0226476469605811,0.0,0.0,0.0,0.28684422,0.0226476469605811
2018-05-08 13:00:00,0.6779263485477178,0.0195366001572277,0.0,0.0,0.0,0.1015719,0.0195366001572277
2018-05-08 14:00:00,0.6442544951590594,0.017541879120148,0.0,0.0,0.0,0.0,0.017541879120148
2018-05-08 15:00:00,0.6298215767634854,0.0184824538924659,0.38672688,0.0,0.38672688,0.0,0.0184824538924659
2018-05-08 16:00:00,0.6523696403872752,0.0227481274855522,0.75325961,0.0,0.75325961,0.0,0.0227481274855522
2018-05-08 17:00:00,0.71115214384509,0.0268886431288544,0.7999018,0.0,0.7999018,0.0,0.0268886431288544
2018-05-08 18:00:00,0.7653105117565698,0.0290497802797822,0.81300242,0.0,0.81300242,0.0,0.0290497802797822
2018-05-08 19:00:00,0.7999017980636239,0.0273773149371008,0.84620747,0.0,0.84620747,0.0,0.0273773149371008
2018-05-08 20:00:00,0.8130024204702626,0.0251030317069393,0.83218188,0.0,0.83218188,0.0,0.0251030317069393
2018-05-08 21:00:00,0.846207468879668,0.023715382237549,0.59711134,0.0,0.59711134,0.0,0.023715382237549
2018-05-08 22:00:00,0.8321818810511755,0.0218869666377099,0.46528873,0.0,0.46528873,0.0,0.0218869666377099
2018-05-08 23:00:00,0.5971113416320883,0.0173484890418827,0.43475726,0.0,0.43475726,0.0,0.0173484890418827
2018-05-09 00:00:00,0.4652887275242047,0.0126307499284577,0.41227109,0.0,0.41227109,0.0,0.0126307499284577
2018-05-09 01:00:00,0.4347572614107884,0.0100302854429779,0.40021784,0.0,0.40021784,0.0,0.0100302854429779
2018-05-09 02:00:00,0.4122710926694329,0.0098815014961512,0.39898755,0.0,0.39898755,0.0,0.0098815014961512
2018-05-09 03:00:00,0.4002178423236514,0.0114634160807342,0.40649652,0.0,0.40649652,0.0,0.0114634160807342
2018-05-09 04:00:00,0.3989875518672199,0.0148073333834097,0.401482,0.0,0.401482,0.0,0.0148073333834097
2018-05-09 05:00:00,0.4118900414937759,0.0218934550538203,0.42568135,0.0,0.42568135,0.0,0.0218934550538203
2018-05-09 06:00:00,0.4402337482710927,0.0308263715581914,0.31402007,0.0,0.31402007,0.0,0.0308263715581914
2018-05-09 07:00:00,0.5211576763485477,0.0330267193559453,0.33658666,0.0,0.33658666,0.0,0.0330267193559453
2018-05-09 08:00:00,0.5968706777316735,0.0286276285712451,0.35311599,0.0,0.35311599,0.0,0.0286276285712451
2018-05-09 09:00:00,0.6575242047026278,0.0244036869764482,0.29841925,0.0,0.29841925,0.0,0.0244036869764482
2018-05-09 10:00:00,0.7066746196403872,0.0235174440424469,0.22333636,0.0,0.22333636,0.0,0.0235174440424469
2018-05-09 11:00:00,0.6803170816044259,0.0229667622062436,0.042954147,0.0,0.042954147,0.0,0.0229667622062436
2018-05-09 12:00:00,0.6772005532503457,0.0223454514012796,0.0,0.0,0.0,0.0,0.0223454514012796
2018-05-09 13:00:00,0.672003112033195,0.0193361994076105,0.3049798,0.0,0.3049798,0.0,0.0193361994076105
2018-05-09 14:00:00,0.6310822959889348,0.0178831435218728,0.20062916,0.0,0.20062916,0.0,0.0178831435218728
2018-05-09 15:00:00,0.6321120331950206,0.0191071437926006,0.65483422,0.0,0.65483422,0.0,0.0191071437926006
2018-05-09 16:00:00,0.6516123789764867,0.0227485183123224,0.73218514,0.0,0.73218514,0.0,0.0227485183123224
2018-05-09 17:00:00,0.7040746887966806,0.027499156047306,0.77702282,0.0,0.77702282,0.0,0.027499156047306
2018-05-09 18:00:00,0.7442752420470261,0.0290763772520052,0.8262991,0.0,0.8262991,0.0,0.0290763772520052
2018-05-09 19:00:00,0.7770228215767635,0.0269750919351897,0.85787102,0.0,0.85787102,0.0,0.0269750919351897
2018-05-09 20:00:00,0.826299100968188,0.025770065785348,0.82156985,0.0,0.82156985,0.0,0.025770065785348
2018-05-09 21:00:00,0.8578710235131396,0.0243500364909964,0.60785131,0.0,0.60785131,0.0,0.0243500364909964
2018-05-09 22:00:00,0.8215698478561547,0.0216694490590248,0.45392704,0.0,0.45392704,0.0,0.0216694490590248
2018-05-09 23:00:00,0.6078513139695711,0.0166297309427198,0.41271231,0.0,0.41271231,0.0,0.0166297309427198
2018-05-10 00:00:00,0.45392704011065,0.0119945634957262,0.40804876,0.0,0.40804876,0.0,0.0119945634957262
2018-05-10 01:00:00,0.4127123098201936,0.0095289100353848,0.403574,0.0,0.403574,0.0,0.0095289100353848
2018-05-10 02:00:00,0.408048755186722,0.0092074567463905,0.40324343,0.0,0.40324343,0.0,0.0092074567463905
2018-05-10 03:00:00,0.4035739972337482,0.0101672269928096,0.35523937,0.0,0.35523937,0.0,0.0101672269928096
2018-05-10 04:00:00,0.4032434301521438,0.0137390205128968,0.36156716,0.0,0.36156716,0.0,0.0137390205128968
2018-05-10 05:00:00,0.4183381742738589,0.019936993536472,0.38266686,0.0,0.38266686,0.0,0.019936993536472
2018-05-10 06:00:00,0.444137275242047,0.0294766772478619,0.32527285,0.0,0.32527285,0.0,0.0294766772478619
2018-05-10 07:00:00,0.517064315352697,0.0318289528998226,0.29077591,0.0,0.29077591,0.0,0.0318289528998226
2018-05-10 08:00:00,0.5898333333333332,0.0271109647640306,0.20836577,0.0,0.20836577,0.0,0.0271109647640306
2018-05-10 09:00:00,0.654226141078838,0.0238979848052333,0.0,0.0,0.0,0.43743197,0.0238979848052333
2018-05-10 10:00:00,0.6811483402489626,0.022963763561911,0.0,0.0,0.0,0.12848467,0.022963763561911
2018-05-10 11:00:00,0.6798762102351312,0.0227202438977678,0.0,0.0,0.0,0.37418998,0.0227202438977678
2018-05-10 12:00:00,0.6872133471645919,0.0219880351321581,0.0,0.0,0.0,0.25887858,0.0219880351321581
2018-05-10 13:00:00,0.6695570539419087,0.0193690911118812,0.0,0.0,0.0,0.072586098,0.0193690911118812
2018-05-10 14:00:00,0.644698478561549,0.0179728607467712,0.0,0.0,0.0,0.0,0.0179728607467712
2018-05-10 15:00:00,0.6332040110650068,0.0194615510414578,0.40959323,0.0,0.40959323,0.0,0.0194615510414578
2018-05-10 16:00:00,0.6571756569847855,0.0221337581790605,0.74414549,0.0,0.74414549,0.0,0.0221337581790605
2018-05-10 17:00:00,0.704585062240664,0.0274790959122093,0.78495505,0.0,0.78495505,0.0,0.0274790959122093
2018-05-10 18:00:00,0.754823651452282,0.0297851952083632,0.81920989,0.0,0.81920989,0.0,0.0297851952083632
2018-05-10 19:00:00,0.7849550484094053,0.0275988134150093,0.85840595,0.0,0.85840595,0.0,0.0275988134150093
2018-05-10 20:00:00,0.8192098893499307,0.0254768696176883,0.83165145,0.0,0.83165145,0.0,0.0254768696176883
2018-05-10 21:00:00,0.8584059474412171,0.0242782661697214,0.62724066,0.0,0.62724066,0.0,0.0242782661697214
2018-05-10 22:00:00,0.8316514522821576,0.0217436577243071,0.47292946,0.0,0.47292946,0.0,0.0217436577243071
2018-05-10 23:00:00,0.6272406639004148,0.0166763085012282,0.42700726,0.0,0.42700726,0.0,0.0166763085012282
2018-05-11 00:00:00,0.4729294605809128,0.012053301646476,0.4099879,0.0,0.4099879,0.0,0.012053301646476
2018-05-11 01:00:00,0.4270072614107884,0.0092750939881067,0.39985754,0.0,0.39985754,0.0,0.0092750939881067
2018-05-11 02:00:00,0.4099878976486861,0.008806458104449,0.39794952,0.0,0.39794952,0.0,0.008806458104449
2018-05-11 03:00:00,0.3998575380359612,0.01004111791593,0.34959966,0.0,0.34959966,0.0,0.01004111791593
2018-05-11 04:00:00,0.3979495159059474,0.0128407933774972,0.13910466,0.0,0.13910466,0.0,0.0128407933774972
2018-05-11 05:00:00,0.4124937759336099,0.0193019311630346,0.34149296,0.0,0.34149296,0.0,0.0193019311630346
2018-05-11 06:00:00,0.4414318810511757,0.0286907834103604,0.38380308,0.0,0.38380308,0.0,0.0286907834103604
2018-05-11 07:00:00,0.5226486860304287,0.0328791805209522,0.0,0.0,0.0,0.29272697,0.0328791805209522
2018-05-11 08:00:00,0.6154429460580912,0.0316547652129464,0.0,0.0,0.0,0.0,0.0316547652129464
2018-05-11 09:00:00,0.6681832641770401,0.0308604253668403,0.0,0.0,0.0,0.48606082,0.0308604253668403
2018-05-11 10:00:00,0.7076611341632087,0.0316543467170244,0.0,0.0,0.0,0.19543261,0.0316543467170244
2018-05-11 11:00:00,0.6749422544951589,0.0296370960730448,0.0,0.0,0.0,0.41464485,0.0296370960730448
2018-05-11 12:00:00,0.6650159059474411,0.0269681193089213,0.0,0.0,0.0,0.30342339,0.0269681193089213
2018-05-11 13:00:00,0.6666303596127248,0.0229996089481426,0.0,0.0,0.0,0.10357113,0.0229996089481426
2018-05-11 14:00:00,0.6332486168741356,0.0208807537198974,0.0,0.0,0.0,0.0,0.0208807537198974
2018-05-11 15:00:00,0.6304049100968188,0.0212729812406999,0.34846308,0.0,0.34846308,0.0,0.0212729812406999
2018-05-11 16:00:00,0.6384529737206086,0.024399633445701,0.73473793,0.0,0.73473793,0.0,0.024399633445701
2018-05-11 17:00:00,0.7009636929460582,0.0290265416508651,0.7781639,0.0,0.7781639,0.0,0.0290265416508651
2018-05-11 18:00:00,0.7521943291839556,0.0305460553807212,0.81810788,0.0,0.81810788,0.0,0.0305460553807212
2018-05-11 19:00:00,0.7781639004149378,0.028355319154594,0.84764385,0.0,0.84764385,0.0,0.028355319154594
2018-05-11 20:00:00,0.8181078838174274,0.0268581724753709,0.81719087,0.0,0.81719087,0.0,0.0268581724753709
2018-05-11 21:00:00,0.8476438450899032,0.0266102257469303,0.60395505,0.0,0.60395505,0.0,0.0266102257469303
2018-05-11 22:00:00,0.8171908713692946,0.0256146723698713,0.46779564,0.0,0.46779564,0.0,0.0256146723698713
2018-05-11 23:00:00,0.6039550484094051,0.0222225692392353,0.4208852,0.0,0.4208852,0.0,0.0222225692392353
2018-05-12 00:00:00,0.4677956431535269,0.0183673502207378,0.4090045,0.0,0.4090045,0.0,0.0183673502207378
2018-05-12 01:00:00,0.4208852005532503,0.0164670155779328,0.39900277,0.0,0.39900277,0.0,0.0164670155779328
2018-05-12 02:00:00,0.4090044951590595,0.0160724846002381,0.39827178,0.0,0.39827178,0.0,0.0160724846002381
2018-05-12 03:00:00,0.3990027662517288,0.0175054872681671,0.40049014,0.0,0.40049014,0.0,0.0175054872681671
2018-05-12 04:00:00,0.3982717842323652,0.0214351778088897,0.12081986,0.0,0.12081986,0.0,0.0214351778088897
2018-05-12 05:00:00,0.4112728215767635,0.0266883461385564,0.22761868,0.0,0.22761868,0.0,0.0266883461385564
2018-05-12 06:00:00,0.435438796680498,0.0337550786508029,0.547074,0.0,0.547074,0.0,0.0337550786508029
2018-05-12 07:00:00,0.4794664591977869,0.040087748564265,0.29861938,0.0,0.29861938,0.0,0.040087748564265
2018-05-12 08:00:00,0.5470739972337482,0.0433351489479729,0.40383225,0.0,0.40383225,0.0,0.0433351489479729
2018-05-12 09:00:00,0.6519768326417704,0.041542284749627,0.47408427,0.0,0.47408427,0.0,0.041542284749627
2018-05-12 10:00:00,0.7195539419087136,0.0373494986198217,0.28022523,0.0,0.28022523,0.0,0.0373494986198217
2018-05-12 11:00:00,0.7331991701244812,0.0340277892701561,0.32803107,0.0,0.32803107,0.0,0.0340277892701561
2018-05-12 12:00:00,0.7253035961272475,0.0306001935349748,0.49454696,0.0,0.49454696,0.0,0.0306001935349748
2018-05-12 13:00:00,0.7262565698478561,0.0252342215318282,0.61232012,0.0,0.61232012,0.0,0.0252342215318282
2018-05-12 14:00:00,0.6911856846473028,0.0223149219508484,0.22620014,0.0,0.22620014,0.0,0.0223149219508484
2018-05-12 15:00:00,0.6939356846473028,0.0214999340001688,0.63938453,0.0,0.63938453,0.0,0.0214999340001688
2018-05-12 16:00:00,0.7074806362378976,0.0238564845360912,0.78661833,0.0,0.78661833,0.0,0.0238564845360912
2018-05-12 17:00:00,0.7404547026279392,0.0280659724576863,0.79574654,0.0,0.79574654,0.0,0.0280659724576863
2018-05-12 18:00:00,0.7946808437067773,0.0295735746176675,0.8285816,0.0,0.8285816,0.0,0.0295735746176675
2018-05-12 19:00:00,0.7957465421853389,0.0280454661575158,0.8631639,0.0,0.8631639,0.0,0.0280454661575158
2018-05-12 20:00:00,0.8285816044260027,0.026462538190246,0.85456881,0.0,0.85456881,0.0,0.026462538190246
2018-05-12 21:00:00,0.8631639004149377,0.0249913624686853,0.6590121,0.0,0.6590121,0.0,0.0249913624686853
2018-05-12 22:00:00,0.8545688105117564,0.0231346689956479,0.49407676,0.0,0.49407676,0.0,0.0231346689956479
2018-05-12 23:00:00,0.6590121023513138,0.0198885794380089,0.42988624,0.0,0.42988624,0.0,0.0198885794380089
2018-05-13 00:00:00,0.4940767634854771,0.0163646881370752,0.41090318,0.0,0.41090318,0.0,0.0163646881370752
2018-05-13 01:00:00,0.4298862378976487,0.0140487593747237,0.39889834,0.0,0.39889834,0.0,0.0140487593747237
2018-05-13 02:00:00,0.4109031811894883,0.0147353244157004,0.39779979,0.0,0.39779979,0.0,0.0147353244157004
2018-05-13 03:00:00,0.3988983402489626,0.0165380388321075,0.31864929,0.0,0.31864929,0.0,0.0165380388321075
2018-05-13 04:00:00,0.3977997925311203,0.0192634814178845,0.078663841,0.0,0.078663841,0.0,0.0192634814178845
2018-05-13 05:00:00,0.4110771092669433,0.023430327717823,0.0,0.0,0.0,0.14772261,0.023430327717823
2018-05-13 06:00:00,0.4344716459197787,0.0303565043972764,0.0,0.0,0.0,0.30631323,0.0303565043972764
2018-05-13 07:00:00,0.4772762793914246,0.0363460664517713,0.0,0.0,0.0,0.35571307,0.0363460664517713
2018-05-13 08:00:00,0.551637275242047,0.0391784641440541,0.0,0.0,0.0,0.42570111,0.0391784641440541
2018-05-13 09:00:00,0.6816666666666665,0.0392858584983458,0.0,0.0,0.0,0.47322395,0.0392858584983458
2018-05-13 10:00:00,0.7307659059474412,0.0377461566635656,0.0,0.0,0.0,0.17350257,0.0377461566635656
2018-05-13 11:00:00,0.7326469571230981,0.0376235546516841,0.0,0.0,0.0,0.38815016,0.0376235546516841
2018-05-13 12:00:00,0.7266673582295988,0.0364524232128683,0.0,0.0,0.0,0.2824457,0.0364524232128683
2018-05-13 13:00:00,0.7228585753803596,0.0279672489238581,0.0,0.0,0.0,0.09214986,0.0279672489238581
2018-05-13 14:00:00,0.6885484094052559,0.0223011150440715,0.0,0.0,0.0,0.0,0.0223011150440715
2018-05-13 15:00:00,0.681418049792531,0.0211627577156309,0.43169249,0.0,0.43169249,0.0,0.0211627577156309
2018-05-13 16:00:00,0.7072793914246196,0.0230405039545883,0.73860621,0.0,0.73860621,0.0,0.0230405039545883
2018-05-13 17:00:00,0.7371697786998617,0.0285416051781198,0.7937168,0.0,0.7937168,0.0,0.0285416051781198
2018-05-13 18:00:00,0.765094744121715,0.0300640656726486,0.83458679,0.0,0.83458679,0.0,0.0300640656726486
2018-05-13 19:00:00,0.7937168049792532,0.0289400375062262,0.877926,0.0,0.877926,0.0,0.0289400375062262
2018-05-13 20:00:00,0.8345867911479944,0.0262197621345589,0.85675207,0.0,0.85675207,0.0,0.0262197621345589
2018-05-13 21:00:00,0.8779260027662515,0.0246511391187994,0.64995643,0.0,0.64995643,0.0,0.0246511391187994
2018-05-13 22:00:00,0.8567520746887967,0.0225860070075301,0.47457538,0.0,0.47457538,0.0,0.0225860070075301
2018-05-13 23:00:00,0.6499564315352696,0.0205291998523256,0.42293396,0.0,0.42293396,0.0,0.0205291998523256
2018-05-14 00:00:00,0.4745753803596128,0.0164771009837849,0.4061684,0.0,0.4061684,0.0,0.0164771009837849
2018-05-14 01:00:00,0.4229339557399723,0.0152173832966527,0.3994675,0.0,0.3994675,0.0,0.0152173832966527
2018-05-14 02:00:00,0.4061683955739973,0.0168141735090032,0.398426,0.0,0.398426,0.0,0.0168141735090032
2018-05-14 03:00:00,0.3994674965421853,0.0203949491275124,0.32728986,0.0,0.32728986,0.0,0.0203949491275124
2018-05-14 04:00:00,0.3984260027662518,0.0266689085593764,0.11163907,0.0,0.11163907,0.0,0.0266689085593764
2018-05-14 05:00:00,0.4174989626556016,0.0365269500733969,0.0,0.0,0.0,0.072587397,0.0365269500733969
2018-05-14 06:00:00,0.4526220608575381,0.0470270335044107,0.0,0.0,0.0,0.227338,0.0470270335044107
2018-05-14 07:00:00,0.5270833333333333,0.043898160849973,0.0,0.0,0.0,0.35604237,0.043898160849973
2018-05-14 08:00:00,0.594795643153527,0.0334475533211247,0.0,0.0,0.0,0.42869951,0.0334475533211247
2018-05-14 09:00:00,0.638274550484094,0.0256354519029162,0.0,0.0,0.0,0.4579625,0.0256354519029162
2018-05-14 10:00:00,0.674036998616874,0.0236844585017039,0.0,0.0,0.0,0.16945479,0.0236844585017039
2018-05-14 11:00:00,0.6902161134163207,0.0229569154468263,0.0,0.0,0.0,0.37748216,0.0229569154468263
2018-05-14 12:00:00,0.6765359612724757,0.022286242874948,0.0,0.0,0.0,0.26926064,0.022286242874948
2018-05-14 13:00:00,0.6770210926694329,0.0193331315903982,0.0,0.0,0.0,0.11248662,0.0193331315903982
2018-05-14 14:00:00,0.6523575380359612,0.0177051444093283,0.25102764,0.0,0.25102764,0.0,0.0177051444093283
2018-05-14 15:00:00,0.615786998616874,0.0185427449743637,0.20037944,0.0,0.20037944,0.0,0.0185427449743637
2018-05-14 16:00:00,0.6397721300138313,0.0222421071190912,0.72859676,0.0,0.72859676,0.0,0.0222421071190912
2018-05-14 17:00:00,0.7119989626556017,0.0276687956173455,0.79086065,0.0,0.79086065,0.0,0.0276687956173455
2018-05-14 18:00:00,0.7535152143845089,0.0293503675696318,0.83629876,0.0,0.83629876,0.0,0.0293503675696318
2018-05-14 19:00:00,0.7908606500691564,0.0276083004754526,0.85876279,0.0,0.85876279,0.0,0.0276083004754526
2018-05-14 20:00:00,0.8362987551867218,0.0260106040983788,0.83181432,0.0,0.83181432,0.0,0.0260106040983788
2018-05-14 21:00:00,0.8587627939142461,0.0245226366602846,0.62163278,0.0,0.62163278,0.0,0.0245226366602846
2018-05-14 22:00:00,0.831814315352697,0.0223644981536895,0.46800277,0.0,0.46800277,0.0,0.0223644981536895
2018-05-14 23:00:00,0.6216327800829874,0.0181882581766949,0.41912552,0.0,0.41912552,0.0,0.0181882581766949
2018-05-15 00:00:00,0.4680027662517289,0.0137088680546599,0.41536272,0.0,0.41536272,0.0,0.0137088680546599
2018-05-15 01:00:00,0.4191255186721991,0.0121760420041167,0.39894329,0.0,0.39894329,0.0,0.0121760420041167
2018-05-15 02:00:00,0.415362724757953,0.0127946585254188,0.39915111,0.0,0.39915111,0.0,0.0127946585254188
2018-05-15 03:00:00,0.3989432918395573,0.0151513231965926,0.33991199,0.0,0.33991199,0.0,0.0151513231965926
2018-05-15 04:00:00,0.3991511065006916,0.0196993328152346,0.16093385,0.0,0.16093385,0.0,0.0196993328152346
2018-05-15 05:00:00,0.4117748962655601,0.0272458760898446,0.0,0.0,0.0,0.056723343,0.0272458760898446
2018-05-15 06:00:00,0.4430525587828493,0.0378220151020273,0.0,0.0,0.0,0.098695598,0.0378220151020273
2018-05-15 07:00:00,0.5217621023513139,0.0373021186559096,0.0,0.0,0.0,0.21020678,0.0373021186559096
2018-05-15 08:00:00,0.5997247579529736,0.0302251347229002,0.0,0.0,0.0,0.3873976,0.0302251347229002
2018-05-15 09:00:00,0.6661915629322267,0.0258241070975699,0.0,0.0,0.0,0.39112396,0.0258241070975699
2018-05-15 10:00:00,0.6876030428769018,0.0249123877919956,0.0,0.0,0.0,0.14427438,0.0249123877919956
2018-05-15 11:00:00,0.6777513831258644,0.0231601557431527,0.0,0.0,0.0,0.36913578,0.0231601557431527
2018-05-15 12:00:00,0.6844702627939141,0.0229566318380197,0.0,0.0,0.0,0.26829585,0.0229566318380197
2018-05-15 13:00:00,0.6836224066390042,0.0195769556152119,0.0,0.0,0.0,0.11841056,0.0195769556152119
2018-05-15 14:00:00,0.6533488934993084,0.0179837278061632,0.0,0.0,0.0,0.0,0.0179837278061632
2018-05-15 15:00:00,0.6159024896265559,0.0189998739494923,0.30256441,0.0,0.30256441,0.0,0.0189998739494923
2018-05-15 16:00:00,0.6376753112033194,0.0220545552318678,0.72276746,0.0,0.72276746,0.0,0.0220545552318678
2018-05-15 17:00:00,0.6886780774550485,0.027541725037439,0.79525207,0.0,0.79525207,0.0,0.027541725037439
2018-05-15 18:00:00,0.7513239972337482,0.0286905689744337,0.83127317,0.0,0.83127317,0.0,0.0286905689744337
2018-05-15 19:00:00,0.7952520746887967,0.0276689339631047,0.86417531,0.0,0.86417531,0.0,0.0276689339631047
2018-05-15 20:00:00,0.8312731673582294,0.0258414487384969,0.82677006,0.0,0.82677006,0.0,0.0258414487384969
2018-05-15 21:00:00,0.8641753112033194,0.0238662690399167,0.61781985,0.0,0.61781985,0.0,0.0238662690399167
2018-05-15 22:00:00,0.8267700553250344,0.0216104480513321,0.47097545,0.0,0.47097545,0.0,0.0216104480513321
2018-05-15 23:00:00,0.6178198478561547,0.0180835477301335,0.42457192,0.0,0.42457192,0.0,0.0180835477301335
2018-05-16 00:00:00,0.4709754495159059,0.014309831657077,0.41090041,0.0,0.41090041,0.0,0.014309831657077
2018-05-16 01:00:00,0.4245719225449515,0.0117960511657233,0.39855256,0.0,0.39855256,0.0,0.0117960511657233
2018-05-16 02:00:00,0.4109004149377594,0.0127554236680844,0.39751072,0.0,0.39751072,0.0,0.0127554236680844
2018-05-16 03:00:00,0.3985525587828492,0.0154121014942072,0.31601726,0.0,0.31601726,0.0,0.0154121014942072
2018-05-16 04:00:00,0.3975107192254495,0.0210175292548179,0.096583963,0.0,0.096583963,0.0,0.0210175292548179
2018-05-16 05:00:00,0.4121919087136929,0.0292730737939171,0.0,0.0,0.0,0.079909806,0.0292730737939171
2018-05-16 06:00:00,0.4416521438450899,0.0386510624404946,0.0,0.0,0.0,0.22148579,0.0386510624404946
2018-05-16 07:00:00,0.5175266251728907,0.0373332602863255,0.0,0.0,0.0,0.33758763,0.0373332602863255
2018-05-16 08:00:00,0.5966514522821577,0.0280890658235554,0.0,0.0,0.0,0.42726951,0.0280890658235554
2018-05-16 09:00:00,0.6496362378976487,0.0234422081599018,0.0,0.0,0.0,0.4621126,0.0234422081599018
2018-05-16 10:00:00,0.6756234439834025,0.0225410550116933,0.0,0.0,0.0,0.18793964,0.0225410550116933
2018-05-16 11:00:00,0.6896715076071922,0.023190048803091,0.0,0.0,0.0,0.39282314,0.023190048803091
2018-05-16 12:00:00,0.6596172199170124,0.0220599437991921,0.0,0.0,0.0,0.30001505,0.0220599437991921
2018-05-16 13:00:00,0.6719453665283541,0.0191353040719039,0.0,0.0,0.0,0.11665646,0.0191353040719039
2018-05-16 14:00:00,0.6306853388658367,0.0175567132441878,0.0,0.0,0.0,0.0,0.0175567132441878
2018-05-16 15:00:00,0.6226379668049792,0.0183748451022475,0.31849875,0.0,0.31849875,0.0,0.0183748451022475
2018-05-16 16:00:00,0.6482562240663899,0.0217566207219523,0.7190113,0.0,0.7190113,0.0,0.0217566207219523
2018-05-16 17:00:00,0.6948627247579531,0.0278328321841336,0.78828077,0.0,0.78828077,0.0,0.0278328321841336
2018-05-16 18:00:00,0.7473762102351312,0.0290823987511782,0.82279046,0.0,0.82279046,0.0,0.0290823987511782
2018-05-16 19:00:00,0.7882807745504842,0.0274303982049397,0.85578527,0.0,0.85578527,0.0,0.0274303982049397
2018-05-16 20:00:00,0.8227904564315351,0.0251835662320648,0.83932365,0.0,0.83932365,0.0,0.0251835662320648
2018-05-16 21:00:00,0.8557852697095435,0.0240128567478148,0.60843534,0.0,0.60843534,0.0,0.0240128567478148
2018-05-16 22:00:00,0.8393236514522819,0.0213748659751279,0.47402386,0.0,0.47402386,0.0,0.0213748659751279
2018-05-16 23:00:00,0.6084353388658367,0.0164644354295221,0.42961169,0.0,0.42961169,0.0,0.0164644354295221
2018-05-17 00:00:00,0.4740238589211618,0.0121993255954049,0.41496231,0.0,0.41496231,0.0,0.0121993255954049
2018-05-17 01:00:00,0.4296116874135546,0.009391449688956,0.40089073,0.0,0.40089073,0.0,0.009391449688956
2018-05-17 02:00:00,0.4149623098201936,0.0092490054365487,0.40349101,0.0,0.40349101,0.0,0.0092490054365487
2018-05-17 03:00:00,0.4008907330567082,0.0114369782061341,0.31950655,0.0,0.31950655,0.0,0.0114369782061341
2018-05-17 04:00:00,0.403491009681881,0.016341352666127,0.10484641,0.0,0.10484641,0.0,0.016341352666127
2018-05-17 05:00:00,0.4153589211618257,0.0235308704983857,0.0,0.0,0.0,0.070125083,0.0235308704983857
2018-05-17 06:00:00,0.4487213001383126,0.0334771074339526,0.0,0.0,0.0,0.19036816,0.0334771074339526
2018-05-17 07:00:00,0.5263184647302904,0.0334595859435388,0.0,0.0,0.0,0.31741394,0.0334595859435388
2018-05-17 08:00:00,0.6206552558782849,0.0277025692758313,0.0,0.0,0.0,0.40693013,0.0277025692758313
2018-05-17 09:00:00,0.661954702627939,0.0229917024879993,0.0,0.0,0.0,0.45748502,0.0229917024879993
2018-05-17 10:00:00,0.6857538035961273,0.0227779859590506,0.0,0.0,0.0,0.17318692,0.0227779859590506
2018-05-17 11:00:00,0.6810456431535268,0.0230620755171053,0.0,0.0,0.0,0.38386073,0.0230620755171053
2018-05-17 12:00:00,0.6645961272475794,0.0213706602640455,0.0,0.0,0.0,0.27936177,0.0213706602640455
2018-05-17 13:00:00,0.6738955739972338,0.0194244086637329,0.0,0.0,0.0,0.11429361,0.0194244086637329
2018-05-17 14:00:00,0.6426286307053941,0.0177014609534872,0.0,0.0,0.0,0.0,0.0177014609534872
2018-05-17 15:00:00,0.6179066390041493,0.0186157880766243,0.34146772,0.0,0.34146772,0.0,0.0186157880766243
2018-05-17 16:00:00,0.6597437759336099,0.0224928588078013,0.72754738,0.0,0.72754738,0.0,0.0224928588078013
2018-05-17 17:00:00,0.7016390041493776,0.026861101946824,0.80525795,0.0,0.80525795,0.0,0.026861101946824
2018-05-17 18:00:00,0.757198478561549,0.0294269281128221,0.8397545,0.0,0.8397545,0.0,0.0294269281128221
2018-05-17 19:00:00,0.8052579529737206,0.0274372981996844,0.8612417,0.0,0.8612417,0.0,0.0274372981996844
2018-05-17 20:00:00,0.8397544951590593,0.0259578632362942,0.84986722,0.0,0.84986722,0.0,0.0259578632362942
2018-05-17 21:00:00,0.8612417012448131,0.0241091177271275,0.62371127,0.0,0.62371127,0.0,0.0241091177271275
2018-05-17 22:00:00,0.8498672199170123,0.021314778953225,0.47990145,0.0,0.47990145,0.0,0.021314778953225
2018-05-17 23:00:00,0.623711272475795,0.0165343484589784,0.42779806,0.0,0.42779806,0.0,0.0165343484589784
2018-05-18 00:00:00,0.4799014522821577,0.0125896681552369,0.40721957,0.0,0.40721957,0.0,0.0125896681552369
2018-05-18 01:00:00,0.4277980636237897,0.0100761781899779,0.39811999,0.0,0.39811999,0.0,0.0100761781899779
2018-05-18 02:00:00,0.407219571230982,0.0100308388260151,0.39766321,0.0,0.39766321,0.0,0.0100308388260151
2018-05-18 03:00:00,0.3981199861687413,0.0112138126618261,0.31522855,0.0,0.31522855,0.0,0.0112138126618261
2018-05-18 04:00:00,0.3976632088520055,0.0145783296480596,0.11070519,0.0,0.11070519,0.0,0.0145783296480596
2018-05-18 05:00:00,0.4107586445366528,0.0221344153214168,0.0,0.0,0.0,0.07093649,0.0221344153214168
2018-05-18 06:00:00,0.4485311203319503,0.0314242258396679,0.0,0.0,0.0,0.20506286,0.0314242258396679
2018-05-18 07:00:00,0.5163357538035961,0.0351114031816461,0.0,0.0,0.0,0.30695593,0.0351114031816461
2018-05-18 08:00:00,0.5951687413554632,0.0308065362349534,0.0,0.0,0.0,0.37602264,0.0308065362349534
2018-05-18 09:00:00,0.6584280774550483,0.0265335372339127,0.0,0.0,0.0,0.4559734,0.0265335372339127
2018-05-18 10:00:00,0.7055041493775933,0.024742011530788,0.0,0.0,0.0,0.17107888,0.024742011530788
2018-05-18 11:00:00,0.6722780082987551,0.0249393859669206,0.0,0.0,0.0,0.37330178,0.0249393859669206
2018-05-18 12:00:00,0.6618070539419086,0.0229266696052018,0.0,0.0,0.0,0.28690357,0.0229266696052018
2018-05-18 13:00:00,0.6713820885200552,0.0201644996789778,0.0,0.0,0.0,0.098878439,0.0201644996789778
2018-05-18 14:00:00,0.6267669432918395,0.0181216516108859,0.0,0.0,0.0,0.0,0.0181216516108859
2018-05-18 15:00:00,0.6278558091286306,0.0192258271608502,0.33672499,0.0,0.33672499,0.0,0.0192258271608502
2018-05-18 16:00:00,0.65501867219917,0.0223941248980412,0.72160022,0.0,0.72160022,0.0,0.0223941248980412
2018-05-18 17:00:00,0.7056746196403875,0.0274704147158138,0.7940823,0.0,0.7940823,0.0,0.0274704147158138
2018-05-18 18:00:00,0.7551082295988933,0.0292990516688678,0.8193973,0.0,0.8193973,0.0,0.0292990516688678
2018-05-18 19:00:00,0.794082295988935,0.0271989146218545,0.84816044,0.0,0.84816044,0.0,0.0271989146218545
2018-05-18 20:00:00,0.8193973029045643,0.0247168533544615,0.83384578,0.0,0.83384578,0.0,0.0247168533544615
2018-05-18 21:00:00,0.8481604426002766,0.0241558163381754,0.62481604,0.0,0.62481604,0.0,0.0241558163381754
2018-05-18 22:00:00,0.8338457814661132,0.0226160487891596,0.4750899,0.0,0.4750899,0.0,0.0226160487891596
2018-05-18 23:00:00,0.6248160442600276,0.0178432999431973,0.42502663,0.0,0.42502663,0.0,0.0178432999431973
2018-05-19 00:00:00,0.4750899031811895,0.0135678314703534,0.41096888,0.0,0.41096888,0.0,0.0135678314703534
2018-05-19 01:00:00,0.4250266251728907,0.011846080450926,0.40017047,0.0,0.40017047,0.0,0.011846080450926
2018-05-19 02:00:00,0.4109688796680498,0.0128190350482053,0.39957123,0.0,0.39957123,0.0,0.0128190350482053
2018-05-19 03:00:00,0.4001704702627939,0.0147990810588684,0.31093631,0.0,0.31093631,0.0,0.0147990810588684
2018-05-19 04:00:00,0.3995712309820193,0.0177155341758507,0.088964919,0.0,0.088964919,0.0,0.0177155341758507
2018-05-19 05:00:00,0.4106431535269709,0.0210425905891129,0.0,0.0,0.0,0.11941826,0.0210425905891129
2018-05-19 06:00:00,0.4340573997233748,0.0267951283128632,0.0,0.0,0.0,0.26028622,0.0267951283128632
2018-05-19 07:00:00,0.4747340940525588,0.0329874153257315,0.0,0.0,0.0,0.32590865,0.0329874153257315
2018-05-19 08:00:00,0.5524163208852005,0.0356440101443984,0.0,0.0,0.0,0.35415786,0.0356440101443984
2018-05-19 09:00:00,0.6557147302904563,0.0346608075849999,0.0,0.0,0.0,0.39860805,0.0346608075849999
2018-05-19 10:00:00,0.7389598893499307,0.0300238762295754,0.0,0.0,0.0,0.1156606,0.0300238762295754
2018-05-19 11:00:00,0.7419322268326417,0.0291271155592241,0.0,0.0,0.0,0.3481008,0.0291271155592241
2018-05-19 12:00:00,0.7259616182572614,0.028334525786973,0.0,0.0,0.0,0.26634159,0.028334525786973
2018-05-19 13:00:00,0.7218516597510374,0.0245972672801325,0.0,0.0,0.0,0.081100081,0.0245972672801325
2018-05-19 14:00:00,0.6713966113416321,0.02118705814825,0.0,0.0,0.0,0.0,0.02118705814825
2018-05-19 15:00:00,0.6691659751037343,0.0205661070422601,0.38981164,0.0,0.38981164,0.0,0.0205661070422601
2018-05-19 16:00:00,0.6952057399723375,0.022059155228364,0.74532951,0.0,0.74532951,0.0,0.022059155228364
2018-05-19 17:00:00,0.7498751728907331,0.0269500271422506,0.79531777,0.0,0.79531777,0.0,0.0269500271422506
2018-05-19 18:00:00,0.7830708852005531,0.0295352044213289,0.82808956,0.0,0.82808956,0.0,0.0295352044213289
2018-05-19 19:00:00,0.7953177731673583,0.0277799495176456,0.852611,0.0,0.852611,0.0,0.0277799495176456
2018-05-19 20:00:00,0.8280895573997232,0.0252155137265285,0.84311964,0.0,0.84311964,0.0,0.0252155137265285
2018-05-19 21:00:00,0.8526109958506222,0.0230297371958716,0.6333444,0.0,0.6333444,0.0,0.0230297371958716
2018-05-19 22:00:00,0.8431196403872752,0.0209278189472074,0.47967324,0.0,0.47967324,0.0,0.0209278189472074
2018-05-19 23:00:00,0.6333443983402488,0.0178684546608801,0.42517289,0.0,0.42517289,0.0,0.0178684546608801
2018-05-20 00:00:00,0.4796732365145228,0.0140566312484273,0.41118949,0.0,0.41118949,0.0,0.0140566312484273
2018-05-20 01:00:00,0.4251728907330566,0.0118118882965179,0.40390526,0.0,0.40390526,0.0,0.0118118882965179
2018-05-20 02:00:00,0.4111894882434301,0.0116420412078394,0.39954391,0.0,0.39954391,0.0,0.0116420412078394
2018-05-20 03:00:00,0.4039052558782849,0.0134619935058539,0.30831446,0.0,0.30831446,0.0,0.0134619935058539
2018-05-20 04:00:00,0.3995439142461964,0.015671427161349,0.081677577,0.0,0.081677577,0.0,0.015671427161349
2018-05-20 05:00:00,0.4132669432918395,0.0192696793079004,0.25966901,0.0,0.25966901,0.0,0.0192696793079004
2018-05-20 06:00:00,0.4364747579529738,0.0253981681738729,0.0,0.0,0.0,0.29163479,0.0253981681738729
2018-05-20 07:00:00,0.4733336791147994,0.030552702894455,0.0,0.0,0.0,0.013978278,0.030552702894455
2018-05-20 08:00:00,0.5412724757952974,0.033607449891066,0.0,0.0,0.0,0.12000197,0.033607449891066
2018-05-20 09:00:00,0.6591642461964039,0.030278411674802,0.0,0.0,0.0,0.4210412,0.030278411674802
2018-05-20 10:00:00,0.7552295988934993,0.0268711147211523,0.0,0.0,0.0,0.15306633,0.0268711147211523
2018-05-20 11:00:00,0.7504419087136929,0.0260325422771578,0.0,0.0,0.0,0.36212427,0.0260325422771578
2018-05-20 12:00:00,0.7235010373443982,0.0251546450510856,0.0,0.0,0.0,0.27503395,0.0251546450510856
2018-05-20 13:00:00,0.7363955739972339,0.0235681477632262,0.0,0.0,0.0,0.084483205,0.0235681477632262
2018-05-20 14:00:00,0.6819277316735821,0.0214618128261966,0.0,0.0,0.0,0.0,0.0214618128261966
2018-05-20 15:00:00,0.6759415629322268,0.0206127606909361,0.41359955,0.0,0.41359955,0.0,0.0206127606909361
2018-05-20 16:00:00,0.701545643153527,0.022886210387898,0.76145638,0.0,0.76145638,0.0,0.022886210387898
2018-05-20 17:00:00,0.7623267634854772,0.0280398735301967,0.8133973,0.0,0.8133973,0.0,0.0280398735301967
2018-05-20 18:00:00,0.7971901798063623,0.0286265563916109,0.84462656,0.0,0.84462656,0.0,0.0286265563916109
2018-05-20 19:00:00,0.8133973029045644,0.0273377238394363,0.87609889,0.0,0.87609889,0.0,0.0273377238394363
2018-05-20 20:00:00,0.8446265560165974,0.0248171090675739,0.83815491,0.0,0.83815491,0.0,0.0248171090675739
2018-05-20 21:00:00,0.8760988934993083,0.0243876596202349,0.64730982,0.0,0.64730982,0.0,0.0243876596202349
2018-05-20 22:00:00,0.8381549100968186,0.0215218445097958,0.48945263,0.0,0.48945263,0.0,0.0215218445097958
2018-05-20 23:00:00,0.6473098201936375,0.0174323542411634,0.4316677,0.0,0.4316677,0.0,0.0174323542411634
2018-05-21 00:00:00,0.4894526279391424,0.0134732410160842,0.40612621,0.0,0.40612621,0.0,0.0134732410160842
2018-05-21 01:00:00,0.431667704011065,0.0119068315324734,0.3982251,0.0,0.3982251,0.0,0.0119068315324734
2018-05-21 02:00:00,0.4061262102351313,0.0118417121835763,0.4008278,0.0,0.4008278,0.0,0.0118417121835763
2018-05-21 03:00:00,0.3982251037344398,0.0134710931981711,0.30458498,0.0,0.30458498,0.0,0.0134710931981711
2018-05-21 04:00:00,0.4008278008298755,0.0182460521176379,0.2092178,0.0,0.2092178,0.0,0.0182460521176379
2018-05-21 05:00:00,0.4135674273858921,0.0245464667173218,0.0,0.0,0.0,0.1019297,0.0245464667173218
2018-05-21 06:00:00,0.4496068464730291,0.0353883091361499,0.0,0.0,0.0,0.26813856,0.0353883091361499
2018-05-21 07:00:00,0.5361123789764868,0.0380166295402622,0.0,0.0,0.0,0.39349084,0.0380166295402622
2018-05-21 08:00:00,0.6007358229598893,0.0356893425910731,0.0,0.0,0.0,0.46659366,0.0356893425910731
2018-05-21 09:00:00,0.6477126556016596,0.0337141801857131,0.0,0.0,0.0,0.5140045,0.0337141801857131
2018-05-21 10:00:00,0.6880266251728907,0.0347885975628544,0.0,0.0,0.0,0.22342496,0.0347885975628544
2018-05-21 11:00:00,0.6893502766251729,0.0338115098860165,0.0,0.0,0.0,0.4282748,0.0338115098860165
2018-05-21 12:00:00,0.673159059474412,0.029481491680285,0.0,0.0,0.0,0.31475315,0.029481491680285
2018-05-21 13:00:00,0.6745231673582296,0.0237118717139069,0.0,0.0,0.0,0.13102771,0.0237118717139069
2018-05-21 14:00:00,0.648079529737206,0.0208830606354336,0.0,0.0,0.0,0.0,0.0208830606354336
2018-05-21 15:00:00,0.6341033886583679,0.0207855822134389,0.29532527,0.0,0.29532527,0.0,0.0207855822134389
2018-05-21 16:00:00,0.6536908713692946,0.0231881430902569,0.72061849,0.0,0.72061849,0.0,0.0231881430902569
2018-05-21 17:00:00,0.7011645919778701,0.0284651898979769,0.78692151,0.0,0.78692151,0.0,0.0284651898979769
2018-05-21 18:00:00,0.7574280774550483,0.0296949349763593,0.82980636,0.0,0.82980636,0.0,0.0296949349763593
2018-05-21 19:00:00,0.7869215076071924,0.0269403913601163,0.86166113,0.0,0.86166113,0.0,0.0269403913601163
2018-05-21 20:00:00,0.8298063623789764,0.0250591380561609,0.82645367,0.0,0.82645367,0.0,0.0250591380561609
2018-05-21 21:00:00,0.8616611341632087,0.0248113642599193,0.61804945,0.0,0.61804945,0.0,0.0248113642599193
2018-05-21 22:00:00,0.8264536652835406,0.0223650619126582,0.47596923,0.0,0.47596923,0.0,0.0223650619126582
2018-05-21 23:00:00,0.6180494467496541,0.0190278059582927,0.42526141,0.0,0.42526141,0.0,0.0190278059582927
2018-05-22 00:00:00,0.4759692254495158,0.0153867427165295,0.41020712,0.0,0.41020712,0.0,0.0153867427165295
2018-05-22 01:00:00,0.4252614107883817,0.0138516097504499,0.4001397,0.0,0.4001397,0.0,0.0138516097504499
2018-05-22 02:00:00,0.410207123098202,0.01456859356525,0.39926902,0.0,0.39926902,0.0,0.01456859356525
2018-05-22 03:00:00,0.4001396957123098,0.0166275519970112,0.30276481,0.0,0.30276481,0.0,0.0166275519970112
2018-05-22 04:00:00,0.3992690179806362,0.0208110205399282,0.0842735,0.0,0.0842735,0.0,0.0208110205399282
2018-05-22 05:00:00,0.4130650069156293,0.0276022893522113,0.0,0.0,0.0,0.090054433,0.0276022893522113
2018-05-22 06:00:00,0.4476798063623791,0.0370698707125041,0.0,0.0,0.0,0.22490959,0.0370698707125041
2018-05-22 07:00:00,0.5290048409405256,0.0420510132343263,0.0,0.0,0.0,0.3531849,0.0420510132343263
2018-05-22 08:00:00,0.6188869294605809,0.038983673314976,0.0,0.0,0.0,0.041826201,0.038983673314976
2018-05-22 09:00:00,0.6643737897648686,0.0338470128664938,0.0,0.0,0.0,0.13697702,0.0338470128664938
2018-05-22 10:00:00,0.6976293222683263,0.0298855650567266,0.0,0.0,0.0,0.19274857,0.0298855650567266
2018-05-22 11:00:00,0.6846282849239279,0.026503142670597,0.0,0.0,0.0,0.39624052,0.026503142670597
2018-05-22 12:00:00,0.6688872752420469,0.0236766627181678,0.0,0.0,0.0,0.20636468,0.0236766627181678
2018-05-22 13:00:00,0.6676352005532503,0.0201151967090113,0.36434513,0.0,0.36434513,0.0,0.0201151967090113
2018-05-22 14:00:00,0.6408233056708159,0.0183769168299927,0.096954756,0.0,0.096954756,0.0,0.0183769168299927
2018-05-22 15:00:00,0.6259961964038727,0.0185181263464984,0.48142451,0.0,0.48142451,0.0,0.0185181263464984
2018-05-22 16:00:00,0.6579294605809127,0.0226304090789736,0.73347862,0.0,0.73347862,0.0,0.0226304090789736
2018-05-22 17:00:00,0.6948437067773169,0.0274700653927717,0.79299654,0.0,0.79299654,0.0,0.0274700653927717
2018-05-22 18:00:00,0.7681189488243428,0.0286218145907112,0.83254876,0.0,0.83254876,0.0,0.0286218145907112
2018-05-22 19:00:00,0.792996542185339,0.0272781590727747,0.865537,0.0,0.865537,0.0,0.0272781590727747
2018-05-22 20:00:00,0.8325487551867219,0.0254556612127892,0.82960927,0.0,0.82960927,0.0,0.0254556612127892
2018-05-22 21:00:00,0.865536998616874,0.0245828862384546,0.62669329,0.0,0.62669329,0.0,0.0245828862384546
2018-05-22 22:00:00,0.8296092669432917,0.0219636136469994,0.48598548,0.0,0.48598548,0.0,0.0219636136469994
2018-05-22 23:00:00,0.6266932918395572,0.0176335020578805,0.42776556,0.0,0.42776556,0.0,0.0176335020578805
2018-05-23 00:00:00,0.4859854771784231,0.0138827410049336,0.41395609,0.0,0.41395609,0.0,0.0138827410049336
2018-05-23 01:00:00,0.427765560165975,0.0117151361897594,0.40216909,0.0,0.40216909,0.0,0.0117151361897594
2018-05-23 02:00:00,0.4139560857538036,0.0124087326539517,0.39997891,0.0,0.39997891,0.0,0.0124087326539517
2018-05-23 03:00:00,0.4021690871369294,0.0144293347239503,0.41182379,0.0,0.41182379,0.0,0.0144293347239503
2018-05-23 04:00:00,0.3999789073305671,0.0182920728344648,0.42225679,0.0,0.42225679,0.0,0.0182920728344648
2018-05-23 05:00:00,0.4145210926694329,0.0259770483344633,0.35422442,0.0,0.35422442,0.0,0.0259770483344633
2018-05-23 06:00:00,0.4464149377593361,0.0360769631980916,0.43325294,0.0,0.43325294,0.0,0.0360769631980916
2018-05-23 07:00:00,0.5254090594744121,0.0392468277010063,0.25966752,0.0,0.25966752,0.0,0.0392468277010063
2018-05-23 08:00:00,0.5947334024896265,0.0371613172593938,0.49518055,0.0,0.49518055,0.0,0.0371613172593938
2018-05-23 09:00:00,0.6708392116182572,0.0338424509150812,0.44187411,0.0,0.44187411,0.0,0.0338424509150812
2018-05-23 10:00:00,0.6924972337482711,0.0313994100690957,0.35992205,0.0,0.35992205,0.0,0.0313994100690957
2018-05-23 11:00:00,0.6804923928077453,0.0275162901695934,0.34471804,0.0,0.34471804,0.0,0.0275162901695934
2018-05-23 12:00:00,0.6714183955739971,0.0251901826180027,0.29264097,0.0,0.29264097,0.0,0.0251901826180027
2018-05-23 13:00:00,0.6625650069156293,0.0199736102003115,0.63420228,0.0,0.63420228,0.0,0.0199736102003115
2018-05-23 14:00:00,0.6228744813278007,0.0182871027630628,0.22901197,0.0,0.22901197,0.0,0.0182871027630628
2018-05-23 15:00:00,0.6342022821576763,0.019105525147217,0.69175818,0.0,0.69175818,0.0,0.019105525147217
2018-05-23 16:00:00,0.6600525587828492,0.0220151093972507,0.74209598,0.0,0.74209598,0.0,0.0220151093972507
2018-05-23 17:00:00,0.7186822268326417,0.0275262891093464,0.78958783,0.0,0.78958783,0.0,0.0275262891093464
2018-05-23 18:00:00,0.7610152143845089,0.0286959575417578,0.8227538,0.0,0.8227538,0.0,0.0286959575417578
2018-05-23 19:00:00,0.789587828492393,0.0266352836225816,0.8539471,0.0,0.8539471,0.0,0.0266352836225816
2018-05-23 20:00:00,0.8227538035961272,0.0246124818550103,0.83873409,0.0,0.83873409,0.0,0.0246124818550103
2018-05-23 21:00:00,0.8539470954356846,0.0239355698893882,0.6105287,0.0,0.6105287,0.0,0.0239355698893882
2018-05-23 22:00:00,0.8387340940525587,0.0221350205841137,0.4637832,0.0,0.4637832,0.0,0.0221350205841137
2018-05-23 23:00:00,0.6105286998616873,0.0178608075990353,0.42660546,0.0,0.42660546,0.0,0.0178608075990353
2018-05-24 00:00:00,0.4637831950207469,0.014998029178013,0.40782918,0.0,0.40782918,0.0,0.014998029178013
2018-05-24 01:00:00,0.4266054633471645,0.0132926686724169,0.40098167,0.0,0.40098167,0.0,0.0132926686724169
2018-05-24 02:00:00,0.4078291839557399,0.0136155365468002,0.39798617,0.0,0.39798617,0.0,0.0136155365468002
2018-05-24 03:00:00,0.4009816735822959,0.0153520075550161,0.38267836,0.0,0.38267836,0.0,0.0153520075550161
2018-05-24 04:00:00,0.3979861687413555,0.0200199906161128,0.33157438,0.0,0.33157438,0.0,0.0200199906161128
2018-05-24 05:00:00,0.4178848547717842,0.0269183770911692,0.1791197,0.0,0.1791197,0.0,0.0269183770911692
2018-05-24 06:00:00,0.4535957814661135,0.0377954769267517,0.31246545,0.0,0.31246545,0.0,0.0377954769267517
2018-05-24 07:00:00,0.5220546334716458,0.0412336007742148,0.075340978,0.0,0.075340978,0.0,0.0412336007742148
2018-05-24 08:00:00,0.5994450207468879,0.0404724812035578,0.42145132,0.0,0.42145132,0.0,0.0404724812035578
2018-05-24 09:00:00,0.6731310511756569,0.0367282396945175,0.017116706,0.0,0.017116706,0.0,0.0367282396945175
2018-05-24 10:00:00,0.7014336099585061,0.0345958819201659,0.49130223,0.0,0.49130223,0.0,0.0345958819201659
2018-05-24 11:00:00,0.6870055325034577,0.0329041692237239,0.0,0.0,0.0,0.0,0.0329041692237239
2018-05-24 12:00:00,0.682164937759336,0.0296481568164998,0.0,0.0,0.0,0.26339465,0.0296481568164998
2018-05-24 13:00:00,0.6679937759336099,0.0232825087326673,0.32899065,0.0,0.32899065,0.0,0.0232825087326673
2018-05-24 14:00:00,0.6263367911479945,0.0196976865006987,0.10981618,0.0,0.10981618,0.0,0.0196976865006987
2018-05-24 15:00:00,0.6290387275242045,0.0194319727181216,0.62305356,0.0,0.62305356,0.0,0.0194319727181216
2018-05-24 16:00:00,0.6569979253112033,0.0227439701954856,0.74251371,0.0,0.74251371,0.0,0.0227439701954856
2018-05-24 17:00:00,0.7231307053941909,0.0281949937127987,0.80480982,0.0,0.80480982,0.0,0.0281949937127987
2018-05-24 18:00:00,0.7694377593360996,0.0294697149975259,0.82615387,0.0,0.82615387,0.0,0.0294697149975259
2018-05-24 19:00:00,0.8048098201936377,0.0273044551429715,0.83455947,0.0,0.83455947,0.0,0.0273044551429715
2018-05-24 20:00:00,0.8261538727524205,0.0251637378261146,0.81258541,0.0,0.81258541,0.0,0.0251637378261146
2018-05-24 21:00:00,0.8345594744121715,0.025121691091223,0.61816598,0.0,0.61816598,0.0,0.025121691091223
2018-05-24 22:00:00,0.8125854080221299,0.0234546073985781,0.47705982,0.0,0.47705982,0.0,0.0234546073985781
2018-05-24 23:00:00,0.6181659751037343,0.0208207669986699,0.41892739,0.0,0.41892739,0.0,0.0208207669986699
2018-05-25 00:00:00,0.4770598201936376,0.0170689994803244,0.40653596,0.0,0.40653596,0.0,0.0170689994803244
2018-05-25 01:00:00,0.4189273858921161,0.0159149952465083,0.39825519,0.0,0.39825519,0.0,0.0159149952465083
2018-05-25 02:00:00,0.4065359612724757,0.0171305460499879,0.40162725,0.0,0.40162725,0.0,0.0171305460499879
2018-05-25 03:00:00,0.3982551867219916,0.0197077131096034,0.35816283,0.0,0.35816283,0.0,0.0197077131096034
2018-05-25 04:00:00,0.4016272475795298,0.0255808087866414,0.18624709,0.0,0.18624709,0.0,0.0255808087866414
2018-05-25 05:00:00,0.4174436376210234,0.034787369744241,0.0,0.0,0.0,0.0,0.034787369744241
2018-05-25 06:00:00,0.4518824343015215,0.0446265063102544,0.0,0.0,0.0,0.0,0.0446265063102544
2018-05-25 07:00:00,0.5297641770401106,0.0408397338561649,0.01462477,0.0,0.01462477,0.0,0.0408397338561649
2018-05-25 08:00:00,0.6047493084370676,0.0319300179356264,0.52643444,0.0,0.52643444,0.0,0.0319300179356264
2018-05-25 09:00:00,0.6521860304287689,0.0263667787143106,0.51979981,0.0,0.51979981,0.0,0.0263667787143106
2018-05-25 10:00:00,0.6979553941908713,0.0243873587182082,0.29910404,0.0,0.29910404,0.0,0.0243873587182082
2018-05-25 11:00:00,0.6958966113416319,0.0234119865287855,0.0,0.0,0.0,0.0026745493,0.0234119865287855
2018-05-25 12:00:00,0.6799688796680496,0.022166480409776,0.0,0.0,0.0,0.33674439,0.022166480409776
2018-05-25 13:00:00,0.6802818118948823,0.0196413071451451,0.2972097,0.0,0.2972097,0.0,0.0196413071451451
2018-05-25 14:00:00,0.6389823651452282,0.0177136734253882,0.0,0.0,0.0,0.0,0.0177136734253882
2018-05-25 15:00:00,0.619052213001383,0.0186709569067841,0.28228722,0.0,0.28228722,0.0,0.0186709569067841
2018-05-25 16:00:00,0.6593163900414937,0.0215110812097232,0.72803388,0.0,0.72803388,0.0,0.0215110812097232
2018-05-25 17:00:00,0.7093955739972339,0.0269891374884015,0.80265214,0.0,0.80265214,0.0,0.0269891374884015
2018-05-25 18:00:00,0.7737399723374826,0.029034607208632,0.8322991,0.0,0.8322991,0.0,0.029034607208632
2018-05-25 19:00:00,0.80265214384509,0.027241936694349,0.86172856,0.0,0.86172856,0.0,0.027241936694349
2018-05-25 20:00:00,0.8322991009681879,0.0254994995252639,0.8305657,0.0,0.8305657,0.0,0.0254994995252639
2018-05-25 21:00:00,0.8617285615491009,0.0239105535174648,0.62441909,0.0,0.62441909,0.0,0.0239105535174648
2018-05-25 22:00:00,0.8305656984785614,0.021553470350369,0.47851314,0.0,0.47851314,0.0,0.021553470350369
2018-05-25 23:00:00,0.6244190871369294,0.0174279894324576,0.41838347,0.0,0.41838347,0.0,0.0174279894324576
2018-05-26 00:00:00,0.4785131396957122,0.0140519205753237,0.4081805,0.0,0.4081805,0.0,0.0140519205753237
2018-05-26 01:00:00,0.4183834716459197,0.0124378509776381,0.39892911,0.0,0.39892911,0.0,0.0124378509776381
2018-05-26 02:00:00,0.4081804979253112,0.0140859778426164,0.39877351,0.0,0.39877351,0.0,0.0140859778426164
2018-05-26 03:00:00,0.3989291147994467,0.0172075562168956,0.30961944,0.0,0.30961944,0.0,0.0172075562168956
2018-05-26 04:00:00,0.3987735131396958,0.0216272051814259,0.087608664,0.0,0.087608664,0.0,0.0216272051814259
2018-05-26 05:00:00,0.4116825726141078,0.0264915700478328,0.0,0.0,0.0,0.14197166,0.0264915700478328
2018-05-26 06:00:00,0.4330895573997235,0.0320824576691422,0.0,0.0,0.0,0.11692729,0.0320824576691422
2018-05-26 07:00:00,0.4711839557399723,0.032902377646141,0.0,0.0,0.0,0.0,0.032902377646141
2018-05-26 08:00:00,0.5393526970954355,0.0303121023258325,0.0,0.0,0.0,0.0,0.0303121023258325
2018-05-26 09:00:00,0.6558298755186721,0.0269526626289649,0.27279067,0.0,0.27279067,0.0,0.0269526626289649
2018-05-26 10:00:00,0.7383862378976486,0.0240571135562109,0.0,0.0,0.0,0.0,0.0240571135562109
2018-05-26 11:00:00,0.7572420470262793,0.0238861147390867,0.0,0.0,0.0,0.10465564,0.0238861147390867
2018-05-26 12:00:00,0.7351310511756569,0.0248018668235443,0.0,0.0,0.0,0.27702375,0.0248018668235443
2018-05-26 13:00:00,0.7170708852005532,0.0239521229594872,0.0,0.0,0.0,0.1001309,0.0239521229594872
2018-05-26 14:00:00,0.6842614107883815,0.0208670298205762,0.0,0.0,0.0,0.0,0.0208670298205762
2018-05-26 15:00:00,0.6672690179806362,0.0206231885025424,0.52321044,0.0,0.52321044,0.0,0.0206231885025424
2018-05-26 16:00:00,0.7077659059474412,0.0228331029095513,0.72919721,0.0,0.72919721,0.0,0.0228331029095513
2018-05-26 17:00:00,0.7555376901798065,0.0274619548726334,0.7997666,0.0,0.7997666,0.0,0.0274619548726334
2018-05-26 18:00:00,0.7734197786998617,0.028583385597425,0.83004288,0.0,0.83004288,0.0,0.028583385597425
2018-05-26 19:00:00,0.7997665975103735,0.0266322158053694,0.86656743,0.0,0.86656743,0.0,0.0266322158053694
2018-05-26 20:00:00,0.830042876901798,0.0254764442044784,0.84486999,0.0,0.84486999,0.0,0.0254764442044784
2018-05-26 21:00:00,0.866567427385892,0.0232711470871859,0.64280429,0.0,0.64280429,0.0,0.0232711470871859
2018-05-26 22:00:00,0.8448699861687412,0.0204293003795437,0.48151245,0.0,0.48151245,0.0,0.0204293003795437
2018-05-26 23:00:00,0.6428042876901797,0.0169676715875775,0.42223548,0.0,0.42223548,0.0,0.0169676715875775
2018-05-27 00:00:00,0.48151244813278,0.0121897209410664,0.40736272,0.0,0.40736272,0.0,0.0121897209410664
2018-05-27 01:00:00,0.4222354771784232,0.0107836853202664,0.3989879,0.0,0.3989879,0.0,0.0107836853202664
2018-05-27 02:00:00,0.407362724757953,0.0115082816104714,0.39855429,0.0,0.39855429,0.0,0.0115082816104714
2018-05-27 03:00:00,0.398987897648686,0.0130774995129957,0.30560732,0.0,0.30560732,0.0,0.0130774995129957
2018-05-27 04:00:00,0.3985542876901798,0.0164877985696219,0.082775335,0.0,0.082775335,0.0,0.0164877985696219
2018-05-27 05:00:00,0.4113229598893498,0.0207430374338138,0.0,0.0,0.0,0.1402626,0.0207430374338138
2018-05-27 06:00:00,0.4321777316735823,0.0264289167120949,0.0,0.0,0.0,0.29150004,0.0264289167120949
2018-05-27 07:00:00,0.4699038727524204,0.0292357411907733,0.0,0.0,0.0,0.35196108,0.0292357411907733
2018-05-27 08:00:00,0.542792876901798,0.0293220585686373,0.0,0.0,0.0,0.41138467,0.0293220585686373
2018-05-27 09:00:00,0.6594979253112033,0.0285611811030589,0.0,0.0,0.0,0.44557873,0.0285611811030589
2018-05-27 10:00:00,0.7310210926694328,0.0256558613610553,0.0,0.0,0.0,0.1629193,0.0256558613610553
2018-05-27 11:00:00,0.7511186030428768,0.0242533916022013,0.0,0.0,0.0,0.37964971,0.0242533916022013
2018-05-27 12:00:00,0.7363226141078837,0.0244703212114096,0.0,0.0,0.0,0.28637698,0.0244703212114096
2018-05-27 13:00:00,0.7321583679114799,0.0230527406369974,0.0,0.0,0.0,0.1081492,0.0230527406369974
2018-05-27 14:00:00,0.6900691562932226,0.0207915829607483,0.0,0.0,0.0,0.0,0.0207915829607483
2018-05-27 15:00:00,0.6769474412171507,0.0201115824260499,0.33157609,0.0,0.33157609,0.0,0.0201115824260499
2018-05-27 16:00:00,0.686018326417704,0.022843039593712,0.7521892,0.0,0.7521892,0.0,0.022843039593712
2018-05-27 17:00:00,0.7491843015214384,0.0275958009361009,0.79722925,0.0,0.79722925,0.0,0.0275958009361009
2018-05-27 18:00:00,0.8029208160442599,0.0290499428360492,0.82151833,0.0,0.82151833,0.0,0.0290499428360492
2018-05-27 19:00:00,0.7972292531120333,0.0276577936708379,0.85378873,0.0,0.85378873,0.0,0.0276577936708379
2018-05-27 20:00:00,0.821518326417704,0.0248631574535531,0.84185788,0.0,0.84185788,0.0,0.0248631574535531
2018-05-27 21:00:00,0.8537887275242045,0.0225385474948064,0.6358527,0.0,0.6358527,0.0,0.0225385474948064
2018-05-27 22:00:00,0.8418578838174273,0.0213320894663556,0.47665007,0.0,0.47665007,0.0,0.0213320894663556
2018-05-27 23:00:00,0.6358526970954356,0.0175335368708626,0.41995159,0.0,0.41995159,0.0,0.0175335368708626
2018-05-28 00:00:00,0.4766500691562932,0.0139309960057735,0.40807054,0.0,0.40807054,0.0,0.0139309960057735
2018-05-28 01:00:00,0.4199515905947441,0.0121513576620155,0.39879633,0.0,0.39879633,0.0,0.0121513576620155
2018-05-28 02:00:00,0.4080705394190872,0.013519133763084,0.39766217,0.0,0.39766217,0.0,0.013519133763084
2018-05-28 03:00:00,0.3987963347164592,0.0156645686703323,0.30564459,0.0,0.30564459,0.0,0.0156645686703323
2018-05-28 04:00:00,0.3976621715076072,0.0200711923816255,0.090354712,0.0,0.090354712,0.0,0.0200711923816255
2018-05-28 05:00:00,0.4140145228215767,0.0267448465466498,0.0,0.0,0.0,0.082879462,0.0267448465466498
2018-05-28 06:00:00,0.4448239972337483,0.0369929539289837,0.0,0.0,0.0,0.22926339,0.0369929539289837
2018-05-28 07:00:00,0.5342026279391424,0.0383151451023668,0.0,0.0,0.0,0.36238382,0.0383151451023668
2018-05-28 08:00:00,0.6148329875518671,0.032184978794063,0.0,0.0,0.0,0.45271687,0.032184978794063
2018-05-28 09:00:00,0.6566970954356847,0.02579568050268,0.0,0.0,0.0,0.48616753,0.02579568050268
2018-05-28 10:00:00,0.6949412171507607,0.0237154583277163,0.0,0.0,0.0,0.22207532,0.0237154583277163
2018-05-28 11:00:00,0.7133181189488242,0.0226967839156363,0.0,0.0,0.0,0.43090325,0.0226967839156363
2018-05-28 12:00:00,0.6810508298755186,0.0219567759078467,0.0,0.0,0.0,0.34693234,0.0219567759078467
2018-05-28 13:00:00,0.6926137621023514,0.0190900753845484,0.0,0.0,0.0,0.16591405,0.0190900753845484
2018-05-28 14:00:00,0.6391051175656983,0.0171926356267563,0.0,0.0,0.0,0.0,0.0171926356267563
2018-05-28 15:00:00,0.626716459197787,0.018518185143446,0.22823884,0.0,0.22823884,0.0,0.018518185143446
2018-05-28 16:00:00,0.6459668049792531,0.0228417183917108,0.70840788,0.0,0.70840788,0.0,0.0228417183917108
2018-05-28 17:00:00,0.7027914937759336,0.0269619283361935,0.78642981,0.0,0.78642981,0.0,0.0269619283361935
2018-05-28 18:00:00,0.7616244813278007,0.0276252720414734,0.82250553,0.0,0.82250553,0.0,0.0276252720414734
2018-05-28 19:00:00,0.786429806362379,0.0266286464847798,0.83699654,0.0,0.83699654,0.0,0.0266286464847798
2018-05-28 20:00:00,0.8225055325034577,0.0247036828381774,0.83306155,0.0,0.83306155,0.0,0.0247036828381774
2018-05-28 21:00:00,0.8369965421853387,0.0227717292720869,0.61648133,0.0,0.61648133,0.0,0.0227717292720869
2018-05-28 22:00:00,0.8330615491009681,0.0212695917695975,0.46767358,0.0,0.46767358,0.0,0.0212695917695975
2018-05-28 23:00:00,0.6164813278008298,0.0170209727499871,0.42329115,0.0,0.42329115,0.0,0.0170209727499871
2018-05-29 00:00:00,0.4676735822959889,0.0122007816845214,0.40779219,0.0,0.40779219,0.0,0.0122007816845214
2018-05-29 01:00:00,0.4232911479944675,0.0092490607748524,0.39992704,0.0,0.39992704,0.0,0.0092490607748524
2018-05-29 02:00:00,0.4077921853388659,0.0090101065207655,0.40072026,0.0,0.40072026,0.0,0.0090101065207655
2018-05-29 03:00:00,0.39992704011065,0.010035179424213,0.29830225,0.0,0.29830225,0.0,0.010035179424213
2018-05-29 04:00:00,0.4007202627939142,0.0136787640174388,0.075730122,0.0,0.075730122,0.0,0.0136787640174388
2018-05-29 05:00:00,0.4142496542185339,0.0201650634379468,0.0,0.0,0.0,0.10099108,0.0201650634379468
2018-05-29 06:00:00,0.4416459197786999,0.028708547005853,0.0,0.0,0.0,0.24306847,0.028708547005853
2018-05-29 07:00:00,0.5216327800829874,0.0315826386513412,0.0,0.0,0.0,0.3643544,0.0315826386513412
2018-05-29 08:00:00,0.6011058091286305,0.0287351301435001,0.0,0.0,0.0,0.46337337,0.0287351301435001
2018-05-29 09:00:00,0.654896611341632,0.0253756005218888,0.0,0.0,0.0,0.51686115,0.0253756005218888
2018-05-29 10:00:00,0.6799892807745505,0.0233206229893513,0.0,0.0,0.0,0.22485027,0.0233206229893513
2018-05-29 11:00:00,0.6777825034578145,0.0225012736886099,0.0,0.0,0.0,0.43749085,0.0225012736886099
2018-05-29 12:00:00,0.6714747579529737,0.0216673531207714,0.0,0.0,0.0,0.33472129,0.0216673531207714
2018-05-29 13:00:00,0.6777340940525587,0.0184421295622774,0.0,0.0,0.0,0.15825319,0.0184421295622774
2018-05-29 14:00:00,0.6452558782849238,0.0181548718863349,0.0,0.0,0.0,0.0,0.0181548718863349
2018-05-29 15:00:00,0.6310363070539419,0.0182263585988031,0.25294141,0.0,0.25294141,0.0,0.0182263585988031
2018-05-29 16:00:00,0.661996887966805,0.0216450102806464,0.69920453,0.0,0.69920453,0.0,0.0216450102806464
2018-05-29 17:00:00,0.7115764177040111,0.0265950111720527,0.78720332,0.0,0.78720332,0.0,0.0265950111720527
2018-05-29 18:00:00,0.754887621023513,0.0285803765771606,0.81802213,0.0,0.81802213,0.0,0.0285803765771606
2018-05-29 19:00:00,0.7872033195020748,0.0259031336539195,0.85471231,0.0,0.85471231,0.0,0.0259031336539195
2018-05-29 20:00:00,0.8180221300138312,0.0240202789978006,0.82541148,0.0,0.82541148,0.0,0.0240202789978006
2018-05-29 21:00:00,0.8547123098201935,0.0235828815865904,0.6201556,0.0,0.6201556,0.0,0.0235828815865904
2018-05-29 22:00:00,0.8254114799446748,0.0203834283844078,0.47516736,0.0,0.47516736,0.0,0.0203834283844078
2018-05-29 23:00:00,0.6201556016597509,0.0162206044874202,0.42583817,0.0,0.42583817,0.0,0.0162206044874202
2018-05-30 00:00:00,0.4751673582295989,0.0118939411663515,0.41255394,0.0,0.41255394,0.0,0.0118939411663515
2018-05-30 01:00:00,0.4258381742738589,0.0096260979312849,0.40292946,0.0,0.40292946,0.0,0.0096260979312849
2018-05-30 02:00:00,0.4125539419087137,0.0094816545826559,0.39832365,0.0,0.39832365,0.0,0.0094816545826559
2018-05-30 03:00:00,0.4029294605809128,0.0108518309826482,0.2944694,0.0,0.2944694,0.0,0.0108518309826482
2018-05-30 04:00:00,0.3983236514522821,0.0150056416534176,0.073261481,0.0,0.073261481,0.0,0.0150056416534176
2018-05-30 05:00:00,0.4153018672199169,0.0207268890250611,0.0,0.0,0.0,0.11468313,0.0207268890250611
2018-05-30 06:00:00,0.4492043568464731,0.0306164076579633,0.0,0.0,0.0,0.25844711,0.0306164076579633
2018-05-30 07:00:00,0.5164204702627938,0.0350681286281408,0.0,0.0,0.0,0.34418154,0.0350681286281408
2018-05-30 08:00:00,0.5939135546334715,0.0335628403009835,0.0,0.0,0.0,0.43703411,0.0335628403009835
2018-05-30 09:00:00,0.6809955048409405,0.0300167168365321,0.0,0.0,0.0,0.5017675,0.0300167168365321
2018-05-30 10:00:00,0.7062226832641769,0.0283872908595656,0.0,0.0,0.0,0.21120167,0.0283872908595656
2018-05-30 11:00:00,0.6904273858921162,0.0277661910318842,0.0,0.0,0.0,0.42713935,0.0277661910318842
2018-05-30 12:00:00,0.6782863070539419,0.0249201005680758,0.0,0.0,0.0,0.34295778,0.0249201005680758
2018-05-30 13:00:00,0.6808257261410788,0.0210198984259455,0.0,0.0,0.0,0.14854907,0.0210198984259455
2018-05-30 14:00:00,0.6323661825726141,0.0182639886453294,0.0,0.0,0.0,0.0,0.0182639886453294
2018-05-30 15:00:00,0.6367973720608574,0.0190663214176786,0.27288544,0.0,0.27288544,0.0,0.0190663214176786
2018-05-30 16:00:00,0.669277662517289,0.0220500105736753,0.70638691,0.0,0.70638691,0.0,0.0220500105736753
2018-05-30 17:00:00,0.7214017980636239,0.0273106599502755,0.79269571,0.0,0.79269571,0.0,0.0273106599502755
2018-05-30 18:00:00,0.7645179806362378,0.0279903180792195,0.81609993,0.0,0.81609993,0.0,0.0279903180792195
2018-05-30 19:00:00,0.7926957123098203,0.0264218091987116,0.83680775,0.0,0.83680775,0.0,0.0264218091987116
2018-05-30 20:00:00,0.8160999308437067,0.0242802168449275,0.83151418,0.0,0.83151418,0.0,0.0242802168449275
2018-05-30 21:00:00,0.8368077455048408,0.0230957523335601,0.6312296,0.0,0.6312296,0.0,0.0230957523335601
2018-05-30 22:00:00,0.8315141770401105,0.0215959182879628,0.47176418,0.0,0.47176418,0.0,0.0215959182879628
2018-05-30 23:00:00,0.6312295988934992,0.0168957629205434,0.41936342,0.0,0.41936342,0.0,0.0168957629205434
2018-05-31 00:00:00,0.4717641770401106,0.0124803369603154,0.4081473,0.0,0.4081473,0.0,0.0124803369603154
2018-05-31 01:00:00,0.4193634163208852,0.0097712053395586,0.39710235,0.0,0.39710235,0.0,0.0097712053395586
2018-05-31 02:00:00,0.4081473029045643,0.0092439350644707,0.39860823,0.0,0.39860823,0.0,0.0092439350644707
2018-05-31 03:00:00,0.3971023513139696,0.0102135728221712,0.29424556,0.0,0.29424556,0.0,0.0102135728221712
2018-05-31 04:00:00,0.3986082295988935,0.0135260994720641,0.071801888,0.0,0.071801888,0.0,0.0135260994720641
2018-05-31 05:00:00,0.41376244813278,0.0192028928926041,0.0,0.0,0.0,0.10587386,0.0192028928926041
2018-05-31 06:00:00,0.4427334024896266,0.0288259299239651,0.0,0.0,0.0,0.2582202,0.0288259299239651
2018-05-31 07:00:00,0.5214989626556017,0.0310303035833144,0.0,0.0,0.0,0.35254515,0.0310303035833144
2018-05-31 08:00:00,0.5946147994467496,0.028385651462318,0.0,0.0,0.0,0.43451858,0.028385651462318
2018-05-31 09:00:00,0.6710127939142462,0.0244585445286501,0.0,0.0,0.0,0.48575935,0.0244585445286501
2018-05-31 10:00:00,0.703640733056708,0.024175091361088,0.0,0.0,0.0,0.2129366,0.024175091361088
2018-05-31 11:00:00,0.7027538035961272,0.0225885145244171,0.0,0.0,0.0,0.44679367,0.0225885145244171
2018-05-31 12:00:00,0.6772399723374826,0.0220264468322242,0.0,0.0,0.0,0.33935369,0.0220264468322242
2018-05-31 13:00:00,0.6631500691562932,0.0188430002343913,0.0,0.0,0.0,0.16363572,0.0188430002343913
2018-05-31 14:00:00,0.636588520055325,0.0171135779426111,0.0,0.0,0.0,0.0,0.0171135779426111
2018-05-31 15:00:00,0.6216327800829875,0.0174953638172313,0.21988657,0.0,0.21988657,0.0,0.0174953638172313
2018-05-31 16:00:00,0.6479834024896265,0.0213408536702069,0.70345655,0.0,0.70345655,0.0,0.0213408536702069
2018-05-31 17:00:00,0.6990573997233749,0.0264415822663579,0.78746093,0.0,0.78746093,0.0,0.0264415822663579
2018-05-31 18:00:00,0.7670760719225448,0.0282248971486689,0.81372026,0.0,0.81372026,0.0,0.0282248971486689
2018-05-31 19:00:00,0.7874609266943292,0.0259405319712993,0.84114108,0.0,0.84114108,0.0,0.0259405319712993
2018-05-31 20:00:00,0.8137202627939142,0.0245051462976664,0.83014315,0.0,0.83014315,0.0,0.0245051462976664
2018-05-31 21:00:00,0.8411410788381741,0.0228152390133829,0.6207832,0.0,0.6207832,0.0,0.0228152390133829
2018-05-31 22:00:00,0.8301431535269708,0.0205034052855066,0.47073513,0.0,0.47073513,0.0,0.0205034052855066
2018-05-31 23:00:00,0.6207831950207469,0.0156559946919005,0.42314281,0.0,0.42314281,0.0,0.0156559946919005
2018-06-01 00:00:00,0.4707351313969571,0.0124892256753496,0.40893292,0.0,0.40893292,0.0,0.0124892256753496
2018-06-01 01:00:00,0.4231428077455049,0.0101089107966254,0.40253976,0.0,0.40253976,0.0,0.0101089107966254
2018-06-01 02:00:00,0.408932918395574,0.0104293057405614,0.40128838,0.0,0.40128838,0.0,0.0104293057405614
2018-06-01 03:00:00,0.402539764868603,0.0126906121385018,0.28962179,0.0,0.28962179,0.0,0.0126906121385018
2018-06-01 04:00:00,0.4012883817427386,0.0173751724802053,0.063563775,0.0,0.063563775,0.0,0.0173751724802053
2018-06-01 05:00:00,0.4141946749654218,0.0250630532411488,0.0,0.0,0.0,0.13352209,0.0250630532411488
2018-06-01 06:00:00,0.4393599585062241,0.0337846742673585,0.0,0.0,0.0,0.27412846,0.0337846742673585
2018-06-01 07:00:00,0.4983973029045643,0.033386241939252,0.0,0.0,0.0,0.39154279,0.033386241939252
2018-06-01 08:00:00,0.5785165975103733,0.0257294855155048,0.0,0.0,0.0,0.49149998,0.0257294855155048
2018-06-01 09:00:00,0.6324830567081604,0.0221278681083586,0.0,0.0,0.0,0.55741026,0.0221278681083586
2018-06-01 10:00:00,0.647234785615491,0.0220363143435055,0.0,0.0,0.0,0.25698609,0.0220363143435055
2018-06-01 11:00:00,0.6300369986168741,0.0214981320466539,0.0,0.0,0.0,0.4590424,0.0214981320466539
2018-06-01 12:00:00,0.6285311203319501,0.0217108282756278,0.0,0.0,0.0,0.3520594,0.0217108282756278
2018-06-01 13:00:00,0.6387901106500689,0.0186009954563121,0.0,0.0,0.0,0.17813375,0.0186009954563121
2018-06-01 14:00:00,0.6107728215767634,0.0170340602588161,0.0,0.0,0.0,0.0,0.0170340602588161
2018-06-01 15:00:00,0.5951445366528353,0.0178802797646553,0.16948104,0.0,0.16948104,0.0,0.0178802797646553
2018-06-01 16:00:00,0.6094104426002767,0.0214708744734302,0.65252464,0.0,0.65252464,0.0,0.0214708744734302
2018-06-01 17:00:00,0.6718551175656984,0.0262430284326272,0.73335546,0.0,0.73335546,0.0,0.0262430284326272
2018-06-01 18:00:00,0.7168440525587829,0.0278403132310671,0.75234405,0.0,0.75234405,0.0,0.0278403132310671
2018-06-01 19:00:00,0.7333554633471645,0.0264387945993083,0.78181155,0.0,0.78181155,0.0,0.0264387945993083
2018-06-01 20:00:00,0.7523440525587828,0.0245550130266021,0.77023444,0.0,0.77023444,0.0,0.0245550130266021
2018-06-01 21:00:00,0.7818115491009681,0.0226478371860001,0.59586653,0.0,0.59586653,0.0,0.0226478371860001
2018-06-01 22:00:00,0.770234439834025,0.0207567509572033,0.47410858,0.0,0.47410858,0.0,0.0207567509572033
2018-06-01 23:00:00,0.5958665283540802,0.0156736579867177,0.42089454,0.0,0.42089454,0.0,0.0156736579867177
2018-06-02 00:00:00,0.4741085753803596,0.0118200991173314,0.40679945,0.0,0.40679945,0.0,0.0118200991173314
2018-06-02 01:00:00,0.4208945366528354,0.0092264654537167,0.39690768,0.0,0.39690768,0.0,0.0092264654537167
2018-06-02 02:00:00,0.4067994467496542,0.008989050296202,0.39915041,0.0,0.39915041,0.0,0.008989050296202
2018-06-02 03:00:00,0.3969076763485477,0.0104802169799796,0.2906319,0.0,0.2906319,0.0,0.0104802169799796
2018-06-02 04:00:00,0.3991504149377594,0.012448711119742,0.066180743,0.0,0.066180743,0.0,0.012448711119742
2018-06-02 05:00:00,0.4125961272475795,0.0164000251026414,0.0,0.0,0.0,0.15095696,0.0164000251026414
2018-06-02 06:00:00,0.4339547026279391,0.0200984776240014,0.0,0.0,0.0,0.31231465,0.0200984776240014
2018-06-02 07:00:00,0.4672015905947442,0.0224360194525976,0.0,0.0,0.0,0.3868566,0.0224360194525976
2018-06-02 08:00:00,0.5214678423236514,0.0234302550862994,0.0,0.0,0.0,0.43258686,0.0234302550862994
2018-06-02 09:00:00,0.619655947441217,0.0234844416615686,0.0,0.0,0.0,0.4894249,0.0234844416615686
2018-06-02 10:00:00,0.6886915629322268,0.0222424391489134,0.0,0.0,0.0,0.19253619,0.0222424391489134
2018-06-02 11:00:00,0.6815899031811895,0.0223328308093885,0.0,0.0,0.0,0.40635323,0.0223328308093885
2018-06-02 12:00:00,0.6814875518672198,0.0230508280068753,0.0,0.0,0.0,0.32507205,0.0230508280068753
2018-06-02 13:00:00,0.6833509681881049,0.0217313484103743,0.0,0.0,0.0,0.15310827,0.0217313484103743
2018-06-02 14:00:00,0.633747233748271,0.0198495417233819,0.0,0.0,0.0,0.0,0.0198495417233819
2018-06-02 15:00:00,0.6186659751037343,0.0196114210024949,0.24137768,0.0,0.24137768,0.0,0.0196114210024949
2018-06-02 16:00:00,0.6444405255878285,0.0219003066275494,0.67115293,0.0,0.67115293,0.0,0.0219003066275494
2018-06-02 17:00:00,0.7098305670816043,0.0268820440361362,0.74443845,0.0,0.74443845,0.0,0.0268820440361362
2018-06-02 18:00:00,0.7363426694329184,0.0289700274081963,0.77278147,0.0,0.77278147,0.0,0.0289700274081963
2018-06-02 19:00:00,0.7444384508990317,0.0269144619061816,0.80267808,0.0,0.80267808,0.0,0.0269144619061816
2018-06-02 20:00:00,0.7727814661134162,0.0246664643702846,0.80173928,0.0,0.80173928,0.0,0.0246664643702846
2018-06-02 21:00:00,0.8026780774550484,0.0230548746203344,0.60345816,0.0,0.60345816,0.0,0.0230548746203344
2018-06-02 22:00:00,0.8017392807745505,0.0201964817598813,0.45502248,0.0,0.45502248,0.0,0.0201964817598813
2018-06-02 23:00:00,0.6034581604426001,0.0158557417578051,0.41668811,0.0,0.41668811,0.0,0.0158557417578051
2018-06-03 00:00:00,0.4550224757952974,0.0110310855829583,0.40806846,0.0,0.40806846,0.0,0.0110310855829583
2018-06-03 01:00:00,0.4166881051175657,0.0082462027417029,0.39928527,0.0,0.39928527,0.0,0.0082462027417029
2018-06-03 02:00:00,0.4080684647302905,0.0076644657411833,0.39936791,0.0,0.39936791,0.0,0.0076644657411833
2018-06-03 03:00:00,0.3992852697095436,0.0085168865956826,0.28732475,0.0,0.28732475,0.0,0.0085168865956826
2018-06-03 04:00:00,0.3993679114799446,0.0098767458606757,0.064141012,0.0,0.064141012,0.0,0.0098767458606757
2018-06-03 05:00:00,0.4129332641770401,0.0128112876856851,0.0,0.0,0.0,0.15585914,0.0128112876856851
2018-06-03 06:00:00,0.4345961272475796,0.0164837761666707,0.0,0.0,0.0,0.30431572,0.0164837761666707
2018-06-03 07:00:00,0.4647458506224066,0.0211857404048926,0.0,0.0,0.0,0.37988698,0.0211857404048926
2018-06-03 08:00:00,0.5290899031811894,0.0233932199265377,0.0,0.0,0.0,0.42567282,0.0233932199265377
2018-06-03 09:00:00,0.6192683264177039,0.0232595018328979,0.0,0.0,0.0,0.46435704,0.0232595018328979
2018-06-03 10:00:00,0.6868858921161826,0.0223690116840864,0.0,0.0,0.0,0.20354267,0.0223690116840864
2018-06-03 11:00:00,0.7025148686030429,0.0226934290309736,0.0,0.0,0.0,0.41999072,0.0226934290309736
2018-06-03 12:00:00,0.6668118948824343,0.0242509082958222,0.0,0.0,0.0,0.32322134,0.0242509082958222
2018-06-03 13:00:00,0.668649723374827,0.0219421216332941,0.0,0.0,0.0,0.13497505,0.0219421216332941
2018-06-03 14:00:00,0.6386856846473029,0.0204772198919173,0.0,0.0,0.0,0.0,0.0204772198919173
2018-06-03 15:00:00,0.6424986168741355,0.0197254905396721,0.24666976,0.0,0.24666976,0.0,0.0197254905396721
2018-06-03 16:00:00,0.6760674273858921,0.0221984106110199,0.66303599,0.0,0.66303599,0.0,0.0221984106110199
2018-06-03 17:00:00,0.7031262102351314,0.0267445906069953,0.74136757,0.0,0.74136757,0.0,0.0267445906069953
2018-06-03 18:00:00,0.7332468879668049,0.0294277132250059,0.75753942,0.0,0.75753942,0.0,0.0294277132250059
2018-06-03 19:00:00,0.7413675656984785,0.0273345799320566,0.7864222,0.0,0.7864222,0.0,0.0273345799320566
2018-06-03 20:00:00,0.7575394190871368,0.0249382861181347,0.78128873,0.0,0.78128873,0.0,0.0249382861181347
2018-06-03 21:00:00,0.7864221991701243,0.0233287508027095,0.59537379,0.0,0.59537379,0.0,0.0233287508027095
2018-06-03 22:00:00,0.7812887275242046,0.0207177063252883,0.46033057,0.0,0.46033057,0.0,0.0207177063252883
2018-06-03 23:00:00,0.5953737897648685,0.016044950335496,0.41984371,0.0,0.41984371,0.0,0.016044950335496
2018-06-04 00:00:00,0.4603305670816044,0.011419339121825,0.41084855,0.0,0.41084855,0.0,0.011419339121825
2018-06-04 01:00:00,0.4198437067773167,0.0088652861799426,0.39793603,0.0,0.39793603,0.0,0.0088652861799426
2018-06-04 02:00:00,0.4108485477178423,0.0083966053339134,0.40004979,0.0,0.40004979,0.0,0.0083966053339134
2018-06-04 03:00:00,0.397936030428769,0.008908719831071,0.2846941,0.0,0.2846941,0.0,0.008908719831071
2018-06-04 04:00:00,0.4000497925311203,0.0109543728594325,0.062530094,0.0,0.062530094,0.0,0.0109543728594325
2018-06-04 05:00:00,0.4139287690179807,0.0170314939449809,0.0,0.0,0.0,0.12077148,0.0170314939449809
2018-06-04 06:00:00,0.440094398340249,0.0249502426503808,0.0,0.0,0.0,0.22470504,0.0249502426503808
2018-06-04 07:00:00,0.5053502766251728,0.026293773657134,0.0,0.0,0.0,0.39223148,0.026293773657134
2018-06-04 08:00:00,0.5729955048409405,0.0225441574153451,0.0,0.0,0.0,0.37293482,0.0225441574153451
2018-06-04 09:00:00,0.617881396957123,0.0206609119324564,0.0,0.0,0.0,0.23968049,0.0206609119324564
2018-06-04 10:00:00,0.6458730982019363,0.0212907863399204,0.0,0.0,0.0,0.14985119,0.0212907863399204
2018-06-04 11:00:00,0.6369457123098203,0.0213865008534842,0.0,0.0,0.0,0.37473128,0.0213865008534842
2018-06-04 12:00:00,0.6354913554633471,0.0209830396570274,0.0,0.0,0.0,0.26095205,0.0209830396570274
2018-06-04 13:00:00,0.6407887275242046,0.0188499278982878,0.0,0.0,0.0,0.19811072,0.0188499278982878
2018-06-04 14:00:00,0.5901977869986168,0.0168518934802731,0.0,0.0,0.0,0.0,0.0168518934802731
2018-06-04 15:00:00,0.5856836099585061,0.0178654906029874,0.16774282,0.0,0.16774282,0.0,0.0178654906029874
2018-06-04 16:00:00,0.618003112033195,0.0210945947600297,0.65471494,0.0,0.65471494,0.0,0.0210945947600297
2018-06-04 17:00:00,0.6784557399723374,0.0267178518303689,0.73856224,0.0,0.73856224,0.0,0.0267178518303689
2018-06-04 18:00:00,0.7241175656984785,0.0271772323827299,0.7600861,0.0,0.7600861,0.0,0.0271772323827299
2018-06-04 19:00:00,0.7385622406639003,0.0257911427617755,0.80263382,0.0,0.80263382,0.0,0.0257911427617755
2018-06-04 20:00:00,0.7600860995850621,0.0235702679119874,0.77798306,0.0,0.77798306,0.0,0.0235702679119874
2018-06-04 21:00:00,0.8026338174273858,0.022865769801963,0.5956677,0.0,0.5956677,0.0,0.022865769801963
2018-06-04 22:00:00,0.7779830567081606,0.0206164752745731,0.45782884,0.0,0.45782884,0.0,0.0206164752745731
2018-06-04 23:00:00,0.5956677040110648,0.0154445539506922,0.4196971,0.0,0.4196971,0.0,0.0154445539506922
2018-06-05 00:00:00,0.4578288381742738,0.0105409611442393,0.41121335,0.0,0.41121335,0.0,0.0105409611442393
2018-06-05 01:00:00,0.4196970954356847,0.0078731084394099,0.40079841,0.0,0.40079841,0.0,0.0078731084394099
2018-06-05 02:00:00,0.411213347164592,0.007214254054019,0.39957538,0.0,0.39957538,0.0,0.007214254054019
2018-06-05 03:00:00,0.4007984094052558,0.0076338152382128,0.29112344,0.0,0.29112344,0.0,0.0076338152382128
2018-06-05 04:00:00,0.3995753803596127,0.0107270846114976,0.38405098,0.0,0.38405098,0.0,0.0107270846114976
2018-06-05 05:00:00,0.4135331950207469,0.0157938009027274,0.36905342,0.0,0.36905342,0.0,0.0157938009027274
2018-06-05 06:00:00,0.4379139004149378,0.0244089475739451,0.40530669,0.0,0.40530669,0.0,0.0244089475739451
2018-06-05 07:00:00,0.5088696403872752,0.0271993884560799,0.42934676,0.0,0.42934676,0.0,0.0271993884560799
2018-06-05 08:00:00,0.5709294605809128,0.0246949117170381,0.0,0.0,0.0,0.17335273,0.0246949117170381
2018-06-05 09:00:00,0.65201867219917,0.0241682812910869,0.0,0.0,0.0,0.35972512,0.0241682812910869
2018-06-05 10:00:00,0.6676960580912863,0.0232447887613974,0.0,0.0,0.0,0.22068576,0.0232447887613974
2018-06-05 11:00:00,0.660972337482711,0.0223556959047547,0.0,0.0,0.0,0.44109791,0.0223556959047547
2018-06-05 12:00:00,0.6416887966804979,0.0219787867181493,0.0,0.0,0.0,0.33346078,0.0219787867181493
2018-06-05 13:00:00,0.6413858921161825,0.019160510669246,0.0,0.0,0.0,0.17967897,0.019160510669246
2018-06-05 14:00:00,0.6238506224066389,0.0172119763639051,0.0,0.0,0.0,0.0,0.0172119763639051
2018-06-05 15:00:00,0.5929730290456431,0.0179395470879347,0.15595801,0.0,0.15595801,0.0,0.0179395470879347
2018-06-05 16:00:00,0.6101258644536652,0.0217487661414687,0.64195749,0.0,0.64195749,0.0,0.0217487661414687
2018-06-05 17:00:00,0.666159059474412,0.0262001274126719,0.74215214,0.0,0.74215214,0.0,0.0262001274126719
2018-06-05 18:00:00,0.7117755878284924,0.0275565384096149,0.76663036,0.0,0.76663036,0.0,0.0275565384096149
2018-06-05 19:00:00,0.7421521438450899,0.0256788025465895,0.79192531,0.0,0.79192531,0.0,0.0256788025465895
2018-06-05 20:00:00,0.7666303596127247,0.0237193077984687,0.76745954,0.0,0.76745954,0.0,0.0237193077984687
2018-06-05 21:00:00,0.7919253112033193,0.0230099157072095,0.58666044,0.0,0.58666044,0.0,0.0230099157072095
2018-06-05 22:00:00,0.7674595435684647,0.0198886866559725,0.46897752,0.0,0.46897752,0.0,0.0198886866559725
2018-06-05 23:00:00,0.5866604426002766,0.0160040553290502,0.42264661,0.0,0.42264661,0.0,0.0160040553290502
2018-06-06 00:00:00,0.4689775242047026,0.0114966052283875,0.41103907,0.0,0.41103907,0.0,0.0114966052283875
2018-06-06 01:00:00,0.4226466113416321,0.0087999593124063,0.39820989,0.0,0.39820989,0.0,0.0087999593124063
2018-06-06 02:00:00,0.4110390733056708,0.0079883331636773,0.39866217,0.0,0.39866217,0.0,0.0079883331636773
2018-06-06 03:00:00,0.3982098893499309,0.0082265334333758,0.39739161,0.0,0.39739161,0.0,0.0082265334333758
2018-06-06 04:00:00,0.3986621715076072,0.0103703462365968,0.40485745,0.0,0.40485745,0.0,0.0103703462365968
2018-06-06 05:00:00,0.412045643153527,0.0162289571126372,0.39913359,0.0,0.39913359,0.0,0.0162289571126372
2018-06-06 06:00:00,0.4366410788381743,0.0260343546066045,0.44127212,0.0,0.44127212,0.0,0.0260343546066045
2018-06-06 07:00:00,0.5025096818810512,0.0290981943782448,0.37199537,0.0,0.37199537,0.0,0.0290981943782448
2018-06-06 08:00:00,0.5787126556016596,0.0262050075593308,0.20970959,0.0,0.20970959,0.0,0.0262050075593308
2018-06-06 09:00:00,0.6261151452282157,0.0246086808052738,0.0,0.0,0.0,0.42728587,0.0246086808052738
2018-06-06 10:00:00,0.6467323651452281,0.0247356407085728,0.0,0.0,0.0,0.25249109,0.0247356407085728
2018-06-06 11:00:00,0.6460148686030429,0.0236267579441485,0.0,0.0,0.0,0.46695877,0.0236267579441485
2018-06-06 12:00:00,0.6337188796680497,0.022010377972283,0.0,0.0,0.0,0.36582498,0.022010377972283
2018-06-06 13:00:00,0.6422461964038726,0.0190716062256835,0.0,0.0,0.0,0.17942804,0.0190716062256835
2018-06-06 14:00:00,0.6109381051175656,0.0165216794460717,0.0,0.0,0.0,0.0,0.0165216794460717
2018-06-06 15:00:00,0.6047973720608574,0.0176444313728645,0.17954321,0.0,0.17954321,0.0,0.0176444313728645
2018-06-06 16:00:00,0.6190235131396956,0.021696409188866,0.65120703,0.0,0.65120703,0.0,0.021696409188866
2018-06-06 17:00:00,0.6829578146611341,0.0267797823095143,0.73432227,0.0,0.73432227,0.0,0.0267797823095143
2018-06-06 18:00:00,0.7186486860304288,0.0285465579563026,0.75170954,0.0,0.75170954,0.0,0.0285465579563026
2018-06-06 19:00:00,0.7343222683264176,0.0263055814676895,0.77326245,0.0,0.77326245,0.0,0.0263055814676895
2018-06-06 20:00:00,0.7517095435684648,0.023723534261415,0.76260615,0.0,0.76260615,0.0,0.023723534261415
2018-06-06 21:00:00,0.7732624481327801,0.0225198811932343,0.58191459,0.0,0.58191459,0.0,0.0225198811932343
2018-06-06 22:00:00,0.7626061549100969,0.0208696134276309,0.46369467,0.0,0.46369467,0.0,0.0208696134276309
2018-06-06 23:00:00,0.5819145919778699,0.0161738989590845,0.42274516,0.0,0.42274516,0.0,0.0161738989590845
2018-06-07 00:00:00,0.4636946749654218,0.0120987966494179,0.40786584,0.0,0.40786584,0.0,0.0120987966494179
2018-06-07 01:00:00,0.4227451590594744,0.0103565082020239,0.397824,0.0,0.397824,0.0,0.0103565082020239
2018-06-07 02:00:00,0.4078658367911479,0.0107543629365856,0.39890941,0.0,0.39890941,0.0,0.0107543629365856
2018-06-07 03:00:00,0.3978239972337483,0.0124996050659403,0.37346423,0.0,0.37346423,0.0,0.0124996050659403
2018-06-07 04:00:00,0.3989094052558783,0.0164582755845896,0.33488999,0.0,0.33488999,0.0,0.0164582755845896
2018-06-07 05:00:00,0.4121528354080221,0.0228343756905365,0.31433065,0.0,0.31433065,0.0,0.0228343756905365
2018-06-07 06:00:00,0.4390573997233749,0.0310582701785546,0.21962889,0.0,0.21962889,0.0,0.0310582701785546
2018-06-07 07:00:00,0.5041760027662517,0.0332715948085298,0.0,0.0,0.0,0.2955789,0.0332715948085298
2018-06-07 08:00:00,0.5661614799446749,0.0300966703094689,0.0,0.0,0.0,0.48788161,0.0300966703094689
2018-06-07 09:00:00,0.6224802904564314,0.0262779226917636,0.0,0.0,0.0,0.53219206,0.0262779226917636
2018-06-07 10:00:00,0.6434702627939142,0.0233721498673982,0.0,0.0,0.0,0.24611467,0.0233721498673982
2018-06-07 11:00:00,0.6463966113416322,0.0220602723703703,0.0,0.0,0.0,0.46959355,0.0220602723703703
2018-06-07 12:00:00,0.634058091286307,0.021003366107711,0.0,0.0,0.0,0.36617575,0.021003366107711
2018-06-07 13:00:00,0.6263869294605807,0.0186828131383552,0.0,0.0,0.0,0.18329747,0.0186828131383552
2018-06-07 14:00:00,0.5980826417704012,0.0168100992263921,0.0,0.0,0.0,0.0,0.0168100992263921
2018-06-07 15:00:00,0.5947455048409404,0.0181822539707423,0.16937292,0.0,0.16937292,0.0,0.0181822539707423
2018-06-07 16:00:00,0.6205169432918396,0.0213842216070999,0.66226757,0.0,0.66226757,0.0,0.0213842216070999
2018-06-07 17:00:00,0.6729986168741355,0.02653721723111,0.73839661,0.0,0.73839661,0.0,0.02653721723111
2018-06-07 18:00:00,0.7329958506224066,0.0276022789762797,0.75170505,0.0,0.75170505,0.0,0.0276022789762797
2018-06-07 19:00:00,0.738396611341632,0.0256293646895079,0.78515871,0.0,0.78515871,0.0,0.0256293646895079
2018-06-07 20:00:00,0.7517050484094051,0.0244081693790493,0.76445021,0.0,0.76445021,0.0,0.0244081693790493
2018-06-07 21:00:00,0.785158713692946,0.0224308556971321,0.59826798,0.0,0.59826798,0.0,0.0224308556971321
2018-06-07 22:00:00,0.7644502074688797,0.0202209032450397,0.46323859,0.0,0.46323859,0.0,0.0202209032450397
2018-06-07 23:00:00,0.5982679806362378,0.015254670937425,0.42063728,0.0,0.42063728,0.0,0.015254670937425
2018-06-08 00:00:00,0.4632385892116182,0.011481954412479,0.40943949,0.0,0.40943949,0.0,0.011481954412479
2018-06-08 01:00:00,0.420637275242047,0.0090523607742964,0.399713,0.0,0.399713,0.0,0.0090523607742964
2018-06-08 02:00:00,0.4094394882434302,0.008658324382691,0.39994225,0.0,0.39994225,0.0,0.008658324382691
2018-06-08 03:00:00,0.3997130013831259,0.0101302195022,0.28928061,0.0,0.28928061,0.0,0.0101302195022
2018-06-08 04:00:00,0.3999422544951591,0.0136209251141245,0.078739215,0.0,0.078739215,0.0,0.0136209251141245
2018-06-08 05:00:00,0.4139246196403872,0.0198666274246539,0.0,0.0,0.0,0.11175099,0.0198666274246539
2018-06-08 06:00:00,0.4481251728907331,0.0282030454359889,0.0,0.0,0.0,0.26585327,0.0282030454359889
2018-06-08 07:00:00,0.5075006915629322,0.027866775316175,0.0,0.0,0.0,0.37113191,0.027866775316175
2018-06-08 08:00:00,0.5683513139695711,0.0233388327499176,0.0,0.0,0.0,0.46696654,0.0233388327499176
2018-06-08 09:00:00,0.6301552558782848,0.021007575277437,0.0,0.0,0.0,0.52054513,0.021007575277437
2018-06-08 10:00:00,0.6468319502074689,0.0207407962325135,0.0,0.0,0.0,0.22953344,0.0207407962325135
2018-06-08 11:00:00,0.6445214384508992,0.0217800011552722,0.0,0.0,0.0,0.46261661,0.0217800011552722
2018-06-08 12:00:00,0.6380819502074689,0.0209945188964044,0.0,0.0,0.0,0.35405626,0.0209945188964044
2018-06-08 13:00:00,0.6236313969571229,0.0184704939015755,0.0,0.0,0.0,0.18262951,0.0184704939015755
2018-06-08 14:00:00,0.6040452973720608,0.0163659816699245,0.0,0.0,0.0,0.0,0.0163659816699245
2018-06-08 15:00:00,0.5929771784232364,0.0176665355665549,0.15380064,0.0,0.15380064,0.0,0.0176665355665549
2018-06-08 16:00:00,0.6221234439834025,0.0210552699779518,0.64126493,0.0,0.64126493,0.0,0.0210552699779518
2018-06-08 17:00:00,0.6614035269709544,0.0261487285044522,0.73092151,0.0,0.73092151,0.0,0.0261487285044522
2018-06-08 18:00:00,0.7151545643153526,0.0267994377832652,0.75288728,0.0,0.75288728,0.0,0.0267994377832652
2018-06-08 19:00:00,0.7309215076071921,0.0254770045048035,0.78207884,0.0,0.78207884,0.0,0.0254770045048035
2018-06-08 20:00:00,0.7528872752420469,0.0238993475109625,0.76475346,0.0,0.76475346,0.0,0.0238993475109625
2018-06-08 21:00:00,0.7820788381742738,0.0223822029522345,0.59130083,0.0,0.59130083,0.0,0.0223822029522345
2018-06-08 22:00:00,0.7647534578146611,0.0200655720851547,0.45852974,0.0,0.45852974,0.0,0.0200655720851547
2018-06-08 23:00:00,0.5913008298755186,0.0150486291394727,0.42086203,0.0,0.42086203,0.0,0.0150486291394727
2018-06-09 00:00:00,0.4585297372060857,0.0107596235340825,0.41170643,0.0,0.41170643,0.0,0.0107596235340825
2018-06-09 01:00:00,0.4208620331950208,0.0072795670869793,0.40158645,0.0,0.40158645,0.0,0.0072795670869793
2018-06-09 02:00:00,0.4117064315352697,0.0066520583919989,0.40030256,0.0,0.40030256,0.0,0.0066520583919989
2018-06-09 03:00:00,0.4015864453665283,0.0070008799308246,0.28425958,0.0,0.28425958,0.0,0.0070008799308246
2018-06-09 04:00:00,0.4003025587828492,0.0083084202882988,0.061671166,0.0,0.061671166,0.0,0.0083084202882988
2018-06-09 05:00:00,0.4149602351313969,0.0107142737941876,0.0,0.0,0.0,0.15039817,0.0107142737941876
2018-06-09 06:00:00,0.4385262793914247,0.014825771414479,0.0,0.0,0.0,0.30537776,0.014825771414479
2018-06-09 07:00:00,0.474070193637621,0.0190429479016467,0.0,0.0,0.0,0.38739543,0.0190429479016467
2018-06-09 08:00:00,0.5326137621023512,0.0220324129930936,0.0,0.0,0.0,0.44780651,0.0220324129930936
2018-06-09 09:00:00,0.6213800138312585,0.0231032472150695,0.0,0.0,0.0,0.49933766,0.0231032472150695
2018-06-09 10:00:00,0.6779069847856155,0.0222306693834419,0.0,0.0,0.0,0.21445133,0.0222306693834419
2018-06-09 11:00:00,0.6788046334716459,0.0228137967588425,0.0,0.0,0.0,0.43143553,0.0228137967588425
2018-06-09 12:00:00,0.6672268326417704,0.0232056196182991,0.0,0.0,0.0,0.33280039,0.0232056196182991
2018-06-09 13:00:00,0.6681051175656982,0.021480821533523,0.0,0.0,0.0,0.1491167,0.021480821533523
2018-06-09 14:00:00,0.6390988934993084,0.0204409041301042,0.0,0.0,0.0,0.0,0.0204409041301042
2018-06-09 15:00:00,0.6387268326417702,0.0200874410910541,0.2121221,0.0,0.2121221,0.0,0.0200874410910541
2018-06-09 16:00:00,0.6476718533886583,0.0224809541552147,0.68402834,0.0,0.68402834,0.0,0.0224809541552147
2018-06-09 17:00:00,0.7112859612724758,0.026425852353527,0.74421196,0.0,0.74421196,0.0,0.026425852353527
2018-06-09 18:00:00,0.760725795297372,0.0279816334241803,0.76430671,0.0,0.76430671,0.0,0.0279816334241803
2018-06-09 19:00:00,0.7442119640387275,0.0262839891533087,0.77292808,0.0,0.77292808,0.0,0.0262839891533087
2018-06-09 20:00:00,0.7643067081604425,0.0237838703056845,0.78898928,0.0,0.78898928,0.0,0.0237838703056845
2018-06-09 21:00:00,0.7729280774550483,0.0219612998141756,0.60192669,0.0,0.60192669,0.0,0.0219612998141756
2018-06-09 22:00:00,0.7889892807745505,0.0191364627176378,0.45948686,0.0,0.45948686,0.0,0.0191364627176378
2018-06-09 23:00:00,0.6019266943291839,0.0155593048407338,0.41449066,0.0,0.41449066,0.0,0.0155593048407338
2018-06-10 00:00:00,0.4594868603042877,0.0105702489414806,0.40794467,0.0,0.40794467,0.0,0.0105702489414806
2018-06-10 01:00:00,0.4144906639004149,0.0076597481507918,0.39957296,0.0,0.39957296,0.0,0.0076597481507918
2018-06-10 02:00:00,0.4079446749654218,0.0066866309972449,0.40003112,0.0,0.40003112,0.0,0.0066866309972449
2018-06-10 03:00:00,0.3995729598893499,0.0068883944525911,0.28563425,0.0,0.28563425,0.0,0.0068883944525911
2018-06-10 04:00:00,0.4000311203319502,0.0081454801116528,0.052408195,0.0,0.052408195,0.0,0.0081454801116528
2018-06-10 05:00:00,0.416813969571231,0.0102276218340268,0.0,0.0,0.0,0.16812339,0.0102276218340268
2018-06-10 06:00:00,0.4346459197786999,0.0145469147847693,0.0,0.0,0.0,0.32415435,0.0145469147847693
2018-06-10 07:00:00,0.4662109266943292,0.01880587860853,0.0,0.0,0.0,0.38487087,0.01880587860853
2018-06-10 08:00:00,0.5260152143845089,0.0223626685310228,0.0,0.0,0.0,0.44021799,0.0223626685310228
2018-06-10 09:00:00,0.6310328492392807,0.0233399879370079,0.0,0.0,0.0,0.48803042,0.0233399879370079
2018-06-10 10:00:00,0.6834747579529737,0.022459863344211,0.0,0.0,0.0,0.20482157,0.022459863344211
2018-06-10 11:00:00,0.6819024896265561,0.0219546903455254,0.0,0.0,0.0,0.40961188,0.0219546903455254
2018-06-10 12:00:00,0.662899723374827,0.0238220606525361,0.0,0.0,0.0,0.30194578,0.0238220606525361
2018-06-10 13:00:00,0.6717534578146609,0.0225615751464397,0.0,0.0,0.0,0.14044997,0.0225615751464397
2018-06-10 14:00:00,0.650899377593361,0.0202225253490675,0.0,0.0,0.0,0.0,0.0202225253490675
2018-06-10 15:00:00,0.6307589903181189,0.0197796044834176,0.26756612,0.0,0.26756612,0.0,0.0197796044834176
2018-06-10 16:00:00,0.672542876901798,0.0216384665262322,0.66020328,0.0,0.66020328,0.0,0.0216384665262322
2018-06-10 17:00:00,0.723234785615491,0.0257856884802158,0.73926072,0.0,0.73926072,0.0,0.0257856884802158
2018-06-10 18:00:00,0.7368236514522821,0.0273358215852462,0.76526245,0.0,0.76526245,0.0,0.0273358215852462
2018-06-10 19:00:00,0.7392607192254494,0.02617446081568,0.77920332,0.0,0.77920332,0.0,0.02617446081568
2018-06-10 20:00:00,0.76526244813278,0.0239304061339227,0.78761929,0.0,0.78761929,0.0,0.0239304061339227
2018-06-10 21:00:00,0.7792033195020747,0.0226165157060973,0.61672407,0.0,0.61672407,0.0,0.0226165157060973
2018-06-10 22:00:00,0.787619294605809,0.0197264139976153,0.46683956,0.0,0.46683956,0.0,0.0197264139976153
2018-06-10 23:00:00,0.6167240663900414,0.0157703893416122,0.42276867,0.0,0.42276867,0.0,0.0157703893416122
2018-06-11 00:00:00,0.4668395573997234,0.010205652527452,0.41027835,0.0,0.41027835,0.0,0.010205652527452
2018-06-11 01:00:00,0.4227686721991702,0.0074662128094792,0.40390318,0.0,0.40390318,0.0,0.0074662128094792
2018-06-11 02:00:00,0.4102783540802213,0.006441475394498,0.40209094,0.0,0.40209094,0.0,0.006441475394498
2018-06-11 03:00:00,0.4039031811894882,0.006672986646735,0.29021201,0.0,0.29021201,0.0,0.006672986646735
2018-06-11 04:00:00,0.4020909405255878,0.0087520605518967,0.071346539,0.0,0.071346539,0.0,0.0087520605518967
2018-06-11 05:00:00,0.4182399723374828,0.0134736422187859,0.0,0.0,0.0,0.10274234,0.0134736422187859
2018-06-11 06:00:00,0.4426476486860304,0.0224586666533929,0.0,0.0,0.0,0.25729983,0.0224586666533929
2018-06-11 07:00:00,0.5123554633471645,0.0245836194709785,0.0,0.0,0.0,0.37898938,0.0245836194709785
2018-06-11 08:00:00,0.5681549100968187,0.0217072312858863,0.0,0.0,0.0,0.45793686,0.0217072312858863
2018-06-11 09:00:00,0.6136338174273858,0.0210013600942011,0.0,0.0,0.0,0.49992204,0.0210013600942011
2018-06-11 10:00:00,0.64642704011065,0.0211534297528111,0.0,0.0,0.0,0.22054938,0.0211534297528111
2018-06-11 11:00:00,0.6536410788381742,0.0211616509495566,0.0,0.0,0.0,0.44001469,0.0211616509495566
2018-06-11 12:00:00,0.6385573997233748,0.0204567205090348,0.0,0.0,0.0,0.36392765,0.0204567205090348
2018-06-11 13:00:00,0.6394778699861685,0.0176109897442005,0.0,0.0,0.0,0.18310411,0.0176109897442005
2018-06-11 14:00:00,0.5888502766251729,0.0165475881481425,0.0,0.0,0.0,0.0,0.0165475881481425
2018-06-11 15:00:00,0.589658713692946,0.0177512758027629,0.17952788,0.0,0.17952788,0.0,0.0177512758027629
2018-06-11 16:00:00,0.6285625864453666,0.0207500100600822,0.64902044,0.0,0.64902044,0.0,0.0207500100600822
2018-06-11 17:00:00,0.6852980636237898,0.0258940097510945,0.73726763,0.0,0.73726763,0.0,0.0258940097510945
2018-06-11 18:00:00,0.7278495850622406,0.0269694128417709,0.75232538,0.0,0.75232538,0.0,0.0269694128417709
2018-06-11 19:00:00,0.7372676348547716,0.0250944611871512,0.78076556,0.0,0.78076556,0.0,0.0250944611871512
2018-06-11 20:00:00,0.7523253803596127,0.0232756087379229,0.77137102,0.0,0.77137102,0.0,0.0232756087379229
2018-06-11 21:00:00,0.7807655601659751,0.0223254085594028,0.5769509,0.0,0.5769509,0.0,0.0223254085594028
2018-06-11 22:00:00,0.7713710235131397,0.0201265030161892,0.45664765,0.0,0.45664765,0.0,0.0201265030161892
2018-06-11 23:00:00,0.5769508990318118,0.0152492616182368,0.42135028,0.0,0.42135028,0.0,0.0152492616182368
2018-06-12 00:00:00,0.4566476486860304,0.0105606269939222,0.40808195,0.0,0.40808195,0.0,0.0105606269939222
2018-06-12 01:00:00,0.4213502766251729,0.0071532954538328,0.40123237,0.0,0.40123237,0.0,0.0071532954538328
2018-06-12 02:00:00,0.4080819502074689,0.0064154871436158,0.40254288,0.0,0.40254288,0.0,0.0064154871436158
2018-06-12 03:00:00,0.4012323651452282,0.0063632719954163,0.28101706,0.0,0.28101706,0.0,0.0063632719954163
2018-06-12 04:00:00,0.4025428769017981,0.0087860832327498,0.063973481,0.0,0.063973481,0.0,0.0087860832327498
2018-06-12 05:00:00,0.4122192254495159,0.0132455861518868,0.0,0.0,0.0,0.11539658,0.0132455861518868
2018-06-12 06:00:00,0.4383710235131397,0.0211602951611153,0.0,0.0,0.0,0.27105983,0.0211602951611153
2018-06-12 07:00:00,0.5032251037344398,0.0231784727216824,0.0,0.0,0.0,0.36822601,0.0231784727216824
2018-06-12 08:00:00,0.560466804979253,0.0214209558648348,0.0,0.0,0.0,0.45756635,0.0214209558648348
2018-06-12 09:00:00,0.6303526970954356,0.0200543626200084,0.0,0.0,0.0,0.51108003,0.0200543626200084
2018-06-12 10:00:00,0.6546874135546334,0.0210112691092104,0.0,0.0,0.0,0.22663042,0.0210112691092104
2018-06-12 11:00:00,0.6542652143845091,0.0211594270414761,0.0,0.0,0.0,0.45832611,0.0211594270414761
2018-06-12 12:00:00,0.6452586445366527,0.0203811698898875,0.0,0.0,0.0,0.36228856,0.0203811698898875
2018-06-12 13:00:00,0.6341144536652834,0.0183036074121459,0.0,0.0,0.0,0.19439555,0.0183036074121459
2018-06-12 14:00:00,0.6062161134163208,0.0164649403915434,0.0,0.0,0.0,0.0,0.0164649403915434
2018-06-12 15:00:00,0.5937334024896265,0.0171484134048,0.1424868,0.0,0.1424868,0.0,0.0171484134048
2018-06-12 16:00:00,0.6194398340248962,0.0214441599073115,0.63871153,0.0,0.63871153,0.0,0.0214441599073115
2018-06-12 17:00:00,0.6854502074688797,0.0262194923603284,0.718213,0.0,0.718213,0.0,0.0262194923603284
2018-06-12 18:00:00,0.7227593360995851,0.0270910325987613,0.74548651,0.0,0.74548651,0.0,0.0270910325987613
2018-06-12 19:00:00,0.7182130013831257,0.0248306150723244,0.77094571,0.0,0.77094571,0.0,0.0248306150723244
2018-06-12 20:00:00,0.7454865145228214,0.0225382811792196,0.76138347,0.0,0.76138347,0.0,0.0225382811792196
2018-06-12 21:00:00,0.7709457123098201,0.0225208357789734,0.58537275,0.0,0.58537275,0.0,0.0225208357789734
2018-06-12 22:00:00,0.7613834716459199,0.019755615328757,0.46611307,0.0,0.46611307,0.0,0.019755615328757
2018-06-12 23:00:00,0.5853727524204702,0.0148557336472968,0.4244222,0.0,0.4244222,0.0,0.0148557336472968
2018-06-13 00:00:00,0.4661130705394191,0.0106027567362692,0.41551763,0.0,0.41551763,0.0,0.0106027567362692
2018-06-13 01:00:00,0.4244221991701246,0.0073110960855211,0.39972649,0.0,0.39972649,0.0,0.0073110960855211
2018-06-13 02:00:00,0.4155176348547718,0.006578731680932,0.39870851,0.0,0.39870851,0.0,0.006578731680932
2018-06-13 03:00:00,0.3997264868603043,0.0069362032883572,0.28789309,0.0,0.28789309,0.0,0.0069362032883572
2018-06-13 04:00:00,0.3987085062240664,0.0092781237602347,0.1938616,0.0,0.1938616,0.0,0.0092781237602347
2018-06-13 05:00:00,0.4178533886583679,0.0151306266710028,0.0,0.0,0.0,0.044141062,0.0151306266710028
2018-06-13 06:00:00,0.4438890041493776,0.0237520369464721,0.0,0.0,0.0,0.26208088,0.0237520369464721
2018-06-13 07:00:00,0.5065221300138313,0.0249445600983182,0.0,0.0,0.0,0.37818798,0.0249445600983182
2018-06-13 08:00:00,0.5692662517289073,0.022357584324369,0.0,0.0,0.0,0.47814677,0.022357584324369
2018-06-13 09:00:00,0.6195107192254494,0.0206785890618493,0.0,0.0,0.0,0.51630792,0.0206785890618493
2018-06-13 10:00:00,0.6314522821576763,0.0213577007250442,0.0,0.0,0.0,0.24283464,0.0213577007250442
2018-06-13 11:00:00,0.6455781466113417,0.0213087159503244,0.0,0.0,0.0,0.47767913,0.0213087159503244
2018-06-13 12:00:00,0.633969571230982,0.0210756379323631,0.0,0.0,0.0,0.38778188,0.0210756379323631
2018-06-13 13:00:00,0.6316604426002764,0.0178948510317524,0.0,0.0,0.0,0.19648731,0.0178948510317524
2018-06-13 14:00:00,0.5964996542185338,0.0165639994138381,0.0,0.0,0.0,0.0,0.0165639994138381
2018-06-13 15:00:00,0.6059159751037343,0.0179170693606941,0.13307109,0.0,0.13307109,0.0,0.0179170693606941
2018-06-13 16:00:00,0.6308523513139696,0.0202979410810995,0.64419866,0.0,0.64419866,0.0,0.0202979410810995
2018-06-13 17:00:00,0.6801635546334717,0.0256255809329913,0.73956535,0.0,0.73956535,0.0,0.0256255809329913
2018-06-13 18:00:00,0.7308143153526971,0.0271647086328704,0.7634343,0.0,0.7634343,0.0,0.0271647086328704
2018-06-13 19:00:00,0.7395653526970953,0.0250329734144355,0.77933645,0.0,0.77933645,0.0,0.0250329734144355
2018-06-13 20:00:00,0.7634343015214383,0.0229463527481046,0.76660201,0.0,0.76660201,0.0,0.0229463527481046
2018-06-13 21:00:00,0.7793364453665284,0.0222840777638152,0.58391598,0.0,0.58391598,0.0,0.0222840777638152
2018-06-13 22:00:00,0.7666020055325035,0.0193930318455263,0.4542832,0.0,0.4542832,0.0,0.0193930318455263
2018-06-13 23:00:00,0.5839159751037344,0.0147902995617975,0.42071508,0.0,0.42071508,0.0,0.0147902995617975
2018-06-14 00:00:00,0.4542831950207469,0.010246312346107,0.40837137,0.0,0.40837137,0.0,0.010246312346107
2018-06-14 01:00:00,0.4207150760719226,0.0080657618265073,0.39723686,0.0,0.39723686,0.0,0.0080657618265073
2018-06-14 02:00:00,0.4083713692946059,0.0069103326313703,0.39937483,0.0,0.39937483,0.0,0.0069103326313703
2018-06-14 03:00:00,0.3972368603042877,0.0073284584783115,0.27984573,0.0,0.27984573,0.0,0.0073284584783115
2018-06-14 04:00:00,0.3993748271092669,0.0098820306686804,0.070389133,0.0,0.070389133,0.0,0.0098820306686804
2018-06-14 05:00:00,0.4153101659751038,0.0151854876818486,0.0,0.0,0.0,0.12431392,0.0151854876818486
2018-06-14 06:00:00,0.4409246196403872,0.022958675896613,0.0,0.0,0.0,0.27570054,0.022958675896613
2018-06-14 07:00:00,0.5064744121715076,0.0249118828299742,0.0,0.0,0.0,0.39629347,0.0249118828299742
2018-06-14 08:00:00,0.5713986860304288,0.0213179885748405,0.0,0.0,0.0,0.46921016,0.0213179885748405
2018-06-14 09:00:00,0.6168603042876901,0.0196037843165821,0.0,0.0,0.0,0.54271821,0.0196037843165821
2018-06-14 10:00:00,0.6471386583679115,0.02096777320249,0.0,0.0,0.0,0.23666172,0.02096777320249
2018-06-14 11:00:00,0.633527316735823,0.0210749185344148,0.0,0.0,0.0,0.44176981,0.0210749185344148
2018-06-14 12:00:00,0.6406898340248962,0.020738354429862,0.0,0.0,0.0,0.27280345,0.020738354429862
2018-06-14 13:00:00,0.6261663208852004,0.017721700938071,0.0,0.0,0.0,0.19106394,0.017721700938071
2018-06-14 14:00:00,0.5971538727524204,0.0151885831682128,0.0,0.0,0.0,0.0,0.0151885831682128
2018-06-14 15:00:00,0.5791137621023513,0.0167313631961372,0.16530677,0.0,0.16530677,0.0,0.0167313631961372
2018-06-14 16:00:00,0.6086244813278008,0.0205646129080598,0.64047212,0.0,0.64047212,0.0,0.0205646129080598
2018-06-14 17:00:00,0.6586144536652836,0.0258152910140595,0.73515802,0.0,0.73515802,0.0,0.0258152910140595
2018-06-14 18:00:00,0.7179910096818809,0.0274617058502667,0.74855325,0.0,0.74855325,0.0,0.0274617058502667
2018-06-14 19:00:00,0.7351580221300138,0.0247100778709003,0.76414177,0.0,0.76414177,0.0,0.0247100778709003
2018-06-14 20:00:00,0.7485532503457814,0.0231323586214679,0.76611653,0.0,0.76611653,0.0,0.0231323586214679
2018-06-14 21:00:00,0.7641417704011064,0.0219287332224389,0.58380325,0.0,0.58380325,0.0,0.0219287332224389
2018-06-14 22:00:00,0.7661165283540802,0.0193572072111583,0.45992047,0.0,0.45992047,0.0,0.0193572072111583
2018-06-14 23:00:00,0.5838032503457813,0.014924571038475,0.41701003,0.0,0.41701003,0.0,0.014924571038475
2018-06-15 00:00:00,0.4599204702627939,0.0098880348746338,0.40634129,0.0,0.40634129,0.0,0.0098880348746338
2018-06-15 01:00:00,0.4170100276625172,0.0076658007777606,0.40264004,0.0,0.40264004,0.0,0.0076658007777606
2018-06-15 02:00:00,0.4063412863070539,0.0068404438124218,0.40199205,0.0,0.40199205,0.0,0.0068404438124218
2018-06-15 03:00:00,0.4026400414937759,0.0069534792150485,0.30269169,0.0,0.30269169,0.0,0.0069534792150485
2018-06-15 04:00:00,0.4019920470262794,0.0092246842520658,0.1392141,0.0,0.1392141,0.0,0.0092246842520658
2018-06-15 05:00:00,0.4135905947441217,0.0145905836236886,0.078437856,0.0,0.078437856,0.0,0.0145905836236886
2018-06-15 06:00:00,0.4387679806362379,0.0215349527704883,0.16752445,0.0,0.16752445,0.0,0.0215349527704883
2018-06-15 07:00:00,0.5040148686030428,0.0242217415511201,0.0,0.0,0.0,0.22952075,0.0242217415511201
2018-06-15 08:00:00,0.5713810511756569,0.0220223483391054,0.0,0.0,0.0,0.4279059,0.0220223483391054
2018-06-15 09:00:00,0.6312707468879667,0.0202451483393549,0.0,0.0,0.0,0.49957619,0.0202451483393549
2018-06-15 10:00:00,0.6555560165975103,0.0208510820131742,0.0,0.0,0.0,0.23499792,0.0208510820131742
2018-06-15 11:00:00,0.6582036652835408,0.0203516641980751,0.0,0.0,0.0,0.44796051,0.0203516641980751
2018-06-15 12:00:00,0.6306939834024895,0.02018352222088,0.0,0.0,0.0,0.36567241,0.02018352222088
2018-06-15 13:00:00,0.6402098893499306,0.0182774116426247,0.0,0.0,0.0,0.19929643,0.0182774116426247
2018-06-15 14:00:00,0.5981884508990317,0.0162369119937965,0.0,0.0,0.0,0.0,0.0162369119937965
2018-06-15 15:00:00,0.5839273858921161,0.0179366279924135,0.13726734,0.0,0.13726734,0.0,0.0179366279924135
2018-06-15 16:00:00,0.6103855463347164,0.0210977352087655,0.63335778,0.0,0.63335778,0.0,0.0210977352087655
2018-06-15 17:00:00,0.6799343015214383,0.0265704444238472,0.73186549,0.0,0.73186549,0.0,0.0265704444238472
2018-06-15 18:00:00,0.7156597510373444,0.0269077210090603,0.76971577,0.0,0.76971577,0.0,0.0269077210090603
2018-06-15 19:00:00,0.7318654910096818,0.025897790048967,0.79837656,0.0,0.79837656,0.0,0.025897790048967
2018-06-15 20:00:00,0.7697157676348546,0.0238963903703579,0.7717296,0.0,0.7717296,0.0,0.0238963903703579
2018-06-15 21:00:00,0.7983765560165974,0.0217981970812625,0.59746127,0.0,0.59746127,0.0,0.0217981970812625
2018-06-15 22:00:00,0.7717295988934992,0.0192468003779582,0.4574343,0.0,0.4574343,0.0,0.0192468003779582
2018-06-15 23:00:00,0.5974612724757952,0.0150389691468304,0.42000104,0.0,0.42000104,0.0,0.0150389691468304
2018-06-16 00:00:00,0.4574343015214384,0.0105852214112796,0.41228907,0.0,0.41228907,0.0,0.0105852214112796
2018-06-16 01:00:00,0.4200010373443983,0.0078390407961852,0.39966044,0.0,0.39966044,0.0,0.0078390407961852
2018-06-16 02:00:00,0.4122890733056708,0.0067874988903421,0.40033022,0.0,0.40033022,0.0,0.0067874988903421
2018-06-16 03:00:00,0.3996604426002766,0.0067190004462744,0.40468318,0.0,0.40468318,0.0,0.0067190004462744
2018-06-16 04:00:00,0.4003302213001383,0.0075765781389511,0.39666439,0.0,0.39666439,0.0,0.0075765781389511
2018-06-16 05:00:00,0.4153160442600276,0.0094004248700897,0.36968357,0.0,0.36968357,0.0,0.0094004248700897
2018-06-16 06:00:00,0.434923582295989,0.0131954358141449,0.29855051,0.0,0.29855051,0.0,0.0131954358141449
2018-06-16 07:00:00,0.4637174965421854,0.0185194890522274,0.32990571,0.0,0.32990571,0.0,0.0185194890522274
2018-06-16 08:00:00,0.5272150760719225,0.0234399565826695,0.36544054,0.0,0.36544054,0.0,0.0234399565826695
2018-06-16 09:00:00,0.6176735822959888,0.0242615436260674,0.047563346,0.0,0.047563346,0.0,0.0242615436260674
2018-06-16 10:00:00,0.6933876210235131,0.022692706174381,0.078517506,0.0,0.078517506,0.0,0.022692706174381
2018-06-16 11:00:00,0.7127351313969572,0.0224407093738373,0.091646934,0.0,0.091646934,0.0,0.0224407093738373
2018-06-16 12:00:00,0.6685529045643154,0.0234540747674049,0.0,0.0,0.0,0.012218251,0.0234540747674049
2018-06-16 13:00:00,0.6695850622406637,0.0210952934061142,0.17373264,0.0,0.17373264,0.0,0.0210952934061142
2018-06-16 14:00:00,0.6371192946058091,0.0200244315149863,0.10693356,0.0,0.10693356,0.0,0.0200244315149863
2018-06-16 15:00:00,0.6283367911479943,0.01978498267481,0.52008042,0.0,0.52008042,0.0,0.01978498267481
2018-06-16 16:00:00,0.6804688796680498,0.0213435756230209,0.694705,0.0,0.694705,0.0,0.0213435756230209
2018-06-16 17:00:00,0.7051728907330568,0.0260747654028928,0.74154668,0.0,0.74154668,0.0,0.0260747654028928
2018-06-16 18:00:00,0.7371040802213001,0.0276375467689662,0.76297441,0.0,0.76297441,0.0,0.0276375467689662
2018-06-16 19:00:00,0.7415466804979253,0.0263062074822502,0.80658748,0.0,0.80658748,0.0,0.0263062074822502
2018-06-16 20:00:00,0.7629744121715075,0.0240163292263728,0.79551936,0.0,0.79551936,0.0,0.0240163292263728
2018-06-16 21:00:00,0.8065874827109265,0.0230370764384021,0.5993112,0.0,0.5993112,0.0,0.0230370764384021
2018-06-16 22:00:00,0.7955193637621024,0.0206134904648163,0.46106846,0.0,0.46106846,0.0,0.0206134904648163
2018-06-16 23:00:00,0.5993112033195019,0.0164235092952804,0.42570989,0.0,0.42570989,0.0,0.0164235092952804
2018-06-17 00:00:00,0.4610684647302904,0.0120018923623244,0.4120332,0.0,0.4120332,0.0,0.0120018923623244
2018-06-17 01:00:00,0.4257098893499308,0.0090911771357084,0.40115456,0.0,0.40115456,0.0,0.0090911771357084
2018-06-17 02:00:00,0.4120331950207469,0.008089488124225,0.40472822,0.0,0.40472822,0.0,0.008089488124225
2018-06-17 03:00:00,0.4011545643153527,0.0087410343948816,0.39965125,0.0,0.39965125,0.0,0.0087410343948816
2018-06-17 04:00:00,0.4047282157676348,0.0098709249628535,0.38262932,0.0,0.38262932,0.0,0.0098709249628535
2018-06-17 05:00:00,0.4143340248962656,0.0125495444263992,0.36923959,0.0,0.36923959,0.0,0.0125495444263992
2018-06-17 06:00:00,0.4370636237897648,0.0171435367167847,0.41130803,0.0,0.41130803,0.0,0.0171435367167847
2018-06-17 07:00:00,0.4708243430152144,0.0231003073676846,0.45843712,0.0,0.45843712,0.0,0.0231003073676846
2018-06-17 08:00:00,0.5281912171507606,0.026948197519584,0.56621676,0.0,0.56621676,0.0,0.026948197519584
2018-06-17 09:00:00,0.6187067773167357,0.0267137533372497,0.34238749,0.0,0.34238749,0.0,0.0267137533372497
2018-06-17 10:00:00,0.6848298755186721,0.0258414210693448,0.35385919,0.0,0.35385919,0.0,0.0258414210693448
2018-06-17 11:00:00,0.6873862378976487,0.0248700885760933,0.0,0.0,0.0,0.0,0.0248700885760933
2018-06-17 12:00:00,0.6592130013831258,0.0257580020351379,0.0,0.0,0.0,0.023358055,0.0257580020351379
2018-06-17 13:00:00,0.6655850622406637,0.0224586977811888,0.25668842,0.0,0.25668842,0.0,0.0224586977811888
2018-06-17 14:00:00,0.6389519363762102,0.020250408936852,0.0,0.0,0.0,0.0,0.020250408936852
2018-06-17 15:00:00,0.635613070539419,0.0196638125415372,0.26902027,0.0,0.26902027,0.0,0.0196638125415372
2018-06-17 16:00:00,0.6511075380359612,0.0212328920983024,0.65070191,0.0,0.65070191,0.0,0.0212328920983024
2018-06-17 17:00:00,0.7039197786998617,0.0265615245810169,0.74876314,0.0,0.74876314,0.0,0.0265615245810169
2018-06-17 18:00:00,0.7379308437067773,0.0273429118054097,0.77285823,0.0,0.77285823,0.0,0.0273429118054097
2018-06-17 19:00:00,0.7487631396957123,0.0262019985390663,0.79051867,0.0,0.79051867,0.0,0.0262019985390663
2018-06-17 20:00:00,0.7728582295988934,0.0244580568598486,0.78319848,0.0,0.78319848,0.0,0.0244580568598486
2018-06-17 21:00:00,0.7905186721991702,0.0220679540186548,0.60850899,0.0,0.60850899,0.0,0.0220679540186548
2018-06-17 22:00:00,0.783198478561549,0.0196478578168473,0.46724239,0.0,0.46724239,0.0,0.0196478578168473
2018-06-17 23:00:00,0.6085089903181189,0.0161068808146413,0.42120367,0.0,0.42120367,0.0,0.0161068808146413
2018-06-18 00:00:00,0.4672423928077455,0.0114213313007587,0.40858437,0.0,0.40858437,0.0,0.0114213313007587
2018-06-18 01:00:00,0.4212036652835408,0.0096151201952855,0.40208022,0.0,0.40208022,0.0,0.0096151201952855
2018-06-18 02:00:00,0.4085843706777317,0.0091850032296579,0.40118396,0.0,0.40118396,0.0,0.0091850032296579
2018-06-18 03:00:00,0.4020802213001383,0.0100079737306487,0.29031459,0.0,0.29031459,0.0,0.0100079737306487
2018-06-18 04:00:00,0.4011839557399723,0.0128564748693125,0.17685187,0.0,0.17685187,0.0,0.0128564748693125
2018-06-18 05:00:00,0.4130888658367911,0.0193730685524607,0.015013868,0.0,0.015013868,0.0,0.0193730685524607
2018-06-18 06:00:00,0.4390307745504841,0.0280307288755075,0.0,0.0,0.0,0.1296416,0.0280307288755075
2018-06-18 07:00:00,0.5007244121715076,0.0280766008706433,0.0,0.0,0.0,0.27389326,0.0280766008706433
2018-06-18 08:00:00,0.5724377593360994,0.023953281605221,0.0,0.0,0.0,0.47906164,0.023953281605221
2018-06-18 09:00:00,0.6186023513139695,0.0209104703889925,0.0,0.0,0.0,0.54334418,0.0209104703889925
2018-06-18 10:00:00,0.6537455048409405,0.0213594784680512,0.0,0.0,0.0,0.26226114,0.0213594784680512
2018-06-18 11:00:00,0.6416535269709545,0.0213391589346557,0.0,0.0,0.0,0.48727907,0.0213391589346557
2018-06-18 12:00:00,0.628686030428769,0.0212585137329225,0.0,0.0,0.0,0.38482472,0.0212585137329225
2018-06-18 13:00:00,0.6252475795297371,0.0188742387068387,0.0,0.0,0.0,0.19479651,0.0188742387068387
2018-06-18 14:00:00,0.6001673582295989,0.0167888216486135,0.0,0.0,0.0,0.0,0.0167888216486135
2018-06-18 15:00:00,0.606545988934993,0.0175390430320826,0.10588104,0.0,0.10588104,0.0,0.0175390430320826
2018-06-18 16:00:00,0.6096777316735822,0.0214988514446024,0.61865292,0.0,0.61865292,0.0,0.0214988514446024
2018-06-18 17:00:00,0.6721867219917013,0.0260618196984675,0.71858852,0.0,0.71858852,0.0,0.0260618196984675
2018-06-18 18:00:00,0.7067275242047026,0.0275634072765636,0.75218776,0.0,0.75218776,0.0,0.0275634072765636
2018-06-18 19:00:00,0.7185885200553249,0.0255927584016002,0.76637725,0.0,0.76637725,0.0,0.0255927584016002
2018-06-18 20:00:00,0.7521877593360995,0.0231808315168786,0.7516103,0.0,0.7516103,0.0,0.0231808315168786
2018-06-18 21:00:00,0.7663772475795296,0.0225770006986005,0.57878147,0.0,0.57878147,0.0,0.0225770006986005
2018-06-18 22:00:00,0.7516103042876902,0.0201486833000474,0.45406259,0.0,0.45406259,0.0,0.0201486833000474
2018-06-18 23:00:00,0.5787814661134162,0.0154720570876387,0.42763209,0.0,0.42763209,0.0,0.0154720570876387
2018-06-19 00:00:00,0.4540625864453665,0.011406106349949,0.41030533,0.0,0.41030533,0.0,0.011406106349949
2018-06-19 01:00:00,0.4276320885200553,0.0087419647701128,0.40241459,0.0,0.40241459,0.0,0.0087419647701128
2018-06-19 02:00:00,0.4103053250345781,0.0084155725375117,0.40097165,0.0,0.40097165,0.0,0.0084155725375117
2018-06-19 03:00:00,0.4024145919778699,0.0096610233182173,0.32787679,0.0,0.32787679,0.0,0.0096610233182173
2018-06-19 04:00:00,0.4009716459197787,0.0126603005826414,0.27174915,0.0,0.27174915,0.0,0.0126603005826414
2018-06-19 05:00:00,0.4138212309820194,0.0182130843231994,0.0,0.0,0.0,0.057441272,0.0182130843231994
2018-06-19 06:00:00,0.4410726141078839,0.0271257643016303,0.0,0.0,0.0,0.26342021,0.0271257643016303
2018-06-19 07:00:00,0.5083329875518672,0.0293376708875729,0.0,0.0,0.0,0.3822706,0.0293376708875729
2018-06-19 08:00:00,0.5761462655601659,0.0245431360431669,0.0,0.0,0.0,0.45852206,0.0245431360431669
2018-06-19 09:00:00,0.6245670816044259,0.0214982323473292,0.0,0.0,0.0,0.52790497,0.0214982323473292
2018-06-19 10:00:00,0.661551867219917,0.0210839455952084,0.0,0.0,0.0,0.25027392,0.0210839455952084
2018-06-19 11:00:00,0.6438274550484094,0.0211124033178939,0.0,0.0,0.0,0.45388277,0.0211124033178939
2018-06-19 12:00:00,0.6275248962655601,0.0206989846854125,0.0,0.0,0.0,0.35845606,0.0206989846854125
2018-06-19 13:00:00,0.6466099585062239,0.0179030065142624,0.0,0.0,0.0,0.17947723,0.0179030065142624
2018-06-19 14:00:00,0.6172468879668048,0.0168403658198805,0.0,0.0,0.0,0.0,0.0168403658198805
2018-06-19 15:00:00,0.6154913554633471,0.0179529009123498,0.10721482,0.0,0.10721482,0.0,0.0179529009123498
2018-06-19 16:00:00,0.6147565698478561,0.0208959094978277,0.62737029,0.0,0.62737029,0.0,0.0208959094978277
2018-06-19 17:00:00,0.6677406639004149,0.0257608727096433,0.74578077,0.0,0.74578077,0.0,0.0257608727096433
2018-06-19 18:00:00,0.717634508990318,0.0277379684969897,0.76408921,0.0,0.76408921,0.0,0.0277379684969897
2018-06-19 19:00:00,0.7457807745504841,0.0251896396108977,0.78798133,0.0,0.78798133,0.0,0.0251896396108977
2018-06-19 20:00:00,0.7640892116182573,0.0236005725505595,0.77113036,0.0,0.77113036,0.0,0.0236005725505595
2018-06-19 21:00:00,0.7879813278008297,0.0225351407304838,0.59795643,0.0,0.59795643,0.0,0.0225351407304838
2018-06-19 22:00:00,0.7711303596127247,0.0195468965403626,0.45364419,0.0,0.45364419,0.0,0.0195468965403626
2018-06-19 23:00:00,0.5979564315352697,0.0157229851671919,0.42262863,0.0,0.42262863,0.0,0.0157229851671919
2018-06-20 00:00:00,0.4536441908713693,0.0109471062484259,0.41070021,0.0,0.41070021,0.0,0.0109471062484259
2018-06-20 01:00:00,0.4226286307053942,0.0084127779531742,0.40067082,0.0,0.40067082,0.0,0.0084127779531742
2018-06-20 02:00:00,0.4107002074688797,0.00798509587291,0.4042455,0.0,0.4042455,0.0,0.00798509587291
2018-06-20 03:00:00,0.4006708160442599,0.0091880295431424,0.2842927,0.0,0.2842927,0.0,0.0091880295431424
2018-06-20 04:00:00,0.4042455048409405,0.0118782665918243,0.27541529,0.0,0.27541529,0.0,0.0118782665918243
2018-06-20 05:00:00,0.4148191562932226,0.0173018146413428,0.015561065,0.0,0.015561065,0.0,0.0173018146413428
2018-06-20 06:00:00,0.4404405255878286,0.0259289143861629,0.0,0.0,0.0,0.25694221,0.0259289143861629
2018-06-20 07:00:00,0.4986912171507607,0.0275661084775136,0.0,0.0,0.0,0.37988842,0.0275661084775136
2018-06-20 08:00:00,0.5779920470262794,0.0236039274352219,0.0,0.0,0.0,0.47166599,0.0236039274352219
2018-06-20 09:00:00,0.623405947441217,0.0210868266456452,0.0,0.0,0.0,0.52483652,0.0210868266456452
2018-06-20 10:00:00,0.6439917012448133,0.020812801741579,0.0,0.0,0.0,0.24572876,0.020812801741579
2018-06-20 11:00:00,0.6432053941908714,0.0209549865956876,0.0,0.0,0.0,0.45898891,0.0209549865956876
2018-06-20 12:00:00,0.6313696403872752,0.0205237248189022,0.0,0.0,0.0,0.37006169,0.0205237248189022
2018-06-20 13:00:00,0.6410103734439833,0.0177938378756082,0.0,0.0,0.0,0.20501441,0.0177938378756082
2018-06-20 14:00:00,0.6044488243430152,0.0162456381525636,0.0,0.0,0.0,0.0,0.0162456381525636
2018-06-20 15:00:00,0.5889422544951589,0.0173496131011769,0.10702503,0.0,0.10702503,0.0,0.0173496131011769
2018-06-20 16:00:00,0.610930152143845,0.0209250589493097,0.6210488,0.0,0.6210488,0.0,0.0209250589493097
2018-06-20 17:00:00,0.6701265560165974,0.0258185352221148,0.73208057,0.0,0.73208057,0.0,0.0258185352221148
2018-06-20 18:00:00,0.7118800138312587,0.0259096739496898,0.76338555,0.0,0.76338555,0.0,0.0259096739496898
2018-06-20 19:00:00,0.7320805670816044,0.0248904357786407,0.78710235,0.0,0.78710235,0.0,0.0248904357786407
2018-06-20 20:00:00,0.7633855463347163,0.0227395638830523,0.75901556,0.0,0.75901556,0.0,0.0227395638830523
2018-06-20 21:00:00,0.7871023513139694,0.0219136016550168,0.5860529,0.0,0.5860529,0.0,0.0219136016550168
2018-06-20 22:00:00,0.7590155601659753,0.0193184634812696,0.45120228,0.0,0.45120228,0.0,0.0193184634812696
2018-06-20 23:00:00,0.5860529045643152,0.0155695078404814,0.41380844,0.0,0.41380844,0.0,0.0155695078404814
2018-06-21 00:00:00,0.4512022821576763,0.0103544710607185,0.40706501,0.0,0.40706501,0.0,0.0103544710607185
2018-06-21 01:00:00,0.4138084370677732,0.008047323795438,0.39946888,0.0,0.39946888,0.0,0.008047323795438
2018-06-21 02:00:00,0.4070650069156293,0.0067602067306786,0.40124378,0.0,0.40124378,0.0,0.0067602067306786
2018-06-21 03:00:00,0.3994688796680498,0.0069366632880069,0.29067528,0.0,0.29067528,0.0,0.0069366632880069
2018-06-21 04:00:00,0.40124377593361,0.0089418813095723,0.3555053,0.0,0.3555053,0.0,0.0089418813095723
2018-06-21 05:00:00,0.4174522821576763,0.0135724625946456,0.25320643,0.0,0.25320643,0.0,0.0135724625946456
2018-06-21 06:00:00,0.4464889349930844,0.0216174345121762,0.0,0.0,0.0,0.069302905,0.0216174345121762
2018-06-21 07:00:00,0.5123284923928076,0.0239771047449706,0.0,0.0,0.0,0.38512964,0.0239771047449706
2018-06-21 08:00:00,0.5709640387275241,0.0216100295554101,0.0,0.0,0.0,0.47430598,0.0216100295554101
2018-06-21 09:00:00,0.6211749654218534,0.020388837703596,0.0,0.0,0.0,0.53952347,0.020388837703596
2018-06-21 10:00:00,0.6508253803596127,0.0208920254406355,0.0,0.0,0.0,0.25202634,0.0208920254406355
2018-06-21 11:00:00,0.6403385200553251,0.0205960934855858,0.0,0.0,0.0,0.46231813,0.0205960934855858
2018-06-21 12:00:00,0.6356853388658368,0.0202394934564442,0.0,0.0,0.0,0.38062294,0.0202394934564442
2018-06-21 13:00:00,0.646497579529737,0.0174765660871878,0.0,0.0,0.0,0.20937498,0.0174765660871878
2018-06-21 14:00:00,0.6054678423236514,0.0168707949696359,0.0,0.0,0.0,0.0,0.0168707949696359
2018-06-21 15:00:00,0.5948962655601658,0.0169766190995594,0.10883315,0.0,0.10883315,0.0,0.0169766190995594
2018-06-21 16:00:00,0.6133686030428769,0.0204944750667446,0.62303509,0.0,0.62303509,0.0,0.0204944750667446
2018-06-21 17:00:00,0.6811168741355462,0.0258040850075572,0.72380083,0.0,0.72380083,0.0,0.0258040850075572
2018-06-21 18:00:00,0.7153706777316735,0.0273131709258067,0.75477732,0.0,0.75477732,0.0,0.0273131709258067
2018-06-21 19:00:00,0.7238008298755185,0.0254132789894315,0.77979011,0.0,0.77979011,0.0,0.0254132789894315
2018-06-21 20:00:00,0.7547773167358228,0.0232874303830543,0.77521957,0.0,0.77521957,0.0,0.0232874303830543
2018-06-21 21:00:00,0.7797901106500691,0.0219480843355195,0.58040975,0.0,0.58040975,0.0,0.0219480843355195
2018-06-21 22:00:00,0.7752195712309821,0.0200512532990683,0.44792842,0.0,0.44792842,0.0,0.0200512532990683
2018-06-21 23:00:00,0.5804097510373444,0.014781265583716,0.41605256,0.0,0.41605256,0.0,0.014781265583716
2018-06-22 00:00:00,0.4479284232365145,0.0102196807874438,0.40623375,0.0,0.40623375,0.0,0.0102196807874438
2018-06-22 01:00:00,0.4160525587828492,0.0076960950404007,0.39816183,0.0,0.39816183,0.0,0.0076960950404007
2018-06-22 02:00:00,0.4062337482710927,0.0064519135820365,0.39922337,0.0,0.39922337,0.0,0.0064519135820365
2018-06-22 03:00:00,0.398161825726141,0.0066292071312084,0.28279023,0.0,0.28279023,0.0,0.0066292071312084
2018-06-22 04:00:00,0.3992233748271092,0.0085622052077812,0.38014871,0.0,0.38014871,0.0,0.0085622052077812
2018-06-22 05:00:00,0.4120248962655602,0.0134320070625282,0.36690645,0.0,0.36690645,0.0,0.0134320070625282
2018-06-22 06:00:00,0.4412825034578147,0.0206620256158184,0.34787323,0.0,0.34787323,0.0,0.0206620256158184
2018-06-22 07:00:00,0.4963931535269709,0.024623801996764,0.0,0.0,0.0,0.013818554,0.024623801996764
2018-06-22 08:00:00,0.5697240663900414,0.0223727470195869,0.0,0.0,0.0,0.43964119,0.0223727470195869
2018-06-22 09:00:00,0.6380812586445366,0.0217925387397074,0.0,0.0,0.0,0.51186859,0.0217925387397074
2018-06-22 10:00:00,0.6763578838174273,0.0218069266986737,0.0,0.0,0.0,0.23955921,0.0218069266986737
2018-06-22 11:00:00,0.657451244813278,0.0207319213520552,0.0,0.0,0.0,0.47518675,0.0207319213520552
2018-06-22 12:00:00,0.6372527662517289,0.0211437317150848,0.0,0.0,0.0,0.39411142,0.0211437317150848
2018-06-22 13:00:00,0.6253751728907329,0.0194180828038893,0.0,0.0,0.0,0.21787348,0.0194180828038893
2018-06-22 14:00:00,0.5847621023513139,0.0165286001926803,0.0,0.0,0.0,0.0,0.0165286001926803
2018-06-22 15:00:00,0.5808748271092669,0.0173340734137649,0.10765312,0.0,0.10765312,0.0,0.0173340734137649
2018-06-22 16:00:00,0.6223004840940525,0.020791053788219,0.61879656,0.0,0.61879656,0.0,0.020791053788219
2018-06-22 17:00:00,0.6657095435684646,0.0261126755995819,0.72787448,0.0,0.72787448,0.0,0.0261126755995819
2018-06-22 18:00:00,0.7099021438450899,0.0268604309698914,0.75435788,0.0,0.75435788,0.0,0.0268604309698914
2018-06-22 19:00:00,0.7278744813278007,0.0260726729232836,0.77728354,0.0,0.77728354,0.0,0.0260726729232836
2018-06-22 20:00:00,0.7543578838174273,0.0235170117119493,0.7685083,0.0,0.7685083,0.0,0.0235170117119493
2018-06-22 21:00:00,0.777283540802213,0.0228510740236827,0.5870204,0.0,0.5870204,0.0,0.0228510740236827
2018-06-22 22:00:00,0.7685082987551867,0.0205305694753429,0.46001141,0.0,0.46001141,0.0,0.0205305694753429
2018-06-22 23:00:00,0.5870204011065006,0.0154824745233131,0.42280394,0.0,0.42280394,0.0,0.0154824745233131
2018-06-23 00:00:00,0.4600114107883817,0.0105795250246409,0.40978769,0.0,0.40978769,0.0,0.0105795250246409
2018-06-23 01:00:00,0.4228039419087137,0.0077247533644372,0.39851902,0.0,0.39851902,0.0,0.0077247533644372
2018-06-23 02:00:00,0.4097876901798064,0.0070791559614298,0.39927213,0.0,0.39927213,0.0,0.0070791559614298
2018-06-23 03:00:00,0.3985190179806362,0.0070077211286212,0.28764086,0.0,0.28764086,0.0,0.0070077211286212
2018-06-23 04:00:00,0.3992721300138313,0.00778947842792,0.3899833,0.0,0.3899833,0.0,0.00778947842792
2018-06-23 05:00:00,0.4133329875518673,0.009232220637303,0.37743169,0.0,0.37743169,0.0,0.009232220637303
2018-06-23 06:00:00,0.4344159751037345,0.0131319109001237,0.39723376,0.0,0.39723376,0.0,0.0131319109001237
2018-06-23 07:00:00,0.4678360995850623,0.0184528478999779,0.45048002,0.0,0.45048002,0.0,0.0184528478999779
2018-06-23 08:00:00,0.5239246196403872,0.0229416559095766,0.33506852,0.0,0.33506852,0.0,0.0229416559095766
2018-06-23 09:00:00,0.644350968188105,0.0238319004946654,0.050773395,0.0,0.050773395,0.0,0.0238319004946654
2018-06-23 10:00:00,0.7239104426002766,0.0237403017674405,0.0,0.0,0.0,0.0,0.0237403017674405
2018-06-23 11:00:00,0.7183312586445366,0.0229180437471101,0.0,0.0,0.0,0.26985079,0.0229180437471101
2018-06-23 12:00:00,0.6906635546334716,0.0236481254466707,0.0,0.0,0.0,0.35015959,0.0236481254466707
2018-06-23 13:00:00,0.6741047717842322,0.0216838785217186,0.0,0.0,0.0,0.17353714,0.0216838785217186
2018-06-23 14:00:00,0.6346995159059473,0.0194857373388252,0.0,0.0,0.0,0.0,0.0194857373388252
2018-06-23 15:00:00,0.6312157676348547,0.0187988471853145,0.19788918,0.0,0.19788918,0.0,0.0187988471853145
2018-06-23 16:00:00,0.6651016597510373,0.0213189051154959,0.64520171,0.0,0.64520171,0.0,0.0213189051154959
2018-06-23 17:00:00,0.7177835408022131,0.0252871664539082,0.73320159,0.0,0.73320159,0.0,0.0252871664539082
2018-06-23 18:00:00,0.7367340940525587,0.0273900634988192,0.76721266,0.0,0.76721266,0.0,0.0273900634988192
2018-06-23 19:00:00,0.733201590594744,0.0261337594932973,0.7910408,0.0,0.7910408,0.0,0.0261337594932973
2018-06-23 20:00:00,0.7672126556016596,0.0236330250070446,0.7945249,0.0,0.7945249,0.0,0.0236330250070446
2018-06-23 21:00:00,0.7910408022130013,0.0218045713621218,0.61223582,0.0,0.61223582,0.0,0.0218045713621218
2018-06-23 22:00:00,0.7945248962655601,0.0198311106096008,0.45914557,0.0,0.45914557,0.0,0.0198311106096008
2018-06-23 23:00:00,0.6122358229598892,0.0147067041367475,0.4238316,0.0,0.4238316,0.0,0.0147067041367475
2018-06-24 00:00:00,0.4591455739972337,0.0107581155653063,0.40691943,0.0,0.40691943,0.0,0.0107581155653063
2018-06-24 01:00:00,0.4238316044260028,0.0078282152405211,0.40001798,0.0,0.40001798,0.0,0.0078282152405211
2018-06-24 02:00:00,0.4069194329183955,0.0070871800154687,0.40226245,0.0,0.40226245,0.0,0.0070871800154687
2018-06-24 03:00:00,0.4000179806362378,0.0071909739213746,0.40613327,0.0,0.40613327,0.0,0.0071909739213746
2018-06-24 04:00:00,0.4022624481327801,0.0081983385676331,0.39811092,0.0,0.39811092,0.0,0.0081983385676331
2018-06-24 05:00:00,0.4154318810511757,0.0099532095618343,0.38129594,0.0,0.38129594,0.0,0.0099532095618343
2018-06-24 06:00:00,0.4323322959889351,0.0144401049413105,0.40116297,0.0,0.40116297,0.0,0.0144401049413105
2018-06-24 07:00:00,0.4632686721991701,0.0204452723974535,0.31878613,0.0,0.31878613,0.0,0.0204452723974535
2018-06-24 08:00:00,0.5221742738589211,0.0247330017632142,0.0,0.0,0.0,0.25236692,0.0247330017632142
2018-06-24 09:00:00,0.6184391424619639,0.0251081435827447,0.0,0.0,0.0,0.48470446,0.0251081435827447
2018-06-24 10:00:00,0.6699332641770401,0.0234875994035242,0.0,0.0,0.0,0.20678128,0.0234875994035242
2018-06-24 11:00:00,0.6874284232365147,0.0232227468232988,0.0,0.0,0.0,0.44587662,0.0232227468232988
2018-06-24 12:00:00,0.6729384508990318,0.0227670635613547,0.0,0.0,0.0,0.33638067,0.0227670635613547
2018-06-24 13:00:00,0.6571884508990316,0.0216201460890583,0.0,0.0,0.0,0.16587818,0.0216201460890583
2018-06-24 14:00:00,0.6433367911479945,0.0193697067505102,0.0,0.0,0.0,0.0,0.0193697067505102
2018-06-24 15:00:00,0.6342060857538036,0.0191896532034403,0.17431034,0.0,0.17431034,0.0,0.0191896532034403
2018-06-24 16:00:00,0.6454813278008299,0.021413547449425,0.63573777,0.0,0.63573777,0.0,0.021413547449425
2018-06-24 17:00:00,0.7165968188105118,0.0259736381114971,0.72558887,0.0,0.72558887,0.0,0.0259736381114971
2018-06-24 18:00:00,0.729646265560166,0.0270619730720227,0.75995781,0.0,0.75995781,0.0,0.0270619730720227
2018-06-24 19:00:00,0.725588865836791,0.0260063361317047,0.78907019,0.0,0.78907019,0.0,0.0260063361317047
2018-06-24 20:00:00,0.759957814661134,0.0242393425903458,0.78133022,0.0,0.78133022,0.0,0.0242393425903458
2018-06-24 21:00:00,0.789070193637621,0.0224282963005855,0.61584094,0.0,0.61584094,0.0,0.0224282963005855
2018-06-24 22:00:00,0.7813302213001384,0.0196116976940134,0.47741978,0.0,0.47741978,0.0,0.0196116976940134
2018-06-24 23:00:00,0.6158409405255877,0.015051686580753,0.42408022,0.0,0.42408022,0.0,0.015051686580753
2018-06-25 00:00:00,0.4774197786998617,0.0108631061620303,0.41213347,0.0,0.41213347,0.0,0.0108631061620303
2018-06-25 01:00:00,0.4240802213001383,0.0080228884757032,0.40020401,0.0,0.40020401,0.0,0.0080228884757032
2018-06-25 02:00:00,0.4121334716459198,0.0070469283168038,0.4040899,0.0,0.4040899,0.0,0.0070469283168038
2018-06-25 03:00:00,0.4002040110650069,0.0073186082602501,0.29971216,0.0,0.29971216,0.0,0.0073186082602501
2018-06-25 04:00:00,0.4040899031811895,0.0099704093983578,0.24698536,0.0,0.24698536,0.0,0.0099704093983578
2018-06-25 05:00:00,0.4130276625172891,0.0140900555838712,0.0,0.0,0.0,0.10850245,0.0140900555838712
2018-06-25 06:00:00,0.4404761410788382,0.0225629793558964,0.0,0.0,0.0,0.26507045,0.0225629793558964
2018-06-25 07:00:00,0.5053883125864452,0.0261303285184667,0.0,0.0,0.0,0.38799169,0.0261303285184667
2018-06-25 08:00:00,0.5659405255878284,0.0224766377675246,0.0,0.0,0.0,0.48195557,0.0224766377675246
2018-06-25 09:00:00,0.620723029045643,0.0206703332786639,0.0,0.0,0.0,0.54652802,0.0206703332786639
2018-06-25 10:00:00,0.646600622406639,0.0206824004875177,0.0,0.0,0.0,0.26403632,0.0206824004875177
2018-06-25 11:00:00,0.6375888658367912,0.0206532579533237,0.0,0.0,0.0,0.48279129,0.0206532579533237
2018-06-25 12:00:00,0.6314661134163208,0.0199454153345687,0.0,0.0,0.0,0.40065994,0.0199454153345687
2018-06-25 13:00:00,0.637049446749654,0.0177626478241763,0.0,0.0,0.0,0.22330205,0.0177626478241763
2018-06-25 14:00:00,0.5973914246196403,0.0163407508620743,0.0,0.0,0.0,0.0,0.0163407508620743
2018-06-25 15:00:00,0.5938928077455047,0.0171879629987366,0.072264833,0.0,0.072264833,0.0,0.0171879629987366
2018-06-25 16:00:00,0.6064163208852005,0.0206025991949165,0.62710515,0.0,0.62710515,0.0,0.0206025991949165
2018-06-25 17:00:00,0.6804242738589212,0.0255384957361633,0.73510408,0.0,0.73510408,0.0,0.0255384957361633
2018-06-25 18:00:00,0.7273150069156293,0.0273030613094467,0.76394502,0.0,0.76394502,0.0,0.0273030613094467
2018-06-25 19:00:00,0.7351040802213,0.0252848007414242,0.76965871,0.0,0.76965871,0.0,0.0252848007414242
2018-06-25 20:00:00,0.763945020746888,0.0233323858375349,0.76932953,0.0,0.76932953,0.0,0.0233323858375349
2018-06-25 21:00:00,0.769658713692946,0.0220844552090941,0.5847538,0.0,0.5847538,0.0,0.0220844552090941
2018-06-25 22:00:00,0.7693295297372061,0.0193406541410595,0.46004219,0.0,0.46004219,0.0,0.0193406541410595
2018-06-25 23:00:00,0.5847538035961272,0.0147502346299076,0.42023409,0.0,0.42023409,0.0,0.0147502346299076
2018-06-26 00:00:00,0.4600421853388658,0.0098727926306044,0.41027663,0.0,0.41027663,0.0,0.0098727926306044
2018-06-26 01:00:00,0.4202340940525587,0.0076717842318497,0.39962379,0.0,0.39962379,0.0,0.0076717842318497
2018-06-26 02:00:00,0.4102766251728907,0.0070622016886291,0.40040249,0.0,0.40040249,0.0,0.0070622016886291
2018-06-26 03:00:00,0.3996237897648686,0.0068906391125357,0.28758571,0.0,0.28758571,0.0,0.0068906391125357
2018-06-26 04:00:00,0.400402489626556,0.009236447100249,0.33486863,0.0,0.33486863,0.0,0.009236447100249
2018-06-26 05:00:00,0.4122710926694329,0.0141532934304421,0.036131935,0.0,0.036131935,0.0,0.0141532934304421
2018-06-26 06:00:00,0.4418869294605809,0.0216395663750181,0.0,0.0,0.0,0.27038377,0.0216395663750181
2018-06-26 07:00:00,0.4982389349930843,0.0237658576878251,0.0,0.0,0.0,0.38344131,0.0237658576878251
2018-06-26 08:00:00,0.568878284923928,0.0216030603877859,0.0,0.0,0.0,0.47726646,0.0216030603877859
2018-06-26 09:00:00,0.6284308437067773,0.0202744465125283,0.0,0.0,0.0,0.53970264,0.0202744465125283
2018-06-26 10:00:00,0.6517178423236514,0.0202529302883148,0.0,0.0,0.0,0.25812459,0.0202529302883148
2018-06-26 11:00:00,0.644414246196404,0.0204736609472596,0.0,0.0,0.0,0.49643808,0.0204736609472596
2018-06-26 12:00:00,0.6359280774550484,0.0199599416392941,0.0,0.0,0.0,0.40220265,0.0199599416392941
2018-06-26 13:00:00,0.6225542876901796,0.0175321603305581,0.0,0.0,0.0,0.21407008,0.0175321603305581
2018-06-26 14:00:00,0.5933101659751037,0.016421129748221,0.0,0.0,0.0,0.0,0.016421129748221
2018-06-26 15:00:00,0.6008333333333332,0.0178405987422474,0.09360232,0.0,0.09360232,0.0,0.0178405987422474
2018-06-26 16:00:00,0.6286096127247579,0.0212713349261645,0.62356801,0.0,0.62356801,0.0,0.0212713349261645
2018-06-26 17:00:00,0.6693070539419088,0.0256327679951861,0.74497268,0.0,0.74497268,0.0,0.0256327679951861
2018-06-26 18:00:00,0.7209014522821577,0.0281181668540219,0.75523375,0.0,0.75523375,0.0,0.0281181668540219
2018-06-26 19:00:00,0.744972683264177,0.0252659372971452,0.78125692,0.0,0.78125692,0.0,0.0252659372971452
2018-06-26 20:00:00,0.7552337482710926,0.023903535928825,0.76451971,0.0,0.76451971,0.0,0.023903535928825
2018-06-26 21:00:00,0.7812569156293221,0.0221634368030717,0.59265145,0.0,0.59265145,0.0,0.0221634368030717
2018-06-26 22:00:00,0.7645197095435684,0.0193826074925639,0.45506812,0.0,0.45506812,0.0,0.0193826074925639
2018-06-26 23:00:00,0.5926514522821575,0.0150739498720667,0.41491321,0.0,0.41491321,0.0,0.0150739498720667
2018-06-27 00:00:00,0.4550681189488244,0.0101951347911021,0.41355394,0.0,0.41355394,0.0,0.0101951347911021
2018-06-27 01:00:00,0.4149132088520056,0.0076502057520448,0.40112794,0.0,0.40112794,0.0,0.0076502057520448
2018-06-27 02:00:00,0.4135539419087137,0.0066849846827095,0.40126279,0.0,0.40126279,0.0,0.0066849846827095
2018-06-27 03:00:00,0.401127939142462,0.0068357815603338,0.29363882,0.0,0.29363882,0.0,0.0068357815603338
2018-06-27 04:00:00,0.4012627939142462,0.0091603015943368,0.30252687,0.0,0.30252687,0.0,0.0091603015943368
2018-06-27 05:00:00,0.4164104426002766,0.0144764276204118,0.0078246978,0.0,0.0078246978,0.0,0.0144764276204118
2018-06-27 06:00:00,0.4435753803596128,0.0220882528001864,0.0,0.0,0.0,0.25370817,0.0220882528001864
2018-06-27 07:00:00,0.5021874135546335,0.0244571161086854,0.0,0.0,0.0,0.36806865,0.0244571161086854
2018-06-27 08:00:00,0.5825096818810511,0.0221816016012661,0.0,0.0,0.0,0.47957883,0.0221816016012661
2018-06-27 09:00:00,0.6415432226832641,0.0207575291520994,0.0,0.0,0.0,0.53989028,0.0207575291520994
2018-06-27 10:00:00,0.6475352697095436,0.0216289310447731,0.0,0.0,0.0,0.26731595,0.0216289310447731
2018-06-27 11:00:00,0.646673928077455,0.0206352176663125,0.0,0.0,0.0,0.48797775,0.0206352176663125
2018-06-27 12:00:00,0.6305418395573997,0.020682780938356,0.0,0.0,0.0,0.39169818,0.020682780938356
2018-06-27 13:00:00,0.6331355463347164,0.0185838163716525,0.0,0.0,0.0,0.23211916,0.0185838163716525
2018-06-27 14:00:00,0.6060435684647302,0.0156892322605697,0.025231433,0.0,0.025231433,0.0,0.0156892322605697
2018-06-27 15:00:00,0.5845715767634854,0.0175000018588115,0.073499065,0.0,0.073499065,0.0,0.0175000018588115
2018-06-27 16:00:00,0.6190380359612724,0.0209938755886237,0.6205027,0.0,0.6205027,0.0,0.0209938755886237
2018-06-27 17:00:00,0.6900888658367912,0.0262402061791378,0.72719848,0.0,0.72719848,0.0,0.0262402061791378
2018-06-27 18:00:00,0.7192890733056708,0.0270692742694695,0.76106846,0.0,0.76106846,0.0,0.0270692742694695
2018-06-27 19:00:00,0.7271984785615491,0.0255659089483662,0.78473479,0.0,0.78473479,0.0,0.0255659089483662
2018-06-27 20:00:00,0.7610684647302904,0.0233883743663191,0.75931812,0.0,0.75931812,0.0,0.0233883743663191
2018-06-27 21:00:00,0.7847347856154909,0.0225448906478697,0.60010823,0.0,0.60010823,0.0,0.0225448906478697
2018-06-27 22:00:00,0.7593181189488244,0.0192366596338025,0.46495194,0.0,0.46495194,0.0,0.0192366596338025
2018-06-27 23:00:00,0.6001082295988934,0.0154916537644419,0.41819502,0.0,0.41819502,0.0,0.0154916537644419
2018-06-28 00:00:00,0.4649519363762102,0.0100447702439754,0.41200173,0.0,0.41200173,0.0,0.0100447702439754
2018-06-28 01:00:00,0.4181950207468879,0.0072770595700922,0.40103043,0.0,0.40103043,0.0,0.0072770595700922
2018-06-28 02:00:00,0.4120017289073306,0.0068045672983944,0.40079495,0.0,0.40079495,0.0,0.0068045672983944
2018-06-28 03:00:00,0.4010304287690179,0.0071896388847976,0.29439287,0.0,0.29439287,0.0,0.0071896388847976
2018-06-28 04:00:00,0.4007949515905947,0.0093413477722295,0.36449996,0.0,0.36449996,0.0,0.0093413477722295
2018-06-28 05:00:00,0.4164381051175657,0.0143689813864605,0.20880563,0.0,0.20880563,0.0,0.0143689813864605
2018-06-28 06:00:00,0.4494253112033194,0.0213603050839627,0.0,0.0,0.0,0.09277097,0.0213603050839627
2018-06-28 07:00:00,0.5094993084370677,0.0247899552536693,0.0,0.0,0.0,0.39742365,0.0247899552536693
2018-06-28 08:00:00,0.5564619640387274,0.0221622331949659,0.0,0.0,0.0,0.4768048,0.0221622331949659
2018-06-28 09:00:00,0.6142230290456431,0.0205722738044804,0.0,0.0,0.0,0.53320784,0.0205722738044804
2018-06-28 10:00:00,0.6496580221300139,0.0201748271899087,0.0,0.0,0.0,0.24822601,0.0201748271899087
2018-06-28 11:00:00,0.6490757261410789,0.0199885792114667,0.0,0.0,0.0,0.48846687,0.0199885792114667
2018-06-28 12:00:00,0.6425286998616874,0.0201758474898833,0.0,0.0,0.0,0.39119477,0.0201758474898833
2018-06-28 13:00:00,0.6255103734439833,0.018274433750156,0.0,0.0,0.0,0.21670589,0.018274433750156
2018-06-28 14:00:00,0.5970535961272475,0.0158369440277618,0.0,0.0,0.0,0.0,0.0158369440277618
2018-06-28 15:00:00,0.5900656984785615,0.0179564702329395,0.10830574,0.0,0.10830574,0.0,0.0179564702329395
2018-06-28 16:00:00,0.6270553250345781,0.0204026446103728,0.63066701,0.0,0.63066701,0.0,0.0204026446103728
2018-06-28 17:00:00,0.670344744121715,0.0260378270851628,0.74267773,0.0,0.74267773,0.0,0.0260378270851628
2018-06-28 18:00:00,0.7234045643153527,0.0272886249294649,0.76839938,0.0,0.76839938,0.0,0.0272886249294649
2018-06-28 19:00:00,0.7426777316735822,0.0251813699931362,0.78700138,0.0,0.78700138,0.0,0.0251813699931362
2018-06-28 20:00:00,0.768399377593361,0.0229895166250027,0.78643534,0.0,0.78643534,0.0,0.0229895166250027
2018-06-28 21:00:00,0.7870013831258644,0.0225361956168984,0.58872165,0.0,0.58872165,0.0,0.0225361956168984
2018-06-28 22:00:00,0.7864353388658368,0.0194848553846096,0.45247061,0.0,0.45247061,0.0,0.0194848553846096
2018-06-28 23:00:00,0.5887216459197786,0.014977809945293,0.41306985,0.0,0.41306985,0.0,0.014977809945293
2018-06-29 00:00:00,0.4524706085753803,0.0101185777065557,0.40771542,0.0,0.40771542,0.0,0.0101185777065557
2018-06-29 01:00:00,0.4130698478561549,0.0073543983081783,0.40000761,0.0,0.40000761,0.0,0.0073543983081783
2018-06-29 02:00:00,0.4077154218533886,0.0061596374136759,0.40230982,0.0,0.40230982,0.0,0.0061596374136759
2018-06-29 03:00:00,0.4000076071922545,0.0064571119239416,0.40025606,0.0,0.40025606,0.0,0.0064571119239416
2018-06-29 04:00:00,0.4023098201936376,0.0080153209626702,0.38484621,0.0,0.38484621,0.0,0.0080153209626702
2018-06-29 05:00:00,0.4148430152143846,0.012427530383995,0.39310727,0.0,0.39310727,0.0,0.012427530383995
2018-06-29 06:00:00,0.4374356846473029,0.0204313063930533,0.32737626,0.0,0.32737626,0.0,0.0204313063930533
2018-06-29 07:00:00,0.5010940525587828,0.0235457115397135,0.15085855,0.0,0.15085855,0.0,0.0235457115397135
2018-06-29 08:00:00,0.5653053250345781,0.0226970294793589,0.0,0.0,0.0,0.44318094,0.0226970294793589
2018-06-29 09:00:00,0.6191632088520055,0.0205717169627992,0.0,0.0,0.0,0.50043207,0.0205717169627992
2018-06-29 10:00:00,0.6592026279391424,0.0205963701771044,0.0,0.0,0.0,0.22669413,0.0205963701771044
2018-06-29 11:00:00,0.6550200553250346,0.0210798332675135,0.0,0.0,0.0,0.45770676,0.0210798332675135
2018-06-29 12:00:00,0.6355930152143845,0.020675389816166,0.0,0.0,0.0,0.36617367,0.020675389816166
2018-06-29 13:00:00,0.6286244813278007,0.0177919425387058,0.0,0.0,0.0,0.18158726,0.0177919425387058
2018-06-29 14:00:00,0.5955798755186721,0.0159909920307294,0.0,0.0,0.0,0.0,0.0159909920307294
2018-06-29 15:00:00,0.6016690871369293,0.0181945044877269,0.13166435,0.0,0.13166435,0.0,0.0181945044877269
2018-06-29 16:00:00,0.6138924619640387,0.0207150777558618,0.63022497,0.0,0.63022497,0.0,0.0207150777558618
2018-06-29 17:00:00,0.6757665975103735,0.0256922359198163,0.73017531,0.0,0.73017531,0.0,0.0256922359198163
2018-06-29 18:00:00,0.7190421853388658,0.026637708132013,0.75247337,0.0,0.75247337,0.0,0.026637708132013
2018-06-29 19:00:00,0.7301753112033194,0.0246294534210311,0.79174965,0.0,0.79174965,0.0,0.0246294534210311
2018-06-29 20:00:00,0.7524733748271092,0.0231226225386579,0.78535996,0.0,0.78535996,0.0,0.0231226225386579
2018-06-29 21:00:00,0.7917496542185338,0.0209437460027457,0.5974879,0.0,0.5974879,0.0,0.0209437460027457
2018-06-29 22:00:00,0.7853599585062241,0.0196040367975928,0.45403492,0.0,0.45403492,0.0,0.0196040367975928
2018-06-29 23:00:00,0.5974878976486859,0.0149592889067681,0.42186342,0.0,0.42186342,0.0,0.0149592889067681
2018-06-30 00:00:00,0.4540349239280774,0.0103910496794742,0.41184786,0.0,0.41184786,0.0,0.0103910496794742
2018-06-30 01:00:00,0.4218634163208852,0.0075151664564032,0.4025083,0.0,0.4025083,0.0,0.0075151664564032
2018-06-30 02:00:00,0.4118478561549101,0.0062742983789741,0.40346784,0.0,0.40346784,0.0,0.0062742983789741
2018-06-30 03:00:00,0.4025082987551867,0.0064929746033931,0.40299668,0.0,0.40299668,0.0,0.0064929746033931
2018-06-30 04:00:00,0.4034678423236515,0.0068023191798057,0.36183971,0.0,0.36183971,0.0,0.0068023191798057
2018-06-30 05:00:00,0.4162458506224066,0.0080696839287827,0.3504504,0.0,0.3504504,0.0,0.0080696839287827
2018-06-30 06:00:00,0.4352942600276625,0.0120218971591173,0.3011065,0.0,0.3011065,0.0,0.0120218971591173
2018-06-30 07:00:00,0.4711590594744121,0.0178375343836793,0.10310483,0.0,0.10310483,0.0,0.0178375343836793
2018-06-30 08:00:00,0.5297060857538035,0.0222640280046502,0.0,0.0,0.0,0.41717423,0.0222640280046502
2018-06-30 09:00:00,0.6242223374827108,0.0226894170039542,0.0,0.0,0.0,0.47507443,0.0226894170039542
2018-06-30 10:00:00,0.6829059474412171,0.0222857379129267,0.0,0.0,0.0,0.1940603,0.0222857379129267
2018-06-30 11:00:00,0.680377939142462,0.0228444334272369,0.0,0.0,0.0,0.40558467,0.0228444334272369
2018-06-30 12:00:00,0.6669114799446749,0.0225281093072679,0.0,0.0,0.0,0.30879058,0.0225281093072679
2018-06-30 13:00:00,0.6749847856154908,0.0218700054476211,0.0,0.0,0.0,0.15231212,0.0218700054476211
2018-06-30 14:00:00,0.6500286998616874,0.0199557601387195,0.0,0.0,0.0,0.0,0.0199557601387195
2018-06-30 15:00:00,0.628546334716459,0.0188138023618936,0.15548233,0.0,0.15548233,0.0,0.0188138023618936
2018-06-30 16:00:00,0.654042531120332,0.0210682468101733,0.64072566,0.0,0.64072566,0.0,0.0210682468101733
2018-06-30 17:00:00,0.6938948824343016,0.0258916302040349,0.72937483,0.0,0.72937483,0.0,0.0258916302040349
2018-06-30 18:00:00,0.7379937759336099,0.0272879954562601,0.75635235,0.0,0.75635235,0.0,0.0272879954562601
2018-06-30 19:00:00,0.7293748271092668,0.0261505788789828,0.7963278,0.0,0.7963278,0.0,0.0261505788789828
2018-06-30 20:00:00,0.7563523513139695,0.0229697746851521,0.78082192,0.0,0.78082192,0.0,0.0229697746851521
2018-06-30 21:00:00,0.7963278008298754,0.0214599244065823,0.60620781,0.0,0.60620781,0.0,0.0214599244065823
2018-06-30 22:00:00,0.7808219225449516,0.0187243272420738,0.45892151,0.0,0.45892151,0.0,0.0187243272420738
2018-06-30 23:00:00,0.606207814661134,0.0150455336531086,0.41704046,0.0,0.41704046,0.0,0.0150455336531086
2018-07-01 00:00:00,0.4589215076071922,0.0105168647716153,0.40709924,0.0,0.40709924,0.0,0.0105168647716153
2018-07-01 01:00:00,0.4170404564315353,0.0071077001502152,0.39806881,0.0,0.39806881,0.0,0.0071077001502152
2018-07-01 02:00:00,0.4070992392807745,0.0063237016496159,0.40064454,0.0,0.40064454,0.0,0.0063237016496159
2018-07-01 03:00:00,0.3980688105117566,0.0060510014061947,0.29461558,0.0,0.29461558,0.0,0.0060510014061947
2018-07-01 04:00:00,0.4006445366528354,0.0072761326535046,0.071421103,0.0,0.071421103,0.0,0.0072761326535046
2018-07-01 05:00:00,0.413268326417704,0.008256665139749,0.0,0.0,0.0,0.1468498,0.008256665139749
2018-07-01 06:00:00,0.435704011065007,0.0127964708548651,0.0,0.0,0.0,0.30638956,0.0127964708548651
2018-07-01 07:00:00,0.4648447441217151,0.0185137822896566,0.0,0.0,0.0,0.3719046,0.0185137822896566
2018-07-01 08:00:00,0.5231310511756568,0.0219859046074649,0.0,0.0,0.0,0.4310202,0.0219859046074649
2018-07-01 09:00:00,0.6280909405255878,0.0225025914319673,0.0,0.0,0.0,0.47442984,0.0225025914319673
2018-07-01 10:00:00,0.6839426002766251,0.0213616608724039,0.0,0.0,0.0,0.20779199,0.0213616608724039
2018-07-01 11:00:00,0.6975753803596126,0.0217634619197489,0.0,0.0,0.0,0.4419558,0.0217634619197489
2018-07-01 12:00:00,0.6735335408022131,0.0223508053821639,0.0,0.0,0.0,0.35182414,0.0223508053821639
2018-07-01 13:00:00,0.6630076071922544,0.0207727368096891,0.0,0.0,0.0,0.18420881,0.0207727368096891
2018-07-01 14:00:00,0.6312240663900415,0.0188492534627112,0.0,0.0,0.0,0.0,0.0188492534627112
2018-07-01 15:00:00,0.6200515214384508,0.0189585154847531,0.15627089,0.0,0.15627089,0.0,0.0189585154847531
2018-07-01 16:00:00,0.6419367219917012,0.0211327851068812,0.64000838,0.0,0.64000838,0.0,0.0211327851068812
2018-07-01 17:00:00,0.7052693637621023,0.0251811244294134,0.73744225,0.0,0.73744225,0.0,0.0251811244294134
2018-07-01 18:00:00,0.7345753803596128,0.0272394395533938,0.7595,0.0,0.7595,0.0,0.0272394395533938
2018-07-01 19:00:00,0.737442254495159,0.0262017391407675,0.78317082,0.0,0.78317082,0.0,0.0262017391407675
2018-07-01 20:00:00,0.7595000000000001,0.0229465498908116,0.78195124,0.0,0.78195124,0.0,0.0229465498908116
2018-07-01 21:00:00,0.78317081604426,0.0208723907187486,0.59951383,0.0,0.59951383,0.0,0.0208723907187486
2018-07-01 22:00:00,0.7819512448132779,0.0188985080116617,0.46014696,0.0,0.46014696,0.0,0.0188985080116617
2018-07-01 23:00:00,0.5995138312586444,0.0147253704383197,0.41785754,0.0,0.41785754,0.0,0.0147253704383197
2018-07-02 00:00:00,0.4601469571230983,0.0104450252774609,0.40504461,0.0,0.40504461,0.0,0.0104450252774609
2018-07-02 01:00:00,0.4178575380359614,0.0074810296402989,0.39742116,0.0,0.39742116,0.0,0.0074810296402989
2018-07-02 02:00:00,0.4050446058091286,0.0065988540716206,0.39865041,0.0,0.39865041,0.0,0.0065988540716206
2018-07-02 03:00:00,0.3974211618257262,0.0067065424106506,0.29774697,0.0,0.29774697,0.0,0.0067065424106506
2018-07-02 04:00:00,0.3986504149377593,0.008523603282296,0.083646915,0.0,0.083646915,0.0,0.008523603282296
2018-07-02 05:00:00,0.4140487551867219,0.0139413304339922,0.0,0.0,0.0,0.10771681,0.0139413304339922
2018-07-02 06:00:00,0.4438907330567082,0.0212798051452768,0.0,0.0,0.0,0.26750159,0.0212798051452768
2018-07-02 07:00:00,0.5003533886583679,0.0240471111578145,0.0,0.0,0.0,0.38353756,0.0240471111578145
2018-07-02 08:00:00,0.5574906639004148,0.0207318348859554,0.0,0.0,0.0,0.46296047,0.0207318348859554
2018-07-02 09:00:00,0.6098727524204701,0.0190896257608308,0.0,0.0,0.0,0.53417155,0.0190896257608308
2018-07-02 10:00:00,0.6419598893499308,0.0204291066954808,0.0,0.0,0.0,0.24515203,0.0204291066954808
2018-07-02 11:00:00,0.6269415629322269,0.0209900399524474,0.0,0.0,0.0,0.48277993,0.0209900399524474
2018-07-02 12:00:00,0.6280860995850622,0.0201758544071713,0.0,0.0,0.0,0.3987921,0.0201758544071713
2018-07-02 13:00:00,0.6232873443983402,0.0175878617918915,0.0,0.0,0.0,0.21835016,0.0175878617918915
2018-07-02 14:00:00,0.5853955739972337,0.0160991472866972,0.0,0.0,0.0,0.0,0.0160991472866972
2018-07-02 15:00:00,0.5870408022130013,0.0174296737920772,0.094971838,0.0,0.094971838,0.0,0.0174296737920772
2018-07-02 16:00:00,0.613344744121715,0.0202200835464159,0.61700094,0.0,0.61700094,0.0,0.0202200835464159
2018-07-02 17:00:00,0.6713132780082988,0.0250653324875332,0.71659509,0.0,0.71659509,0.0,0.0250653324875332
2018-07-02 18:00:00,0.7107213001383126,0.0275211080606611,0.75400346,0.0,0.75400346,0.0,0.0275211080606611
2018-07-02 19:00:00,0.7165950899031811,0.0254528355006557,0.76861065,0.0,0.76861065,0.0,0.0254528355006557
2018-07-02 20:00:00,0.7540034578146612,0.0228315534370471,0.74692012,0.0,0.74692012,0.0,0.0228315534370471
2018-07-02 21:00:00,0.7686106500691563,0.0215828653655741,0.58838313,0.0,0.58838313,0.0,0.0215828653655741
2018-07-02 22:00:00,0.7469201244813277,0.0195631106633513,0.45576694,0.0,0.45576694,0.0,0.0195631106633513
2018-07-02 23:00:00,0.5883831258644535,0.0145954948981435,0.42091113,0.0,0.42091113,0.0,0.0145954948981435
2018-07-03 00:00:00,0.4557669432918396,0.0102783359307381,0.41065145,0.0,0.41065145,0.0,0.0102783359307381
2018-07-03 01:00:00,0.4209111341632089,0.0070435734321412,0.40090422,0.0,0.40090422,0.0,0.0070435734321412
2018-07-03 02:00:00,0.4106514522821576,0.0059495628368404,0.40101383,0.0,0.40101383,0.0,0.0059495628368404
2018-07-03 03:00:00,0.4009042185338866,0.0061156019584941,0.37780667,0.0,0.37780667,0.0,0.0061156019584941
2018-07-03 04:00:00,0.4010138312586445,0.0085973899930124,0.32984588,0.0,0.32984588,0.0,0.0085973899930124
2018-07-03 05:00:00,0.4160784923928077,0.0123903361266103,0.21762581,0.0,0.21762581,0.0,0.0123903361266103
2018-07-03 06:00:00,0.4445079529737207,0.0214164492517259,0.0,0.0,0.0,0.14970507,0.0214164492517259
2018-07-03 07:00:00,0.5047389349930844,0.0242695676801062,0.0,0.0,0.0,0.25448575,0.0242695676801062
2018-07-03 08:00:00,0.5640508298755186,0.0221323954733313,0.0,0.0,0.0,0.4230896,0.0221323954733313
2018-07-03 09:00:00,0.61983540802213,0.0203943092783756,0.0,0.0,0.0,0.4260833,0.0203943092783756
2018-07-03 10:00:00,0.6499145919778699,0.0207331526293128,0.0,0.0,0.0,0.2282444,0.0207331526293128
2018-07-03 11:00:00,0.645777662517289,0.0203621231374773,0.0,0.0,0.0,0.45730822,0.0203621231374773
2018-07-03 12:00:00,0.6310314661134163,0.0200972359708118,0.0,0.0,0.0,0.38224206,0.0200972359708118
2018-07-03 13:00:00,0.6217859612724758,0.017893581709411,0.0,0.0,0.0,0.21647583,0.017893581709411
2018-07-03 14:00:00,0.5919595435684646,0.0163107402082408,0.0,0.0,0.0,0.0,0.0163107402082408
2018-07-03 15:00:00,0.5788122406639002,0.0169080238134603,0.08860116,0.0,0.08860116,0.0,0.0169080238134603
2018-07-03 16:00:00,0.6056023513139696,0.0214470720855447,0.60366039,0.0,0.60366039,0.0,0.0214470720855447
2018-07-03 17:00:00,0.6613188105117566,0.0257588978239294,0.72665076,0.0,0.72665076,0.0,0.0257588978239294
2018-07-03 18:00:00,0.6965525587828494,0.0269175539339017,0.74601107,0.0,0.74601107,0.0,0.0269175539339017
2018-07-03 19:00:00,0.7266507607192253,0.025426148603689,0.76017012,0.0,0.76017012,0.0,0.025426148603689
2018-07-03 20:00:00,0.7460110650069156,0.0231938706046916,0.76156639,0.0,0.76156639,0.0,0.0231938706046916
2018-07-03 21:00:00,0.7601701244813277,0.020676773273759,0.58666598,0.0,0.58666598,0.0,0.020676773273759
2018-07-03 22:00:00,0.7615663900414938,0.0189971243275266,0.45768638,0.0,0.45768638,0.0,0.0189971243275266
2018-07-03 23:00:00,0.5866659751037342,0.0151999482723383,0.42081916,0.0,0.42081916,0.0,0.0151999482723383
2018-07-04 00:00:00,0.4576863762102352,0.0107891050153869,0.40707296,0.0,0.40707296,0.0,0.0107891050153869
2018-07-04 01:00:00,0.4208191562932227,0.0071789447576048,0.40276245,0.0,0.40276245,0.0,0.0071789447576048
2018-07-04 02:00:00,0.4070729598893499,0.0066026827905088,0.39923963,0.0,0.39923963,0.0,0.0066026827905088
2018-07-04 03:00:00,0.4027624481327801,0.0066570976362807,0.39280527,0.0,0.39280527,0.0,0.0066570976362807
2018-07-04 04:00:00,0.3992396265560166,0.0087056005872837,0.33536181,0.0,0.33536181,0.0,0.0087056005872837
2018-07-04 05:00:00,0.4139630013831258,0.0124204297878995,0.26427801,0.0,0.26427801,0.0,0.0124204297878995
2018-07-04 06:00:00,0.4423443983402491,0.0203717969646952,0.27436905,0.0,0.27436905,0.0,0.0203717969646952
2018-07-04 07:00:00,0.5090553250345782,0.0229553659743221,0.15249624,0.0,0.15249624,0.0,0.0229553659743221
2018-07-04 08:00:00,0.5649657676348546,0.0213349566822171,0.0,0.0,0.0,0.32465673,0.0213349566822171
2018-07-04 09:00:00,0.6162420470262793,0.0203076979157733,0.0,0.0,0.0,0.52393944,0.0203076979157733
2018-07-04 10:00:00,0.6353364453665282,0.0208507534419958,0.0,0.0,0.0,0.24575904,0.0208507534419958
2018-07-04 11:00:00,0.6374426002766252,0.0212745168786281,0.0,0.0,0.0,0.47695683,0.0212745168786281
2018-07-04 12:00:00,0.627228907330567,0.0206542782532984,0.0,0.0,0.0,0.3862926,0.0206542782532984
2018-07-04 13:00:00,0.6235383817427386,0.0182617336094533,0.0,0.0,0.0,0.20397181,0.0182617336094533
2018-07-04 14:00:00,0.5914111341632088,0.0164054309631856,0.0,0.0,0.0,0.0,0.0164054309631856
2018-07-04 15:00:00,0.5954166666666666,0.0168164873418273,0.088872061,0.0,0.088872061,0.0,0.0168164873418273
2018-07-04 16:00:00,0.6087233748271093,0.0205125257296877,0.61333506,0.0,0.61333506,0.0,0.0205125257296877
2018-07-04 17:00:00,0.662567081604426,0.024728225375875,0.72639834,0.0,0.72639834,0.0,0.024728225375875
2018-07-04 18:00:00,0.7060726141078838,0.0271796603508056,0.74325588,0.0,0.74325588,0.0,0.0271796603508056
2018-07-04 19:00:00,0.7263983402489624,0.0246500496459451,0.76023237,0.0,0.76023237,0.0,0.0246500496459451
2018-07-04 20:00:00,0.7432558782849239,0.0224653141671269,0.76163797,0.0,0.76163797,0.0,0.0224653141671269
2018-07-04 21:00:00,0.7602323651452281,0.0219296843495342,0.58429737,0.0,0.58429737,0.0,0.0219296843495342
2018-07-04 22:00:00,0.7616379668049792,0.0195457309773409,0.46435373,0.0,0.46435373,0.0,0.0195457309773409
2018-07-04 23:00:00,0.5842973720608574,0.0150410408745758,0.41792566,0.0,0.41792566,0.0,0.0150410408745758
2018-07-05 00:00:00,0.4643537344398341,0.0097107655359695,0.41174931,0.0,0.41174931,0.0,0.0097107655359695
2018-07-05 01:00:00,0.4179256569847857,0.0074787365593388,0.39915629,0.0,0.39915629,0.0,0.0074787365593388
2018-07-05 02:00:00,0.4117493084370677,0.0062123782757605,0.39890041,0.0,0.39890041,0.0,0.0062123782757605
2018-07-05 03:00:00,0.3991562932226833,0.0065640946995993,0.30649168,0.0,0.30649168,0.0,0.0065640946995993
2018-07-05 04:00:00,0.3989004149377593,0.0083654602448532,0.35418336,0.0,0.35418336,0.0,0.0083654602448532
2018-07-05 05:00:00,0.414295643153527,0.0132918801015889,0.33331852,0.0,0.33331852,0.0,0.0132918801015889
2018-07-05 06:00:00,0.4391936376210236,0.0208431824703187,0.29799511,0.0,0.29799511,0.0,0.0208431824703187
2018-07-05 07:00:00,0.4985667358229599,0.023032936441555,0.13804754,0.0,0.13804754,0.0,0.023032936441555
2018-07-05 08:00:00,0.5652071230982018,0.0209569165190299,0.0,0.0,0.0,0.4558795,0.0209569165190299
2018-07-05 09:00:00,0.6221967496542185,0.0197071908543621,0.0,0.0,0.0,0.5220887,0.0197071908543621
2018-07-05 10:00:00,0.6551614799446748,0.0202124261086393,0.0,0.0,0.0,0.25094957,0.0202124261086393
2018-07-05 11:00:00,0.6461109958506223,0.0202605220118558,0.0,0.0,0.0,0.46974147,0.0202605220118558
2018-07-05 12:00:00,0.6263890041493775,0.0201541029951673,0.0,0.0,0.0,0.36510765,0.0201541029951673
2018-07-05 13:00:00,0.6305577455048409,0.016851931525357,0.0,0.0,0.0,0.2032183,0.016851931525357
2018-07-05 14:00:00,0.6136562932226831,0.0163048950999108,0.03145758,0.0,0.03145758,0.0,0.0163048950999108
2018-07-05 15:00:00,0.5955892116182571,0.0162285870377314,0.061406869,0.0,0.061406869,0.0,0.0162285870377314
2018-07-05 16:00:00,0.6100069156293222,0.0198609344966593,0.61085466,0.0,0.61085466,0.0,0.0198609344966593
2018-07-05 17:00:00,0.6665134854771784,0.0245217996684409,0.72085201,0.0,0.72085201,0.0,0.0245217996684409
2018-07-05 18:00:00,0.7046690871369296,0.0263179219094182,0.75068811,0.0,0.75068811,0.0,0.0263179219094182
2018-07-05 19:00:00,0.7208520055325034,0.0246327840951861,0.76939246,0.0,0.76939246,0.0,0.0246327840951861
2018-07-05 20:00:00,0.7506881051175657,0.0225600498844436,0.76454011,0.0,0.76454011,0.0,0.0225600498844436
2018-07-05 21:00:00,0.7693924619640387,0.0216051321155317,0.58719744,0.0,0.58719744,0.0,0.0216051321155317
2018-07-05 22:00:00,0.764540110650069,0.0189426783539586,0.4607455,0.0,0.4607455,0.0,0.0189426783539586
2018-07-05 23:00:00,0.5871974412171507,0.0144312058503447,0.41767185,0.0,0.41767185,0.0,0.0144312058503447
2018-07-06 00:00:00,0.4607455048409405,0.0096714857162637,0.40783645,0.0,0.40783645,0.0,0.0096714857162637
2018-07-06 01:00:00,0.4176718533886585,0.0068149155611893,0.401537,0.0,0.401537,0.0,0.0068149155611893
2018-07-06 02:00:00,0.4078364453665283,0.005506614302039,0.40165733,0.0,0.40165733,0.0,0.005506614302039
2018-07-06 03:00:00,0.4015369986168742,0.0054739612442028,0.30820279,0.0,0.30820279,0.0,0.0054739612442028
2018-07-06 04:00:00,0.4016573305670816,0.0075282228374362,0.12273174,0.0,0.12273174,0.0,0.0075282228374362
2018-07-06 05:00:00,0.4156853388658367,0.0112506403029488,0.30339988,0.0,0.30339988,0.0,0.0112506403029488
2018-07-06 06:00:00,0.4444699170124482,0.0193212234791676,0.24728861,0.0,0.24728861,0.0,0.0193212234791676
2018-07-06 07:00:00,0.505356846473029,0.0218040940692522,0.0026471716,0.0,0.0026471716,0.0,0.0218040940692522
2018-07-06 08:00:00,0.5688658367911478,0.021092222130258,0.0,0.0,0.0,0.46056389,0.021092222130258
2018-07-06 09:00:00,0.6168160442600276,0.0196217346788497,0.0,0.0,0.0,0.52227635,0.0196217346788497
2018-07-06 10:00:00,0.6456120331950206,0.0200529687864835,0.0,0.0,0.0,0.23775926,0.0200529687864835
2018-07-06 11:00:00,0.6431780774550483,0.0203594980266948,0.0,0.0,0.0,0.4751809,0.0203594980266948
2018-07-06 12:00:00,0.6405069156293223,0.0194610633726561,0.0,0.0,0.0,0.38429345,0.0194610633726561
2018-07-06 13:00:00,0.6316469571230982,0.0171432980703503,0.0,0.0,0.0,0.2116969,0.0171432980703503
2018-07-06 14:00:00,0.5997285615491009,0.0152422232777329,0.0,0.0,0.0,0.0,0.0152422232777329
2018-07-06 15:00:00,0.5950746887966804,0.0160994654819434,0.083076227,0.0,0.083076227,0.0,0.0160994654819434
2018-07-06 16:00:00,0.6184318810511756,0.0191850705001639,0.60824824,0.0,0.60824824,0.0,0.0191850705001639
2018-07-06 17:00:00,0.6586061549100968,0.0241630379868103,0.72465768,0.0,0.72465768,0.0,0.0241630379868103
2018-07-06 18:00:00,0.7022821576763485,0.0250223415428341,0.75331017,0.0,0.75331017,0.0,0.0250223415428341
2018-07-06 19:00:00,0.7246576763485476,0.0234718729493375,0.77906881,0.0,0.77906881,0.0,0.0234718729493375
2018-07-06 20:00:00,0.7533101659751037,0.021724406911902,0.75289972,0.0,0.75289972,0.0,0.021724406911902
2018-07-06 21:00:00,0.7790688105117565,0.0204824320683984,0.59067531,0.0,0.59067531,0.0,0.0204824320683984
2018-07-06 22:00:00,0.752899723374827,0.0178340204013932,0.45465007,0.0,0.45465007,0.0,0.0178340204013932
2018-07-06 23:00:00,0.5906753112033194,0.0133311045829911,0.41961065,0.0,0.41961065,0.0,0.0133311045829911
2018-07-07 00:00:00,0.4546500691562933,0.008817996140774,0.40666113,0.0,0.40666113,0.0,0.008817996140774
2018-07-07 01:00:00,0.4196106500691564,0.0060628714723417,0.40120712,0.0,0.40120712,0.0,0.0060628714723417
2018-07-07 02:00:00,0.4066611341632088,0.005294101381196,0.40480187,0.0,0.40480187,0.0,0.005294101381196
2018-07-07 03:00:00,0.401207123098202,0.0051816435721144,0.38149917,0.0,0.38149917,0.0,0.0051816435721144
2018-07-07 04:00:00,0.404801867219917,0.0052631119311153,0.36786619,0.0,0.36786619,0.0,0.0052631119311153
2018-07-07 05:00:00,0.4159809820193638,0.0067775379956734,0.31096113,0.0,0.31096113,0.0,0.0067775379956734
2018-07-07 06:00:00,0.4336874135546335,0.0103816352505547,0.3277484,0.0,0.3277484,0.0,0.0103816352505547
2018-07-07 07:00:00,0.4642821576763486,0.0159000296939974,0.36685333,0.0,0.36685333,0.0,0.0159000296939974
2018-07-07 08:00:00,0.5220197095435684,0.0198928128182433,0.37621286,0.0,0.37621286,0.0,0.0198928128182433
2018-07-07 09:00:00,0.6176147994467496,0.0214939470874353,0.22788944,0.0,0.22788944,0.0,0.0214939470874353
2018-07-07 10:00:00,0.6679768326417703,0.0199063672440095,0.0,0.0,0.0,0.09878122,0.0199063672440095
2018-07-07 11:00:00,0.6800988934993083,0.0203763485401763,0.0,0.0,0.0,0.42272389,0.0203763485401763
2018-07-07 12:00:00,0.6693405947441216,0.0214817622846862,0.0,0.0,0.0,0.30685886,0.0214817622846862
2018-07-07 13:00:00,0.6709432918395574,0.0196970397342744,0.0,0.0,0.0,0.14194155,0.0196970397342744
2018-07-07 14:00:00,0.6487340940525588,0.0179147416932942,0.0,0.0,0.0,0.0,0.0179147416932942
2018-07-07 15:00:00,0.6301787690179804,0.0181240380752335,0.20947726,0.0,0.20947726,0.0,0.0181240380752335
2018-07-07 16:00:00,0.6473208852005532,0.0192173534830937,0.64377196,0.0,0.64377196,0.0,0.0192173534830937
2018-07-07 17:00:00,0.6808730982019363,0.023826729821912,0.73507953,0.0,0.73507953,0.0,0.023826729821912
2018-07-07 18:00:00,0.732914937759336,0.0258707849567541,0.74727282,0.0,0.74727282,0.0,0.0258707849567541
2018-07-07 19:00:00,0.735079529737206,0.023756547018225,0.77893983,0.0,0.77893983,0.0,0.023756547018225
2018-07-07 20:00:00,0.7472728215767636,0.0225151117231829,0.77975864,0.0,0.77975864,0.0,0.0225151117231829
2018-07-07 21:00:00,0.7789398340248962,0.0199464944314913,0.60630463,0.0,0.60630463,0.0,0.0199464944314913
2018-07-07 22:00:00,0.7797586445366528,0.0182184002590003,0.46047268,0.0,0.46047268,0.0,0.0182184002590003
2018-07-07 23:00:00,0.6063046334716458,0.0136060183585613,0.42057746,0.0,0.42057746,0.0,0.0136060183585613
2018-07-08 00:00:00,0.4604726832641771,0.0093849751074214,0.40743638,0.0,0.40743638,0.0,0.0093849751074214
2018-07-08 01:00:00,0.4205774550484096,0.0064566346310721,0.39975,0.0,0.39975,0.0,0.0064566346310721
2018-07-08 02:00:00,0.4074363762102351,0.0055112800127709,0.40137448,0.0,0.40137448,0.0,0.0055112800127709
2018-07-08 03:00:00,0.3997500000000001,0.0047074911513054,0.40268852,0.0,0.40268852,0.0,0.0047074911513054
2018-07-08 04:00:00,0.4013744813278008,0.0055920808534833,0.39514486,0.0,0.39514486,0.0,0.0055920808534833
2018-07-08 05:00:00,0.4133004840940525,0.0068280065286618,0.37782653,0.0,0.37782653,0.0,0.0068280065286618
2018-07-08 06:00:00,0.4333914246196404,0.0099237419151061,0.41121337,0.0,0.41121337,0.0,0.0099237419151061
2018-07-08 07:00:00,0.4667029737206086,0.0161690879853053,0.43332942,0.0,0.43332942,0.0,0.0161690879853053
2018-07-08 08:00:00,0.529232019363762,0.0211977557340871,0.40404519,0.0,0.40404519,0.0,0.0211977557340871
2018-07-08 09:00:00,0.6041891424619641,0.0213373777330048,0.20939424,0.0,0.20939424,0.0,0.0213373777330048
2018-07-08 10:00:00,0.6878641078838174,0.0213839518328693,0.0,0.0,0.0,0.1574647,0.0213839518328693
2018-07-08 11:00:00,0.7137057399723375,0.0220913413692627,0.0,0.0,0.0,0.42056364,0.0220913413692627
2018-07-08 12:00:00,0.6785169432918395,0.0225786677649999,0.0,0.0,0.0,0.30911866,0.0225786677649999
2018-07-08 13:00:00,0.6722493084370678,0.0204450337510189,0.0,0.0,0.0,0.16478551,0.0204450337510189
2018-07-08 14:00:00,0.6601241355463346,0.0189428927898855,0.0,0.0,0.0,0.0,0.0189428927898855
2018-07-08 15:00:00,0.6242036652835407,0.0180776265316362,0.1872611,0.0,0.1872611,0.0,0.0180776265316362
2018-07-08 16:00:00,0.6434761410788381,0.0197558989375636,0.63724645,0.0,0.63724645,0.0,0.0197558989375636
2018-07-08 17:00:00,0.7092918395573997,0.0244419499548236,0.72222165,0.0,0.72222165,0.0,0.0244419499548236
2018-07-08 18:00:00,0.7262413554633471,0.0262645411981964,0.75299585,0.0,0.75299585,0.0,0.0262645411981964
2018-07-08 19:00:00,0.7222216459197787,0.024750575133288,0.79582192,0.0,0.79582192,0.0,0.024750575133288
2018-07-08 20:00:00,0.7529958506224067,0.0222554159811347,0.77640111,0.0,0.77640111,0.0,0.0222554159811347
2018-07-08 21:00:00,0.7958219225449514,0.0209345390924649,0.60935512,0.0,0.60935512,0.0,0.0209345390924649
2018-07-08 22:00:00,0.7764011065006916,0.018540382720524,0.46824585,0.0,0.46824585,0.0,0.018540382720524
2018-07-08 23:00:00,0.6093551175656983,0.0141304317937198,0.42427835,0.0,0.42427835,0.0,0.0141304317937198
2018-07-09 00:00:00,0.4682458506224067,0.0098041143370496,0.40761826,0.0,0.40761826,0.0,0.0098041143370496
2018-07-09 01:00:00,0.4242783540802214,0.0069029484264686,0.39815629,0.0,0.39815629,0.0,0.0069029484264686
2018-07-09 02:00:00,0.4076182572614108,0.0054045428008359,0.40295505,0.0,0.40295505,0.0,0.0054045428008359
2018-07-09 03:00:00,0.3981562932226833,0.0057661301945999,0.33852084,0.0,0.33852084,0.0,0.0057661301945999
2018-07-09 04:00:00,0.4029550484094052,0.0067764070190912,0.31697061,0.0,0.31697061,0.0,0.0067764070190912
2018-07-09 05:00:00,0.4162717842323651,0.0114935789149031,0.29071954,0.0,0.29071954,0.0,0.0114935789149031
2018-07-09 06:00:00,0.4410767634854772,0.018343029036255,0.16172596,0.0,0.16172596,0.0,0.018343029036255
2018-07-09 07:00:00,0.5007313278008299,0.0215195756393435,0.057263179,0.0,0.057263179,0.0,0.0215195756393435
2018-07-09 08:00:00,0.570323305670816,0.020470849069702,0.0,0.0,0.0,0.30908945,0.020470849069702
2018-07-09 09:00:00,0.6055836791147994,0.0189104057469606,0.0,0.0,0.0,0.35303103,0.0189104057469606
2018-07-09 10:00:00,0.6523160442600275,0.0193399520363312,0.0,0.0,0.0,0.21809747,0.0193399520363312
2018-07-09 11:00:00,0.639204356846473,0.0196057349917881,0.0,0.0,0.0,0.43812036,0.0196057349917881
2018-07-09 12:00:00,0.6072209543568464,0.0192429543658502,0.0,0.0,0.0,0.36950017,0.0192429543658502
2018-07-09 13:00:00,0.6095556708160442,0.0166609936256751,0.0,0.0,0.0,0.17983971,0.0166609936256751
2018-07-09 14:00:00,0.5936438450899031,0.0150999623334568,0.0,0.0,0.0,0.0,0.0150999623334568
2018-07-09 15:00:00,0.5850867911479943,0.0158950596225949,0.38188586,0.0,0.38188586,0.0,0.0158950596225949
2018-07-09 16:00:00,0.6187223374827109,0.0200111261115868,0.6325282,0.0,0.6325282,0.0,0.0200111261115868
2018-07-09 17:00:00,0.6757302904564315,0.0247138858379246,0.72764246,0.0,0.72764246,0.0,0.0247138858379246
2018-07-09 18:00:00,0.722371715076072,0.0268972240245744,0.74987448,0.0,0.74987448,0.0,0.0268972240245744
2018-07-09 19:00:00,0.7276424619640386,0.023982116320101,0.77667116,0.0,0.77667116,0.0,0.023982116320101
2018-07-09 20:00:00,0.7498744813278009,0.0224003262467012,0.76166667,0.0,0.76166667,0.0,0.0224003262467012
2018-07-09 21:00:00,0.776671161825726,0.0209594586223568,0.59097337,0.0,0.59097337,0.0,0.0209594586223568
2018-07-09 22:00:00,0.7616666666666667,0.0196734690755356,0.46692946,0.0,0.46692946,0.0,0.0196734690755356
2018-07-09 23:00:00,0.5909733748271091,0.0139176525572903,0.42808402,0.0,0.42808402,0.0,0.0139176525572903
2018-07-10 00:00:00,0.4669294605809129,0.0094220310190467,0.41634716,0.0,0.41634716,0.0,0.0094220310190467
2018-07-10 01:00:00,0.4280840248962657,0.0063301520206428,0.40132261,0.0,0.40132261,0.0,0.0063301520206428
2018-07-10 02:00:00,0.4163471645919779,0.005438963225747,0.39877974,0.0,0.39877974,0.0,0.005438963225747
2018-07-10 03:00:00,0.4013226141078839,0.0052788141747946,0.3105188,0.0,0.3105188,0.0,0.0052788141747946
2018-07-10 04:00:00,0.3987797372060858,0.0075511916921218,0.10238851,0.0,0.10238851,0.0,0.0075511916921218
2018-07-10 05:00:00,0.41116459197787,0.0111157739395065,0.12705573,0.0,0.12705573,0.0,0.0111157739395065
2018-07-10 06:00:00,0.4403357538035962,0.0180439255046736,0.0,0.0,0.0,0.23764393,0.0180439255046736
2018-07-10 07:00:00,0.4969567773167358,0.0219014721905713,0.0,0.0,0.0,0.34944566,0.0219014721905713
2018-07-10 08:00:00,0.5651618257261409,0.0205649518551701,0.0,0.0,0.0,0.45077579,0.0205649518551701
2018-07-10 09:00:00,0.6269872060857538,0.0190103536407585,0.0,0.0,0.0,0.511258,0.0190103536407585
2018-07-10 10:00:00,0.6458986860304287,0.0194278603904269,0.0,0.0,0.0,0.24332645,0.0194278603904269
2018-07-10 11:00:00,0.643984439834025,0.0195756413304989,0.0,0.0,0.0,0.4554069,0.0195756413304989
2018-07-10 12:00:00,0.6208468188105116,0.0197464430049162,0.0,0.0,0.0,0.37064859,0.0197464430049162
2018-07-10 13:00:00,0.6327199170124481,0.0174421145344812,0.0,0.0,0.0,0.20700108,0.0174421145344812
2018-07-10 14:00:00,0.5976607883817427,0.0154558395060062,0.0,0.0,0.0,0.0,0.0154558395060062
2018-07-10 15:00:00,0.5840283540802211,0.0162720379820798,0.09295922,0.0,0.09295922,0.0,0.0162720379820798
2018-07-10 16:00:00,0.6110988934993085,0.0200172271595714,0.63752177,0.0,0.63752177,0.0,0.0200172271595714
2018-07-10 17:00:00,0.6575909405255878,0.024478227671553,0.72611757,0.0,0.72611757,0.0,0.024478227671553
2018-07-10 18:00:00,0.7282005532503457,0.025539529870714,0.7412787,0.0,0.7412787,0.0,0.025539529870714
2018-07-10 19:00:00,0.7261175656984785,0.023529303732662,0.75781328,0.0,0.75781328,0.0,0.023529303732662
2018-07-10 20:00:00,0.7412786998616875,0.0220943123444434,0.7615816,0.0,0.7615816,0.0,0.0220943123444434
2018-07-10 21:00:00,0.7578132780082987,0.0208469143471757,0.58706362,0.0,0.58706362,0.0,0.0208469143471757
2018-07-10 22:00:00,0.7615816044260026,0.0190979092131682,0.4610083,0.0,0.4610083,0.0,0.0190979092131682
2018-07-10 23:00:00,0.5870636237897647,0.014238905244934,0.41457503,0.0,0.41457503,0.0,0.014238905244934
2018-07-11 00:00:00,0.4610082987551868,0.0096195610941588,0.40713935,0.0,0.40713935,0.0,0.0096195610941588
2018-07-11 01:00:00,0.4145750345781467,0.0066046991799507,0.39971542,0.0,0.39971542,0.0,0.0066046991799507
2018-07-11 02:00:00,0.4071393499308437,0.0055480557742338,0.39856397,0.0,0.39856397,0.0,0.0055480557742338
2018-07-11 03:00:00,0.3997154218533887,0.0053576332125051,0.31156369,0.0,0.31156369,0.0,0.0053576332125051
2018-07-11 04:00:00,0.3985639695712309,0.0072727570169782,0.10193435,0.0,0.10193435,0.0,0.0072727570169782
2018-07-11 05:00:00,0.4119076763485478,0.0116841052359511,0.0,0.0,0.0,0.088057735,0.0116841052359511
2018-07-11 06:00:00,0.4421773858921163,0.0188956062093607,0.0,0.0,0.0,0.23625313,0.0188956062093607
2018-07-11 07:00:00,0.5003793222683265,0.0215694665787868,0.0,0.0,0.0,0.36150046,0.0215694665787868
2018-07-11 08:00:00,0.5693112033195019,0.0194568334510659,0.0,0.0,0.0,0.4397411,0.0194568334510659
2018-07-11 09:00:00,0.6140010373443983,0.0191502523311949,0.0,0.0,0.0,0.51836196,0.0191502523311949
2018-07-11 10:00:00,0.6522818118948823,0.0194076792027908,0.0,0.0,0.0,0.23632778,0.0194076792027908
2018-07-11 11:00:00,0.6334225449515906,0.0192480524070796,0.0,0.0,0.0,0.47205288,0.0192480524070796
2018-07-11 12:00:00,0.6279401798063623,0.0198830317730617,0.0,0.0,0.0,0.38375827,0.0198830317730617
2018-07-11 13:00:00,0.6217365145228215,0.0173287747711841,0.0,0.0,0.0,0.21797435,0.0173287747711841
2018-07-11 14:00:00,0.5891763485477178,0.0151265247192401,0.0,0.0,0.0,0.0,0.0151265247192401
2018-07-11 15:00:00,0.5774201244813276,0.0161140229144646,0.094913178,0.0,0.094913178,0.0,0.0161140229144646
2018-07-11 16:00:00,0.6113374827109266,0.020242851799751,0.62578464,0.0,0.62578464,0.0,0.020242851799751
2018-07-11 17:00:00,0.6681047717842323,0.025347222348015,0.72853147,0.0,0.72853147,0.0,0.025347222348015
2018-07-11 18:00:00,0.71865836791148,0.0267020423687262,0.74499032,0.0,0.74499032,0.0,0.0267020423687262
2018-07-11 19:00:00,0.7285314661134162,0.0242696956499336,0.77852732,0.0,0.77852732,0.0,0.0242696956499336
2018-07-11 20:00:00,0.7449903181189489,0.0225431855363864,0.76027006,0.0,0.76027006,0.0,0.0225431855363864
2018-07-11 21:00:00,0.7785273167358229,0.0211653655331937,0.59119225,0.0,0.59119225,0.0,0.0211653655331937
2018-07-11 22:00:00,0.7602700553250346,0.0191052588316304,0.46064869,0.0,0.46064869,0.0,0.0191052588316304
2018-07-11 23:00:00,0.5911922544951589,0.0142680616137039,0.42676383,0.0,0.42676383,0.0,0.0142680616137039
2018-07-12 00:00:00,0.4606486860304288,0.0095972286299654,0.40915733,0.0,0.40915733,0.0,0.0095972286299654
2018-07-12 01:00:00,0.4267638312586446,0.0068891795647754,0.39787172,0.0,0.39787172,0.0,0.0068891795647754
2018-07-12 02:00:00,0.4091573305670816,0.005594463859187,0.39888174,0.0,0.39888174,0.0,0.005594463859187
2018-07-12 03:00:00,0.3978717150760719,0.0053803046238087,0.31130048,0.0,0.31130048,0.0,0.0053803046238087
2018-07-12 04:00:00,0.3988817427385892,0.0072888777565792,0.10041741,0.0,0.10041741,0.0,0.0072888777565792
2018-07-12 05:00:00,0.4113091286307054,0.0116542329278768,0.0,0.0,0.0,0.085342216,0.0116542329278768
2018-07-12 06:00:00,0.4418181189488244,0.0182883547921844,0.0,0.0,0.0,0.23961991,0.0182883547921844
2018-07-12 07:00:00,0.5028858921161825,0.0219073622612731,0.0,0.0,0.0,0.36126928,0.0219073622612731
2018-07-12 08:00:00,0.5661538727524204,0.0200841415446951,0.0,0.0,0.0,0.46034207,0.0200841415446951
2018-07-12 09:00:00,0.6191694329183954,0.0193676696092045,0.0,0.0,0.0,0.51083096,0.0193676696092045
2018-07-12 10:00:00,0.6399536652835407,0.0197237992627647,0.0,0.0,0.0,0.22657845,0.0197237992627647
2018-07-12 11:00:00,0.6486715076071922,0.019986023273564,0.0,0.0,0.0,0.46090083,0.019986023273564
2018-07-12 12:00:00,0.642988243430152,0.0197640786305815,0.0,0.0,0.0,0.3768626,0.0197640786305815
2018-07-12 13:00:00,0.6327036652835407,0.0167306610914089,0.0,0.0,0.0,0.20952478,0.0167306610914089
2018-07-12 14:00:00,0.5955134854771784,0.0155360558358856,0.0,0.0,0.0,0.0,0.0155360558358856
2018-07-12 15:00:00,0.5858903872752419,0.0168703799323581,0.079011767,0.0,0.079011767,0.0,0.0168703799323581
2018-07-12 16:00:00,0.6062337482710927,0.0199292980536116,0.63696106,0.0,0.63696106,0.0,0.0199292980536116
2018-07-12 17:00:00,0.6594111341632088,0.0257229694302423,0.74875519,0.0,0.74875519,0.0,0.0257229694302423
2018-07-12 18:00:00,0.7294585062240664,0.0265638764589248,0.76528147,0.0,0.76528147,0.0,0.0265638764589248
2018-07-12 19:00:00,0.7487551867219916,0.0247420357412959,0.76856708,0.0,0.76856708,0.0,0.0247420357412959
2018-07-12 20:00:00,0.7652814661134163,0.0215694250750593,0.74326902,0.0,0.74326902,0.0,0.0215694250750593
2018-07-12 21:00:00,0.7685670816044259,0.0203981103281124,0.58151279,0.0,0.58151279,0.0,0.0203981103281124
2018-07-12 22:00:00,0.7432690179806362,0.0184654788678013,0.45826176,0.0,0.45826176,0.0,0.0184654788678013
2018-07-12 23:00:00,0.581512793914246,0.0144256512681091,0.41994537,0.0,0.41994537,0.0,0.0144256512681091
2018-07-13 00:00:00,0.4582617565698479,0.0094837747314173,0.40862137,0.0,0.40862137,0.0,0.0094837747314173
2018-07-13 01:00:00,0.4199453665283542,0.0068946407636233,0.40335685,0.0,0.40335685,0.0,0.0068946407636233
2018-07-13 02:00:00,0.4086213692946058,0.0057409235972577,0.39916079,0.0,0.39916079,0.0,0.0057409235972577
2018-07-13 03:00:00,0.4033568464730291,0.0056701459068058,0.31768275,0.0,0.31768275,0.0,0.0056701459068058
2018-07-13 04:00:00,0.3991607883817427,0.0074015672948076,0.1114687,0.0,0.1114687,0.0,0.0074015672948076
2018-07-13 05:00:00,0.4158402489626556,0.0113745047198837,0.0,0.0,0.0,0.080358069,0.0113745047198837
2018-07-13 06:00:00,0.4450138312586445,0.0192808541866071,0.0,0.0,0.0,0.22560997,0.0192808541866071
2018-07-13 07:00:00,0.497725449515906,0.0218613657549536,0.0,0.0,0.0,0.34578034,0.0218613657549536
2018-07-13 08:00:00,0.5676071922544951,0.0201493542769796,0.0,0.0,0.0,0.42291694,0.0201493542769796
2018-07-13 09:00:00,0.6166867219917012,0.0190972036497957,0.0,0.0,0.0,0.51326232,0.0190972036497957
2018-07-13 10:00:00,0.6543284923928077,0.0194976108636162,0.0,0.0,0.0,0.2331467,0.0194976108636162
2018-07-13 11:00:00,0.6275117565698479,0.0198790059114663,0.0,0.0,0.0,0.44816218,0.0198790059114663
2018-07-13 12:00:00,0.6225414937759335,0.0199543905157026,0.0,0.0,0.0,0.36812687,0.0199543905157026
2018-07-13 13:00:00,0.6365615491009682,0.0171755015044686,0.0,0.0,0.0,0.20614484,0.0171755015044686
2018-07-13 14:00:00,0.59850622406639,0.0158690091161211,0.0,0.0,0.0,0.0,0.0158690091161211
2018-07-13 15:00:00,0.5845221300138311,0.0166774325605226,0.101984,0.0,0.101984,0.0,0.0166774325605226
2018-07-13 16:00:00,0.6060681189488243,0.0205869038685252,0.63152731,0.0,0.63152731,0.0,0.0205869038685252
2018-07-13 17:00:00,0.6713779391424619,0.0251734220292653,0.72110062,0.0,0.72110062,0.0,0.0251734220292653
2018-07-13 18:00:00,0.7205594744121715,0.0259556012831297,0.74273721,0.0,0.74273721,0.0,0.0259556012831297
2018-07-13 19:00:00,0.7211006224066389,0.0248189525248165,0.76694882,0.0,0.76694882,0.0,0.0248189525248165
2018-07-13 20:00:00,0.7427372060857539,0.0226667801790908,0.76537932,0.0,0.76537932,0.0,0.0226667801790908
2018-07-13 21:00:00,0.7669488243430151,0.0218426544910099,0.58944191,0.0,0.58944191,0.0,0.0218426544910099
2018-07-13 22:00:00,0.7653793222683264,0.0187316180635883,0.45832884,0.0,0.45832884,0.0,0.0187316180635883
2018-07-13 23:00:00,0.5894419087136927,0.0140057926405329,0.41346231,0.0,0.41346231,0.0,0.0140057926405329
2018-07-14 00:00:00,0.4583288381742739,0.0099152301922658,0.40815871,0.0,0.40815871,0.0,0.0099152301922658
2018-07-14 01:00:00,0.4134623098201937,0.0070174641287194,0.40055463,0.0,0.40055463,0.0,0.0070174641287194
2018-07-14 02:00:00,0.4081587136929461,0.005513019710694,0.40039488,0.0,0.40039488,0.0,0.005513019710694
2018-07-14 03:00:00,0.400554633471646,0.0057410999881008,0.3199607,0.0,0.3199607,0.0,0.0057410999881008
2018-07-14 04:00:00,0.4003948824343015,0.0061659356043673,0.099796028,0.0,0.099796028,0.0,0.0061659356043673
2018-07-14 05:00:00,0.4159097510373444,0.0072606068006686,0.0,0.0,0.0,0.11401405,0.0072606068006686
2018-07-14 06:00:00,0.435078838174274,0.0106524401570738,0.0,0.0,0.0,0.27094086,0.0106524401570738
2018-07-14 07:00:00,0.4710636237897648,0.0160163681016269,0.0,0.0,0.0,0.35119333,0.0160163681016269
2018-07-14 08:00:00,0.5329387966804978,0.0202582669759795,0.0,0.0,0.0,0.42633951,0.0202582669759795
2018-07-14 09:00:00,0.625966804979253,0.0222384547910458,0.0,0.0,0.0,0.45421336,0.0222384547910458
2018-07-14 10:00:00,0.6677821576763484,0.0220480910262651,0.0,0.0,0.0,0.19792619,0.0220480910262651
2018-07-14 11:00:00,0.6984007607192254,0.0217813188986294,0.0,0.0,0.0,0.43535108,0.0217813188986294
2018-07-14 12:00:00,0.6675228215767635,0.0224599878553942,0.0,0.0,0.0,0.33810511,0.0224599878553942
2018-07-14 13:00:00,0.6586054633471645,0.0200761347838763,0.0,0.0,0.0,0.16661426,0.0200761347838763
2018-07-14 14:00:00,0.6369107883817426,0.0185061179345923,0.0,0.0,0.0,0.0,0.0185061179345923
2018-07-14 15:00:00,0.6309564315352695,0.0189622923239817,0.18513924,0.0,0.18513924,0.0,0.0189622923239817
2018-07-14 16:00:00,0.6579598893499308,0.0203230854228502,0.64877205,0.0,0.64877205,0.0,0.0203230854228502
2018-07-14 17:00:00,0.7129733748271093,0.0249151616244695,0.73026971,0.0,0.73026971,0.0,0.0249151616244695
2018-07-14 18:00:00,0.739115491009682,0.0264242994223789,0.77224066,0.0,0.77224066,0.0,0.0264242994223789
2018-07-14 19:00:00,0.7302697095435684,0.0243766818842355,0.80251003,0.0,0.80251003,0.0,0.0243766818842355
2018-07-14 20:00:00,0.7722406639004149,0.0221112458653803,0.78698997,0.0,0.78698997,0.0,0.0221112458653803
2018-07-14 21:00:00,0.8025100276625172,0.0205509166778904,0.60870401,0.0,0.60870401,0.0,0.0205509166778904
2018-07-14 22:00:00,0.7869899723374828,0.0187740902116899,0.46119156,0.0,0.46119156,0.0,0.0187740902116899
2018-07-14 23:00:00,0.6087040110650067,0.0141727067991143,0.41424965,0.0,0.41424965,0.0,0.0141727067991143
2018-07-15 00:00:00,0.4611915629322269,0.0098371582216554,0.40895367,0.0,0.40895367,0.0,0.0098371582216554
2018-07-15 01:00:00,0.414249654218534,0.0068414260673128,0.39800968,0.0,0.39800968,0.0,0.0068414260673128
2018-07-15 02:00:00,0.4089536652835408,0.0061245425531885,0.39928285,0.0,0.39928285,0.0,0.0061245425531885
2018-07-15 03:00:00,0.3980096818810512,0.005780905521692,0.31516632,0.0,0.31516632,0.0,0.005780905521692
2018-07-15 04:00:00,0.3992828492392808,0.0061562479425731,0.095997853,0.0,0.095997853,0.0,0.0061562479425731
2018-07-15 05:00:00,0.4123364453665284,0.0076445474104896,0.0,0.0,0.0,0.12316995,0.0076445474104896
2018-07-15 06:00:00,0.434999654218534,0.011122276190193,0.0,0.0,0.0,0.28118967,0.011122276190193
2018-07-15 07:00:00,0.4652496542185339,0.0166558609980055,0.0,0.0,0.0,0.35787528,0.0166558609980055
2018-07-15 08:00:00,0.5240722683264176,0.0204653809535661,0.0,0.0,0.0,0.41605874,0.0204653809535661
2018-07-15 09:00:00,0.6192278699861686,0.0213069831696891,0.0,0.0,0.0,0.46167803,0.0213069831696891
2018-07-15 10:00:00,0.678436376210235,0.0210477612618667,0.0,0.0,0.0,0.19455753,0.0210477612618667
2018-07-15 11:00:00,0.6918205394190872,0.0211354067590198,0.0,0.0,0.0,0.42464182,0.0211354067590198
2018-07-15 12:00:00,0.672399723374827,0.0223355458449144,0.0,0.0,0.0,0.33840068,0.0223355458449144
2018-07-15 13:00:00,0.667015214384509,0.0205919742406031,0.0,0.0,0.0,0.15569337,0.0205919742406031
2018-07-15 14:00:00,0.6313993775933611,0.0187985324487122,0.0,0.0,0.0,0.0,0.0187985324487122
2018-07-15 15:00:00,0.6354979253112031,0.0183111368800952,0.19237446,0.0,0.19237446,0.0,0.0183111368800952
2018-07-15 16:00:00,0.6503461272475795,0.0202313172220703,0.64175398,0.0,0.64175398,0.0,0.0202313172220703
2018-07-15 17:00:00,0.7123986860304287,0.0254756314231427,0.72787241,0.0,0.72787241,0.0,0.0254756314231427
2018-07-15 18:00:00,0.729060857538036,0.0270153228819908,0.75704876,0.0,0.75704876,0.0,0.0270153228819908
2018-07-15 19:00:00,0.7278724066390041,0.025455156250768,0.77098963,0.0,0.77098963,0.0,0.025455156250768
2018-07-15 20:00:00,0.7570487551867221,0.0225367178721399,0.77384647,0.0,0.77384647,0.0,0.0225367178721399
2018-07-15 21:00:00,0.7709896265560165,0.0216906125015519,0.60446819,0.0,0.60446819,0.0,0.0216906125015519
2018-07-15 22:00:00,0.7738464730290456,0.018635211821228,0.46258299,0.0,0.46258299,0.0,0.018635211821228
2018-07-15 23:00:00,0.6044681881051174,0.0147459251595058,0.41720505,0.0,0.41720505,0.0,0.0147459251595058
2018-07-16 00:00:00,0.4625829875518673,0.0098485959573047,0.40863105,0.0,0.40863105,0.0,0.0098485959573047
2018-07-16 01:00:00,0.4172050484094053,0.00724714575829,0.4038112,0.0,0.4038112,0.0,0.00724714575829
2018-07-16 02:00:00,0.408631051175657,0.0056671368865412,0.40245436,0.0,0.40245436,0.0,0.0056671368865412
2018-07-16 03:00:00,0.4038112033195021,0.0056522197550459,0.31922724,0.0,0.31922724,0.0,0.0056522197550459
2018-07-16 04:00:00,0.402454356846473,0.0072952624133704,0.10004797,0.0,0.10004797,0.0,0.0072952624133704
2018-07-16 05:00:00,0.4175833333333333,0.011614129950903,0.0,0.0,0.0,0.085293744,0.011614129950903
2018-07-16 06:00:00,0.4440421853388659,0.0195122409276609,0.0,0.0,0.0,0.24037843,0.0195122409276609
2018-07-16 07:00:00,0.5101390041493776,0.0228949330880211,0.0,0.0,0.0,0.36744217,0.0228949330880211
2018-07-16 08:00:00,0.5768533886583679,0.0199705112553036,0.0,0.0,0.0,0.46453192,0.0199705112553036
2018-07-16 09:00:00,0.6234356846473028,0.0196157961871322,0.0,0.0,0.0,0.53328676,0.0196157961871322
2018-07-16 10:00:00,0.642890733056708,0.0204144178344882,0.0,0.0,0.0,0.24392567,0.0204144178344882
2018-07-16 11:00:00,0.6328530428769018,0.0196988382291452,0.0,0.0,0.0,0.48386813,0.0196988382291452
2018-07-16 12:00:00,0.6346082295988935,0.0198684293781687,0.0,0.0,0.0,0.39972933,0.0198684293781687
2018-07-16 13:00:00,0.623826417704011,0.0168649187335102,0.0,0.0,0.0,0.21870238,0.0168649187335102
2018-07-16 14:00:00,0.5864204702627939,0.01530927946726,0.0,0.0,0.0,0.0,0.01530927946726
2018-07-16 15:00:00,0.589244467496542,0.017240970176408,0.076366306,0.0,0.076366306,0.0,0.017240970176408
2018-07-16 16:00:00,0.6114336099585063,0.0194546890917969,0.61980916,0.0,0.61980916,0.0,0.0194546890917969
2018-07-16 17:00:00,0.6591158367911479,0.0242332207904973,0.72213728,0.0,0.72213728,0.0,0.0242332207904973
2018-07-16 18:00:00,0.7088713692946058,0.0266541090217769,0.74273755,0.0,0.74273755,0.0,0.0266541090217769
2018-07-16 19:00:00,0.7221372752420468,0.0241576805472819,0.7817417,0.0,0.7817417,0.0,0.0241576805472819
2018-07-16 20:00:00,0.74273755186722,0.0233782924191108,0.77043811,0.0,0.77043811,0.0,0.0233782924191108
2018-07-16 21:00:00,0.7817417012448131,0.0210359015716515,0.58126279,0.0,0.58126279,0.0,0.0210359015716515
2018-07-16 22:00:00,0.7704381051175657,0.0190821308793213,0.45180463,0.0,0.45180463,0.0,0.0190821308793213
2018-07-16 23:00:00,0.5812627939142461,0.0142525910991713,0.41886515,0.0,0.41886515,0.0,0.0142525910991713
2018-07-17 00:00:00,0.4518046334716459,0.0094033785520506,0.40529461,0.0,0.40529461,0.0,0.0094033785520506
2018-07-17 01:00:00,0.4188651452282159,0.0067732700289995,0.39824758,0.0,0.39824758,0.0,0.0067732700289995
2018-07-17 02:00:00,0.4052946058091286,0.0058107985816304,0.40118638,0.0,0.40118638,0.0,0.0058107985816304
2018-07-17 03:00:00,0.3982475795297372,0.0055850217611157,0.3219016,0.0,0.3219016,0.0,0.0055850217611157
2018-07-17 04:00:00,0.4011863762102351,0.0074279048687321,0.10818103,0.0,0.10818103,0.0,0.0074279048687321
2018-07-17 05:00:00,0.4120155601659751,0.0117992434941189,0.0,0.0,0.0,0.082403022,0.0117992434941189
2018-07-17 06:00:00,0.437481673582296,0.0190411943691478,0.0,0.0,0.0,0.23175155,0.0190411943691478
2018-07-17 07:00:00,0.4985439142461965,0.0213933420512809,0.0,0.0,0.0,0.37239074,0.0213933420512809
2018-07-17 08:00:00,0.5729422544951589,0.0212705221448287,0.0,0.0,0.0,0.45098223,0.0212705221448287
2018-07-17 09:00:00,0.6119557399723374,0.0197108708515591,0.0,0.0,0.0,0.52936974,0.0197108708515591
2018-07-17 10:00:00,0.6568143153526971,0.0200971460460682,0.0,0.0,0.0,0.25094774,0.0200971460460682
2018-07-17 11:00:00,0.6427631396957122,0.0201506512684732,0.0,0.0,0.0,0.4887104,0.0201506512684732
2018-07-17 12:00:00,0.6355615491009681,0.019320725434434,0.0,0.0,0.0,0.39548021,0.019320725434434
2018-07-17 13:00:00,0.623582295988935,0.0174834142022729,0.0,0.0,0.0,0.21904424,0.0174834142022729
2018-07-17 14:00:00,0.593405947441217,0.0153963888745959,0.0,0.0,0.0,0.0,0.0153963888745959
2018-07-17 15:00:00,0.5887541493775932,0.0166911357079801,0.094922406,0.0,0.094922406,0.0,0.0166911357079801
2018-07-17 16:00:00,0.6069066390041493,0.0202068403986081,0.62131128,0.0,0.62131128,0.0,0.0202068403986081
2018-07-17 17:00:00,0.6722949515905946,0.0245338980050907,0.73285304,0.0,0.73285304,0.0,0.0245338980050907
2018-07-17 18:00:00,0.7060950899031813,0.027070495170795,0.75912068,0.0,0.75912068,0.0,0.027070495170795
2018-07-17 19:00:00,0.7328530428769017,0.0245713239916221,0.80037656,0.0,0.80037656,0.0,0.0245713239916221
2018-07-17 20:00:00,0.7591206777316737,0.023003057216193,0.75095228,0.0,0.75095228,0.0,0.023003057216193
2018-07-17 21:00:00,0.8003765560165974,0.0210038053554967,0.588,0.0,0.588,0.0,0.0210038053554967
2018-07-17 22:00:00,0.7509522821576763,0.0190213797977737,0.457574,0.0,0.457574,0.0,0.0190213797977737
2018-07-17 23:00:00,0.588,0.0150410201227119,0.42438278,0.0,0.42438278,0.0,0.0150410201227119
2018-07-18 00:00:00,0.4575739972337483,0.0100113839536151,0.40846646,0.0,0.40846646,0.0,0.0100113839536151
2018-07-18 01:00:00,0.4243827800829876,0.0072165782627753,0.40065906,0.0,0.40065906,0.0,0.0072165782627753
2018-07-18 02:00:00,0.408466459197787,0.0060637534265572,0.40309993,0.0,0.40309993,0.0,0.0060637534265572
2018-07-18 03:00:00,0.4006590594744122,0.0059847130356317,0.32346734,0.0,0.32346734,0.0,0.0059847130356317
2018-07-18 04:00:00,0.4030999308437067,0.0073405671908933,0.10171014,0.0,0.10171014,0.0,0.0073405671908933
2018-07-18 05:00:00,0.413941908713693,0.0114493739861666,0.0,0.0,0.0,0.093007082,0.0114493739861666
2018-07-18 06:00:00,0.4368696403872753,0.0197365339899072,0.0,0.0,0.0,0.21545143,0.0197365339899072
2018-07-18 07:00:00,0.4983288381742738,0.0224817773124823,0.0,0.0,0.0,0.37745783,0.0224817773124823
2018-07-18 08:00:00,0.5636881051175656,0.0207820716897972,0.0,0.0,0.0,0.46245384,0.0207820716897972
2018-07-18 09:00:00,0.6127966804979252,0.0190406409861107,0.0,0.0,0.0,0.52847062,0.0190406409861107
2018-07-18 10:00:00,0.6471372752420469,0.0201544523182095,0.0,0.0,0.0,0.26032784,0.0201544523182095
2018-07-18 11:00:00,0.6423191562932226,0.0202787006446263,0.0,0.0,0.0,0.48265232,0.0202787006446263
2018-07-18 12:00:00,0.6228381742738589,0.020113899717518,0.0,0.0,0.0,0.39166013,0.020113899717518
2018-07-18 13:00:00,0.6269387966804979,0.0169501431798758,0.0,0.0,0.0,0.22978856,0.0169501431798758
2018-07-18 14:00:00,0.5950681189488243,0.0159778595595291,0.0,0.0,0.0,0.0,0.0159778595595291
2018-07-18 15:00:00,0.5752192254495158,0.0165833193991226,0.086553041,0.0,0.086553041,0.0,0.0165833193991226
2018-07-18 16:00:00,0.6050394190871369,0.0198168679136821,0.62246241,0.0,0.62246241,0.0,0.0198168679136821
2018-07-18 17:00:00,0.6663876210235131,0.0253264635668338,0.71333887,0.0,0.71333887,0.0,0.0253264635668338
2018-07-18 18:00:00,0.7097783540802213,0.0263540612803882,0.74233402,0.0,0.74233402,0.0,0.0263540612803882
2018-07-18 19:00:00,0.7133388658367911,0.0242542666391291,0.7704796,0.0,0.7704796,0.0,0.0242542666391291
2018-07-18 20:00:00,0.7423340248962655,0.0221259347263726,0.76673651,0.0,0.76673651,0.0,0.0221259347263726
2018-07-18 21:00:00,0.7704795988934993,0.0211454714130079,0.59125899,0.0,0.59125899,0.0,0.0211454714130079
2018-07-18 22:00:00,0.7667365145228217,0.0183359630265995,0.45872372,0.0,0.45872372,0.0,0.0183359630265995
2018-07-18 23:00:00,0.5912589903181188,0.0137771658973769,0.41308472,0.0,0.41308472,0.0,0.0137771658973769
2018-07-19 00:00:00,0.4587237206085753,0.0098041108784054,0.40497476,0.0,0.40497476,0.0,0.0098041108784054
2018-07-19 01:00:00,0.4130847164591978,0.0066741072473856,0.39736307,0.0,0.39736307,0.0,0.0066741072473856
2018-07-19 02:00:00,0.4049747579529737,0.0056601919294249,0.40044398,0.0,0.40044398,0.0,0.0056601919294249
2018-07-19 03:00:00,0.3973630705394191,0.0056975418257889,0.40680932,0.0,0.40680932,0.0,0.0056975418257889
2018-07-19 04:00:00,0.4004439834024896,0.0069364523107239,0.38677257,0.0,0.38677257,0.0,0.0069364523107239
2018-07-19 05:00:00,0.4134394882434302,0.0115326650505462,0.19633496,0.0,0.19633496,0.0,0.0115326650505462
2018-07-19 06:00:00,0.4405283540802213,0.0192526524035762,0.0,0.0,0.0,0.17821233,0.0192526524035762
2018-07-19 07:00:00,0.499512102351314,0.0215461034386871,0.0,0.0,0.0,0.36206793,0.0215461034386871
2018-07-19 08:00:00,0.5795840248962655,0.020403391677473,0.0,0.0,0.0,0.45433435,0.020403391677473
2018-07-19 09:00:00,0.6203281466113416,0.0188951150819153,0.0,0.0,0.0,0.5397378,0.0188951150819153
2018-07-19 10:00:00,0.635463692946058,0.0201570117147564,0.0,0.0,0.0,0.23446272,0.0201570117147564
2018-07-19 11:00:00,0.6277669432918395,0.0197156057351707,0.0,0.0,0.0,0.48933952,0.0197156057351707
2018-07-19 12:00:00,0.6451362378976485,0.0196503030781428,0.0,0.0,0.0,0.398392,0.0196503030781428
2018-07-19 13:00:00,0.6159401798063624,0.0168588626478974,0.0,0.0,0.0,0.21882418,0.0168588626478974
2018-07-19 14:00:00,0.5840667358229599,0.0156738101670528,0.0,0.0,0.0,0.0,0.0156738101670528
2018-07-19 15:00:00,0.5843872752420469,0.0165131054676399,0.082763782,0.0,0.082763782,0.0,0.0165131054676399
2018-07-19 16:00:00,0.6027019363762103,0.0201758336553075,0.6302817,0.0,0.6302817,0.0,0.0201758336553075
2018-07-19 17:00:00,0.6625363070539418,0.0245750939135626,0.71771058,0.0,0.71771058,0.0,0.0245750939135626
2018-07-19 18:00:00,0.7153769017980636,0.0250836978870785,0.75525899,0.0,0.75525899,0.0,0.0250836978870785
2018-07-19 19:00:00,0.7177105809128629,0.0242873589447508,0.77371957,0.0,0.77371957,0.0,0.0242873589447508
2018-07-19 20:00:00,0.7552589903181189,0.0222876194152531,0.77730602,0.0,0.77730602,0.0,0.0222876194152531
2018-07-19 21:00:00,0.7737195712309819,0.0214029812920595,0.59204737,0.0,0.59204737,0.0,0.0214029812920595
2018-07-19 22:00:00,0.7773060165975103,0.0183872616341436,0.46730636,0.0,0.46730636,0.0,0.0183872616341436
2018-07-19 23:00:00,0.5920473720608573,0.0143141099996829,0.41466563,0.0,0.41466563,0.0,0.0143141099996829
2018-07-20 00:00:00,0.4673063623789765,0.0098319529624622,0.40455636,0.0,0.40455636,0.0,0.0098319529624622
2018-07-20 01:00:00,0.4146656293222684,0.0071534925965398,0.40075864,0.0,0.40075864,0.0,0.0071534925965398
2018-07-20 02:00:00,0.4045563623789765,0.0058169134641909,0.39967012,0.0,0.39967012,0.0,0.0058169134641909
2018-07-20 03:00:00,0.4007586445366529,0.0055248033107413,0.3402631,0.0,0.3402631,0.0,0.0055248033107413
2018-07-20 04:00:00,0.3996701244813278,0.0070015716596209,0.36983404,0.0,0.36983404,0.0,0.0070015716596209
2018-07-20 05:00:00,0.4141566390041494,0.0119967874038067,0.32128378,0.0,0.32128378,0.0,0.0119967874038067
2018-07-20 06:00:00,0.4432154218533887,0.0196514824757406,0.0088923706,0.0,0.0088923706,0.0,0.0196514824757406
2018-07-20 07:00:00,0.5043973029045643,0.0223191449551508,0.0,0.0,0.0,0.36551849,0.0223191449551508
2018-07-20 08:00:00,0.5812825034578145,0.0207617141113178,0.0,0.0,0.0,0.4624884,0.0207617141113178
2018-07-20 09:00:00,0.6168775933609958,0.0200057306269744,0.0,0.0,0.0,0.51575065,0.0200057306269744
2018-07-20 10:00:00,0.6380269709543567,0.0204459018706583,0.0,0.0,0.0,0.24484693,0.0204459018706583
2018-07-20 11:00:00,0.6456313969571231,0.0202873818410217,0.0,0.0,0.0,0.45171362,0.0202873818410217
2018-07-20 12:00:00,0.627311203319502,0.0206142963288642,0.0,0.0,0.0,0.38002135,0.0206142963288642
2018-07-20 13:00:00,0.6469557399723375,0.0178475333234317,0.0,0.0,0.0,0.2040602,0.0178475333234317
2018-07-20 14:00:00,0.5963271092669432,0.0157183090805282,0.0,0.0,0.0,0.0,0.0157183090805282
2018-07-20 15:00:00,0.5912278699861686,0.0171133600480403,0.11644841,0.0,0.11644841,0.0,0.0171133600480403
2018-07-20 16:00:00,0.6085494467496542,0.020558940731929,0.64356249,0.0,0.64356249,0.0,0.020558940731929
2018-07-20 17:00:00,0.6776808437067773,0.0250261529685027,0.73250553,0.0,0.73250553,0.0,0.0250261529685027
2018-07-20 18:00:00,0.7257821576763486,0.0255385960368387,0.75523237,0.0,0.75523237,0.0,0.0255385960368387
2018-07-20 19:00:00,0.7325055325034577,0.0237732315167954,0.77257192,0.0,0.77257192,0.0,0.0237732315167954
2018-07-20 20:00:00,0.7552323651452283,0.0223940833943134,0.75758057,0.0,0.75758057,0.0,0.0223940833943134
2018-07-20 21:00:00,0.7725719225449516,0.0212391799130619,0.57509094,0.0,0.57509094,0.0,0.0212391799130619
2018-07-20 22:00:00,0.7575805670816044,0.0187127580779534,0.45569813,0.0,0.45569813,0.0,0.0187127580779534
2018-07-20 23:00:00,0.5750909405255876,0.0142065842169197,0.4236148,0.0,0.4236148,0.0,0.0142065842169197
2018-07-21 00:00:00,0.4556981327800831,0.0095772134572404,0.40930533,0.0,0.40930533,0.0,0.0095772134572404
2018-07-21 01:00:00,0.4236147994467498,0.0069249281089754,0.39980221,0.0,0.39980221,0.0,0.0069249281089754
2018-07-21 02:00:00,0.4093053250345781,0.0056948094970429,0.40193396,0.0,0.40193396,0.0,0.0056948094970429
2018-07-21 03:00:00,0.3998022130013832,0.0058341963081699,0.33322728,0.0,0.33322728,0.0,0.0058341963081699
2018-07-21 04:00:00,0.4019339557399722,0.0062120462459383,0.11165345,0.0,0.11165345,0.0,0.0062120462459383
2018-07-21 05:00:00,0.4182375518672199,0.0073994229355384,0.0,0.0,0.0,0.11745268,0.0073994229355384
2018-07-21 06:00:00,0.4373558091286307,0.0109085838717521,0.0,0.0,0.0,0.29095652,0.0109085838717521
2018-07-21 07:00:00,0.4607465421853388,0.0162386724435833,0.0,0.0,0.0,0.35902418,0.0162386724435833
2018-07-21 08:00:00,0.510003112033195,0.0202402578167641,0.0,0.0,0.0,0.39011495,0.0202402578167641
2018-07-21 09:00:00,0.6166787690179806,0.021647652684649,0.0,0.0,0.0,0.46016981,0.021647652684649
2018-07-21 10:00:00,0.6772209543568464,0.0210353101435307,0.0,0.0,0.0,0.19577496,0.0210353101435307
2018-07-21 11:00:00,0.6902053941908713,0.021903284520018,0.0,0.0,0.0,0.42203814,0.021903284520018
2018-07-21 12:00:00,0.6675283540802213,0.0223915862533582,0.0,0.0,0.0,0.32749432,0.0223915862533582
2018-07-21 13:00:00,0.66540836791148,0.0205249630134477,0.0,0.0,0.0,0.16794191,0.0205249630134477
2018-07-21 14:00:00,0.6393260719225449,0.0185163555207795,0.0,0.0,0.0,0.0,0.0185163555207795
2018-07-21 15:00:00,0.6199630013831258,0.0188332018959898,0.19548864,0.0,0.19548864,0.0,0.0188332018959898
2018-07-21 16:00:00,0.6502728215767635,0.0211265422544934,0.6519719,0.0,0.6519719,0.0,0.0211265422544934
2018-07-21 17:00:00,0.7059107883817427,0.0249871083365875,0.73820332,0.0,0.73820332,0.0,0.0249871083365875
2018-07-21 18:00:00,0.732246887966805,0.0269787338873031,0.75463589,0.0,0.75463589,0.0,0.0269787338873031
2018-07-21 19:00:00,0.7382033195020746,0.0256482973066664,0.78290629,0.0,0.78290629,0.0,0.0256482973066664
2018-07-21 20:00:00,0.7546358921161826,0.0230668899495287,0.79232815,0.0,0.79232815,0.0,0.0230668899495287
2018-07-21 21:00:00,0.7829062932226832,0.0209873491274293,0.60704737,0.0,0.60704737,0.0,0.0209873491274293
2018-07-21 22:00:00,0.7923281466113415,0.0184860785513593,0.45700484,0.0,0.45700484,0.0,0.0184860785513593
2018-07-21 23:00:00,0.6070473720608573,0.0146254121685895,0.41691079,0.0,0.41691079,0.0,0.0146254121685895
2018-07-22 00:00:00,0.4570048409405257,0.0098701848130417,0.40840491,0.0,0.40840491,0.0,0.0098701848130417
2018-07-22 01:00:00,0.4169107883817429,0.0071443790696466,0.39919848,0.0,0.39919848,0.0,0.0071443790696466
2018-07-22 02:00:00,0.4084049100968188,0.0057734106401826,0.4017334,0.0,0.4017334,0.0,0.0057734106401826
2018-07-22 03:00:00,0.3991984785615491,0.0058444166011372,0.39049664,0.0,0.39049664,0.0,0.0058444166011372
2018-07-22 04:00:00,0.4017334024896265,0.0060154430874136,0.34193162,0.0,0.34193162,0.0,0.0060154430874136
2018-07-22 05:00:00,0.4140511756569847,0.0076009200752979,0.14638738,0.0,0.14638738,0.0,0.0076009200752979
2018-07-22 06:00:00,0.4335560165975104,0.011389781550353,0.10662567,0.0,0.10662567,0.0,0.011389781550353
2018-07-22 07:00:00,0.4614173582295989,0.0159332672626664,0.0,0.0,0.0,0.090448671,0.0159332672626664
2018-07-22 08:00:00,0.5225677731673581,0.0210210674476119,0.0,0.0,0.0,0.36291881,0.0210210674476119
2018-07-22 09:00:00,0.611362724757953,0.0218343779559603,0.0,0.0,0.0,0.40971899,0.0218343779559603
2018-07-22 10:00:00,0.6815874827109266,0.021057224111802,0.0,0.0,0.0,0.098606261,0.021057224111802
2018-07-22 11:00:00,0.6927942600276625,0.0215371801372131,0.0,0.0,0.0,0.31129387,0.0215371801372131
2018-07-22 12:00:00,0.6798360995850622,0.0216831625824141,0.0,0.0,0.0,0.29435274,0.0216831625824141
2018-07-22 13:00:00,0.6862631396957123,0.0207207222628407,0.0,0.0,0.0,0.12355943,0.0207207222628407
2018-07-22 14:00:00,0.6300335408022129,0.0192188234067861,0.0,0.0,0.0,0.0,0.0192188234067861
2018-07-22 15:00:00,0.6245058782849239,0.0186641468367835,0.27534245,0.0,0.27534245,0.0,0.0186641468367835
2018-07-22 16:00:00,0.6712790456431534,0.0201562127679964,0.65019045,0.0,0.65019045,0.0,0.0201562127679964
2018-07-22 17:00:00,0.6947147302904564,0.0247016768246675,0.72226763,0.0,0.72226763,0.0,0.0247016768246675
2018-07-22 18:00:00,0.7170224757952974,0.0259623145110991,0.76590422,0.0,0.76590422,0.0,0.0259623145110991
2018-07-22 19:00:00,0.7222676348547717,0.0246181713243611,0.77501245,0.0,0.77501245,0.0,0.0246181713243611
2018-07-22 20:00:00,0.7659042185338866,0.0220536836535844,0.77479737,0.0,0.77479737,0.0,0.0220536836535844
2018-07-22 21:00:00,0.77501244813278,0.0203400535302268,0.62110581,0.0,0.62110581,0.0,0.0203400535302268
2018-07-22 22:00:00,0.7747973720608575,0.0180639233841787,0.46625207,0.0,0.46625207,0.0,0.0180639233841787
2018-07-22 23:00:00,0.6211058091286304,0.0145517361344807,0.41859509,0.0,0.41859509,0.0,0.0145517361344807
2018-07-23 00:00:00,0.4662520746887967,0.0098165377862335,0.40935546,0.0,0.40935546,0.0,0.0098165377862335
2018-07-23 01:00:00,0.4185950899031812,0.0068108896995941,0.39924239,0.0,0.39924239,0.0,0.0068108896995941
2018-07-23 02:00:00,0.4093554633471646,0.0057984927263417,0.40240837,0.0,0.40240837,0.0,0.0057984927263417
2018-07-23 03:00:00,0.3992423928077455,0.0056459561507942,0.41000264,0.0,0.41000264,0.0,0.0056459561507942
2018-07-23 04:00:00,0.4024083679114799,0.0073342551656257,0.39848381,0.0,0.39848381,0.0,0.0073342551656257
2018-07-23 05:00:00,0.4217047026279392,0.0120114382197153,0.39296051,0.0,0.39296051,0.0,0.0120114382197153
2018-07-23 06:00:00,0.4384280774550484,0.0195499436057111,0.29793836,0.0,0.29793836,0.0,0.0195499436057111
2018-07-23 07:00:00,0.5009719917012448,0.0220857660351633,0.073867342,0.0,0.073867342,0.0,0.0220857660351633
2018-07-23 08:00:00,0.5613592669432917,0.0208603857654863,0.0,0.0,0.0,0.17942285,0.0208603857654863
2018-07-23 09:00:00,0.6133796680497925,0.0188146186018734,0.0,0.0,0.0,0.41694287,0.0188146186018734
2018-07-23 10:00:00,0.6370107192254494,0.0197781241837932,0.0,0.0,0.0,0.14431658,0.0197781241837932
2018-07-23 11:00:00,0.6465342323651452,0.0195964485326957,0.0,0.0,0.0,0.37444097,0.0195964485326957
2018-07-23 12:00:00,0.6501383125864452,0.0191703539700195,0.0,0.0,0.0,0.30842312,0.0191703539700195
2018-07-23 13:00:00,0.6495608575380359,0.0159900685727861,0.0,0.0,0.0,0.15147376,0.0159900685727861
2018-07-23 14:00:00,0.5997029737206085,0.0154303250893495,0.0,0.0,0.0,0.0,0.0154303250893495
2018-07-23 15:00:00,0.5834550484094051,0.0161504562701731,0.18037767,0.0,0.18037767,0.0,0.0161504562701731
2018-07-23 16:00:00,0.6037904564315352,0.0193417021101862,0.65934635,0.0,0.65934635,0.0,0.0193417021101862
2018-07-23 17:00:00,0.6665435684647303,0.024157836186261,0.75242842,0.0,0.75242842,0.0,0.024157836186261
2018-07-23 18:00:00,0.7284989626556017,0.0254103633525543,0.76392842,0.0,0.76392842,0.0,0.0254103633525543
2018-07-23 19:00:00,0.7524284232365144,0.0239722868539034,0.78000519,0.0,0.78000519,0.0,0.0239722868539034
2018-07-23 20:00:00,0.7639284232365146,0.0220101773709321,0.76245436,0.0,0.76245436,0.0,0.0220101773709321
2018-07-23 21:00:00,0.7800051867219917,0.020991655139187,0.58906432,0.0,0.58906432,0.0,0.020991655139187
2018-07-23 22:00:00,0.7624543568464729,0.0187831103551956,0.45784855,0.0,0.45784855,0.0,0.0187831103551956
2018-07-23 23:00:00,0.589064315352697,0.0139996327956007,0.41880048,0.0,0.41880048,0.0,0.0139996327956007
2018-07-24 00:00:00,0.4578485477178424,0.0093689650444278,0.40617635,0.0,0.40617635,0.0,0.0093689650444278
2018-07-24 01:00:00,0.4188004840940526,0.0063838025060949,0.39844191,0.0,0.39844191,0.0,0.0063838025060949
2018-07-24 02:00:00,0.4061763485477178,0.0055583694505887,0.40049136,0.0,0.40049136,0.0,0.0055583694505887
2018-07-24 03:00:00,0.398441908713693,0.0053822622163026,0.34505236,0.0,0.34505236,0.0,0.0053822622163026
2018-07-24 04:00:00,0.4004913554633471,0.0070242672814323,0.15031802,0.0,0.15031802,0.0,0.0070242672814323
2018-07-24 05:00:00,0.4153343706777316,0.0113356399374556,0.0,0.0,0.0,0.031289729,0.0113356399374556
2018-07-24 06:00:00,0.4424007607192255,0.0188247282182334,0.0,0.0,0.0,0.17942476,0.0188247282182334
2018-07-24 07:00:00,0.4985221300138313,0.0215208415030411,0.0,0.0,0.0,0.2833018,0.0215208415030411
2018-07-24 08:00:00,0.5606199861687412,0.0201323619590952,0.0,0.0,0.0,0.37819734,0.0201323619590952
2018-07-24 09:00:00,0.6234363762102351,0.018834702947478,0.0,0.0,0.0,0.44082226,0.018834702947478
2018-07-24 10:00:00,0.6436943291839556,0.0199980420614018,0.0,0.0,0.0,0.17028291,0.0199980420614018
2018-07-24 11:00:00,0.6398848547717843,0.0196892508680263,0.0,0.0,0.0,0.3914014,0.0196892508680263
2018-07-24 12:00:00,0.6240580912863071,0.0193402771488656,0.0,0.0,0.0,0.30499244,0.0193402771488656
2018-07-24 13:00:00,0.6328488934993084,0.0163270235041089,0.0,0.0,0.0,0.15547399,0.0163270235041089
2018-07-24 14:00:00,0.6034840940525588,0.0152688859641918,0.0,0.0,0.0,0.0,0.0152688859641918
2018-07-24 15:00:00,0.5802679806362377,0.0165936123236137,0.3183202,0.0,0.3183202,0.0,0.0165936123236137
2018-07-24 16:00:00,0.6039398340248963,0.0197484766875778,0.70348424,0.0,0.70348424,0.0,0.0197484766875778
2018-07-24 17:00:00,0.6587634854771783,0.0245165252363681,0.72565007,0.0,0.72565007,0.0,0.0245165252363681
2018-07-24 18:00:00,0.7099031811894883,0.026544646398384,0.7456601,0.0,0.7456601,0.0,0.026544646398384
2018-07-24 19:00:00,0.7256500691562932,0.0237587536330859,0.75679564,0.0,0.75679564,0.0,0.0237587536330859
2018-07-24 20:00:00,0.7456600968188106,0.021762701018073,0.76666598,0.0,0.76666598,0.0,0.021762701018073
2018-07-24 21:00:00,0.756795643153527,0.0207239422603881,0.60408887,0.0,0.60408887,0.0,0.0207239422603881
2018-07-24 22:00:00,0.7666659751037344,0.018547386474588,0.46153043,0.0,0.46153043,0.0,0.018547386474588
2018-07-24 23:00:00,0.604088865836791,0.0140660249254831,0.42010339,0.0,0.42010339,0.0,0.0140660249254831
2018-07-25 00:00:00,0.461530428769018,0.0097322852188269,0.41050588,0.0,0.41050588,0.0,0.0097322852188269
2018-07-25 01:00:00,0.420103388658368,0.0066618117680288,0.4048565,0.0,0.4048565,0.0,0.0066618117680288
2018-07-25 02:00:00,0.4105058782849239,0.0056298596217008,0.40096542,0.0,0.40096542,0.0,0.0056298596217008
2018-07-25 03:00:00,0.404856500691563,0.0056163570755944,0.39736925,0.0,0.39736925,0.0,0.0056163570755944
2018-07-25 04:00:00,0.4009654218533887,0.0072067038342058,0.38488785,0.0,0.38488785,0.0,0.0072067038342058
2018-07-25 05:00:00,0.4141009681881051,0.0115189999481723,0.40486969,0.0,0.40486969,0.0,0.0115189999481723
2018-07-25 06:00:00,0.442197786998617,0.0186362563317108,0.3939379,0.0,0.3939379,0.0,0.0186362563317108
2018-07-25 07:00:00,0.5031092669432918,0.0222708726610911,0.43270822,0.0,0.43270822,0.0,0.0222708726610911
2018-07-25 08:00:00,0.5714709543568463,0.019781876812514,0.44093818,0.0,0.44093818,0.0,0.019781876812514
2018-07-25 09:00:00,0.6224598893499308,0.0185137165754212,0.26282512,0.0,0.26282512,0.0,0.0185137165754212
2018-07-25 10:00:00,0.6470345781466111,0.0194738638140344,0.018151419,0.0,0.018151419,0.0,0.0194738638140344
2018-07-25 11:00:00,0.6320681189488243,0.0199291182041248,0.0,0.0,0.0,0.089535625,0.0199291182041248
2018-07-25 12:00:00,0.6162880359612724,0.0191316517438586,0.0,0.0,0.0,0.26311068,0.0191316517438586
2018-07-25 13:00:00,0.6160342323651451,0.0171447852872626,0.0,0.0,0.0,0.13360855,0.0171447852872626
2018-07-25 14:00:00,0.5907178423236513,0.0154725931774559,0.0,0.0,0.0,0.0,0.0154725931774559
2018-07-25 15:00:00,0.5779436376210234,0.0161006517968294,0.24614862,0.0,0.24614862,0.0,0.0161006517968294
2018-07-25 16:00:00,0.6086348547717841,0.0202458815718794,0.65547868,0.0,0.65547868,0.0,0.0202458815718794
2018-07-25 17:00:00,0.6753402489626555,0.0254492558041343,0.71972061,0.0,0.71972061,0.0,0.0254492558041343
2018-07-25 18:00:00,0.7127690179806363,0.0254249138677876,0.75354806,0.0,0.75354806,0.0,0.0254249138677876
2018-07-25 19:00:00,0.7197206085753802,0.0239564255126009,0.75695885,0.0,0.75695885,0.0,0.0239564255126009
2018-07-25 20:00:00,0.7535480636237898,0.0220668195834287,0.74561515,0.0,0.74561515,0.0,0.0220668195834287
2018-07-25 21:00:00,0.7569588520055324,0.0212606961372753,0.5803565,0.0,0.5803565,0.0,0.0212606961372753
2018-07-25 22:00:00,0.7456151452282157,0.0179539661746964,0.45976936,0.0,0.45976936,0.0,0.0179539661746964
2018-07-25 23:00:00,0.5803565006915627,0.0140026037707812,0.42761169,0.0,0.42761169,0.0,0.0140026037707812
2018-07-26 00:00:00,0.4597693637621023,0.0094357756702321,0.41058506,0.0,0.41058506,0.0,0.0094357756702321
2018-07-26 01:00:00,0.4276116874135547,0.0066131417299112,0.39939073,0.0,0.39939073,0.0,0.0066131417299112
2018-07-26 02:00:00,0.4105850622406639,0.0054123316670839,0.3993527,0.0,0.3993527,0.0,0.0054123316670839
2018-07-26 03:00:00,0.3993907330567082,0.0055234129358604,0.35154603,0.0,0.35154603,0.0,0.0055234129358604
2018-07-26 04:00:00,0.3993526970954357,0.0072879681332119,0.16108302,0.0,0.16108302,0.0,0.0072879681332119
2018-07-26 05:00:00,0.4109045643153527,0.0116429715830707,0.0,0.0,0.0,0.012139753,0.0116429715830707
2018-07-26 06:00:00,0.4364266943291839,0.0195892995155845,0.0,0.0,0.0,0.17467273,0.0195892995155845
2018-07-26 07:00:00,0.5062157676348548,0.0223520055316258,0.0,0.0,0.0,0.29519408,0.0223520055316258
2018-07-26 08:00:00,0.5624183955739971,0.0203477420957992,0.0,0.0,0.0,0.39644101,0.0203477420957992
2018-07-26 09:00:00,0.6212506915629321,0.0191333326448339,0.0,0.0,0.0,0.46316491,0.0191333326448339
2018-07-26 10:00:00,0.6468488934993084,0.0194597283360792,0.0,0.0,0.0,0.19912912,0.0194597283360792
2018-07-26 11:00:00,0.641076417704011,0.0200204021947471,0.0,0.0,0.0,0.42076501,0.0200204021947471
2018-07-26 12:00:00,0.617485131396957,0.0194072641655128,0.0,0.0,0.0,0.32696929,0.0194072641655128
2018-07-26 13:00:00,0.6225248962655602,0.017441979647366,0.0,0.0,0.0,0.16156131,0.017441979647366
2018-07-26 14:00:00,0.5981365836791148,0.0150318893025988,0.0,0.0,0.0,0.0,0.0150318893025988
2018-07-26 15:00:00,0.5885878284923927,0.015935100343977,0.16391837,0.0,0.16391837,0.0,0.015935100343977
2018-07-26 16:00:00,0.6110432226832642,0.019840777519531,0.64220631,0.0,0.64220631,0.0,0.019840777519531
2018-07-26 17:00:00,0.6505622406639003,0.0248800114256783,0.72164246,0.0,0.72164246,0.0,0.0248800114256783
2018-07-26 18:00:00,0.7074713001383126,0.0262996291413962,0.74427835,0.0,0.74427835,0.0,0.0262996291413962
2018-07-26 19:00:00,0.7216424619640386,0.0236778628676298,0.77688866,0.0,0.77688866,0.0,0.0236778628676298
2018-07-26 20:00:00,0.7442783540802214,0.0221149569903731,0.76884578,0.0,0.76884578,0.0,0.0221149569903731
2018-07-26 21:00:00,0.7768886583679114,0.0211653862850575,0.58993223,0.0,0.58993223,0.0,0.0211653862850575
2018-07-26 22:00:00,0.7688457814661133,0.0187044296632442,0.45316598,0.0,0.45316598,0.0,0.0187044296632442
2018-07-26 23:00:00,0.5899322268326416,0.0139118939150598,0.42633022,0.0,0.42633022,0.0,0.0139118939150598
2018-07-27 00:00:00,0.4531659751037344,0.009669061206832,0.412426,0.0,0.412426,0.0,0.009669061206832
2018-07-27 01:00:00,0.4263302213001383,0.0070116639827613,0.40293983,0.0,0.40293983,0.0,0.0070116639827613
2018-07-27 02:00:00,0.4124260027662518,0.0056802658990977,0.40261757,0.0,0.40261757,0.0,0.0056802658990977
2018-07-27 03:00:00,0.4029398340248963,0.0050915182272262,0.34443065,0.0,0.34443065,0.0,0.0050915182272262
2018-07-27 04:00:00,0.4026175656984786,0.007455345750087,0.13519099,0.0,0.13519099,0.0,0.007455345750087
2018-07-27 05:00:00,0.4139595435684647,0.0109914598988539,0.0,0.0,0.0,0.048946904,0.0109914598988539
2018-07-27 06:00:00,0.437429806362379,0.0180209912364276,0.0,0.0,0.0,0.19871318,0.0180209912364276
2018-07-27 07:00:00,0.4990325034578147,0.0213783211604663,0.0,0.0,0.0,0.3180994,0.0213783211604663
2018-07-27 08:00:00,0.5660297372060857,0.0208028062604704,0.0,0.0,0.0,0.4134142,0.0208028062604704
2018-07-27 09:00:00,0.6200010373443983,0.0191408586541393,0.0,0.0,0.0,0.46572914,0.0191408586541393
2018-07-27 10:00:00,0.6403969571230981,0.0205214767003137,0.0,0.0,0.0,0.19021822,0.0205214767003137
2018-07-27 11:00:00,0.6482385892116181,0.0202326695518673,0.0,0.0,0.0,0.42257996,0.0202326695518673
2018-07-27 12:00:00,0.6360252420470262,0.0197678243420144,0.0,0.0,0.0,0.33489279,0.0197678243420144
2018-07-27 13:00:00,0.6320982019363761,0.0169085322341259,0.0,0.0,0.0,0.16752543,0.0169085322341259
2018-07-27 14:00:00,0.5998364453665282,0.0152209941209701,0.0,0.0,0.0,0.0,0.0152209941209701
2018-07-27 15:00:00,0.5906818810511755,0.016355405136627,0.16663831,0.0,0.16663831,0.0,0.016355405136627
2018-07-27 16:00:00,0.6118831258644537,0.0193074407828983,0.64783034,0.0,0.64783034,0.0,0.0193074407828983
2018-07-27 17:00:00,0.6635311203319502,0.0246394558194278,0.72506293,0.0,0.72506293,0.0,0.0246394558194278
2018-07-27 18:00:00,0.7130286998616875,0.0258960123059603,0.74828077,0.0,0.74828077,0.0,0.0258960123059603
2018-07-27 19:00:00,0.7250629322268326,0.0243983883338677,0.76560823,0.0,0.76560823,0.0,0.0243983883338677
2018-07-27 20:00:00,0.7482807745504841,0.0222732764186588,0.76725173,0.0,0.76725173,0.0,0.0222732764186588
2018-07-27 21:00:00,0.7656082295988934,0.0210314191690506,0.58906743,0.0,0.58906743,0.0,0.0210314191690506
2018-07-27 22:00:00,0.7672517289073305,0.0190309671588926,0.44983852,0.0,0.44983852,0.0,0.0190309671588926
2018-07-27 23:00:00,0.5890674273858919,0.0143556517725534,0.41851245,0.0,0.41851245,0.0,0.0143556517725534
2018-07-28 00:00:00,0.4498385200553251,0.009632534467736,0.40687379,0.0,0.40687379,0.0,0.009632534467736
2018-07-28 01:00:00,0.4185124481327801,0.0066672072526411,0.39889834,0.0,0.39889834,0.0,0.0066672072526411
2018-07-28 02:00:00,0.4068737897648687,0.0055230670714623,0.40148479,0.0,0.40148479,0.0,0.0055230670714623
2018-07-28 03:00:00,0.3988983402489627,0.0056744588358514,0.34391329,0.0,0.34391329,0.0,0.0056744588358514
2018-07-28 04:00:00,0.401484785615491,0.0056436077315301,0.16312397,0.0,0.16312397,0.0,0.0056436077315301
2018-07-28 05:00:00,0.4122541493775933,0.0074094391685109,0.0,0.0,0.0,0.080649576,0.0074094391685109
2018-07-28 06:00:00,0.43299377593361,0.0109200804043491,0.0,0.0,0.0,0.24901386,0.0109200804043491
2018-07-28 07:00:00,0.4681573305670816,0.0157500040939811,0.0,0.0,0.0,0.34372378,0.0157500040939811
2018-07-28 08:00:00,0.5200013831258644,0.0204428375120902,0.0,0.0,0.0,0.35511803,0.0204428375120902
2018-07-28 09:00:00,0.6011784232365145,0.0210990737039865,0.0,0.0,0.0,0.4035907,0.0210990737039865
2018-07-28 10:00:00,0.6770497925311203,0.0207475578814989,0.0,0.0,0.0,0.17069227,0.0207475578814989
2018-07-28 11:00:00,0.6875283540802212,0.0216550541827706,0.0,0.0,0.0,0.3792886,0.0216550541827706
2018-07-28 12:00:00,0.6669986168741354,0.0223814558851343,0.0,0.0,0.0,0.30631727,0.0223814558851343
2018-07-28 13:00:00,0.6849325726141078,0.0204083617488755,0.0,0.0,0.0,0.15523784,0.0204083617488755
2018-07-28 14:00:00,0.6386517980636237,0.0190980164311315,0.0,0.0,0.0,0.0,0.0190980164311315
2018-07-28 15:00:00,0.611082641770401,0.0190919084658591,0.24424594,0.0,0.24424594,0.0,0.0190919084658591
2018-07-28 16:00:00,0.6426303596127247,0.0203358547364324,0.68382071,0.0,0.68382071,0.0,0.0203358547364324
2018-07-28 17:00:00,0.700655601659751,0.0256486570056405,0.74950484,0.0,0.74950484,0.0,0.0256486570056405
2018-07-28 18:00:00,0.7495743430152144,0.0271530391680742,0.76082607,0.0,0.76082607,0.0,0.0271530391680742
2018-07-28 19:00:00,0.7495048409405255,0.0258112547765323,0.79733575,0.0,0.79733575,0.0,0.0258112547765323
2018-07-28 20:00:00,0.7608260719225449,0.0230824330955847,0.77788313,0.0,0.77788313,0.0,0.0230824330955847
2018-07-28 21:00:00,0.7973357538035961,0.0210104978316022,0.59900519,0.0,0.59900519,0.0,0.0210104978316022
2018-07-28 22:00:00,0.7778831258644535,0.0185358173104673,0.47146923,0.0,0.47146923,0.0,0.0185358173104673
2018-07-28 23:00:00,0.5990051867219915,0.0145362241162204,0.42487137,0.0,0.42487137,0.0,0.0145362241162204
2018-07-29 00:00:00,0.4714692254495159,0.0098931986300993,0.41199205,0.0,0.41199205,0.0,0.0098931986300993
2018-07-29 01:00:00,0.4248713692946059,0.0066368368998334,0.40250484,0.0,0.40250484,0.0,0.0066368368998334
2018-07-29 02:00:00,0.4119920470262794,0.0058503447169229,0.40061203,0.0,0.40061203,0.0,0.0058503447169229
2018-07-29 03:00:00,0.4025048409405256,0.0054968297982132,0.34804214,0.0,0.34804214,0.0,0.0054968297982132
2018-07-29 04:00:00,0.4006120331950207,0.006264963498866,0.1441097,0.0,0.1441097,0.0,0.006264963498866
2018-07-29 05:00:00,0.4119560857538036,0.0072447247075022,0.0,0.0,0.0,0.095271693,0.0072447247075022
2018-07-29 06:00:00,0.4331199861687415,0.0112304694912443,0.0,0.0,0.0,0.20366388,0.0112304694912443
2018-07-29 07:00:00,0.4643858921161826,0.0165116459198792,0.0,0.0,0.0,0.35742829,0.0165116459198792
2018-07-29 08:00:00,0.524799100968188,0.02070686001776,0.0,0.0,0.0,0.34992084,0.02070686001776
2018-07-29 09:00:00,0.6064325726141078,0.0208844648448904,0.0,0.0,0.0,0.21714508,0.0208844648448904
2018-07-29 10:00:00,0.6726517980636237,0.0206617904280279,0.0,0.0,0.0,0.15670119,0.0206617904280279
2018-07-29 11:00:00,0.6874626556016598,0.0205924688266926,0.0,0.0,0.0,0.40150032,0.0205924688266926
2018-07-29 12:00:00,0.6716459197786998,0.0214014871578591,0.0,0.0,0.0,0.32219237,0.0214014871578591
2018-07-29 13:00:00,0.6739702627939141,0.0195790238843135,0.0,0.0,0.0,0.14700324,0.0195790238843135
2018-07-29 14:00:00,0.6267849239280774,0.0186012168095271,0.0,0.0,0.0,0.0,0.0186012168095271
2018-07-29 15:00:00,0.6209045643153525,0.0183497215123608,0.24543083,0.0,0.24543083,0.0,0.0183497215123608
2018-07-29 16:00:00,0.6477026279391425,0.0198344689529075,0.68163423,0.0,0.68163423,0.0,0.0198344689529075
2018-07-29 17:00:00,0.6994432918395573,0.0250119794454636,0.74040007,0.0,0.74040007,0.0,0.0250119794454636
2018-07-29 18:00:00,0.7398260719225449,0.0263431873037082,0.76010754,0.0,0.76010754,0.0,0.0263431873037082
2018-07-29 19:00:00,0.7404000691562931,0.0250233410909451,0.77149481,0.0,0.77149481,0.0,0.0250233410909451
2018-07-29 20:00:00,0.7601075380359613,0.0223177061592543,0.77304149,0.0,0.77304149,0.0,0.0223177061592543
2018-07-29 21:00:00,0.7714948132780082,0.0204148570822741,0.59421784,0.0,0.59421784,0.0,0.0204148570822741
2018-07-29 22:00:00,0.7730414937759336,0.0182706707455034,0.45330463,0.0,0.45330463,0.0,0.0182706707455034
2018-07-29 23:00:00,0.5942178423236514,0.0147648508593764,0.41421853,0.0,0.41421853,0.0,0.0147648508593764
2018-07-30 00:00:00,0.453304633471646,0.0100286218352227,0.40653008,0.0,0.40653008,0.0,0.0100286218352227
2018-07-30 01:00:00,0.4142185338865838,0.0067335578787958,0.40054876,0.0,0.40054876,0.0,0.0067335578787958
2018-07-30 02:00:00,0.4065300829875519,0.0057990599439548,0.39983714,0.0,0.39983714,0.0,0.0057990599439548
2018-07-30 03:00:00,0.400548755186722,0.0055996034041447,0.35743253,0.0,0.35743253,0.0,0.0055996034041447
2018-07-30 04:00:00,0.3998371369294605,0.0073420474905177,0.15479459,0.0,0.15479459,0.0,0.0073420474905177
2018-07-30 05:00:00,0.4185867911479944,0.0117441023331104,0.0,0.0,0.0,0.016628437,0.0117441023331104
2018-07-30 06:00:00,0.4414322268326419,0.0187841375724581,0.0,0.0,0.0,0.18479661,0.0187841375724581
2018-07-30 07:00:00,0.5134955048409405,0.0219198721765567,0.0,0.0,0.0,0.31590789,0.0219198721765567
2018-07-30 08:00:00,0.5629961964038727,0.0198316847445018,0.0,0.0,0.0,0.39825167,0.0198316847445018
2018-07-30 09:00:00,0.6088779391424619,0.0190006002647287,0.0,0.0,0.0,0.4764362,0.0190006002647287
2018-07-30 10:00:00,0.6498077455048409,0.0196304573789729,0.0,0.0,0.0,0.1870416,0.0196304573789729
2018-07-30 11:00:00,0.6327116182572615,0.0203061207741173,0.0,0.0,0.0,0.41984674,0.0203061207741173
2018-07-30 12:00:00,0.6360338865836791,0.0200150966348784,0.0,0.0,0.0,0.33790977,0.0200150966348784
2018-07-30 13:00:00,0.6300297372060857,0.0168666930178732,0.0,0.0,0.0,0.16815331,0.0168666930178732
2018-07-30 14:00:00,0.5928163900414938,0.0155380964358351,0.0,0.0,0.0,0.0,0.0155380964358351
2018-07-30 15:00:00,0.5832157676348546,0.0160372513939916,0.18284203,0.0,0.18284203,0.0,0.0160372513939916
2018-07-30 16:00:00,0.6096448824343015,0.0201164798659288,0.67079583,0.0,0.67079583,0.0,0.0201164798659288
2018-07-30 17:00:00,0.6614993084370677,0.0242883411996418,0.72332573,0.0,0.72332573,0.0,0.0242883411996418
2018-07-30 18:00:00,0.6981303596127248,0.0264580454117133,0.74917497,0.0,0.74917497,0.0,0.0264580454117133
2018-07-30 19:00:00,0.7233257261410788,0.0244314010906779,0.76882192,0.0,0.76882192,0.0,0.0244314010906779
2018-07-30 20:00:00,0.7491749654218535,0.0221047194041859,0.75332261,0.0,0.75332261,0.0,0.0221047194041859
2018-07-30 21:00:00,0.7688219225449515,0.0210575353897602,0.59060996,0.0,0.59060996,0.0,0.0210575353897602
2018-07-30 22:00:00,0.7533226141078838,0.018207349891477,0.45082711,0.0,0.45082711,0.0,0.018207349891477
2018-07-30 23:00:00,0.5906099585062239,0.0141961875331096,0.42696715,0.0,0.42696715,0.0,0.0141961875331096
2018-07-31 00:00:00,0.4508271092669433,0.0094185585404885,0.40776107,0.0,0.40776107,0.0,0.0094185585404885
2018-07-31 01:00:00,0.4269671507607193,0.006657896583041,0.39879737,0.0,0.39879737,0.0,0.006657896583041
2018-07-31 02:00:00,0.4077610650069156,0.0056895869446298,0.40306812,0.0,0.40306812,0.0,0.0056895869446298
2018-07-31 03:00:00,0.3987973720608576,0.0056256677451946,0.35438103,0.0,0.35438103,0.0,0.0056256677451946
2018-07-31 04:00:00,0.4030681189488243,0.0070622639442208,0.18536595,0.0,0.18536595,0.0,0.0070622639442208
2018-07-31 05:00:00,0.4158423236514523,0.0111392823426537,0.0080013631,0.0,0.0080013631,0.0,0.0111392823426537
2018-07-31 06:00:00,0.4470695020746888,0.0183845189294657,0.040295699,0.0,0.040295699,0.0,0.0183845189294657
2018-07-31 07:00:00,0.5052057399723374,0.0220070230876202,0.0,0.0,0.0,0.33759581,0.0220070230876202
2018-07-31 08:00:00,0.5576687413554632,0.0206099557306664,0.0,0.0,0.0,0.41754907,0.0206099557306664
2018-07-31 09:00:00,0.6177704011065006,0.0188837707296537,0.0,0.0,0.0,0.5002731,0.0188837707296537
2018-07-31 10:00:00,0.6585508298755185,0.0192247757330796,0.0,0.0,0.0,0.23195993,0.0192247757330796
2018-07-31 11:00:00,0.6383858921161826,0.020047642474751,0.0,0.0,0.0,0.44568211,0.020047642474751
2018-07-31 12:00:00,0.617618948824343,0.0200118282163151,0.0,0.0,0.0,0.35018728,0.0200118282163151
2018-07-31 13:00:00,0.6275591286307054,0.0168502748348895,0.0,0.0,0.0,0.18389877,0.0168502748348895
2018-07-31 14:00:00,0.5981165283540801,0.0153549024400293,0.075269002,0.0,0.075269002,0.0,0.0153549024400293
2018-07-31 15:00:00,0.5815608575380359,0.0165456651420885,0.11565645,0.0,0.11565645,0.0,0.0165456651420885
2018-07-31 16:00:00,0.6024339557399723,0.019918527836251,0.65549744,0.0,0.65549744,0.0,0.019918527836251
2018-07-31 17:00:00,0.664362724757953,0.0246183407979164,0.71836515,0.0,0.71836515,0.0,0.0246183407979164
2018-07-31 18:00:00,0.7013236514522821,0.0250930846468463,0.75101867,0.0,0.75101867,0.0,0.0250930846468463
2018-07-31 19:00:00,0.7183651452282157,0.0235117165280125,0.76070574,0.0,0.76070574,0.0,0.0235117165280125
2018-07-31 20:00:00,0.7510186721991702,0.0220777419811245,0.75380533,0.0,0.75380533,0.0,0.0220777419811245
2018-07-31 21:00:00,0.7607057399723375,0.020973009589479,0.58370228,0.0,0.58370228,0.0,0.020973009589479
2018-07-31 22:00:00,0.7538053250345781,0.0180843293836738,0.4547538,0.0,0.4547538,0.0,0.0180843293836738
2018-07-31 23:00:00,0.5837022821576762,0.0139873546094639,0.41595574,0.0,0.41595574,0.0,0.0139873546094639
2018-08-01 00:00:00,0.4547538035961272,0.0094660906847362,0.40872891,0.0,0.40872891,0.0,0.0094660906847362
2018-08-01 01:00:00,0.4159557399723375,0.0065424885506427,0.39855878,0.0,0.39855878,0.0,0.0065424885506427
2018-08-01 02:00:00,0.4087289073305671,0.0058759559756109,0.4017991,0.0,0.4017991,0.0,0.0058759559756109
2018-08-01 03:00:00,0.3985587828492393,0.0053729273361947,0.36572323,0.0,0.36572323,0.0,0.0053729273361947
2018-08-01 04:00:00,0.401799100968188,0.0072306895302225,0.15858143,0.0,0.15858143,0.0,0.0072306895302225
2018-08-01 05:00:00,0.4146414246196404,0.0112155765702571,0.35188369,0.0,0.35188369,0.0,0.0112155765702571
2018-08-01 06:00:00,0.4407921853388659,0.0182575659434547,0.2718096,0.0,0.2718096,0.0,0.0182575659434547
2018-08-01 07:00:00,0.504536652835408,0.0219842928793692,0.04669582,0.0,0.04669582,0.0,0.0219842928793692
2018-08-01 08:00:00,0.5628426694329184,0.0197875801164408,0.0,0.0,0.0,0.43028997,0.0197875801164408
2018-08-01 09:00:00,0.6146932918395573,0.0188187032604162,0.0,0.0,0.0,0.52129701,0.0188187032604162
2018-08-01 10:00:00,0.6549674965421852,0.0203888895832556,0.0,0.0,0.0,0.2302201,0.0203888895832556
2018-08-01 11:00:00,0.6251932918395574,0.0196509429272795,0.0,0.0,0.0,0.45662626,0.0196509429272795
2018-08-01 12:00:00,0.6258547717842323,0.019175510808197,0.0,0.0,0.0,0.37085583,0.019175510808197
2018-08-01 13:00:00,0.6204872060857538,0.017193327355553,0.0,0.0,0.0,0.18464201,0.017193327355553
2018-08-01 14:00:00,0.5816915629322268,0.0150364996750271,0.0,0.0,0.0,0.0,0.0150364996750271
2018-08-01 15:00:00,0.5850165975103734,0.0158348861345925,0.17452335,0.0,0.17452335,0.0,0.0158348861345925
2018-08-01 16:00:00,0.6044868603042877,0.0196058007060237,0.66769005,0.0,0.66769005,0.0,0.0196058007060237
2018-08-01 17:00:00,0.6676659751037344,0.0242644315937928,0.74101383,0.0,0.74101383,0.0,0.0242644315937928
2018-08-01 18:00:00,0.7146639004149378,0.0261856218598106,0.76792289,0.0,0.76792289,0.0,0.0261856218598106
2018-08-01 19:00:00,0.7410138312586444,0.0249545244516311,0.7909464,0.0,0.7909464,0.0,0.0249545244516311
2018-08-01 20:00:00,0.7679228907330568,0.022140087497548,0.76770816,0.0,0.76770816,0.0,0.022140087497548
2018-08-01 21:00:00,0.7909464038727524,0.0207557652436685,0.59074793,0.0,0.59074793,0.0,0.0207557652436685
2018-08-01 22:00:00,0.7677081604426003,0.0182552071482588,0.45179668,0.0,0.45179668,0.0,0.0182552071482588
2018-08-01 23:00:00,0.5907479253112032,0.0138117800063508,0.41373479,0.0,0.41373479,0.0,0.0138117800063508
2018-08-02 00:00:00,0.4517966804979254,0.0094223077105652,0.4056065,0.0,0.4056065,0.0,0.0094223077105652
2018-08-02 01:00:00,0.413734785615491,0.0064744086024968,0.39671162,0.0,0.39671162,0.0,0.0064744086024968
2018-08-02 02:00:00,0.4056065006915629,0.0054400457813134,0.39927213,0.0,0.39927213,0.0,0.0054400457813134
2018-08-02 03:00:00,0.3967116182572615,0.0055488478037056,0.36735193,0.0,0.36735193,0.0,0.0055488478037056
2018-08-02 04:00:00,0.3992721300138313,0.0069692298797435,0.23650315,0.0,0.23650315,0.0,0.0069692298797435
2018-08-02 05:00:00,0.4133305670816043,0.0115109689768459,0.244,0.0,0.244,0.0,0.0115109689768459
2018-08-02 06:00:00,0.4514322268326418,0.0192687696845333,0.067058081,0.0,0.067058081,0.0,0.0192687696845333
2018-08-02 07:00:00,0.5124557399723374,0.020986214692203,0.0,0.0,0.0,0.30203042,0.020986214692203
2018-08-02 08:00:00,0.5769443291839557,0.0195895485379513,0.0,0.0,0.0,0.4100054,0.0195895485379513
2018-08-02 09:00:00,0.6249367219917011,0.0189617527755205,0.0,0.0,0.0,0.47679823,0.0189617527755205
2018-08-02 10:00:00,0.6403727524204702,0.0190942430505472,0.0,0.0,0.0,0.18269625,0.0190942430505472
2018-08-02 11:00:00,0.6328008298755187,0.0194351615878733,0.0,0.0,0.0,0.43151674,0.0194351615878733
2018-08-02 12:00:00,0.6398309128630705,0.0196304712135488,0.0,0.0,0.0,0.33268631,0.0196304712135488
2018-08-02 13:00:00,0.6229865145228215,0.0173279550725604,0.0,0.0,0.0,0.16280522,0.0173279550725604
2018-08-02 14:00:00,0.5982956431535269,0.0152787742273369,0.0,0.0,0.0,0.0,0.0152787742273369
2018-08-02 15:00:00,0.5907327109266942,0.0165419955208232,0.17989425,0.0,0.17989425,0.0,0.0165419955208232
2018-08-02 16:00:00,0.6031383125864453,0.0204404095440147,0.66509808,0.0,0.66509808,0.0,0.0204404095440147
2018-08-02 17:00:00,0.6639021438450899,0.0246264305661906,0.72389454,0.0,0.72389454,0.0,0.0246264305661906
2018-08-02 18:00:00,0.7120719225449517,0.0256624189500456,0.77187656,0.0,0.77187656,0.0,0.0256624189500456
2018-08-02 19:00:00,0.7238945366528352,0.0242068209609813,0.77948479,0.0,0.77948479,0.0,0.0242068209609813
2018-08-02 20:00:00,0.7718765560165975,0.0224697412314242,0.76173513,0.0,0.76173513,0.0,0.0224697412314242
2018-08-02 21:00:00,0.779484785615491,0.0208233575230128,0.57933091,0.0,0.57933091,0.0,0.0208233575230128
2018-08-02 22:00:00,0.761735131396957,0.0187625487167211,0.45998271,0.0,0.45998271,0.0,0.0187625487167211
2018-08-02 23:00:00,0.5793309128630704,0.0143410977986762,0.42321508,0.0,0.42321508,0.0,0.0143410977986762
2018-08-03 00:00:00,0.4599827109266944,0.009311178020773,0.40858264,0.0,0.40858264,0.0,0.009311178020773
2018-08-03 01:00:00,0.4232150760719226,0.0067321778798469,0.39750726,0.0,0.39750726,0.0,0.0067321778798469
2018-08-03 02:00:00,0.4085826417704011,0.0057405362291316,0.39943119,0.0,0.39943119,0.0,0.0057405362291316
2018-08-03 03:00:00,0.3975072614107885,0.0054432726961488,0.36056929,0.0,0.36056929,0.0,0.0054432726961488
2018-08-03 04:00:00,0.3994311894882434,0.0072856197139481,0.1505593,0.0,0.1505593,0.0,0.0072856197139481
2018-08-03 05:00:00,0.4119512448132781,0.0114113289023621,0.25502627,0.0,0.25502627,0.0,0.0114113289023621
2018-08-03 06:00:00,0.4408547717842325,0.0188873089224473,0.0,0.0,0.0,0.062962793,0.0188873089224473
2018-08-03 07:00:00,0.5035497925311204,0.0214908481424274,0.0,0.0,0.0,0.34972405,0.0214908481424274
2018-08-03 08:00:00,0.5607157676348548,0.0200749865140742,0.0,0.0,0.0,0.44046154,0.0200749865140742
2018-08-03 09:00:00,0.6123755186721991,0.0189792638900024,0.0,0.0,0.0,0.50825766,0.0189792638900024
2018-08-03 10:00:00,0.6438184647302904,0.0197607894601545,0.0,0.0,0.0,0.23941709,0.0197607894601545
2018-08-03 11:00:00,0.6365452973720608,0.0197245705403729,0.0,0.0,0.0,0.46085665,0.0197245705403729
2018-08-03 12:00:00,0.618313969571231,0.019509515516203,0.0,0.0,0.0,0.37378661,0.019509515516203
2018-08-03 13:00:00,0.6203392116182572,0.0171832938293605,0.0,0.0,0.0,0.19346963,0.0171832938293605
2018-08-03 14:00:00,0.5836815352697095,0.0155854729411033,0.0,0.0,0.0,0.0,0.0155854729411033
2018-08-03 15:00:00,0.5811545643153525,0.0167434096531272,0.16006422,0.0,0.16006422,0.0,0.0167434096531272
2018-08-03 16:00:00,0.59966459197787,0.0198967141686553,0.65691286,0.0,0.65691286,0.0,0.0198967141686553
2018-08-03 17:00:00,0.6584585062240663,0.0240578467887353,0.73407711,0.0,0.73407711,0.0,0.0240578467887353
2018-08-03 18:00:00,0.7012863070539419,0.0260461935449557,0.76368568,0.0,0.76368568,0.0,0.0260461935449557
2018-08-03 19:00:00,0.7340771092669433,0.0243368659747122,0.80058887,0.0,0.80058887,0.0,0.0243368659747122
2018-08-03 20:00:00,0.7636856846473029,0.0218441728357181,0.77911687,0.0,0.77911687,0.0,0.0218441728357181
2018-08-03 21:00:00,0.800588865836791,0.0212773633426254,0.58890698,0.0,0.58890698,0.0,0.0212773633426254
2018-08-03 22:00:00,0.7791168741355462,0.0186573575186462,0.45894882,0.0,0.45894882,0.0,0.0186573575186462
2018-08-03 23:00:00,0.5889069847856153,0.0142663426676448,0.42508091,0.0,0.42508091,0.0,0.0142663426676448
2018-08-04 00:00:00,0.4589488243430153,0.009511800123605,0.41401107,0.0,0.41401107,0.0,0.009511800123605
2018-08-04 01:00:00,0.4250809128630706,0.0067640700360068,0.39873409,0.0,0.39873409,0.0,0.0067640700360068
2018-08-04 02:00:00,0.4140110650069156,0.0057651617742851,0.39921162,0.0,0.39921162,0.0,0.0057651617742851
2018-08-04 03:00:00,0.3987340940525588,0.0055189305332596,0.3636852,0.0,0.3636852,0.0,0.0055189305332596
2018-08-04 04:00:00,0.3992116182572613,0.0058220357159282,0.14379075,0.0,0.14379075,0.0,0.0058220357159282
2018-08-04 05:00:00,0.4137548409405256,0.0073945877512515,0.0,0.0,0.0,0.084425959,0.0073945877512515
2018-08-04 06:00:00,0.4353340248962656,0.011324053480115,0.0,0.0,0.0,0.24564858,0.011324053480115
2018-08-04 07:00:00,0.4679892807745505,0.0156619020558222,0.0,0.0,0.0,0.34832805,0.0156619020558222
2018-08-04 08:00:00,0.5345082987551867,0.020181578462962,0.0,0.0,0.0,0.40321163,0.020181578462962
2018-08-04 09:00:00,0.6097735131396956,0.021214090909615,0.0,0.0,0.0,0.45159188,0.021214090909615
2018-08-04 10:00:00,0.6759045643153527,0.021226915561501,0.0,0.0,0.0,0.18653353,0.021226915561501
2018-08-04 11:00:00,0.6854408713692947,0.0216015766295179,0.0,0.0,0.0,0.40985487,0.0216015766295179
2018-08-04 12:00:00,0.6604498616874135,0.0217855522788636,0.0,0.0,0.0,0.30974679,0.0217855522788636
2018-08-04 13:00:00,0.6590871369294605,0.0204064456601094,0.0,0.0,0.0,0.12895772,0.0204064456601094
2018-08-04 14:00:00,0.6342901106500691,0.0183003977905304,0.0,0.0,0.0,0.0,0.0183003977905304
2018-08-04 15:00:00,0.6323260719225449,0.0181751084122748,0.26746748,0.0,0.26746748,0.0,0.0181751084122748
2018-08-04 16:00:00,0.6456275933609958,0.0208586460675634,0.6831444,0.0,0.6831444,0.0,0.0208586460675634
2018-08-04 17:00:00,0.7034021438450899,0.0257188951476314,0.73072718,0.0,0.73072718,0.0,0.0257188951476314
2018-08-04 18:00:00,0.7246376210235131,0.0266260940055209,0.77070194,0.0,0.77070194,0.0,0.0266260940055209
2018-08-04 19:00:00,0.7307271784232364,0.0251041557662335,0.81829149,0.0,0.81829149,0.0,0.0251041557662335
2018-08-04 20:00:00,0.7707019363762103,0.0225113971395461,0.80252628,0.0,0.80252628,0.0,0.0225113971395461
2018-08-04 21:00:00,0.8182914937759335,0.021232179617642,0.60063036,0.0,0.60063036,0.0,0.021232179617642
2018-08-04 22:00:00,0.8025262793914246,0.0183565938379533,0.45747441,0.0,0.45747441,0.0,0.0183565938379533
2018-08-04 23:00:00,0.6006303596127246,0.0145073513562571,0.41457331,0.0,0.41457331,0.0,0.0145073513562571
2018-08-05 00:00:00,0.4574744121715077,0.0096587475304774,0.40593257,0.0,0.40593257,0.0,0.0096587475304774
2018-08-05 01:00:00,0.4145733056708161,0.0067468529062635,0.39710823,0.0,0.39710823,0.0,0.0067468529062635
2018-08-05 02:00:00,0.4059325726141079,0.0057121926416975,0.39993914,0.0,0.39993914,0.0,0.0057121926416975
2018-08-05 03:00:00,0.3971082295988935,0.0051408177385485,0.36498382,0.0,0.36498382,0.0,0.0051408177385485
2018-08-05 04:00:00,0.399939142461964,0.0059100858744274,0.18442081,0.0,0.18442081,0.0,0.0059100858744274
2018-08-05 05:00:00,0.4121144536652836,0.0072192517945735,0.0,0.0,0.0,0.075197334,0.0072192517945735
2018-08-05 06:00:00,0.4329443291839558,0.0108925392223187,0.0,0.0,0.0,0.24874287,0.0108925392223187
2018-08-05 07:00:00,0.4709913554633472,0.0171940052497733,0.0,0.0,0.0,0.32539816,0.0171940052497733
2018-08-05 08:00:00,0.5224336099585061,0.0211045452787665,0.0,0.0,0.0,0.37744502,0.0211045452787665
2018-08-05 09:00:00,0.6234419087136929,0.0226330307311122,0.0,0.0,0.0,0.4366664,0.0226330307311122
2018-08-05 10:00:00,0.6924353388658366,0.0220806749112214,0.0,0.0,0.0,0.15853054,0.0220806749112214
2018-08-05 11:00:00,0.6896279391424619,0.0217374702102229,0.0,0.0,0.0,0.3925429,0.0217374702102229
2018-08-05 12:00:00,0.6777389349930844,0.0224325538913274,0.0,0.0,0.0,0.2938683,0.0224325538913274
2018-08-05 13:00:00,0.669289764868603,0.0205113567080216,0.0,0.0,0.0,0.13181036,0.0205113567080216
2018-08-05 14:00:00,0.6424429460580912,0.0190417339176092,0.0,0.0,0.0,0.0,0.0190417339176092
2018-08-05 15:00:00,0.6211981327800828,0.0190471743645931,0.33411515,0.0,0.33411515,0.0,0.0190471743645931
2018-08-05 16:00:00,0.6541939834024896,0.0210295826290961,0.71973949,0.0,0.71973949,0.0,0.0210295826290961
2018-08-05 17:00:00,0.7133986860304287,0.0241508739359249,0.74263071,0.0,0.74263071,0.0,0.0241508739359249
2018-08-05 18:00:00,0.741743430152144,0.0269397653455555,0.78101072,0.0,0.78101072,0.0,0.0269397653455555
2018-08-05 19:00:00,0.7426307053941908,0.0250285463501384,0.80722787,0.0,0.80722787,0.0,0.0250285463501384
2018-08-05 20:00:00,0.7810107192254495,0.0236773890334044,0.78675761,0.0,0.78675761,0.0,0.0236773890334044
2018-08-05 21:00:00,0.8072278699861686,0.0213814373986942,0.61498202,0.0,0.61498202,0.0,0.0213814373986942
2018-08-05 22:00:00,0.7867576071922545,0.0184433504636031,0.46194295,0.0,0.46194295,0.0,0.0184433504636031
2018-08-05 23:00:00,0.614982019363762,0.014253652902874,0.41817981,0.0,0.41817981,0.0,0.014253652902874
2018-08-06 00:00:00,0.4619429460580914,0.0101647021827027,0.40497165,0.0,0.40497165,0.0,0.0101647021827027
2018-08-06 01:00:00,0.418179806362379,0.00682294999116,0.39887102,0.0,0.39887102,0.0,0.00682294999116
2018-08-06 02:00:00,0.4049716459197787,0.0058269746595351,0.40238001,0.0,0.40238001,0.0,0.0058269746595351
2018-08-06 03:00:00,0.3988710235131398,0.0054453790103339,0.37677485,0.0,0.37677485,0.0,0.0054453790103339
2018-08-06 04:00:00,0.4023800138312586,0.0078097945026717,0.18882556,0.0,0.18882556,0.0,0.0078097945026717
2018-08-06 05:00:00,0.415682918395574,0.0119375512083233,0.0096981588,0.0,0.0096981588,0.0,0.0119375512083233
2018-08-06 06:00:00,0.4459042185338866,0.0194241354308581,0.0,0.0,0.0,0.13768522,0.0194241354308581
2018-08-06 07:00:00,0.5083609958506224,0.0225587943966781,0.0,0.0,0.0,0.26723645,0.0225587943966781
2018-08-06 08:00:00,0.5785376901798062,0.0205246240663375,0.0,0.0,0.0,0.36059068,0.0205246240663375
2018-08-06 09:00:00,0.6215705394190871,0.0190094232655273,0.0,0.0,0.0,0.41870661,0.0190094232655273
2018-08-06 10:00:00,0.6477067773167358,0.0194559169104107,0.0,0.0,0.0,0.15274582,0.0194559169104107
2018-08-06 11:00:00,0.6480629322268326,0.0195405845150952,0.0,0.0,0.0,0.38809246,0.0195405845150952
2018-08-06 12:00:00,0.6239498616874135,0.0185004665103253,0.0,0.0,0.0,0.28078994,0.0185004665103253
2018-08-06 13:00:00,0.6148734439834025,0.0171398186745041,0.0,0.0,0.0,0.11811098,0.0171398186745041
2018-08-06 14:00:00,0.599716804979253,0.0153316430592489,0.0,0.0,0.0,0.0,0.0153316430592489
2018-08-06 15:00:00,0.584128284923928,0.0161174020096353,0.33331762,0.0,0.33331762,0.0,0.0161174020096353
2018-08-06 16:00:00,0.612283886583679,0.0193497780438845,0.67909396,0.0,0.67909396,0.0,0.0193497780438845
2018-08-06 17:00:00,0.665387275242047,0.0251671549663694,0.73462932,0.0,0.73462932,0.0,0.0251671549663694
2018-08-06 18:00:00,0.7086448824343017,0.0263806305834595,0.7709955,0.0,0.7709955,0.0,0.0263806305834595
2018-08-06 19:00:00,0.7346293222683263,0.023523679977547,0.7825,0.0,0.7825,0.0,0.023523679977547
2018-08-06 20:00:00,0.7709955048409406,0.0219606634236829,0.77572199,0.0,0.77572199,0.0,0.0219606634236829
2018-08-06 21:00:00,0.7825,0.0204687220036531,0.59422822,0.0,0.59422822,0.0,0.0204687220036531
2018-08-06 22:00:00,0.7757219917012448,0.0184310549842463,0.46550277,0.0,0.46550277,0.0,0.0184310549842463
2018-08-06 23:00:00,0.5942282157676347,0.0141198172153382,0.41783057,0.0,0.41783057,0.0,0.0141198172153382
2018-08-07 00:00:00,0.465502766251729,0.0096493019737618,0.41588347,0.0,0.41588347,0.0,0.0096493019737618
2018-08-07 01:00:00,0.4178305670816046,0.0063545527539373,0.40461515,0.0,0.40461515,0.0,0.0063545527539373
2018-08-07 02:00:00,0.4158834716459198,0.0054619044112809,0.40343811,0.0,0.40343811,0.0,0.0054619044112809
2018-08-07 03:00:00,0.4046151452282158,0.0054568547910667,0.37680773,0.0,0.37680773,0.0,0.0054568547910667
2018-08-07 04:00:00,0.4034381051175656,0.0071117536809623,0.18752979,0.0,0.18752979,0.0,0.0071117536809623
2018-08-07 05:00:00,0.4130076071922545,0.0110085040963982,0.012099707,0.0,0.012099707,0.0,0.0110085040963982
2018-08-07 06:00:00,0.4400345781466114,0.0187406209138738,0.0,0.0,0.0,0.14638557,0.0187406209138738
2018-08-07 07:00:00,0.510140387275242,0.022490956553611,0.0,0.0,0.0,0.28029627,0.022490956553611
2018-08-07 08:00:00,0.5704927385892115,0.0198805484666824,0.0,0.0,0.0,0.38213331,0.0198805484666824
2018-08-07 09:00:00,0.6093575380359612,0.0185637631538436,0.0,0.0,0.0,0.4389962,0.0185637631538436
2018-08-07 10:00:00,0.6332697095435683,0.0202284465475649,0.0,0.0,0.0,0.16616449,0.0202284465475649
2018-08-07 11:00:00,0.6357665975103736,0.0198878704159929,0.0,0.0,0.0,0.37571529,0.0198878704159929
2018-08-07 12:00:00,0.6195297372060856,0.0191059298085629,0.0,0.0,0.0,0.29249701,0.0191059298085629
2018-08-07 13:00:00,0.6295328492392808,0.0166429637145958,0.0,0.0,0.0,0.11851161,0.0166429637145958
2018-08-07 14:00:00,0.5931504149377592,0.0152439007200643,0.0,0.0,0.0,0.0,0.0152439007200643
2018-08-07 15:00:00,0.5899941217150759,0.0162454894308725,0.29752818,0.0,0.29752818,0.0,0.0162454894308725
2018-08-07 16:00:00,0.6167856154910096,0.0191756733644642,0.70053403,0.0,0.70053403,0.0,0.0191756733644642
2018-08-07 17:00:00,0.681368948824343,0.0239950136035105,0.73831051,0.0,0.73831051,0.0,0.0239950136035105
2018-08-07 18:00:00,0.7299847856154911,0.0260942825308845,0.76929219,0.0,0.76929219,0.0,0.0260942825308845
2018-08-07 19:00:00,0.7383105117565697,0.024479790978633,0.80941321,0.0,0.80941321,0.0,0.024479790978633
2018-08-07 20:00:00,0.7692921853388658,0.0225304853956838,0.78275035,0.0,0.78275035,0.0,0.0225304853956838
2018-08-07 21:00:00,0.8094132088520054,0.0217133842135305,0.5889751,0.0,0.5889751,0.0,0.0217133842135305
2018-08-07 22:00:00,0.7827503457814661,0.0192233023507432,0.45813831,0.0,0.45813831,0.0,0.0192233023507432
2018-08-07 23:00:00,0.5889751037344396,0.0143259143515943,0.41436791,0.0,0.41436791,0.0,0.0143259143515943
2018-08-08 00:00:00,0.4581383125864454,0.0091648566284617,0.40657538,0.0,0.40657538,0.0,0.0091648566284617
2018-08-08 01:00:00,0.4143679114799448,0.0065197687183235,0.40069675,0.0,0.40069675,0.0,0.0065197687183235
2018-08-08 02:00:00,0.4065753803596127,0.0053735983131271,0.40028043,0.0,0.40028043,0.0,0.0053735983131271
2018-08-08 03:00:00,0.4006967496542186,0.0054985764134243,0.3783919,0.0,0.3783919,0.0,0.0054985764134243
2018-08-08 04:00:00,0.400280428769018,0.0066633958269724,0.19516809,0.0,0.19516809,0.0,0.0066633958269724
2018-08-08 05:00:00,0.4120131396957122,0.0111770126898556,0.013824118,0.0,0.013824118,0.0,0.0111770126898556
2018-08-08 06:00:00,0.4423786307053942,0.0191753690037937,0.0,0.0,0.0,0.14588774,0.0191753690037937
2018-08-08 07:00:00,0.5060860995850622,0.021260329521013,0.0,0.0,0.0,0.2625163,0.021260329521013
2018-08-08 08:00:00,0.5652223374827109,0.0196371775242302,0.0,0.0,0.0,0.33829509,0.0196371775242302
2018-08-08 09:00:00,0.6232876901798063,0.0196367106072927,0.0,0.0,0.0,0.42663864,0.0196367106072927
2018-08-08 10:00:00,0.6705484094052558,0.0205436984878994,0.0,0.0,0.0,0.15375366,0.0205436984878994
2018-08-08 11:00:00,0.6443239972337483,0.0199946525902996,0.0,0.0,0.0,0.37133114,0.0199946525902996
2018-08-08 12:00:00,0.6291269017980635,0.0191648132223601,0.0,0.0,0.0,0.2899942,0.0191648132223601
2018-08-08 13:00:00,0.6344311894882433,0.0171775801495018,0.0,0.0,0.0,0.11809337,0.0171775801495018
2018-08-08 14:00:00,0.5959377593360995,0.0154869915123539,0.0,0.0,0.0,0.0,0.0154869915123539
2018-08-08 15:00:00,0.5900570539419085,0.0162751818894597,0.2693463,0.0,0.2693463,0.0,0.0162751818894597
2018-08-08 16:00:00,0.6042344398340248,0.0197550204419921,0.69362435,0.0,0.69362435,0.0,0.0197550204419921
2018-08-08 17:00:00,0.6669083679114799,0.0246295225939108,0.7337009,0.0,0.7337009,0.0,0.0246295225939108
2018-08-08 18:00:00,0.7207942600276624,0.0254766240539656,0.77249205,0.0,0.77249205,0.0,0.0254766240539656
2018-08-08 19:00:00,0.7337008990318118,0.0248694106818728,0.78851936,0.0,0.78851936,0.0,0.0248694106818728
2018-08-08 20:00:00,0.7724920470262794,0.0225453541061632,0.77809474,0.0,0.77809474,0.0,0.0225453541061632
2018-08-08 21:00:00,0.7885193637621022,0.0209809125909785,0.59403008,0.0,0.59403008,0.0,0.0209809125909785
2018-08-08 22:00:00,0.7780947441217151,0.0185328532525748,0.45,0.0,0.45,0.0,0.0185328532525748
2018-08-08 23:00:00,0.5940300829875517,0.0138765327389858,0.42222095,0.0,0.42222095,0.0,0.0138765327389858
2018-08-09 00:00:00,0.45,0.0094304389825676,0.41410512,0.0,0.41410512,0.0,0.0094304389825676
2018-08-09 01:00:00,0.4222209543568465,0.0065698360486099,0.40236964,0.0,0.40236964,0.0,0.0065698360486099
2018-08-09 02:00:00,0.4141051175656985,0.0055911055158803,0.40415007,0.0,0.40415007,0.0,0.0055911055158803
2018-08-09 03:00:00,0.4023696403872753,0.0055597736600453,0.38890854,0.0,0.38890854,0.0,0.0055597736600453
2018-08-09 04:00:00,0.4041500691562932,0.0069876817453883,0.39253584,0.0,0.39253584,0.0,0.0069876817453883
2018-08-09 05:00:00,0.4229827109266943,0.0112096380785396,0.32877943,0.0,0.32877943,0.0,0.0112096380785396
2018-08-09 06:00:00,0.4406483402489627,0.0189057746226684,0.0,0.0,0.0,0.015694267,0.0189057746226684
2018-08-09 07:00:00,0.5038679114799446,0.0211926265650613,0.0,0.0,0.0,0.29158679,0.0211926265650613
2018-08-09 08:00:00,0.5711666666666665,0.0199608512626614,0.0,0.0,0.0,0.40559503,0.0199608512626614
2018-08-09 09:00:00,0.6266213692946058,0.0193844578670943,0.0,0.0,0.0,0.47013466,0.0193844578670943
2018-08-09 10:00:00,0.6367123098201936,0.0195161561126488,0.0,0.0,0.0,0.19135428,0.0195161561126488
2018-08-09 11:00:00,0.6312085062240663,0.0201536637473815,0.0,0.0,0.0,0.40580091,0.0201536637473815
2018-08-09 12:00:00,0.6209017980636238,0.0194314746733883,0.0,0.0,0.0,0.30996834,0.0194314746733883
2018-08-09 13:00:00,0.6323900414937759,0.0169554418224565,0.0,0.0,0.0,0.14116992,0.0169554418224565
2018-08-09 14:00:00,0.6005805670816045,0.0156329082433194,0.0,0.0,0.0,0.0,0.0156329082433194
2018-08-09 15:00:00,0.5874135546334714,0.0168232697426765,0.25602311,0.0,0.25602311,0.0,0.0168232697426765
2018-08-09 16:00:00,0.6084336099585061,0.0203721670396017,0.69355762,0.0,0.69355762,0.0,0.0203721670396017
2018-08-09 17:00:00,0.6749260027662517,0.0243432229623514,0.73036445,0.0,0.73036445,0.0,0.0243432229623514
2018-08-09 18:00:00,0.7209104426002766,0.0265200588983141,0.76770885,0.0,0.76770885,0.0,0.0265200588983141
2018-08-09 19:00:00,0.7303644536652835,0.0240689628704943,0.77678838,0.0,0.77678838,0.0,0.0240689628704943
2018-08-09 20:00:00,0.7677088520055325,0.0216140415824299,0.7654547,0.0,0.7654547,0.0,0.0216140415824299
2018-08-09 21:00:00,0.7767883817427386,0.0209651653849273,0.58672061,0.0,0.58672061,0.0,0.0209651653849273
2018-08-09 22:00:00,0.7654547026279391,0.0185317084414167,0.44800622,0.0,0.44800622,0.0,0.0185317084414167
2018-08-09 23:00:00,0.5867206085753801,0.013839379985329,0.41392185,0.0,0.41392185,0.0,0.013839379985329
2018-08-10 00:00:00,0.4480062240663901,0.0091840936062907,0.41031189,0.0,0.41031189,0.0,0.0091840936062907
2018-08-10 01:00:00,0.4139218533886584,0.006433534347915,0.40330567,0.0,0.40330567,0.0,0.006433534347915
2018-08-10 02:00:00,0.4103118948824343,0.0052820895106458,0.40351729,0.0,0.40351729,0.0,0.0052820895106458
2018-08-10 03:00:00,0.4033056708160443,0.0051757016217531,0.37970522,0.0,0.37970522,0.0,0.0051757016217531
2018-08-10 04:00:00,0.4035172890733056,0.0072881203135471,0.30653326,0.0,0.30653326,0.0,0.0072881203135471
2018-08-10 05:00:00,0.4137793914246196,0.0114145419826216,0.10960812,0.0,0.10960812,0.0,0.0114145419826216
2018-08-10 06:00:00,0.4395428769017981,0.0192222163365327,0.0,0.0,0.0,0.16813997,0.0192222163365327
2018-08-10 07:00:00,0.5045529045643153,0.0222529499679753,0.0,0.0,0.0,0.29665125,0.0222529499679753
2018-08-10 08:00:00,0.5709139004149376,0.0207631494485706,0.0,0.0,0.0,0.39040542,0.0207631494485706
2018-08-10 09:00:00,0.6192085062240662,0.0193461326331273,0.0,0.0,0.0,0.45336521,0.0193461326331273
2018-08-10 10:00:00,0.647960580912863,0.0201013413812186,0.0,0.0,0.0,0.18754632,0.0201013413812186
2018-08-10 11:00:00,0.6427634854771783,0.0202897337189298,0.0,0.0,0.0,0.40433912,0.0202897337189298
2018-08-10 12:00:00,0.6195034578146611,0.0189215667910914,0.0,0.0,0.0,0.30661284,0.0189215667910914
2018-08-10 13:00:00,0.6208959197786998,0.0169633828690398,0.0,0.0,0.0,0.13617443,0.0169633828690398
2018-08-10 14:00:00,0.5952475795297372,0.0156603940870461,0.0,0.0,0.0,0.0,0.0156603940870461
2018-08-10 15:00:00,0.5830971645919778,0.0162769873016183,0.26668933,0.0,0.26668933,0.0,0.0162769873016183
2018-08-10 16:00:00,0.6118419778699862,0.0200312761714272,0.6974386,0.0,0.6974386,0.0,0.0200312761714272
2018-08-10 17:00:00,0.661326417704011,0.0246512809232031,0.73623409,0.0,0.73623409,0.0,0.0246512809232031
2018-08-10 18:00:00,0.720734439834025,0.026276089610453,0.75951556,0.0,0.75951556,0.0,0.026276089610453
2018-08-10 19:00:00,0.7362340940525587,0.0245988513390765,0.7885695,0.0,0.7885695,0.0,0.0245988513390765
2018-08-10 20:00:00,0.7595155601659752,0.0218523871151757,0.77129357,0.0,0.77129357,0.0,0.0218523871151757
2018-08-10 21:00:00,0.7885695020746888,0.0207613474950558,0.58864869,0.0,0.58864869,0.0,0.0207613474950558
2018-08-10 22:00:00,0.7712935684647303,0.0182853250200559,0.44998167,0.0,0.44998167,0.0,0.0182853250200559
2018-08-10 23:00:00,0.5886486860304286,0.0139036104627225,0.42239454,0.0,0.42239454,0.0,0.0139036104627225
2018-08-11 00:00:00,0.4499816735822961,0.0089788991761143,0.40602006,0.0,0.40602006,0.0,0.0089788991761143
2018-08-11 01:00:00,0.4223945366528355,0.0068295836703177,0.40025,0.0,0.40025,0.0,0.0068295836703177
2018-08-11 02:00:00,0.4060200553250346,0.0053833897342409,0.40232054,0.0,0.40232054,0.0,0.0053833897342409
2018-08-11 03:00:00,0.4002500000000001,0.0050487866808258,0.38153149,0.0,0.38153149,0.0,0.0050487866808258
2018-08-11 04:00:00,0.4023205394190872,0.0055713704933178,0.1823864,0.0,0.1823864,0.0,0.0055713704933178
2018-08-11 05:00:00,0.4128865836791148,0.006622666835438,0.0,0.0,0.0,0.034151417,0.006622666835438
2018-08-11 06:00:00,0.4334052558782849,0.0105511814372066,0.0,0.0,0.0,0.18901884,0.0105511814372066
2018-08-11 07:00:00,0.4663239972337484,0.0162476856698012,0.0,0.0,0.0,0.27564229,0.0162476856698012
2018-08-11 08:00:00,0.5324737206085753,0.0202485896901172,0.0,0.0,0.0,0.344212,0.0202485896901172
2018-08-11 09:00:00,0.6230373443983401,0.0225169482631373,0.0,0.0,0.0,0.4070114,0.0225169482631373
2018-08-11 10:00:00,0.6830670816044259,0.0206853610867666,0.0,0.0,0.0,0.14514002,0.0206853610867666
2018-08-11 11:00:00,0.6800771092669432,0.0204289164700616,0.0,0.0,0.0,0.34917989,0.0204289164700616
2018-08-11 12:00:00,0.6508516597510373,0.0214387263776154,0.0,0.0,0.0,0.25482173,0.0214387263776154
2018-08-11 13:00:00,0.6707064315352697,0.0208375033769001,0.0,0.0,0.0,0.096401669,0.0208375033769001
2018-08-11 14:00:00,0.6397538035961272,0.0187907920034798,0.0,0.0,0.0,0.0,0.0187907920034798
2018-08-11 15:00:00,0.6132133471645919,0.0182913880229566,0.37049772,0.0,0.37049772,0.0,0.0182913880229566
2018-08-11 16:00:00,0.6492116182572614,0.0200536674325678,0.72056433,0.0,0.72056433,0.0,0.0200536674325678
2018-08-11 17:00:00,0.7074045643153527,0.0258571890272601,0.75408195,0.0,0.75408195,0.0,0.0258571890272601
2018-08-11 18:00:00,0.7413457814661134,0.0268404019625906,0.77858022,0.0,0.77858022,0.0,0.0268404019625906
2018-08-11 19:00:00,0.7540819502074688,0.0250714819565333,0.80357296,0.0,0.80357296,0.0,0.0250714819565333
2018-08-11 20:00:00,0.7785802213001384,0.0225881513667991,0.79579357,0.0,0.79579357,0.0,0.0225881513667991
2018-08-11 21:00:00,0.80357295988935,0.0208312397726483,0.60675138,0.0,0.60675138,0.0,0.0208312397726483
2018-08-11 22:00:00,0.7957935684647303,0.0181249822850407,0.46064938,0.0,0.46064938,0.0,0.0181249822850407
2018-08-11 23:00:00,0.6067513831258643,0.0146944778302706,0.4156518,0.0,0.4156518,0.0,0.0146944778302706
2018-08-12 00:00:00,0.4606493775933611,0.0098574189581034,0.40644329,0.0,0.40644329,0.0,0.0098574189581034
2018-08-12 01:00:00,0.4156517980636239,0.0070896045249003,0.40045574,0.0,0.40045574,0.0,0.0070896045249003
2018-08-12 02:00:00,0.4064432918395574,0.0059402037462247,0.40010927,0.0,0.40010927,0.0,0.0059402037462247
2018-08-12 03:00:00,0.4004557399723375,0.0054779040983427,0.38409102,0.0,0.38409102,0.0,0.0054779040983427
2018-08-12 04:00:00,0.4001092669432918,0.005688141231445,0.27656989,0.0,0.27656989,0.0,0.005688141231445
2018-08-12 05:00:00,0.4129349930843707,0.0072189716444108,0.17719701,0.0,0.17719701,0.0,0.0072189716444108
2018-08-12 06:00:00,0.4337997925311204,0.0108864485502661,0.0,0.0,0.0,0.200207,0.0108864485502661
2018-08-12 07:00:00,0.4657614107883818,0.0156957587217641,0.0,0.0,0.0,0.28617492,0.0156957587217641
2018-08-12 08:00:00,0.5332638312586444,0.0201802226745208,0.0,0.0,0.0,0.36120004,0.0201802226745208
2018-08-12 09:00:00,0.6277665975103733,0.0221197645055082,0.0,0.0,0.0,0.40227349,0.0221197645055082
2018-08-12 10:00:00,0.6739007607192253,0.021745798624932,0.0,0.0,0.0,0.12159678,0.021745798624932
2018-08-12 11:00:00,0.6899927385892116,0.0210469346459548,0.0,0.0,0.0,0.35832592,0.0210469346459548
2018-08-12 12:00:00,0.6785452973720608,0.022103149179818,0.0,0.0,0.0,0.27939884,0.022103149179818
2018-08-12 13:00:00,0.6656746196403872,0.0208906938627025,0.0,0.0,0.0,0.094717353,0.0208906938627025
2018-08-12 14:00:00,0.619442254495159,0.0190036646232969,0.0,0.0,0.0,0.0,0.0190036646232969
2018-08-12 15:00:00,0.6204847856154908,0.0190437814348464,0.37297532,0.0,0.37297532,0.0,0.0190437814348464
2018-08-12 16:00:00,0.6542759336099584,0.0212019199414416,0.73573146,0.0,0.73573146,0.0,0.0212019199414416
2018-08-12 17:00:00,0.7108336791147994,0.025383610741352,0.75243188,0.0,0.75243188,0.0,0.025383610741352
2018-08-12 18:00:00,0.7552161134163209,0.0264389121932036,0.78687414,0.0,0.78687414,0.0,0.0264389121932036
2018-08-12 19:00:00,0.7524318810511755,0.0251097795213484,0.80238693,0.0,0.80238693,0.0,0.0251097795213484
2018-08-12 20:00:00,0.7868741355463348,0.0225176399919339,0.79370505,0.0,0.79370505,0.0,0.0225176399919339
2018-08-12 21:00:00,0.8023869294605808,0.0211951202473725,0.60683714,0.0,0.60683714,0.0,0.0211951202473725
2018-08-12 22:00:00,0.7937050484094053,0.0181959259904036,0.45478216,0.0,0.45478216,0.0,0.0181959259904036
2018-08-12 23:00:00,0.6068371369294604,0.0147165681893847,0.41312828,0.0,0.41312828,0.0,0.0147165681893847
2018-08-13 00:00:00,0.4547821576763486,0.0098633816603285,0.40534509,0.0,0.40534509,0.0,0.0098633816603285
2018-08-13 01:00:00,0.4131282849239281,0.0072157723987274,0.39920885,0.0,0.39920885,0.0,0.0072157723987274
2018-08-13 02:00:00,0.4053450899031812,0.0059634735029369,0.40223548,0.0,0.40223548,0.0,0.0059634735029369
2018-08-13 03:00:00,0.3992088520055325,0.0057755134957238,0.38728636,0.0,0.38728636,0.0,0.0057755134957238
2018-08-13 04:00:00,0.4022354771784232,0.0075248644941292,0.19626878,0.0,0.19626878,0.0,0.0075248644941292
2018-08-13 05:00:00,0.4147306362378977,0.0118053237902394,0.0077829633,0.0,0.0077829633,0.0,0.0118053237902394
2018-08-13 06:00:00,0.4460401106500692,0.0187260980677928,0.0,0.0,0.0,0.15844402,0.0187260980677928
2018-08-13 07:00:00,0.5094356846473029,0.0226309036650633,0.0,0.0,0.0,0.29290645,0.0226309036650633
2018-08-13 08:00:00,0.5674872060857535,0.0205579757702578,0.0,0.0,0.0,0.39218787,0.0205579757702578
2018-08-13 09:00:00,0.6131912171507606,0.0189019044000523,0.0,0.0,0.0,0.47245794,0.0189019044000523
2018-08-13 10:00:00,0.641216804979253,0.0196634113388353,0.0,0.0,0.0,0.17182253,0.0196634113388353
2018-08-13 11:00:00,0.6184647302904563,0.0198845812455657,0.0,0.0,0.0,0.38458295,0.0198845812455657
2018-08-13 12:00:00,0.6300293914246196,0.0197918688349785,0.0,0.0,0.0,0.3052719,0.0197918688349785
2018-08-13 13:00:00,0.6387852697095435,0.0172539055049013,0.0,0.0,0.0,0.13330334,0.0172539055049013
2018-08-13 14:00:00,0.5953281466113416,0.0152743333284637,0.0,0.0,0.0,0.0,0.0152743333284637
2018-08-13 15:00:00,0.5877655601659749,0.0167984505134602,0.27460499,0.0,0.27460499,0.0,0.0167984505134602
2018-08-13 16:00:00,0.6113973029045643,0.0200263095586686,0.70220308,0.0,0.70220308,0.0,0.0200263095586686
2018-08-13 17:00:00,0.6690349239280774,0.0250881768310355,0.75829945,0.0,0.75829945,0.0,0.0250881768310355
2018-08-13 18:00:00,0.7216224066390042,0.0273337463988567,0.77788001,0.0,0.77788001,0.0,0.0273337463988567
2018-08-13 19:00:00,0.7582994467496541,0.0241480724342993,0.78646611,0.0,0.78646611,0.0,0.0241480724342993
2018-08-13 20:00:00,0.7778800138312587,0.0227841319694069,0.77336687,0.0,0.77336687,0.0,0.0227841319694069
2018-08-13 21:00:00,0.7864661134163208,0.0206478590100674,0.5846352,0.0,0.5846352,0.0,0.0206478590100674
2018-08-13 22:00:00,0.7733668741355463,0.0187629533780671,0.45342808,0.0,0.45342808,0.0,0.0187629533780671
2018-08-13 23:00:00,0.5846352005532502,0.0144619566539904,0.41971093,0.0,0.41971093,0.0,0.0144619566539904
2018-08-14 00:00:00,0.4534280774550485,0.0097452412991843,0.41217324,0.0,0.41217324,0.0,0.0097452412991843
2018-08-14 01:00:00,0.4197109266943292,0.0067184539805254,0.39819986,0.0,0.39819986,0.0,0.0067184539805254
2018-08-14 02:00:00,0.4121732365145228,0.0056093256523786,0.40305567,0.0,0.40305567,0.0,0.0056093256523786
2018-08-14 03:00:00,0.3981998616874136,0.0055704366594426,0.38655757,0.0,0.38655757,0.0,0.0055704366594426
2018-08-14 04:00:00,0.4030556708160442,0.0076411406461672,0.19052683,0.0,0.19052683,0.0,0.0076411406461672
2018-08-14 05:00:00,0.4151141078838175,0.0119299560261385,0.0,0.0,0.0,0.0053562292,0.0119299560261385
2018-08-14 06:00:00,0.4439069847856156,0.0192203694206463,0.0,0.0,0.0,0.16078047,0.0192203694206463
2018-08-14 07:00:00,0.5037676348547717,0.0224062024828268,0.0,0.0,0.0,0.2973625,0.0224062024828268
2018-08-14 08:00:00,0.5714197786998615,0.0206400563092437,0.0,0.0,0.0,0.40880407,0.0206400563092437
2018-08-14 09:00:00,0.6110992392807745,0.01920056176656,0.0,0.0,0.0,0.45307207,0.01920056176656
2018-08-14 10:00:00,0.6237997925311202,0.0193277395644298,0.0,0.0,0.0,0.17724224,0.0193277395644298
2018-08-14 11:00:00,0.6334049100968188,0.0201740939573844,0.0,0.0,0.0,0.40541166,0.0201740939573844
2018-08-14 12:00:00,0.6172126556016596,0.0197639990817699,0.0,0.0,0.0,0.30486875,0.0197639990817699
2018-08-14 13:00:00,0.6160712309820193,0.0170342020632194,0.0,0.0,0.0,0.11655559,0.0170342020632194
2018-08-14 14:00:00,0.5900183264177039,0.0158174787794302,0.0,0.0,0.0,0.0,0.0158174787794302
2018-08-14 15:00:00,0.5970325034578144,0.0168217271874603,0.2787825,0.0,0.2787825,0.0,0.0168217271874603
2018-08-14 16:00:00,0.6051981327800828,0.020069034187781,0.71097947,0.0,0.71097947,0.0,0.020069034187781
2018-08-14 17:00:00,0.6646421161825725,0.0253410348339309,0.74763658,0.0,0.74763658,0.0,0.0253410348339309
2018-08-14 18:00:00,0.7276998616874136,0.0262221797267023,0.76029841,0.0,0.76029841,0.0,0.0262221797267023
2018-08-14 19:00:00,0.7476365836791147,0.0238351792891607,0.79398409,0.0,0.79398409,0.0,0.0238351792891607
2018-08-14 20:00:00,0.760298409405256,0.0224217525461711,0.77452248,0.0,0.77452248,0.0,0.0224217525461711
2018-08-14 21:00:00,0.7939840940525587,0.0213128732403909,0.58081639,0.0,0.58081639,0.0,0.0213128732403909
2018-08-14 22:00:00,0.7745224757952974,0.0190170357409321,0.46033195,0.0,0.46033195,0.0,0.0190170357409321
2018-08-14 23:00:00,0.5808163900414937,0.0144761059665217,0.41642773,0.0,0.41642773,0.0,0.0144761059665217
2018-08-15 00:00:00,0.460331950207469,0.0096160540291606,0.40692151,0.0,0.40692151,0.0,0.0096160540291606
2018-08-15 01:00:00,0.4164277316735823,0.0069027097800337,0.40057746,0.0,0.40057746,0.0,0.0069027097800337
2018-08-15 02:00:00,0.4069215076071922,0.0057193900798244,0.40189938,0.0,0.40189938,0.0,0.0057193900798244
2018-08-15 03:00:00,0.4005774550484094,0.0057286557870528,0.38682252,0.0,0.38682252,0.0,0.0057286557870528
2018-08-15 04:00:00,0.401899377593361,0.0073074541334074,0.19514636,0.0,0.19514636,0.0,0.0073074541334074
2018-08-15 05:00:00,0.4114927385892116,0.012300954390178,0.0090171572,0.0,0.0090171572,0.0,0.012300954390178
2018-08-15 06:00:00,0.4394923928077456,0.0197387890257835,0.0,0.0,0.0,0.15712458,0.0197387890257835
2018-08-15 07:00:00,0.5024488243430152,0.0226163323979663,0.0,0.0,0.0,0.28621772,0.0226163323979663
2018-08-15 08:00:00,0.5639443291839558,0.0202627493785803,0.0,0.0,0.0,0.38713391,0.0202627493785803
2018-08-15 09:00:00,0.6120532503457814,0.0190843686219777,0.0,0.0,0.0,0.44619149,0.0190843686219777
2018-08-15 10:00:00,0.6353613416320885,0.0196170758854057,0.0,0.0,0.0,0.16781888,0.0196170758854057
2018-08-15 11:00:00,0.6385383817427387,0.019864092238615,0.0,0.0,0.0,0.38901849,0.019864092238615
2018-08-15 12:00:00,0.62784785615491,0.0188688224703625,0.0,0.0,0.0,0.28477903,0.0188688224703625
2018-08-15 13:00:00,0.6272213001383126,0.0174359304790409,0.0,0.0,0.0,0.11070591,0.0174359304790409
2018-08-15 14:00:00,0.6019218533886583,0.0156699606963008,0.0,0.0,0.0,0.0,0.0156699606963008
2018-08-15 15:00:00,0.5922793914246195,0.0172941329930584,0.32301435,0.0,0.32301435,0.0,0.0172941329930584
2018-08-15 16:00:00,0.6192337482710926,0.0199654547178018,0.71939255,0.0,0.71939255,0.0,0.0199654547178018
2018-08-15 17:00:00,0.6751082295988935,0.0253485331740844,0.73182296,0.0,0.73182296,0.0,0.0253485331740844
2018-08-15 18:00:00,0.7335435684647303,0.026105025079093,0.76422476,0.0,0.76422476,0.0,0.026105025079093
2018-08-15 19:00:00,0.7318229598893499,0.0236265815533058,0.77981916,0.0,0.77981916,0.0,0.0236265815533058
2018-08-15 20:00:00,0.7642247579529737,0.0223369016333555,0.78244467,0.0,0.78244467,0.0,0.0223369016333555
2018-08-15 21:00:00,0.7798191562932226,0.0210113555753096,0.58529184,0.0,0.58529184,0.0,0.0210113555753096
2018-08-15 22:00:00,0.7824446749654218,0.0191431551937434,0.46398755,0.0,0.46398755,0.0,0.0191431551937434
2018-08-15 23:00:00,0.5852918395573996,0.0147269475799753,0.41918638,0.0,0.41918638,0.0,0.0147269475799753
2018-08-16 00:00:00,0.4639875518672199,0.0095641639934955,0.40736999,0.0,0.40736999,0.0,0.0095641639934955
2018-08-16 01:00:00,0.4191863762102352,0.0068790146101117,0.40086999,0.0,0.40086999,0.0,0.0068790146101117
2018-08-16 02:00:00,0.4073699861687413,0.0055626408759068,0.40204011,0.0,0.40204011,0.0,0.0055626408759068
2018-08-16 03:00:00,0.4008699861687414,0.0054737260564122,0.38850232,0.0,0.38850232,0.0,0.0054737260564122
2018-08-16 04:00:00,0.4020401106500691,0.0072174878861423,0.19852771,0.0,0.19852771,0.0,0.0072174878861423
2018-08-16 05:00:00,0.4118765560165975,0.0110997880870206,0.0063003091,0.0,0.0063003091,0.0,0.0110997880870206
2018-08-16 06:00:00,0.4383257261410789,0.0182233668717586,0.0,0.0,0.0,0.1688076,0.0182233668717586
2018-08-16 07:00:00,0.4968115491009682,0.022450127261401,0.0,0.0,0.0,0.28595609,0.022450127261401
2018-08-16 08:00:00,0.5500501383125863,0.0200290038423307,0.0,0.0,0.0,0.38020765,0.0200290038423307
2018-08-16 09:00:00,0.613588865836791,0.0190641563065458,0.0,0.0,0.0,0.44056709,0.0190641563065458
2018-08-16 10:00:00,0.638070193637621,0.019745906915099,0.0,0.0,0.0,0.15241326,0.019745906915099
2018-08-16 11:00:00,0.6341957123098202,0.0194075823607593,0.0,0.0,0.0,0.37629754,0.0194075823607593
2018-08-16 12:00:00,0.6312831950207468,0.0194378143678078,0.0,0.0,0.0,0.28252979,0.0194378143678078
2018-08-16 13:00:00,0.6279336099585062,0.0171525672362225,0.0,0.0,0.0,0.10901995,0.0171525672362225
2018-08-16 14:00:00,0.5924346473029045,0.0157582079975069,0.0,0.0,0.0,0.0,0.0157582079975069
2018-08-16 15:00:00,0.5836732365145227,0.0168940197639765,0.31705238,0.0,0.31705238,0.0,0.0168940197639765
2018-08-16 16:00:00,0.6042109266943292,0.0194933428969421,0.72823237,0.0,0.72823237,0.0,0.0194933428969421
2018-08-16 17:00:00,0.6626573305670815,0.0245293983092699,0.73761826,0.0,0.73761826,0.0,0.0245293983092699
2018-08-16 18:00:00,0.7282323651452283,0.0261793444209828,0.77715664,0.0,0.77715664,0.0,0.0261793444209828
2018-08-16 19:00:00,0.7376182572614107,0.0236787897842172,0.80993845,0.0,0.80993845,0.0,0.0236787897842172
2018-08-16 20:00:00,0.7771566390041494,0.0217540682426934,0.7881601,0.0,0.7881601,0.0,0.0217540682426934
2018-08-16 21:00:00,0.8099384508990317,0.0213370733723344,0.59543326,0.0,0.59543326,0.0,0.0213370733723344
2018-08-16 22:00:00,0.7881600968188105,0.018636031519852,0.44934405,0.0,0.44934405,0.0,0.018636031519852
2018-08-16 23:00:00,0.5954332641770399,0.0143693168749269,0.41393223,0.0,0.41393223,0.0,0.0143693168749269
2018-08-17 00:00:00,0.4493440525587828,0.0097944612616952,0.40819364,0.0,0.40819364,0.0,0.0097944612616952
2018-08-17 01:00:00,0.4139322268326419,0.0064842276927623,0.40248755,0.0,0.40248755,0.0,0.0064842276927623
2018-08-17 02:00:00,0.4081936376210235,0.0054369053325775,0.40347095,0.0,0.40347095,0.0,0.0054369053325775
2018-08-17 03:00:00,0.4024875518672199,0.0053996176918052,0.3926834,0.0,0.3926834,0.0,0.0053996176918052
2018-08-17 04:00:00,0.4034709543568465,0.0070049991758074,0.20640968,0.0,0.20640968,0.0,0.0070049991758074
2018-08-17 05:00:00,0.4121680497925311,0.0107758030706312,0.021652115,0.0,0.021652115,0.0,0.0107758030706312
2018-08-17 06:00:00,0.4375473720608576,0.018407961618377,0.0,0.0,0.0,0.14135788,0.018407961618377
2018-08-17 07:00:00,0.5028309128630706,0.0221589544004709,0.0,0.0,0.0,0.25809104,0.0221589544004709
2018-08-17 08:00:00,0.5634443291839556,0.0210253838353017,0.0,0.0,0.0,0.35596762,0.0210253838353017
2018-08-17 09:00:00,0.6252738589211617,0.019560236530202,0.0,0.0,0.0,0.42469747,0.019560236530202
2018-08-17 10:00:00,0.6515006915629321,0.0195233708439958,0.0,0.0,0.0,0.14030444,0.0195233708439958
2018-08-17 11:00:00,0.6429325726141079,0.0198667934395651,0.0,0.0,0.0,0.36277609,0.0198667934395651
2018-08-17 12:00:00,0.635277662517289,0.0194119644626847,0.0,0.0,0.0,0.28108291,0.0194119644626847
2018-08-17 13:00:00,0.6264526279391425,0.017112056139259,0.0,0.0,0.0,0.096679623,0.017112056139259
2018-08-17 14:00:00,0.5801936376210235,0.0151817108426202,0.0,0.0,0.0,0.0,0.0151817108426202
2018-08-17 15:00:00,0.5783416320885199,0.0165299317706133,0.35456849,0.0,0.35456849,0.0,0.0165299317706133
2018-08-17 16:00:00,0.6065114107883817,0.0199225225700504,0.71660685,0.0,0.71660685,0.0,0.0199225225700504
2018-08-17 17:00:00,0.6668710235131396,0.0252639589527872,0.73032331,0.0,0.73032331,0.0,0.0252639589527872
2018-08-17 18:00:00,0.7166068464730291,0.0258696574388156,0.76696438,0.0,0.76696438,0.0,0.0258696574388156
2018-08-17 19:00:00,0.7303233056708158,0.0245652125677056,0.78723271,0.0,0.78723271,0.0,0.0245652125677056
2018-08-17 20:00:00,0.7669643845089903,0.0228175320943432,0.7663482,0.0,0.7663482,0.0,0.0228175320943432
2018-08-17 21:00:00,0.7872327109266943,0.0218100394782575,0.58089903,0.0,0.58089903,0.0,0.0218100394782575
2018-08-17 22:00:00,0.7663482019363762,0.0183372496421608,0.45545159,0.0,0.45545159,0.0,0.0183372496421608
2018-08-17 23:00:00,0.5808990318118947,0.0139925598686569,0.4236148,0.0,0.4236148,0.0,0.0139925598686569
2018-08-18 00:00:00,0.4554515905947441,0.0096334613843233,0.40972787,0.0,0.40972787,0.0,0.0096334613843233
2018-08-18 01:00:00,0.4236147994467497,0.0065287093130174,0.39923582,0.0,0.39923582,0.0,0.0065287093130174
2018-08-18 02:00:00,0.4097278699861688,0.0055839392055493,0.40238278,0.0,0.40238278,0.0,0.0055839392055493
2018-08-18 03:00:00,0.3992358229598894,0.0050961528101623,0.39649257,0.0,0.39649257,0.0,0.0050961528101623
2018-08-18 04:00:00,0.4023827800829875,0.0063479744130829,0.20724588,0.0,0.20724588,0.0,0.0063479744130829
2018-08-18 05:00:00,0.414680152143845,0.0071700595012145,0.0,0.0,0.0,0.01431656,0.0071700595012145
2018-08-18 06:00:00,0.436695020746888,0.0102786714192042,0.0,0.0,0.0,0.18022563,0.0102786714192042
2018-08-18 07:00:00,0.4655864453665284,0.0161566922052731,0.0,0.0,0.0,0.26773583,0.0161566922052731
2018-08-18 08:00:00,0.5231234439834024,0.0207810029688067,0.0,0.0,0.0,0.30708503,0.0207810029688067
2018-08-18 09:00:00,0.6138309128630705,0.0225061849630647,0.0,0.0,0.0,0.37652393,0.0225061849630647
2018-08-18 10:00:00,0.6917873443983402,0.0215413685550755,0.0,0.0,0.0,0.090298349,0.0215413685550755
2018-08-18 11:00:00,0.6812783540802213,0.0217581321493725,0.0,0.0,0.0,0.30098855,0.0217581321493725
2018-08-18 12:00:00,0.6763973029045642,0.0224731549130347,0.0,0.0,0.0,0.22294064,0.0224731549130347
2018-08-18 13:00:00,0.6855771092669433,0.020695211304828,0.0,0.0,0.0,0.054663138,0.020695211304828
2018-08-18 14:00:00,0.6352213001383126,0.0186725617175921,0.0,0.0,0.0,0.0,0.0186725617175921
2018-08-18 15:00:00,0.6206179114799445,0.0182124444740628,0.42279009,0.0,0.42279009,0.0,0.0182124444740628
2018-08-18 16:00:00,0.6320957814661133,0.0203151824213507,0.72610788,0.0,0.72610788,0.0,0.0203151824213507
2018-08-18 17:00:00,0.7105539419087136,0.0251620915115793,0.74116598,0.0,0.74116598,0.0,0.0251620915115793
2018-08-18 18:00:00,0.7261078838174274,0.0277461343554316,0.78494053,0.0,0.78494053,0.0,0.0277461343554316
2018-08-18 19:00:00,0.7411659751037344,0.0258855118628303,0.7956964,0.0,0.7956964,0.0,0.0258855118628303
2018-08-18 20:00:00,0.7849405255878286,0.0231555522880127,0.78526037,0.0,0.78526037,0.0,0.0231555522880127
2018-08-18 21:00:00,0.7956964038727523,0.0215253930785218,0.60410719,0.0,0.60410719,0.0,0.0215253930785218
2018-08-18 22:00:00,0.7852603734439834,0.0184543869965505,0.45610581,0.0,0.45610581,0.0,0.0184543869965505
2018-08-18 23:00:00,0.604107192254495,0.0143958377569826,0.41707054,0.0,0.41707054,0.0,0.0143958377569826
2018-08-19 00:00:00,0.4561058091286307,0.0099866926942263,0.41170539,0.0,0.41170539,0.0,0.0099866926942263
2018-08-19 01:00:00,0.4170705394190872,0.0069155067627679,0.39859613,0.0,0.39859613,0.0,0.0069155067627679
2018-08-19 02:00:00,0.4117053941908714,0.0059442676529037,0.39938693,0.0,0.39938693,0.0,0.0059442676529037
2018-08-19 03:00:00,0.3985961272475796,0.0054765517685455,0.40101037,0.0,0.40101037,0.0,0.0054765517685455
2018-08-19 04:00:00,0.3993869294605808,0.0061086639186659,0.22961471,0.0,0.22961471,0.0,0.0061086639186659
2018-08-19 05:00:00,0.4166552558782849,0.0073266253970011,0.02621235,0.0,0.02621235,0.0,0.0073266253970011
2018-08-19 06:00:00,0.4378928077455049,0.0114427091792128,0.0,0.0,0.0,0.1029398,0.0114427091792128
2018-08-19 07:00:00,0.4659249654218533,0.0166315501894547,0.0,0.0,0.0,0.1285445,0.0166315501894547
2018-08-19 08:00:00,0.5231901798063623,0.0210285830809851,0.0,0.0,0.0,0.12778935,0.0210285830809851
2018-08-19 09:00:00,0.6250297372060857,0.0220695899572586,0.0,0.0,0.0,0.29259716,0.0220695899572586
2018-08-19 10:00:00,0.6916552558782848,0.021617278873197,0.0,0.0,0.0,0.0,0.021617278873197
2018-08-19 11:00:00,0.6827863070539418,0.021816188947258,0.0,0.0,0.0,0.072612902,0.021816188947258
2018-08-19 12:00:00,0.6618793222683265,0.0222947753496521,0.0,0.0,0.0,0.050993962,0.0222947753496521
2018-08-19 13:00:00,0.6518281466113416,0.0196090587486549,0.0,0.0,0.0,0.015240148,0.0196090587486549
2018-08-19 14:00:00,0.6202634854771784,0.0185040565827786,0.0,0.0,0.0,0.0,0.0185040565827786
2018-08-19 15:00:00,0.6279329183955739,0.018218223868157,0.5201592,0.0,0.5201592,0.0,0.018218223868157
2018-08-19 16:00:00,0.6478973029045643,0.020945049911527,0.72708887,0.0,0.72708887,0.0,0.020945049911527
2018-08-19 17:00:00,0.7109892807745505,0.0247795343593511,0.74447649,0.0,0.74447649,0.0,0.0247795343593511
2018-08-19 18:00:00,0.7270888658367912,0.026781950879291,0.77942981,0.0,0.77942981,0.0,0.026781950879291
2018-08-19 19:00:00,0.7444764868603041,0.0250528087376737,0.80111929,0.0,0.80111929,0.0,0.0250528087376737
2018-08-19 20:00:00,0.7794298063623789,0.0228403038063221,0.78665491,0.0,0.78665491,0.0,0.0228403038063221
2018-08-19 21:00:00,0.8011192946058091,0.0207955500253961,0.59385581,0.0,0.59385581,0.0,0.0207955500253961
2018-08-19 22:00:00,0.7866549100968189,0.0183473419653011,0.45692704,0.0,0.45692704,0.0,0.0183473419653011
2018-08-19 23:00:00,0.5938558091286307,0.0146985106091537,0.41778976,0.0,0.41778976,0.0,0.0146985106091537
2018-08-20 00:00:00,0.4569270401106501,0.0100154340257186,0.41112621,0.0,0.41112621,0.0,0.0100154340257186
2018-08-20 01:00:00,0.4177897648686031,0.0069903621944749,0.39870332,0.0,0.39870332,0.0,0.0069903621944749
2018-08-20 02:00:00,0.4111262102351314,0.0056479414124401,0.39958714,0.0,0.39958714,0.0,0.0056479414124401
2018-08-20 03:00:00,0.3987033195020747,0.0058433720906546,0.3971779,0.0,0.3971779,0.0,0.0058433720906546
2018-08-20 04:00:00,0.3995871369294606,0.0074454574869418,0.20682056,0.0,0.20682056,0.0,0.0074454574869418
2018-08-20 05:00:00,0.4142946058091286,0.0116000186834555,0.019784229,0.0,0.019784229,0.0,0.0116000186834555
2018-08-20 06:00:00,0.4386345089903182,0.0194404429372343,0.0,0.0,0.0,0.15122162,0.0194404429372343
2018-08-20 07:00:00,0.509542531120332,0.0224833855819341,0.0,0.0,0.0,0.30327933,0.0224833855819341
2018-08-20 08:00:00,0.5714308437067771,0.0198673917849742,0.0,0.0,0.0,0.39981413,0.0198673917849742
2018-08-20 09:00:00,0.6043997233748271,0.019406631233664,0.0,0.0,0.0,0.46212923,0.019406631233664
2018-08-20 10:00:00,0.6329837482710926,0.0204172677571297,0.0,0.0,0.0,0.17889479,0.0204172677571297
2018-08-20 11:00:00,0.6292351313969572,0.0206214211354675,0.0,0.0,0.0,0.40395238,0.0206214211354675
2018-08-20 12:00:00,0.6182126556016596,0.0196784080191421,0.0,0.0,0.0,0.29574983,0.0196784080191421
2018-08-20 13:00:00,0.613591286307054,0.017354050541406,0.0,0.0,0.0,0.11048614,0.017354050541406
2018-08-20 14:00:00,0.5903523513139696,0.0162359159043296,0.0,0.0,0.0,0.0,0.0162359159043296
2018-08-20 15:00:00,0.5848395573997233,0.0158869629370324,0.3272168,0.0,0.3272168,0.0,0.0158869629370324
2018-08-20 16:00:00,0.6041988243430152,0.0200625665235342,0.70517877,0.0,0.70517877,0.0,0.0200625665235342
2018-08-20 17:00:00,0.6549775242047026,0.0244887004455312,0.74343949,0.0,0.74343949,0.0,0.0244887004455312
2018-08-20 18:00:00,0.7051787690179807,0.0259603327080974,0.77396266,0.0,0.77396266,0.0,0.0259603327080974
2018-08-20 19:00:00,0.74343948824343,0.0240232811007773,0.80374585,0.0,0.80374585,0.0,0.0240232811007773
2018-08-20 20:00:00,0.7739626556016598,0.0226678004790656,0.77406051,0.0,0.77406051,0.0,0.0226678004790656
2018-08-20 21:00:00,0.8037458506224066,0.0210853048422934,0.58265941,0.0,0.58265941,0.0,0.0210853048422934
2018-08-20 22:00:00,0.7740605117565698,0.0187143386782534,0.46343707,0.0,0.46343707,0.0,0.0187143386782534
2018-08-20 23:00:00,0.5826594052558781,0.0142688605604638,0.42080325,0.0,0.42080325,0.0,0.0142688605604638
2018-08-21 00:00:00,0.4634370677731674,0.0095817546567893,0.40657331,0.0,0.40657331,0.0,0.0095817546567893
2018-08-21 01:00:00,0.4208032503457816,0.006631261565734,0.39930394,0.0,0.39930394,0.0,0.006631261565734
2018-08-21 02:00:00,0.406573305670816,0.0055727643268427,0.39989661,0.0,0.39989661,0.0,0.0055727643268427
2018-08-21 03:00:00,0.3993039419087137,0.0054351690932984,0.40853591,0.0,0.40853591,0.0,0.0054351690932984
2018-08-21 04:00:00,0.399896611341632,0.00710637548957,0.35667286,0.0,0.35667286,0.0,0.00710637548957
2018-08-21 05:00:00,0.4138423236514523,0.0114910956085239,0.30144691,0.0,0.30144691,0.0,0.0114910956085239
2018-08-21 06:00:00,0.4391943291839557,0.0191608461577123,0.0,0.0,0.0,0.18590132,0.0191608461577123
2018-08-21 07:00:00,0.5049865145228216,0.0230471030473063,0.0,0.0,0.0,0.30653433,0.0230471030473063
2018-08-21 08:00:00,0.5638834716459197,0.0209073991131366,0.0,0.0,0.0,0.40448432,0.0209073991131366
2018-08-21 09:00:00,0.6307282157676348,0.0194856647073016,0.0,0.0,0.0,0.47281716,0.0194856647073016
2018-08-21 10:00:00,0.6567251037344397,0.0201106866372586,0.0,0.0,0.0,0.20915289,0.0201106866372586
2018-08-21 11:00:00,0.642295988934993,0.0206912788266203,0.0,0.0,0.0,0.42139678,0.0206912788266203
2018-08-21 12:00:00,0.6096473029045643,0.0196170828026936,0.0,0.0,0.0,0.29519584,0.0196170828026936
2018-08-21 13:00:00,0.609753112033195,0.0179482006151779,0.0,0.0,0.0,0.11178202,0.0179482006151779
2018-08-21 14:00:00,0.6007444674965422,0.0159755111402651,0.0,0.0,0.0,0.0,0.0159755111402651
2018-08-21 15:00:00,0.588802558782849,0.0170755466933827,0.34787776,0.0,0.34787776,0.0,0.0170755466933827
2018-08-21 16:00:00,0.606332641770401,0.0205353804491221,0.70384059,0.0,0.70384059,0.0,0.0205353804491221
2018-08-21 17:00:00,0.6732662517289073,0.0255360850613077,0.72165629,0.0,0.72165629,0.0,0.0255360850613077
2018-08-21 18:00:00,0.7038405947441218,0.026257679248536,0.77166252,0.0,0.77166252,0.0,0.026257679248536
2018-08-21 19:00:00,0.7216562932226832,0.0249610370782494,0.79349481,0.0,0.79349481,0.0,0.0249610370782494
2018-08-21 20:00:00,0.7716625172890734,0.0229176460030522,0.76365595,0.0,0.76365595,0.0,0.0229176460030522
2018-08-21 21:00:00,0.7934948132780082,0.0215498595260519,0.58274896,0.0,0.58274896,0.0,0.0215498595260519
2018-08-21 22:00:00,0.7636559474412171,0.0188270178405495,0.46183333,0.0,0.46183333,0.0,0.0188270178405495
2018-08-21 23:00:00,0.5827489626556015,0.0139483168948365,0.41842393,0.0,0.41842393,0.0,0.0139483168948365
2018-08-22 00:00:00,0.4618333333333334,0.0094516508461105,0.40729011,0.0,0.40729011,0.0,0.0094516508461105
2018-08-22 01:00:00,0.4184239280774551,0.0070048712059802,0.3973897,0.0,0.3973897,0.0,0.0070048712059802
2018-08-22 02:00:00,0.4072901106500692,0.0056340584154953,0.39878008,0.0,0.39878008,0.0,0.0056340584154953
2018-08-22 03:00:00,0.3973896957123098,0.0055169798580536,0.39867041,0.0,0.39867041,0.0,0.0055169798580536
2018-08-22 04:00:00,0.3987800829875518,0.0073075267649312,0.37689004,0.0,0.37689004,0.0,0.0073075267649312
2018-08-22 05:00:00,0.4133004840940525,0.0109479951199294,0.35491957,0.0,0.35491957,0.0,0.0109479951199294
2018-08-22 06:00:00,0.4426894882434302,0.019906896416539,0.1980151,0.0,0.1980151,0.0,0.019906896416539
2018-08-22 07:00:00,0.5093682572614108,0.0226222605137517,0.0,0.0,0.0,0.035457083,0.0226222605137517
2018-08-22 08:00:00,0.574930497925311,0.0203690680945935,0.0,0.0,0.0,0.28605424,0.0203690680945935
2018-08-22 09:00:00,0.6227555325034577,0.0198478331532546,0.0,0.0,0.0,0.48039872,0.0198478331532546
2018-08-22 10:00:00,0.6391452282157676,0.0204363352614035,0.0,0.0,0.0,0.087239455,0.0204363352614035
2018-08-22 11:00:00,0.6254733748271092,0.0202914699582088,0.0,0.0,0.0,0.27363686,0.0202914699582088
2018-08-22 12:00:00,0.6215729598893499,0.0198479023261345,0.0,0.0,0.0,0.27861407,0.0198479023261345
2018-08-22 13:00:00,0.6222116182572613,0.0170469990459534,0.0,0.0,0.0,0.041260785,0.0170469990459534
2018-08-22 14:00:00,0.5890660442600276,0.0154775632488584,0.0,0.0,0.0,0.0,0.0154775632488584
2018-08-22 15:00:00,0.5869540110650068,0.0164426632656542,0.38703097,0.0,0.38703097,0.0,0.0164426632656542
2018-08-22 16:00:00,0.6132748962655601,0.0203321401527955,0.71073755,0.0,0.71073755,0.0,0.0203321401527955
2018-08-22 17:00:00,0.6663772475795297,0.0238347089135792,0.74630325,0.0,0.74630325,0.0,0.0238347089135792
2018-08-22 18:00:00,0.7107375518672199,0.0272467061644006,0.77650795,0.0,0.77650795,0.0,0.0272467061644006
2018-08-22 19:00:00,0.7463032503457814,0.0254996309537351,0.80524343,0.0,0.80524343,0.0,0.0254996309537351
2018-08-22 20:00:00,0.7765079529737207,0.0232030360112443,0.78199965,0.0,0.78199965,0.0,0.0232030360112443
2018-08-22 21:00:00,0.8052434301521438,0.02176485229463,0.59573755,0.0,0.59573755,0.0,0.02176485229463
2018-08-22 22:00:00,0.7819996542185338,0.0190109070237957,0.45421715,0.0,0.45421715,0.0,0.0190109070237957
2018-08-22 23:00:00,0.5957375518672198,0.0144287502131173,0.41930014,0.0,0.41930014,0.0,0.0144287502131173
2018-08-23 00:00:00,0.4542171507607193,0.0099602133158986,0.40979426,0.0,0.40979426,0.0,0.0099602133158986
2018-08-23 01:00:00,0.4193001383125865,0.0073508947018245,0.4017583,0.0,0.4017583,0.0,0.0073508947018245
2018-08-23 02:00:00,0.4097942600276625,0.0059021033241167,0.4003482,0.0,0.4003482,0.0,0.0059021033241167
2018-08-23 03:00:00,0.4017582987551868,0.0056274696987092,0.39747158,0.0,0.39747158,0.0,0.0056274696987092
2018-08-23 04:00:00,0.4003482019363762,0.0074696299497334,0.33081359,0.0,0.33081359,0.0,0.0074696299497334
2018-08-23 05:00:00,0.4121016597510373,0.0116790763676009,0.18752283,0.0,0.18752283,0.0,0.0116790763676009
2018-08-23 06:00:00,0.4383675656984787,0.0196558265325823,0.087348524,0.0,0.087348524,0.0,0.0196558265325823
2018-08-23 07:00:00,0.5027226832641771,0.0219031600088346,0.0,0.0,0.0,0.31500823,0.0219031600088346
2018-08-23 08:00:00,0.5556531811894881,0.020318260614495,0.0,0.0,0.0,0.41265814,0.020318260614495
2018-08-23 09:00:00,0.6121690871369293,0.019505628000367,0.0,0.0,0.0,0.48298475,0.019505628000367
2018-08-23 10:00:00,0.6406424619640386,0.019889955978314,0.0,0.0,0.0,0.18596417,0.019889955978314
2018-08-23 11:00:00,0.6277970262793914,0.0206102946777768,0.0,0.0,0.0,0.39096707,0.0206102946777768
2018-08-23 12:00:00,0.6284695712309819,0.020166031858262,0.0,0.0,0.0,0.2991235,0.020166031858262
2018-08-23 13:00:00,0.6317486168741355,0.017939253103196,0.0,0.0,0.0,0.1128014,0.017939253103196
2018-08-23 14:00:00,0.5879768326417704,0.0156328736568796,0.0,0.0,0.0,0.0,0.0156328736568796
2018-08-23 15:00:00,0.5811334716459197,0.0165836030079291,0.35631786,0.0,0.35631786,0.0,0.0165836030079291
2018-08-23 16:00:00,0.610390387275242,0.020178697412525,0.71285512,0.0,0.71285512,0.0,0.020178697412525
2018-08-23 17:00:00,0.6661137621023513,0.0244774321834371,0.74654737,0.0,0.74654737,0.0,0.0244774321834371
2018-08-23 18:00:00,0.7128551175656985,0.0272436694749842,0.77794917,0.0,0.77794917,0.0,0.0272436694749842
2018-08-23 19:00:00,0.7465473720608574,0.0249754596236553,0.80399066,0.0,0.80399066,0.0,0.0249754596236553
2018-08-23 20:00:00,0.7779491701244813,0.0219454419315171,0.780361,0.0,0.780361,0.0,0.0219454419315171
2018-08-23 21:00:00,0.8039906639004148,0.0209344595436533,0.58386376,0.0,0.58386376,0.0,0.0209344595436533
2018-08-23 22:00:00,0.7803609958506225,0.0193894452317166,0.45974654,0.0,0.45974654,0.0,0.0193894452317166
2018-08-23 23:00:00,0.5838637621023511,0.0145132033818748,0.41927006,0.0,0.41927006,0.0,0.0145132033818748
2018-08-24 00:00:00,0.4597465421853389,0.009727387778948,0.4072009,0.0,0.4072009,0.0,0.009727387778948
2018-08-24 01:00:00,0.4192700553250346,0.0068606284587021,0.39698686,0.0,0.39698686,0.0,0.0068606284587021
2018-08-24 02:00:00,0.4072008990318119,0.0056996343053981,0.39946888,0.0,0.39946888,0.0,0.0056996343053981
2018-08-24 03:00:00,0.3969868603042877,0.0056542015580478,0.41405602,0.0,0.41405602,0.0,0.0056542015580478
2018-08-24 04:00:00,0.3994688796680498,0.0078029602221628,0.19727834,0.0,0.19727834,0.0,0.0078029602221628
2018-08-24 05:00:00,0.4140560165975104,0.0121373086501597,0.0,0.0,0.0,0.00077156802,0.0121373086501597
2018-08-24 06:00:00,0.4361794605809129,0.0191442723357495,0.0,0.0,0.0,0.15718602,0.0191442723357495
2018-08-24 07:00:00,0.5002441217150762,0.0223858068592638,0.0,0.0,0.0,0.2849583,0.0223858068592638
2018-08-24 08:00:00,0.5767019363762101,0.0212443436685274,0.0,0.0,0.0,0.38637784,0.0212443436685274
2018-08-24 09:00:00,0.6277157676348547,0.0196287626434215,0.0,0.0,0.0,0.4480499,0.0196287626434215
2018-08-24 10:00:00,0.6468637621023512,0.0201755085427732,0.0,0.0,0.0,0.16514971,0.0201755085427732
2018-08-24 11:00:00,0.6410494467496543,0.0201148266341053,0.0,0.0,0.0,0.37166794,0.0201148266341053
2018-08-24 12:00:00,0.6308419778699862,0.0201834910930841,0.0,0.0,0.0,0.26613962,0.0201834910930841
2018-08-24 13:00:00,0.635121715076072,0.0170178219253198,0.0,0.0,0.0,0.10098504,0.0170178219253198
2018-08-24 14:00:00,0.6091393499308436,0.0156103578845552,0.0,0.0,0.0,0.0,0.0156103578845552
2018-08-24 15:00:00,0.5814834024896264,0.0172529024981464,0.37307404,0.0,0.37307404,0.0,0.0172529024981464
2018-08-24 16:00:00,0.6016493775933609,0.020761516968611,0.71675,0.0,0.71675,0.0,0.020761516968611
2018-08-24 17:00:00,0.6744263485477179,0.0248556452788236,0.73084371,0.0,0.73084371,0.0,0.0248556452788236
2018-08-24 18:00:00,0.7167500000000001,0.0262852965207339,0.77009544,0.0,0.77009544,0.0,0.0262852965207339
2018-08-24 19:00:00,0.7308437067773167,0.0241525306263924,0.798176,0.0,0.798176,0.0,0.0241525306263924
2018-08-24 20:00:00,0.7700954356846473,0.0227166054042983,0.77977835,0.0,0.77977835,0.0,0.0227166054042983
2018-08-24 21:00:00,0.7981760027662517,0.020989943110416,0.58302697,0.0,0.58302697,0.0,0.020989943110416
2018-08-24 22:00:00,0.7797783540802213,0.0190415367749022,0.44944295,0.0,0.44944295,0.0,0.0190415367749022
2018-08-24 23:00:00,0.5830269709543567,0.0140480088489798,0.41361895,0.0,0.41361895,0.0,0.0140480088489798
2018-08-25 00:00:00,0.4494429460580913,0.0096136986926089,0.40580705,0.0,0.40580705,0.0,0.0096136986926089
2018-08-25 01:00:00,0.4136189488243431,0.0070097548112832,0.40064177,0.0,0.40064177,0.0,0.0070097548112832
2018-08-25 02:00:00,0.4058070539419087,0.0060805935641065,0.39881293,0.0,0.39881293,0.0,0.0060805935641065
2018-08-25 03:00:00,0.4006417704011066,0.0055461293095356,0.41323893,0.0,0.41323893,0.0,0.0055461293095356
2018-08-25 04:00:00,0.3988129322268326,0.0065198897708627,0.20542478,0.0,0.20542478,0.0,0.0065198897708627
2018-08-25 05:00:00,0.4132389349930844,0.0076385604977563,0.0,0.0,0.0,0.024784661,0.0076385604977563
2018-08-25 06:00:00,0.4339464038727524,0.011243373691942,0.0,0.0,0.0,0.1970221,0.011243373691942
2018-08-25 07:00:00,0.4615418395573997,0.0170096387736577,0.0,0.0,0.0,0.27288647,0.0170096387736577
2018-08-25 08:00:00,0.5178042876901797,0.0210211435377794,0.0,0.0,0.0,0.32738772,0.0210211435377794
2018-08-25 09:00:00,0.6192652143845089,0.0230455812439544,0.0,0.0,0.0,0.39294181,0.0230455812439544
2018-08-25 10:00:00,0.6868129322268326,0.0217240714234356,0.0,0.0,0.0,0.10203775,0.0217240714234356
2018-08-25 11:00:00,0.6799519363762102,0.0219741763457213,0.0,0.0,0.0,0.32462986,0.0219741763457213
2018-08-25 12:00:00,0.6716535269709544,0.0224042656421968,0.0,0.0,0.0,0.22759715,0.0224042656421968
2018-08-25 13:00:00,0.6680940525587828,0.0208139880564649,0.0,0.0,0.0,0.03536651,0.0208139880564649
2018-08-25 14:00:00,0.6337831950207468,0.0189830026841473,0.0,0.0,0.0,0.0,0.0189830026841473
2018-08-25 15:00:00,0.6356877593360994,0.0189351315927893,0.46772879,0.0,0.46772879,0.0,0.0189351315927893
2018-08-25 16:00:00,0.657622060857538,0.0209589432844033,0.73343534,0.0,0.73343534,0.0,0.0209589432844033
2018-08-25 17:00:00,0.7048796680497925,0.0252287603329805,0.74212863,0.0,0.74212863,0.0,0.0252287603329805
2018-08-25 18:00:00,0.7334353388658368,0.0266780220862698,0.77474274,0.0,0.77474274,0.0,0.0266780220862698
2018-08-25 19:00:00,0.7421286307053941,0.0249910788598791,0.80710443,0.0,0.80710443,0.0,0.0249910788598791
2018-08-25 20:00:00,0.7747427385892116,0.0231700543822299,0.7963444,0.0,0.7963444,0.0,0.0231700543822299
2018-08-25 21:00:00,0.8071044260027662,0.0217823219053842,0.60121923,0.0,0.60121923,0.0,0.0217823219053842
2018-08-25 22:00:00,0.796344398340249,0.0187352911434974,0.46778216,0.0,0.46778216,0.0,0.0187352911434974
2018-08-25 23:00:00,0.6012192254495158,0.0149574074044419,0.41963589,0.0,0.41963589,0.0,0.0149574074044419
2018-08-26 00:00:00,0.4677821576763486,0.0100890996838955,0.40927178,0.0,0.40927178,0.0,0.0100890996838955
2018-08-26 01:00:00,0.4196358921161826,0.0072113107479904,0.39891909,0.0,0.39891909,0.0,0.0072113107479904
2018-08-26 02:00:00,0.4092717842323652,0.0063556664372996,0.39942497,0.0,0.39942497,0.0,0.0063556664372996
2018-08-26 03:00:00,0.3989190871369295,0.0059391834462499,0.41184959,0.0,0.41184959,0.0,0.0059391834462499
2018-08-26 04:00:00,0.3994249654218534,0.0061560507998661,0.21086269,0.0,0.21086269,0.0,0.0061560507998661
2018-08-26 05:00:00,0.4118495850622406,0.007755445371135,0.0,0.0,0.0,0.011005136,0.007755445371135
2018-08-26 06:00:00,0.4353374827109267,0.0113318112185669,0.0,0.0,0.0,0.19130188,0.0113318112185669
2018-08-26 07:00:00,0.4736054633471647,0.0162405919909933,0.0,0.0,0.0,0.29546207,0.0162405919909933
2018-08-26 08:00:00,0.5220231673582296,0.0210725493632869,0.0,0.0,0.0,0.34616303,0.0210725493632869
2018-08-26 09:00:00,0.6009159751037343,0.0218837812266023,0.0,0.0,0.0,0.37954503,0.0218837812266023
2018-08-26 10:00:00,0.6700767634854771,0.0213550963661258,0.0,0.0,0.0,0.11143036,0.0213550963661258
2018-08-26 11:00:00,0.6922223374827109,0.0211969948324109,0.0,0.0,0.0,0.31303872,0.0211969948324109
2018-08-26 12:00:00,0.6662662517289073,0.0228141495405287,0.0,0.0,0.0,0.21532683,0.0228141495405287
2018-08-26 13:00:00,0.6810076071922544,0.0207963904758836,0.0,0.0,0.0,0.042869162,0.0207963904758836
2018-08-26 14:00:00,0.6460159059474412,0.0193011425922067,0.0,0.0,0.0,0.0,0.0193011425922067
2018-08-26 15:00:00,0.6268506224066389,0.0182693495435023,0.48345632,0.0,0.48345632,0.0,0.0182693495435023
2018-08-26 16:00:00,0.6519377593360995,0.0210394432230893,0.74765733,0.0,0.74765733,0.0,0.0210394432230893
2018-08-26 17:00:00,0.7131915629322269,0.0251890412654888,0.74907261,0.0,0.74907261,0.0,0.0251890412654888
2018-08-26 18:00:00,0.7476573305670816,0.0271060050685603,0.77172891,0.0,0.77172891,0.0,0.0271060050685603
2018-08-26 19:00:00,0.7490726141078837,0.0260824747203291,0.8104101,0.0,0.8104101,0.0,0.0260824747203291
2018-08-26 20:00:00,0.7717289073305671,0.0239193834355516,0.80383921,0.0,0.80383921,0.0,0.0239193834355516
2018-08-26 21:00:00,0.8104100968188105,0.0215345584850747,0.60730705,0.0,0.60730705,0.0,0.0215345584850747
2018-08-26 22:00:00,0.8038392116182572,0.0192229668622769,0.45658817,0.0,0.45658817,0.0,0.0192229668622769
2018-08-26 23:00:00,0.6073070539419086,0.0153192230687088,0.42138209,0.0,0.42138209,0.0,0.0153192230687088
2018-08-27 00:00:00,0.456588174273859,0.0105905338884362,0.40989799,0.0,0.40989799,0.0,0.0105905338884362
2018-08-27 01:00:00,0.4213820885200555,0.0071710106283097,0.39947476,0.0,0.39947476,0.0,0.0071710106283097
2018-08-27 02:00:00,0.4098979944674966,0.0062916607717647,0.40138831,0.0,0.40138831,0.0,0.0062916607717647
2018-08-27 03:00:00,0.3994747579529737,0.0061679485351652,0.41167185,0.0,0.41167185,0.0,0.0061679485351652
2018-08-27 04:00:00,0.4013883125864453,0.0078524741694119,0.21751833,0.0,0.21751833,0.0,0.0078524741694119
2018-08-27 05:00:00,0.4116718533886583,0.0120112341597202,0.021732195,0.0,0.021732195,0.0,0.0120112341597202
2018-08-27 06:00:00,0.4390172890733057,0.0201832766571571,0.0,0.0,0.0,0.15170398,0.0201832766571571
2018-08-27 07:00:00,0.5016352005532504,0.0229020233081845,0.0,0.0,0.0,0.27674763,0.0229020233081845
2018-08-27 08:00:00,0.563122406639004,0.0206430272844242,0.0,0.0,0.0,0.37156442,0.0206430272844242
2018-08-27 09:00:00,0.6173198478561548,0.0202316423346043,0.0,0.0,0.0,0.43377181,0.0202316423346043
2018-08-27 10:00:00,0.6428243430152143,0.0208054555817609,0.0,0.0,0.0,0.15081412,0.0208054555817609
2018-08-27 11:00:00,0.6368405947441217,0.0203677192234405,0.0,0.0,0.0,0.38144856,0.0203677192234405
2018-08-27 12:00:00,0.6247679806362377,0.0201488804427541,0.0,0.0,0.0,0.27230356,0.0201488804427541
2018-08-27 13:00:00,0.6166749654218534,0.0174840505927656,0.0,0.0,0.0,0.080740064,0.0174840505927656
2018-08-27 14:00:00,0.5900988934993083,0.0162606832538864,0.0,0.0,0.0,0.0,0.0162606832538864
2018-08-27 15:00:00,0.5856396957123097,0.0166879606728044,0.41321274,0.0,0.41321274,0.0,0.0166879606728044
2018-08-27 16:00:00,0.6131856846473028,0.0211800267250343,0.72295747,0.0,0.72295747,0.0,0.0211800267250343
2018-08-27 17:00:00,0.6719419087136929,0.0249066602775613,0.74238831,0.0,0.74238831,0.0,0.0249066602775613
2018-08-27 18:00:00,0.722957468879668,0.0272783631327696,0.76484578,0.0,0.76484578,0.0,0.0272783631327696
2018-08-27 19:00:00,0.7423883125864453,0.025923688375106,0.78860408,0.0,0.78860408,0.0,0.025923688375106
2018-08-27 20:00:00,0.7648457814661135,0.0231004975931037,0.7752009,0.0,0.7752009,0.0,0.0231004975931037
2018-08-27 21:00:00,0.7886040802213001,0.0212862520576598,0.59097303,0.0,0.59097303,0.0,0.0212862520576598
2018-08-27 22:00:00,0.7752008990318118,0.0195169516007647,0.46661203,0.0,0.46661203,0.0,0.0195169516007647
2018-08-27 23:00:00,0.590973029045643,0.0144351452458402,0.4237417,0.0,0.4237417,0.0,0.0144351452458402
2018-08-28 00:00:00,0.4666120331950207,0.0098770156349064,0.40788313,0.0,0.40788313,0.0,0.0098770156349064
2018-08-28 01:00:00,0.4237417012448133,0.0072456550827337,0.39885062,0.0,0.39885062,0.0,0.0072456550827337
2018-08-28 02:00:00,0.4078831258644537,0.0060587868137986,0.40142704,0.0,0.40142704,0.0,0.0060587868137986
2018-08-28 03:00:00,0.3988506224066391,0.0062480541884369,0.41368776,0.0,0.41368776,0.0,0.0062480541884369
2018-08-28 04:00:00,0.40142704011065,0.0083177690029826,0.36779323,0.0,0.36779323,0.0,0.0083177690029826
2018-08-28 05:00:00,0.4136877593360996,0.012955101561109,0.1932097,0.0,0.1932097,0.0,0.012955101561109
2018-08-28 06:00:00,0.4469145919778701,0.0208856477011323,0.0,0.0,0.0,0.13683396,0.0208856477011323
2018-08-28 07:00:00,0.5027230290456431,0.0244097707312129,0.0,0.0,0.0,0.27518939,0.0244097707312129
2018-08-28 08:00:00,0.5753592669432918,0.0231716003960898,0.0,0.0,0.0,0.37225851,0.0231716003960898
2018-08-28 09:00:00,0.6237845781466113,0.0201293702320506,0.0,0.0,0.0,0.44468245,0.0201293702320506
2018-08-28 10:00:00,0.6556224066390041,0.0203950183003921,0.0,0.0,0.0,0.16027103,0.0203950183003921
2018-08-28 11:00:00,0.6394968879668049,0.0203036132572303,0.0,0.0,0.0,0.36956705,0.0203036132572303
2018-08-28 12:00:00,0.6277178423236514,0.0205196470776469,0.0,0.0,0.0,0.25312235,0.0205196470776469
2018-08-28 13:00:00,0.6255425311203319,0.0178795984117909,0.0,0.0,0.0,0.068425108,0.0178795984117909
2018-08-28 14:00:00,0.6028672199170124,0.016639249130959,0.0,0.0,0.0,0.0,0.016639249130959
2018-08-28 15:00:00,0.5905995850622405,0.0165687515906695,0.42346996,0.0,0.42346996,0.0,0.0165687515906695
2018-08-28 16:00:00,0.6139865145228215,0.0198698024598296,0.71827213,0.0,0.71827213,0.0,0.0198698024598296
2018-08-28 17:00:00,0.6657908022130014,0.0255777997663771,0.73889869,0.0,0.73889869,0.0,0.0255777997663771
2018-08-28 18:00:00,0.7182721300138313,0.0272176777654577,0.76603077,0.0,0.76603077,0.0,0.0272176777654577
2018-08-28 19:00:00,0.7388986860304287,0.0250076284713338,0.79206259,0.0,0.79206259,0.0,0.0250076284713338
2018-08-28 20:00:00,0.7660307745504841,0.0223634986055788,0.76984059,0.0,0.76984059,0.0,0.0223634986055788
2018-08-28 21:00:00,0.7920625864453665,0.0210527278746251,0.60442427,0.0,0.60442427,0.0,0.0210527278746251
2018-08-28 22:00:00,0.7698405947441217,0.018537062422301,0.46585477,0.0,0.46585477,0.0,0.018537062422301
2018-08-28 23:00:00,0.6044242738589211,0.0143851436297895,0.41828804,0.0,0.41828804,0.0,0.0143851436297895
2018-08-29 00:00:00,0.4658547717842324,0.0102211057487647,0.40709959,0.0,0.40709959,0.0,0.0102211057487647
2018-08-29 01:00:00,0.4182880359612725,0.0070511063587343,0.40341286,0.0,0.40341286,0.0,0.0070511063587343
2018-08-29 02:00:00,0.4070995850622407,0.0060554215532041,0.399037,0.0,0.399037,0.0,0.0060554215532041
2018-08-29 03:00:00,0.4034128630705395,0.0059512402791719,0.41369779,0.0,0.41369779,0.0,0.0059512402791719
2018-08-29 04:00:00,0.3990369986168741,0.0076061564622871,0.23146686,0.0,0.23146686,0.0,0.0076061564622871
2018-08-29 05:00:00,0.4136977869986168,0.0120563660050443,0.37217019,0.0,0.37217019,0.0,0.0120563660050443
2018-08-29 06:00:00,0.4395065698478562,0.0200116483668278,0.36435652,0.0,0.36435652,0.0,0.0200116483668278
2018-08-29 07:00:00,0.505179806362379,0.0221597187607905,0.21178185,0.0,0.21178185,0.0,0.0221597187607905
2018-08-29 08:00:00,0.5608150069156291,0.0207670853854222,0.0,0.0,0.0,0.050222032,0.0207670853854222
2018-08-29 09:00:00,0.6149986168741355,0.019375164490714,0.0,0.0,0.0,0.42511133,0.019375164490714
2018-08-29 10:00:00,0.6532676348547717,0.0202239987314038,0.0,0.0,0.0,0.13399987,0.0202239987314038
2018-08-29 11:00:00,0.6478326417704011,0.0194476576685811,0.0,0.0,0.0,0.3610033,0.0194476576685811
2018-08-29 12:00:00,0.644646611341632,0.0202641570466813,0.0,0.0,0.0,0.25110712,0.0202641570466813
2018-08-29 13:00:00,0.628024550484094,0.0182547194794573,0.0,0.0,0.0,0.066954633,0.0182547194794573
2018-08-29 14:00:00,0.6000231673582295,0.0159035471349272,0.0,0.0,0.0,0.0,0.0159035471349272
2018-08-29 15:00:00,0.5866549100968187,0.0171891181858266,0.45227671,0.0,0.45227671,0.0,0.0171891181858266
2018-08-29 16:00:00,0.611146611341632,0.0202613728382757,0.72536411,0.0,0.72536411,0.0,0.0202613728382757
2018-08-29 17:00:00,0.6765501383125864,0.0260640332306161,0.74211238,0.0,0.74211238,0.0,0.0260640332306161
2018-08-29 18:00:00,0.7253641078838174,0.0269877159857247,0.77100795,0.0,0.77100795,0.0,0.0269877159857247
2018-08-29 19:00:00,0.7421123789764869,0.0247397876227076,0.8021103,0.0,0.8021103,0.0,0.0247397876227076
2018-08-29 20:00:00,0.7710079529737206,0.0232231549432889,0.75540664,0.0,0.75540664,0.0,0.0232231549432889
2018-08-29 21:00:00,0.80211030428769,0.0217971110670521,0.56981189,0.0,0.56981189,0.0,0.0217971110670521
2018-08-29 22:00:00,0.7554066390041494,0.0189470915836799,0.44621923,0.0,0.44621923,0.0,0.0189470915836799
2018-08-29 23:00:00,0.5698118948824341,0.0143180321019588,0.41776798,0.0,0.41776798,0.0,0.0143180321019588
2018-08-30 00:00:00,0.446219225449516,0.0098593212122934,0.4062749,0.0,0.4062749,0.0,0.0098593212122934
2018-08-30 01:00:00,0.417767980636238,0.0068399768954844,0.39789799,0.0,0.39789799,0.0,0.0068399768954844
2018-08-30 02:00:00,0.4062748962655602,0.0057905966421302,0.40118603,0.0,0.40118603,0.0,0.0057905966421302
2018-08-30 03:00:00,0.3978979944674966,0.0058540627592037,0.41128976,0.0,0.41128976,0.0,0.0058540627592037
2018-08-30 04:00:00,0.401186030428769,0.0078958559408808,0.23304754,0.0,0.23304754,0.0,0.0078958559408808
2018-08-30 05:00:00,0.4112897648686031,0.0122671496038958,0.35613341,0.0,0.35613341,0.0,0.0122671496038958
2018-08-30 06:00:00,0.4386514522821578,0.0207488963767198,0.19962001,0.0,0.19962001,0.0,0.0207488963767198
2018-08-30 07:00:00,0.5003198478561549,0.0233146187833983,0.0,0.0,0.0,0.2970948,0.0233146187833983
2018-08-30 08:00:00,0.5618246887966803,0.0210812409356142,0.0,0.0,0.0,0.39665994,0.0210812409356142
2018-08-30 09:00:00,0.6097863070539418,0.0203414266118877,0.0,0.0,0.0,0.44924481,0.0203414266118877
2018-08-30 10:00:00,0.6432372060857537,0.020051132246529,0.0,0.0,0.0,0.16879481,0.020051132246529
2018-08-30 11:00:00,0.6494139004149379,0.0201020227340832,0.0,0.0,0.0,0.36863088,0.0201020227340832
2018-08-30 12:00:00,0.6314571230982019,0.019586504931247,0.0,0.0,0.0,0.2696842,0.019586504931247
2018-08-30 13:00:00,0.6362437759336099,0.0169075534378789,0.0,0.0,0.0,0.07816538,0.0169075534378789
2018-08-30 14:00:00,0.5946085753803596,0.0158359064345673,0.0,0.0,0.0,0.0,0.0158359064345673
2018-08-30 15:00:00,0.5857949515905946,0.0165690282821883,0.43537096,0.0,0.43537096,0.0,0.0165690282821883
2018-08-30 16:00:00,0.6101808437067773,0.0208890060444393,0.7237825,0.0,0.7237825,0.0,0.0208890060444393
2018-08-30 17:00:00,0.6790411479944675,0.0249187724487869,0.72499239,0.0,0.72499239,0.0,0.0249187724487869
2018-08-30 18:00:00,0.7237825034578147,0.0259317885193122,0.77729806,0.0,0.77729806,0.0,0.0259317885193122
2018-08-30 19:00:00,0.7249923928077454,0.0250079674184441,0.79428562,0.0,0.79428562,0.0,0.0250079674184441
2018-08-30 20:00:00,0.7772980636237897,0.0230579804826305,0.75776971,0.0,0.75776971,0.0,0.0230579804826305
2018-08-30 21:00:00,0.7942856154910096,0.0213733476304198,0.57875588,0.0,0.57875588,0.0,0.0213733476304198
2018-08-30 22:00:00,0.7577697095435685,0.0187930262874925,0.45946369,0.0,0.45946369,0.0,0.0187930262874925
2018-08-30 23:00:00,0.5787558782849238,0.0142442108048026,0.42094813,0.0,0.42094813,0.0,0.0142442108048026
2018-08-31 00:00:00,0.4594636929460581,0.0100249037929417,0.40987033,0.0,0.40987033,0.0,0.0100249037929417
2018-08-31 01:00:00,0.4209481327800831,0.0071916483569515,0.39877766,0.0,0.39877766,0.0,0.0071916483569515
2018-08-31 02:00:00,0.4098703319502075,0.0060270848830578,0.40097476,0.0,0.40097476,0.0,0.0060270848830578
2018-08-31 03:00:00,0.3987776625172892,0.0056800860496105,0.41592808,0.0,0.41592808,0.0,0.0056800860496105
2018-08-31 04:00:00,0.4009747579529737,0.0079066261582417,0.31976009,0.0,0.31976009,0.0,0.0079066261582417
2018-08-31 05:00:00,0.4159280774550485,0.0119079106293958,0.028310725,0.0,0.028310725,0.0,0.0119079106293958
2018-08-31 06:00:00,0.4411977869986169,0.0198330370742986,0.0,0.0,0.0,0.14552015,0.0198330370742986
2018-08-31 07:00:00,0.5059021438450899,0.0224974276765017,0.0,0.0,0.0,0.28841812,0.0224974276765017
2018-08-31 08:00:00,0.5698634163208852,0.0213817590525845,0.0,0.0,0.0,0.37473071,0.0213817590525845
2018-08-31 09:00:00,0.6118170816044259,0.0201220482827402,0.0,0.0,0.0,0.4260625,0.0201220482827402
2018-08-31 10:00:00,0.6525736514522821,0.0204154000893794,0.0,0.0,0.0,0.15443991,0.0204154000893794
2018-08-31 11:00:00,0.6582174965421853,0.0206113046018195,0.0,0.0,0.0,0.36798065,0.0206113046018195
2018-08-31 12:00:00,0.6356016597510372,0.0195177782166763,0.0,0.0,0.0,0.27325575,0.0195177782166763
2018-08-31 13:00:00,0.6336013139695712,0.0171985187801702,0.0,0.0,0.0,0.075342323,0.0171985187801702
2018-08-31 14:00:00,0.5912451590594744,0.0162623191924899,0.0,0.0,0.0,0.0,0.0162623191924899
2018-08-31 15:00:00,0.5895857538035959,0.0174857902906885,0.43597662,0.0,0.43597662,0.0,0.0174857902906885
2018-08-31 16:00:00,0.6064761410788382,0.0205443902166958,0.73560201,0.0,0.73560201,0.0,0.0205443902166958
2018-08-31 17:00:00,0.6751317427385891,0.0259692387163517,0.7330491,0.0,0.7330491,0.0,0.0259692387163517
2018-08-31 18:00:00,0.7356020055325035,0.0272754267440289,0.78023928,0.0,0.78023928,0.0,0.0272754267440289
2018-08-31 19:00:00,0.733049100968188,0.0257402315223575,0.79704461,0.0,0.79704461,0.0,0.0257402315223575
2018-08-31 20:00:00,0.7802392807745505,0.0235906600769064,0.78160858,0.0,0.78160858,0.0,0.0235906600769064
2018-08-31 21:00:00,0.7970446058091286,0.0221660619138543,0.58995228,0.0,0.58995228,0.0,0.0221660619138543
2018-08-31 22:00:00,0.7816085753803595,0.0195564839014814,0.47358022,0.0,0.47358022,0.0,0.0195564839014814
2018-08-31 23:00:00,0.5899522821576763,0.0149287352458296,0.43131017,0.0,0.43131017,0.0,0.0149287352458296
2018-09-01 00:00:00,0.4735802213001384,0.0102192795847419,0.41355533,0.0,0.41355533,0.0,0.0102192795847419
2018-09-01 01:00:00,0.4313101659751037,0.0071659886772474,0.40286203,0.0,0.40286203,0.0,0.0071659886772474
2018-09-01 02:00:00,0.4135553250345781,0.0060962058830422,0.40099827,0.0,0.40099827,0.0,0.0060962058830422
2018-09-01 03:00:00,0.4028620331950207,0.0055501482538429,0.41159544,0.0,0.41159544,0.0,0.0055501482538429
2018-09-01 04:00:00,0.4009982710926695,0.0062998058783428,0.23061483,0.0,0.23061483,0.0,0.0062998058783428
2018-09-01 05:00:00,0.4115954356846473,0.0076401341807682,0.0046156244,0.0,0.0046156244,0.0,0.0076401341807682
2018-09-01 06:00:00,0.434728561549101,0.0112867312529028,0.0,0.0,0.0,0.15888189,0.0112867312529028
2018-09-01 07:00:00,0.4693360995850622,0.0161728924936856,0.0,0.0,0.0,0.25294403,0.0161728924936856
2018-09-01 08:00:00,0.5341901798063623,0.020921876996846,0.0,0.0,0.0,0.29937061,0.020921876996846
2018-09-01 09:00:00,0.6170200553250346,0.0226149558576612,0.0,0.0,0.0,0.32638584,0.0226149558576612
2018-09-01 10:00:00,0.6843305670816044,0.022314423906115,0.0,0.0,0.0,0.065546853,0.022314423906115
2018-09-01 11:00:00,0.7140280082987552,0.022389701292388,0.0,0.0,0.0,0.2880165,0.022389701292388
2018-09-01 12:00:00,0.6775449515905946,0.0227565043212771,0.0,0.0,0.0,0.17484134,0.0227565043212771
2018-09-01 13:00:00,0.6700850622406637,0.0209097924947723,0.0078773639,0.0,0.0078773639,0.0,0.0209097924947723
2018-09-01 14:00:00,0.6463139695712309,0.0190799588509006,0.0,0.0,0.0,0.0,0.0190799588509006
2018-09-01 15:00:00,0.6339775242047024,0.0195011283045462,0.57556898,0.0,0.57556898,0.0,0.0195011283045462
2018-09-01 16:00:00,0.6585650069156292,0.0207123903894878,0.74975657,0.0,0.74975657,0.0,0.0207123903894878
2018-09-01 17:00:00,0.7146967496542185,0.0249524561825296,0.77511687,0.0,0.77511687,0.0,0.0249524561825296
2018-09-01 18:00:00,0.7497565698478561,0.0265344053535526,0.81817427,0.0,0.81817427,0.0,0.0265344053535526
2018-09-01 19:00:00,0.7751168741355463,0.0251649414342208,0.84796093,0.0,0.84796093,0.0,0.0251649414342208
2018-09-01 20:00:00,0.8181742738589209,0.0235657440056585,0.80874931,0.0,0.80874931,0.0,0.0235657440056585
2018-09-01 21:00:00,0.8479609266943291,0.0214577004985018,0.60254564,0.0,0.60254564,0.0,0.0214577004985018
2018-09-01 22:00:00,0.8087493084370677,0.0184193163465708,0.46099654,0.0,0.46099654,0.0,0.0184193163465708
2018-09-01 23:00:00,0.6025456431535269,0.0147317239673148,0.41740698,0.0,0.41740698,0.0,0.0147317239673148
2018-09-02 00:00:00,0.4609965421853389,0.0096820172871896,0.40790802,0.0,0.40790802,0.0,0.0096820172871896
2018-09-02 01:00:00,0.4174069847856155,0.007319504049042,0.39878077,0.0,0.39878077,0.0,0.007319504049042
2018-09-02 02:00:00,0.4079080221300138,0.0058856367201173,0.40100934,0.0,0.40100934,0.0,0.0058856367201173
2018-09-02 03:00:00,0.3987807745504841,0.0059445650962862,0.41399723,0.0,0.41399723,0.0,0.0059445650962862
2018-09-02 04:00:00,0.4010093360995851,0.006340351561746,0.24305879,0.0,0.24305879,0.0,0.006340351561746
2018-09-02 05:00:00,0.4139972337482711,0.0079515919886542,0.027621656,0.0,0.027621656,0.0,0.0079515919886542
2018-09-02 06:00:00,0.435149377593361,0.0116470458656816,0.0,0.0,0.0,0.14263533,0.0116470458656816
2018-09-02 07:00:00,0.4716303596127247,0.0173659966977208,0.0,0.0,0.0,0.22448244,0.0173659966977208
2018-09-02 08:00:00,0.5265515214384509,0.0218389156968648,0.0,0.0,0.0,0.29704598,0.0218389156968648
2018-09-02 09:00:00,0.6250418395573997,0.022927437424166,0.0,0.0,0.0,0.34821014,0.022927437424166
2018-09-02 10:00:00,0.6783374827109266,0.0223286423915259,0.0,0.0,0.0,0.058644415,0.0223286423915259
2018-09-02 11:00:00,0.6850314661134164,0.0220786861909318,0.0,0.0,0.0,0.2695584,0.0220786861909318
2018-09-02 12:00:00,0.6782842323651452,0.0224719824327245,0.0,0.0,0.0,0.17290455,0.0224719824327245
2018-09-02 13:00:00,0.686000691562932,0.0211106221162432,0.012249069,0.0,0.012249069,0.0,0.0211106221162432
2018-09-02 14:00:00,0.6463188105117564,0.0197771557634783,0.30264694,0.0,0.30264694,0.0,0.0197771557634783
2018-09-02 15:00:00,0.6372406639004148,0.0190912824512982,0.31229965,0.0,0.31229965,0.0,0.0190912824512982
2018-09-02 16:00:00,0.6886825726141079,0.0217259529257621,0.75439972,0.0,0.75439972,0.0,0.0217259529257621
2018-09-02 17:00:00,0.7220805670816044,0.0265798968978504,0.78269537,0.0,0.78269537,0.0,0.0265798968978504
2018-09-02 18:00:00,0.7543997233748272,0.0279787212459471,0.82451314,0.0,0.82451314,0.0,0.0279787212459471
2018-09-02 19:00:00,0.782695366528354,0.0267998389859672,0.84642393,0.0,0.84642393,0.0,0.0267998389859672
2018-09-02 20:00:00,0.8245131396957122,0.0234042772113493,0.79462206,0.0,0.79462206,0.0,0.0234042772113493
2018-09-02 21:00:00,0.846423928077455,0.0220502768892619,0.5959426,0.0,0.5959426,0.0,0.0220502768892619
2018-09-02 22:00:00,0.7946220608575381,0.0195941277825837,0.46399308,0.0,0.46399308,0.0,0.0195941277825837
2018-09-02 23:00:00,0.595942600276625,0.0155001136076224,0.41887552,0.0,0.41887552,0.0,0.0155001136076224
2018-09-03 00:00:00,0.4639930843706777,0.0104328266401354,0.41098824,0.0,0.41098824,0.0,0.0104328266401354
2018-09-03 01:00:00,0.4188755186721992,0.0071685273219303,0.40129288,0.0,0.40129288,0.0,0.0071685273219303
2018-09-03 02:00:00,0.4109882434301521,0.0064783237874845,0.40006086,0.0,0.40006086,0.0,0.0064783237874845
2018-09-03 03:00:00,0.401292876901798,0.0058393566049913,0.41252593,0.0,0.41252593,0.0,0.0058393566049913
2018-09-03 04:00:00,0.400060857538036,0.0078755502420614,0.41955597,0.0,0.41955597,0.0,0.0078755502420614
2018-09-03 05:00:00,0.4125259336099585,0.0122648599815798,0.39282261,0.0,0.39282261,0.0,0.0122648599815798
2018-09-03 06:00:00,0.4378654910096819,0.020257595999047,0.36182519,0.0,0.36182519,0.0,0.020257595999047
2018-09-03 07:00:00,0.5062582987551868,0.0242558161116328,0.02693409,0.0,0.02693409,0.0,0.0242558161116328
2018-09-03 08:00:00,0.589247233748271,0.0228175182597672,0.0,0.0,0.0,0.31855838,0.0228175182597672
2018-09-03 09:00:00,0.6210864453665282,0.0210846892036646,0.0,0.0,0.0,0.37865421,0.0210846892036646
2018-09-03 10:00:00,0.6510833333333332,0.0211750877814277,0.0,0.0,0.0,0.095819295,0.0211750877814277
2018-09-03 11:00:00,0.6432897648686031,0.0210586179453266,0.0,0.0,0.0,0.30496829,0.0210586179453266
2018-09-03 12:00:00,0.631545988934993,0.0208785609396129,0.0,0.0,0.0,0.19351405,0.0208785609396129
2018-09-03 13:00:00,0.6387482710926693,0.0188033053774074,0.077071308,0.0,0.077071308,0.0,0.0188033053774074
2018-09-03 14:00:00,0.605774550484094,0.0165148451655628,0.20334999,0.0,0.20334999,0.0,0.0165148451655628
2018-09-03 15:00:00,0.6003533886583678,0.0172382516822379,0.56178718,0.0,0.56178718,0.0,0.0172382516822379
2018-09-03 16:00:00,0.623232019363762,0.0199952128906246,0.7349668,0.0,0.7349668,0.0,0.0199952128906246
2018-09-03 17:00:00,0.6828803596127246,0.0260430600135079,0.77023029,0.0,0.77023029,0.0,0.0260430600135079
2018-09-03 18:00:00,0.7349668049792532,0.0276994357443838,0.80935408,0.0,0.80935408,0.0,0.0276994357443838
2018-09-03 19:00:00,0.7702302904564313,0.025152085654539,0.82941286,0.0,0.82941286,0.0,0.025152085654539
2018-09-03 20:00:00,0.8093540802213001,0.0223099380448702,0.80462656,0.0,0.80462656,0.0,0.0223099380448702
2018-09-03 21:00:00,0.8294128630705393,0.0210461495337708,0.5957296,0.0,0.5957296,0.0,0.0210461495337708
2018-09-03 22:00:00,0.8046265560165975,0.0190475651913632,0.46058506,0.0,0.46058506,0.0,0.0190475651913632
2018-09-03 23:00:00,0.5957295988934992,0.0151598487540088,0.42006743,0.0,0.42006743,0.0,0.0151598487540088
2018-09-04 00:00:00,0.4605850622406638,0.0098000331371503,0.41208472,0.0,0.41208472,0.0,0.0098000331371503
2018-09-04 01:00:00,0.4200674273858921,0.0070515213960121,0.39881708,0.0,0.39881708,0.0,0.0070515213960121
2018-09-04 02:00:00,0.4120847164591978,0.0059014565576919,0.40051867,0.0,0.40051867,0.0,0.0059014565576919
2018-09-04 03:00:00,0.3988170816044259,0.0058898043861157,0.41493603,0.0,0.41493603,0.0,0.0058898043861157
2018-09-04 04:00:00,0.4005186721991701,0.0073644007065747,0.25006589,0.0,0.25006589,0.0,0.0073644007065747
2018-09-04 05:00:00,0.414936030428769,0.0114473230102852,0.32894482,0.0,0.32894482,0.0,0.0114473230102852
2018-09-04 06:00:00,0.4434630013831258,0.0198817209469924,0.078356867,0.0,0.078356867,0.0,0.0198817209469924
2018-09-04 07:00:00,0.5103267634854771,0.0231772137752731,0.0,0.0,0.0,0.23877356,0.0231772137752731
2018-09-04 08:00:00,0.5794097510373444,0.0214334000658828,0.0,0.0,0.0,0.33257416,0.0214334000658828
2018-09-04 09:00:00,0.6311905255878284,0.0208342937552844,0.0,0.0,0.0,0.40088918,0.0208342937552844
2018-09-04 10:00:00,0.6563167358229598,0.0214378824684839,0.0,0.0,0.0,0.099651244,0.0214378824684839
2018-09-04 11:00:00,0.6406677040110651,0.0211179025618257,0.0,0.0,0.0,0.31106873,0.0211179025618257
2018-09-04 12:00:00,0.6425988934993084,0.0207489517150236,0.0,0.0,0.0,0.20706808,0.0207489517150236
2018-09-04 13:00:00,0.6403042876901797,0.0184472379794392,0.0,0.0,0.0,0.0076773146,0.0184472379794392
2018-09-04 14:00:00,0.6012818118948824,0.0166996232203125,0.0,0.0,0.0,0.0,0.0166996232203125
2018-09-04 15:00:00,0.6023921161825725,0.0179451708430496,0.51832274,0.0,0.51832274,0.0,0.0179451708430496
2018-09-04 16:00:00,0.6205923236514522,0.0211388446511381,0.73032538,0.0,0.73032538,0.0,0.0211388446511381
2018-09-04 17:00:00,0.6744094052558782,0.0264453245191467,0.76475934,0.0,0.76475934,0.0,0.0264453245191467
2018-09-04 18:00:00,0.7303253803596127,0.0278593357729694,0.82411999,0.0,0.82411999,0.0,0.0278593357729694
2018-09-04 19:00:00,0.764759336099585,0.0253239975536747,0.84948237,0.0,0.84948237,0.0,0.0253239975536747
2018-09-04 20:00:00,0.8241199861687413,0.0234890174475573,0.79305014,0.0,0.79305014,0.0,0.0234890174475573
2018-09-04 21:00:00,0.8494823651452281,0.0217706213127922,0.57907746,0.0,0.57907746,0.0,0.0217706213127922
2018-09-04 22:00:00,0.7930501383125864,0.0189768324632829,0.45834302,0.0,0.45834302,0.0,0.0189768324632829
2018-09-04 23:00:00,0.5790774550484094,0.0152649984483558,0.42508091,0.0,0.42508091,0.0,0.0152649984483558
2018-09-05 00:00:00,0.4583430152143845,0.0104057765855505,0.41349965,0.0,0.41349965,0.0,0.0104057765855505
2018-09-05 01:00:00,0.4250809128630706,0.0072578364268391,0.40170159,0.0,0.40170159,0.0,0.0072578364268391
2018-09-05 02:00:00,0.4134996542185339,0.0058715738736858,0.40136203,0.0,0.40136203,0.0,0.0058715738736858
2018-09-05 03:00:00,0.4017015905947441,0.0062913598697382,0.41424896,0.0,0.41424896,0.0,0.0062913598697382
2018-09-05 04:00:00,0.4013620331950207,0.008369614076276,0.28910533,0.0,0.28910533,0.0,0.008369614076276
2018-09-05 05:00:00,0.4142489626556016,0.0125257558730897,0.25465928,0.0,0.25465928,0.0,0.0125257558730897
2018-09-05 06:00:00,0.4450629322268327,0.0201079612258006,0.0,0.0,0.0,0.059032976,0.0201079612258006
2018-09-05 07:00:00,0.504820193637621,0.0235589616048094,0.0,0.0,0.0,0.15601264,0.0235589616048094
2018-09-05 08:00:00,0.5773402489626556,0.0215855077695762,0.0,0.0,0.0,0.22843478,0.0215855077695762
2018-09-05 09:00:00,0.6274605809128629,0.0208784225938536,0.0,0.0,0.0,0.28881424,0.0208784225938536
2018-09-05 10:00:00,0.6683966113416321,0.0222346260721576,0.0,0.0,0.0,0.013302868,0.0222346260721576
2018-09-05 11:00:00,0.6598208852005534,0.0218436678736965,0.0,0.0,0.0,0.31912766,0.0218436678736965
2018-09-05 12:00:00,0.6384139004149377,0.0211710204161046,0.0,0.0,0.0,0.20057146,0.0211710204161046
2018-09-05 13:00:00,0.6210743430152142,0.0185714828472119,0.0,0.0,0.0,0.013426865,0.0185714828472119
2018-09-05 14:00:00,0.600908713692946,0.0162975593160245,0.0,0.0,0.0,0.0,0.0162975593160245
2018-09-05 15:00:00,0.5920525587828491,0.0171824983412448,0.51949106,0.0,0.51949106,0.0,0.0171824983412448
2018-09-05 16:00:00,0.6014318810511756,0.0204978472446273,0.72032019,0.0,0.72032019,0.0,0.0204978472446273
2018-09-05 17:00:00,0.6790162517289073,0.0264940602715,0.76258575,0.0,0.76258575,0.0,0.0264940602715
2018-09-05 18:00:00,0.720320193637621,0.027797190857897,0.80255878,0.0,0.80255878,0.0,0.027797190857897
2018-09-05 19:00:00,0.7625857538035961,0.0248479152095234,0.8417787,0.0,0.8417787,0.0,0.0248479152095234
2018-09-05 20:00:00,0.8025587828492392,0.0232844213627897,0.79117566,0.0,0.79117566,0.0,0.0232844213627897
2018-09-05 21:00:00,0.8417786998616873,0.0222005411357128,0.5819056,0.0,0.5819056,0.0,0.0222005411357128
2018-09-05 22:00:00,0.7911756569847855,0.0202224458002559,0.45775415,0.0,0.45775415,0.0,0.0202224458002559
2018-09-05 23:00:00,0.5819056016597509,0.0150181308168375,0.42555567,0.0,0.42555567,0.0,0.0150181308168375
2018-09-06 00:00:00,0.4577541493775933,0.0101491382847827,0.41172095,0.0,0.41172095,0.0,0.0101491382847827
2018-09-06 01:00:00,0.4255556708160442,0.0075230832924787,0.40141113,0.0,0.40141113,0.0,0.0075230832924787
2018-09-06 02:00:00,0.4117209543568465,0.0063580390670713,0.40367116,0.0,0.40367116,0.0,0.0063580390670713
2018-09-06 03:00:00,0.4014111341632088,0.0065832037076011,0.41492773,0.0,0.41492773,0.0,0.0065832037076011
2018-09-06 04:00:00,0.4036711618257261,0.0080676018251052,0.24237413,0.0,0.24237413,0.0,0.0080676018251052
2018-09-06 05:00:00,0.4149277316735822,0.0124746889946923,0.401024,0.0,0.401024,0.0,0.0124746889946923
2018-09-06 06:00:00,0.442186030428769,0.0211036045276032,0.34836211,0.0,0.34836211,0.0,0.0211036045276032
2018-09-06 07:00:00,0.5097150760719225,0.0239497918334429,0.28094398,0.0,0.28094398,0.0,0.0239497918334429
2018-09-06 08:00:00,0.5648616874135546,0.0210270509017009,0.15483183,0.0,0.15483183,0.0,0.0210270509017009
2018-09-06 09:00:00,0.6187268326417703,0.0205764518464108,0.0,0.0,0.0,0.4242451,0.0205764518464108
2018-09-06 10:00:00,0.6541296680497926,0.0211702283866327,0.0,0.0,0.0,0.13798707,0.0211702283866327
2018-09-06 11:00:00,0.6559111341632089,0.0214591289184664,0.0,0.0,0.0,0.34023267,0.0214591289184664
2018-09-06 12:00:00,0.6406594052558783,0.0207954877698041,0.0,0.0,0.0,0.24158914,0.0207954877698041
2018-09-06 13:00:00,0.6434993084370676,0.0183156780796437,0.0,0.0,0.0,0.038138213,0.0183156780796437
2018-09-06 14:00:00,0.5952375518672198,0.0163272794437636,0.0,0.0,0.0,0.0,0.0163272794437636
2018-09-06 15:00:00,0.5912337482710925,0.017199694719124,0.54724244,0.0,0.54724244,0.0,0.017199694719124
2018-09-06 16:00:00,0.6257081604426002,0.020757038024654,0.73674101,0.0,0.73674101,0.0,0.020757038024654
2018-09-06 17:00:00,0.687399723374827,0.0257565666978855,0.75714315,0.0,0.75714315,0.0,0.0257565666978855
2018-09-06 18:00:00,0.736741009681881,0.0267403295576094,0.80219295,0.0,0.80219295,0.0,0.0267403295576094
2018-09-06 19:00:00,0.7571431535269708,0.0250456666378502,0.82666079,0.0,0.82666079,0.0,0.0250456666378502
2018-09-06 20:00:00,0.8021929460580912,0.0236354529751201,0.7974834,0.0,0.7974834,0.0,0.0236354529751201
2018-09-06 21:00:00,0.8266607883817425,0.0224709655913941,0.59127559,0.0,0.59127559,0.0,0.0224709655913941
2018-09-06 22:00:00,0.7974834024896266,0.0195788371175383,0.45745194,0.0,0.45745194,0.0,0.0195788371175383
2018-09-06 23:00:00,0.5912755878284923,0.0150598213113992,0.4268935,0.0,0.4268935,0.0,0.0150598213113992
2018-09-07 00:00:00,0.4574519363762102,0.0098900132189916,0.41223651,0.0,0.41223651,0.0,0.0098900132189916
2018-09-07 01:00:00,0.426893499308437,0.0070377006546594,0.40379115,0.0,0.40379115,0.0,0.0070377006546594
2018-09-07 02:00:00,0.4122365145228215,0.0063495930584668,0.40000899,0.0,0.40000899,0.0,0.0063495930584668
2018-09-07 03:00:00,0.4037911479944674,0.0069966534678782,0.41341805,0.0,0.41341805,0.0,0.0069966534678782
2018-09-07 04:00:00,0.4000089903181189,0.0084819058704463,0.25696375,0.0,0.25696375,0.0,0.0084819058704463
2018-09-07 05:00:00,0.4134180497925311,0.0137309860829262,0.4242293,0.0,0.4242293,0.0,0.0137309860829262
2018-09-07 06:00:00,0.4439630013831259,0.0206980266410293,0.35997859,0.0,0.35997859,0.0,0.0206980266410293
2018-09-07 07:00:00,0.5025843706777317,0.0240183075707306,0.37937728,0.0,0.37937728,0.0,0.0240183075707306
2018-09-07 08:00:00,0.5671718533886583,0.0216685809393851,0.2318661,0.0,0.2318661,0.0,0.0216685809393851
2018-09-07 09:00:00,0.6224834024896264,0.0206351277415691,0.0,0.0,0.0,0.08667789,0.0206351277415691
2018-09-07 10:00:00,0.6552327109266943,0.021411396172868,0.0,0.0,0.0,0.11105039,0.021411396172868
2018-09-07 11:00:00,0.6479100968188105,0.0208920323579235,0.0,0.0,0.0,0.34662838,0.0208920323579235
2018-09-07 12:00:00,0.6470933609958506,0.0202105930273287,0.0,0.0,0.0,0.24400366,0.0202105930273287
2018-09-07 13:00:00,0.6302863070539417,0.0180885420120441,0.0,0.0,0.0,0.036191969,0.0180885420120441
2018-09-07 14:00:00,0.5853858921161825,0.0161770497837525,0.0,0.0,0.0,0.0,0.0161770497837525
2018-09-07 15:00:00,0.5840248962655601,0.0171834494683398,0.53355616,0.0,0.53355616,0.0,0.0171834494683398
2018-09-07 16:00:00,0.6173616874135546,0.0207501933682131,0.73227178,0.0,0.73227178,0.0,0.0207501933682131
2018-09-07 17:00:00,0.672728561549101,0.0258834159245771,0.78197925,0.0,0.78197925,0.0,0.0258834159245771
2018-09-07 18:00:00,0.7322717842323652,0.0269642317930856,0.82102939,0.0,0.82102939,0.0,0.0269642317930856
2018-09-07 19:00:00,0.7819792531120331,0.0253822722461308,0.83075795,0.0,0.83075795,0.0,0.0253822722461308
2018-09-07 20:00:00,0.8210293914246197,0.0235249562171765,0.79910788,0.0,0.79910788,0.0,0.0235249562171765
2018-09-07 21:00:00,0.8307579529737206,0.022179325813526,0.5990045,0.0,0.5990045,0.0,0.022179325813526
2018-09-07 22:00:00,0.7991078838174274,0.0200538680339189,0.44961618,0.0,0.44961618,0.0,0.0200538680339189
2018-09-07 23:00:00,0.5990044951590594,0.0150550725932115,0.41062898,0.0,0.41062898,0.0,0.0150550725932115
2018-09-08 00:00:00,0.4496161825726141,0.010138198593867,0.41014281,0.0,0.41014281,0.0,0.010138198593867
2018-09-08 01:00:00,0.4106289764868603,0.0071349508061512,0.3995695,0.0,0.3995695,0.0,0.0071349508061512
2018-09-08 02:00:00,0.4101428077455049,0.0064641260539377,0.40032815,0.0,0.40032815,0.0,0.0064641260539377
2018-09-08 03:00:00,0.3995695020746888,0.0060680283105192,0.41558783,0.0,0.41558783,0.0,0.0060680283105192
2018-09-08 04:00:00,0.4003281466113416,0.0070264289339209,0.36563049,0.0,0.36563049,0.0,0.0070264289339209
2018-09-08 05:00:00,0.4155878284923928,0.0086677042251707,0.30138774,0.0,0.30138774,0.0,0.0086677042251707
2018-09-08 06:00:00,0.4345006915629322,0.0128961939368042,0.31372445,0.0,0.31372445,0.0,0.0128961939368042
2018-09-08 07:00:00,0.472338174273859,0.0179853706620548,0.3259776,0.0,0.3259776,0.0,0.0179853706620548
2018-09-08 08:00:00,0.5286535269709542,0.0219055360972501,0.1620095,0.0,0.1620095,0.0,0.0219055360972501
2018-09-08 09:00:00,0.6207116182572613,0.0220580865073737,0.0,0.0,0.0,0.3636261,0.0220580865073737
2018-09-08 10:00:00,0.6777686721991701,0.0218161163157342,0.0,0.0,0.0,0.07631573,0.0218161163157342
2018-09-08 11:00:00,0.6938181189488244,0.0221438124571167,0.0,0.0,0.0,0.30036306,0.0221438124571167
2018-09-08 12:00:00,0.676658713692946,0.022679148289971,0.0,0.0,0.0,0.16841229,0.022679148289971
2018-09-08 13:00:00,0.6617365145228213,0.0215824330350763,0.027503523,0.0,0.027503523,0.0,0.0215824330350763
2018-09-08 14:00:00,0.6466701244813277,0.0195959470293184,0.016036823,0.0,0.016036823,0.0,0.0195959470293184
2018-09-08 15:00:00,0.6371666666666665,0.0187585747347856,0.60982239,0.0,0.60982239,0.0,0.0187585747347856
2018-09-08 16:00:00,0.6550760719225448,0.0218616113186763,0.75813831,0.0,0.75813831,0.0,0.0218616113186763
2018-09-08 17:00:00,0.7134737206085753,0.0254727572899934,0.76348651,0.0,0.76348651,0.0,0.0254727572899934
2018-09-08 18:00:00,0.7581383125864454,0.0277003176985994,0.82111445,0.0,0.82111445,0.0,0.0277003176985994
2018-09-08 19:00:00,0.7634865145228215,0.0264750826919695,0.84936618,0.0,0.84936618,0.0,0.0264750826919695
2018-09-08 20:00:00,0.8211144536652835,0.0241594409970688,0.80628423,0.0,0.80628423,0.0,0.0241594409970688
2018-09-08 21:00:00,0.849366182572614,0.0223234232977568,0.60749205,0.0,0.60749205,0.0,0.0223234232977568
2018-09-08 22:00:00,0.8062842323651452,0.0199204508423053,0.45324654,0.0,0.45324654,0.0,0.0199204508423053
2018-09-08 23:00:00,0.6074920470262792,0.0153060421764926,0.41370297,0.0,0.41370297,0.0,0.0153060421764926
2018-09-09 00:00:00,0.4532465421853389,0.0102175883078346,0.406861,0.0,0.406861,0.0,0.0102175883078346
2018-09-09 01:00:00,0.4137029737206086,0.0074428427520914,0.39778008,0.0,0.39778008,0.0,0.0074428427520914
2018-09-09 02:00:00,0.4068609958506224,0.0061796214586051,0.39964938,0.0,0.39964938,0.0,0.0061796214586051
2018-09-09 03:00:00,0.3977800829875518,0.0058550761418904,0.41327974,0.0,0.41327974,0.0,0.0058550761418904
2018-09-09 04:00:00,0.399649377593361,0.0073277909600229,0.41241491,0.0,0.41241491,0.0,0.0073277909600229
2018-09-09 05:00:00,0.4132797372060858,0.0083742244487041,0.39393844,0.0,0.39393844,0.0,0.0083742244487041
2018-09-09 06:00:00,0.4348630705394191,0.0125205955762683,0.41096788,0.0,0.41096788,0.0,0.0125205955762683
2018-09-09 07:00:00,0.4683990318118948,0.0181920799782955,0.4082318,0.0,0.4082318,0.0,0.0181920799782955
2018-09-09 08:00:00,0.5256804979253111,0.0219621160541551,0.34234038,0.0,0.34234038,0.0,0.0219621160541551
2018-09-09 09:00:00,0.6239910096818809,0.0242305922210707,0.066295738,0.0,0.066295738,0.0,0.0242305922210707
2018-09-09 10:00:00,0.7007728215767635,0.0221909330227303,0.0,0.0,0.0,0.066376903,0.0221909330227303
2018-09-09 11:00:00,0.6981082295988935,0.022108949325776,0.0,0.0,0.0,0.28710773,0.022108949325776
2018-09-09 12:00:00,0.6769840940525588,0.0233880976748004,0.0,0.0,0.0,0.17426656,0.0233880976748004
2018-09-09 13:00:00,0.6647060857538034,0.0209383643527093,0.027020836,0.0,0.027020836,0.0,0.0209383643527093
2018-09-09 14:00:00,0.634923928077455,0.0193228836282789,0.011372249,0.0,0.011372249,0.0,0.0193228836282789
2018-09-09 15:00:00,0.6331977869986168,0.0188690749513732,0.61505563,0.0,0.61505563,0.0,0.0188690749513732
2018-09-09 16:00:00,0.6442496542185339,0.020814576025942,0.75556604,0.0,0.75556604,0.0,0.020814576025942
2018-09-09 17:00:00,0.7167261410788381,0.0254934503569389,0.7779018,0.0,0.7779018,0.0,0.0254934503569389
2018-09-09 18:00:00,0.7555660442600277,0.0271079868715621,0.82953077,0.0,0.82953077,0.0,0.0271079868715621
2018-09-09 19:00:00,0.7779017980636238,0.025986293289828,0.83925346,0.0,0.83925346,0.0,0.025986293289828
2018-09-09 20:00:00,0.829530774550484,0.023602225782383,0.79908748,0.0,0.79908748,0.0,0.023602225782383
2018-09-09 21:00:00,0.839253457814661,0.0220348063747296,0.60207469,0.0,0.60207469,0.0,0.0220348063747296
2018-09-09 22:00:00,0.7990874827109268,0.0188289408466037,0.45778596,0.0,0.45778596,0.0,0.0188289408466037
2018-09-09 23:00:00,0.6020746887966804,0.0150762498703147,0.4232583,0.0,0.4232583,0.0,0.0150762498703147
2018-09-10 00:00:00,0.4577859612724757,0.0102360609253436,0.40657365,0.0,0.40657365,0.0,0.0102360609253436
2018-09-10 01:00:00,0.4232582987551867,0.0071785712240547,0.398537,0.0,0.398537,0.0,0.0071785712240547
2018-09-10 02:00:00,0.4065736514522821,0.0063266242037809,0.4020121,0.0,0.4020121,0.0,0.0063266242037809
2018-09-10 03:00:00,0.3985369986168741,0.0059778787551228,0.41891044,0.0,0.41891044,0.0,0.0059778787551228
2018-09-10 04:00:00,0.402012102351314,0.0076914812093281,0.41843436,0.0,0.41843436,0.0,0.0076914812093281
2018-09-10 05:00:00,0.4189104426002766,0.0120697647918312,0.4104315,0.0,0.4104315,0.0,0.0120697647918312
2018-09-10 06:00:00,0.4460615491009682,0.0203656889994228,0.29361144,0.0,0.29361144,0.0,0.0203656889994228
2018-09-10 07:00:00,0.5027361687413554,0.0242541663384534,0.24316419,0.0,0.24316419,0.0,0.0242541663384534
2018-09-10 08:00:00,0.5769706085753803,0.0219088321849654,0.0,0.0,0.0,0.097128244,0.0219088321849654
2018-09-10 09:00:00,0.6355304287690179,0.0200205855028781,0.0,0.0,0.0,0.4115078,0.0200205855028781
2018-09-10 10:00:00,0.6591490318118949,0.0206828189834399,0.0,0.0,0.0,0.116816,0.0206828189834399
2018-09-10 11:00:00,0.6407562240663901,0.0207918285244709,0.0,0.0,0.0,0.3191017,0.0207918285244709
2018-09-10 12:00:00,0.6369557399723375,0.0212606546335475,0.0,0.0,0.0,0.21032157,0.0212606546335475
2018-09-10 13:00:00,0.6387551867219915,0.0182799641218836,0.23677238,0.0,0.23677238,0.0,0.0182799641218836
2018-09-10 14:00:00,0.6025556708160442,0.0159039137511893,0.0,0.0,0.0,0.0,0.0159039137511893
2018-09-10 15:00:00,0.5782112724757952,0.0166270885387175,0.56652003,0.0,0.56652003,0.0,0.0166270885387175
2018-09-10 16:00:00,0.6118170816044259,0.0206725641040325,0.73739592,0.0,0.73739592,0.0,0.0206725641040325
2018-09-10 17:00:00,0.6787230290456432,0.0260919825326361,0.76101833,0.0,0.76101833,0.0,0.0260919825326361
2018-09-10 18:00:00,0.7373959197786999,0.0273645387062306,0.8074668,0.0,0.8074668,0.0,0.0273645387062306
2018-09-10 19:00:00,0.761018326417704,0.0250984697555268,0.8379668,0.0,0.8379668,0.0,0.0250984697555268
2018-09-10 20:00:00,0.807466804979253,0.0229889251968817,0.79229703,0.0,0.79229703,0.0,0.0229889251968817
2018-09-10 21:00:00,0.837966804979253,0.0212686268079263,0.5731473,0.0,0.5731473,0.0,0.0212686268079263
2018-09-10 22:00:00,0.7922970262793915,0.0193673444966702,0.45675864,0.0,0.45675864,0.0,0.0193673444966702
2018-09-10 23:00:00,0.5731473029045642,0.0148304129147031,0.41944882,0.0,0.41944882,0.0,0.0148304129147031
2018-09-11 00:00:00,0.4567586445366528,0.0099219330443035,0.40845124,0.0,0.40845124,0.0,0.0099219330443035
2018-09-11 01:00:00,0.4194488243430152,0.0071267607372013,0.39824239,0.0,0.39824239,0.0,0.0071267607372013
2018-09-11 02:00:00,0.408451244813278,0.0060675821454454,0.39909578,0.0,0.39909578,0.0,0.0060675821454454
2018-09-11 03:00:00,0.3982423928077455,0.0059602880918293,0.41503354,0.0,0.41503354,0.0,0.0059602880918293
2018-09-11 04:00:00,0.3990957814661133,0.0078984741343753,0.39569431,0.0,0.39569431,0.0,0.0078984741343753
2018-09-11 05:00:00,0.415033540802213,0.0123256767773629,0.36330409,0.0,0.36330409,0.0,0.0123256767773629
2018-09-11 06:00:00,0.4562548409405256,0.020235401880613,0.46285845,0.0,0.46285845,0.0,0.020235401880613
2018-09-11 07:00:00,0.5164709543568464,0.0235202524613606,0.0,0.0,0.0,0.095962264,0.0235202524613606
2018-09-11 08:00:00,0.576677385892116,0.0208937063416109,0.0,0.0,0.0,0.0091713539,0.0208937063416109
2018-09-11 09:00:00,0.6216939834024896,0.020578568536528,0.0,0.0,0.0,0.17574465,0.020578568536528
2018-09-11 10:00:00,0.6444059474412172,0.0210327403710518,0.0,0.0,0.0,0.0,0.0210327403710518
2018-09-11 11:00:00,0.6426434993084371,0.0212383844249459,0.0,0.0,0.0,0.1062754,0.0212383844249459
2018-09-11 12:00:00,0.6372738589211618,0.0208177372265417,0.0015039274,0.0,0.0015039274,0.0,0.0208177372265417
2018-09-11 13:00:00,0.6259533195020746,0.0176063897477042,0.35439621,0.0,0.35439621,0.0,0.0176063897477042
2018-09-11 14:00:00,0.5985802213001382,0.0159431624430995,0.0,0.0,0.0,0.0,0.0159431624430995
2018-09-11 15:00:00,0.5946040802213001,0.0171392514568909,0.58467664,0.0,0.58467664,0.0,0.0171392514568909
2018-09-11 16:00:00,0.6098520055325034,0.0200808454569801,0.72781397,0.0,0.72781397,0.0,0.0200808454569801
2018-09-11 17:00:00,0.683945020746888,0.0256917032886431,0.76592808,0.0,0.76592808,0.0,0.0256917032886431
2018-09-11 18:00:00,0.727813969571231,0.0275082695741992,0.81120989,0.0,0.81120989,0.0,0.0275082695741992
2018-09-11 19:00:00,0.7659280774550483,0.0253935093804291,0.83208264,0.0,0.83208264,0.0,0.0253935093804291
2018-09-11 20:00:00,0.8112098893499308,0.0234460541720103,0.81189938,0.0,0.81189938,0.0,0.0234460541720103
2018-09-11 21:00:00,0.832082641770401,0.0223438569664038,0.59110996,0.0,0.59110996,0.0,0.0223438569664038
2018-09-11 22:00:00,0.8118993775933611,0.0194134343863773,0.45343845,0.0,0.45343845,0.0,0.0194134343863773
2018-09-11 23:00:00,0.591109958506224,0.0148553047754431,0.41797095,0.0,0.41797095,0.0,0.0148553047754431
2018-09-12 00:00:00,0.4534384508990318,0.0099227631188592,0.40665353,0.0,0.40665353,0.0,0.0099227631188592
2018-09-12 01:00:00,0.4179709543568464,0.0070488374882821,0.39793292,0.0,0.39793292,0.0,0.0070488374882821
2018-09-12 02:00:00,0.4066535269709543,0.0060452773504043,0.40105533,0.0,0.40105533,0.0,0.0060452773504043
2018-09-12 03:00:00,0.3979329183955739,0.0057165816609111,0.41764765,0.0,0.41764765,0.0,0.0057165816609111
2018-09-12 04:00:00,0.4010553250345782,0.0074999207537295,0.26218469,0.0,0.26218469,0.0,0.0074999207537295
2018-09-12 05:00:00,0.4176476486860304,0.0116784503530401,0.046010043,0.0,0.046010043,0.0,0.0116784503530401
2018-09-12 06:00:00,0.4408530428769018,0.0201320091774088,0.0,0.0,0.0,0.12958816,0.0201320091774088
2018-09-12 07:00:00,0.4990093360995851,0.0231749379875327,0.0,0.0,0.0,0.27113985,0.0231749379875327
2018-09-12 08:00:00,0.5654823651452281,0.0213581676419818,0.0,0.0,0.0,0.36501849,0.0213581676419818
2018-09-12 09:00:00,0.6160546334716458,0.020648740964283,0.0,0.0,0.0,0.41846165,0.020648740964283
2018-09-12 10:00:00,0.6461777316735823,0.0210491931404751,0.0,0.0,0.0,0.13442381,0.0210491931404751
2018-09-12 11:00:00,0.648289764868603,0.0212390242740827,0.0,0.0,0.0,0.34384608,0.0212390242740827
2018-09-12 12:00:00,0.6338772475795297,0.0205474995376357,0.0,0.0,0.0,0.23584325,0.0205474995376357
2018-09-12 13:00:00,0.6313983402489625,0.0175671583490138,0.0,0.0,0.0,0.036350306,0.0175671583490138
2018-09-12 14:00:00,0.5921583679114799,0.0161794500826761,0.0,0.0,0.0,0.0,0.0161794500826761
2018-09-12 15:00:00,0.5814377593360994,0.0173504985140363,0.5902397,0.0,0.5902397,0.0,0.0173504985140363
2018-09-12 16:00:00,0.6224692254495159,0.0202304767715825,0.7443157,0.0,0.7443157,0.0,0.0202304767715825
2018-09-12 17:00:00,0.6970038035961272,0.025691340131025,0.76723064,0.0,0.76723064,0.0,0.025691340131025
2018-09-12 18:00:00,0.7443156984785615,0.027745491047651,0.81104772,0.0,0.81104772,0.0,0.027745491047651
2018-09-12 19:00:00,0.7672306362378976,0.0258096603416564,0.8174547,0.0,0.8174547,0.0,0.0258096603416564
2018-09-12 20:00:00,0.8110477178423235,0.0239249138072792,0.77919191,0.0,0.77919191,0.0,0.0239249138072792
2018-09-12 21:00:00,0.8174547026279391,0.0219566271861555,0.58631501,0.0,0.58631501,0.0,0.0219566271861555
2018-09-12 22:00:00,0.779191908713693,0.0197086919058504,0.45577663,0.0,0.45577663,0.0,0.0197086919058504
2018-09-12 23:00:00,0.5863150069156292,0.0148985862462364,0.41951833,0.0,0.41951833,0.0,0.0148985862462364
2018-09-13 00:00:00,0.4557766251728907,0.0101532333192577,0.4154305,0.0,0.4154305,0.0,0.0101532333192577
2018-09-13 01:00:00,0.419518326417704,0.0073029993999587,0.40101245,0.0,0.40101245,0.0,0.0073029993999587
2018-09-13 02:00:00,0.4154304979253112,0.0064402925382563,0.40029357,0.0,0.40029357,0.0,0.0064402925382563
2018-09-13 03:00:00,0.40101244813278,0.0065133736856003,0.41454391,0.0,0.41454391,0.0,0.0065133736856003
2018-09-13 04:00:00,0.4002935684647303,0.0082827951950344,0.26390181,0.0,0.26390181,0.0,0.0082827951950344
2018-09-13 05:00:00,0.4145439142461964,0.0131702638032426,0.064477518,0.0,0.064477518,0.0,0.0131702638032426
2018-09-13 06:00:00,0.4445352697095436,0.0221993721140468,0.0,0.0,0.0,0.11228395,0.0221993721140468
2018-09-13 07:00:00,0.5143585753803596,0.0246473484449949,0.0,0.0,0.0,0.25494703,0.0246473484449949
2018-09-13 08:00:00,0.5778392116182572,0.0217483960665625,0.0,0.0,0.0,0.3474101,0.0217483960665625
2018-09-13 09:00:00,0.6193215767634854,0.0201945829643351,0.0,0.0,0.0,0.40618929,0.0201945829643351
2018-09-13 10:00:00,0.6535373443983402,0.0206316483457228,0.0,0.0,0.0,0.12248956,0.0206316483457228
2018-09-13 11:00:00,0.6485290456431536,0.0213852315311428,0.0,0.0,0.0,0.32962497,0.0213852315311428
2018-09-13 12:00:00,0.6279215076071921,0.020767140723726,0.0,0.0,0.0,0.20563858,0.020767140723726
2018-09-13 13:00:00,0.6301158367911478,0.0175141580886306,0.0,0.0,0.0,0.015918317,0.0175141580886306
2018-09-13 14:00:00,0.6081514522821576,0.0163539110024268,0.0,0.0,0.0,0.0,0.0163539110024268
2018-09-13 15:00:00,0.5896791147994467,0.0170031434402591,0.59357746,0.0,0.59357746,0.0,0.0170031434402591
2018-09-13 16:00:00,0.6207320193637621,0.0213820219095271,0.73238036,0.0,0.73238036,0.0,0.0213820219095271
2018-09-13 17:00:00,0.6847157676348548,0.0262289655861955,0.75232676,0.0,0.75232676,0.0,0.0262289655861955
2018-09-13 18:00:00,0.7323803596127247,0.027530474068565,0.81531051,0.0,0.81531051,0.0,0.027530474068565
2018-09-13 19:00:00,0.7523267634854771,0.0249015760709075,0.82991217,0.0,0.82991217,0.0,0.0249015760709075
2018-09-13 20:00:00,0.8153105117565697,0.0235334956091683,0.78622303,0.0,0.78622303,0.0,0.0235334956091683
2018-09-13 21:00:00,0.8299121715076072,0.022253403050337,0.58569571,0.0,0.58569571,0.0,0.022253403050337
2018-09-13 22:00:00,0.7862230290456431,0.0192869586932359,0.45236272,0.0,0.45236272,0.0,0.0192869586932359
2018-09-13 23:00:00,0.5856957123098201,0.0149820779119672,0.42270643,0.0,0.42270643,0.0,0.0149820779119672
2018-09-14 00:00:00,0.4523627247579529,0.0100205009391523,0.41101487,0.0,0.41101487,0.0,0.0100205009391523
2018-09-14 01:00:00,0.4227064315352696,0.0073964796295097,0.39913589,0.0,0.39913589,0.0,0.0073964796295097
2018-09-14 02:00:00,0.4110148686030428,0.0060898004743872,0.40006362,0.0,0.40006362,0.0,0.0060898004743872
2018-09-14 03:00:00,0.3991358921161826,0.006259543803746,0.41316909,0.0,0.41316909,0.0,0.006259543803746
2018-09-14 04:00:00,0.4000636237897649,0.0081880629363618,0.26757125,0.0,0.26757125,0.0,0.0081880629363618
2018-09-14 05:00:00,0.4131690871369294,0.0123619026144327,0.065647408,0.0,0.065647408,0.0,0.0123619026144327
2018-09-14 06:00:00,0.4470463347164592,0.0208766102644069,0.0,0.0,0.0,0.11947962,0.0208766102644069
2018-09-14 07:00:00,0.5104823651452282,0.0238037021702784,0.0,0.0,0.0,0.24253383,0.0238037021702784
2018-09-14 08:00:00,0.5618689488243429,0.0206543370502462,0.0,0.0,0.0,0.33657595,0.0206543370502462
2018-09-14 09:00:00,0.623134163208852,0.0197966694328259,0.0,0.0,0.0,0.38901632,0.0197966694328259
2018-09-14 10:00:00,0.648582641770401,0.0201599238929894,0.0,0.0,0.0,0.09184334,0.0201599238929894
2018-09-14 11:00:00,0.6505041493775934,0.0207728993659563,0.0,0.0,0.0,0.30059768,0.0207728993659563
2018-09-14 12:00:00,0.6452973720608575,0.0198904989854194,0.0,0.0,0.0,0.18927279,0.0198904989854194
2018-09-14 13:00:00,0.6398941908713691,0.0174143035782201,0.0,0.0,0.0,0.0052795305,0.0174143035782201
2018-09-14 14:00:00,0.6030663900414938,0.0165617028742338,0.0066639046,0.0,0.0066639046,0.0,0.0165617028742338
2018-09-14 15:00:00,0.5798848547717841,0.01711026802032,0.612828,0.0,0.612828,0.0,0.01711026802032
2018-09-14 16:00:00,0.615271438450899,0.0214616087662018,0.72771992,0.0,0.72771992,0.0,0.0214616087662018
2018-09-14 17:00:00,0.6914180497925311,0.0267524970671386,0.75837552,0.0,0.75837552,0.0,0.0267524970671386
2018-09-14 18:00:00,0.7277199170124481,0.0267193010021974,0.81588555,0.0,0.81588555,0.0,0.0267193010021974
2018-09-14 19:00:00,0.758375518672199,0.0248096591484361,0.85632884,0.0,0.85632884,0.0,0.0248096591484361
2018-09-14 20:00:00,0.8158855463347164,0.0232707562604161,0.80300622,0.0,0.80300622,0.0,0.0232707562604161
2018-09-14 21:00:00,0.8563288381742737,0.0216877003233189,0.58613624,0.0,0.58613624,0.0,0.0216877003233189
2018-09-14 22:00:00,0.8030062240663901,0.0195731822346275,0.46299827,0.0,0.46299827,0.0,0.0195731822346275
2018-09-14 23:00:00,0.5861362378976486,0.0152635146900873,0.41817739,0.0,0.41817739,0.0,0.0152635146900873
2018-09-15 00:00:00,0.4629982710926694,0.0097293972511016,0.41111515,0.0,0.41111515,0.0,0.0097293972511016
2018-09-15 01:00:00,0.4181773858921162,0.0073198672066601,0.39812828,0.0,0.39812828,0.0,0.0073198672066601
2018-09-15 02:00:00,0.4111151452282158,0.0057860727358015,0.39868707,0.0,0.39868707,0.0,0.0057860727358015
2018-09-15 03:00:00,0.398128284923928,0.0056887499527861,0.41177248,0.0,0.41177248,0.0,0.0056887499527861
2018-09-15 04:00:00,0.3986870677731673,0.0063669174061734,0.25971951,0.0,0.25971951,0.0,0.0063669174061734
2018-09-15 05:00:00,0.4117724757952973,0.0079714134773161,0.029640847,0.0,0.029640847,0.0,0.0079714134773161
2018-09-15 06:00:00,0.4327793914246197,0.0118827593703572,0.0,0.0,0.0,0.1436296,0.0118827593703572
2018-09-15 07:00:00,0.467670470262794,0.0175320704058143,0.0,0.0,0.0,0.24320275,0.0175320704058143
2018-09-15 08:00:00,0.5325055325034577,0.0214193787231791,0.0,0.0,0.0,0.30891112,0.0214193787231791
2018-09-15 09:00:00,0.6181189488243429,0.0223412283969773,0.0,0.0,0.0,0.36824186,0.0223412283969773
2018-09-15 10:00:00,0.6774574688796681,0.0222313576535944,0.0,0.0,0.0,0.06212092,0.0222313576535944
2018-09-15 11:00:00,0.6701241355463348,0.0221840849076456,0.0,0.0,0.0,0.27431217,0.0221840849076456
2018-09-15 12:00:00,0.6776556016597509,0.023412840813849,0.0,0.0,0.0,0.1617288,0.023412840813849
2018-09-15 13:00:00,0.6701085753803595,0.0216490119317339,0.041629551,0.0,0.041629551,0.0,0.0216490119317339
2018-09-15 14:00:00,0.6342704011065007,0.0201619817861588,0.056806761,0.0,0.056806761,0.0,0.0201619817861588
2018-09-15 15:00:00,0.6287053941908712,0.0191192525051826,0.65438483,0.0,0.65438483,0.0,0.0191192525051826
2018-09-15 16:00:00,0.6653616874135546,0.0211595515526595,0.76623997,0.0,0.76623997,0.0,0.0211595515526595
2018-09-15 17:00:00,0.730671161825726,0.0251242331945503,0.76899793,0.0,0.76899793,0.0,0.0251242331945503
2018-09-15 18:00:00,0.7662399723374826,0.0278951569486931,0.8168935,0.0,0.8168935,0.0,0.0278951569486931
2018-09-15 19:00:00,0.7689979253112031,0.0270293788111346,0.84616459,0.0,0.84616459,0.0,0.0270293788111346
2018-09-15 20:00:00,0.816893499308437,0.023603190744054,0.80888451,0.0,0.80888451,0.0,0.023603190744054
2018-09-15 21:00:00,0.8461645919778699,0.0219494885449762,0.59584544,0.0,0.59584544,0.0,0.0219494885449762
2018-09-15 22:00:00,0.8088845089903182,0.0197349464723194,0.46283402,0.0,0.46283402,0.0,0.0197349464723194
2018-09-15 23:00:00,0.5958454356846472,0.0150960229379609,0.41879668,0.0,0.41879668,0.0,0.0150960229379609
2018-09-16 00:00:00,0.4628340248962656,0.0104325326553971,0.4047334,0.0,0.4047334,0.0,0.0104325326553971
2018-09-16 01:00:00,0.4187966804979253,0.0072661267964643,0.39668811,0.0,0.39668811,0.0,0.0072661267964643
2018-09-16 02:00:00,0.4047334024896265,0.0063286163827147,0.3990574,0.0,0.3990574,0.0,0.0063286163827147
2018-09-16 03:00:00,0.3966881051175657,0.0059872516803146,0.4124056,0.0,0.4124056,0.0,0.0059872516803146
2018-09-16 04:00:00,0.3990573997233748,0.0066234311957581,0.40517347,0.0,0.40517347,0.0,0.0066234311957581
2018-09-16 05:00:00,0.412405601659751,0.0083384378594203,0.1970842,0.0,0.1970842,0.0,0.0083384378594203
2018-09-16 06:00:00,0.4328921161825726,0.0123699197511834,0.0,0.0,0.0,0.1582064,0.0123699197511834
2018-09-16 07:00:00,0.4657828492392807,0.0184224429607303,0.0,0.0,0.0,0.25179546,0.0184224429607303
2018-09-16 08:00:00,0.5219377593360995,0.0220906288886021,0.0,0.0,0.0,0.31632389,0.0220906288886021
2018-09-16 09:00:00,0.6157818118948823,0.0227356486980645,0.0,0.0,0.0,0.36361673,0.0227356486980645
2018-09-16 10:00:00,0.6811632088520055,0.0217077742929915,0.0,0.0,0.0,0.069305879,0.0217077742929915
2018-09-16 11:00:00,0.6865733056708161,0.0217104893285177,0.0,0.0,0.0,0.2820856,0.0217104893285177
2018-09-16 12:00:00,0.678222683264177,0.0229972881980305,0.0,0.0,0.0,0.14974797,0.0229972881980305
2018-09-16 13:00:00,0.668336099585062,0.0209562040383696,0.058016949,0.0,0.058016949,0.0,0.0209562040383696
2018-09-16 14:00:00,0.6476625172890732,0.0193138842366373,0.064301049,0.0,0.064301049,0.0,0.0193138842366373
2018-09-16 15:00:00,0.6411566390041493,0.0197259194115258,0.65470265,0.0,0.65470265,0.0,0.0197259194115258
2018-09-16 16:00:00,0.6629166666666666,0.0213423374284752,0.75442704,0.0,0.75442704,0.0,0.0213423374284752
2018-09-16 17:00:00,0.7224405255878286,0.0258402624236109,0.77556259,0.0,0.77556259,0.0,0.0258402624236109
2018-09-16 18:00:00,0.7544270401106501,0.0281800143257118,0.83188693,0.0,0.83188693,0.0,0.0281800143257118
2018-09-16 19:00:00,0.7755625864453664,0.0263126682292091,0.85142393,0.0,0.85142393,0.0,0.0263126682292091
2018-09-16 20:00:00,0.8318869294605807,0.0244060699821522,0.80498755,0.0,0.80498755,0.0,0.0244060699821522
2018-09-16 21:00:00,0.8514239280774549,0.0224553117687304,0.60249862,0.0,0.60249862,0.0,0.0224553117687304
2018-09-16 22:00:00,0.8049875518672199,0.0194774538864878,0.46730083,0.0,0.46730083,0.0,0.0194774538864878
2018-09-16 23:00:00,0.6024986168741355,0.0152467852291456,0.41903389,0.0,0.41903389,0.0,0.0152467852291456
2018-09-17 00:00:00,0.4673008298755187,0.0106322451348618,0.40607538,0.0,0.40607538,0.0,0.0106322451348618
2018-09-17 01:00:00,0.4190338865836791,0.0076508871049093,0.40019779,0.0,0.40019779,0.0,0.0076508871049093
2018-09-17 02:00:00,0.4060753803596127,0.0066168355616842,0.40297234,0.0,0.40297234,0.0,0.0066168355616842
2018-09-17 03:00:00,0.4001977869986168,0.0062644550782007,0.41355429,0.0,0.41355429,0.0,0.0062644550782007
2018-09-17 04:00:00,0.4029723374827109,0.0086991190884611,0.41598821,0.0,0.41598821,0.0,0.0086991190884611
2018-09-17 05:00:00,0.4135542876901797,0.0142843794960117,0.26551581,0.0,0.26551581,0.0,0.0142843794960117
2018-09-17 06:00:00,0.4411549100968188,0.0227787226502186,0.0,0.0,0.0,0.096386582,0.0227787226502186
2018-09-17 07:00:00,0.5022323651452282,0.0255054795207087,0.0,0.0,0.0,0.23724941,0.0255054795207087
2018-09-17 08:00:00,0.5665280082987552,0.0231850372279606,0.0,0.0,0.0,0.33012537,0.0231850372279606
2018-09-17 09:00:00,0.6134343015214384,0.020821569404074,0.0,0.0,0.0,0.38222578,0.020821569404074
2018-09-17 10:00:00,0.6469913554633471,0.0211379592382786,0.0,0.0,0.0,0.094164495,0.0211379592382786
2018-09-17 11:00:00,0.6464529737206086,0.0207303130826034,0.0,0.0,0.0,0.28955483,0.0207303130826034
2018-09-17 12:00:00,0.627853734439834,0.0203159329470948,0.0,0.0,0.0,0.15611943,0.0203159329470948
2018-09-17 13:00:00,0.6354733748271091,0.0174363351403869,0.042270979,0.0,0.042270979,0.0,0.0174363351403869
2018-09-17 14:00:00,0.6174484785615489,0.0165367971789181,0.05529803,0.0,0.05529803,0.0,0.0165367971789181
2018-09-17 15:00:00,0.6040774550484093,0.0179552354970378,0.62600576,0.0,0.62600576,0.0,0.0179552354970378
2018-09-17 16:00:00,0.638817081604426,0.0202119453571257,0.74505913,0.0,0.74505913,0.0,0.0202119453571257
2018-09-17 17:00:00,0.6861656293222682,0.0254946159199609,0.76061307,0.0,0.76061307,0.0,0.0254946159199609
2018-09-17 18:00:00,0.7450591286307053,0.0275122885185064,0.79550934,0.0,0.79550934,0.0,0.0275122885185064
2018-09-17 19:00:00,0.760613070539419,0.0259155916895435,0.81775173,0.0,0.81775173,0.0,0.0259155916895435
2018-09-17 20:00:00,0.795509336099585,0.0227125069111795,0.7821722,0.0,0.7821722,0.0,0.0227125069111795
2018-09-17 21:00:00,0.8177517289073304,0.0222499582409307,0.5823935,0.0,0.5823935,0.0,0.0222499582409307
2018-09-17 22:00:00,0.7821721991701246,0.0200254829427569,0.46183057,0.0,0.46183057,0.0,0.0200254829427569
2018-09-17 23:00:00,0.582393499308437,0.0155259635127455,0.42703216,0.0,0.42703216,0.0,0.0155259635127455
2018-09-18 00:00:00,0.4618305670816044,0.0105783629202631,0.41293638,0.0,0.41293638,0.0,0.0105783629202631
2018-09-18 01:00:00,0.4270321576763485,0.0072188782610235,0.40089385,0.0,0.40089385,0.0,0.0072188782610235
2018-09-18 02:00:00,0.4129363762102351,0.0062656448517307,0.4012009,0.0,0.4012009,0.0,0.0062656448517307
2018-09-18 03:00:00,0.4008938450899031,0.0065920993399234,0.41480152,0.0,0.41480152,0.0,0.0065920993399234
2018-09-18 04:00:00,0.4012008990318119,0.0082592383708717,0.28410644,0.0,0.28410644,0.0,0.0082592383708717
2018-09-18 05:00:00,0.4148015214384509,0.0135545502774618,0.33319687,0.0,0.33319687,0.0,0.0135545502774618
2018-09-18 06:00:00,0.4434616182572614,0.02262331885881,0.16239857,0.0,0.16239857,0.0,0.02262331885881
2018-09-18 07:00:00,0.497890387275242,0.0258286863422023,0.0,0.0,0.0,0.23240363,0.0258286863422023
2018-09-18 08:00:00,0.5698354080221298,0.0225485222240507,0.0,0.0,0.0,0.3210707,0.0225485222240507
2018-09-18 09:00:00,0.6152053941908713,0.0206938105540152,0.0,0.0,0.0,0.37834179,0.0206938105540152
2018-09-18 10:00:00,0.6513852005532503,0.0210887323584798,0.0,0.0,0.0,0.080430194,0.0210887323584798
2018-09-18 11:00:00,0.6454681881051176,0.0211073225698842,0.0,0.0,0.0,0.29161466,0.0211073225698842
2018-09-18 12:00:00,0.635735477178423,0.020563412758598,0.0,0.0,0.0,0.16896628,0.020563412758598
2018-09-18 13:00:00,0.634488243430152,0.0176704645861187,0.022767062,0.0,0.022767062,0.0,0.0176704645861187
2018-09-18 14:00:00,0.6018056708160443,0.0158826534666308,0.033440133,0.0,0.033440133,0.0,0.0158826534666308
2018-09-18 15:00:00,0.5825919778699861,0.0175861290112565,0.62332925,0.0,0.62332925,0.0,0.0175861290112565
2018-09-18 16:00:00,0.6159052558782849,0.0206799932713063,0.73337344,0.0,0.73337344,0.0,0.0206799932713063
2018-09-18 17:00:00,0.6821874135546335,0.0255318067187016,0.77359232,0.0,0.77359232,0.0,0.0255318067187016
2018-09-18 18:00:00,0.7333734439834025,0.0280859980063434,0.8109426,0.0,0.8109426,0.0,0.0280859980063434
2018-09-18 19:00:00,0.7735923236514521,0.0258750356302082,0.83900692,0.0,0.83900692,0.0,0.0258750356302082
2018-09-18 20:00:00,0.810942600276625,0.0239298319990219,0.7795038,0.0,0.7795038,0.0,0.0239298319990219
2018-09-18 21:00:00,0.8390069156293221,0.0220187098456362,0.58396646,0.0,0.58396646,0.0,0.0220187098456362
2018-09-18 22:00:00,0.7795038035961274,0.0198881644007313,0.46327559,0.0,0.46327559,0.0,0.0198881644007313
2018-09-18 23:00:00,0.5839664591977869,0.0152201882569222,0.42240906,0.0,0.42240906,0.0,0.0152201882569222
2018-09-19 00:00:00,0.4632755878284924,0.0104294925073365,0.41754461,0.0,0.41754461,0.0,0.0104294925073365
2018-09-19 01:00:00,0.4224090594744122,0.0081070960807383,0.40141113,0.0,0.40141113,0.0,0.0081070960807383
2018-09-19 02:00:00,0.4175446058091286,0.0067812110755825,0.40000968,0.0,0.40000968,0.0,0.0067812110755825
2018-09-19 03:00:00,0.4014111341632088,0.0071766447593565,0.41450864,0.0,0.41450864,0.0,0.0071766447593565
2018-09-19 04:00:00,0.4000096818810512,0.0092849476648117,0.43136357,0.0,0.43136357,0.0,0.0092849476648117
2018-09-19 05:00:00,0.4145086445366528,0.0147163917985414,0.3855212,0.0,0.3855212,0.0,0.0147163917985414
2018-09-19 06:00:00,0.4472174965421854,0.0242462079986504,0.2058964,0.0,0.2058964,0.0,0.0242462079986504
2018-09-19 07:00:00,0.503975795297372,0.027207720329433,0.0,0.0,0.0,0.20267456,0.027207720329433
2018-09-19 08:00:00,0.5778530428769018,0.0240454717605668,0.0,0.0,0.0,0.30101879,0.0240454717605668
2018-09-19 09:00:00,0.6493502766251728,0.0214683669565429,0.0,0.0,0.0,0.37105737,0.0214683669565429
2018-09-19 10:00:00,0.6735726141078837,0.0215884061132336,0.0,0.0,0.0,0.091558518,0.0215884061132336
2018-09-19 11:00:00,0.6569484785615491,0.0210961753603295,0.0,0.0,0.0,0.31322722,0.0210961753603295
2018-09-19 12:00:00,0.6298513139695712,0.0211710100401726,0.0,0.0,0.0,0.17567874,0.0211710100401726
2018-09-19 13:00:00,0.6158775933609957,0.018838763395513,0.02497173,0.0,0.02497173,0.0,0.018838763395513
2018-09-19 14:00:00,0.6028789764868602,0.0167148170433263,0.033284223,0.0,0.033284223,0.0,0.0167148170433263
2018-09-19 15:00:00,0.5906355463347164,0.017594609606301,0.62798703,0.0,0.62798703,0.0,0.017594609606301
2018-09-19 16:00:00,0.6206877593360995,0.0214845084480081,0.737463,0.0,0.737463,0.0,0.0214845084480081
2018-09-19 17:00:00,0.6855432226832641,0.0263883156903879,0.77031224,0.0,0.77031224,0.0,0.0263883156903879
2018-09-19 18:00:00,0.7374630013831258,0.0274938124423534,0.81490491,0.0,0.81490491,0.0,0.0274938124423534
2018-09-19 19:00:00,0.7703122406639002,0.026237646782591,0.8368603,0.0,0.8368603,0.0,0.026237646782591
2018-09-19 20:00:00,0.8149049100968188,0.0246466359643348,0.77601936,0.0,0.77601936,0.0,0.0246466359643348
2018-09-19 21:00:00,0.8368603042876901,0.0226595308613039,0.5833112,0.0,0.5833112,0.0,0.0226595308613039
2018-09-19 22:00:00,0.7760193637621023,0.0196483593202246,0.45794917,0.0,0.45794917,0.0,0.0196483593202246
2018-09-19 23:00:00,0.583311203319502,0.0152394010242434,0.41789834,0.0,0.41789834,0.0,0.0152394010242434
2018-09-20 00:00:00,0.4579491701244813,0.0107942687708522,0.40647095,0.0,0.40647095,0.0,0.0107942687708522
2018-09-20 01:00:00,0.4178983402489626,0.0075526512398827,0.3989751,0.0,0.3989751,0.0,0.0075526512398827
2018-09-20 02:00:00,0.4064709543568465,0.0064583293666235,0.4002047,0.0,0.4002047,0.0,0.0064583293666235
2018-09-20 03:00:00,0.3989751037344398,0.0067078947404476,0.41548098,0.0,0.41548098,0.0,0.0067078947404476
2018-09-20 04:00:00,0.4002047026279391,0.0092421746146839,0.41785448,0.0,0.41785448,0.0,0.0092421746146839
2018-09-20 05:00:00,0.4154809820193638,0.0136516274967545,0.37977694,0.0,0.37977694,0.0,0.0136516274967545
2018-09-20 06:00:00,0.4454816735822959,0.0223638652218405,0.28063994,0.0,0.28063994,0.0,0.0223638652218405
2018-09-20 07:00:00,0.5089533195020747,0.0259421540753266,0.0,0.0,0.0,0.21984078,0.0259421540753266
2018-09-20 08:00:00,0.5778399031811894,0.0232232517853201,0.0,0.0,0.0,0.29946237,0.0232232517853201
2018-09-20 09:00:00,0.6270943983402488,0.0211205242139642,0.0,0.0,0.0,0.34879004,0.0211205242139642
2018-09-20 10:00:00,0.6647569156293223,0.0216295639766217,0.0,0.0,0.0,0.076287182,0.0216295639766217
2018-09-20 11:00:00,0.6663488934993085,0.0215915361860375,0.0,0.0,0.0,0.29235817,0.0215915361860375
2018-09-20 12:00:00,0.6350878284923928,0.0208585838119715,0.0,0.0,0.0,0.17221218,0.0208585838119715
2018-09-20 13:00:00,0.6260473720608574,0.0182973611011141,0.031403299,0.0,0.031403299,0.0,0.0182973611011141
2018-09-20 14:00:00,0.5924360304287689,0.0164888154109529,0.034693961,0.0,0.034693961,0.0,0.0164888154109529
2018-09-20 15:00:00,0.5857531120331949,0.0175623473752347,0.61468615,0.0,0.61468615,0.0,0.0175623473752347
2018-09-20 16:00:00,0.6111798063623789,0.0204930466467799,0.72821784,0.0,0.72821784,0.0,0.0204930466467799
2018-09-20 17:00:00,0.6668575380359612,0.0264505747407117,0.76969329,0.0,0.76969329,0.0,0.0264505747407117
2018-09-20 18:00:00,0.7282178423236514,0.0280920402573805,0.81758195,0.0,0.81758195,0.0,0.0280920402573805
2018-09-20 19:00:00,0.7696932918395574,0.0256912778754333,0.85387137,0.0,0.85387137,0.0,0.0256912778754333
2018-09-20 20:00:00,0.8175819502074688,0.0242344313158911,0.79594122,0.0,0.79594122,0.0,0.0242344313158911
2018-09-20 21:00:00,0.8538713692946057,0.0222770532578873,0.56504633,0.0,0.56504633,0.0,0.0222770532578873
2018-09-20 22:00:00,0.7959412171507607,0.0197417669182524,0.4437538,0.0,0.4437538,0.0,0.0197417669182524
2018-09-20 23:00:00,0.565046334716459,0.0152293571221191,0.41695539,0.0,0.41695539,0.0,0.0152293571221191
2018-09-21 00:00:00,0.4437538035961272,0.0100470183625639,0.40870816,0.0,0.40870816,0.0,0.0100470183625639
2018-09-21 01:00:00,0.4169553941908713,0.0072395540347491,0.39917669,0.0,0.39917669,0.0,0.0072395540347491
2018-09-21 02:00:00,0.4087081604426003,0.0062263996184645,0.39967427,0.0,0.39967427,0.0,0.0062263996184645
2018-09-21 03:00:00,0.3991766943291839,0.0060499776475758,0.41235339,0.0,0.41235339,0.0,0.0060499776475758
2018-09-21 04:00:00,0.3996742738589212,0.0082600857386474,0.28076762,0.0,0.28076762,0.0,0.0082600857386474
2018-09-21 05:00:00,0.4123533886583679,0.0123642683269162,0.090548831,0.0,0.090548831,0.0,0.0123642683269162
2018-09-21 06:00:00,0.4390601659751038,0.0204215149719397,0.0,0.0,0.0,0.077875773,0.0204215149719397
2018-09-21 07:00:00,0.5026410788381743,0.0240656909932868,0.0,0.0,0.0,0.20838483,0.0240656909932868
2018-09-21 08:00:00,0.5745549792531119,0.0219687808611089,0.0,0.0,0.0,0.31251434,0.0219687808611089
2018-09-21 09:00:00,0.6278167358229597,0.0207826250728344,0.0,0.0,0.0,0.34995862,0.0207826250728344
2018-09-21 10:00:00,0.6470653526970954,0.0205086935521553,0.0,0.0,0.0,0.068126769,0.0205086935521553
2018-09-21 11:00:00,0.6592956431535271,0.021609877375075,0.0,0.0,0.0,0.28392621,0.021609877375075
2018-09-21 12:00:00,0.6363827800829874,0.0212564385465331,0.0,0.0,0.0,0.14979182,0.0212564385465331
2018-09-21 13:00:00,0.6234329183955738,0.018629996186103,0.056446871,0.0,0.056446871,0.0,0.018629996186103
2018-09-21 14:00:00,0.6054367219917012,0.0167279045521549,0.03669481,0.0,0.03669481,0.0,0.0167279045521549
2018-09-21 15:00:00,0.5983720608575379,0.0179395194187826,0.64395126,0.0,0.64395126,0.0,0.0179395194187826
2018-09-21 16:00:00,0.606003112033195,0.021452633585068,0.73812483,0.0,0.73812483,0.0,0.021452633585068
2018-09-21 17:00:00,0.690768326417704,0.0261098879325322,0.78796508,0.0,0.78796508,0.0,0.0261098879325322
2018-09-21 18:00:00,0.7381248271092669,0.0283517567512924,0.83685201,0.0,0.83685201,0.0,0.0283517567512924
2018-09-21 19:00:00,0.7879650760719223,0.025712337558641,0.84818811,0.0,0.84818811,0.0,0.025712337558641
2018-09-21 20:00:00,0.8368520055325034,0.0241073953224245,0.79702282,0.0,0.79702282,0.0,0.0241073953224245
2018-09-21 21:00:00,0.8481881051175656,0.0230939434627574,0.57428458,0.0,0.57428458,0.0,0.0230939434627574
2018-09-21 22:00:00,0.7970228215767635,0.0201696772690192,0.45294882,0.0,0.45294882,0.0,0.0201696772690192
2018-09-21 23:00:00,0.5742845781466113,0.0152983847387159,0.42021231,0.0,0.42021231,0.0,0.0152983847387159
2018-09-22 00:00:00,0.4529488243430152,0.0102482249762291,0.40825346,0.0,0.40825346,0.0,0.0102482249762291
2018-09-22 01:00:00,0.4202123098201936,0.0074265352457153,0.40063071,0.0,0.40063071,0.0,0.0074265352457153
2018-09-22 02:00:00,0.4082534578146611,0.0061903501722379,0.39991079,0.0,0.39991079,0.0,0.0061903501722379
2018-09-22 03:00:00,0.4006307053941909,0.0064647140234146,0.41201521,0.0,0.41201521,0.0,0.0064647140234146
2018-09-22 04:00:00,0.3999107883817427,0.0068194809712455,0.28082613,0.0,0.28082613,0.0,0.0068194809712455
2018-09-22 05:00:00,0.412015214384509,0.0086900228547879,0.048185791,0.0,0.048185791,0.0,0.0086900228547879
2018-09-22 06:00:00,0.4347565698478561,0.0132803974035677,0.0,0.0,0.0,0.13189649,0.0132803974035677
2018-09-22 07:00:00,0.4663333333333332,0.0184835122375244,0.0,0.0,0.0,0.21107876,0.0184835122375244
2018-09-22 08:00:00,0.522771438450899,0.0221212482637766,0.0,0.0,0.0,0.25880071,0.0221212482637766
2018-09-22 09:00:00,0.6253184647302904,0.0232232829131159,0.0,0.0,0.0,0.29418145,0.0232232829131159
2018-09-22 10:00:00,0.7003513139695712,0.0218957446761368,0.0,0.0,0.0,0.013316235,0.0218957446761368
2018-09-22 11:00:00,0.7133360995850622,0.0231359625284974,0.0,0.0,0.0,0.22872893,0.0231359625284974
2018-09-22 12:00:00,0.6885027662517288,0.023623600202193,0.0,0.0,0.0,0.10702205,0.023623600202193
2018-09-22 13:00:00,0.6741912171507605,0.0217089087282177,0.088076911,0.0,0.088076911,0.0,0.0217089087282177
2018-09-22 14:00:00,0.6421407330567082,0.0204354290966802,0.095142503,0.0,0.095142503,0.0,0.0204354290966802
2018-09-22 15:00:00,0.6253478561549101,0.0196580089369352,0.67108353,0.0,0.67108353,0.0,0.0196580089369352
2018-09-22 16:00:00,0.6546109958506224,0.0217350387835033,0.75414419,0.0,0.75414419,0.0,0.0217350387835033
2018-09-22 17:00:00,0.7127161134163209,0.0268406025639414,0.78870228,0.0,0.78870228,0.0,0.0268406025639414
2018-09-22 18:00:00,0.7541441908713692,0.028947905921286,0.8225529,0.0,0.8225529,0.0,0.028947905921286
2018-09-22 19:00:00,0.7887022821576761,0.0271636641223878,0.84292704,0.0,0.84292704,0.0,0.0271636641223878
2018-09-22 20:00:00,0.8225529045643153,0.024735616498065,0.80543776,0.0,0.80543776,0.0,0.024735616498065
2018-09-22 21:00:00,0.8429270401106499,0.0224748496485858,0.5949509,0.0,0.5949509,0.0,0.0224748496485858
2018-09-22 22:00:00,0.8054377593360996,0.019892885449767,0.45542012,0.0,0.45542012,0.0,0.019892885449767
2018-09-22 23:00:00,0.5949508990318118,0.0151298588520391,0.42204288,0.0,0.42204288,0.0,0.0151298588520391
2018-09-23 00:00:00,0.4554201244813278,0.0109519033876296,0.40841736,0.0,0.40841736,0.0,0.0109519033876296
2018-09-23 01:00:00,0.4220428769017981,0.0074908798583603,0.39928596,0.0,0.39928596,0.0,0.0074908798583603
2018-09-23 02:00:00,0.4084173582295989,0.006592950166343,0.40159371,0.0,0.40159371,0.0,0.006592950166343
2018-09-23 03:00:00,0.3992859612724758,0.0064087324119183,0.41217877,0.0,0.41217877,0.0,0.0064087324119183
2018-09-23 04:00:00,0.4015937067773167,0.0071355180237637,0.38796668,0.0,0.38796668,0.0,0.0071355180237637
2018-09-23 05:00:00,0.4121787690179806,0.0084801177515075,0.28836357,0.0,0.28836357,0.0,0.0084801177515075
2018-09-23 06:00:00,0.4362403181189488,0.0128107550545117,0.044581465,0.0,0.044581465,0.0,0.0128107550545117
2018-09-23 07:00:00,0.4735183264177039,0.0185460998590262,0.0,0.0,0.0,0.198484,0.0185460998590262
2018-09-23 08:00:00,0.5238188105117565,0.0227051469167852,0.0,0.0,0.0,0.26125604,0.0227051469167852
2018-09-23 09:00:00,0.6326687413554632,0.0234426750768396,0.0,0.0,0.0,0.28958639,0.0234426750768396
2018-09-23 10:00:00,0.6911639004149377,0.0231306189235447,0.0,0.0,0.0,0.019287598,0.0231306189235447
2018-09-23 11:00:00,0.7130923236514524,0.0228830561045862,0.0,0.0,0.0,0.21906659,0.0228830561045862
2018-09-23 12:00:00,0.6787991009681881,0.0232295499760118,0.0,0.0,0.0,0.1099938,0.0232295499760118
2018-09-23 13:00:00,0.6751988243430151,0.0223657225136592,0.10098586,0.0,0.10098586,0.0,0.0223657225136592
2018-09-23 14:00:00,0.6331269017980635,0.0202040285210506,0.098234442,0.0,0.098234442,0.0,0.0202040285210506
2018-09-23 15:00:00,0.6321217150760718,0.0203043776175506,0.68454295,0.0,0.68454295,0.0,0.0203043776175506
2018-09-23 16:00:00,0.6554961964038727,0.0217698327419643,0.75095367,0.0,0.75095367,0.0,0.0217698327419643
2018-09-23 17:00:00,0.7221580221300139,0.0269702117885308,0.76974101,0.0,0.76974101,0.0,0.0269702117885308
2018-09-23 18:00:00,0.7509536652835408,0.0284788134966228,0.82458126,0.0,0.82458126,0.0,0.0284788134966228
2018-09-23 19:00:00,0.769741009681881,0.0271994887567554,0.85100726,0.0,0.85100726,0.0,0.0271994887567554
2018-09-23 20:00:00,0.8245812586445366,0.0238965321747611,0.82924136,0.0,0.82924136,0.0,0.0238965321747611
2018-09-23 21:00:00,0.8510072614107884,0.0224597837953996,0.61689454,0.0,0.61689454,0.0,0.0224597837953996
2018-09-23 22:00:00,0.8292413554633472,0.0199343442151818,0.47177006,0.0,0.47177006,0.0,0.0199343442151818
2018-09-23 23:00:00,0.6168945366528353,0.0153574272501363,0.41922234,0.0,0.41922234,0.0,0.0153574272501363
2018-09-24 00:00:00,0.4717700553250346,0.0108714795391112,0.40431051,0.0,0.40431051,0.0,0.0108714795391112
2018-09-24 01:00:00,0.4192223374827108,0.0075858438461798,0.39758714,0.0,0.39758714,0.0,0.0075858438461798
2018-09-24 02:00:00,0.4043105117565698,0.0069224517198839,0.39938209,0.0,0.39938209,0.0,0.0069224517198839
2018-09-24 03:00:00,0.3975871369294605,0.0068201519481782,0.41216355,0.0,0.41216355,0.0,0.0068201519481782
2018-09-24 04:00:00,0.3993820885200553,0.008761118740486,0.29462025,0.0,0.29462025,0.0,0.008761118740486
2018-09-24 05:00:00,0.4121635546334717,0.0133304093955508,0.095210354,0.0,0.095210354,0.0,0.0133304093955508
2018-09-24 06:00:00,0.4406711618257261,0.0227344035862308,0.0,0.0,0.0,0.073406781,0.0227344035862308
2018-09-24 07:00:00,0.5039768326417704,0.024965560984578,0.0,0.0,0.0,0.081793656,0.024965560984578
2018-09-24 08:00:00,0.5673741355463346,0.0223334326134412,0.0,0.0,0.0,0.29913846,0.0223334326134412
2018-09-24 09:00:00,0.623692254495159,0.02197518281112,0.0,0.0,0.0,0.33995045,0.02197518281112
2018-09-24 10:00:00,0.6348423236514523,0.0210051058056339,0.0,0.0,0.0,0.049458289,0.0210051058056339
2018-09-24 11:00:00,0.6441960580912863,0.0207197573011697,0.0,0.0,0.0,0.24325078,0.0207197573011697
2018-09-24 12:00:00,0.6319349930843706,0.0214443293808666,0.0,0.0,0.0,0.12849261,0.0214443293808666
2018-09-24 13:00:00,0.6390650069156292,0.0182747208176063,0.074401327,0.0,0.074401327,0.0,0.0182747208176063
2018-09-24 14:00:00,0.5977330567081605,0.0164681396372272,0.10870507,0.0,0.10870507,0.0,0.0164681396372272
2018-09-24 15:00:00,0.589530774550484,0.0177748291682817,0.66765831,0.0,0.66765831,0.0,0.0177748291682817
2018-09-24 16:00:00,0.6280902489626555,0.0212847544648156,0.73220954,0.0,0.73220954,0.0,0.0212847544648156
2018-09-24 17:00:00,0.6856020055325034,0.0253907528411751,0.75533714,0.0,0.75533714,0.0,0.0253907528411751
2018-09-24 18:00:00,0.7322095435684647,0.0279621335894085,0.80052524,0.0,0.80052524,0.0,0.0279621335894085
2018-09-24 19:00:00,0.7553371369294605,0.0250923133692383,0.82470539,0.0,0.82470539,0.0,0.0250923133692383
2018-09-24 20:00:00,0.8005252420470261,0.0234157322402183,0.79514315,0.0,0.79514315,0.0,0.0234157322402183
2018-09-24 21:00:00,0.8247053941908713,0.0225009693279395,0.57736169,0.0,0.57736169,0.0,0.0225009693279395
2018-09-24 22:00:00,0.795143153526971,0.0202729420023959,0.45512794,0.0,0.45512794,0.0,0.0202729420023959
2018-09-24 23:00:00,0.5773616874135545,0.0156477285327831,0.41844225,0.0,0.41844225,0.0,0.0156477285327831
2018-09-25 00:00:00,0.4551279391424619,0.0107044374107024,0.4077704,0.0,0.4077704,0.0,0.0107044374107024
2018-09-25 01:00:00,0.4184422544951591,0.0078998575919684,0.40128562,0.0,0.40128562,0.0,0.0078998575919684
2018-09-25 02:00:00,0.4077704011065007,0.0068572113184476,0.39950311,0.0,0.39950311,0.0,0.0068572113184476
2018-09-25 03:00:00,0.4012856154910097,0.0070896909909997,0.41293361,0.0,0.41293361,0.0,0.0070896909909997
2018-09-25 04:00:00,0.399503112033195,0.0091785563172749,0.30350626,0.0,0.30350626,0.0,0.0091785563172749
2018-09-25 05:00:00,0.4129336099585062,0.0142484891474084,0.11168488,0.0,0.11168488,0.0,0.0142484891474084
2018-09-25 06:00:00,0.438612724757953,0.0228393492205828,0.0,0.0,0.0,0.051875471,0.0228393492205828
2018-09-25 07:00:00,0.5085,0.026457277592749,0.0,0.0,0.0,0.184248,0.026457277592749
2018-09-25 08:00:00,0.5753869294605809,0.0245759551159141,0.0,0.0,0.0,0.26553619,0.0245759551159141
2018-09-25 09:00:00,0.6226881051175656,0.0234101326956111,0.0,0.0,0.0,0.32614193,0.0234101326956111
2018-09-25 10:00:00,0.6585314661134163,0.0230191191588461,0.0,0.0,0.0,0.026386241,0.0230191191588461
2018-09-25 11:00:00,0.6495031120331951,0.0220698770247086,0.0,0.0,0.0,0.2336034,0.0220698770247086
2018-09-25 12:00:00,0.6436974412171507,0.0216965890383531,0.0,0.0,0.0,0.12637476,0.0216965890383531
2018-09-25 13:00:00,0.641494467496542,0.0190795507309105,0.075005851,0.0,0.075005851,0.0,0.0190795507309105
2018-09-25 14:00:00,0.5986514522821577,0.0175983241899376,0.06537226,0.0,0.06537226,0.0,0.0175983241899376
2018-09-25 15:00:00,0.5915546334716458,0.0178719478913023,0.64422655,0.0,0.64422655,0.0,0.0178719478913023
2018-09-25 16:00:00,0.609707468879668,0.0215073562501545,0.72122891,0.0,0.72122891,0.0,0.0215073562501545
2018-09-25 17:00:00,0.6751635546334716,0.0274940199609923,0.76773755,0.0,0.76773755,0.0,0.0274940199609923
2018-09-25 18:00:00,0.7212289073305671,0.0286187709840069,0.80060512,0.0,0.80060512,0.0,0.0286187709840069
2018-09-25 19:00:00,0.7677375518672198,0.0265437194817967,0.84013071,0.0,0.84013071,0.0,0.0265437194817967
2018-09-25 20:00:00,0.8006051175656984,0.0240395021410537,0.78637967,0.0,0.78637967,0.0,0.0240395021410537
2018-09-25 21:00:00,0.8401307053941908,0.0227996024839395,0.5818361,0.0,0.5818361,0.0,0.0227996024839395
2018-09-25 22:00:00,0.7863796680497925,0.0202190217427134,0.45425899,0.0,0.45425899,0.0,0.0202190217427134
2018-09-25 23:00:00,0.5818360995850622,0.0158681617483453,0.42666874,0.0,0.42666874,0.0,0.0158681617483453
2018-09-26 00:00:00,0.4542589903181189,0.0107773525431351,0.41382538,0.0,0.41382538,0.0,0.0107773525431351
2018-09-26 01:00:00,0.4266687413554633,0.0084179486259277,0.39915456,0.0,0.39915456,0.0,0.0084179486259277
2018-09-26 02:00:00,0.4138253803596127,0.0075207452491465,0.39988451,0.0,0.39988451,0.0,0.0075207452491465
2018-09-26 03:00:00,0.3991545643153527,0.0076385674150444,0.4131065,0.0,0.4131065,0.0,0.0076385674150444
2018-09-26 04:00:00,0.3998845089903181,0.0105385781385352,0.29849521,0.0,0.29849521,0.0,0.0105385781385352
2018-09-26 05:00:00,0.4131065006915629,0.0156542377007575,0.1057922,0.0,0.1057922,0.0,0.0156542377007575
2018-09-26 06:00:00,0.4437724757952974,0.0245043093058227,0.0,0.0,0.0,0.075404259,0.0245043093058227
2018-09-26 07:00:00,0.5159958506224066,0.0274852522984974,0.0,0.0,0.0,0.21250136,0.0274852522984974
2018-09-26 08:00:00,0.568835753803596,0.0250704616565584,0.0,0.0,0.0,0.29113923,0.0250704616565584
2018-09-26 09:00:00,0.6125107192254494,0.022088104078495,0.0,0.0,0.0,0.33456648,0.022088104078495
2018-09-26 10:00:00,0.649966459197787,0.0222835036289142,0.0,0.0,0.0,0.043304904,0.0222835036289142
2018-09-26 11:00:00,0.6571317427385892,0.021496170995516,0.0,0.0,0.0,0.26107773,0.021496170995516
2018-09-26 12:00:00,0.6407503457814661,0.0213490817842405,0.0,0.0,0.0,0.13407441,0.0213490817842405
2018-09-26 13:00:00,0.6224619640387273,0.0183158994328587,0.067655921,0.0,0.067655921,0.0,0.0183158994328587
2018-09-26 14:00:00,0.5964450207468879,0.0159921230073116,0.08301666,0.0,0.08301666,0.0,0.0159921230073116
2018-09-26 15:00:00,0.584204702627939,0.0175515979097381,0.66743036,0.0,0.66743036,0.0,0.0175515979097381
2018-09-26 16:00:00,0.6224668049792531,0.0212811021367703,0.73839592,0.0,0.73839592,0.0,0.0212811021367703
2018-09-26 17:00:00,0.6944173582295989,0.0258930344134915,0.76889661,0.0,0.76889661,0.0,0.0258930344134915
2018-09-26 18:00:00,0.7383959197786998,0.0278054604756584,0.80035788,0.0,0.80035788,0.0,0.0278054604756584
2018-09-26 19:00:00,0.768896611341632,0.0250481914479573,0.82668638,0.0,0.82668638,0.0,0.0250481914479573
2018-09-26 20:00:00,0.8003578838174273,0.0243289941010085,0.78410373,0.0,0.78410373,0.0,0.0243289941010085
2018-09-26 21:00:00,0.826686376210235,0.0228890637691833,0.56653596,0.0,0.56653596,0.0,0.0228890637691833
2018-09-26 22:00:00,0.7841037344398339,0.0202767361348446,0.44727455,0.0,0.44727455,0.0,0.0202767361348446
2018-09-26 23:00:00,0.5665359612724756,0.0159263084709742,0.41635858,0.0,0.41635858,0.0,0.0159263084709742
2018-09-27 00:00:00,0.4472745504840941,0.0107240686739453,0.40709059,0.0,0.40709059,0.0,0.0107240686739453
2018-09-27 01:00:00,0.4163585753803596,0.0078512083057148,0.4001352,0.0,0.4001352,0.0,0.0078512083057148
2018-09-27 02:00:00,0.4070905947441217,0.0068747743125889,0.40057711,0.0,0.40057711,0.0,0.0068747743125889
2018-09-27 03:00:00,0.4001352005532503,0.0068049339146564,0.41259129,0.0,0.41259129,0.0,0.0068049339146564
2018-09-27 04:00:00,0.4005771092669433,0.0094412645382314,0.30527933,0.0,0.30527933,0.0,0.0094412645382314
2018-09-27 05:00:00,0.412591286307054,0.014402499105292,0.11032789,0.0,0.11032789,0.0,0.014402499105292
2018-09-27 06:00:00,0.4454733748271093,0.0230892085791457,0.0,0.0,0.0,0.065718362,0.0230892085791457
2018-09-27 07:00:00,0.5121379668049791,0.0255815454778095,0.0,0.0,0.0,0.19860827,0.0255815454778095
2018-09-27 08:00:00,0.5706120331950207,0.0235515773999074,0.0,0.0,0.0,0.28177658,0.0235515773999074
2018-09-27 09:00:00,0.6219170124481327,0.0214595404971006,0.0,0.0,0.0,0.33731219,0.0214595404971006
2018-09-27 10:00:00,0.6566255186721992,0.0224749395733294,0.0,0.0,0.0,0.058491214,0.0224749395733294
2018-09-27 11:00:00,0.6482261410788382,0.0215565762126652,0.0,0.0,0.0,0.23868264,0.0215565762126652
2018-09-27 12:00:00,0.6240712309820192,0.0216310304416702,0.0,0.0,0.0,0.12013141,0.0216310304416702
2018-09-27 13:00:00,0.6333343706777315,0.0180110995146385,0.08987833,0.0,0.08987833,0.0,0.0180110995146385
2018-09-27 14:00:00,0.5976203319502075,0.0164146447907543,0.098681785,0.0,0.098681785,0.0,0.0164146447907543
2018-09-27 15:00:00,0.5955176348547716,0.0178560900086438,0.66122535,0.0,0.66122535,0.0,0.0178560900086438
2018-09-27 16:00:00,0.6267755878284924,0.0218444841136763,0.72765629,0.0,0.72765629,0.0,0.0218444841136763
2018-09-27 17:00:00,0.683155255878285,0.0267067980042016,0.76663797,0.0,0.76663797,0.0,0.0267067980042016
2018-09-27 18:00:00,0.7276562932226832,0.0286874804053575,0.8055657,0.0,0.8055657,0.0,0.0286874804053575
2018-09-27 19:00:00,0.7666379668049792,0.0272430123326276,0.83113485,0.0,0.83113485,0.0,0.0272430123326276
2018-09-27 20:00:00,0.8055656984785614,0.0247603838476218,0.79706916,0.0,0.79706916,0.0,0.0247603838476218
2018-09-27 21:00:00,0.8311348547717843,0.0231229718617,0.59156051,0.0,0.59156051,0.0,0.0231229718617
2018-09-27 22:00:00,0.7970691562932227,0.0208749639498713,0.46610512,0.0,0.46610512,0.0,0.0208749639498713
2018-09-27 23:00:00,0.5915605117565697,0.0157080853289167,0.41993326,0.0,0.41993326,0.0,0.0157080853289167
2018-09-28 00:00:00,0.4661051175656985,0.0107000310982689,0.40704288,0.0,0.40704288,0.0,0.0107000310982689
2018-09-28 01:00:00,0.4199332641770401,0.0080026208219679,0.39983195,0.0,0.39983195,0.0,0.0080026208219679
2018-09-28 02:00:00,0.4070428769017981,0.0071747425051663,0.39947303,0.0,0.39947303,0.0,0.0071747425051663
2018-09-28 03:00:00,0.3998319502074688,0.0068165999208083,0.41127559,0.0,0.41127559,0.0,0.0068165999208083
2018-09-28 04:00:00,0.3994730290456431,0.0090053889303738,0.30407924,0.0,0.30407924,0.0,0.0090053889303738
2018-09-28 05:00:00,0.4112755878284924,0.0136762634178395,0.10697546,0.0,0.10697546,0.0,0.0136762634178395
2018-09-28 06:00:00,0.4401002766251729,0.0214183618818481,0.0,0.0,0.0,0.05338112,0.0214183618818481
2018-09-28 07:00:00,0.5067617565698479,0.0260075466570982,0.0,0.0,0.0,0.18943212,0.0260075466570982
2018-09-28 08:00:00,0.5818461272475794,0.0231631751393491,0.0,0.0,0.0,0.29196543,0.0231631751393491
2018-09-28 09:00:00,0.6289315352697095,0.021354269750214,0.0,0.0,0.0,0.33502218,0.021354269750214
2018-09-28 10:00:00,0.6516590594744122,0.0222274666791143,0.0,0.0,0.0,0.035503091,0.0222274666791143
2018-09-28 11:00:00,0.6556500691562932,0.0219172539830622,0.0,0.0,0.0,0.25907746,0.0219172539830622
2018-09-28 12:00:00,0.6475207468879668,0.0213881506266638,0.0,0.0,0.0,0.12284731,0.0213881506266638
2018-09-28 13:00:00,0.6224892807745503,0.0177336851394694,0.097045031,0.0,0.097045031,0.0,0.0177336851394694
2018-09-28 14:00:00,0.6015363070539418,0.0164871172167576,0.097941467,0.0,0.097941467,0.0,0.0164871172167576
2018-09-28 15:00:00,0.6038461272475795,0.0176295246173013,0.66732897,0.0,0.66732897,0.0,0.0176295246173013
2018-09-28 16:00:00,0.6260352697095436,0.0211757137959885,0.7328935,0.0,0.7328935,0.0,0.0211757137959885
2018-09-28 17:00:00,0.6868136237897648,0.0266513974448948,0.76868603,0.0,0.76868603,0.0,0.0266513974448948
2018-09-28 18:00:00,0.7328934993084371,0.0279729072654131,0.80505394,0.0,0.80505394,0.0,0.0279729072654131
2018-09-28 19:00:00,0.7686860304287689,0.0264801461467595,0.83985788,0.0,0.83985788,0.0,0.0264801461467595
2018-09-28 20:00:00,0.8050539419087136,0.0245559883642051,0.79779599,0.0,0.79779599,0.0,0.0245559883642051
2018-09-28 21:00:00,0.8398578838174273,0.0231602110814565,0.58903562,0.0,0.58903562,0.0,0.0231602110814565
2018-09-28 22:00:00,0.7977959889349929,0.0205877270257931,0.45745609,0.0,0.45745609,0.0,0.0205877270257931
2018-09-28 23:00:00,0.5890356154910096,0.0157293317788993,0.41909682,0.0,0.41909682,0.0,0.0157293317788993
2018-09-29 00:00:00,0.4574560857538036,0.010459565416762,0.41094364,0.0,0.41094364,0.0,0.010459565416762
2018-09-29 01:00:00,0.4190968188105118,0.007079750848195,0.40087898,0.0,0.40087898,0.0,0.007079750848195
2018-09-29 02:00:00,0.4109436376210235,0.0062049421911988,0.40002386,0.0,0.40002386,0.0,0.0062049421911988
2018-09-29 03:00:00,0.4008789764868603,0.00596635109473,0.41532054,0.0,0.41532054,0.0,0.00596635109473
2018-09-29 04:00:00,0.4000238589211618,0.0067917772329478,0.29894199,0.0,0.29894199,0.0,0.0067917772329478
2018-09-29 05:00:00,0.4153205394190871,0.008319031408036,0.065003184,0.0,0.065003184,0.0,0.008319031408036
2018-09-29 06:00:00,0.4358775933609959,0.0123980143162508,0.0,0.0,0.0,0.10946124,0.0123980143162508
2018-09-29 07:00:00,0.4673928077455049,0.0182171447712345,0.0,0.0,0.0,0.1912942,0.0182171447712345
2018-09-29 08:00:00,0.5314768326417704,0.0226749909999042,0.0,0.0,0.0,0.26037916,0.0226749909999042
2018-09-29 09:00:00,0.6272672890733055,0.0243101168221537,0.0,0.0,0.0,0.29531006,0.0243101168221537
2018-09-29 10:00:00,0.6786476486860304,0.0223639897330242,0.0,0.0,0.0,0.0,0.0223639897330242
2018-09-29 11:00:00,0.6905688105117567,0.0232938427089973,0.0,0.0,0.0,0.16917491,0.0232938427089973
2018-09-29 12:00:00,0.6894211618257261,0.0238638306959092,0.0,0.0,0.0,0.072976581,0.0238638306959092
2018-09-29 13:00:00,0.695707814661134,0.0220461092232632,0.14599557,0.0,0.14599557,0.0,0.0220461092232632
2018-09-29 14:00:00,0.64718948824343,0.0207376246559819,0.13980103,0.0,0.13980103,0.0,0.0207376246559819
2018-09-29 15:00:00,0.6491732365145227,0.020003703861601,0.6911158,0.0,0.6911158,0.0,0.020003703861601
2018-09-29 16:00:00,0.6645698478561548,0.0223409689986786,0.74889938,0.0,0.74889938,0.0,0.0223409689986786
2018-09-29 17:00:00,0.7078928077455049,0.0260719984877071,0.76506259,0.0,0.76506259,0.0,0.0260719984877071
2018-09-29 18:00:00,0.748899377593361,0.0276551097631079,0.81507815,0.0,0.81507815,0.0,0.0276551097631079
2018-09-29 19:00:00,0.7650625864453664,0.0271520084921678,0.85697407,0.0,0.85697407,0.0,0.0271520084921678
2018-09-29 20:00:00,0.8150781466113416,0.0245162035824777,0.81065111,0.0,0.81065111,0.0,0.0245162035824777
2018-09-29 21:00:00,0.8569740663900414,0.0230050908988543,0.60270747,0.0,0.60270747,0.0,0.0230050908988543
2018-09-29 22:00:00,0.8106511065006916,0.0204830269551634,0.45647234,0.0,0.45647234,0.0,0.0204830269551634
2018-09-29 23:00:00,0.6027074688796679,0.0163070913388395,0.41972372,0.0,0.41972372,0.0,0.0163070913388395
2018-09-30 00:00:00,0.4564723374827109,0.0111362940742531,0.41565491,0.0,0.41565491,0.0,0.0111362940742531
2018-09-30 01:00:00,0.4197237206085754,0.0080425543253865,0.40873479,0.0,0.40873479,0.0,0.0080425543253865
2018-09-30 02:00:00,0.4156549100968188,0.0073673751403993,0.40091286,0.0,0.40091286,0.0,0.0073673751403993
2018-09-30 03:00:00,0.408734785615491,0.0074536510145357,0.41479115,0.0,0.41479115,0.0,0.0074536510145357
2018-09-30 04:00:00,0.4009128630705394,0.0086923505221878,0.32274067,0.0,0.32274067,0.0,0.0086923505221878
2018-09-30 05:00:00,0.4147911479944675,0.0106014735793518,0.10461332,0.0,0.10461332,0.0,0.0106014735793518
2018-09-30 06:00:00,0.4366780774550485,0.0154687817517873,0.0,0.0,0.0,0.059338044,0.0154687817517873
2018-09-30 07:00:00,0.4725435684647303,0.0217201251106519,0.0,0.0,0.0,0.14242909,0.0217201251106519
2018-09-30 08:00:00,0.5340729598893499,0.0245120843374947,0.0,0.0,0.0,0.18139161,0.0245120843374947
2018-09-30 09:00:00,0.6206645919778698,0.023922015463622,0.0,0.0,0.0,0.21898147,0.023922015463622
2018-09-30 10:00:00,0.6892247579529737,0.0229174454017013,0.0,0.0,0.0,0.0,0.0229174454017013
2018-09-30 11:00:00,0.6929228907330568,0.022834278848505,0.0,0.0,0.0,0.083275228,0.022834278848505
2018-09-30 12:00:00,0.6575781466113416,0.0235881110562915,0.079229203,0.0,0.079229203,0.0,0.0235881110562915
2018-09-30 13:00:00,0.6674702627939141,0.0221462300492602,0.19999146,0.0,0.19999146,0.0,0.0221462300492602
2018-09-30 14:00:00,0.6401753112033194,0.0195859446309219,0.1538061,0.0,0.1538061,0.0,0.0195859446309219
2018-09-30 15:00:00,0.6424253112033194,0.0192431134634733,0.71700761,0.0,0.71700761,0.0,0.0192431134634733
2018-09-30 16:00:00,0.6544654218533886,0.0221566405676467,0.76116183,0.0,0.76116183,0.0,0.0221566405676467
2018-09-30 17:00:00,0.7170076071922544,0.0268551150340909,0.78063658,0.0,0.78063658,0.0,0.0268551150340909
2018-09-30 18:00:00,0.7611618257261411,0.0289306784156107,0.81764765,0.0,0.81764765,0.0,0.0289306784156107
2018-09-30 19:00:00,0.7806365836791147,0.0269737568986125,0.85688209,0.0,0.85688209,0.0,0.0269737568986125
2018-09-30 20:00:00,0.8176476486860303,0.0249205882368776,0.82362932,0.0,0.82362932,0.0,0.0249205882368776
2018-09-30 21:00:00,0.8568820885200552,0.023494340300646,0.60101936,0.0,0.60101936,0.0,0.023494340300646
2018-09-30 22:00:00,0.8236293222683264,0.0205032531051714,0.45784751,0.0,0.45784751,0.0,0.0205032531051714
2018-09-30 23:00:00,0.6010193637621023,0.0154833357256648,0.40761549,0.0,0.40761549,0.0,0.0154833357256648
2018-10-01 00:00:00,0.457847510373444,0.0106655311245466,0.39593811,0.0,0.39593811,0.0,0.0106655311245466
2018-10-01 01:00:00,0.4076154910096818,0.0074638609315713,0.38664523,0.0,0.38664523,0.0,0.0074638609315713
2018-10-01 02:00:00,0.3959381051175657,0.0062878943084682,0.38690249,0.0,0.38690249,0.0,0.0062878943084682
2018-10-01 03:00:00,0.3866452282157676,0.0066717864972732,0.39909059,0.0,0.39909059,0.0,0.0066717864972732
2018-10-01 04:00:00,0.386902489626556,0.0089279291397482,0.31372074,0.0,0.31372074,0.0,0.0089279291397482
2018-10-01 05:00:00,0.3990905947441218,0.013560326212912,0.13089349,0.0,0.13089349,0.0,0.013560326212912
2018-10-01 06:00:00,0.43106051175657,0.0216445883260802,0.0,0.0,0.0,0.0098187225,0.0216445883260802
2018-10-01 07:00:00,0.5023042876901799,0.0249304868759543,0.0,0.0,0.0,0.12260592,0.0249304868759543
2018-10-01 08:00:00,0.5904944674965421,0.0227052575933927,0.0,0.0,0.0,0.21961323,0.0227052575933927
2018-10-01 09:00:00,0.652173582295989,0.021567896354419,0.0,0.0,0.0,0.25120756,0.021567896354419
2018-10-01 10:00:00,0.6761113416320884,0.0215887623535637,0.0,0.0,0.0,0.0,0.0215887623535637
2018-10-01 11:00:00,0.6897372060857537,0.0220157942087593,0.0,0.0,0.0,0.13587696,0.0220157942087593
2018-10-01 12:00:00,0.6742704011065005,0.0214691555273709,0.0,0.0,0.0,0.055451019,0.0214691555273709
2018-10-01 13:00:00,0.6608651452282157,0.0183291529565984,0.13782577,0.0,0.13782577,0.0,0.0183291529565984
2018-10-01 14:00:00,0.625948824343015,0.0166103729123515,0.13919919,0.0,0.13919919,0.0,0.0166103729123515
2018-10-01 15:00:00,0.6081327800829875,0.0180090104936733,0.70482884,0.0,0.70482884,0.0,0.0180090104936733
2018-10-01 16:00:00,0.6350805670816044,0.0216926150564177,0.7719305,0.0,0.7719305,0.0,0.0216926150564177
2018-10-01 17:00:00,0.7048288381742738,0.0264780813363022,0.83613866,0.0,0.83613866,0.0,0.0264780813363022
2018-10-01 18:00:00,0.7719304979253111,0.028733642926588,0.88134578,0.0,0.88134578,0.0,0.028733642926588
2018-10-01 19:00:00,0.8361386583679116,0.0270702288552084,0.90502282,0.0,0.90502282,0.0,0.0270702288552084
2018-10-01 20:00:00,0.8813457814661134,0.024694012469603,0.81303596,0.0,0.81303596,0.0,0.024694012469603
2018-10-01 21:00:00,0.9050228215767634,0.0227829525718092,0.57985754,0.0,0.57985754,0.0,0.0227829525718092
2018-10-01 22:00:00,0.8130359612724757,0.0205259694788465,0.45652351,0.0,0.45652351,0.0,0.0205259694788465
2018-10-01 23:00:00,0.5798575380359612,0.0155985915777278,0.41434544,0.0,0.41434544,0.0,0.0155985915777278
2018-10-02 00:00:00,0.4565235131396958,0.0106553454180189,0.39954357,0.0,0.39954357,0.0,0.0106553454180189
2018-10-02 01:00:00,0.4143454356846472,0.0070471462113747,0.38560512,0.0,0.38560512,0.0,0.0070471462113747
2018-10-02 02:00:00,0.3995435684647302,0.0057989976883628,0.38589142,0.0,0.38589142,0.0,0.0057989976883628
2018-10-02 03:00:00,0.3856051175656985,0.0060041886598954,0.40035235,0.0,0.40035235,0.0,0.0060041886598954
2018-10-02 04:00:00,0.3858914246196404,0.0075111578880276,0.30880064,0.0,0.30880064,0.0,0.0075111578880276
2018-10-02 05:00:00,0.4003523513139696,0.012328405647465,0.1455197,0.0,0.1455197,0.0,0.012328405647465
2018-10-02 06:00:00,0.4274031811894883,0.0207767799645045,0.0,0.0,0.0,0.011070922,0.0207767799645045
2018-10-02 07:00:00,0.5169304979253112,0.0241731130167302,0.0,0.0,0.0,0.11353536,0.0241731130167302
2018-10-02 08:00:00,0.590317081604426,0.0224403012538476,0.0,0.0,0.0,0.21060237,0.0224403012538476
2018-10-02 09:00:00,0.6638855463347165,0.0213480061459622,0.0,0.0,0.0,0.23308356,0.0213480061459622
2018-10-02 10:00:00,0.6847710926694327,0.0223052031612585,0.0,0.0,0.0,0.0,0.0223052031612585
2018-10-02 11:00:00,0.6867085062240662,0.0224517424481407,0.0,0.0,0.0,0.18059708,0.0224517424481407
2018-10-02 12:00:00,0.6559917012448132,0.0212926678422466,0.0,0.0,0.0,0.05733735,0.0212926678422466
2018-10-02 13:00:00,0.6489768326417703,0.01864732053381,0.15116606,0.0,0.15116606,0.0,0.01864732053381
2018-10-02 14:00:00,0.6174056016597509,0.0171621926424251,0.15951348,0.0,0.15951348,0.0,0.0171621926424251
2018-10-02 15:00:00,0.6133226141078837,0.0178433691160772,0.70693914,0.0,0.70693914,0.0,0.0178433691160772
2018-10-02 16:00:00,0.6466715076071923,0.0215092446697689,0.77664315,0.0,0.77664315,0.0,0.0215092446697689
2018-10-02 17:00:00,0.7069391424619639,0.0270571724741755,0.83471542,0.0,0.83471542,0.0,0.0270571724741755
2018-10-02 18:00:00,0.7766431535269708,0.0276755641836185,0.89477213,0.0,0.89477213,0.0,0.0276755641836185
2018-10-02 19:00:00,0.8347154218533887,0.0256870410365552,0.89856777,0.0,0.89856777,0.0,0.0256870410365552
2018-10-02 20:00:00,0.8947721300138313,0.0243234533533493,0.80458022,0.0,0.80458022,0.0,0.0243234533533493
2018-10-02 21:00:00,0.8985677731673581,0.0225851250533146,0.58546058,0.0,0.58546058,0.0,0.0225851250533146
2018-10-02 22:00:00,0.8045802213001382,0.0207044493429045,0.44786687,0.0,0.44786687,0.0,0.0207044493429045
2018-10-02 23:00:00,0.5854605809128631,0.0151985094764418,0.40365941,0.0,0.40365941,0.0,0.0151985094764418
2018-10-03 00:00:00,0.4478668741355463,0.0107754814167407,0.39434786,0.0,0.39434786,0.0,0.0107754814167407
2018-10-03 01:00:00,0.4036594052558783,0.0074446170364542,0.38425207,0.0,0.38425207,0.0,0.0074446170364542
2018-10-03 02:00:00,0.3943478561549101,0.0060752257486462,0.38755118,0.0,0.38755118,0.0,0.0060752257486462
2018-10-03 03:00:00,0.3842520746887967,0.0061456817852077,0.39899343,0.0,0.39899343,0.0,0.0061456817852077
2018-10-03 04:00:00,0.3875511756569848,0.0075535608632495,0.31556137,0.0,0.31556137,0.0,0.0075535608632495
2018-10-03 05:00:00,0.3989934301521439,0.0124903566519318,0.25301081,0.0,0.25301081,0.0,0.0124903566519318
2018-10-03 06:00:00,0.4319426002766253,0.0209989494193455,0.0,0.0,0.0,0.016352849,0.0209989494193455
2018-10-03 07:00:00,0.515588520055325,0.0235268550127225,0.0,0.0,0.0,0.13442386,0.0235268550127225
2018-10-03 08:00:00,0.5947513831258644,0.0230079650320035,0.0,0.0,0.0,0.22236439,0.0230079650320035
2018-10-03 09:00:00,0.6593810511756569,0.0219034228657772,0.0,0.0,0.0,0.27808963,0.0219034228657772
2018-10-03 10:00:00,0.6892472337482709,0.0218682968774938,0.0,0.0,0.0,0.0,0.0218682968774938
2018-10-03 11:00:00,0.6806061549100967,0.0220807129563052,0.0,0.0,0.0,0.17029874,0.0220807129563052
2018-10-03 12:00:00,0.6594996542185337,0.0216462035128203,0.0,0.0,0.0,0.06040387,0.0216462035128203
2018-10-03 13:00:00,0.6685643153526969,0.0192873598959377,0.13282719,0.0,0.13282719,0.0,0.0192873598959377
2018-10-03 14:00:00,0.6267946058091285,0.0176742241321272,0.21190755,0.0,0.21190755,0.0,0.0176742241321272
2018-10-03 15:00:00,0.6037814661134163,0.0179208046961949,0.7036722,0.0,0.7036722,0.0,0.0179208046961949
2018-10-03 16:00:00,0.6474529737206085,0.0230267281756072,0.7698603,0.0,0.7698603,0.0,0.0230267281756072
2018-10-03 17:00:00,0.7036721991701244,0.0274920070301949,0.82470055,0.0,0.82470055,0.0,0.0274920070301949
2018-10-03 18:00:00,0.76986030428769,0.0300811479152769,0.88640214,0.0,0.88640214,0.0,0.0300811479152769
2018-10-03 19:00:00,0.8247005532503457,0.0270876950073183,0.89671992,0.0,0.89671992,0.0,0.0270876950073183
2018-10-03 20:00:00,0.88640214384509,0.0249733152643864,0.82171196,0.0,0.82171196,0.0,0.0249733152643864
2018-10-03 21:00:00,0.896719917012448,0.0239800134645598,0.5845574,0.0,0.5845574,0.0,0.0239800134645598
2018-10-03 22:00:00,0.8217119640387275,0.020519868430862,0.44469329,0.0,0.44469329,0.0,0.020519868430862
2018-10-03 23:00:00,0.5845573997233748,0.015959390400664,0.4096556,0.0,0.4096556,0.0,0.015959390400664
2018-10-04 00:00:00,0.4446932918395574,0.010346976179209,0.39705463,0.0,0.39705463,0.0,0.010346976179209
2018-10-04 01:00:00,0.409655601659751,0.0075017884214801,0.38967393,0.0,0.38967393,0.0,0.0075017884214801
2018-10-04 02:00:00,0.3970546334716459,0.0063259808960002,0.38763831,0.0,0.38763831,0.0,0.0063259808960002
2018-10-04 03:00:00,0.389673928077455,0.006452335536602,0.39981432,0.0,0.39981432,0.0,0.006452335536602
2018-10-04 04:00:00,0.3876383125864454,0.0092614427203084,0.31771694,0.0,0.31771694,0.0,0.0092614427203084
2018-10-04 05:00:00,0.3998143153526972,0.0139597615477735,0.12579988,0.0,0.12579988,0.0,0.0139597615477735
2018-10-04 06:00:00,0.4343675656984786,0.0221884462577067,0.0,0.0,0.0,0.040779696,0.0221884462577067
2018-10-04 07:00:00,0.5040778008298756,0.026010918834981,0.0,0.0,0.0,0.15937088,0.026010918834981
2018-10-04 08:00:00,0.5800605117565699,0.023047953873726,0.0,0.0,0.0,0.24610459,0.023047953873726
2018-10-04 09:00:00,0.6445010373443983,0.0216733469507924,0.0,0.0,0.0,0.30161285,0.0216733469507924
2018-10-04 10:00:00,0.6792375518672198,0.022500502411002,0.0,0.0,0.0,0.0,0.022500502411002
2018-10-04 11:00:00,0.66977489626556,0.0226290878769726,0.0,0.0,0.0,0.15625802,0.0226290878769726
2018-10-04 12:00:00,0.6859553941908711,0.0220394063712258,0.0,0.0,0.0,0.070961793,0.0220394063712258
2018-10-04 13:00:00,0.6694702627939141,0.019254046237101,0.14503551,0.0,0.14503551,0.0,0.019254046237101
2018-10-04 14:00:00,0.6227769709543567,0.0172687015838572,0.16958223,0.0,0.16958223,0.0,0.0172687015838572
2018-10-04 15:00:00,0.6173744813278008,0.0183975787691425,0.7201186,0.0,0.7201186,0.0,0.0183975787691425
2018-10-04 16:00:00,0.6575712309820194,0.0216693591342812,0.78010615,0.0,0.78010615,0.0,0.0216693591342812
2018-10-04 17:00:00,0.7201186030428768,0.0264068436462008,0.83505533,0.0,0.83505533,0.0,0.0264068436462008
2018-10-04 18:00:00,0.7801061549100967,0.0292929333276634,0.89303976,0.0,0.89303976,0.0,0.0292929333276634
2018-10-04 19:00:00,0.8350553250345782,0.0274578736727344,0.9042538,0.0,0.9042538,0.0,0.0274578736727344
2018-10-04 20:00:00,0.8930397648686031,0.0250446705483833,0.81659198,0.0,0.81659198,0.0,0.0250446705483833
2018-10-04 21:00:00,0.9042538035961272,0.0230814854271335,0.5829388,0.0,0.5829388,0.0,0.0230814854271335
2018-10-04 22:00:00,0.8165919778699862,0.0208839114618534,0.44963693,0.0,0.44963693,0.0,0.0208839114618534
2018-10-04 23:00:00,0.582938796680498,0.0158353357583101,0.40581224,0.0,0.40581224,0.0,0.0158353357583101
2018-10-05 00:00:00,0.4496369294605809,0.0112454073746039,0.39493672,0.0,0.39493672,0.0,0.0112454073746039
2018-10-05 01:00:00,0.4058122406639003,0.0081896400780178,0.38521508,0.0,0.38521508,0.0,0.0081896400780178
2018-10-05 02:00:00,0.3949367219917012,0.0067207020991138,0.38888451,0.0,0.38888451,0.0,0.0067207020991138
2018-10-05 03:00:00,0.3852150760719225,0.0073899427923832,0.40254115,0.0,0.40254115,0.0,0.0073899427923832
2018-10-05 04:00:00,0.3888845089903182,0.0094583606154355,0.31936997,0.0,0.31936997,0.0,0.0094583606154355
2018-10-05 05:00:00,0.4025411479944675,0.0142826328808007,0.41105168,0.0,0.41105168,0.0,0.0142826328808007
2018-10-05 06:00:00,0.4311943291839558,0.0228413310235847,0.27307176,0.0,0.27307176,0.0,0.0228413310235847
2018-10-05 07:00:00,0.5169522821576763,0.0262057407918549,0.0,0.0,0.0,0.14311706,0.0262057407918549
2018-10-05 08:00:00,0.5832994467496542,0.0239534095750483,0.0,0.0,0.0,0.12628997,0.0239534095750483
2018-10-05 09:00:00,0.6517838865836791,0.0216816995760096,0.0,0.0,0.0,0.27900404,0.0216816995760096
2018-10-05 10:00:00,0.6909965421853388,0.0220219471364035,0.0,0.0,0.0,0.0,0.0220219471364035
2018-10-05 11:00:00,0.6777914937759334,0.0225665832629261,0.0,0.0,0.0,0.15845461,0.0225665832629261
2018-10-05 12:00:00,0.653896957123098,0.0220215908960733,0.0,0.0,0.0,0.047903396,0.0220215908960733
2018-10-05 13:00:00,0.6602002074688796,0.0193201962619048,0.16433688,0.0,0.16433688,0.0,0.0193201962619048
2018-10-05 14:00:00,0.6239816735822957,0.0174332569472429,0.16286028,0.0,0.16286028,0.0,0.0174332569472429
2018-10-05 15:00:00,0.6182901106500691,0.0184733403655727,0.70348479,0.0,0.70348479,0.0,0.0184733403655727
2018-10-05 16:00:00,0.6380961272475796,0.022347512753093,0.77929391,0.0,0.77929391,0.0,0.022347512753093
2018-10-05 17:00:00,0.703484785615491,0.0266058228931414,0.83475173,0.0,0.83475173,0.0,0.0266058228931414
2018-10-05 18:00:00,0.7792939142461963,0.0287495734407702,0.90329046,0.0,0.90329046,0.0,0.0287495734407702
2018-10-05 19:00:00,0.8347517289073305,0.0267518191729182,0.90513105,0.0,0.90513105,0.0,0.0267518191729182
2018-10-05 20:00:00,0.9032904564315354,0.0244352989824458,0.81732988,0.0,0.81732988,0.0,0.0244352989824458
2018-10-05 21:00:00,0.9051310511756568,0.0233338142574997,0.59070539,0.0,0.59070539,0.0,0.0233338142574997
2018-10-05 22:00:00,0.8173298755186721,0.0214442325388352,0.45322752,0.0,0.45322752,0.0,0.0214442325388352
2018-10-05 23:00:00,0.5907053941908713,0.0161307938791343,0.4076352,0.0,0.4076352,0.0,0.0161307938791343
2018-10-06 00:00:00,0.4532275242047026,0.010502943729587,0.39699447,0.0,0.39699447,0.0,0.010502943729587
2018-10-06 01:00:00,0.4076352005532503,0.0074459244038794,0.39157434,0.0,0.39157434,0.0,0.0074459244038794
2018-10-06 02:00:00,0.3969944674965422,0.0065397320113887,0.38699896,0.0,0.38699896,0.0,0.0065397320113887
2018-10-06 03:00:00,0.3915743430152144,0.0070543436495014,0.39655775,0.0,0.39655775,0.0,0.0070543436495014
2018-10-06 04:00:00,0.3869989626556017,0.0079532555964096,0.37912161,0.0,0.37912161,0.0,0.0079532555964096
2018-10-06 05:00:00,0.396557745504841,0.0100564154982633,0.27430559,0.0,0.27430559,0.0,0.0100564154982633
2018-10-06 06:00:00,0.4174944674965423,0.0141545904219353,0.062879221,0.0,0.062879221,0.0,0.0141545904219353
2018-10-06 07:00:00,0.463896611341632,0.0197002458972457,0.087249574,0.0,0.087249574,0.0,0.0197002458972457
2018-10-06 08:00:00,0.5324730290456431,0.023855118371718,0.0,0.0,0.0,0.0,0.023855118371718
2018-10-06 09:00:00,0.6498603042876903,0.0249751690975607,0.0,0.0,0.0,0.0,0.0249751690975607
2018-10-06 10:00:00,0.7271158367911478,0.0235927248873638,0.13360813,0.0,0.13360813,0.0,0.0235927248873638
2018-10-06 11:00:00,0.7407268326417703,0.0243666933204148,0.0238775,0.0,0.0238775,0.0,0.0243666933204148
2018-10-06 12:00:00,0.7332821576763484,0.0246397221350143,0.15217801,0.0,0.15217801,0.0,0.0246397221350143
2018-10-06 13:00:00,0.7135670816044261,0.0227626088279057,0.33216887,0.0,0.33216887,0.0,0.0227626088279057
2018-10-06 14:00:00,0.6960325034578145,0.0212860099525812,0.28424729,0.0,0.28424729,0.0,0.0212860099525812
2018-10-06 15:00:00,0.6723893499308438,0.0215380828432926,0.74116183,0.0,0.74116183,0.0,0.0215380828432926
2018-10-06 16:00:00,0.6962150760719226,0.0224953248209607,0.80419848,0.0,0.80419848,0.0,0.0224953248209607
2018-10-06 17:00:00,0.741161825726141,0.0275072146877847,0.84819986,0.0,0.84819986,0.0,0.0275072146877847
2018-10-06 18:00:00,0.8041984785615489,0.0302161284139705,0.9081397,0.0,0.9081397,0.0,0.0302161284139705
2018-10-06 19:00:00,0.8481998616874136,0.0283994099480794,0.93245228,0.0,0.93245228,0.0,0.0283994099480794
2018-10-06 20:00:00,0.9081396957123098,0.0254473189635043,0.8357455,0.0,0.8357455,0.0,0.0254473189635043
2018-10-06 21:00:00,0.9324522821576764,0.0234612134085842,0.59876591,0.0,0.59876591,0.0,0.0234612134085842
2018-10-06 22:00:00,0.8357455048409405,0.0211209738376819,0.46541217,0.0,0.46541217,0.0,0.0211209738376819
2018-10-06 23:00:00,0.5987659059474413,0.0165701592587705,0.41811964,0.0,0.41811964,0.0,0.0165701592587705
2018-10-07 00:00:00,0.4654121715076072,0.0106616505259984,0.40361895,0.0,0.40361895,0.0,0.0106616505259984
2018-10-07 01:00:00,0.4181196403872753,0.0082287089204411,0.38829461,0.0,0.38829461,0.0,0.0082287089204411
2018-10-07 02:00:00,0.403618948824343,0.0068079152657691,0.38828077,0.0,0.38828077,0.0,0.0068079152657691
2018-10-07 03:00:00,0.3882946058091286,0.0067609883842185,0.40095228,0.0,0.40095228,0.0,0.0067609883842185
2018-10-07 04:00:00,0.3882807745504841,0.0080240747905895,0.31212734,0.0,0.31212734,0.0,0.0080240747905895
2018-10-07 05:00:00,0.4009522821576764,0.0102615338382722,0.096818382,0.0,0.096818382,0.0,0.0102615338382722
2018-10-07 06:00:00,0.418380705394191,0.015241009293695,0.0,0.0,0.0,0.071784217,0.015241009293695
2018-10-07 07:00:00,0.4590411479944675,0.0201730771160535,0.0,0.0,0.0,0.13948686,0.0201730771160535
2018-10-07 08:00:00,0.5260273167358229,0.0251237143979525,0.0,0.0,0.0,0.1564641,0.0251237143979525
2018-10-07 09:00:00,0.6418973029045644,0.024880239696181,0.0,0.0,0.0,0.19920213,0.024880239696181
2018-10-07 10:00:00,0.7470131396957123,0.0241586212984449,0.0,0.0,0.0,0.0,0.0241586212984449
2018-10-07 11:00:00,0.7488976486860303,0.0241049708129929,0.0,0.0,0.0,0.0,0.0241049708129929
2018-10-07 12:00:00,0.7312551867219915,0.024413883058908,0.017273513,0.0,0.017273513,0.0,0.024413883058908
2018-10-07 13:00:00,0.7317939142461963,0.0228791097918024,0.22321917,0.0,0.22321917,0.0,0.0228791097918024
2018-10-07 14:00:00,0.682201590594744,0.0208226485009965,0.22711551,0.0,0.22711551,0.0,0.0208226485009965
2018-10-07 15:00:00,0.6672278699861687,0.0203630050916928,0.74979495,0.0,0.74979495,0.0,0.0203630050916928
2018-10-07 16:00:00,0.6929187413554634,0.022664563188298,0.80398237,0.0,0.80398237,0.0,0.022664563188298
2018-10-07 17:00:00,0.7497949515905946,0.0278266446700495,0.84785304,0.0,0.84785304,0.0,0.0278266446700495
2018-10-07 18:00:00,0.8039823651452281,0.0298756595003618,0.90841217,0.0,0.90841217,0.0,0.0298756595003618
2018-10-07 19:00:00,0.8478530428769018,0.0274913360532621,0.92243776,0.0,0.92243776,0.0,0.0274913360532621
2018-10-07 20:00:00,0.9084121715076072,0.0258392179131283,0.8343157,0.0,0.8343157,0.0,0.0258392179131283
2018-10-07 21:00:00,0.9224377593360996,0.0238536830344656,0.60786134,0.0,0.60786134,0.0,0.0238536830344656
2018-10-07 22:00:00,0.8343156984785615,0.0207101146017474,0.46954115,0.0,0.46954115,0.0,0.0207101146017474
2018-10-07 23:00:00,0.6078613416320885,0.0157357925258582,0.41093015,0.0,0.41093015,0.0,0.0157357925258582
2018-10-08 00:00:00,0.4695411479944675,0.0107642823275266,0.3960083,0.0,0.3960083,0.0,0.0107642823275266
2018-10-08 01:00:00,0.410930152143845,0.0077113718708699,0.38647407,0.0,0.38647407,0.0,0.0077113718708699
2018-10-08 02:00:00,0.3960082987551867,0.006888643474958,0.38584889,0.0,0.38584889,0.0,0.006888643474958
2018-10-08 03:00:00,0.3864740663900415,0.0076990521810052,0.40140664,0.0,0.40140664,0.0,0.0076990521810052
2018-10-08 04:00:00,0.3858488934993084,0.0097541265555742,0.33057375,0.0,0.33057375,0.0,0.0097541265555742
2018-10-08 05:00:00,0.4014066390041494,0.0150752883672875,0.44806296,0.0,0.44806296,0.0,0.0150752883672875
2018-10-08 06:00:00,0.4336030428769019,0.023924536815085,0.37784339,0.0,0.37784339,0.0,0.023924536815085
2018-10-08 07:00:00,0.5227717842323651,0.0274388995518479,0.42003035,0.0,0.42003035,0.0,0.0274388995518479
2018-10-08 08:00:00,0.602877939142462,0.0250627315872583,0.0,0.0,0.0,0.022208702,0.0250627315872583
2018-10-08 09:00:00,0.656060857538036,0.0227057314276182,0.0,0.0,0.0,0.2749369,0.0227057314276182
2018-10-08 10:00:00,0.6863502766251728,0.0223540738007272,0.0,0.0,0.0,0.0,0.0223540738007272
2018-10-08 11:00:00,0.6707334024896264,0.0219958516675577,0.0,0.0,0.0,0.13420609,0.0219958516675577
2018-10-08 12:00:00,0.6660816044260026,0.0218435329865812,0.0,0.0,0.0,0.042937164,0.0218435329865812
2018-10-08 13:00:00,0.6604381051175656,0.0187788389298775,0.17662291,0.0,0.17662291,0.0,0.0187788389298775
2018-10-08 14:00:00,0.6210231673582294,0.0180820017162738,0.18402152,0.0,0.18402152,0.0,0.0180820017162738
2018-10-08 15:00:00,0.6189235822959889,0.0181763811932603,0.71081501,0.0,0.71081501,0.0,0.0181763811932603
2018-10-08 16:00:00,0.6466597510373444,0.0219403577248632,0.77629979,0.0,0.77629979,0.0,0.0219403577248632
2018-10-08 17:00:00,0.7108150069156292,0.0283123109166755,0.85958679,0.0,0.85958679,0.0,0.0283123109166755
2018-10-08 18:00:00,0.7762997925311202,0.0285071224976173,0.90635304,0.0,0.90635304,0.0,0.0285071224976173
2018-10-08 19:00:00,0.8595867911479944,0.0272082806297582,0.91417358,0.0,0.91417358,0.0,0.0272082806297582
2018-10-08 20:00:00,0.9063530428769018,0.0250625206099753,0.798676,0.0,0.798676,0.0,0.0250625206099753
2018-10-08 21:00:00,0.914173582295989,0.0236625825785163,0.57863243,0.0,0.57863243,0.0,0.0236625825785163
2018-10-08 22:00:00,0.7986760027662516,0.0207413011945348,0.44402006,0.0,0.44402006,0.0,0.0207413011945348
2018-10-08 23:00:00,0.5786324343015214,0.0167442916073425,0.40321404,0.0,0.40321404,0.0,0.0167442916073425
2018-10-09 00:00:00,0.4440200553250346,0.0109821699811178,0.39428043,0.0,0.39428043,0.0,0.0109821699811178
2018-10-09 01:00:00,0.4032140387275242,0.0075961713571106,0.38698202,0.0,0.38698202,0.0,0.0075961713571106
2018-10-09 02:00:00,0.394280428769018,0.0066287990112183,0.38562898,0.0,0.38562898,0.0,0.0066287990112183
2018-10-09 03:00:00,0.3869820193637621,0.0069161154841086,0.3984305,0.0,0.3984305,0.0,0.0069161154841086
2018-10-09 04:00:00,0.3856289764868603,0.0092571747536345,0.33728682,0.0,0.33728682,0.0,0.0092571747536345
2018-10-09 05:00:00,0.3984304979253112,0.0140363566774035,0.16694949,0.0,0.16694949,0.0,0.0140363566774035
2018-10-09 06:00:00,0.4327631396957124,0.022807657665774,0.0017071656,0.0,0.0017071656,0.0,0.022807657665774
2018-10-09 07:00:00,0.51043326417704,0.0260437275317962,0.094794636,0.0,0.094794636,0.0,0.0260437275317962
2018-10-09 08:00:00,0.5797648686030429,0.0242732269254392,0.0,0.0,0.0,0.18720079,0.0242732269254392
2018-10-09 09:00:00,0.6439961964038727,0.022638488471316,0.0,0.0,0.0,0.0,0.022638488471316
2018-10-09 10:00:00,0.683384508990318,0.02266844724549,0.0,0.0,0.0,0.0,0.02266844724549
2018-10-09 11:00:00,0.6700639695712308,0.0225357494518248,0.026940058,0.0,0.026940058,0.0,0.0225357494518248
2018-10-09 12:00:00,0.6547607192254493,0.0215027078326426,0.0,0.0,0.0,0.0,0.0215027078326426
2018-10-09 13:00:00,0.658436030428769,0.0190727095331138,0.30818291,0.0,0.30818291,0.0,0.0190727095331138
2018-10-09 14:00:00,0.6334868603042876,0.0174696142127839,0.27782098,0.0,0.27782098,0.0,0.0174696142127839
2018-10-09 15:00:00,0.6096988243430151,0.0182439388861648,0.71226418,0.0,0.71226418,0.0,0.0182439388861648
2018-10-09 16:00:00,0.6395466804979253,0.0223861838514579,0.7816722,0.0,0.7816722,0.0,0.0223861838514579
2018-10-09 17:00:00,0.7122641770401106,0.0279311752671238,0.83328665,0.0,0.83328665,0.0,0.0279311752671238
2018-10-09 18:00:00,0.7816721991701244,0.029483698295146,0.88617635,0.0,0.88617635,0.0,0.029483698295146
2018-10-09 19:00:00,0.8332866528354081,0.027477978770203,0.8920574,0.0,0.8920574,0.0,0.027477978770203
2018-10-09 20:00:00,0.8861763485477179,0.025712946279982,0.79728665,0.0,0.79728665,0.0,0.025712946279982
2018-10-09 21:00:00,0.8920573997233748,0.0235827985791349,0.57982918,0.0,0.57982918,0.0,0.0235827985791349
2018-10-09 22:00:00,0.797286652835408,0.0208886809319049,0.45503976,0.0,0.45503976,0.0,0.0208886809319049
2018-10-09 23:00:00,0.5798291839557399,0.0169317985321939,0.40816494,0.0,0.40816494,0.0,0.0169317985321939
2018-10-10 00:00:00,0.455039764868603,0.0120343102323696,0.39684647,0.0,0.39684647,0.0,0.0120343102323696
2018-10-10 01:00:00,0.4081649377593361,0.0091343029675227,0.38859959,0.0,0.38859959,0.0,0.0091343029675227
2018-10-10 02:00:00,0.3968464730290456,0.0078967033086568,0.38685408,0.0,0.38685408,0.0,0.0078967033086568
2018-10-10 03:00:00,0.3885995850622406,0.0083734773816042,0.3982545,0.0,0.3982545,0.0,0.0083734773816042
2018-10-10 04:00:00,0.3868540802213002,0.0105645767653495,0.33415894,0.0,0.33415894,0.0,0.0105645767653495
2018-10-10 05:00:00,0.3982544951590596,0.0166340957514256,0.14804652,0.0,0.14804652,0.0,0.0166340957514256
2018-10-10 06:00:00,0.4306334716459198,0.0259498045958156,0.0,0.0,0.0,0.0,0.0259498045958156
2018-10-10 07:00:00,0.503972337482711,0.0288808013107431,0.010510878,0.0,0.010510878,0.0,0.0288808013107431
2018-10-10 08:00:00,0.5759298063623789,0.0254613679753598,0.0,0.0,0.0,0.006936689,0.0254613679753598
2018-10-10 09:00:00,0.6474972337482712,0.0229306055420535,0.0,0.0,0.0,0.0,0.0229306055420535
2018-10-10 10:00:00,0.6921853388658367,0.0224562836476895,0.0,0.0,0.0,0.0,0.0224562836476895
2018-10-10 11:00:00,0.6808080912863069,0.0222396687750837,0.0,0.0,0.0,0.0,0.0222396687750837
2018-10-10 12:00:00,0.6613599585062239,0.0222495743314485,0.0,0.0,0.0,0.0,0.0222495743314485
2018-10-10 13:00:00,0.6591455739972336,0.0194359017376856,0.17371043,0.0,0.17371043,0.0,0.0194359017376856
2018-10-10 14:00:00,0.624686376210235,0.0173992342663899,0.17737514,0.0,0.17737514,0.0,0.0173992342663899
2018-10-10 15:00:00,0.6160452973720608,0.018132328444859,0.69947441,0.0,0.69947441,0.0,0.018132328444859
2018-10-10 16:00:00,0.6342029737206085,0.0225181899163269,0.7747258,0.0,0.7747258,0.0,0.0225181899163269
2018-10-10 17:00:00,0.6994744121715075,0.0272366933900722,0.83175415,0.0,0.83175415,0.0,0.0272366933900722
2018-10-10 18:00:00,0.7747257952973721,0.0298118198497383,0.88942877,0.0,0.88942877,0.0,0.0298118198497383
2018-10-10 19:00:00,0.8317541493775933,0.0272867849308663,0.88564073,0.0,0.88564073,0.0,0.0272867849308663
2018-10-10 20:00:00,0.8894287690179807,0.0252340970206449,0.80564972,0.0,0.80564972,0.0,0.0252340970206449
2018-10-10 21:00:00,0.8856407330567081,0.0238173050170607,0.59335719,0.0,0.59335719,0.0,0.0238173050170607
2018-10-10 22:00:00,0.8056497233748271,0.0211931522789466,0.45210339,0.0,0.45210339,0.0,0.0211931522789466
2018-10-10 23:00:00,0.5933571922544951,0.0159024126997009,0.40438174,0.0,0.40438174,0.0,0.0159024126997009
2018-10-11 00:00:00,0.4521033886583678,0.0117462881961071,0.39921335,0.0,0.39921335,0.0,0.0117462881961071
2018-10-11 01:00:00,0.4043817427385892,0.0088959643520646,0.39237725,0.0,0.39237725,0.0,0.0088959643520646
2018-10-11 02:00:00,0.399213347164592,0.0083298742569207,0.38727178,0.0,0.38727178,0.0,0.0083298742569207
2018-10-11 03:00:00,0.3923772475795297,0.0088793974473898,0.39886722,0.0,0.39886722,0.0,0.0088793974473898
2018-10-11 04:00:00,0.3872717842323652,0.0119843708719104,0.40657623,0.0,0.40657623,0.0,0.0119843708719104
2018-10-11 05:00:00,0.3988672199170124,0.01838283802849,0.46970077,0.0,0.46970077,0.0,0.01838283802849
2018-10-11 06:00:00,0.4293205394190872,0.0280915456712907,0.1913226,0.0,0.1913226,0.0,0.0280915456712907
2018-10-11 07:00:00,0.5042278699861688,0.0325985980278955,0.030313277,0.0,0.030313277,0.0,0.0325985980278955
2018-10-11 08:00:00,0.5958703319502074,0.0278627183267839,0.0,0.0,0.0,0.0,0.0278627183267839
2018-10-11 09:00:00,0.6570975103734441,0.0230039564636281,0.0,0.0,0.0,0.0,0.0230039564636281
2018-10-11 10:00:00,0.6819318810511755,0.0230007399247248,0.12895779,0.0,0.12895779,0.0,0.0230007399247248
2018-10-11 11:00:00,0.6658305670816044,0.0218136399266429,0.33998254,0.0,0.33998254,0.0,0.0218136399266429
2018-10-11 12:00:00,0.6731244813278007,0.0215901838562405,0.62431051,0.0,0.62431051,0.0,0.0215901838562405
2018-10-11 13:00:00,0.6621749654218533,0.0191178206265738,0.60458385,0.0,0.60458385,0.0,0.0191178206265738
2018-10-11 14:00:00,0.6243105117565697,0.017292656152078,0.63887696,0.0,0.63887696,0.0,0.017292656152078
2018-10-11 15:00:00,0.6125418395573997,0.0180890919364374,0.42634321,0.0,0.42634321,0.0,0.0180890919364374
2018-10-11 16:00:00,0.6415394190871369,0.021521059397612,0.78915076,0.0,0.78915076,0.0,0.021521059397612
2018-10-11 17:00:00,0.7019322268326418,0.0274285409131211,0.85148548,0.0,0.85148548,0.0,0.0274285409131211
2018-10-11 18:00:00,0.7891507607192254,0.0293891320513844,0.9070166,0.0,0.9070166,0.0,0.0293891320513844
2018-10-11 19:00:00,0.8514854771784233,0.0269165613030788,0.8984675,0.0,0.8984675,0.0,0.0269165613030788
2018-10-11 20:00:00,0.9070165975103734,0.0257310211534328,0.81125968,0.0,0.81125968,0.0,0.0257310211534328
2018-10-11 21:00:00,0.8984674965421854,0.0239822685004361,0.60265802,0.0,0.60265802,0.0,0.0239822685004361
2018-10-11 22:00:00,0.8112596818810511,0.0212196593264262,0.45521058,0.0,0.45521058,0.0,0.0212196593264262
2018-10-11 23:00:00,0.6026580221300137,0.0164527140850665,0.40617842,0.0,0.40617842,0.0,0.0164527140850665
2018-10-12 00:00:00,0.4552105809128631,0.0113246068631521,0.39702351,0.0,0.39702351,0.0,0.0113246068631521
2018-10-12 01:00:00,0.4061784232365145,0.0082994589417411,0.38683783,0.0,0.38683783,0.0,0.0082994589417411
2018-10-12 02:00:00,0.3970235131396957,0.0080726825731154,0.38816286,0.0,0.38816286,0.0,0.0080726825731154
2018-10-12 03:00:00,0.3868378284923928,0.0082226424588961,0.39954391,0.0,0.39954391,0.0,0.0082226424588961
2018-10-12 04:00:00,0.3881628630705395,0.0110932754604022,0.34559793,0.0,0.34559793,0.0,0.0110932754604022
2018-10-12 05:00:00,0.3995439142461964,0.0163437944687786,0.18354343,0.0,0.18354343,0.0,0.0163437944687786
2018-10-12 06:00:00,0.4281680497925312,0.0264408282819697,0.49333333,0.0,0.49333333,0.0,0.0264408282819697
2018-10-12 07:00:00,0.5140712309820193,0.0298471291461524,0.5274626,0.0,0.5274626,0.0,0.0298471291461524
2018-10-12 08:00:00,0.6068360995850621,0.0265564472916508,0.21207385,0.0,0.21207385,0.0,0.0265564472916508
2018-10-12 09:00:00,0.6493053250345782,0.0227431262863537,0.061710833,0.0,0.061710833,0.0,0.0227431262863537
2018-10-12 10:00:00,0.6751725449515905,0.0229940820350591,0.0,0.0,0.0,0.0,0.0229940820350591
2018-10-12 11:00:00,0.682372060857538,0.0228874001614279,0.0,0.0,0.0,0.051221324,0.0228874001614279
2018-10-12 12:00:00,0.6743226141078836,0.0222917732466756,0.24402061,0.0,0.24402061,0.0,0.0222917732466756
2018-10-12 13:00:00,0.6750791839557398,0.0191295350537415,0.51768225,0.0,0.51768225,0.0,0.0191295350537415
2018-10-12 14:00:00,0.635954356846473,0.0170187695937708,0.2750875,0.0,0.2750875,0.0,0.0170187695937708
2018-10-12 15:00:00,0.6200321576763484,0.0184180781520252,0.69918119,0.0,0.69918119,0.0,0.0184180781520252
2018-10-12 16:00:00,0.6363661825726141,0.0222242812680068,0.76595678,0.0,0.76595678,0.0,0.0222242812680068
2018-10-12 17:00:00,0.6991811894882433,0.0276822704943002,0.83749447,0.0,0.83749447,0.0,0.0276822704943002
2018-10-12 18:00:00,0.7659567773167357,0.0302879056525333,0.90422061,0.0,0.90422061,0.0,0.0302879056525333
2018-10-12 19:00:00,0.8374944674965422,0.0276356030110483,0.91051383,0.0,0.91051383,0.0,0.0276356030110483
2018-10-12 20:00:00,0.9042206085753804,0.024581478570354,0.80823237,0.0,0.80823237,0.0,0.024581478570354
2018-10-12 21:00:00,0.9105138312586444,0.0247226707936397,0.58967946,0.0,0.58967946,0.0,0.0247226707936397
2018-10-12 22:00:00,0.8082323651452282,0.021618658872146,0.46377801,0.0,0.46377801,0.0,0.021618658872146
2018-10-12 23:00:00,0.5896794605809128,0.0167824750369062,0.41431501,0.0,0.41431501,0.0,0.0167824750369062
2018-10-13 00:00:00,0.4637780082987552,0.0117817358382806,0.39539142,0.0,0.39539142,0.0,0.0117817358382806
2018-10-13 01:00:00,0.4143150069156293,0.0086241806492986,0.38732192,0.0,0.38732192,0.0,0.0086241806492986
2018-10-13 02:00:00,0.3953914246196404,0.0076614428863427,0.39500968,0.0,0.39500968,0.0,0.0076614428863427
2018-10-13 03:00:00,0.3873219225449516,0.0081968375161447,0.4026964,0.0,0.4026964,0.0,0.0081968375161447
2018-10-13 04:00:00,0.3950096818810512,0.0094153869639568,0.33564682,0.0,0.33564682,0.0,0.0094153869639568
2018-10-13 05:00:00,0.4026964038727524,0.0110452141436253,0.1274034,0.0,0.1274034,0.0,0.0110452141436253
2018-10-13 06:00:00,0.4208630705394192,0.0168015114133842,0.0,0.0,0.0,0.047497455,0.0168015114133842
2018-10-13 07:00:00,0.4656549100968188,0.0236282935820767,0.0,0.0,0.0,0.10168359,0.0236282935820767
2018-10-13 08:00:00,0.5266054633471646,0.030404977292687,0.0,0.0,0.0,0.10806384,0.030404977292687
2018-10-13 09:00:00,0.6546085753803595,0.0310245380237959,0.0,0.0,0.0,0.0,0.0310245380237959
2018-10-13 10:00:00,0.7163599585062238,0.0307543314626858,0.0,0.0,0.0,0.0,0.0307543314626858
2018-10-13 11:00:00,0.7335273167358228,0.0285378283388911,0.095742359,0.0,0.095742359,0.0,0.0285378283388911
2018-10-13 12:00:00,0.7071566390041493,0.0277747546343843,0.039662737,0.0,0.039662737,0.0,0.0277747546343843
2018-10-13 13:00:00,0.704542876901798,0.0240571446840069,0.25489742,0.0,0.25489742,0.0,0.0240571446840069
2018-10-13 14:00:00,0.671409059474412,0.0221264604402579,0.26304252,0.0,0.26304252,0.0,0.0221264604402579
2018-10-13 15:00:00,0.6655612033195021,0.0203236595577511,0.77077524,0.0,0.77077524,0.0,0.0203236595577511
2018-10-13 16:00:00,0.6971334716459198,0.0234131347985876,0.81900207,0.0,0.81900207,0.0,0.0234131347985876
2018-10-13 17:00:00,0.7707752420470262,0.0281323472943491,0.85796266,0.0,0.85796266,0.0,0.0281323472943491
2018-10-13 18:00:00,0.8190020746887966,0.0304422891439671,0.90096473,0.0,0.90096473,0.0,0.0304422891439671
2018-10-13 19:00:00,0.8579626556016597,0.0286346565358172,0.92139661,0.0,0.92139661,0.0,0.0286346565358172
2018-10-13 20:00:00,0.9009647302904564,0.0261487077525884,0.83660615,0.0,0.83660615,0.0,0.0261487077525884
2018-10-13 21:00:00,0.921396611341632,0.0241884555614356,0.61235062,0.0,0.61235062,0.0,0.0241884555614356
2018-10-13 22:00:00,0.8366061549100968,0.0211991945299836,0.45853216,0.0,0.45853216,0.0,0.0211991945299836
2018-10-13 23:00:00,0.612350622406639,0.0170999128402372,0.41395989,0.0,0.41395989,0.0,0.0170999128402372
2018-10-14 00:00:00,0.4585321576763485,0.0117479068414909,0.39957538,0.0,0.39957538,0.0,0.0117479068414909
2018-10-14 01:00:00,0.4139598893499308,0.0092127104265994,0.38750968,0.0,0.38750968,0.0,0.0092127104265994
2018-10-14 02:00:00,0.3995753803596127,0.0080536600312131,0.38572407,0.0,0.38572407,0.0,0.0080536600312131
2018-10-14 03:00:00,0.3875096818810512,0.0082994451071651,0.39853665,0.0,0.39853665,0.0,0.0082994451071651
2018-10-14 04:00:00,0.3857240663900415,0.0095902698382732,0.33793694,0.0,0.33793694,0.0,0.0095902698382732
2018-10-14 05:00:00,0.3985366528354081,0.0115933953802295,0.12511055,0.0,0.12511055,0.0,0.0115933953802295
2018-10-14 06:00:00,0.4191569847856156,0.0177149358304417,0.0,0.0,0.0,0.02050641,0.0177149358304417
2018-10-14 07:00:00,0.46024377593361,0.02380031615782,0.0,0.0,0.0,0.087354453,0.02380031615782
2018-10-14 08:00:00,0.5466410788381741,0.0284044007713454,0.0,0.0,0.0,0.13468658,0.0284044007713454
2018-10-14 09:00:00,0.658496887966805,0.0284426948775165,0.0,0.0,0.0,0.12121142,0.0284426948775165
2018-10-14 10:00:00,0.729887621023513,0.0254558791073599,0.0,0.0,0.0,0.0,0.0254558791073599
2018-10-14 11:00:00,0.7406372752420468,0.0244277660558523,0.0,0.0,0.0,0.0,0.0244277660558523
2018-10-14 12:00:00,0.7088775933609957,0.0259560682000672,0.04474375,0.0,0.04474375,0.0,0.0259560682000672
2018-10-14 13:00:00,0.7103558091286305,0.0233647241587686,0.26945993,0.0,0.26945993,0.0,0.0233647241587686
2018-10-14 14:00:00,0.6652309820193636,0.0217871709242473,0.27158406,0.0,0.27158406,0.0,0.0217871709242473
2018-10-14 15:00:00,0.6717956431535269,0.0212828141655414,0.75150657,0.0,0.75150657,0.0,0.0212828141655414
2018-10-14 16:00:00,0.7010228215767634,0.0236222651656159,0.80359993,0.0,0.80359993,0.0,0.0236222651656159
2018-10-14 17:00:00,0.7515065698478561,0.0278892876298553,0.84524136,0.0,0.84524136,0.0,0.0278892876298553
2018-10-14 18:00:00,0.8035999308437066,0.0302878226450778,0.90276556,0.0,0.90276556,0.0,0.0302878226450778
2018-10-14 19:00:00,0.8452413554633471,0.0280342601510136,0.91055636,0.0,0.91055636,0.0,0.0280342601510136
2018-10-14 20:00:00,0.9027655601659752,0.0258385538534838,0.83089799,0.0,0.83089799,0.0,0.0258385538534838
2018-10-14 21:00:00,0.9105563623789764,0.0238741270790444,0.61529461,0.0,0.61529461,0.0,0.0238741270790444
2018-10-14 22:00:00,0.8308979944674965,0.0217238466115769,0.45813001,0.0,0.45813001,0.0,0.0217238466115769
2018-10-14 23:00:00,0.6152946058091285,0.0167694151972291,0.41465456,0.0,0.41465456,0.0,0.0167694151972291
2018-10-15 00:00:00,0.4581300138312586,0.0125009919821772,0.40306812,0.0,0.40306812,0.0,0.0125009919821772
2018-10-15 01:00:00,0.4146545643153527,0.0101648681976134,0.39124481,0.0,0.39124481,0.0,0.0101648681976134
2018-10-15 02:00:00,0.4030681189488243,0.009386216760611,0.38762414,0.0,0.38762414,0.0,0.009386216760611
2018-10-15 03:00:00,0.3912448132780083,0.0106005985424243,0.3987168,0.0,0.3987168,0.0,0.0106005985424243
2018-10-15 04:00:00,0.3876241355463347,0.0141462481726502,0.35340609,0.0,0.35340609,0.0,0.0141462481726502
2018-10-15 05:00:00,0.3987168049792531,0.0202997222827503,0.18622398,0.0,0.18622398,0.0,0.0202997222827503
2018-10-15 06:00:00,0.4340860995850623,0.0305347802013392,0.020736859,0.0,0.020736859,0.0,0.0305347802013392
2018-10-15 07:00:00,0.5153820885200553,0.033702742450064,0.027610949,0.0,0.027610949,0.0,0.033702742450064
2018-10-15 08:00:00,0.5812354771784232,0.0275040465698966,0.0,0.0,0.0,0.097342688,0.0275040465698966
2018-10-15 09:00:00,0.6367876901798064,0.0222124181191476,0.0,0.0,0.0,0.22155111,0.0222124181191476
2018-10-15 10:00:00,0.6823094744121713,0.0219246866089799,0.0,0.0,0.0,0.0,0.0219246866089799
2018-10-15 11:00:00,0.6830169432918395,0.0224068112041678,0.0,0.0,0.0,0.04144,0.0224068112041678
2018-10-15 12:00:00,0.6661483402489624,0.0221318213384304,0.0,0.0,0.0,0.0081520826,0.0221318213384304
2018-10-15 13:00:00,0.6708222683264177,0.0188962875622253,0.21116497,0.0,0.21116497,0.0,0.0188962875622253
2018-10-15 14:00:00,0.6145954356846471,0.0170774835340129,0.24858078,0.0,0.24858078,0.0,0.0170774835340129
2018-10-15 15:00:00,0.6123146611341631,0.0184379100166192,0.69272095,0.0,0.69272095,0.0,0.0184379100166192
2018-10-15 16:00:00,0.6364557399723375,0.0224749776184133,0.77416943,0.0,0.77416943,0.0,0.0224749776184133
2018-10-15 17:00:00,0.6927209543568463,0.0271775471193322,0.84628423,0.0,0.84628423,0.0,0.0271775471193322
2018-10-15 18:00:00,0.7741694329183955,0.028474310342158,0.90650622,0.0,0.90650622,0.0,0.028474310342158
2018-10-15 19:00:00,0.8462842323651453,0.0262899726073978,0.89557089,0.0,0.89557089,0.0,0.0262899726073978
2018-10-15 20:00:00,0.90650622406639,0.0257125865810077,0.81462932,0.0,0.81462932,0.0,0.0257125865810077
2018-10-15 21:00:00,0.8955708852005532,0.0232987643593839,0.60073824,0.0,0.60073824,0.0,0.0232987643593839
2018-10-15 22:00:00,0.8146293222683264,0.0211696715449515,0.46077593,0.0,0.46077593,0.0,0.0211696715449515
2018-10-15 23:00:00,0.600738243430152,0.0165932733765034,0.40879046,0.0,0.40879046,0.0,0.0165932733765034
2018-10-16 00:00:00,0.4607759336099585,0.0108578939855491,0.39762102,0.0,0.39762102,0.0,0.0108578939855491
2018-10-16 01:00:00,0.4087904564315352,0.0079937805279495,0.38745505,0.0,0.38745505,0.0,0.0079937805279495
2018-10-16 02:00:00,0.3976210235131397,0.0082103815659792,0.38904737,0.0,0.38904737,0.0,0.0082103815659792
2018-10-16 03:00:00,0.3874550484094052,0.0090372603346699,0.4013157,0.0,0.4013157,0.0,0.0090372603346699
2018-10-16 04:00:00,0.3890473720608575,0.0138168192506327,0.35176502,0.0,0.35176502,0.0,0.0138168192506327
2018-10-16 05:00:00,0.4013156984785616,0.0215217027053924,0.19119149,0.0,0.19119149,0.0,0.0215217027053924
2018-10-16 06:00:00,0.4314177040110651,0.0333116182366918,0.023966069,0.0,0.023966069,0.0,0.0333116182366918
2018-10-16 07:00:00,0.522716113416321,0.0380789923499055,0.0,0.0,0.0,0.097675363,0.0380789923499055
2018-10-16 08:00:00,0.5867814661134162,0.0306417249319132,0.0,0.0,0.0,0.16104925,0.0306417249319132
2018-10-16 09:00:00,0.6399426002766252,0.0244679243711299,0.0,0.0,0.0,0.20269646,0.0244679243711299
2018-10-16 10:00:00,0.6886186030428767,0.0224552944755105,0.0,0.0,0.0,0.0,0.0224552944755105
2018-10-16 11:00:00,0.6913710235131395,0.0227817109186196,0.0,0.0,0.0,0.026916763,0.0227817109186196
2018-10-16 12:00:00,0.6656400414937758,0.0223417817800144,0.015260537,0.0,0.015260537,0.0,0.0223417817800144
2018-10-16 13:00:00,0.656198478561549,0.0201708324561094,0.23080589,0.0,0.23080589,0.0,0.0201708324561094
2018-10-16 14:00:00,0.622229253112033,0.0171156323771366,0.20561362,0.0,0.20561362,0.0,0.0171156323771366
2018-10-16 15:00:00,0.6188914246196403,0.0180995647104154,0.6977991,0.0,0.6977991,0.0,0.0180995647104154
2018-10-16 16:00:00,0.6237461964038726,0.022069292513876,0.77170124,0.0,0.77170124,0.0,0.022069292513876
2018-10-16 17:00:00,0.697799100968188,0.0278511180348678,0.8458278,0.0,0.8458278,0.0,0.0278511180348678
2018-10-16 18:00:00,0.771701244813278,0.0287545642640365,0.89933679,0.0,0.89933679,0.0,0.0287545642640365
2018-10-16 19:00:00,0.8458278008298755,0.0276064362663462,0.91182918,0.0,0.91182918,0.0,0.0276064362663462
2018-10-16 20:00:00,0.8993367911479946,0.0252214522182461,0.80795194,0.0,0.80795194,0.0,0.0252214522182461
2018-10-16 21:00:00,0.91182918395574,0.0232291626078858,0.57955567,0.0,0.57955567,0.0,0.0232291626078858
2018-10-16 22:00:00,0.8079519363762101,0.0215762939420079,0.45215422,0.0,0.45215422,0.0,0.0215762939420079
2018-10-16 23:00:00,0.5795556708160442,0.0159149606600686,0.40949274,0.0,0.40949274,0.0,0.0159149606600686
2018-10-17 00:00:00,0.4521542185338865,0.0111104752969257,0.3934668,0.0,0.3934668,0.0,0.0111104752969257
2018-10-17 01:00:00,0.4094927385892116,0.0084255611013324,0.38503804,0.0,0.38503804,0.0,0.0084255611013324
2018-10-17 02:00:00,0.393466804979253,0.0075849203882364,0.3858112,0.0,0.3858112,0.0,0.0075849203882364
2018-10-17 03:00:00,0.3850380359612724,0.0085066040471234,0.39915595,0.0,0.39915595,0.0,0.0085066040471234
2018-10-17 04:00:00,0.3858112033195021,0.0125748755349248,0.35266035,0.0,0.35266035,0.0,0.0125748755349248
2018-10-17 05:00:00,0.3991559474412172,0.0189955229753626,0.18005512,0.0,0.18005512,0.0,0.0189955229753626
2018-10-17 06:00:00,0.4294605809128631,0.0299002400831432,0.032032895,0.0,0.032032895,0.0,0.0299002400831432
2018-10-17 07:00:00,0.5056334716459198,0.0349626987836311,0.0,0.0,0.0,0.075895986,0.0349626987836311
2018-10-17 08:00:00,0.5882233748271092,0.0301964833161515,0.0,0.0,0.0,0.16024295,0.0301964833161515
2018-10-17 09:00:00,0.6546234439834024,0.0231559534907141,0.0,0.0,0.0,0.10480086,0.0231559534907141
2018-10-17 10:00:00,0.6820051867219916,0.0223849594914882,0.0,0.0,0.0,0.0,0.0223849594914882
2018-10-17 11:00:00,0.6851964038727524,0.0225824999425321,0.0,0.0,0.0,0.11010528,0.0225824999425321
2018-10-17 12:00:00,0.6620231673582294,0.021778251081417,0.026975785,0.0,0.026975785,0.0,0.021778251081417
2018-10-17 13:00:00,0.6501445366528352,0.0190185506269965,0.22919468,0.0,0.22919468,0.0,0.0190185506269965
2018-10-17 14:00:00,0.6250484094052557,0.0177324746140757,0.22495125,0.0,0.22495125,0.0,0.0177324746140757
2018-10-17 15:00:00,0.6084581604426003,0.018680170734353,0.69050173,0.0,0.69050173,0.0,0.018680170734353
2018-10-17 16:00:00,0.6366407330567081,0.0228728807739906,0.77217911,0.0,0.77217911,0.0,0.0228728807739906
2018-10-17 17:00:00,0.6905017289073305,0.0275985609339987,0.83856916,0.0,0.83856916,0.0,0.0275985609339987
2018-10-17 18:00:00,0.7721791147994467,0.0287648053088678,0.90743257,0.0,0.90743257,0.0,0.0287648053088678
2018-10-17 19:00:00,0.8385691562932227,0.0283203211361381,0.89815111,0.0,0.89815111,0.0,0.0283203211361381
2018-10-17 20:00:00,0.907432572614108,0.026010341241436,0.79297165,0.0,0.79297165,0.0,0.026010341241436
2018-10-17 21:00:00,0.8981511065006914,0.0233571670216674,0.57314869,0.0,0.57314869,0.0,0.0233571670216674
2018-10-17 22:00:00,0.7929716459197788,0.0219302377325714,0.46218914,0.0,0.46218914,0.0,0.0219302377325714
2018-10-17 23:00:00,0.5731486860304287,0.0167309239483513,0.41811895,0.0,0.41811895,0.0,0.0167309239483513
2018-10-18 00:00:00,0.4621891424619641,0.0117964592857131,0.4043399,0.0,0.4043399,0.0,0.0117964592857131
2018-10-18 01:00:00,0.418118948824343,0.0081497861234108,0.3909343,0.0,0.3909343,0.0,0.0081497861234108
2018-10-18 02:00:00,0.4043399031811895,0.0075552452228691,0.3886065,0.0,0.3886065,0.0,0.0075552452228691
2018-10-18 03:00:00,0.3909343015214384,0.0091846469893276,0.39950035,0.0,0.39950035,0.0,0.0091846469893276
2018-10-18 04:00:00,0.3886065006915629,0.0115328137722371,0.37095399,0.0,0.37095399,0.0,0.0115328137722371
2018-10-18 05:00:00,0.3995003457814661,0.0189743284050394,0.47849182,0.0,0.47849182,0.0,0.0189743284050394
2018-10-18 06:00:00,0.4324152835408024,0.0297565576361904,0.35979942,0.0,0.35979942,0.0,0.0297565576361904
2018-10-18 07:00:00,0.5097423928077455,0.0343939489912646,0.37474371,0.0,0.37474371,0.0,0.0343939489912646
2018-10-18 08:00:00,0.5875414937759336,0.0281728307221605,0.18460169,0.0,0.18460169,0.0,0.0281728307221605
2018-10-18 09:00:00,0.6450650069156294,0.0229264205828348,0.085448468,0.0,0.085448468,0.0,0.0229264205828348
2018-10-18 10:00:00,0.6850771092669432,0.0224344665214497,0.11216777,0.0,0.11216777,0.0,0.0224344665214497
2018-10-18 11:00:00,0.6759802904564315,0.0220250426227676,0.0,0.0,0.0,0.0,0.0220250426227676
2018-10-18 12:00:00,0.6718215767634853,0.0227178159296923,0.044141816,0.0,0.044141816,0.0,0.0227178159296923
2018-10-18 13:00:00,0.6621203319502074,0.0192859971902087,0.54391942,0.0,0.54391942,0.0,0.0192859971902087
2018-10-18 14:00:00,0.6263713692946057,0.0175937691558131,0.25038885,0.0,0.25038885,0.0,0.0175937691558131
2018-10-18 15:00:00,0.6109125172890733,0.0181728914214824,0.70580947,0.0,0.70580947,0.0,0.0181728914214824
2018-10-18 16:00:00,0.6496213692946058,0.0218597056058422,0.7731065,0.0,0.7731065,0.0,0.0218597056058422
2018-10-18 17:00:00,0.7058094744121715,0.0279097074639261,0.85420055,0.0,0.85420055,0.0,0.0279097074639261
2018-10-18 18:00:00,0.7731065006915627,0.0296631604140947,0.91100346,0.0,0.91100346,0.0,0.0296631604140947
2018-10-18 19:00:00,0.8542005532503458,0.0282422145790879,0.90865664,0.0,0.90865664,0.0,0.0282422145790879
2018-10-18 20:00:00,0.9110034578146612,0.0259324283684489,0.80573306,0.0,0.80573306,0.0,0.0259324283684489
2018-10-18 21:00:00,0.9086566390041492,0.0232748305430269,0.59798479,0.0,0.59798479,0.0,0.0232748305430269
2018-10-18 22:00:00,0.8057330567081603,0.0213686058295203,0.47499447,0.0,0.47499447,0.0,0.0213686058295203
2018-10-18 23:00:00,0.597984785615491,0.015844103420805,0.41599378,0.0,0.41599378,0.0,0.015844103420805
2018-10-19 00:00:00,0.4749944674965422,0.011473975320812,0.39561134,0.0,0.39561134,0.0,0.011473975320812
2018-10-19 01:00:00,0.4159937759336099,0.0080761654276056,0.38621853,0.0,0.38621853,0.0,0.0080761654276056
2018-10-19 02:00:00,0.3956113416320884,0.006960368833861,0.38968603,0.0,0.38968603,0.0,0.006960368833861
2018-10-19 03:00:00,0.3862185338865836,0.0077896651946953,0.40133714,0.0,0.40133714,0.0,0.0077896651946953
2018-10-19 04:00:00,0.3896860304287691,0.0104500333939467,0.3739796,0.0,0.3739796,0.0,0.0104500333939467
2018-10-19 05:00:00,0.4013371369294606,0.0162301261343031,0.21531385,0.0,0.21531385,0.0,0.0162301261343031
2018-10-19 06:00:00,0.4397790456431536,0.0269111831116865,0.072120675,0.0,0.072120675,0.0,0.0269111831116865
2018-10-19 07:00:00,0.5228547717842323,0.0309367092185119,0.0,0.0,0.0,0.070976707,0.0309367092185119
2018-10-19 08:00:00,0.6123108575380359,0.0263259148356606,0.0,0.0,0.0,0.16437609,0.0263259148356606
2018-10-19 09:00:00,0.6497652143845091,0.0217148333853592,0.0,0.0,0.0,0.21268761,0.0217148333853592
2018-10-19 10:00:00,0.6805525587828491,0.022407969849902,0.0,0.0,0.0,0.0,0.022407969849902
2018-10-19 11:00:00,0.6755625864453664,0.0224480209472159,0.0,0.0,0.0,0.0016805189,0.0224480209472159
2018-10-19 12:00:00,0.6645587828492391,0.0222837111475532,0.034877587,0.0,0.034877587,0.0,0.0222837111475532
2018-10-19 13:00:00,0.6643717150760718,0.0189590135294866,0.35998377,0.0,0.35998377,0.0,0.0189590135294866
2018-10-19 14:00:00,0.6265608575380358,0.0175439439306053,0.31382009,0.0,0.31382009,0.0,0.0175439439306053
2018-10-19 15:00:00,0.6266016597510373,0.0186240058147258,0.714037,0.0,0.714037,0.0,0.0186240058147258
2018-10-19 16:00:00,0.6414062932226832,0.0216382417143733,0.77405533,0.0,0.77405533,0.0,0.0216382417143733
2018-10-19 17:00:00,0.714036998616874,0.0267432036907586,0.82768154,0.0,0.82768154,0.0,0.0267432036907586
2018-10-19 18:00:00,0.7740553250345781,0.0287443923920848,0.90216874,0.0,0.90216874,0.0,0.0287443923920848
2018-10-19 19:00:00,0.8276815352697096,0.0263443459494422,0.89872822,0.0,0.89872822,0.0,0.0263443459494422
2018-10-19 20:00:00,0.9021687413554634,0.0262324657339055,0.83414938,0.0,0.83414938,0.0,0.0262324657339055
2018-10-19 21:00:00,0.8987282157676347,0.0240450670992212,0.61056535,0.0,0.61056535,0.0,0.0240450670992212
2018-10-19 22:00:00,0.8341493775933609,0.0208569824598078,0.4605529,0.0,0.4605529,0.0,0.0208569824598078
2018-10-19 23:00:00,0.6105653526970953,0.0160987460839952,0.41157953,0.0,0.41157953,0.0,0.0160987460839952
2018-10-20 00:00:00,0.4605529045643153,0.0111535319558601,0.39680671,0.0,0.39680671,0.0,0.0111535319558601
2018-10-20 01:00:00,0.4115795297372061,0.0077034757866588,0.38652663,0.0,0.38652663,0.0,0.0077034757866588
2018-10-20 02:00:00,0.3968067081604425,0.0066287021691869,0.38943499,0.0,0.38943499,0.0,0.0066287021691869
2018-10-20 03:00:00,0.3865266251728907,0.0069403121574081,0.39926003,0.0,0.39926003,0.0,0.0069403121574081
2018-10-20 04:00:00,0.3894349930843707,0.0074562484561661,0.4174545,0.0,0.4174545,0.0,0.0074562484561661
2018-10-20 05:00:00,0.3992600276625173,0.0103572760209879,0.44944753,0.0,0.44944753,0.0,0.0103572760209879
2018-10-20 06:00:00,0.4214477869986169,0.0154957211297648,0.49058595,0.0,0.49058595,0.0,0.0154957211297648
2018-10-20 07:00:00,0.4797997925311204,0.0216203155626132,0.3973497,0.0,0.3973497,0.0,0.0216203155626132
2018-10-20 08:00:00,0.5468399031811895,0.0249908678825958,0.59119465,0.0,0.59119465,0.0,0.0249908678825958
2018-10-20 09:00:00,0.6525961272475795,0.024764157228206,0.32722227,0.0,0.32722227,0.0,0.024764157228206
2018-10-20 10:00:00,0.7369640387275241,0.0246476458883774,0.25560896,0.0,0.25560896,0.0,0.0246476458883774
2018-10-20 11:00:00,0.7332524204702627,0.0235751376827144,0.41338283,0.0,0.41338283,0.0,0.0235751376827144
2018-10-20 12:00:00,0.7099453665283538,0.0243857712006208,0.57841557,0.0,0.57841557,0.0,0.0243857712006208
2018-10-20 13:00:00,0.7139477869986167,0.0226624534154689,0.66930083,0.0,0.66930083,0.0,0.0226624534154689
2018-10-20 14:00:00,0.678122406639004,0.0209100415171391,0.38267108,0.0,0.38267108,0.0,0.0209100415171391
2018-10-20 15:00:00,0.6693008298755186,0.0200512256299167,0.74086722,0.0,0.74086722,0.0,0.0200512256299167
2018-10-20 16:00:00,0.708164246196404,0.021935359984309,0.82216286,0.0,0.82216286,0.0,0.021935359984309
2018-10-20 17:00:00,0.7408672199170123,0.0277310097052975,0.8585204,0.0,0.8585204,0.0,0.0277310097052975
2018-10-20 18:00:00,0.8221628630705394,0.0309405413960443,0.92020297,0.0,0.92020297,0.0,0.0309405413960443
2018-10-20 19:00:00,0.8585204011065007,0.0283308008274043,0.91491736,0.0,0.91491736,0.0,0.0283308008274043
2018-10-20 20:00:00,0.9202029737206086,0.0256382706977622,0.82533852,0.0,0.82533852,0.0,0.0256382706977622
2018-10-20 21:00:00,0.9149173582295989,0.0232801568547596,0.61464938,0.0,0.61464938,0.0,0.0232801568547596
2018-10-20 22:00:00,0.825338520055325,0.0210649956848297,0.46911445,0.0,0.46911445,0.0,0.0210649956848297
2018-10-20 23:00:00,0.6146493775933609,0.0166541282173705,0.41857019,0.0,0.41857019,0.0,0.0166541282173705
2018-10-21 00:00:00,0.4691144536652835,0.0107554800785918,0.40640007,0.0,0.40640007,0.0,0.0107554800785918
2018-10-21 01:00:00,0.418570193637621,0.0076673848367044,0.38953216,0.0,0.38953216,0.0,0.0076673848367044
2018-10-21 02:00:00,0.4064000691562932,0.0062471687755777,0.3863603,0.0,0.3863603,0.0,0.0062471687755777
2018-10-21 03:00:00,0.3895321576763486,0.0064754046919637,0.39763174,0.0,0.39763174,0.0,0.0064754046919637
2018-10-21 04:00:00,0.3863603042876902,0.0071126563870415,0.36115811,0.0,0.36115811,0.0,0.0071126563870415
2018-10-21 05:00:00,0.3976317427385892,0.0093590871572144,0.40419949,0.0,0.40419949,0.0,0.0093590871572144
2018-10-21 06:00:00,0.4181611341632089,0.0140447646409242,0.40055396,0.0,0.40055396,0.0,0.0140447646409242
2018-10-21 07:00:00,0.4583838174273859,0.0206960310034517,0.45218063,0.0,0.45218063,0.0,0.0206960310034517
2018-10-21 08:00:00,0.536652489626556,0.0246174588437005,0.18231872,0.0,0.18231872,0.0,0.0246174588437005
2018-10-21 09:00:00,0.6436839557399723,0.0256713007477919,0.23970431,0.0,0.23970431,0.0,0.0256713007477919
2018-10-21 10:00:00,0.7334408713692945,0.0240508292000954,0.2383269,0.0,0.2383269,0.0,0.0240508292000954
2018-10-21 11:00:00,0.7484470954356844,0.0238126981032763,0.39203243,0.0,0.39203243,0.0,0.0238126981032763
2018-10-21 12:00:00,0.728607192254495,0.0247404862687919,0.63868791,0.0,0.63868791,0.0,0.0247404862687919
2018-10-21 13:00:00,0.716173928077455,0.0231403169612708,0.59718936,0.0,0.59718936,0.0,0.0231403169612708
2018-10-21 14:00:00,0.6725356154910095,0.0217450135127479,0.31582547,0.0,0.31582547,0.0,0.0217450135127479
2018-10-21 15:00:00,0.6661715076071922,0.0211714873330421,0.75007538,0.0,0.75007538,0.0,0.0211714873330421
2018-10-21 16:00:00,0.6999073305670817,0.0230718323517792,0.81223271,0.0,0.81223271,0.0,0.0230718323517792
2018-10-21 17:00:00,0.7500753803596126,0.0276850131989779,0.85896888,0.0,0.85896888,0.0,0.0276850131989779
2018-10-21 18:00:00,0.8122327109266942,0.0305151178103007,0.92051141,0.0,0.92051141,0.0,0.0305151178103007
2018-10-21 19:00:00,0.8589688796680497,0.0289728634962616,0.93270989,0.0,0.93270989,0.0,0.0289728634962616
2018-10-21 20:00:00,0.9205114107883818,0.0271120196504453,0.82969537,0.0,0.82969537,0.0,0.0271120196504453
2018-10-21 21:00:00,0.9327098893499308,0.0237897084967266,0.60649343,0.0,0.60649343,0.0,0.0237897084967266
2018-10-21 22:00:00,0.8296953665283541,0.0212914088958372,0.45933679,0.0,0.45933679,0.0,0.0212914088958372
2018-10-21 23:00:00,0.6064934301521439,0.0173060549388649,0.41043534,0.0,0.41043534,0.0,0.0173060549388649
2018-10-22 00:00:00,0.4593367911479946,0.0117822442589462,0.39177317,0.0,0.39177317,0.0,0.0117822442589462
2018-10-22 01:00:00,0.4104353388658368,0.0091564521235848,0.38656432,0.0,0.38656432,0.0,0.0091564521235848
2018-10-22 02:00:00,0.3917731673582296,0.0076717116003258,0.38927006,0.0,0.38927006,0.0,0.0076717116003258
2018-10-22 03:00:00,0.386564315352697,0.0077703313748346,0.40029633,0.0,0.40029633,0.0,0.0077703313748346
2018-10-22 04:00:00,0.3892700553250345,0.0103492208391533,0.39903209,0.0,0.39903209,0.0,0.0103492208391533
2018-10-22 05:00:00,0.4002963347164592,0.0154108598410174,0.35426855,0.0,0.35426855,0.0,0.0154108598410174
2018-10-22 06:00:00,0.4283551175656985,0.0243197353110681,0.51503741,0.0,0.51503741,0.0,0.0243197353110681
2018-10-22 07:00:00,0.514686376210235,0.0288112272283969,0.43733369,0.0,0.43733369,0.0,0.0288112272283969
2018-10-22 08:00:00,0.6046542185338866,0.0268318072322946,0.49164328,0.0,0.49164328,0.0,0.0268318072322946
2018-10-22 09:00:00,0.668478907330567,0.0245646107636526,0.095364004,0.0,0.095364004,0.0,0.0245646107636526
2018-10-22 10:00:00,0.6837911479944673,0.0237705891127926,0.082762767,0.0,0.082762767,0.0,0.0237705891127926
2018-10-22 11:00:00,0.6793599585062239,0.0222032042915792,0.43667543,0.0,0.43667543,0.0,0.0222032042915792
2018-10-22 12:00:00,0.6477323651452281,0.0228214749484828,0.04594034,0.0,0.04594034,0.0,0.0228214749484828
2018-10-22 13:00:00,0.6543319502074688,0.0191546067639684,0.55122211,0.0,0.55122211,0.0,0.0191546067639684
2018-10-22 14:00:00,0.6316120331950206,0.0178098410213137,0.24991043,0.0,0.24991043,0.0,0.0178098410213137
2018-10-22 15:00:00,0.6250819502074689,0.0190736848707168,0.69992116,0.0,0.69992116,0.0,0.0190736848707168
2018-10-22 16:00:00,0.6376939834024896,0.0222037161708887,0.76893257,0.0,0.76893257,0.0,0.0222037161708887
2018-10-22 17:00:00,0.6999211618257261,0.0280968685243796,0.83636549,0.0,0.83636549,0.0,0.0280968685243796
2018-10-22 18:00:00,0.7689325726141079,0.0302145478136705,0.88839799,0.0,0.88839799,0.0,0.0302145478136705
2018-10-22 19:00:00,0.8363654910096818,0.0282866650715472,0.89191598,0.0,0.89191598,0.0,0.0282866650715472
2018-10-22 20:00:00,0.8883979944674966,0.0258121782344755,0.81052835,0.0,0.81052835,0.0,0.0258121782344755
2018-10-22 21:00:00,0.8919159751037344,0.0250245274058309,0.5872787,0.0,0.5872787,0.0,0.0250245274058309
2018-10-22 22:00:00,0.8105283540802212,0.0219169565396795,0.45053216,0.0,0.45053216,0.0,0.0219169565396795
2018-10-22 23:00:00,0.5872786998616875,0.0174339798038348,0.40256086,0.0,0.40256086,0.0,0.0174339798038348
2018-10-23 00:00:00,0.4505321576763485,0.0120486048079481,0.39430844,0.0,0.39430844,0.0,0.0120486048079481
2018-10-23 01:00:00,0.402560857538036,0.0086327096653587,0.38628458,0.0,0.38628458,0.0,0.0086327096653587
2018-10-23 02:00:00,0.3943084370677732,0.0077011584951905,0.38768188,0.0,0.38768188,0.0,0.0077011584951905
2018-10-23 03:00:00,0.3862845781466113,0.0084137809599287,0.40042946,0.0,0.40042946,0.0,0.0084137809599287
2018-10-23 04:00:00,0.3876818810511757,0.0114114983759173,0.37076193,0.0,0.37076193,0.0,0.0114114983759173
2018-10-23 05:00:00,0.4004294605809129,0.0165973476591143,0.20770392,0.0,0.20770392,0.0,0.0165973476591143
2018-10-23 06:00:00,0.4283267634854772,0.026220270555224,0.18292734,0.0,0.18292734,0.0,0.026220270555224
2018-10-23 07:00:00,0.5115705394190871,0.0297157733063521,0.0,0.0,0.0,0.07858717,0.0297157733063521
2018-10-23 08:00:00,0.5925829875518672,0.026765992695957,0.0,0.0,0.0,0.18240873,0.026765992695957
2018-10-23 09:00:00,0.6614543568464731,0.0254112176376177,0.0,0.0,0.0,0.23110747,0.0254112176376177
2018-10-23 10:00:00,0.6828257261410787,0.0240313189893916,0.0,0.0,0.0,0.0,0.0240313189893916
2018-10-23 11:00:00,0.6779011065006914,0.0233668373902416,0.0,0.0,0.0,0.052077103,0.0233668373902416
2018-10-23 12:00:00,0.6579751037344397,0.0225957292557641,0.024463032,0.0,0.024463032,0.0,0.0225957292557641
2018-10-23 13:00:00,0.6513513139695711,0.0200897272547263,0.25405274,0.0,0.25405274,0.0,0.0200897272547263
2018-10-23 14:00:00,0.6235809128630704,0.0178740922505713,0.26223779,0.0,0.26223779,0.0,0.0178740922505713
2018-10-23 15:00:00,0.6224844398340249,0.0186914424550908,0.69835996,0.0,0.69835996,0.0,0.0186914424550908
2018-10-23 16:00:00,0.6522586445366528,0.0224119507491256,0.76900138,0.0,0.76900138,0.0,0.0224119507491256
2018-10-23 17:00:00,0.698359958506224,0.0284705023751335,0.83309544,0.0,0.83309544,0.0,0.0284705023751335
2018-10-23 18:00:00,0.7690013831258643,0.0302374786232727,0.8867092,0.0,0.8867092,0.0,0.0302374786232727
2018-10-23 19:00:00,0.8330954356846473,0.0280031427311058,0.90512656,0.0,0.90512656,0.0,0.0280031427311058
2018-10-23 20:00:00,0.8867091977869987,0.0260433090358745,0.802537,0.0,0.802537,0.0,0.0260433090358745
2018-10-23 21:00:00,0.9051265560165974,0.024202940362433,0.57239627,0.0,0.57239627,0.0,0.024202940362433
2018-10-23 22:00:00,0.8025369986168741,0.0214249782677862,0.44388105,0.0,0.44388105,0.0,0.0214249782677862
2018-10-23 23:00:00,0.572396265560166,0.0164309107934027,0.40772891,0.0,0.40772891,0.0,0.0164309107934027
2018-10-24 00:00:00,0.4438810511756569,0.0115956642506821,0.39978043,0.0,0.39978043,0.0,0.0115956642506821
2018-10-24 01:00:00,0.407728907330567,0.007953407776745,0.39313416,0.0,0.39313416,0.0,0.007953407776745
2018-10-24 02:00:00,0.399780428769018,0.0077347868906296,0.38896438,0.0,0.38896438,0.0,0.0077347868906296
2018-10-24 03:00:00,0.3931341632088519,0.0079746473094396,0.39802144,0.0,0.39802144,0.0,0.0079746473094396
2018-10-24 04:00:00,0.3889643845089904,0.0109249259645681,0.3703368,0.0,0.3703368,0.0,0.0109249259645681
2018-10-24 05:00:00,0.398021438450899,0.016881817668007,0.1949691,0.0,0.1949691,0.0,0.016881817668007
2018-10-24 06:00:00,0.4307627939142462,0.0266717342715097,0.035920742,0.0,0.035920742,0.0,0.0266717342715097
2018-10-24 07:00:00,0.5126047717842324,0.0318382497348464,0.0,0.0,0.0,0.099678587,0.0318382497348464
2018-10-24 08:00:00,0.5959322268326417,0.0271457310533396,0.0,0.0,0.0,0.18890435,0.0271457310533396
2018-10-24 09:00:00,0.6470082987551867,0.022205563086775,0.0,0.0,0.0,0.22855228,0.022205563086775
2018-10-24 10:00:00,0.6735131396957122,0.0227748558862468,0.0,0.0,0.0,0.0,0.0227748558862468
2018-10-24 11:00:00,0.6772261410788379,0.0228276036656196,0.0,0.0,0.0,0.038193857,0.0228276036656196
2018-10-24 12:00:00,0.6633820885200552,0.0221321672028285,0.026316272,0.0,0.026316272,0.0,0.0221321672028285
2018-10-24 13:00:00,0.6531708160442599,0.0200568701368952,0.24172712,0.0,0.24172712,0.0,0.0200568701368952
2018-10-24 14:00:00,0.6250618948824341,0.0171920372813475,0.2369561,0.0,0.2369561,0.0,0.0171920372813475
2018-10-24 15:00:00,0.6101026970954357,0.018525015965311,0.69021508,0.0,0.69021508,0.0,0.018525015965311
2018-10-24 16:00:00,0.6249242738589211,0.0231560122876622,0.78181293,0.0,0.78181293,0.0,0.0231560122876622
2018-10-24 17:00:00,0.6902150760719225,0.0282631739616199,0.84650934,0.0,0.84650934,0.0,0.0282631739616199
2018-10-24 18:00:00,0.7818129322268326,0.0303599146202429,0.89937828,0.0,0.89937828,0.0,0.0303599146202429
2018-10-24 19:00:00,0.846509336099585,0.0283656259136612,0.90167981,0.0,0.90167981,0.0,0.0283656259136612
2018-10-24 20:00:00,0.899378284923928,0.02528133172151,0.8114222,0.0,0.8114222,0.0,0.02528133172151
2018-10-24 21:00:00,0.9016798063623788,0.0240204899750834,0.59632988,0.0,0.59632988,0.0,0.0240204899750834
2018-10-24 22:00:00,0.8114221991701244,0.0223548312437595,0.4590536,0.0,0.4590536,0.0,0.0223548312437595
2018-10-24 23:00:00,0.5963298755186721,0.0173264194346324,0.41819225,0.0,0.41819225,0.0,0.0173264194346324
2018-10-25 00:00:00,0.4590535961272476,0.0120345903825319,0.39414488,0.0,0.39414488,0.0,0.0120345903825319
2018-10-25 01:00:00,0.418192254495159,0.008703221040224,0.3843603,0.0,0.3843603,0.0,0.008703221040224
2018-10-25 02:00:00,0.3941448824343015,0.0078821424174916,0.38547407,0.0,0.38547407,0.0,0.0078821424174916
2018-10-25 03:00:00,0.3843603042876902,0.0083585049118052,0.39728354,0.0,0.39728354,0.0,0.0083585049118052
2018-10-25 04:00:00,0.3854740663900415,0.0108044959811075,0.37719805,0.0,0.37719805,0.0,0.0108044959811075
2018-10-25 05:00:00,0.397283540802213,0.0153436929748829,0.20737881,0.0,0.20737881,0.0,0.0153436929748829
2018-10-25 06:00:00,0.4319180497925312,0.0249106723045803,0.052178086,0.0,0.052178086,0.0,0.0249106723045803
2018-10-25 07:00:00,0.5076939834024896,0.0290740149981652,0.0,0.0,0.0,0.063369856,0.0290740149981652
2018-10-25 08:00:00,0.5867292531120332,0.0266951285394056,0.0,0.0,0.0,0.14497655,0.0266951285394056
2018-10-25 09:00:00,0.6514052558782849,0.0238983099177678,0.0,0.0,0.0,0.17332377,0.0238983099177678
2018-10-25 10:00:00,0.6827074688796679,0.0238773539938796,0.0,0.0,0.0,0.0,0.0238773539938796
2018-10-25 11:00:00,0.6695712309820193,0.0227434168124484,0.0,0.0,0.0,0.0,0.0227434168124484
2018-10-25 12:00:00,0.6522773167358228,0.0229515580072979,0.063742892,0.0,0.063742892,0.0,0.0229515580072979
2018-10-25 13:00:00,0.6602804287690179,0.0199242761025493,0.26979923,0.0,0.26979923,0.0,0.0199242761025493
2018-10-25 14:00:00,0.6332136929460579,0.0179011423051561,0.25723302,0.0,0.25723302,0.0,0.0179011423051561
2018-10-25 15:00:00,0.6173260719225449,0.0191148046890212,0.69379357,0.0,0.69379357,0.0,0.0191148046890212
2018-10-25 16:00:00,0.6350971645919778,0.0227115039044246,0.76962552,0.0,0.76962552,0.0,0.0227115039044246
2018-10-25 17:00:00,0.6937935684647303,0.0274510359335816,0.84085408,0.0,0.84085408,0.0,0.0274510359335816
2018-10-25 18:00:00,0.7696255186721991,0.0300774367902839,0.89294675,0.0,0.89294675,0.0,0.0300774367902839
2018-10-25 19:00:00,0.8408540802213001,0.0274983294313942,0.89626314,0.0,0.89626314,0.0,0.0274983294313942
2018-10-25 20:00:00,0.8929467496542185,0.0266122870987439,0.80403147,0.0,0.80403147,0.0,0.0266122870987439
2018-10-25 21:00:00,0.8962631396957123,0.0244148722310869,0.58435823,0.0,0.58435823,0.0,0.0244148722310869
2018-10-25 22:00:00,0.8040314661134162,0.0224726637855892,0.45401418,0.0,0.45401418,0.0,0.0224726637855892
2018-10-25 23:00:00,0.5843582295988934,0.0167347388326637,0.41050207,0.0,0.41050207,0.0,0.0167347388326637
2018-10-26 00:00:00,0.4540141770401106,0.0113915039550561,0.3960045,0.0,0.3960045,0.0,0.0113915039550561
2018-10-26 01:00:00,0.4105020746887967,0.0088207457627394,0.38793638,0.0,0.38793638,0.0,0.0088207457627394
2018-10-26 02:00:00,0.3960044951590594,0.007899739998073,0.38736618,0.0,0.38736618,0.0,0.007899739998073
2018-10-26 03:00:00,0.3879363762102351,0.0086323499663845,0.40110166,0.0,0.40110166,0.0,0.0086323499663845
2018-10-26 04:00:00,0.3873661825726141,0.0112341391125094,0.37969744,0.0,0.37969744,0.0,0.0112341391125094
2018-10-26 05:00:00,0.4011016597510374,0.0164661993379531,0.20904083,0.0,0.20904083,0.0,0.0164661993379531
2018-10-26 06:00:00,0.4299325726141079,0.0275039255173572,0.044599059,0.0,0.044599059,0.0,0.0275039255173572
2018-10-26 07:00:00,0.5075933609958506,0.0311706138523846,0.0,0.0,0.0,0.070830169,0.0311706138523846
2018-10-26 08:00:00,0.5814253112033195,0.0278053670922708,0.0,0.0,0.0,0.14462112,0.0278053670922708
2018-10-26 09:00:00,0.6493955739972338,0.0233272117061372,0.0,0.0,0.0,0.17004905,0.0233272117061372
2018-10-26 10:00:00,0.6911033886583677,0.0236764033198694,0.0,0.0,0.0,0.0,0.0236764033198694
2018-10-26 11:00:00,0.6769920470262792,0.0230728042307382,0.0,0.0,0.0,0.0,0.0230728042307382
2018-10-26 12:00:00,0.6672192254495158,0.023397148946102,0.051368352,0.0,0.051368352,0.0,0.023397148946102
2018-10-26 13:00:00,0.6586787690179806,0.0196800889201175,0.26227152,0.0,0.26227152,0.0,0.0196800889201175
2018-10-26 14:00:00,0.6245957814661133,0.0174010500544806,0.24939536,0.0,0.24939536,0.0,0.0174010500544806
2018-10-26 15:00:00,0.6073793222683264,0.0185936769656458,0.69650519,0.0,0.69650519,0.0,0.0185936769656458
2018-10-26 16:00:00,0.6246912171507607,0.0227066998479334,0.76949481,0.0,0.76949481,0.0,0.0227066998479334
2018-10-26 17:00:00,0.6965051867219916,0.0274819008724788,0.83371196,0.0,0.83371196,0.0,0.0274819008724788
2018-10-26 18:00:00,0.7694948132780083,0.0302850833990436,0.88637033,0.0,0.88637033,0.0,0.0302850833990436
2018-10-26 19:00:00,0.8337119640387276,0.0281495748000243,0.89218741,0.0,0.89218741,0.0,0.0281495748000243
2018-10-26 20:00:00,0.8863703319502074,0.0257600322591557,0.80820401,0.0,0.80820401,0.0,0.0257600322591557
2018-10-26 21:00:00,0.8921874135546334,0.0238737500868502,0.58366667,0.0,0.58366667,0.0,0.0238737500868502
2018-10-26 22:00:00,0.8082040110650068,0.0216731048457138,0.45162102,0.0,0.45162102,0.0,0.0216731048457138
2018-10-26 23:00:00,0.5836666666666666,0.0172494576887401,0.40657158,0.0,0.40657158,0.0,0.0172494576887401
2018-10-27 00:00:00,0.4516210235131397,0.0121842009452706,0.39724516,0.0,0.39724516,0.0,0.0121842009452706
2018-10-27 01:00:00,0.4065715767634855,0.0095742286474839,0.38616598,0.0,0.38616598,0.0,0.0095742286474839
2018-10-27 02:00:00,0.3972451590594744,0.0087148351667164,0.38655394,0.0,0.38655394,0.0,0.0087148351667164
2018-10-27 03:00:00,0.3861659751037344,0.0093949256261581,0.39845539,0.0,0.39845539,0.0,0.0093949256261581
2018-10-27 04:00:00,0.3865539419087137,0.0114508058647751,0.37124411,0.0,0.37124411,0.0,0.0114508058647751
2018-10-27 05:00:00,0.3984553941908714,0.0152736969379708,0.16637801,0.0,0.16637801,0.0,0.0152736969379708
2018-10-27 06:00:00,0.4188450899031812,0.0214677547765581,0.0,0.0,0.0,0.0019202739,0.0214677547765581
2018-10-27 07:00:00,0.4589142461964038,0.027555493899132,0.0,0.0,0.0,0.054741115,0.027555493899132
2018-10-27 08:00:00,0.526430152143845,0.0299031591786642,0.0,0.0,0.0,0.092914769,0.0299031591786642
2018-10-27 09:00:00,0.6532645228215768,0.0263610823276719,0.0,0.0,0.0,0.0,0.0263610823276719
2018-10-27 10:00:00,0.7132662517289071,0.025337873633331,0.0,0.0,0.0,0.0,0.025337873633331
2018-10-27 11:00:00,0.7421566390041493,0.024847960171895,0.0,0.0,0.0,0.0,0.024847960171895
2018-10-27 12:00:00,0.7093561549100966,0.0253938517861832,0.09826548,0.0,0.09826548,0.0,0.0253938517861832
2018-10-27 13:00:00,0.6938647994467496,0.0247012133663741,0.3297572,0.0,0.3297572,0.0,0.0247012133663741
2018-10-27 14:00:00,0.6628091286307052,0.0209176816616957,0.31484839,0.0,0.31484839,0.0,0.0209176816616957
2018-10-27 15:00:00,0.6712455048409405,0.0212969946058686,0.74309855,0.0,0.74309855,0.0,0.0212969946058686
2018-10-27 16:00:00,0.6856452282157677,0.0233661110750054,0.80506743,0.0,0.80506743,0.0,0.0233661110750054
2018-10-27 17:00:00,0.7430985477178423,0.0296426264447723,0.85178492,0.0,0.85178492,0.0,0.0296426264447723
2018-10-27 18:00:00,0.8050674273858921,0.03090679540671,0.89972234,0.0,0.89972234,0.0,0.03090679540671
2018-10-27 19:00:00,0.8517849239280775,0.0297265988620166,0.91353665,0.0,0.91353665,0.0,0.0297265988620166
2018-10-27 20:00:00,0.899722337482711,0.0275444573661851,0.83984889,0.0,0.83984889,0.0,0.0275444573661851
2018-10-27 21:00:00,0.913536652835408,0.0250012956942025,0.60985788,0.0,0.60985788,0.0,0.0250012956942025
2018-10-27 22:00:00,0.8398488934993084,0.0228741846827719,0.46305118,0.0,0.46305118,0.0,0.0228741846827719
2018-10-27 23:00:00,0.6098578838174273,0.0177033977941171,0.41199274,0.0,0.41199274,0.0,0.0177033977941171
2018-10-28 00:00:00,0.4630511756569848,0.0132392222469598,0.39912483,0.0,0.39912483,0.0,0.0132392222469598
2018-10-28 01:00:00,0.4119927385892116,0.0107639087939763,0.39037344,0.0,0.39037344,0.0,0.0107639087939763
2018-10-28 02:00:00,0.3991248271092669,0.0098690987988309,0.38628838,0.0,0.38628838,0.0,0.0098690987988309
2018-10-28 03:00:00,0.3903734439834025,0.0111283634036018,0.39856466,0.0,0.39856466,0.0,0.0111283634036018
2018-10-28 04:00:00,0.3862883817427386,0.0130214763977719,0.38092016,0.0,0.38092016,0.0,0.0130214763977719
2018-10-28 05:00:00,0.3985646611341633,0.0171250675579199,0.17187085,0.0,0.17187085,0.0,0.0171250675579199
2018-10-28 06:00:00,0.4258858921161826,0.0231885166238066,0.003294525,0.0,0.003294525,0.0,0.0231885166238066
2018-10-28 07:00:00,0.4621663208852006,0.0310352010231932,0.0,0.0,0.0,0.058257097,0.0310352010231932
2018-10-28 08:00:00,0.5274315352697095,0.034292202602596,0.0,0.0,0.0,0.084665088,0.034292202602596
2018-10-28 09:00:00,0.6438229598893499,0.0308306602767291,0.0,0.0,0.0,0.0,0.0308306602767291
2018-10-28 10:00:00,0.7160722683264176,0.0263011371101721,0.0,0.0,0.0,0.0,0.0263011371101721
2018-10-28 11:00:00,0.7214944674965421,0.0244215647071925,0.0,0.0,0.0,0.0,0.0244215647071925
2018-10-28 12:00:00,0.7099813278008297,0.0259725832250823,0.11480954,0.0,0.11480954,0.0,0.0259725832250823
2018-10-28 13:00:00,0.7089381051175657,0.02420546517254,0.31907366,0.0,0.31907366,0.0,0.02420546517254
2018-10-28 14:00:00,0.6744633471645918,0.0215388160758167,0.31134014,0.0,0.31134014,0.0,0.0215388160758167
2018-10-28 15:00:00,0.6556849930843707,0.0207345430041939,0.74164799,0.0,0.74164799,0.0,0.0207345430041939
2018-10-28 16:00:00,0.6798969571230982,0.0241755859471777,0.80901279,0.0,0.80901279,0.0,0.0241755859471777
2018-10-28 17:00:00,0.7416479944674964,0.0284345151844988,0.85279322,0.0,0.85279322,0.0,0.0284345151844988
2018-10-28 18:00:00,0.8090127939142461,0.0306257702072234,0.90300069,0.0,0.90300069,0.0,0.0306257702072234
2018-10-28 19:00:00,0.8527932226832642,0.0288574520052193,0.9261639,0.0,0.9261639,0.0,0.0288574520052193
2018-10-28 20:00:00,0.9030006915629324,0.0259339847582408,0.82273859,0.0,0.82273859,0.0,0.0259339847582408
2018-10-28 21:00:00,0.9261639004149376,0.0246635210642558,0.59901902,0.0,0.59901902,0.0,0.0246635210642558
2018-10-28 22:00:00,0.8227385892116182,0.0225192863064694,0.46062414,0.0,0.46062414,0.0,0.0225192863064694
2018-10-28 23:00:00,0.5990190179806363,0.0174969755453269,0.41271093,0.0,0.41271093,0.0,0.0174969755453269
2018-10-29 00:00:00,0.4606241355463347,0.0129761716202491,0.39883264,0.0,0.39883264,0.0,0.0129761716202491
2018-10-29 01:00:00,0.4127109266943291,0.0106472556497444,0.38546266,0.0,0.38546266,0.0,0.0106472556497444
2018-10-29 02:00:00,0.398832641770401,0.0105782418677233,0.38621646,0.0,0.38621646,0.0,0.0105782418677233
2018-10-29 03:00:00,0.3854626556016597,0.0120009343179414,0.39814039,0.0,0.39814039,0.0,0.0120009343179414
2018-10-29 04:00:00,0.386216459197787,0.015863502954901,0.38596524,0.0,0.38596524,0.0,0.015863502954901
2018-10-29 05:00:00,0.3981403872752421,0.0227649468712378,0.22743135,0.0,0.22743135,0.0,0.0227649468712378
2018-10-29 06:00:00,0.429469225449516,0.034373235172455,0.076388556,0.0,0.076388556,0.0,0.034373235172455
2018-10-29 07:00:00,0.5111967496542185,0.0390459911622474,0.0,0.0,0.0,0.045932977,0.0390459911622474
2018-10-29 08:00:00,0.5952475795297372,0.0353405660146194,0.0,0.0,0.0,0.14481106,0.0353405660146194
2018-10-29 09:00:00,0.6519056016597511,0.0288720405655359,0.0,0.0,0.0,0.12030648,0.0288720405655359
2018-10-29 10:00:00,0.6716908713692945,0.0252397484449116,0.0,0.0,0.0,0.0,0.0252397484449116
2018-10-29 11:00:00,0.6761255186721989,0.024071888883303,0.0,0.0,0.0,0.0,0.024071888883303
2018-10-29 12:00:00,0.6711843015214383,0.0237984069863419,0.051979943,0.0,0.051979943,0.0,0.0237984069863419
2018-10-29 13:00:00,0.6577085062240663,0.0201997640130204,0.28306735,0.0,0.28306735,0.0,0.0201997640130204
2018-10-29 14:00:00,0.6124785615491007,0.0176525903140185,0.27160712,0.0,0.27160712,0.0,0.0176525903140185
2018-10-29 15:00:00,0.6184114799446749,0.0193563356328749,0.69758126,0.0,0.69758126,0.0,0.0193563356328749
2018-10-29 16:00:00,0.636618948824343,0.0225559721431886,0.77401902,0.0,0.77401902,0.0,0.0225559721431886
2018-10-29 17:00:00,0.6975812586445367,0.0282524487066314,0.83794156,0.0,0.83794156,0.0,0.0282524487066314
2018-10-29 18:00:00,0.7740190179806361,0.0292800948412012,0.89968396,0.0,0.89968396,0.0,0.0292800948412012
2018-10-29 19:00:00,0.8379415629322269,0.0279119382892949,0.90113589,0.0,0.90113589,0.0,0.0279119382892949
2018-10-29 20:00:00,0.8996839557399724,0.0264747056997755,0.82534474,0.0,0.82534474,0.0,0.0264747056997755
2018-10-29 21:00:00,0.9011358921161826,0.0253894696842578,0.58582538,0.0,0.58582538,0.0,0.0253894696842578
2018-10-29 22:00:00,0.825344744121715,0.0221585186113289,0.45285477,0.0,0.45285477,0.0,0.0221585186113289
2018-10-29 23:00:00,0.5858253803596126,0.0175539843740855,0.40367358,0.0,0.40367358,0.0,0.0175539843740855
2018-10-30 00:00:00,0.4528547717842323,0.012892534691471,0.39709855,0.0,0.39709855,0.0,0.012892534691471
2018-10-30 01:00:00,0.4036735822959889,0.0099119306459066,0.38633022,0.0,0.38633022,0.0,0.0099119306459066
2018-10-30 02:00:00,0.3970985477178423,0.0092880223993119,0.38860719,0.0,0.38860719,0.0,0.0092880223993119
2018-10-30 03:00:00,0.3863302213001383,0.0100269997311947,0.40112448,0.0,0.40112448,0.0,0.0100269997311947
2018-10-30 04:00:00,0.3886071922544952,0.0126624691524186,0.38971428,0.0,0.38971428,0.0,0.0126624691524186
2018-10-30 05:00:00,0.4011244813278008,0.0191446458692996,0.23121798,0.0,0.23121798,0.0,0.0191446458692996
2018-10-30 06:00:00,0.4307251037344399,0.0289680836502779,0.073051834,0.0,0.073051834,0.0,0.0289680836502779
2018-10-30 07:00:00,0.5121697786998616,0.0327392922064477,0.0,0.0,0.0,0.05759399,0.0327392922064477
2018-10-30 08:00:00,0.5877641770401106,0.0284766725959977,0.0,0.0,0.0,0.13669328,0.0284766725959977
2018-10-30 09:00:00,0.6370778008298755,0.0256144717685199,0.0,0.0,0.0,0.12721726,0.0256144717685199
2018-10-30 10:00:00,0.6761839557399721,0.025259154896296,0.0,0.0,0.0,0.0,0.025259154896296
2018-10-30 11:00:00,0.6726431535269709,0.0236485992808964,0.0,0.0,0.0,0.0,0.0236485992808964
2018-10-30 12:00:00,0.6603803596127246,0.0230600833381716,0.073193083,0.0,0.073193083,0.0,0.0230600833381716
2018-10-30 13:00:00,0.6543056708160442,0.0205088180633386,0.29487993,0.0,0.29487993,0.0,0.0205088180633386
2018-10-30 14:00:00,0.628341977869986,0.018587226594619,0.28811885,0.0,0.28811885,0.0,0.018587226594619
2018-10-30 15:00:00,0.6240380359612724,0.019119470399753,0.69858575,0.0,0.69858575,0.0,0.019119470399753
2018-10-30 16:00:00,0.6482652143845089,0.0226181378101248,0.77159474,0.0,0.77159474,0.0,0.0226181378101248
2018-10-30 17:00:00,0.698585753803596,0.0289382908910154,0.83237898,0.0,0.83237898,0.0,0.0289382908910154
2018-10-30 18:00:00,0.7715947441217149,0.0303436970386104,0.89600173,0.0,0.89600173,0.0,0.0303436970386104
2018-10-30 19:00:00,0.8323789764868603,0.0297841818256762,0.90112414,0.0,0.90112414,0.0,0.0297841818256762
2018-10-30 20:00:00,0.8960017289073305,0.026994861544192,0.81619882,0.0,0.81619882,0.0,0.026994861544192
2018-10-30 21:00:00,0.9011241355463346,0.0250414782199878,0.5900612,0.0,0.5900612,0.0,0.0250414782199878
2018-10-30 22:00:00,0.8161988243430153,0.0227058075177858,0.44713451,0.0,0.44713451,0.0,0.0227058075177858
2018-10-30 23:00:00,0.5900612033195021,0.0179814969807945,0.41030083,0.0,0.41030083,0.0,0.0179814969807945
2018-10-31 00:00:00,0.4471345089903182,0.0133898461923849,0.39764004,0.0,0.39764004,0.0,0.0133898461923849
2018-10-31 01:00:00,0.4103008298755186,0.0101592375252107,0.38664142,0.0,0.38664142,0.0,0.0101592375252107
2018-10-31 02:00:00,0.3976400414937758,0.0099259381540347,0.38592911,0.0,0.38592911,0.0,0.0099259381540347
2018-10-31 03:00:00,0.3866414246196404,0.0119276456519584,0.39803354,0.0,0.39803354,0.0,0.0119276456519584
2018-10-31 04:00:00,0.3859291147994467,0.0153121259312572,0.3876819,0.0,0.3876819,0.0,0.0153121259312572
2018-10-31 05:00:00,0.398033540802213,0.0217219996956902,0.24157569,0.0,0.24157569,0.0,0.0217219996956902
2018-10-31 06:00:00,0.4249792531120333,0.0347103146149612,0.23905388,0.0,0.23905388,0.0,0.0347103146149612
2018-10-31 07:00:00,0.5155449515905947,0.0414518930891521,0.0,0.0,0.0,0.046282211,0.0414518930891521
2018-10-31 08:00:00,0.6025134854771784,0.0353367891753909,0.0,0.0,0.0,0.14078647,0.0353367891753909
2018-10-31 09:00:00,0.645643153526971,0.0264218991234551,0.0,0.0,0.0,0.11359781,0.0264218991234551
2018-10-31 10:00:00,0.6738430152143844,0.0240419058986212,0.0,0.0,0.0,0.0,0.0240419058986212
2018-10-31 11:00:00,0.6719059474412171,0.023658574010141,0.0,0.0,0.0,0.0,0.023658574010141
2018-10-31 12:00:00,0.6650587828492391,0.0230615947655918,0.079082853,0.0,0.079082853,0.0,0.0230615947655918
2018-10-31 13:00:00,0.6552780082987552,0.0205099870850048,0.42012534,0.0,0.42012534,0.0,0.0205099870850048
2018-10-31 14:00:00,0.6247271784232364,0.0182349706223189,0.33676881,0.0,0.33676881,0.0,0.0182349706223189
2018-10-31 15:00:00,0.6236649377593361,0.0190737886300361,0.70455048,0.0,0.70455048,0.0,0.0190737886300361
2018-10-31 16:00:00,0.6480916320885199,0.0230692210755725,0.77694329,0.0,0.77694329,0.0,0.0230692210755725
2018-10-31 17:00:00,0.7045504840940525,0.0281293071462886,0.84284474,0.0,0.84284474,0.0,0.0281293071462886
2018-10-31 18:00:00,0.7769432918395573,0.0300858655056686,0.89076245,0.0,0.89076245,0.0,0.0300858655056686
2018-10-31 19:00:00,0.8428447441217151,0.0281040659625064,0.9087417,0.0,0.9087417,0.0,0.0281040659625064
2018-10-31 20:00:00,0.8907624481327802,0.0266334782104228,0.80538762,0.0,0.80538762,0.0,0.0266334782104228
2018-10-31 21:00:00,0.9087417012448132,0.0251135425260011,0.58962275,0.0,0.58962275,0.0,0.0251135425260011
2018-10-31 22:00:00,0.805387621023513,0.0219772026592057,0.45490318,0.0,0.45490318,0.0,0.0219772026592057
2018-10-31 23:00:00,0.5896227524204702,0.0170975159999576,0.40781017,0.0,0.40781017,0.0,0.0170975159999576
2018-11-01 00:00:00,0.4549031811894883,0.0125065984440723,0.39605325,0.0,0.39605325,0.0,0.0125065984440723
2018-11-01 01:00:00,0.4078101659751038,0.0099597291057408,0.38585477,0.0,0.38585477,0.0,0.0099597291057408
2018-11-01 02:00:00,0.3960532503457816,0.0095352428125164,0.38759682,0.0,0.38759682,0.0,0.0095352428125164
2018-11-01 03:00:00,0.3858547717842324,0.0115164543862014,0.39920159,0.0,0.39920159,0.0,0.0115164543862014
2018-11-01 04:00:00,0.3875968188105118,0.0155755189637225,0.40763888,0.0,0.40763888,0.0,0.0155755189637225
2018-11-01 05:00:00,0.3992015905947442,0.0228964306808651,0.24658401,0.0,0.24658401,0.0,0.0228964306808651
2018-11-01 06:00:00,0.4317970262793915,0.0359215559480389,0.094965571,0.0,0.094965571,0.0,0.0359215559480389
2018-11-01 07:00:00,0.5130390733056708,0.0425438769190793,0.0,0.0,0.0,0.0,0.0425438769190793
2018-11-01 08:00:00,0.5969488243430152,0.0365486599816732,0.0,0.0,0.0,0.0,0.0365486599816732
2018-11-01 09:00:00,0.6574560857538034,0.0271714737404991,0.083003759,0.0,0.083003759,0.0,0.0271714737404991
2018-11-01 10:00:00,0.6986033886583679,0.0254983166690217,0.30615521,0.0,0.30615521,0.0,0.0254983166690217
2018-11-01 11:00:00,0.6847614107883817,0.0232516022900425,0.061389638,0.0,0.061389638,0.0,0.0232516022900425
2018-11-01 12:00:00,0.6614132088520055,0.0232789843744496,0.18528233,0.0,0.18528233,0.0,0.0232789843744496
2018-11-01 13:00:00,0.6559291147994467,0.0199861512433913,0.30180316,0.0,0.30180316,0.0,0.0199861512433913
2018-11-01 14:00:00,0.6321639004149378,0.0183511118872414,0.31675867,0.0,0.31675867,0.0,0.0183511118872414
2018-11-01 15:00:00,0.6209194329183956,0.0196949334200893,0.75216494,0.0,0.75216494,0.0,0.0196949334200893
2018-11-01 16:00:00,0.6682977178423237,0.0236544305546503,0.86822441,0.0,0.86822441,0.0,0.0236544305546503
2018-11-01 17:00:00,0.7521649377593361,0.0285075409935392,0.92620851,0.0,0.92620851,0.0,0.0285075409935392
2018-11-01 18:00:00,0.8682244121715075,0.0315642490412881,0.94351521,0.0,0.94351521,0.0,0.0315642490412881
2018-11-01 19:00:00,0.9262085062240664,0.030175772955986,0.8699879,0.0,0.8699879,0.0,0.030175772955986
2018-11-01 20:00:00,0.9435152143845088,0.0275186939271615,0.74456086,0.0,0.74456086,0.0,0.0275186939271615
2018-11-01 21:00:00,0.869987897648686,0.0244101442647632,0.58987898,0.0,0.58987898,0.0,0.0244101442647632
2018-11-01 22:00:00,0.7445608575380359,0.0221424981724035,0.4657334,0.0,0.4657334,0.0,0.0221424981724035
2018-11-01 23:00:00,0.5898789764868603,0.01749638757585,0.4124955,0.0,0.4124955,0.0,0.01749638757585
2018-11-02 00:00:00,0.4657334024896266,0.0121512227749003,0.39689419,0.0,0.39689419,0.0,0.0121512227749003
2018-11-02 01:00:00,0.4124955048409406,0.0094763870678712,0.38823617,0.0,0.38823617,0.0,0.0094763870678712
2018-11-02 02:00:00,0.3968941908713694,0.0081999641303047,0.38628043,0.0,0.38628043,0.0,0.0081999641303047
2018-11-02 03:00:00,0.3882361687413555,0.0095221725969074,0.39980221,0.0,0.39980221,0.0,0.0095221725969074
2018-11-02 04:00:00,0.386280428769018,0.0120323457225877,0.39390561,0.0,0.39390561,0.0,0.0120323457225877
2018-11-02 05:00:00,0.3998022130013832,0.0195884175613687,0.25155023,0.0,0.25155023,0.0,0.0195884175613687
2018-11-02 06:00:00,0.4264104426002766,0.0306067787931169,0.10711709,0.0,0.10711709,0.0,0.0306067787931169
2018-11-02 07:00:00,0.5137299446749654,0.0361749811685475,0.0,0.0,0.0,0.024157139,0.0361749811685475
2018-11-02 08:00:00,0.6049419087136929,0.0310594115310685,0.0,0.0,0.0,0.11355427,0.0310594115310685
2018-11-02 09:00:00,0.6563568464730289,0.024516269296713,0.0,0.0,0.0,0.066184727,0.024516269296713
2018-11-02 10:00:00,0.6933423236514523,0.0235433285340098,0.0,0.0,0.0,0.0,0.0235433285340098
2018-11-02 11:00:00,0.6812392807745504,0.0236852954935478,0.0,0.0,0.0,0.0,0.0236852954935478
2018-11-02 12:00:00,0.6747047026279392,0.0229300244898646,0.095066205,0.0,0.095066205,0.0,0.0229300244898646
2018-11-02 13:00:00,0.670289764868603,0.0209556022343167,0.30582373,0.0,0.30582373,0.0,0.0209556022343167
2018-11-02 14:00:00,0.6404336099585062,0.0181701694686684,0.30516326,0.0,0.30516326,0.0,0.0181701694686684
2018-11-02 15:00:00,0.6242506915629322,0.0191559660110536,0.75045678,0.0,0.75045678,0.0,0.0191559660110536
2018-11-02 16:00:00,0.6548896957123098,0.0232168636698852,0.85704461,0.0,0.85704461,0.0,0.0232168636698852
2018-11-02 17:00:00,0.7504567773167359,0.0291845463425488,0.92467358,0.0,0.92467358,0.0,0.0291845463425488
2018-11-02 18:00:00,0.8570446058091284,0.0308479638725724,0.93920747,0.0,0.93920747,0.0,0.0308479638725724
2018-11-02 19:00:00,0.9246735822959888,0.0284555195294027,0.87205048,0.0,0.87205048,0.0,0.0284555195294027
2018-11-02 20:00:00,0.939207468879668,0.0265050587593634,0.74767877,0.0,0.74767877,0.0,0.0265050587593634
2018-11-02 21:00:00,0.8720504840940526,0.0246724962453896,0.60266598,0.0,0.60266598,0.0,0.0246724962453896
2018-11-02 22:00:00,0.7476787690179806,0.0218162754133574,0.45508783,0.0,0.45508783,0.0,0.0218162754133574
2018-11-02 23:00:00,0.6026659751037343,0.0171178009469134,0.41287137,0.0,0.41287137,0.0,0.0171178009469134
2018-11-03 00:00:00,0.4550878284923929,0.0111169775476125,0.39312137,0.0,0.39312137,0.0,0.0111169775476125
2018-11-03 01:00:00,0.4128713692946058,0.0081389536504585,0.38901072,0.0,0.38901072,0.0,0.0081389536504585
2018-11-03 02:00:00,0.3931213692946058,0.0078001656378252,0.38782711,0.0,0.38782711,0.0,0.0078001656378252
2018-11-03 03:00:00,0.3890107192254495,0.0083650313729997,0.39929357,0.0,0.39929357,0.0,0.0083650313729997
2018-11-03 04:00:00,0.3878271092669433,0.0099829054790656,0.38671795,0.0,0.38671795,0.0,0.0099829054790656
2018-11-03 05:00:00,0.3992935684647303,0.0133231842882719,0.18365017,0.0,0.18365017,0.0,0.0133231842882719
2018-11-03 06:00:00,0.4191182572614109,0.020309617463183,0.01657365,0.0,0.01657365,0.0,0.020309617463183
2018-11-03 07:00:00,0.4565266251728906,0.0280447709700754,0.0,0.0,0.0,0.054825929,0.0280447709700754
2018-11-03 08:00:00,0.5305286998616874,0.0307933034630775,0.0,0.0,0.0,0.061860907,0.0307933034630775
2018-11-03 09:00:00,0.6466466113416319,0.0279410669889127,0.0,0.0,0.0,0.0,0.0279410669889127
2018-11-03 10:00:00,0.7355750345781465,0.0247561608433193,0.0,0.0,0.0,0.0,0.0247561608433193
2018-11-03 11:00:00,0.7283571922544952,0.0251357366444348,0.0,0.0,0.0,0.0,0.0251357366444348
2018-11-03 12:00:00,0.7150452973720608,0.0256922774235442,0.13070441,0.0,0.13070441,0.0,0.0256922774235442
2018-11-03 13:00:00,0.7193775933609958,0.0244194964380911,0.34969014,0.0,0.34969014,0.0,0.0244194964380911
2018-11-03 14:00:00,0.6842053941908715,0.0219109004540668,0.37760367,0.0,0.37760367,0.0,0.0219109004540668
2018-11-03 15:00:00,0.6734419087136929,0.0208337230790276,0.81951763,0.0,0.81951763,0.0,0.0208337230790276
2018-11-03 16:00:00,0.7283979944674965,0.0230092758580729,0.89463693,0.0,0.89463693,0.0,0.0230092758580729
2018-11-03 17:00:00,0.8195176348547718,0.0289311799189881,0.9464917,0.0,0.9464917,0.0,0.0289311799189881
2018-11-03 18:00:00,0.8946369294605808,0.0312505085283738,0.94314281,0.0,0.94314281,0.0,0.0312505085283738
2018-11-03 19:00:00,0.9464917012448132,0.0294785622088325,0.87503734,0.0,0.87503734,0.0,0.0294785622088325
2018-11-03 20:00:00,0.9431428077455049,0.0275196035505287,0.76209544,0.0,0.76209544,0.0,0.0275196035505287
2018-11-03 21:00:00,0.8750373443983404,0.0256280296529307,0.61398064,0.0,0.61398064,0.0,0.0256280296529307
2018-11-03 22:00:00,0.7620954356846472,0.0221360789291725,0.47609544,0.0,0.47609544,0.0,0.0221360789291725
2018-11-03 23:00:00,0.6139806362378976,0.0,0.5235816,0.0,0.5235816,0.0,0.0
2018-11-04 00:00:00,0.4760954356846473,0.0172044434373118,0.69060581,0.0,0.69060581,0.0,0.0172044434373118
2018-11-04 01:00:00,0.5235816044260027,0.0124406040582481,0.38575346,0.0,0.38575346,0.0,0.0124406040582481
2018-11-04 02:00:00,0.6906058091286308,0.016436413495978,0.39636445,0.0,0.39636445,0.0,0.016436413495978
2018-11-04 03:00:00,0.3857534578146612,0.00760718367955,0.41715802,0.0,0.41715802,0.0,0.00760718367955
2018-11-04 04:00:00,0.3963644536652835,0.0088200505752991,0.43155724,0.0,0.43155724,0.0,0.0088200505752991
2018-11-04 05:00:00,0.4171580221300139,0.011817062427915,0.27286056,0.0,0.27286056,0.0,0.011817062427915
2018-11-04 06:00:00,0.461167704011065,0.0175426019767401,0.15068704,0.0,0.15068704,0.0,0.0175426019767401
2018-11-04 07:00:00,0.5422721300138312,0.0258525579029675,0.059880188,0.0,0.059880188,0.0,0.0258525579029675
2018-11-04 08:00:00,0.6574965421853387,0.0319019337464906,0.0,0.0,0.0,0.0,0.0319019337464906
2018-11-04 09:00:00,0.7482095435684647,0.0310865618863288,0.0,0.0,0.0,0.0,0.0310865618863288
2018-11-04 10:00:00,0.7636479944674965,0.0275136166377954,0.0,0.0,0.0,0.0,0.0275136166377954
2018-11-04 11:00:00,0.7368399031811894,0.026095717868137,0.0,0.0,0.0,0.0,0.026095717868137
2018-11-04 12:00:00,0.7202852697095435,0.0257844053232984,0.17041231,0.0,0.17041231,0.0,0.0257844053232984
2018-11-04 13:00:00,0.6914872060857538,0.0237012813460334,0.44433669,0.0,0.44433669,0.0,0.0237012813460334
2018-11-04 14:00:00,0.7063509681881052,0.0217284466080734,0.46138822,0.0,0.46138822,0.0,0.0217284466080734
2018-11-04 15:00:00,0.7254751037344398,0.0216409775017633,0.88784094,0.0,0.88784094,0.0,0.0216409775017633
2018-11-04 16:00:00,0.8051680497925312,0.0244359734180224,0.94391425,0.0,0.94391425,0.0,0.0244359734180224
2018-11-04 17:00:00,0.8878409405255878,0.0280406275145848,0.96652248,0.0,0.96652248,0.0,0.0280406275145848
2018-11-04 18:00:00,0.9439142461964038,0.0315757905362568,0.87750277,0.0,0.87750277,0.0,0.0315757905362568
2018-11-04 19:00:00,0.9665224757952972,0.0304351920065158,0.74988624,0.0,0.74988624,0.0,0.0304351920065158
2018-11-04 20:00:00,0.8775027662517288,0.0278540544236086,0.59771923,0.0,0.59771923,0.0,0.0278540544236086
2018-11-04 21:00:00,0.7498862378976486,0.0251154136523954,0.466574,0.0,0.466574,0.0,0.0251154136523954
2018-11-04 22:00:00,0.5977192254495157,0.0221138536829427,0.41480463,0.0,0.41480463,0.0,0.0221138536829427
2018-11-04 23:00:00,0.4665739972337483,0.0176933365987729,0.41480463,0.0,0.41480463,0.0,0.0176933365987729
2018-11-05 00:00:00,0.414804633471646,0.0126923933401526,0.39704772,0.0,0.39704772,0.0,0.0126923933401526
2018-11-05 01:00:00,0.414804633471646,0.0120550966827027,0.3849592,0.0,0.3849592,0.0,0.0120550966827027
2018-11-05 02:00:00,0.3970477178423237,0.0104351888939751,0.38623859,0.0,0.38623859,0.0,0.0104351888939751
2018-11-05 03:00:00,0.3849591977869986,0.0092900837511253,0.40600761,0.0,0.40600761,0.0,0.0092900837511253
2018-11-05 04:00:00,0.3862385892116183,0.0098387111528034,0.41126567,0.0,0.41126567,0.0,0.0098387111528034
2018-11-05 05:00:00,0.4060076071922545,0.0134998829506791,0.27201693,0.0,0.27201693,0.0,0.0134998829506791
2018-11-05 06:00:00,0.4365978561549101,0.0204060894197791,0.13532515,0.0,0.13532515,0.0,0.0204060894197791
2018-11-05 07:00:00,0.5239374135546335,0.0303179266822985,0.018323217,0.0,0.018323217,0.0,0.0303179266822985
2018-11-05 08:00:00,0.6189215076071922,0.032693382166228,0.0,0.0,0.0,0.077446809,0.032693382166228
2018-11-05 09:00:00,0.6799187413554633,0.0285724666583729,0.0,0.0,0.0,0.0,0.0285724666583729
2018-11-05 10:00:00,0.6880165975103735,0.0244580015215448,0.0,0.0,0.0,0.0,0.0244580015215448
2018-11-05 11:00:00,0.6808540802213002,0.0237197262943904,0.0,0.0,0.0,0.0,0.0237197262943904
2018-11-05 12:00:00,0.6795556708160443,0.0238814109832708,0.11119913,0.0,0.11119913,0.0,0.0238814109832708
2018-11-05 13:00:00,0.6577219917012449,0.0238334810949654,0.3238347,0.0,0.3238347,0.0,0.0238334810949654
2018-11-05 14:00:00,0.6321459197786998,0.0204246381274559,0.31456214,0.0,0.31456214,0.0,0.0204246381274559
2018-11-05 15:00:00,0.623695020746888,0.0182914018575327,0.75269433,0.0,0.75269433,0.0,0.0182914018575327
2018-11-05 16:00:00,0.6537876901798063,0.0203827677834071,0.86135823,0.0,0.86135823,0.0,0.0203827677834071
2018-11-05 17:00:00,0.7526943291839558,0.0238993717214706,0.94119122,0.0,0.94119122,0.0,0.0238993717214706
2018-11-05 18:00:00,0.8613582295988934,0.0287924744607254,0.9333444,0.0,0.9333444,0.0,0.0287924744607254
2018-11-05 19:00:00,0.9411912171507608,0.031844973338748,0.87496715,0.0,0.87496715,0.0,0.031844973338748
2018-11-05 20:00:00,0.933344398340249,0.0300243881088846,0.73979876,0.0,0.73979876,0.0,0.0300243881088846
2018-11-05 21:00:00,0.8749671507607193,0.0280031842348334,0.58126591,0.0,0.58126591,0.0,0.0280031842348334
2018-11-05 22:00:00,0.7397987551867219,0.0261865314831779,0.45296404,0.0,0.45296404,0.0,0.0261865314831779
2018-11-05 23:00:00,0.5812659059474411,0.023711830210179,0.40995885,0.0,0.40995885,0.0,0.023711830210179
2018-11-06 00:00:00,0.4529640387275242,0.0182433716685515,0.39626072,0.0,0.39626072,0.0,0.0182433716685515
2018-11-06 01:00:00,0.4099588520055325,0.012938842475749,0.38787517,0.0,0.38787517,0.0,0.012938842475749
2018-11-06 02:00:00,0.3962607192254495,0.0095603594851151,0.38694882,0.0,0.38694882,0.0,0.0095603594851151
2018-11-06 03:00:00,0.387875172890733,0.0080072035252442,0.39891217,0.0,0.39891217,0.0,0.0080072035252442
2018-11-06 04:00:00,0.3869488243430152,0.0086597147575719,0.40535055,0.0,0.40535055,0.0,0.0086597147575719
2018-11-06 05:00:00,0.3989121715076072,0.0114804706542104,0.2719215,0.0,0.2719215,0.0,0.0114804706542104
2018-11-06 06:00:00,0.4278727524204703,0.0163333113188685,0.12732985,0.0,0.12732985,0.0,0.0163333113188685
2018-11-06 07:00:00,0.5158568464730291,0.0256985341105078,0.010233823,0.0,0.010233823,0.0,0.0256985341105078
2018-11-06 08:00:00,0.6016026970954356,0.0285236133121243,0.0,0.0,0.0,0.0097740286,0.0285236133121243
2018-11-06 09:00:00,0.6637603734439832,0.0244817935334984,0.0,0.0,0.0,0.0,0.0244817935334984
2018-11-06 10:00:00,0.7017544951590594,0.024179431959286,0.0,0.0,0.0,0.0,0.024179431959286
2018-11-06 11:00:00,0.6990833333333334,0.0236581382209994,0.0,0.0,0.0,0.0,0.0236581382209994
2018-11-06 12:00:00,0.682673582295989,0.0242935810452747,0.13156691,0.0,0.13156691,0.0,0.0242935810452747
2018-11-06 13:00:00,0.6787786998616874,0.023656626793579,0.34138683,0.0,0.34138683,0.0,0.023656626793579
2018-11-06 14:00:00,0.6499709543568466,0.0203414300705319,0.32312379,0.0,0.32312379,0.0,0.0203414300705319
2018-11-06 15:00:00,0.6403928077455048,0.0189717136701894,0.74510823,0.0,0.74510823,0.0,0.0189717136701894
2018-11-06 16:00:00,0.6619225449515906,0.0193169036328337,0.86355187,0.0,0.86355187,0.0,0.0193169036328337
2018-11-06 17:00:00,0.7451082295988936,0.024050960628567,0.93577006,0.0,0.93577006,0.0,0.024050960628567
2018-11-06 18:00:00,0.8635518672199168,0.0296924240008284,0.93759232,0.0,0.93759232,0.0,0.0296924240008284
2018-11-06 19:00:00,0.9357700553250344,0.031661070320926,0.86666978,0.0,0.86666978,0.0,0.031661070320926
2018-11-06 20:00:00,0.9375923236514522,0.0297256304417014,0.72235028,0.0,0.72235028,0.0,0.0297256304417014
2018-11-06 21:00:00,0.8666697786998617,0.0271495493962963,0.57898928,0.0,0.57898928,0.0,0.0271495493962963
2018-11-06 22:00:00,0.7223502766251727,0.0258535505337906,0.45397683,0.0,0.45397683,0.0,0.0258535505337906
2018-11-06 23:00:00,0.5789892807745504,0.023729735610075,0.40747925,0.0,0.40747925,0.0,0.023729735610075
2018-11-07 00:00:00,0.4539768326417704,0.0185988130519592,0.3972334,0.0,0.3972334,0.0,0.0185988130519592
2018-11-07 01:00:00,0.4074792531120332,0.0135237475941562,0.38763658,0.0,0.38763658,0.0,0.0135237475941562
2018-11-07 02:00:00,0.3972334024896266,0.0101942217090907,0.38915145,0.0,0.38915145,0.0,0.0101942217090907
2018-11-07 03:00:00,0.3876365836791148,0.0091808736087431,0.40100692,0.0,0.40100692,0.0,0.0091808736087431
2018-11-07 04:00:00,0.3891514522821577,0.0096292072522251,0.4171191,0.0,0.4171191,0.0,0.0096292072522251
2018-11-07 05:00:00,0.4010069156293223,0.0122307819624229,0.26899016,0.0,0.26899016,0.0,0.0122307819624229
2018-11-07 06:00:00,0.4382489626556017,0.0172642641436277,0.12622834,0.0,0.12622834,0.0,0.0172642641436277
2018-11-07 07:00:00,0.5116673582295989,0.0275750041098356,0.0060516266,0.0,0.0060516266,0.0,0.0275750041098356
2018-11-07 08:00:00,0.5993080912863069,0.0315077659264143,0.0,0.0,0.0,0.01048631,0.0315077659264143
2018-11-07 09:00:00,0.6572946058091285,0.028688742810411,0.0,0.0,0.0,0.0,0.028688742810411
2018-11-07 10:00:00,0.6851784232365145,0.0263755740459573,0.0,0.0,0.0,0.0,0.0263755740459573
2018-11-07 11:00:00,0.6905300829875519,0.0243937122472036,0.0,0.0,0.0,0.0,0.0243937122472036
2018-11-07 12:00:00,0.6767901106500691,0.0252936721632384,0.12114644,0.0,0.12114644,0.0,0.0252936721632384
2018-11-07 13:00:00,0.671744121715076,0.0243129978725909,0.34221557,0.0,0.34221557,0.0,0.0243129978725909
2018-11-07 14:00:00,0.6325919778699862,0.0211542944138067,0.33394859,0.0,0.33394859,0.0,0.0211542944138067
2018-11-07 15:00:00,0.6349201244813277,0.0194068975492508,0.74969813,0.0,0.74969813,0.0,0.0194068975492508
2018-11-07 16:00:00,0.6690964730290456,0.01979160943668,0.86210927,0.0,0.86210927,0.0,0.01979160943668
2018-11-07 17:00:00,0.749698132780083,0.0243192130558269,0.92998548,0.0,0.92998548,0.0,0.0243192130558269
2018-11-07 18:00:00,0.8621092669432918,0.0294674772548695,0.94103389,0.0,0.94103389,0.0,0.0294674772548695
2018-11-07 19:00:00,0.9299854771784232,0.0317327265069494,0.86819364,0.0,0.86819364,0.0,0.0317327265069494
2018-11-07 20:00:00,0.9410338865836791,0.0306668277699361,0.74661549,0.0,0.74661549,0.0,0.0306668277699361
2018-11-07 21:00:00,0.8681936376210236,0.0276902807137628,0.5979471,0.0,0.5979471,0.0,0.0276902807137628
2018-11-07 22:00:00,0.7466154910096818,0.0259733095403184,0.46051003,0.0,0.46051003,0.0,0.0259733095403184
2018-11-07 23:00:00,0.5979470954356846,0.0249729486481242,0.42535788,0.0,0.42535788,0.0,0.0249729486481242
2018-11-08 00:00:00,0.4605100276625173,0.0208897289010313,0.41435477,0.0,0.41435477,0.0,0.0208897289010313
2018-11-08 01:00:00,0.4253578838174274,0.0171366886017001,0.39019156,0.0,0.39019156,0.0,0.0171366886017001
2018-11-08 02:00:00,0.4143547717842324,0.0140622273343906,0.38670643,0.0,0.38670643,0.0,0.0140622273343906
2018-11-08 03:00:00,0.3901915629322268,0.0141852478421939,0.39702144,0.0,0.39702144,0.0,0.0141852478421939
2018-11-08 04:00:00,0.3867064315352697,0.0146266607390672,0.40925099,0.0,0.40925099,0.0,0.0146266607390672
2018-11-08 05:00:00,0.3970214384508991,0.0181483488837843,0.27621808,0.0,0.27621808,0.0,0.0181483488837843
2018-11-08 06:00:00,0.4277434301521439,0.0242668664791559,0.1278936,0.0,0.1278936,0.0,0.0242668664791559
2018-11-08 07:00:00,0.513859958506224,0.0337698401433188,0.017651367,0.0,0.017651367,0.0,0.0337698401433188
2018-11-08 08:00:00,0.5950038035961271,0.0349409681234906,0.0,0.0,0.0,0.00088225304,0.0349409681234906
2018-11-08 09:00:00,0.6597289073305669,0.0294278515707651,0.0,0.0,0.0,0.0,0.0294278515707651
2018-11-08 10:00:00,0.6922219917012448,0.0260477914384753,0.0,0.0,0.0,0.0,0.0260477914384753
2018-11-08 11:00:00,0.6766760027662517,0.0254074546329651,0.0,0.0,0.0,0.0,0.0254074546329651
2018-11-08 12:00:00,0.658195020746888,0.0242395501089848,0.14106211,0.0,0.14106211,0.0,0.0242395501089848
2018-11-08 13:00:00,0.6662496542185339,0.0243269465837712,0.33355039,0.0,0.33355039,0.0,0.0243269465837712
2018-11-08 14:00:00,0.6420515214384509,0.0216680275563482,0.35102764,0.0,0.35102764,0.0,0.0216680275563482
2018-11-08 15:00:00,0.6179142461964039,0.0189070819900938,0.74703077,0.0,0.74703077,0.0,0.0189070819900938
2018-11-08 16:00:00,0.6808364453665283,0.0200498629241876,0.84962206,0.0,0.84962206,0.0,0.0200498629241876
2018-11-08 17:00:00,0.7470307745504842,0.0233883086520832,0.92338555,0.0,0.92338555,0.0,0.0233883086520832
2018-11-08 18:00:00,0.849622060857538,0.0292101126388653,0.92433921,0.0,0.92433921,0.0,0.0292101126388653
2018-11-08 19:00:00,0.9233855463347164,0.0322534564862669,0.84546162,0.0,0.84546162,0.0,0.0322534564862669
2018-11-08 20:00:00,0.9243392116182572,0.029325835407866,0.73331812,0.0,0.73331812,0.0,0.029325835407866
2018-11-08 21:00:00,0.8454616182572615,0.0274876283869133,0.58335581,0.0,0.58335581,0.0,0.0274876283869133
2018-11-08 22:00:00,0.7333181189488243,0.0256699760871468,0.45210408,0.0,0.45210408,0.0,0.0256699760871468
2018-11-08 23:00:00,0.5833558091286306,0.0244230242549529,0.4102787,0.0,0.4102787,0.0,0.0244230242549529
2018-11-09 00:00:00,0.4521040802213001,0.0202855176319152,0.39788935,0.0,0.39788935,0.0,0.0202855176319152
2018-11-09 01:00:00,0.4102786998616874,0.0162318001179908,0.38934302,0.0,0.38934302,0.0,0.0162318001179908
2018-11-09 02:00:00,0.3978893499308437,0.014788618660822,0.38850415,0.0,0.38850415,0.0,0.014788618660822
2018-11-09 03:00:00,0.3893430152143845,0.0176003682485311,0.40132434,0.0,0.40132434,0.0,0.0176003682485311
2018-11-09 04:00:00,0.3885041493775934,0.0227056138337229,0.41567715,0.0,0.41567715,0.0,0.0227056138337229
2018-11-09 05:00:00,0.4013243430152144,0.0313662209214423,0.2858109,0.0,0.2858109,0.0,0.0313662209214423
2018-11-09 06:00:00,0.4315833333333334,0.0438618416295158,0.13983339,0.0,0.13983339,0.0,0.0438618416295158
2018-11-09 07:00:00,0.5149107883817426,0.0599493436619253,0.015169656,0.0,0.015169656,0.0,0.0599493436619253
2018-11-09 08:00:00,0.5969571230982019,0.057335757081177,0.0,0.0,0.0,0.0,0.057335757081177
2018-11-09 09:00:00,0.648067427385892,0.037111097748772,0.0,0.0,0.0,0.0,0.037111097748772
2018-11-09 10:00:00,0.6795674273858922,0.0259722131501762,0.0,0.0,0.0,0.0,0.0259722131501762
2018-11-09 11:00:00,0.6903765560165976,0.0238246373423027,0.013990664,0.0,0.013990664,0.0,0.0238246373423027
2018-11-09 12:00:00,0.6733589211618257,0.0240617861842309,0.12542994,0.0,0.12542994,0.0,0.0240617861842309
2018-11-09 13:00:00,0.6789187413554634,0.0230738418239327,0.38765201,0.0,0.38765201,0.0,0.0230738418239327
2018-11-09 14:00:00,0.6241269017980636,0.0202280384275751,0.33397245,0.0,0.33397245,0.0,0.0202280384275751
2018-11-09 15:00:00,0.6389955048409405,0.0181483108387007,0.73210512,0.0,0.73210512,0.0,0.0181483108387007
2018-11-09 16:00:00,0.6620812586445366,0.0196778200496654,0.86290975,0.0,0.86290975,0.0,0.0196778200496654
2018-11-09 17:00:00,0.7321051175656985,0.0228327743383728,0.92673824,0.0,0.92673824,0.0,0.0228327743383728
2018-11-09 18:00:00,0.8629097510373444,0.0290403520162866,0.92116494,0.0,0.92116494,0.0,0.0290403520162866
2018-11-09 19:00:00,0.926738243430152,0.0312086554775452,0.86463174,0.0,0.86463174,0.0,0.0312086554775452
2018-11-09 20:00:00,0.9211649377593362,0.0289954519001092,0.76195678,0.0,0.76195678,0.0,0.0289954519001092
2018-11-09 21:00:00,0.8646317427385893,0.0278248081300951,0.59048409,0.0,0.59048409,0.0,0.0278248081300951
2018-11-09 22:00:00,0.7619567773167358,0.0264399497863982,0.45745505,0.0,0.45745505,0.0,0.0264399497863982
2018-11-09 23:00:00,0.5904840940525586,0.0248915321687829,0.40753216,0.0,0.40753216,0.0,0.0248915321687829
2018-11-10 00:00:00,0.4574550484094053,0.020839990141923,0.39397441,0.0,0.39397441,0.0,0.020839990141923
2018-11-10 01:00:00,0.4075321576763486,0.017197145698509,0.38701487,0.0,0.38701487,0.0,0.017197145698509
2018-11-10 02:00:00,0.3939744121715077,0.0154396910972532,0.38461964,0.0,0.38461964,0.0,0.0154396910972532
2018-11-10 03:00:00,0.3870148686030428,0.0160502766472285,0.39837448,0.0,0.39837448,0.0,0.0160502766472285
2018-11-10 04:00:00,0.3846196403872753,0.0187837847907718,0.4218074,0.0,0.4218074,0.0,0.0187837847907718
2018-11-10 05:00:00,0.3983744813278008,0.0238870381970297,0.24237584,0.0,0.24237584,0.0,0.0238870381970297
2018-11-10 06:00:00,0.4218073997233749,0.0300268091596722,0.29261907,0.0,0.29261907,0.0,0.0300268091596722
2018-11-10 07:00:00,0.4642489626556016,0.0393996063816327,0.18864709,0.0,0.18864709,0.0,0.0393996063816327
2018-11-10 08:00:00,0.5347603734439833,0.0420063033435683,0.27713967,0.0,0.27713967,0.0,0.0420063033435683
2018-11-10 09:00:00,0.6570044951590593,0.0369827889743201,0.0,0.0,0.0,0.0,0.0369827889743201
2018-11-10 10:00:00,0.7426760027662517,0.0290692870318415,0.0,0.0,0.0,0.0,0.0290692870318415
2018-11-10 11:00:00,0.7456545643153528,0.0261225119830672,0.060870622,0.0,0.060870622,0.0,0.0261225119830672
2018-11-10 12:00:00,0.7374730290456432,0.0262099257510735,0.19430812,0.0,0.19430812,0.0,0.0262099257510735
2018-11-10 13:00:00,0.7307901106500692,0.0270931250783705,0.59672617,0.0,0.59672617,0.0,0.0270931250783705
2018-11-10 14:00:00,0.6950677731673582,0.0250764866143756,0.39828739,0.0,0.39828739,0.0,0.0250764866143756
2018-11-10 15:00:00,0.685384163208852,0.023442394926677,0.80738416,0.0,0.80738416,0.0,0.023442394926677
2018-11-10 16:00:00,0.7229557399723374,0.0224125733050423,0.8877749,0.0,0.8877749,0.0,0.0224125733050423
2018-11-10 17:00:00,0.807384163208852,0.0252842162305911,0.95656224,0.0,0.95656224,0.0,0.0252842162305911
2018-11-10 18:00:00,0.8877748962655599,0.0299696273987146,0.94741978,0.0,0.94741978,0.0,0.0299696273987146
2018-11-10 19:00:00,0.9565622406639004,0.0332874630671202,0.88279806,0.0,0.88279806,0.0,0.0332874630671202
2018-11-10 20:00:00,0.9474197786998616,0.0306029431569408,0.75504219,0.0,0.75504219,0.0,0.0306029431569408
2018-11-10 21:00:00,0.8827980636237898,0.0300230323204433,0.6150325,0.0,0.6150325,0.0,0.0300230323204433
2018-11-10 22:00:00,0.7550421853388657,0.028149398409181,0.46412552,0.0,0.46412552,0.0,0.028149398409181
2018-11-10 23:00:00,0.6150325034578145,0.0268173777696007,0.41793154,0.0,0.41793154,0.0,0.0268173777696007
2018-11-11 00:00:00,0.4641255186721992,0.0245247844781975,0.39603354,0.0,0.39603354,0.0,0.0245247844781975
2018-11-11 01:00:00,0.4179315352697096,0.0227641721349856,0.38763382,0.0,0.38763382,0.0,0.0227641721349856
2018-11-11 02:00:00,0.3960335408022131,0.0227056553374506,0.38666355,0.0,0.38666355,0.0,0.0227056553374506
2018-11-11 03:00:00,0.3876338174273859,0.0265835526845395,0.39875138,0.0,0.39875138,0.0,0.0265835526845395
2018-11-11 04:00:00,0.3866635546334717,0.0331484290376795,0.4211518,0.0,0.4211518,0.0,0.0331484290376795
2018-11-11 05:00:00,0.3987513831258645,0.0421629384122343,0.42475739,0.0,0.42475739,0.0,0.0421629384122343
2018-11-11 06:00:00,0.4211517980636239,0.0528944950504016,0.39860039,0.0,0.39860039,0.0,0.0528944950504016
2018-11-11 07:00:00,0.4661732365145228,0.0646463827911168,0.48293522,0.0,0.48293522,0.0,0.0646463827911168
2018-11-11 08:00:00,0.5395131396957122,0.0673869915307557,0.20917306,0.0,0.20917306,0.0,0.0673869915307557
2018-11-11 09:00:00,0.6686217150760718,0.0542128471289646,0.36644308,0.0,0.36644308,0.0,0.0542128471289646
2018-11-11 10:00:00,0.7383215767634855,0.0367889112272535,0.45018956,0.0,0.45018956,0.0,0.0367889112272535
2018-11-11 11:00:00,0.7758008298755187,0.0281943884501016,0.62714183,0.0,0.62714183,0.0,0.0281943884501016
2018-11-11 12:00:00,0.7333540802213001,0.0263545420319015,0.68405014,0.0,0.68405014,0.0,0.0263545420319015
2018-11-11 13:00:00,0.7154498616874135,0.0269315510660978,0.66103182,0.0,0.66103182,0.0,0.0269315510660978
2018-11-11 14:00:00,0.6840501383125864,0.0249037169715324,0.41613995,0.0,0.41613995,0.0,0.0249037169715324
2018-11-11 15:00:00,0.6782617565698479,0.0227122163850851,0.79419606,0.0,0.79419606,0.0,0.0227122163850851
2018-11-11 16:00:00,0.7076874135546334,0.0225278637435452,0.89030429,0.0,0.89030429,0.0,0.0225278637435452
2018-11-11 17:00:00,0.7941960580912863,0.0248291347727001,0.93478389,0.0,0.93478389,0.0,0.0248291347727001
2018-11-11 18:00:00,0.8903042876901797,0.0282976739353427,0.9502704,0.0,0.9502704,0.0,0.0282976739353427
2018-11-11 19:00:00,0.9347838865836792,0.032279091955463,0.85308368,0.0,0.85308368,0.0,0.032279091955463
2018-11-11 20:00:00,0.9502704011065006,0.0300521817719257,0.75810339,0.0,0.75810339,0.0,0.0300521817719257
2018-11-11 21:00:00,0.8530836791147995,0.0277586477293592,0.61706743,0.0,0.61706743,0.0,0.0277586477293592
2018-11-11 22:00:00,0.7581033886583678,0.0265204255145761,0.45822649,0.0,0.45822649,0.0,0.0265204255145761
2018-11-11 23:00:00,0.6170674273858919,0.0255745624756095,0.40502386,0.0,0.40502386,0.0,0.0255745624756095
2018-11-12 00:00:00,0.4582264868603043,0.0236242435099736,0.39421473,0.0,0.39421473,0.0,0.0236242435099736
2018-11-12 01:00:00,0.4050238589211618,0.0212881612291379,0.38486618,0.0,0.38486618,0.0,0.0212881612291379
2018-11-12 02:00:00,0.3942147302904564,0.0225303608845004,0.38429426,0.0,0.38429426,0.0,0.0225303608845004
2018-11-12 03:00:00,0.3848661825726141,0.027356846682014,0.39617324,0.0,0.39617324,0.0,0.027356846682014
2018-11-12 04:00:00,0.3842942600276625,0.0340783477278882,0.42736065,0.0,0.42736065,0.0,0.0340783477278882
2018-11-12 05:00:00,0.3961732365145228,0.0479204116209475,0.39233397,0.0,0.39233397,0.0,0.0479204116209475
2018-11-12 06:00:00,0.4273606500691564,0.0617847284293884,0.31595406,0.0,0.31595406,0.0,0.0617847284293884
2018-11-12 07:00:00,0.5062112724757952,0.0751713546242267,0.20017158,0.0,0.20017158,0.0,0.0751713546242267
2018-11-12 08:00:00,0.5972091977869985,0.0727260898701606,0.069048486,0.0,0.069048486,0.0,0.0727260898701606
2018-11-12 09:00:00,0.6627648686030427,0.0484180171065997,0.5739826,0.0,0.5739826,0.0,0.0484180171065997
2018-11-12 10:00:00,0.6940473720608575,0.0298399524598895,0.26250035,0.0,0.26250035,0.0,0.0298399524598895
2018-11-12 11:00:00,0.6811794605809129,0.0261550301537877,0.30399066,0.0,0.30399066,0.0,0.0261550301537877
2018-11-12 12:00:00,0.6849986168741354,0.0248154004974467,0.1664369,0.0,0.1664369,0.0,0.0248154004974467
2018-11-12 13:00:00,0.6699225449515906,0.0241604128760278,0.61521438,0.0,0.61521438,0.0,0.0241604128760278
2018-11-12 14:00:00,0.6310833333333334,0.0214275895439929,0.33809363,0.0,0.33809363,0.0,0.0214275895439929
2018-11-12 15:00:00,0.6152143845089904,0.0186779226157647,0.73850795,0.0,0.73850795,0.0,0.0186779226157647
2018-11-12 16:00:00,0.6574740663900416,0.0198503475874299,0.84498617,0.0,0.84498617,0.0,0.0198503475874299
2018-11-12 17:00:00,0.7385079529737206,0.0230190707378305,0.91627351,0.0,0.91627351,0.0,0.0230190707378305
2018-11-12 18:00:00,0.8449861687413555,0.0298269583344483,0.9173323,0.0,0.9173323,0.0,0.0298269583344483
2018-11-12 19:00:00,0.9162735131396956,0.0321661845226639,0.84891079,0.0,0.84891079,0.0,0.0321661845226639
2018-11-12 20:00:00,0.917332295988935,0.0292848850631166,0.75061134,0.0,0.75061134,0.0,0.0292848850631166
2018-11-12 21:00:00,0.8489107883817427,0.0283535656220951,0.58947614,0.0,0.58947614,0.0,0.0283535656220951
2018-11-12 22:00:00,0.7506113416320884,0.0272413418075839,0.45343776,0.0,0.45343776,0.0,0.0272413418075839
2018-11-12 23:00:00,0.5894761410788381,0.0262332612220214,0.41700311,0.0,0.41700311,0.0,0.0262332612220214
2018-11-13 00:00:00,0.4534377593360996,0.0247383937891826,0.39936929,0.0,0.39936929,0.0,0.0247383937891826
2018-11-13 01:00:00,0.417003112033195,0.0232162791590521,0.38759129,0.0,0.38759129,0.0,0.0232162791590521
2018-11-13 02:00:00,0.3993692946058091,0.0251935271267334,0.38744571,0.0,0.38744571,0.0,0.0251935271267334
2018-11-13 03:00:00,0.387591286307054,0.0318573241564085,0.40048479,0.0,0.40048479,0.0,0.0318573241564085
2018-11-13 04:00:00,0.3874457123098202,0.0405172637258397,0.4304471,0.0,0.4304471,0.0,0.0405172637258397
2018-11-13 05:00:00,0.400484785615491,0.0535546637205059,0.38636531,0.0,0.38636531,0.0,0.0535546637205059
2018-11-13 06:00:00,0.4304470954356847,0.0685718952899088,0.18726313,0.0,0.18726313,0.0,0.0685718952899088
2018-11-13 07:00:00,0.5185902489626556,0.0859815954129893,0.060061209,0.0,0.060061209,0.0,0.0859815954129893
2018-11-13 08:00:00,0.6068696403872752,0.083486384381176,0.0,0.0,0.0,0.0,0.083486384381176
2018-11-13 09:00:00,0.6576815352697094,0.0597548053138579,0.11801937,0.0,0.11801937,0.0,0.0597548053138579
2018-11-13 10:00:00,0.6889889349930843,0.0350240447519434,0.10785946,0.0,0.10785946,0.0,0.0350240447519434
2018-11-13 11:00:00,0.6825612033195021,0.0272862004200334,0.27401517,0.0,0.27401517,0.0,0.0272862004200334
2018-11-13 12:00:00,0.6700082987551866,0.0255623984247244,0.41259948,0.0,0.41259948,0.0,0.0255623984247244
2018-11-13 13:00:00,0.6708862378976487,0.0245539062605276,0.63290871,0.0,0.63290871,0.0,0.0245539062605276
2018-11-13 14:00:00,0.6405529045643154,0.0210147588809884,0.36287837,0.0,0.36287837,0.0,0.0210147588809884
2018-11-13 15:00:00,0.632908713692946,0.0191641837491553,0.73695747,0.0,0.73695747,0.0,0.0191641837491553
2018-11-13 16:00:00,0.6610636237897649,0.0197164185165068,0.85632469,0.0,0.85632469,0.0,0.0197164185165068
2018-11-13 17:00:00,0.7369574688796682,0.0246666684302798,0.93203354,0.0,0.93203354,0.0,0.0246666684302798
2018-11-13 18:00:00,0.8563246887966806,0.029943486967497,0.92828181,0.0,0.92828181,0.0,0.029943486967497
2018-11-13 19:00:00,0.9320335408022128,0.0326858215704831,0.85702524,0.0,0.85702524,0.0,0.0326858215704831
2018-11-13 20:00:00,0.9282818118948823,0.0309626663415983,0.74212241,0.0,0.74212241,0.0,0.0309626663415983
2018-11-13 21:00:00,0.8570252420470263,0.0285852913102592,0.59116701,0.0,0.59116701,0.0,0.0285852913102592
2018-11-13 22:00:00,0.7421224066390041,0.0272320449725597,0.45541701,0.0,0.45541701,0.0,0.0272320449725597
2018-11-13 23:00:00,0.5911670124481326,0.0265640009701079,0.40177386,0.0,0.40177386,0.0,0.0265640009701079
2018-11-14 00:00:00,0.4554170124481328,0.0232455704149372,0.39882019,0.0,0.39882019,0.0,0.0232455704149372
2018-11-14 01:00:00,0.4017738589211618,0.0198813024510703,0.39270574,0.0,0.39270574,0.0,0.0198813024510703
2018-11-14 02:00:00,0.398820193637621,0.0176278817614096,0.38854737,0.0,0.38854737,0.0,0.0176278817614096
2018-11-14 03:00:00,0.3927057399723375,0.0169198454585916,0.39828354,0.0,0.39828354,0.0,0.0169198454585916
2018-11-14 04:00:00,0.3885473720608576,0.0195672817879936,0.43328527,0.0,0.43328527,0.0,0.0195672817879936
2018-11-14 05:00:00,0.398283540802213,0.0259031509471393,0.42600942,0.0,0.42600942,0.0,0.0259031509471393
2018-11-14 06:00:00,0.4332852697095436,0.0353348834625566,0.456305,0.0,0.456305,0.0,0.0353348834625566
2018-11-14 07:00:00,0.522801867219917,0.0496011189122382,0.53273244,0.0,0.53273244,0.0,0.0496011189122382
2018-11-14 08:00:00,0.6058312586445366,0.0509211138466925,0.227649,0.0,0.227649,0.0,0.0509211138466925
2018-11-14 09:00:00,0.6609906639004148,0.0363783217655494,0.14937176,0.0,0.14937176,0.0,0.0363783217655494
2018-11-14 10:00:00,0.6818647994467496,0.0268105261958719,0.0,0.0,0.0,0.0,0.0268105261958719
2018-11-14 11:00:00,0.6826179114799448,0.0250094995977282,0.025242437,0.0,0.025242437,0.0,0.0250094995977282
2018-11-14 12:00:00,0.6727334024896265,0.0247527990413685,0.16087447,0.0,0.16087447,0.0,0.0247527990413685
2018-11-14 13:00:00,0.6707264868603042,0.0241862420292871,0.36363017,0.0,0.36363017,0.0,0.0241862420292871
2018-11-14 14:00:00,0.6401251728907331,0.0211686823727726,0.34548975,0.0,0.34548975,0.0,0.0211686823727726
2018-11-14 15:00:00,0.6235217842323652,0.0181838345710418,0.75146093,0.0,0.75146093,0.0,0.0181838345710418
2018-11-14 16:00:00,0.6607707468879669,0.0202154524221237,0.85816217,0.0,0.85816217,0.0,0.0202154524221237
2018-11-14 17:00:00,0.7514609266943292,0.0239458316860835,0.93039281,0.0,0.93039281,0.0,0.0239458316860835
2018-11-14 18:00:00,0.8581621715076071,0.0302474568111614,0.92486584,0.0,0.92486584,0.0,0.0302474568111614
2018-11-14 19:00:00,0.9303928077455048,0.0321191192953539,0.85539938,0.0,0.85539938,0.0,0.0321191192953539
2018-11-14 20:00:00,0.924865836791148,0.0307016528561931,0.75385097,0.0,0.75385097,0.0,0.0307016528561931
2018-11-14 21:00:00,0.8553993775933609,0.0283610812554686,0.58336203,0.0,0.58336203,0.0,0.0283610812554686
2018-11-14 22:00:00,0.753850968188105,0.0265096518385716,0.45902006,0.0,0.45902006,0.0,0.0265096518385716
2018-11-14 23:00:00,0.5833620331950206,0.0246079337381734,0.40808022,0.0,0.40808022,0.0,0.0246079337381734
2018-11-15 00:00:00,0.4590200553250346,0.0213430706609994,0.39803008,0.0,0.39803008,0.0,0.0213430706609994
2018-11-15 01:00:00,0.4080802213001384,0.0174028139629112,0.38965595,0.0,0.38965595,0.0,0.0174028139629112
2018-11-15 02:00:00,0.3980300829875519,0.0164065100601081,0.38812828,0.0,0.38812828,0.0,0.0164065100601081
2018-11-15 03:00:00,0.3896559474412172,0.0201896440207284,0.40265871,0.0,0.40265871,0.0,0.0201896440207284
2018-11-15 04:00:00,0.3881282849239281,0.0252617661725026,0.42814039,0.0,0.42814039,0.0,0.0252617661725026
2018-11-15 05:00:00,0.4026587136929461,0.0351384705294509,0.31203428,0.0,0.31203428,0.0,0.0351384705294509
2018-11-15 06:00:00,0.4281403872752421,0.0473304707169019,0.5050022,0.0,0.5050022,0.0,0.0473304707169019
2018-11-15 07:00:00,0.5087047026279391,0.0625792412076938,0.33134355,0.0,0.33134355,0.0,0.0625792412076938
2018-11-15 08:00:00,0.5844024896265559,0.0598892877678181,0.0,0.0,0.0,0.0,0.0598892877678181
2018-11-15 09:00:00,0.6432818118948823,0.0382115760083194,0.16367525,0.0,0.16367525,0.0,0.0382115760083194
2018-11-15 10:00:00,0.6798022130013831,0.0266466833131467,0.14501244,0.0,0.14501244,0.0,0.0266466833131467
2018-11-15 11:00:00,0.689182918395574,0.0249055604287747,0.17936366,0.0,0.17936366,0.0,0.0249055604287747
2018-11-15 12:00:00,0.6753191562932227,0.0240615025754244,0.16420383,0.0,0.16420383,0.0,0.0240615025754244
2018-11-15 13:00:00,0.6687396265560166,0.0230671666410471,0.62309002,0.0,0.62309002,0.0,0.0230671666410471
2018-11-15 14:00:00,0.6317831950207469,0.0209590747128747,0.35681303,0.0,0.35681303,0.0,0.0209590747128747
2018-11-15 15:00:00,0.6270480636237897,0.0190120483763099,0.76900795,0.0,0.76900795,0.0,0.0190120483763099
2018-11-15 16:00:00,0.6695774550484095,0.0204833728195617,0.87459405,0.0,0.87459405,0.0,0.0204833728195617
2018-11-15 17:00:00,0.7690079529737206,0.0239939241306562,0.93355014,0.0,0.93355014,0.0,0.0239939241306562
2018-11-15 18:00:00,0.8745940525587829,0.0303312147924785,0.91895816,0.0,0.91895816,0.0,0.0303312147924785
2018-11-15 19:00:00,0.9335501383125864,0.0315802625629258,0.86120055,0.0,0.86120055,0.0,0.0315802625629258
2018-11-15 20:00:00,0.9189581604426004,0.0304045069171056,0.74696646,0.0,0.74696646,0.0,0.0304045069171056
2018-11-15 21:00:00,0.8612005532503458,0.0276544111170233,0.59409474,0.0,0.59409474,0.0,0.0276544111170233
2018-11-15 22:00:00,0.7469664591977869,0.0269506012771515,0.45688105,0.0,0.45688105,0.0,0.0269506012771515
2018-11-15 23:00:00,0.5940947441217149,0.0243047420894052,0.40877835,0.0,0.40877835,0.0,0.0243047420894052
2018-11-16 00:00:00,0.456881051175657,0.0194410032375592,0.39631017,0.0,0.39631017,0.0,0.0194410032375592
2018-11-16 01:00:00,0.4087783540802213,0.0143948693366676,0.3870408,0.0,0.3870408,0.0,0.0143948693366676
2018-11-16 02:00:00,0.3963101659751038,0.0119248303157569,0.38492531,0.0,0.38492531,0.0,0.0119248303157569
2018-11-16 03:00:00,0.3870408022130014,0.0133938616780484,0.39793707,0.0,0.39793707,0.0,0.0133938616780484
2018-11-16 04:00:00,0.3849253112033195,0.0173635203086295,0.43538071,0.0,0.43538071,0.0,0.0173635203086295
2018-11-16 05:00:00,0.3979370677731674,0.0244044236676165,0.29771456,0.0,0.29771456,0.0,0.0244044236676165
2018-11-16 06:00:00,0.435380705394191,0.0361382399935242,0.13732252,0.0,0.13732252,0.0,0.0361382399935242
2018-11-16 07:00:00,0.5099612724757953,0.0511289714327354,0.0035024908,0.0,0.0035024908,0.0,0.0511289714327354
2018-11-16 08:00:00,0.5891490318118948,0.0539480568043307,0.0,0.0,0.0,0.030725113,0.0539480568043307
2018-11-16 09:00:00,0.646137966804979,0.041126272134159,0.0,0.0,0.0,0.0,0.041126272134159
2018-11-16 10:00:00,0.6793468188105117,0.0293262504451436,0.0,0.0,0.0,0.0,0.0293262504451436
2018-11-16 11:00:00,0.6840065698478562,0.0267822483226734,0.0,0.0,0.0,0.0,0.0267822483226734
2018-11-16 12:00:00,0.6649080221300138,0.0244229792925809,0.12062575,0.0,0.12062575,0.0,0.0244229792925809
2018-11-16 13:00:00,0.6531825726141078,0.0244252239525257,0.34781471,0.0,0.34781471,0.0,0.0244252239525257
2018-11-16 14:00:00,0.6196607883817428,0.0218256137521096,0.34816299,0.0,0.34816299,0.0,0.0218256137521096
2018-11-16 15:00:00,0.6233952282157676,0.0190662764553069,0.7493814,0.0,0.7493814,0.0,0.0190662764553069
2018-11-16 16:00:00,0.6650328492392807,0.0203084553588053,0.85504046,0.0,0.85504046,0.0,0.0203084553588053
2018-11-16 17:00:00,0.7493813969571231,0.024214457646894,0.94054149,0.0,0.94054149,0.0,0.024214457646894
2018-11-16 18:00:00,0.8550404564315351,0.0299538421475796,0.95027939,0.0,0.95027939,0.0,0.0299538421475796
2018-11-16 19:00:00,0.9405414937759335,0.0318235055355504,0.8772832,0.0,0.8772832,0.0,0.0318235055355504
2018-11-16 20:00:00,0.9502793914246196,0.0300082777452154,0.76165249,0.0,0.76165249,0.0,0.0300082777452154
2018-11-16 21:00:00,0.877283195020747,0.0285105534724473,0.59419675,0.0,0.59419675,0.0,0.0285105534724473
2018-11-16 22:00:00,0.7616524896265559,0.0267806642637297,0.45504564,0.0,0.45504564,0.0,0.0267806642637297
2018-11-16 23:00:00,0.5941967496542184,0.0260901425340375,0.41095436,0.0,0.41095436,0.0,0.0260901425340375
2018-11-17 00:00:00,0.4550456431535269,0.0220333987066284,0.39780982,0.0,0.39780982,0.0,0.0220333987066284
2018-11-17 01:00:00,0.410954356846473,0.0174223622186986,0.38710512,0.0,0.38710512,0.0,0.0174223622186986
2018-11-17 02:00:00,0.3978098201936377,0.0147156758592375,0.38467739,0.0,0.38467739,0.0,0.0147156758592375
2018-11-17 03:00:00,0.3871051175656985,0.0147168656327673,0.39864419,0.0,0.39864419,0.0,0.0147168656327673
2018-11-17 04:00:00,0.3846773858921162,0.0158570940876021,0.42101141,0.0,0.42101141,0.0,0.0158570940876021
2018-11-17 05:00:00,0.3986441908713694,0.0178040201234914,0.26089995,0.0,0.26089995,0.0,0.0178040201234914
2018-11-17 06:00:00,0.4210114107883818,0.0229039463142388,0.10308231,0.0,0.10308231,0.0,0.0229039463142388
2018-11-17 07:00:00,0.4653634163208852,0.030016699543312,0.03627591,0.0,0.03627591,0.0,0.030016699543312
2018-11-17 08:00:00,0.5398146611341631,0.0364564179466677,0.0034217006,0.0,0.0034217006,0.0,0.0364564179466677
2018-11-17 09:00:00,0.6545795297372059,0.0363643350092851,0.0,0.0,0.0,0.0,0.0363643350092851
2018-11-17 10:00:00,0.7402641770401107,0.0318357076315196,0.0,0.0,0.0,0.0,0.0318357076315196
2018-11-17 11:00:00,0.7564903181189487,0.0280413019501611,0.073340994,0.0,0.073340994,0.0,0.0280413019501611
2018-11-17 12:00:00,0.7365442600276625,0.0261401130222924,0.3757271,0.0,0.3757271,0.0,0.0261401130222924
2018-11-17 13:00:00,0.7211798063623789,0.0274695327615982,0.68364419,0.0,0.68364419,0.0,0.0274695327615982
2018-11-17 14:00:00,0.6794626556016597,0.025322928832684,0.43578594,0.0,0.43578594,0.0,0.025322928832684
2018-11-17 15:00:00,0.6836441908713693,0.0233732462575406,0.81151383,0.0,0.81151383,0.0,0.0233732462575406
2018-11-17 16:00:00,0.725957123098202,0.0225836101672506,0.90763451,0.0,0.90763451,0.0,0.0225836101672506
2018-11-17 17:00:00,0.8115138312586446,0.025570028193349,0.95411653,0.0,0.95411653,0.0,0.025570028193349
2018-11-17 18:00:00,0.907634508990318,0.0310911860933333,0.94928907,0.0,0.94928907,0.0,0.0310911860933333
2018-11-17 19:00:00,0.9541165283540802,0.0324818030792604,0.87156017,0.0,0.87156017,0.0,0.0324818030792604
2018-11-17 20:00:00,0.9492890733056708,0.0320896343554056,0.74674136,0.0,0.74674136,0.0,0.0320896343554056
2018-11-17 21:00:00,0.8715601659751037,0.029517665637695,0.60210131,0.0,0.60210131,0.0,0.029517665637695
2018-11-17 22:00:00,0.7467413554633471,0.0288441431431756,0.4610038,0.0,0.4610038,0.0,0.0288441431431756
2018-11-17 23:00:00,0.6021013139695711,0.0271560308951187,0.41036584,0.0,0.41036584,0.0,0.0271560308951187
2018-11-18 00:00:00,0.4610038035961273,0.0232683352096281,0.39635373,0.0,0.39635373,0.0,0.0232683352096281
2018-11-18 01:00:00,0.4103658367911481,0.0193915342526818,0.38535373,0.0,0.38535373,0.0,0.0193915342526818
2018-11-18 02:00:00,0.396353734439834,0.0170526643047964,0.38769848,0.0,0.38769848,0.0,0.0170526643047964
2018-11-18 03:00:00,0.385353734439834,0.0178360852118505,0.39690941,0.0,0.39690941,0.0,0.0178360852118505
2018-11-18 04:00:00,0.3876984785615491,0.0190924134278803,0.41975726,0.0,0.41975726,0.0,0.0190924134278803
2018-11-18 05:00:00,0.3969094052558783,0.0232563925119577,0.34246341,0.0,0.34246341,0.0,0.0232563925119577
2018-11-18 06:00:00,0.4197572614107884,0.0288172037651981,0.16748199,0.0,0.16748199,0.0,0.0288172037651981
2018-11-18 07:00:00,0.4589650760719225,0.0384226120881819,0.28323698,0.0,0.28323698,0.0,0.0384226120881819
2018-11-18 08:00:00,0.5384024896265559,0.0477884193906545,0.13654414,0.0,0.13654414,0.0,0.0477884193906545
2018-11-18 09:00:00,0.6447285615491009,0.0494542648887537,0.092659956,0.0,0.092659956,0.0,0.0494542648887537
2018-11-18 10:00:00,0.7352897648686031,0.0396097535899915,0.24093316,0.0,0.24093316,0.0,0.0396097535899915
2018-11-18 11:00:00,0.7439702627939143,0.0291185969190959,0.25386948,0.0,0.25386948,0.0,0.0291185969190959
2018-11-18 12:00:00,0.7132721300138313,0.0268999805638278,0.67498859,0.0,0.67498859,0.0,0.0268999805638278
2018-11-18 13:00:00,0.7134052558782848,0.0269408340665458,0.5382751,0.0,0.5382751,0.0,0.0269408340665458
2018-11-18 14:00:00,0.6749885892116183,0.025351884600103,0.42132276,0.0,0.42132276,0.0,0.025351884600103
2018-11-18 15:00:00,0.6713399031811894,0.022580784455117,0.80878043,0.0,0.80878043,0.0,0.022580784455117
2018-11-18 16:00:00,0.7154042185338867,0.0227508425210784,0.89794537,0.0,0.89794537,0.0,0.0227508425210784
2018-11-18 17:00:00,0.808780428769018,0.0245745854928974,0.94303562,0.0,0.94303562,0.0,0.0245745854928974
2018-11-18 18:00:00,0.897945366528354,0.0303915404608161,0.96030083,0.0,0.96030083,0.0,0.0303915404608161
2018-11-18 19:00:00,0.9430356154910096,0.0329385100998232,0.89193638,0.0,0.89193638,0.0,0.0329385100998232
2018-11-18 20:00:00,0.9603008298755188,0.0314019452551348,0.75789765,0.0,0.75789765,0.0,0.0314019452551348
2018-11-18 21:00:00,0.8919363762102351,0.029793115503082,0.61563036,0.0,0.61563036,0.0,0.029793115503082
2018-11-18 22:00:00,0.7578976486860304,0.0283951488986932,0.46714108,0.0,0.46714108,0.0,0.0283951488986932
2018-11-18 23:00:00,0.6156303596127247,0.0273049462704167,0.41331328,0.0,0.41331328,0.0,0.0273049462704167
2018-11-19 00:00:00,0.4671410788381743,0.0243169026816467,0.39616183,0.0,0.39616183,0.0,0.0243169026816467
2018-11-19 01:00:00,0.4133132780082988,0.0201324103801107,0.38747545,0.0,0.38747545,0.0,0.0201324103801107
2018-11-19 02:00:00,0.3961618257261411,0.017932439574551,0.38647026,0.0,0.38647026,0.0,0.017932439574551
2018-11-19 03:00:00,0.3874754495159059,0.0206812971800875,0.40297337,0.0,0.40297337,0.0,0.0206812971800875
2018-11-19 04:00:00,0.3864702627939143,0.0250420903999727,0.43393084,0.0,0.43393084,0.0,0.0250420903999727
2018-11-19 05:00:00,0.4029733748271092,0.0336595301521503,0.33654583,0.0,0.33654583,0.0,0.0336595301521503
2018-11-19 06:00:00,0.4339308437067773,0.0454338471990898,0.1888897,0.0,0.1888897,0.0,0.0454338471990898
2018-11-19 07:00:00,0.5183025587828491,0.0604705855205522,0.06874557,0.0,0.06874557,0.0,0.0604705855205522
2018-11-19 08:00:00,0.5996410788381742,0.0644380375362725,0.0,0.0,0.0,0.0,0.0644380375362725
2018-11-19 09:00:00,0.6619183955739971,0.0545084989338518,0.0,0.0,0.0,0.0,0.0545084989338518
2018-11-19 10:00:00,0.6987192254495159,0.0391506704810129,0.0,0.0,0.0,0.0,0.0391506704810129
2018-11-19 11:00:00,0.6858395573997235,0.0286811649214459,0.029886068,0.0,0.029886068,0.0,0.0286811649214459
2018-11-19 12:00:00,0.672061203319502,0.0259763808161748,0.1561424,0.0,0.1561424,0.0,0.0259763808161748
2018-11-19 13:00:00,0.6683001383125864,0.0245989758502598,0.48858518,0.0,0.48858518,0.0,0.0245989758502598
2018-11-19 14:00:00,0.6273606500691563,0.0214438071256254,0.34660264,0.0,0.34660264,0.0,0.0214438071256254
2018-11-19 15:00:00,0.6163004840940526,0.019507737773196,0.73073409,0.0,0.73073409,0.0,0.019507737773196
2018-11-19 16:00:00,0.6553941908713694,0.0198952892073345,0.86574308,0.0,0.86574308,0.0,0.0198952892073345
2018-11-19 17:00:00,0.7307340940525587,0.0245846432295977,0.92440595,0.0,0.92440595,0.0,0.0245846432295977
2018-11-19 18:00:00,0.8657430843706776,0.030512509992738,0.93614315,0.0,0.93614315,0.0,0.030512509992738
2018-11-19 19:00:00,0.9244059474412172,0.0320863901473501,0.86574481,0.0,0.86574481,0.0,0.0320863901473501
2018-11-19 20:00:00,0.936143153526971,0.0314609531801152,0.73423755,0.0,0.73423755,0.0,0.0314609531801152
2018-11-19 21:00:00,0.8657448132780085,0.0301240593111639,0.58464039,0.0,0.58464039,0.0,0.0301240593111639
2018-11-19 22:00:00,0.7342375518672198,0.0292943755822038,0.45788036,0.0,0.45788036,0.0,0.0292943755822038
2018-11-19 23:00:00,0.584640387275242,0.0297096549651475,0.41013866,0.0,0.41013866,0.0,0.0297096549651475
2018-11-20 00:00:00,0.4578803596127248,0.0263428794843936,0.40197545,0.0,0.40197545,0.0,0.0263428794843936
2018-11-20 01:00:00,0.4101386583679114,0.0241047632943538,0.38572856,0.0,0.38572856,0.0,0.0241047632943538
2018-11-20 02:00:00,0.4019754495159059,0.0238097063762316,0.38395228,0.0,0.38395228,0.0,0.0238097063762316
2018-11-20 03:00:00,0.3857285615491009,0.0268604448044674,0.40749101,0.0,0.40749101,0.0,0.0268604448044674
2018-11-20 04:00:00,0.3839522821576764,0.0316117569750278,0.43440975,0.0,0.43440975,0.0,0.0316117569750278
2018-11-20 05:00:00,0.407491009681881,0.0390693992647189,0.32915439,0.0,0.32915439,0.0,0.0390693992647189
2018-11-20 06:00:00,0.4344097510373444,0.0523702752993063,0.17974109,0.0,0.17974109,0.0,0.0523702752993063
2018-11-20 07:00:00,0.5141168741355463,0.0703983567558978,0.064700487,0.0,0.064700487,0.0,0.0703983567558978
2018-11-20 08:00:00,0.5931303596127246,0.0719880567480848,0.0,0.0,0.0,0.0,0.0719880567480848
2018-11-20 09:00:00,0.65993326417704,0.0526058919619503,0.0,0.0,0.0,0.0,0.0526058919619503
2018-11-20 10:00:00,0.6851569847856155,0.0340700193131788,0.13511166,0.0,0.13511166,0.0,0.0340700193131788
2018-11-20 11:00:00,0.6704349930843707,0.0275856532746567,0.21035596,0.0,0.21035596,0.0,0.0275856532746567
2018-11-20 12:00:00,0.6618195020746888,0.0251066944109163,0.50723648,0.0,0.50723648,0.0,0.0251066944109163
2018-11-20 13:00:00,0.6783288381742738,0.0246628327941033,0.63756466,0.0,0.63756466,0.0,0.0246628327941033
2018-11-20 14:00:00,0.6312344398340249,0.0209554500539814,0.38181214,0.0,0.38181214,0.0,0.0209554500539814
2018-11-20 15:00:00,0.6375646611341632,0.0194171040076424,0.73786515,0.0,0.73786515,0.0,0.0194171040076424
2018-11-20 16:00:00,0.6694128630705394,0.0207243572976661,0.85121715,0.0,0.85121715,0.0,0.0207243572976661
2018-11-20 17:00:00,0.7378651452282158,0.024425507561332,0.92869087,0.0,0.92869087,0.0,0.024425507561332
2018-11-20 18:00:00,0.8512171507607192,0.0302044209040908,0.93575761,0.0,0.93575761,0.0,0.0302044209040908
2018-11-20 19:00:00,0.9286908713692944,0.0322177044834228,0.85460028,0.0,0.85460028,0.0,0.0322177044834228
2018-11-20 20:00:00,0.9357576071922544,0.0307631267943327,0.74151591,0.0,0.74151591,0.0,0.0307631267943327
2018-11-20 21:00:00,0.8546002766251729,0.0297642946227785,0.5767092,0.0,0.5767092,0.0,0.0297642946227785
2018-11-20 22:00:00,0.7415159059474411,0.0282023502485488,0.45641355,0.0,0.45641355,0.0,0.0282023502485488
2018-11-20 23:00:00,0.5767091977869985,0.02778805657914,0.41322026,0.0,0.41322026,0.0,0.02778805657914
2018-11-21 00:00:00,0.4564135546334717,0.0256543464749912,0.39657988,0.0,0.39657988,0.0,0.0256543464749912
2018-11-21 01:00:00,0.4132202627939143,0.0224838836266672,0.38563485,0.0,0.38563485,0.0,0.0224838836266672
2018-11-21 02:00:00,0.3965798755186723,0.0221394511070553,0.38543499,0.0,0.38543499,0.0,0.0221394511070553
2018-11-21 03:00:00,0.3856348547717843,0.0242289389892473,0.40053976,0.0,0.40053976,0.0,0.0242289389892473
2018-11-21 04:00:00,0.3854349930843707,0.0276667826865476,0.42958506,0.0,0.42958506,0.0,0.0276667826865476
2018-11-21 05:00:00,0.4005397648686031,0.0339701509681923,0.3244615,0.0,0.3244615,0.0,0.0339701509681923
2018-11-21 06:00:00,0.429585062240664,0.041799490268008,0.18821168,0.0,0.18821168,0.0,0.041799490268008
2018-11-21 07:00:00,0.5048056708160442,0.0557896878828255,0.063622806,0.0,0.063622806,0.0,0.0557896878828255
2018-11-21 08:00:00,0.595503112033195,0.0598948077636137,0.0,0.0,0.0,0.0,0.0598948077636137
2018-11-21 09:00:00,0.6549201244813276,0.0455623669508246,0.0,0.0,0.0,0.0,0.0455623669508246
2018-11-21 10:00:00,0.6956026970954357,0.0321899246549576,0.0,0.0,0.0,0.0,0.0321899246549576
2018-11-21 11:00:00,0.6892838865836791,0.0275105522792272,0.039377048,0.0,0.039377048,0.0,0.0275105522792272
2018-11-21 12:00:00,0.6821275933609958,0.0259518313611889,0.16271121,0.0,0.16271121,0.0,0.0259518313611889
2018-11-21 13:00:00,0.6672541493775934,0.0241511990484592,0.55107277,0.0,0.55107277,0.0,0.0241511990484592
2018-11-21 14:00:00,0.6238409405255878,0.0212897003257102,0.35607647,0.0,0.35607647,0.0,0.0212897003257102
2018-11-21 15:00:00,0.630789764868603,0.0191396723392532,0.752574,0.0,0.752574,0.0,0.0191396723392532
2018-11-21 16:00:00,0.6621179114799447,0.020247265029472,0.8788648,0.0,0.8788648,0.0,0.020247265029472
2018-11-21 17:00:00,0.7525739972337483,0.0256017681691738,0.93101833,0.0,0.93101833,0.0,0.0256017681691738
2018-11-21 18:00:00,0.8788647994467496,0.0305456334261557,0.94393223,0.0,0.94393223,0.0,0.0305456334261557
2018-11-21 19:00:00,0.931018326417704,0.0319851106756192,0.86994813,0.0,0.86994813,0.0,0.0319851106756192
2018-11-21 20:00:00,0.9439322268326418,0.0307975437605998,0.75922441,0.0,0.75922441,0.0,0.0307975437605998
2018-11-21 21:00:00,0.8699481327800831,0.0280491772825087,0.59449654,0.0,0.59449654,0.0,0.0280491772825087
2018-11-21 22:00:00,0.7592244121715076,0.0275632862240239,0.46469813,0.0,0.46469813,0.0,0.0275632862240239
2018-11-21 23:00:00,0.5944965421853387,0.0259861341922045,0.40739523,0.0,0.40739523,0.0,0.0259861341922045
2018-11-22 00:00:00,0.464698132780083,0.0214138206822994,0.39753458,0.0,0.39753458,0.0,0.0214138206822994
2018-11-22 01:00:00,0.4073952282157677,0.0177193940225348,0.38641044,0.0,0.38641044,0.0,0.0177193940225348
2018-11-22 02:00:00,0.3975345781466114,0.0168186801221121,0.38632296,0.0,0.38632296,0.0,0.0168186801221121
2018-11-22 03:00:00,0.3864104426002766,0.0193604272087058,0.40038485,0.0,0.40038485,0.0,0.0193604272087058
2018-11-22 04:00:00,0.38632295988935,0.0228825200147689,0.42665284,0.0,0.42665284,0.0,0.0228825200147689
2018-11-22 05:00:00,0.4003848547717843,0.0276083523551123,0.32969772,0.0,0.32969772,0.0,0.0276083523551123
2018-11-22 06:00:00,0.4266528354080222,0.0360365731536673,0.44685905,0.0,0.44685905,0.0,0.0360365731536673
2018-11-22 07:00:00,0.5016255186721991,0.0495629251067426,0.14878055,0.0,0.14878055,0.0,0.0495629251067426
2018-11-22 08:00:00,0.6072475795297372,0.0535948462462913,0.0,0.0,0.0,0.0,0.0535948462462913
2018-11-22 09:00:00,0.6640484094052558,0.0436409311210841,0.0,0.0,0.0,0.0,0.0436409311210841
2018-11-22 10:00:00,0.6793153526970954,0.0318079658481385,0.11571871,0.0,0.11571871,0.0,0.0318079658481385
2018-11-22 11:00:00,0.6871760027662518,0.0277843143263511,0.036455405,0.0,0.036455405,0.0,0.0277843143263511
2018-11-22 12:00:00,0.6767600276625173,0.025727247772848,0.18389143,0.0,0.18389143,0.0,0.025727247772848
2018-11-22 13:00:00,0.6480975103734439,0.0248187138783815,0.37855206,0.0,0.37855206,0.0,0.0248187138783815
2018-11-22 14:00:00,0.6353316044260028,0.0223164610474206,0.34502992,0.0,0.34502992,0.0,0.0223164610474206
2018-11-22 15:00:00,0.6178053250345782,0.0196083393507065,0.75018257,0.0,0.75018257,0.0,0.0196083393507065
2018-11-22 16:00:00,0.6497503457814662,0.0196641134435638,0.85150934,0.0,0.85150934,0.0,0.0196641134435638
2018-11-22 17:00:00,0.7501825726141079,0.0246498628791702,0.93957988,0.0,0.93957988,0.0,0.0246498628791702
2018-11-22 18:00:00,0.851509336099585,0.0306411162105725,0.92668811,0.0,0.92668811,0.0,0.0306411162105725
2018-11-22 19:00:00,0.9395798755186722,0.0320389652210662,0.85688243,0.0,0.85688243,0.0,0.0320389652210662
2018-11-22 20:00:00,0.9266881051175656,0.0316164399789794,0.73421853,0.0,0.73421853,0.0,0.0316164399789794
2018-11-22 21:00:00,0.8568824343015214,0.0302054723318613,0.58693499,0.0,0.58693499,0.0,0.0302054723318613
2018-11-22 22:00:00,0.7342185338865835,0.0315614267877985,0.45241286,0.0,0.45241286,0.0,0.0315614267877985
2018-11-22 23:00:00,0.5869349930843706,0.0287228484987193,0.40343257,0.0,0.40343257,0.0,0.0287228484987193
2018-11-23 00:00:00,0.4524128630705394,0.0259150798102339,0.39369433,0.0,0.39369433,0.0,0.0259150798102339
2018-11-23 01:00:00,0.4034325726141078,0.0218586887645111,0.38482227,0.0,0.38482227,0.0,0.0218586887645111
2018-11-23 02:00:00,0.3936943291839558,0.020314760466785,0.38648893,0.0,0.38648893,0.0,0.020314760466785
2018-11-23 03:00:00,0.3848222683264177,0.0221798930311389,0.39785685,0.0,0.39785685,0.0,0.0221798930311389
2018-11-23 04:00:00,0.3864889349930844,0.0269497020297162,0.42942254,0.0,0.42942254,0.0,0.0269497020297162
2018-11-23 05:00:00,0.3978568464730291,0.0360976493477491,0.41937058,0.0,0.41937058,0.0,0.0360976493477491
2018-11-23 06:00:00,0.4294225449515906,0.0462644889724331,0.3359665,0.0,0.3359665,0.0,0.0462644889724331
2018-11-23 07:00:00,0.5088457814661134,0.0602348132189289,0.26579968,0.0,0.26579968,0.0,0.0602348132189289
2018-11-23 08:00:00,0.5865982019363761,0.06295127024764,0.080167357,0.0,0.080167357,0.0,0.06295127024764
2018-11-23 09:00:00,0.6602026279391423,0.046770353699915,0.068304171,0.0,0.068304171,0.0,0.046770353699915
2018-11-23 10:00:00,0.696310857538036,0.0319255147811616,0.0,0.0,0.0,0.0,0.0319255147811616
2018-11-23 11:00:00,0.6916417704011065,0.0282455521705307,0.050370797,0.0,0.050370797,0.0,0.0282455521705307
2018-11-23 12:00:00,0.6979311894882434,0.0259787949496743,0.28144586,0.0,0.28144586,0.0,0.0259787949496743
2018-11-23 13:00:00,0.6900999308437068,0.0251238631196439,0.6143973,0.0,0.6143973,0.0,0.0251238631196439
2018-11-23 14:00:00,0.6260912863070539,0.0223991641423232,0.3660606,0.0,0.3660606,0.0,0.0223991641423232
2018-11-23 15:00:00,0.6143973029045643,0.0197842736527936,0.76355429,0.0,0.76355429,0.0,0.0197842736527936
2018-11-23 16:00:00,0.6642458506224067,0.0208893553674814,0.85372856,0.0,0.85372856,0.0,0.0208893553674814
2018-11-23 17:00:00,0.7635542876901799,0.0253128745546278,0.91919848,0.0,0.91919848,0.0,0.0253128745546278
2018-11-23 18:00:00,0.8537285615491009,0.0311528606328242,0.92822718,0.0,0.92822718,0.0,0.0311528606328242
2018-11-23 19:00:00,0.919198478561549,0.0339747232955371,0.8608316,0.0,0.8608316,0.0,0.0339747232955371
2018-11-23 20:00:00,0.9282271784232364,0.03045065560376,0.73466874,0.0,0.73466874,0.0,0.03045065560376
2018-11-23 21:00:00,0.8608316044260028,0.0285521644181973,0.59347994,0.0,0.59347994,0.0,0.0285521644181973
2018-11-23 22:00:00,0.7346687413554632,0.0289174248918705,0.45684509,0.0,0.45684509,0.0,0.0289174248918705
2018-11-23 23:00:00,0.5934799446749653,0.0269825522302593,0.41860304,0.0,0.41860304,0.0,0.0269825522302593
2018-11-24 00:00:00,0.4568450899031812,0.022471864838829,0.3950332,0.0,0.3950332,0.0,0.022471864838829
2018-11-24 01:00:00,0.4186030428769018,0.0191455139889392,0.38629288,0.0,0.38629288,0.0,0.0191455139889392
2018-11-24 02:00:00,0.3950331950207469,0.016852851524656,0.38524481,0.0,0.38524481,0.0,0.016852851524656
2018-11-24 03:00:00,0.3862928769017981,0.016838882061612,0.39656985,0.0,0.39656985,0.0,0.016838882061612
2018-11-24 04:00:00,0.3852448132780083,0.0192102494283544,0.42161722,0.0,0.42161722,0.0,0.0192102494283544
2018-11-24 05:00:00,0.3965698478561549,0.0246130075688955,0.28491522,0.0,0.28491522,0.0,0.0246130075688955
2018-11-24 06:00:00,0.4216172199170125,0.032157423777457,0.16840208,0.0,0.16840208,0.0,0.032157423777457
2018-11-24 07:00:00,0.4620601659751037,0.0426487879669914,0.065469972,0.0,0.065469972,0.0,0.0426487879669914
2018-11-24 08:00:00,0.5427181881051176,0.0480342632635537,0.035386293,0.0,0.035386293,0.0,0.0480342632635537
2018-11-24 09:00:00,0.6589529737206085,0.0434516775810217,0.015112728,0.0,0.015112728,0.0,0.0434516775810217
2018-11-24 10:00:00,0.7421279391424619,0.0343795402804346,0.022674002,0.0,0.022674002,0.0,0.0343795402804346
2018-11-24 11:00:00,0.7682963347164592,0.0292388747222211,0.11561967,0.0,0.11561967,0.0,0.0292388747222211
2018-11-24 12:00:00,0.7494100968188105,0.0269612711938366,0.22505426,0.0,0.22505426,0.0,0.0269612711938366
2018-11-24 13:00:00,0.7496175656984786,0.027187684404844,0.68009993,0.0,0.68009993,0.0,0.027187684404844
2018-11-24 14:00:00,0.6933589211618257,0.0260067753794904,0.41897919,0.0,0.41897919,0.0,0.0260067753794904
2018-11-24 15:00:00,0.6800999308437067,0.0243153877955826,0.79971577,0.0,0.79971577,0.0,0.0243153877955826
2018-11-24 16:00:00,0.7249204702627938,0.022662615971736,0.90075104,0.0,0.90075104,0.0,0.022662615971736
2018-11-24 17:00:00,0.7997157676348549,0.0264071168790751,0.95583956,0.0,0.95583956,0.0,0.0264071168790751
2018-11-24 18:00:00,0.9007510373443982,0.0311153066764652,0.94571888,0.0,0.94571888,0.0,0.0311153066764652
2018-11-24 19:00:00,0.9558395573997234,0.0329740199975885,0.87635408,0.0,0.87635408,0.0,0.0329740199975885
2018-11-24 20:00:00,0.9457188796680498,0.0316252214760506,0.76537863,0.0,0.76537863,0.0,0.0316252214760506
2018-11-24 21:00:00,0.8763540802213001,0.0288273618025738,0.63771957,0.0,0.63771957,0.0,0.0288273618025738
2018-11-24 22:00:00,0.7653786307053941,0.027925482339129,0.47261169,0.0,0.47261169,0.0,0.027925482339129
2018-11-24 23:00:00,0.6377195712309819,0.0261150309361334,0.42050795,0.0,0.42050795,0.0,0.0261150309361334
2018-11-25 00:00:00,0.4726116874135547,0.0227626537902774,0.39917254,0.0,0.39917254,0.0,0.0227626537902774
2018-11-25 01:00:00,0.4205079529737207,0.0183939541102492,0.39005982,0.0,0.39005982,0.0,0.0183939541102492
2018-11-25 02:00:00,0.3991725449515906,0.0165922081141569,0.38525,0.0,0.38525,0.0,0.0165922081141569
2018-11-25 03:00:00,0.3900598201936376,0.0171287198859653,0.39836376,0.0,0.39836376,0.0,0.0171287198859653
2018-11-25 04:00:00,0.3852500000000001,0.0197194448299909,0.4198029,0.0,0.4198029,0.0,0.0197194448299909
2018-11-25 05:00:00,0.3983637621023513,0.025086706907343,0.28458752,0.0,0.28458752,0.0,0.025086706907343
2018-11-25 06:00:00,0.4198029045643154,0.0298052657193918,0.1670835,0.0,0.1670835,0.0,0.0298052657193918
2018-11-25 07:00:00,0.4624481327800829,0.0387583149903833,0.063842427,0.0,0.063842427,0.0,0.0387583149903833
2018-11-25 08:00:00,0.5430096818810511,0.0458355341111836,0.030139007,0.0,0.030139007,0.0,0.0458355341111836
2018-11-25 09:00:00,0.6564370677731672,0.0450585082368527,0.0,0.0,0.0,0.0,0.0450585082368527
2018-11-25 10:00:00,0.7400899031811895,0.0368919891938551,0.0039212614,0.0,0.0039212614,0.0,0.0368919891938551
2018-11-25 11:00:00,0.7476725449515905,0.029228194429604,0.11475495,0.0,0.11475495,0.0,0.029228194429604
2018-11-25 12:00:00,0.7303115491009682,0.0272150664892513,0.23597238,0.0,0.23597238,0.0,0.0272150664892513
2018-11-25 13:00:00,0.7430452973720609,0.0277950395813399,0.67539488,0.0,0.67539488,0.0,0.0277950395813399
2018-11-25 14:00:00,0.6994975795297372,0.0260035138782152,0.40686574,0.0,0.40686574,0.0,0.0260035138782152
2018-11-25 15:00:00,0.6753948824343016,0.0229383459872858,0.7999796,0.0,0.7999796,0.0,0.0229383459872858
2018-11-25 16:00:00,0.7113945366528354,0.0228625532630597,0.89752974,0.0,0.89752974,0.0,0.0228625532630597
2018-11-25 17:00:00,0.7999795988934993,0.025034626646259,0.941389,0.0,0.941389,0.0,0.025034626646259
2018-11-25 18:00:00,0.8975297372060856,0.0300369153173885,0.96845124,0.0,0.96845124,0.0,0.0300369153173885
2018-11-25 19:00:00,0.9413890041493777,0.0332250552951053,0.88395263,0.0,0.88395263,0.0,0.0332250552951053
2018-11-25 20:00:00,0.968451244813278,0.0329716024054449,0.76210477,0.0,0.76210477,0.0,0.0329716024054449
2018-11-25 21:00:00,0.8839526279391425,0.0293309057799437,0.61030083,0.0,0.61030083,0.0,0.0293309057799437
2018-11-25 22:00:00,0.7621047717842323,0.0278778637287818,0.45460443,0.0,0.45460443,0.0,0.0278778637287818
2018-11-25 23:00:00,0.6103008298755186,0.0266272180648148,0.41544813,0.0,0.41544813,0.0,0.0266272180648148
2018-11-26 00:00:00,0.4546044260027663,0.0229202261514629,0.3991397,0.0,0.3991397,0.0,0.0229202261514629
2018-11-26 01:00:00,0.415448132780083,0.0190668505902078,0.3904955,0.0,0.3904955,0.0,0.0190668505902078
2018-11-26 02:00:00,0.3991396957123098,0.0166713245952498,0.38545989,0.0,0.38545989,0.0,0.0166713245952498
2018-11-26 03:00:00,0.3904955048409406,0.0179865915633803,0.4020045,0.0,0.4020045,0.0,0.0179865915633803
2018-11-26 04:00:00,0.3854598893499308,0.0215555247848948,0.43188797,0.0,0.43188797,0.0,0.0215555247848948
2018-11-26 05:00:00,0.4020044951590595,0.0292335345759125,0.34686414,0.0,0.34686414,0.0,0.0292335345759125
2018-11-26 06:00:00,0.4318879668049793,0.0400411225847406,0.20052175,0.0,0.20052175,0.0,0.0400411225847406
2018-11-26 07:00:00,0.5139519363762102,0.0529918351266372,0.074669371,0.0,0.074669371,0.0,0.0529918351266372
2018-11-26 08:00:00,0.5946839557399723,0.0532052991745751,0.00041045063,0.0,0.00041045063,0.0,0.0532052991745751
2018-11-26 09:00:00,0.646165283540802,0.0378924607626569,0.0,0.0,0.0,0.0,0.0378924607626569
2018-11-26 10:00:00,0.6889719917012448,0.0275085220552097,0.0,0.0,0.0,0.0,0.0275085220552097
2018-11-26 11:00:00,0.6687672890733057,0.0251422803988492,0.21346929,0.0,0.21346929,0.0,0.0251422803988492
2018-11-26 12:00:00,0.6541192946058091,0.0252495398660255,0.17681589,0.0,0.17681589,0.0,0.0252495398660255
2018-11-26 13:00:00,0.6616545643153526,0.0242463532616975,0.37968399,0.0,0.37968399,0.0,0.0242463532616975
2018-11-26 14:00:00,0.6319325726141078,0.0207220019611142,0.35970951,0.0,0.35970951,0.0,0.0207220019611142
2018-11-26 15:00:00,0.6227901106500692,0.0199122884425071,0.75593326,0.0,0.75593326,0.0,0.0199122884425071
2018-11-26 16:00:00,0.6640466804979253,0.0198002871744315,0.8643112,0.0,0.8643112,0.0,0.0198002871744315
2018-11-26 17:00:00,0.7559332641770401,0.0238738261770178,0.93594018,0.0,0.93594018,0.0,0.0238738261770178
2018-11-26 18:00:00,0.8643112033195021,0.0303762186679749,0.93266217,0.0,0.93266217,0.0,0.0303762186679749
2018-11-26 19:00:00,0.9359401798063622,0.0339023684634293,0.86717324,0.0,0.86717324,0.0,0.0339023684634293
2018-11-26 20:00:00,0.9326621715076072,0.0304703698744586,0.74788209,0.0,0.74788209,0.0,0.0304703698744586
2018-11-26 21:00:00,0.8671732365145229,0.0296477417792222,0.59402144,0.0,0.59402144,0.0,0.0296477417792222
2018-11-26 22:00:00,0.7478820885200551,0.0280739999703688,0.46181777,0.0,0.46181777,0.0,0.0280739999703688
2018-11-26 23:00:00,0.5940214384508989,0.0264878450882636,0.41641528,0.0,0.41641528,0.0,0.0264878450882636
2018-11-27 00:00:00,0.4618177731673582,0.0217087600065265,0.39630429,0.0,0.39630429,0.0,0.0217087600065265
2018-11-27 01:00:00,0.4164152835408022,0.0167127280223608,0.38648963,0.0,0.38648963,0.0,0.0167127280223608
2018-11-27 02:00:00,0.3963042876901798,0.014213204061502,0.38704703,0.0,0.38704703,0.0,0.014213204061502
2018-11-27 03:00:00,0.3864896265560166,0.0153670319044748,0.40291148,0.0,0.40291148,0.0,0.0153670319044748
2018-11-27 04:00:00,0.3870470262793914,0.0175304828882266,0.4325453,0.0,0.4325453,0.0,0.0175304828882266
2018-11-27 05:00:00,0.402911479944675,0.0236214454669916,0.3497448,0.0,0.3497448,0.0,0.0236214454669916
2018-11-27 06:00:00,0.4325452973720609,0.0329929872011869,0.41450019,0.0,0.41450019,0.0,0.0329929872011869
2018-11-27 07:00:00,0.5105985477178423,0.0460305497521205,0.077826896,0.0,0.077826896,0.0,0.0460305497521205
2018-11-27 08:00:00,0.5945283540802213,0.0479229606415623,0.1229812,0.0,0.1229812,0.0,0.0479229606415623
2018-11-27 09:00:00,0.6446576763485475,0.0367013867826395,0.0,0.0,0.0,0.0,0.0367013867826395
2018-11-27 10:00:00,0.6918585753803596,0.0283070088154504,0.0,0.0,0.0,0.0,0.0283070088154504
2018-11-27 11:00:00,0.6836843015214386,0.0248570114431965,0.049502276,0.0,0.049502276,0.0,0.0248570114431965
2018-11-27 12:00:00,0.668655601659751,0.0245724584268485,0.18638552,0.0,0.18638552,0.0,0.0245724584268485
2018-11-27 13:00:00,0.658612724757953,0.0238458457472017,0.38271032,0.0,0.38271032,0.0,0.0238458457472017
2018-11-27 14:00:00,0.6363575380359613,0.0210074749767617,0.34420543,0.0,0.34420543,0.0,0.0210074749767617
2018-11-27 15:00:00,0.6208540802213002,0.0190817089247555,0.73890975,0.0,0.73890975,0.0,0.0190817089247555
2018-11-27 16:00:00,0.6457603734439834,0.020348008411386,0.85668949,0.0,0.85668949,0.0,0.020348008411386
2018-11-27 17:00:00,0.7389097510373445,0.0241538310765296,0.92892946,0.0,0.92892946,0.0,0.0241538310765296
2018-11-27 18:00:00,0.85668948824343,0.0307073111977479,0.92043603,0.0,0.92043603,0.0,0.0307073111977479
2018-11-27 19:00:00,0.9289294605809127,0.0320478401015246,0.85769398,0.0,0.85769398,0.0,0.0320478401015246
2018-11-27 20:00:00,0.9204360304287688,0.0305559055987829,0.73546231,0.0,0.73546231,0.0,0.0305559055987829
2018-11-27 21:00:00,0.8576939834024896,0.0292560572655247,0.59349654,0.0,0.59349654,0.0,0.0292560572655247
2018-11-27 22:00:00,0.7354623098201936,0.0281005554388643,0.44873271,0.0,0.44873271,0.0,0.0281005554388643
2018-11-27 23:00:00,0.5934965421853388,0.0259731331494755,0.40425657,0.0,0.40425657,0.0,0.0259731331494755
2018-11-28 00:00:00,0.4487327109266943,0.0215550371160931,0.39390733,0.0,0.39390733,0.0,0.0215550371160931
2018-11-28 01:00:00,0.4042565698478562,0.0168118665934669,0.38590664,0.0,0.38590664,0.0,0.0168118665934669
2018-11-28 02:00:00,0.3939073305670816,0.0137813197287995,0.38493603,0.0,0.38493603,0.0,0.0137813197287995
2018-11-28 03:00:00,0.3859066390041494,0.0148203517193588,0.3989464,0.0,0.3989464,0.0,0.0148203517193588
2018-11-28 04:00:00,0.384936030428769,0.0185053086119003,0.43202524,0.0,0.43202524,0.0,0.0185053086119003
2018-11-28 05:00:00,0.3989464038727525,0.0243421888278005,0.36322432,0.0,0.36322432,0.0,0.0243421888278005
2018-11-28 06:00:00,0.4320252420470263,0.0331908631406968,0.40146926,0.0,0.40146926,0.0,0.0331908631406968
2018-11-28 07:00:00,0.5194771784232365,0.0475714621122944,0.087447993,0.0,0.087447993,0.0,0.0475714621122944
2018-11-28 08:00:00,0.5912541493775934,0.0516843881525503,0.0069822193,0.0,0.0069822193,0.0,0.0516843881525503
2018-11-28 09:00:00,0.6551151452282157,0.0436342628554864,0.0,0.0,0.0,0.0,0.0436342628554864
2018-11-28 10:00:00,0.7039266943291839,0.0337187040920419,0.0,0.0,0.0,0.0,0.0337187040920419
2018-11-28 11:00:00,0.6935169432918397,0.0291642302677972,0.037971435,0.0,0.037971435,0.0,0.0291642302677972
2018-11-28 12:00:00,0.6783578838174275,0.0267976704161899,0.1756546,0.0,0.1756546,0.0,0.0267976704161899
2018-11-28 13:00:00,0.6639564315352697,0.0247791988708847,0.37128112,0.0,0.37128112,0.0,0.0247791988708847
2018-11-28 14:00:00,0.639179806362379,0.0222808854354196,0.34391017,0.0,0.34391017,0.0,0.0222808854354196
2018-11-28 15:00:00,0.6194014522821577,0.0200338044401781,0.74340249,0.0,0.74340249,0.0,0.0200338044401781
2018-11-28 16:00:00,0.6472178423236514,0.0205915280755294,0.85499481,0.0,0.85499481,0.0,0.0205915280755294
2018-11-28 17:00:00,0.7434024896265561,0.0249780985690138,0.92566528,0.0,0.92566528,0.0,0.0249780985690138
2018-11-28 18:00:00,0.8549948132780082,0.0319967420953314,0.92915526,0.0,0.92915526,0.0,0.0319967420953314
2018-11-28 19:00:00,0.925665283540802,0.0331402285927976,0.86077732,0.0,0.86077732,0.0,0.0331402285927976
2018-11-28 20:00:00,0.9291552558782848,0.0317972648036574,0.74898306,0.0,0.74898306,0.0,0.0317972648036574
2018-11-28 21:00:00,0.8607773167358231,0.0298057188017534,0.61185028,0.0,0.61185028,0.0,0.0298057188017534
2018-11-28 22:00:00,0.7489830567081603,0.028320082489703,0.46890871,0.0,0.46890871,0.0,0.028320082489703
2018-11-28 23:00:00,0.6118502766251728,0.0270505353363733,0.41140491,0.0,0.41140491,0.0,0.0270505353363733
2018-11-29 00:00:00,0.4689087136929461,0.0228677066425928,0.39718396,0.0,0.39718396,0.0,0.0228677066425928
2018-11-29 01:00:00,0.4114049100968188,0.0195455787970052,0.38779979,0.0,0.38779979,0.0,0.0195455787970052
2018-11-29 02:00:00,0.3971839557399724,0.0180828802118453,0.38672718,0.0,0.38672718,0.0,0.0180828802118453
2018-11-29 03:00:00,0.3877997925311203,0.0196752917809142,0.39760961,0.0,0.39760961,0.0,0.0196752917809142
2018-11-29 04:00:00,0.3867271784232365,0.0213750977042747,0.43012517,0.0,0.43012517,0.0,0.0213750977042747
2018-11-29 05:00:00,0.397609612724758,0.0268568132282859,0.36921585,0.0,0.36921585,0.0,0.0268568132282859
2018-11-29 06:00:00,0.4301251728907331,0.0333169929694403,0.43272166,0.0,0.43272166,0.0,0.0333169929694403
2018-11-29 07:00:00,0.521039764868603,0.0463355502716915,0.10180929,0.0,0.10180929,0.0,0.0463355502716915
2018-11-29 08:00:00,0.5968288381742738,0.0508088981426897,0.01592602,0.0,0.01592602,0.0,0.0508088981426897
2018-11-29 09:00:00,0.6620114107883815,0.0530490307221707,0.0,0.0,0.0,0.0,0.0530490307221707
2018-11-29 10:00:00,0.6985864453665284,0.05496491542832,0.0,0.0,0.0,0.0,0.05496491542832
2018-11-29 11:00:00,0.6979761410788382,0.0539007875170257,0.057335462,0.0,0.057335462,0.0,0.0539007875170257
2018-11-29 12:00:00,0.667722683264177,0.0490796038207368,0.18516344,0.0,0.18516344,0.0,0.0490796038207368
2018-11-29 13:00:00,0.6711289764868603,0.0392062093860794,0.39858173,0.0,0.39858173,0.0,0.0392062093860794
2018-11-29 14:00:00,0.6357289073305671,0.0281344051875183,0.37329195,0.0,0.37329195,0.0,0.0281344051875183
2018-11-29 15:00:00,0.6335487551867219,0.0238384477077237,0.76034509,0.0,0.76034509,0.0,0.0238384477077237
2018-11-29 16:00:00,0.6728039419087137,0.0241324359048554,0.86245124,0.0,0.86245124,0.0,0.0241324359048554
2018-11-29 17:00:00,0.7603450899031813,0.0304021031595375,0.92946646,0.0,0.92946646,0.0,0.0304021031595375
2018-11-29 18:00:00,0.862451244813278,0.045298707602773,0.93437621,0.0,0.93437621,0.0,0.045298707602773
2018-11-29 19:00:00,0.9294664591977868,0.0550149931345384,0.85913762,0.0,0.85913762,0.0,0.0550149931345384
2018-11-29 20:00:00,0.9343762102351314,0.058114571074447,0.73692393,0.0,0.73692393,0.0,0.058114571074447
2018-11-29 21:00:00,0.8591376210235131,0.0609922597096768,0.58582676,0.0,0.58582676,0.0,0.0609922597096768
2018-11-29 22:00:00,0.736923928077455,0.0597654994410508,0.45632676,0.0,0.45632676,0.0,0.0597654994410508
2018-11-29 23:00:00,0.585826763485477,0.0593850831894477,0.41378423,0.0,0.41378423,0.0,0.0593850831894477
2018-11-30 00:00:00,0.4563267634854772,0.0566163141705057,0.40316459,0.0,0.40316459,0.0,0.0566163141705057
2018-11-30 01:00:00,0.4137842323651452,0.0527656086824049,0.3874305,0.0,0.3874305,0.0,0.0527656086824049
2018-11-30 02:00:00,0.40316459197787,0.0489171962752644,0.38435304,0.0,0.38435304,0.0,0.0489171962752644
2018-11-30 03:00:00,0.3874304979253112,0.051448685023807,0.39778838,0.0,0.39778838,0.0,0.051448685023807
2018-11-30 04:00:00,0.3843530428769018,0.0534609586790961,0.42954253,0.0,0.42954253,0.0,0.0534609586790961
2018-11-30 05:00:00,0.3977883817427386,0.0612759203958778,0.42833218,0.0,0.42833218,0.0,0.0612759203958778
2018-11-30 06:00:00,0.429542531120332,0.0717860546463036,0.60030256,0.0,0.60030256,0.0,0.0717860546463036
2018-11-30 07:00:00,0.5079937759336098,0.0872055991423609,0.5020189,0.0,0.5020189,0.0,0.0872055991423609
2018-11-30 08:00:00,0.6003025587828492,0.0855433610099352,0.63555052,0.0,0.63555052,0.0,0.0855433610099352
2018-11-30 09:00:00,0.6624367219917011,0.0696427779329004,0.64694537,0.0,0.64694537,0.0,0.0696427779329004
2018-11-30 10:00:00,0.6805162517289073,0.048936059719543,0.46002446,0.0,0.46002446,0.0,0.048936059719543
2018-11-30 11:00:00,0.6971804979253112,0.0349327607613212,0.5416793,0.0,0.5416793,0.0,0.0349327607613212
2018-11-30 12:00:00,0.6962648686030429,0.0290988342273815,0.62464646,0.0,0.62464646,0.0,0.0290988342273815
2018-11-30 13:00:00,0.673893153526971,0.026031708743958,0.62430463,0.0,0.62430463,0.0,0.026031708743958
2018-11-30 14:00:00,0.6287582987551867,0.0221322709621481,0.35953238,0.0,0.35953238,0.0,0.0221322709621481
2018-11-30 15:00:00,0.6243046334716459,0.0205131759547563,0.7493278,0.0,0.7493278,0.0,0.0205131759547563
2018-11-30 16:00:00,0.6607845781466113,0.021460225308609,0.85702974,0.0,0.85702974,0.0,0.021460225308609
2018-11-30 17:00:00,0.7493278008298755,0.0252141164343598,0.93778631,0.0,0.93778631,0.0,0.0252141164343598
2018-11-30 18:00:00,0.8570297372060857,0.0303133163098705,0.94140664,0.0,0.94140664,0.0,0.0303133163098705
2018-11-30 19:00:00,0.9377863070539418,0.0335799917164915,0.84785546,0.0,0.84785546,0.0,0.0335799917164915
2018-11-30 20:00:00,0.9414066390041492,0.0327460054344173,0.72290111,0.0,0.72290111,0.0,0.0327460054344173
2018-11-30 21:00:00,0.8478554633471647,0.0323263474081917,0.58700726,0.0,0.58700726,0.0,0.0323263474081917
2018-11-30 22:00:00,0.7229011065006915,0.0324654540691565,0.45821923,0.0,0.45821923,0.0,0.0324654540691565
2018-11-30 23:00:00,0.5870072614107883,0.0325511800188992,0.41731501,0.0,0.41731501,0.0,0.0325511800188992
2018-12-01 00:00:00,0.4582192254495159,0.0297052590286462,0.3945,0.0,0.3945,0.0,0.0297052590286462
2018-12-01 01:00:00,0.4173150069156293,0.0279418624770287,0.38291874,0.0,0.38291874,0.0,0.0279418624770287
2018-12-01 02:00:00,0.3945000000000001,0.0296831444590239,0.382574,0.0,0.382574,0.0,0.0296831444590239
2018-12-01 03:00:00,0.3829187413554633,0.0354860400391551,0.39612828,0.0,0.39612828,0.0,0.0354860400391551
2018-12-01 04:00:00,0.3825739972337482,0.0443063915164814,0.42137828,0.0,0.42137828,0.0,0.0443063915164814
2018-12-01 05:00:00,0.396128284923928,0.0570607602981514,0.33145008,0.0,0.33145008,0.0,0.0570607602981514
2018-12-01 06:00:00,0.4213782849239281,0.069699817889455,0.49771257,0.0,0.49771257,0.0,0.069699817889455
2018-12-01 07:00:00,0.4702911479944676,0.0864408376195906,0.19604579,0.0,0.19604579,0.0,0.0864408376195906
2018-12-01 08:00:00,0.5713025587828491,0.0883239516740087,0.28442241,0.0,0.28442241,0.0,0.0883239516740087
2018-12-01 09:00:00,0.7066607883817427,0.0687151869100918,0.19233739,0.0,0.19233739,0.0,0.0687151869100918
2018-12-01 10:00:00,0.8165874827109266,0.0452424596756902,0.21378921,0.0,0.21378921,0.0,0.0452424596756902
2018-12-01 11:00:00,0.8467289073305672,0.032795975922672,0.29296511,0.0,0.29296511,0.0,0.032795975922672
2018-12-01 12:00:00,0.7974830567081603,0.0282211030162203,0.47708594,0.0,0.47708594,0.0,0.0282211030162203
2018-12-01 13:00:00,0.7878741355463346,0.0290791407085466,0.6391072,0.0,0.6391072,0.0,0.0290791407085466
2018-12-01 14:00:00,0.7336860304287689,0.0263053843249825,0.78185535,0.0,0.78185535,0.0,0.0263053843249825
2018-12-01 15:00:00,0.7325601659751035,0.0242424311594218,0.59221458,0.0,0.59221458,0.0,0.0242424311594218
2018-12-01 16:00:00,0.7912911479944674,0.0245592602414123,0.98021438,0.0,0.98021438,0.0,0.0245592602414123
2018-12-01 17:00:00,0.8678035961272474,0.0265768014114865,1.047705,0.0,1.047705,0.0,0.0265768014114865
2018-12-01 18:00:00,0.9802143845089905,0.0321761592519086,1.0382023,0.0,1.0382023,0.0,0.0321761592519086
2018-12-01 19:00:00,1.047705048409405,0.0349448452633948,0.95154495,0.0,0.95154495,0.0,0.0349448452633948
2018-12-01 20:00:00,1.0382022821576764,0.0354943892057282,0.83140698,0.0,0.83140698,0.0,0.0354943892057282
2018-12-01 21:00:00,0.9515449515905946,0.0346840358379845,0.66264903,0.0,0.66264903,0.0,0.0346840358379845
2018-12-01 22:00:00,0.8314069847856155,0.0350711272724732,0.48173651,0.0,0.48173651,0.0,0.0350711272724732
2018-12-01 23:00:00,0.6626490318118949,0.0364342860838255,0.42240733,0.0,0.42240733,0.0,0.0364342860838255
2018-12-02 00:00:00,0.4817365145228216,0.0369394832930189,0.40225346,0.0,0.40225346,0.0,0.0369394832930189
2018-12-02 01:00:00,0.4224073305670816,0.0350831114738718,0.38558299,0.0,0.38558299,0.0,0.0350831114738718
2018-12-02 02:00:00,0.4022534578146611,0.0321932380358926,0.38964315,0.0,0.38964315,0.0,0.0321932380358926
2018-12-02 03:00:00,0.3855829875518672,0.034507022438975,0.39689557,0.0,0.39689557,0.0,0.034507022438975
2018-12-02 04:00:00,0.3896431535269709,0.0377911570804182,0.42175934,0.0,0.42175934,0.0,0.0377911570804182
2018-12-02 05:00:00,0.3968955739972337,0.0453448839585794,0.46144306,0.0,0.46144306,0.0,0.0453448839585794
2018-12-02 06:00:00,0.4217593360995851,0.0557518295657963,0.42977864,0.0,0.42977864,0.0,0.0557518295657963
2018-12-02 07:00:00,0.4777150760719226,0.0660266999352647,0.45471308,0.0,0.45471308,0.0,0.0660266999352647
2018-12-02 08:00:00,0.568594744121715,0.0704294810930938,0.77885018,0.0,0.77885018,0.0,0.0704294810930938
2018-12-02 09:00:00,0.706560857538036,0.0597076190340087,0.62454889,0.0,0.62454889,0.0,0.0597076190340087
2018-12-02 10:00:00,0.8148191562932225,0.0428563481096515,0.57978165,0.0,0.57978165,0.0,0.0428563481096515
2018-12-02 11:00:00,0.8431144536652836,0.0332963068197826,0.62687963,0.0,0.62687963,0.0,0.0332963068197826
2018-12-02 12:00:00,0.7996331258644536,0.0297469806510037,0.4983094,0.0,0.4983094,0.0,0.0297469806510037
2018-12-02 13:00:00,0.7900266251728906,0.0294928429498349,0.76015837,0.0,0.76015837,0.0,0.0294928429498349
2018-12-02 14:00:00,0.7609083679114799,0.0271691322385237,0.48848268,0.0,0.48848268,0.0,0.0271691322385237
2018-12-02 15:00:00,0.76015836791148,0.0243626743761073,0.86635304,0.0,0.86635304,0.0,0.0243626743761073
2018-12-02 16:00:00,0.7856196403872752,0.0229958009811183,0.97769295,0.0,0.97769295,0.0,0.0229958009811183
2018-12-02 17:00:00,0.8663530428769018,0.025646412345696,1.0430654,0.0,1.0430654,0.0,0.025646412345696
2018-12-02 18:00:00,0.9776929460580912,0.0317286660589143,1.0378185,0.0,1.0378185,0.0,0.0317286660589143
2018-12-02 19:00:00,1.0430653526970954,0.0341704099134063,0.94682642,0.0,0.94682642,0.0,0.0341704099134063
2018-12-02 20:00:00,1.0378184647302904,0.0343774201316735,0.81084682,0.0,0.81084682,0.0,0.0343774201316735
2018-12-02 21:00:00,0.9468264177040108,0.0343529536841432,0.64504115,0.0,0.64504115,0.0,0.0343529536841432
2018-12-02 22:00:00,0.8108468188105119,0.0371444667459125,0.48756017,0.0,0.48756017,0.0,0.0371444667459125
2018-12-02 23:00:00,0.6450411479944677,0.0398772969952355,0.4198278,0.0,0.4198278,0.0,0.0398772969952355
2018-12-03 00:00:00,0.4875601659751037,0.0414286890466753,0.39479461,0.0,0.39479461,0.0,0.0414286890466753
2018-12-03 01:00:00,0.4198278008298756,0.0401756500010726,0.38502663,0.0,0.38502663,0.0,0.0401756500010726
2018-12-03 02:00:00,0.3947946058091286,0.0421912474132293,0.38363243,0.0,0.38363243,0.0,0.0421912474132293
2018-12-03 03:00:00,0.3850266251728907,0.0464313996723705,0.3997379,0.0,0.3997379,0.0,0.0464313996723705
2018-12-03 04:00:00,0.3836324343015214,0.0515368596934892,0.44265353,0.0,0.44265353,0.0,0.0515368596934892
2018-12-03 05:00:00,0.399737897648686,0.0606636089825551,0.4105664,0.0,0.4105664,0.0,0.0606636089825551
2018-12-03 06:00:00,0.4426535269709544,0.0739018524332685,0.48413296,0.0,0.48413296,0.0,0.0739018524332685
2018-12-03 07:00:00,0.5449688796680496,0.0865352689762373,0.33071961,0.0,0.33071961,0.0,0.0865352689762373
2018-12-03 08:00:00,0.6326701244813276,0.0862530955069487,0.079594267,0.0,0.079594267,0.0,0.0862530955069487
2018-12-03 09:00:00,0.7016002766251729,0.0650949343291694,0.015680311,0.0,0.015680311,0.0,0.0650949343291694
2018-12-03 10:00:00,0.7624308437067772,0.0426716253932061,0.020838675,0.0,0.020838675,0.0,0.0426716253932061
2018-12-03 11:00:00,0.750582295988935,0.032114996591727,0.11649709,0.0,0.11649709,0.0,0.032114996591727
2018-12-03 12:00:00,0.7345172890733056,0.0279682484719689,0.3594553,0.0,0.3594553,0.0,0.0279682484719689
2018-12-03 13:00:00,0.73357918395574,0.0253858519426523,0.67865284,0.0,0.67865284,0.0,0.0253858519426523
2018-12-03 14:00:00,0.6998343706777317,0.022519957283402,0.42223381,0.0,0.42223381,0.0,0.022519957283402
2018-12-03 15:00:00,0.678652835408022,0.0200258876041028,0.80714696,0.0,0.80714696,0.0,0.0200258876041028
2018-12-03 16:00:00,0.7153924619640387,0.0210398132979954,0.93440387,0.0,0.93440387,0.0,0.0210398132979954
2018-12-03 17:00:00,0.8071469571230983,0.0252197643999826,1.0247652,0.0,1.0247652,0.0,0.0252197643999826
2018-12-03 18:00:00,0.9344038727524204,0.0311704201683217,1.015759,0.0,1.015759,0.0,0.0311704201683217
2018-12-03 19:00:00,1.024765214384509,0.0336267767936387,0.95205809,0.0,0.95205809,0.0,0.0336267767936387
2018-12-03 20:00:00,1.015758990318119,0.0329044562911741,0.8098444,0.0,0.8098444,0.0,0.0329044562911741
2018-12-03 21:00:00,0.9520580912863068,0.0341798865979176,0.64450795,0.0,0.64450795,0.0,0.0341798865979176
2018-12-03 22:00:00,0.8098443983402489,0.0356728725284301,0.48534509,0.0,0.48534509,0.0,0.0356728725284301
2018-12-03 23:00:00,0.6445079529737207,0.0356956649922728,0.41865664,0.0,0.41865664,0.0,0.0356956649922728
2018-12-04 00:00:00,0.4853450899031812,0.0316503727350888,0.40043672,0.0,0.40043672,0.0,0.0316503727350888
2018-12-04 01:00:00,0.4186566390041493,0.028628458645801,0.38561895,0.0,0.38561895,0.0,0.028628458645801
2018-12-04 02:00:00,0.4004367219917012,0.0298199511217404,0.38429426,0.0,0.38429426,0.0,0.0298199511217404
2018-12-04 03:00:00,0.385618948824343,0.0349983677790197,0.40610512,0.0,0.40610512,0.0,0.0349983677790197
2018-12-04 04:00:00,0.3842942600276625,0.0406899884063113,0.43901521,0.0,0.43901521,0.0,0.0406899884063113
2018-12-04 05:00:00,0.4061051175656984,0.0502515791686844,0.41185706,0.0,0.41185706,0.0,0.0502515791686844
2018-12-04 06:00:00,0.439015214384509,0.0629959732211102,0.32000569,0.0,0.32000569,0.0,0.0629959732211102
2018-12-04 07:00:00,0.5489094052558782,0.0788629832410097,0.15118731,0.0,0.15118731,0.0,0.0788629832410097
2018-12-04 08:00:00,0.6578786307053941,0.0808557017232237,0.055949143,0.0,0.055949143,0.0,0.0808557017232237
2018-12-04 09:00:00,0.71467704011065,0.0599239918015356,0.0,0.0,0.0,0.0,0.0599239918015356
2018-12-04 10:00:00,0.7483153526970953,0.0377288357745027,0.014692282,0.0,0.014692282,0.0,0.0377288357745027
2018-12-04 11:00:00,0.7375242047026279,0.0301307829150654,0.092440391,0.0,0.092440391,0.0,0.0301307829150654
2018-12-04 12:00:00,0.7401725449515905,0.0275211253538807,0.21732318,0.0,0.21732318,0.0,0.0275211253538807
2018-12-04 13:00:00,0.7215446058091285,0.0260883509564548,0.67251902,0.0,0.67251902,0.0,0.0260883509564548
2018-12-04 14:00:00,0.6821621715076072,0.022291098811099,0.41693892,0.0,0.41693892,0.0,0.022291098811099
2018-12-04 15:00:00,0.6725190179806361,0.0203262466234498,0.79684059,0.0,0.79684059,0.0,0.0203262466234498
2018-12-04 16:00:00,0.7182738589211618,0.0215761590548926,0.93018119,0.0,0.93018119,0.0,0.0215761590548926
2018-12-04 17:00:00,0.7968405947441217,0.0249845489400405,1.0178651,0.0,1.0178651,0.0,0.0249845489400405
2018-12-04 18:00:00,0.9301811894882436,0.0314367115444442,1.0156048,0.0,1.0156048,0.0,0.0314367115444442
2018-12-04 19:00:00,1.017865145228216,0.0336505584296604,0.92774896,0.0,0.92774896,0.0,0.0336505584296604
2018-12-04 20:00:00,1.0156047717842325,0.0329940351703134,0.80248479,0.0,0.80248479,0.0,0.0329940351703134
2018-12-04 21:00:00,0.9277489626556016,0.0321651088843852,0.62019053,0.0,0.62019053,0.0,0.0321651088843852
2018-12-04 22:00:00,0.802484785615491,0.0333522503861948,0.46298893,0.0,0.46298893,0.0,0.0333522503861948
2018-12-04 23:00:00,0.6201905255878285,0.0345899503457363,0.41418914,0.0,0.41418914,0.0,0.0345899503457363
2018-12-05 00:00:00,0.4629889349930844,0.0310555689776045,0.3954139,0.0,0.3954139,0.0,0.0310555689776045
2018-12-05 01:00:00,0.414189142461964,0.0311586227336984,0.3868157,0.0,0.3868157,0.0,0.0311586227336984
2018-12-05 02:00:00,0.3954139004149377,0.0302065583460716,0.38375864,0.0,0.38375864,0.0,0.0302065583460716
2018-12-05 03:00:00,0.3868156984785615,0.0300024153436656,0.39967531,0.0,0.39967531,0.0,0.0300024153436656
2018-12-05 04:00:00,0.3837586445366528,0.0349936709404917,0.43709544,0.0,0.43709544,0.0,0.0349936709404917
2018-12-05 05:00:00,0.3996753112033195,0.0426285618169835,0.39615028,0.0,0.39615028,0.0,0.0426285618169835
2018-12-05 06:00:00,0.4370954356846473,0.0535934662473425,0.2703536,0.0,0.2703536,0.0,0.0535934662473425
2018-12-05 07:00:00,0.5332026279391424,0.0686546122193875,0.16477696,0.0,0.16477696,0.0,0.0686546122193875
2018-12-05 08:00:00,0.6359757952973719,0.0771119548002726,0.078363755,0.0,0.078363755,0.0,0.0771119548002726
2018-12-05 09:00:00,0.7159533195020746,0.0778407291324079,0.023954653,0.0,0.023954653,0.0,0.0778407291324079
2018-12-05 10:00:00,0.7504477869986168,0.0702826962424887,0.33155629,0.0,0.33155629,0.0,0.0702826962424887
2018-12-05 11:00:00,0.7470767634854772,0.0612752701708091,0.12916265,0.0,0.12916265,0.0,0.0612752701708091
2018-12-05 12:00:00,0.7439083679114799,0.0523453453934825,0.30299618,0.0,0.30299618,0.0,0.0523453453934825
2018-12-05 13:00:00,0.7324439834024895,0.0457774565614344,0.44623803,0.0,0.44623803,0.0,0.0457774565614344
2018-12-05 14:00:00,0.6801912171507607,0.0404549043748403,0.4180798,0.0,0.4180798,0.0,0.0404549043748403
2018-12-05 15:00:00,0.6688471645919777,0.0396775188015352,0.81294675,0.0,0.81294675,0.0,0.0396775188015352
2018-12-05 16:00:00,0.7179837482710926,0.0428058104037837,0.95593672,0.0,0.95593672,0.0,0.0428058104037837
2018-12-05 17:00:00,0.8129467496542184,0.0493295358108232,1.0248959,0.0,1.0248959,0.0,0.0493295358108232
2018-12-05 18:00:00,0.9559367219917012,0.0637280920619763,1.0104654,0.0,1.0104654,0.0,0.0637280920619763
2018-12-05 19:00:00,1.0248959197787,0.0720892739642242,0.92945747,0.0,0.92945747,0.0,0.0720892739642242
2018-12-05 20:00:00,1.0104654218533886,0.0734601386343687,0.813926,0.0,0.813926,0.0,0.0734601386343687
2018-12-05 21:00:00,0.9294574688796678,0.0714975968208995,0.64901487,0.0,0.64901487,0.0,0.0714975968208995
2018-12-05 22:00:00,0.8139260027662517,0.0712813001435402,0.47942324,0.0,0.47942324,0.0,0.0712813001435402
2018-12-05 23:00:00,0.6490148686030429,0.0733467988710717,0.41615111,0.0,0.41615111,0.0,0.0733467988710717
2018-12-06 00:00:00,0.4794232365145228,0.0715941552435951,0.39565214,0.0,0.39565214,0.0,0.0715941552435951
2018-12-06 01:00:00,0.4161511065006916,0.0648711669808086,0.38589073,0.0,0.38589073,0.0,0.0648711669808086
2018-12-06 02:00:00,0.3956521438450898,0.0613687434830722,0.38259544,0.0,0.38259544,0.0,0.0613687434830722
2018-12-06 03:00:00,0.3858907330567082,0.0609279012624559,0.39775553,0.0,0.39775553,0.0,0.0609279012624559
2018-12-06 04:00:00,0.3825954356846472,0.0641935874968978,0.43434336,0.0,0.43434336,0.0,0.0641935874968978
2018-12-06 05:00:00,0.3977555325034578,0.0707047199811978,0.41863747,0.0,0.41863747,0.0,0.0707047199811978
2018-12-06 06:00:00,0.4343433609958507,0.0829002203163589,0.6428973,0.0,0.6428973,0.0,0.0829002203163589
2018-12-06 07:00:00,0.5450525587828492,0.097295895517075,0.16513899,0.0,0.16513899,0.0,0.097295895517075
2018-12-06 08:00:00,0.6428973029045641,0.1035656457792128,0.076450284,0.0,0.076450284,0.0,0.1035656457792128
2018-12-06 09:00:00,0.7082966804979253,0.1059013891129381,0.033539298,0.0,0.033539298,0.0,0.1059013891129381
2018-12-06 10:00:00,0.7404799446749654,0.1083345901167943,0.037918744,0.0,0.037918744,0.0,0.1083345901167943
2018-12-06 11:00:00,0.7487686721991701,0.1197400220311672,0.12167303,0.0,0.12167303,0.0,0.1197400220311672
2018-12-06 12:00:00,0.7333139695712309,0.1256295670189847,0.23662949,0.0,0.23662949,0.0,0.1256295670189847
2018-12-06 13:00:00,0.7239391424619639,0.1179712161603614,0.50543218,0.0,0.50543218,0.0,0.1179712161603614
2018-12-06 14:00:00,0.6820048409405255,0.1154902962454827,0.41406833,0.0,0.41406833,0.0,0.1154902962454827
2018-12-06 15:00:00,0.6877956431535268,0.110671955554547,0.80418119,0.0,0.80418119,0.0,0.110671955554547
2018-12-06 16:00:00,0.7136587136929461,0.0978874654424358,0.93348651,0.0,0.93348651,0.0,0.0978874654424358
2018-12-06 17:00:00,0.8041811894882435,0.0943259337190435,1.0172127,0.0,1.0172127,0.0,0.0943259337190435
2018-12-06 18:00:00,0.9334865145228216,0.0986459253158707,1.0181795,0.0,1.0181795,0.0,0.0986459253158707
2018-12-06 19:00:00,1.01721265560166,0.0959552732299107,0.94898963,0.0,0.94898963,0.0,0.0959552732299107
2018-12-06 20:00:00,1.018179460580913,0.0903890526574821,0.83556086,0.0,0.83556086,0.0,0.0903890526574821
2018-12-06 21:00:00,0.9489896265560164,0.0896206630171748,0.63293119,0.0,0.63293119,0.0,0.0896206630171748
2018-12-06 22:00:00,0.835560857538036,0.0885988343217827,0.47734544,0.0,0.47734544,0.0,0.0885988343217827
2018-12-06 23:00:00,0.6329311894882433,0.0891656714840269,0.4244139,0.0,0.4244139,0.0,0.0891656714840269
2018-12-07 00:00:00,0.4773454356846472,0.0870063639557658,0.40361238,0.0,0.40361238,0.0,0.0870063639557658
2018-12-07 01:00:00,0.4244139004149377,0.0834143961653304,0.39084578,0.0,0.39084578,0.0,0.0834143961653304
2018-12-07 02:00:00,0.4036123789764869,0.0799857905061064,0.38807296,0.0,0.38807296,0.0,0.0799857905061064
2018-12-07 03:00:00,0.3908457814661135,0.079691712384231,0.4027258,0.0,0.4027258,0.0,0.079691712384231
2018-12-07 04:00:00,0.3880729598893499,0.0833330384829367,0.44071992,0.0,0.44071992,0.0,0.0833330384829367
2018-12-07 05:00:00,0.4027257952973722,0.0961974094364611,0.40806711,0.0,0.40806711,0.0,0.0961974094364611
2018-12-07 06:00:00,0.4407199170124481,0.114515484356385,0.5588302,0.0,0.5588302,0.0,0.114515484356385
2018-12-07 07:00:00,0.5367873443983402,0.1285723819203995,0.1615667,0.0,0.1615667,0.0,0.1285723819203995
2018-12-07 08:00:00,0.6318312586445365,0.1205139489604902,0.066921074,0.0,0.066921074,0.0,0.1205139489604902
2018-12-07 09:00:00,0.7093347164591978,0.0931945524755152,0.0,0.0,0.0,0.0,0.0931945524755152
2018-12-07 10:00:00,0.7391376210235131,0.0581274130195529,0.015832928,0.0,0.015832928,0.0,0.0581274130195529
2018-12-07 11:00:00,0.7245847164591978,0.0379848100156261,0.11415153,0.0,0.11415153,0.0,0.0379848100156261
2018-12-07 12:00:00,0.723723029045643,0.0290142185023567,0.25714337,0.0,0.25714337,0.0,0.0290142185023567
2018-12-07 13:00:00,0.7304751037344397,0.0262810078021957,0.43304449,0.0,0.43304449,0.0,0.0262810078021957
2018-12-07 14:00:00,0.7134304979253112,0.0223562008667762,0.41281403,0.0,0.41281403,0.0,0.0223562008667762
2018-12-07 15:00:00,0.6735656984785615,0.0206781844005035,0.80111272,0.0,0.80111272,0.0,0.0206781844005035
2018-12-07 16:00:00,0.7136524896265558,0.0205562741174187,0.93501418,0.0,0.93501418,0.0,0.0205562741174187
2018-12-07 17:00:00,0.8011127247579529,0.0247912764556707,1.0241041,0.0,1.0241041,0.0,0.0247912764556707
2018-12-07 18:00:00,0.9350141770401106,0.0323690824132362,1.0199526,0.0,1.0199526,0.0,0.0323690824132362
2018-12-07 19:00:00,1.0241040802213002,0.0336159996589903,0.93499689,0.0,0.93499689,0.0,0.0336159996589903
2018-12-07 20:00:00,1.0199526279391424,0.0327181183879887,0.79913797,0.0,0.79913797,0.0,0.0327181183879887
2018-12-07 21:00:00,0.9349968879668048,0.0325001373510098,0.62470055,0.0,0.62470055,0.0,0.0325001373510098
2018-12-07 22:00:00,0.7991379668049793,0.0329985659939301,0.46782192,0.0,0.46782192,0.0,0.0329985659939301
2018-12-07 23:00:00,0.6247005532503459,0.0339300722017267,0.40804599,0.0,0.40804599,0.0,0.0339300722017267
2018-12-08 00:00:00,0.4678219225449516,0.0328380468680716,0.39401556,0.0,0.39401556,0.0,0.0328380468680716
2018-12-08 01:00:00,0.4080459889349931,0.0316236166652426,0.38185754,0.0,0.38185754,0.0,0.0316236166652426
2018-12-08 02:00:00,0.3940155601659751,0.0325997428390537,0.38185927,0.0,0.38185927,0.0,0.0325997428390537
2018-12-08 03:00:00,0.3818575380359613,0.0375668432663079,0.39459786,0.0,0.39459786,0.0,0.0375668432663079
2018-12-08 04:00:00,0.3818592669432918,0.0429239403889962,0.4232462,0.0,0.4232462,0.0,0.0429239403889962
2018-12-08 05:00:00,0.3945978561549101,0.0524145182731268,0.34940953,0.0,0.34940953,0.0,0.0524145182731268
2018-12-08 06:00:00,0.4232461964038728,0.0643155531182864,0.48578137,0.0,0.48578137,0.0,0.0643155531182864
2018-12-08 07:00:00,0.4785522130013832,0.0769107481866075,0.14885766,0.0,0.14885766,0.0,0.0769107481866075
2018-12-08 08:00:00,0.5633395573997232,0.0819206285812777,0.37137862,0.0,0.37137862,0.0,0.0819206285812777
2018-12-08 09:00:00,0.7076621715076071,0.0663249284299187,0.31235207,0.0,0.31235207,0.0,0.0663249284299187
2018-12-08 10:00:00,0.8231611341632087,0.0452377490025866,0.10223444,0.0,0.10223444,0.0,0.0452377490025866
2018-12-08 11:00:00,0.8163143153526972,0.0331298561194947,0.32555165,0.0,0.32555165,0.0,0.0331298561194947
2018-12-08 12:00:00,0.8121853388658368,0.0294149508287115,0.31328983,0.0,0.31328983,0.0,0.0294149508287115
2018-12-08 13:00:00,0.8194128630705393,0.0287310973646171,0.50956647,0.0,0.50956647,0.0,0.0287310973646171
2018-12-08 14:00:00,0.7692071230982018,0.0272389345913724,0.49222378,0.0,0.49222378,0.0,0.0272389345913724
2018-12-08 15:00:00,0.7526227524204702,0.0244065472750218,0.89125899,0.0,0.89125899,0.0,0.0244065472750218
2018-12-08 16:00:00,0.7930622406639004,0.0232901108321404,1.0052887,0.0,1.0052887,0.0,0.0232901108321404
2018-12-08 17:00:00,0.891258990318119,0.0258866670499204,1.0593893,0.0,1.0593893,0.0,0.0258866670499204
2018-12-08 18:00:00,1.0052887275242048,0.0315437600343374,1.0313907,0.0,1.0313907,0.0,0.0315437600343374
2018-12-08 19:00:00,1.0593893499308435,0.0338719081858779,0.95306708,0.0,0.95306708,0.0,0.0338719081858779
2018-12-08 20:00:00,1.031390733056708,0.0328523379850062,0.83093015,0.0,0.83093015,0.0,0.0328523379850062
2018-12-08 21:00:00,0.9530670816044258,0.0328732039841509,0.64371715,0.0,0.64371715,0.0,0.0328732039841509
2018-12-08 22:00:00,0.8309301521438451,0.0323492713005059,0.49498479,0.0,0.49498479,0.0,0.0323492713005059
2018-12-08 23:00:00,0.6437171507607192,0.0313889061673219,0.42823237,0.0,0.42823237,0.0,0.0313889061673219
2018-12-09 00:00:00,0.4949847856154911,0.0316450395060684,0.39629945,0.0,0.39629945,0.0,0.0316450395060684
2018-12-09 01:00:00,0.4282323651452282,0.0305535848486706,0.3870242,0.0,0.3870242,0.0,0.0305535848486706
2018-12-09 02:00:00,0.3962994467496543,0.0290690622199829,0.38300277,0.0,0.38300277,0.0,0.0290690622199829
2018-12-09 03:00:00,0.3870242047026279,0.0331486400149622,0.39944571,0.0,0.39944571,0.0,0.0331486400149622
2018-12-09 04:00:00,0.3830027662517288,0.0385429452296112,0.42105602,0.0,0.42105602,0.0,0.0385429452296112
2018-12-09 05:00:00,0.3994457123098202,0.045307419926964,0.35707506,0.0,0.35707506,0.0,0.045307419926964
2018-12-09 06:00:00,0.4210560165975103,0.0540117823197029,0.21877264,0.0,0.21877264,0.0,0.0540117823197029
2018-12-09 07:00:00,0.4773758644536653,0.0651522751877504,0.15646428,0.0,0.15646428,0.0,0.0651522751877504
2018-12-09 08:00:00,0.5667984094052557,0.0714002705792401,0.12117557,0.0,0.12117557,0.0,0.0714002705792401
2018-12-09 09:00:00,0.6953468188105117,0.0606899638496997,0.38367653,0.0,0.38367653,0.0,0.0606899638496997
2018-12-09 10:00:00,0.7897596818810511,0.0415058375593425,0.096269664,0.0,0.096269664,0.0,0.0415058375593425
2018-12-09 11:00:00,0.8242676348547718,0.0308878005339595,0.19556364,0.0,0.19556364,0.0,0.0308878005339595
2018-12-09 12:00:00,0.8111296680497925,0.0288354930745761,0.30180266,0.0,0.30180266,0.0,0.0288354930745761
2018-12-09 13:00:00,0.8183848547717841,0.0280677225315414,0.52639085,0.0,0.52639085,0.0,0.0280677225315414
2018-12-09 14:00:00,0.7607251037344398,0.0273667868248189,0.49841713,0.0,0.49841713,0.0,0.0273667868248189
2018-12-09 15:00:00,0.7660874827109266,0.0244181717774461,0.88751521,0.0,0.88751521,0.0,0.0244181717774461
2018-12-09 16:00:00,0.7997520746887966,0.0243539793451362,0.98346024,0.0,0.98346024,0.0,0.0243539793451362
2018-12-09 17:00:00,0.887515214384509,0.0260503058726505,1.0474464,0.0,1.0474464,0.0,0.0260503058726505
2018-12-09 18:00:00,0.983460235131397,0.0325291968777487,1.0486746,0.0,1.0486746,0.0,0.0325291968777487
2018-12-09 19:00:00,1.0474464038727522,0.0351163213733889,0.95437414,0.0,0.95437414,0.0,0.0351163213733889
2018-12-09 20:00:00,1.0486746196403876,0.0342372827948024,0.82895574,0.0,0.82895574,0.0,0.0342372827948024
2018-12-09 21:00:00,0.9543741355463344,0.0335303152129749,0.66422407,0.0,0.66422407,0.0,0.0335303152129749
2018-12-09 22:00:00,0.8289557399723374,0.0341306562594751,0.49361791,0.0,0.49361791,0.0,0.0341306562594751
2018-12-09 23:00:00,0.6642240663900415,0.0326947690824646,0.4219101,0.0,0.4219101,0.0,0.0326947690824646
2018-12-10 00:00:00,0.4936179114799446,0.0303194311924309,0.39738866,0.0,0.39738866,0.0,0.0303194311924309
2018-12-10 01:00:00,0.4219100968188105,0.0268195428807337,0.38529633,0.0,0.38529633,0.0,0.0268195428807337
2018-12-10 02:00:00,0.3973886583679115,0.0261971910239309,0.383639,0.0,0.383639,0.0,0.0261971910239309
2018-12-10 03:00:00,0.3852963347164592,0.0271902472600349,0.39930118,0.0,0.39930118,0.0,0.0271902472600349
2018-12-10 04:00:00,0.3836390041493775,0.0289244528564425,0.43662033,0.0,0.43662033,0.0,0.0289244528564425
2018-12-10 05:00:00,0.3993011756569848,0.0343464306815929,0.42724682,0.0,0.42724682,0.0,0.0343464306815929
2018-12-10 06:00:00,0.4366203319502075,0.0447305526971712,0.29738446,0.0,0.29738446,0.0,0.0447305526971712
2018-12-10 07:00:00,0.5404387966804979,0.05810497679604,0.18125748,0.0,0.18125748,0.0,0.05810497679604
2018-12-10 08:00:00,0.6395459889349929,0.0648854027594393,0.3404556,0.0,0.3404556,0.0,0.0648854027594393
2018-12-10 09:00:00,0.7144657676348547,0.0599807619838596,0.22638177,0.0,0.22638177,0.0,0.0599807619838596
2018-12-10 10:00:00,0.7732973720608575,0.0492967755350237,0.21244719,0.0,0.21244719,0.0,0.0492967755350237
2018-12-10 11:00:00,0.7609387966804979,0.0425109471697245,0.6490185,0.0,0.6490185,0.0,0.0425109471697245
2018-12-10 12:00:00,0.7457724757952973,0.0346788720825189,0.49356018,0.0,0.49356018,0.0,0.0346788720825189
2018-12-10 13:00:00,0.7340943983402488,0.0295420006567539,0.67349916,0.0,0.67349916,0.0,0.0295420006567539
2018-12-10 14:00:00,0.6902199170124481,0.023545611239038,0.44258975,0.0,0.44258975,0.0,0.023545611239038
2018-12-10 15:00:00,0.6789100968188104,0.0210959263379626,0.80943672,0.0,0.80943672,0.0,0.0210959263379626
2018-12-10 16:00:00,0.7181787690179805,0.0217268417972654,0.92951279,0.0,0.92951279,0.0,0.0217268417972654
2018-12-10 17:00:00,0.8094367219917011,0.0259540725624894,1.0145719,0.0,1.0145719,0.0,0.0259540725624894
2018-12-10 18:00:00,0.9295127939142462,0.0329803631506519,1.0259063,0.0,1.0259063,0.0,0.0329803631506519
2018-12-10 19:00:00,1.0145719225449517,0.0351234496386361,0.944074,0.0,0.944074,0.0,0.0351234496386361
2018-12-10 20:00:00,1.0259062932226832,0.036173639214682,0.79986826,0.0,0.79986826,0.0,0.036173639214682
2018-12-10 21:00:00,0.944073997233748,0.0363483284049357,0.61982884,0.0,0.61982884,0.0,0.0363483284049357
2018-12-10 22:00:00,0.7998682572614108,0.0376233575089769,0.46666563,0.0,0.46666563,0.0,0.0376233575089769
2018-12-10 23:00:00,0.6198288381742739,0.0384327597496259,0.41260408,0.0,0.41260408,0.0,0.0384327597496259
2018-12-11 00:00:00,0.4666656293222683,0.0370965576094711,0.39031362,0.0,0.39031362,0.0,0.0370965576094711
2018-12-11 01:00:00,0.4126040802213002,0.032932703036577,0.38094571,0.0,0.38094571,0.0,0.032932703036577
2018-12-11 02:00:00,0.3903136237897648,0.0355161440763764,0.38151279,0.0,0.38151279,0.0,0.0355161440763764
2018-12-11 03:00:00,0.3809457123098202,0.0408015988476173,0.39822372,0.0,0.39822372,0.0,0.0408015988476173
2018-12-11 04:00:00,0.3815127939142461,0.0488036732038365,0.43858645,0.0,0.43858645,0.0,0.0488036732038365
2018-12-11 05:00:00,0.3982237206085754,0.061598563458402,0.43186125,0.0,0.43186125,0.0,0.061598563458402
2018-12-11 06:00:00,0.4385864453665283,0.076780592496269,0.57210159,0.0,0.57210159,0.0,0.076780592496269
2018-12-11 07:00:00,0.5477576071922544,0.0949858084044095,0.16522324,0.0,0.16522324,0.0,0.0949858084044095
2018-12-11 08:00:00,0.6336697786998615,0.0977462628432184,0.076942875,0.0,0.076942875,0.0,0.0977462628432184
2018-12-11 09:00:00,0.7083540802213001,0.0803117919119373,0.010931474,0.0,0.010931474,0.0,0.0803117919119373
2018-12-11 10:00:00,0.7525352697095434,0.0513213930906855,0.02757506,0.0,0.02757506,0.0,0.0513213930906855
2018-12-11 11:00:00,0.7460186721991701,0.0339024860573245,0.1102354,0.0,0.1102354,0.0,0.0339024860573245
2018-12-11 12:00:00,0.7447970262793914,0.028171800046254,0.22076989,0.0,0.22076989,0.0,0.028171800046254
2018-12-11 13:00:00,0.7333319502074687,0.0255545369269525,0.43453704,0.0,0.43453704,0.0,0.0255545369269525
2018-12-11 14:00:00,0.6843665283540801,0.0222778279941394,0.40687497,0.0,0.40687497,0.0,0.0222778279941394
2018-12-11 15:00:00,0.6807285615491009,0.0204628907298989,0.79640456,0.0,0.79640456,0.0,0.0204628907298989
2018-12-11 16:00:00,0.7095622406639003,0.0210464296839335,0.92676591,0.0,0.92676591,0.0,0.0210464296839335
2018-12-11 17:00:00,0.7964045643153527,0.0258776607409907,1.0210176,0.0,1.0210176,0.0,0.0258776607409907
2018-12-11 18:00:00,0.9267659059474412,0.0311578549147345,1.0155992,0.0,1.0155992,0.0,0.0311578549147345
2018-12-11 19:00:00,1.021017634854772,0.0334349569397414,0.92202974,0.0,0.92202974,0.0,0.0334349569397414
2018-12-11 20:00:00,1.0155992392807744,0.0335229067975651,0.79501037,0.0,0.79501037,0.0,0.0335229067975651
2018-12-11 21:00:00,0.9220297372060856,0.0331232466508449,0.62377697,0.0,0.62377697,0.0,0.0331232466508449
2018-12-11 22:00:00,0.7950103734439834,0.0331030931323602,0.4679464,0.0,0.4679464,0.0,0.0331030931323602
2018-12-11 23:00:00,0.6237769709543569,0.0340192533368078,0.41667082,0.0,0.41667082,0.0,0.0340192533368078
2018-12-12 00:00:00,0.4679464038727524,0.0342207954389392,0.40001936,0.0,0.40001936,0.0,0.0342207954389392
2018-12-12 01:00:00,0.4166708160442601,0.0339834252437962,0.37970643,0.0,0.37970643,0.0,0.0339834252437962
2018-12-12 02:00:00,0.4000193637621024,0.0349722377237341,0.38143672,0.0,0.38143672,0.0,0.0349722377237341
2018-12-12 03:00:00,0.3797064315352697,0.0396489123571584,0.39734682,0.0,0.39734682,0.0,0.0396489123571584
2018-12-12 04:00:00,0.3814367219917012,0.0448874748332881,0.43491355,0.0,0.43491355,0.0,0.0448874748332881
2018-12-12 05:00:00,0.3973468188105118,0.0528252460805901,0.42530631,0.0,0.42530631,0.0,0.0528252460805901
2018-12-12 06:00:00,0.4349135546334717,0.0630680306098355,0.30162258,0.0,0.30162258,0.0,0.0630680306098355
2018-12-12 07:00:00,0.539484785615491,0.0754411980277185,0.18548396,0.0,0.18548396,0.0,0.0754411980277185
2018-12-12 08:00:00,0.6504121715076071,0.0808137829581593,0.097439295,0.0,0.097439295,0.0,0.0808137829581593
2018-12-12 09:00:00,0.7304934301521439,0.0723821277261298,0.019278236,0.0,0.019278236,0.0,0.0723821277261298
2018-12-12 10:00:00,0.773109958506224,0.057516900101101,0.00298912,0.0,0.00298912,0.0,0.057516900101101
2018-12-12 11:00:00,0.753003457814661,0.0430963883779491,0.10579185,0.0,0.10579185,0.0,0.0430963883779491
2018-12-12 12:00:00,0.7189049100968187,0.0337227818332969,0.26671538,0.0,0.26671538,0.0,0.0337227818332969
2018-12-12 13:00:00,0.7291452282157675,0.0287197322604916,0.68038728,0.0,0.68038728,0.0,0.0287197322604916
2018-12-12 14:00:00,0.6908834716459196,0.0231257941151895,0.41252793,0.0,0.41252793,0.0,0.0231257941151895
2018-12-12 15:00:00,0.6803872752420469,0.0203709668901398,0.79652697,0.0,0.79652697,0.0,0.0203709668901398
2018-12-12 16:00:00,0.716475795297372,0.0215490398274281,0.929676,0.0,0.929676,0.0,0.0215490398274281
2018-12-12 17:00:00,0.7965269709543569,0.0259995641067876,1.0130602,0.0,1.0130602,0.0,0.0259995641067876
2018-12-12 18:00:00,0.9296760027662516,0.0318303916957191,1.0223966,0.0,1.0223966,0.0,0.0318303916957191
2018-12-12 19:00:00,1.013060165975104,0.0344312885116965,0.93616252,0.0,0.93616252,0.0,0.0344312885116965
2018-12-12 20:00:00,1.022396611341632,0.0342236384442927,0.796889,0.0,0.796889,0.0,0.0342236384442927
2018-12-12 21:00:00,0.9361625172890732,0.0341418657246214,0.60562759,0.0,0.60562759,0.0,0.0341418657246214
2018-12-12 22:00:00,0.7968890041493776,0.0366592224538524,0.46824896,0.0,0.46824896,0.0,0.0366592224538524
2018-12-12 23:00:00,0.6056275933609959,0.0392556956641768,0.42134544,0.0,0.42134544,0.0,0.0392556956641768
2018-12-13 00:00:00,0.4682489626556017,0.0398326251495612,0.39500761,0.0,0.39500761,0.0,0.0398326251495612
2018-12-13 01:00:00,0.4213454356846473,0.0402408558160695,0.38439004,0.0,0.38439004,0.0,0.0402408558160695
2018-12-13 02:00:00,0.3950076071922545,0.0432182433227304,0.38403665,0.0,0.38403665,0.0,0.0432182433227304
2018-12-13 03:00:00,0.3843900414937759,0.0507719736595359,0.40183091,0.0,0.40183091,0.0,0.0507719736595359
2018-12-13 04:00:00,0.384036652835408,0.0613820523451159,0.43477351,0.0,0.43477351,0.0,0.0613820523451159
2018-12-13 05:00:00,0.4018309128630706,0.0768823388849375,0.42718793,0.0,0.42718793,0.0,0.0768823388849375
2018-12-13 06:00:00,0.4347735131396957,0.0911496084691701,0.5929008,0.0,0.5929008,0.0,0.0911496084691701
2018-12-13 07:00:00,0.5356244813278008,0.10178729750966,0.19559894,0.0,0.19559894,0.0,0.10178729750966
2018-12-13 08:00:00,0.6407814661134161,0.1003270476444394,0.10444299,0.0,0.10444299,0.0,0.1003270476444394
2018-12-13 09:00:00,0.7227614107883817,0.0747779200366742,0.03699162,0.0,0.03699162,0.0,0.0747779200366742
2018-12-13 10:00:00,0.759900069156293,0.0449710149200345,0.03789875,0.0,0.03789875,0.0,0.0449710149200345
2018-12-13 11:00:00,0.749377939142462,0.0307228750956678,0.11840284,0.0,0.11840284,0.0,0.0307228750956678
2018-12-13 12:00:00,0.732600968188105,0.0265582388692338,0.23937327,0.0,0.23937327,0.0,0.0265582388692338
2018-12-13 13:00:00,0.7237659059474411,0.0251837529988398,0.43892946,0.0,0.43892946,0.0,0.0251837529988398
2018-12-13 14:00:00,0.6877704011065007,0.0222036746671608,0.42712563,0.0,0.42712563,0.0,0.0222036746671608
2018-12-13 15:00:00,0.6778378284923926,0.0201280594059812,0.82639488,0.0,0.82639488,0.0,0.0201280594059812
2018-12-13 16:00:00,0.729725795297372,0.0200339704550892,0.94174896,0.0,0.94174896,0.0,0.0200339704550892
2018-12-13 17:00:00,0.8263948824343015,0.0250022710318053,1.0334315,0.0,1.0334315,0.0,0.0250022710318053
2018-12-13 18:00:00,0.9417489626556016,0.0311713782127049,1.0260536,0.0,1.0260536,0.0,0.0311713782127049
2018-12-13 19:00:00,1.0334315352697094,0.0336748865314313,0.93585892,0.0,0.93585892,0.0,0.0336748865314313
2018-12-13 20:00:00,1.0260535961272474,0.0320637879089265,0.82147718,0.0,0.82147718,0.0,0.0320637879089265
2018-12-13 21:00:00,0.9358589211618256,0.030617853371148,0.65324101,0.0,0.65324101,0.0,0.030617853371148
2018-12-13 22:00:00,0.8214771784232365,0.0292714309380258,0.47698479,0.0,0.47698479,0.0,0.0292714309380258
2018-12-13 23:00:00,0.6532410096818811,0.0282156764038121,0.41016425,0.0,0.41016425,0.0,0.0282156764038121
2018-12-14 00:00:00,0.476984785615491,0.0231150757774885,0.39460304,0.0,0.39460304,0.0,0.0231150757774885
2018-12-14 01:00:00,0.4101642461964038,0.0176097238805029,0.38618257,0.0,0.38618257,0.0,0.0176097238805029
2018-12-14 02:00:00,0.3946030428769018,0.0152595925878115,0.38738624,0.0,0.38738624,0.0,0.0152595925878115
2018-12-14 03:00:00,0.3861825726141079,0.0183882680995423,0.40014938,0.0,0.40014938,0.0,0.0183882680995423
2018-12-14 04:00:00,0.3873862378976486,0.0203763001191605,0.43479979,0.0,0.43479979,0.0,0.0203763001191605
2018-12-14 05:00:00,0.400149377593361,0.0266922716994762,0.53230001,0.0,0.53230001,0.0,0.0266922716994762
2018-12-14 06:00:00,0.4347997925311204,0.0376023289535653,0.65137139,0.0,0.65137139,0.0,0.0376023289535653
2018-12-14 07:00:00,0.5350321576763485,0.0515167407614447,0.5399173,0.0,0.5399173,0.0,0.0515167407614447
2018-12-14 08:00:00,0.6537465421853387,0.0578737733631175,0.57429356,0.0,0.57429356,0.0,0.0578737733631175
2018-12-14 09:00:00,0.7101417704011065,0.0574114875498115,0.63612068,0.0,0.63612068,0.0,0.0574114875498115
2018-12-14 10:00:00,0.7537728215767634,0.0491091856027166,0.36558382,0.0,0.36558382,0.0,0.0491091856027166
2018-12-14 11:00:00,0.7572053941908713,0.0431417173659799,0.2681342,0.0,0.2681342,0.0,0.0431417173659799
2018-12-14 12:00:00,0.723606846473029,0.0362315092457925,0.63050737,0.0,0.63050737,0.0,0.0362315092457925
2018-12-14 13:00:00,0.7301400414937759,0.0307944033118638,0.6854177,0.0,0.6854177,0.0,0.0307944033118638
2018-12-14 14:00:00,0.693810857538036,0.0246817308248219,0.42374993,0.0,0.42374993,0.0,0.0246817308248219
2018-12-14 15:00:00,0.6854177040110648,0.0210664690671662,0.79667185,0.0,0.79667185,0.0,0.0210664690671662
2018-12-14 16:00:00,0.7278807053941908,0.0217753769482676,0.9190166,0.0,0.9190166,0.0,0.0217753769482676
2018-12-14 17:00:00,0.7966718533886583,0.0254935921613421,1.0045239,0.0,1.0045239,0.0,0.0254935921613421
2018-12-14 18:00:00,0.9190165975103736,0.0319112098296513,1.0347531,0.0,1.0347531,0.0,0.0319112098296513
2018-12-14 19:00:00,1.0045238589211618,0.0356613033643095,0.95196646,0.0,0.95196646,0.0,0.0356613033643095
2018-12-14 20:00:00,1.034753112033195,0.0352075638602836,0.81822925,0.0,0.81822925,0.0,0.0352075638602836
2018-12-14 21:00:00,0.9519664591977868,0.0340787143441502,0.63390249,0.0,0.63390249,0.0,0.0340787143441502
2018-12-14 22:00:00,0.8182292531120332,0.0353129452837776,0.48160788,0.0,0.48160788,0.0,0.0353129452837776
2018-12-14 23:00:00,0.633902489626556,0.0359675559130022,0.4129426,0.0,0.4129426,0.0,0.0359675559130022
2018-12-15 00:00:00,0.4816078838174273,0.0331152710178217,0.39355014,0.0,0.39355014,0.0,0.0331152710178217
2018-12-15 01:00:00,0.4129426002766252,0.0304104799952626,0.38110996,0.0,0.38110996,0.0,0.0304104799952626
2018-12-15 02:00:00,0.3935501383125865,0.0335202851454266,0.38176867,0.0,0.38176867,0.0,0.0335202851454266
2018-12-15 03:00:00,0.3811099585062241,0.0408198604878433,0.39593257,0.0,0.39593257,0.0,0.0408198604878433
2018-12-15 04:00:00,0.3817686721991701,0.0496131584519404,0.41961515,0.0,0.41961515,0.0,0.0496131584519404
2018-12-15 05:00:00,0.3959325726141079,0.0600733291313996,0.36754786,0.0,0.36754786,0.0,0.0600733291313996
2018-12-15 06:00:00,0.4196151452282158,0.0723227393503113,0.26704687,0.0,0.26704687,0.0,0.0723227393503113
2018-12-15 07:00:00,0.4753278008298756,0.0891871392872244,0.17856741,0.0,0.17856741,0.0,0.0891871392872244
2018-12-15 08:00:00,0.5771307053941908,0.098594865354761,0.15845483,0.0,0.15845483,0.0,0.098594865354761
2018-12-15 09:00:00,0.7174031811894883,0.0799714924718835,0.092631135,0.0,0.092631135,0.0,0.0799714924718835
2018-12-15 10:00:00,0.831646611341632,0.0507048725076364,0.086996511,0.0,0.086996511,0.0,0.0507048725076364
2018-12-15 11:00:00,0.8288997233748271,0.0333847685569154,0.1679438,0.0,0.1679438,0.0,0.0333847685569154
2018-12-15 12:00:00,0.8102548409405254,0.0299889439253548,0.28596499,0.0,0.28596499,0.0,0.0299889439253548
2018-12-15 13:00:00,0.8004132088520055,0.029015733388421,0.7449464,0.0,0.7449464,0.0,0.029015733388421
2018-12-15 14:00:00,0.7586013139695711,0.0268574807465746,0.46327154,0.0,0.46327154,0.0,0.0268574807465746
2018-12-15 15:00:00,0.7449464038727523,0.0246513950584543,0.86266909,0.0,0.86266909,0.0,0.0246513950584543
2018-12-15 16:00:00,0.771469917012448,0.0244590667838916,0.99846162,0.0,0.99846162,0.0,0.0244590667838916
2018-12-15 17:00:00,0.8626690871369294,0.0260377579122832,1.0443814,0.0,1.0443814,0.0,0.0260377579122832
2018-12-15 18:00:00,0.9984616182572612,0.0320185972666549,1.0337248,0.0,1.0337248,0.0,0.0320185972666549
2018-12-15 19:00:00,1.044381396957123,0.0349461249616683,0.9555778,0.0,0.9555778,0.0,0.0349461249616683
2018-12-15 20:00:00,1.0337247579529736,0.0345727678024327,0.82346196,0.0,0.82346196,0.0,0.0345727678024327
2018-12-15 21:00:00,0.9555778008298752,0.0333914229879374,0.64890975,0.0,0.64890975,0.0,0.0333914229879374
2018-12-15 22:00:00,0.8234619640387275,0.0339378887371265,0.49038728,0.0,0.49038728,0.0,0.0339378887371265
2018-12-15 23:00:00,0.6489097510373445,0.0355170156546596,0.41663209,0.0,0.41663209,0.0,0.0355170156546596
2018-12-16 00:00:00,0.490387275242047,0.036126231581618,0.39669952,0.0,0.39669952,0.0,0.036126231581618
2018-12-16 01:00:00,0.4166320885200554,0.0362020623509281,0.38386653,0.0,0.38386653,0.0,0.0362020623509281
2018-12-16 02:00:00,0.3966995159059474,0.0398342991332488,0.38407434,0.0,0.38407434,0.0,0.0398342991332488
2018-12-16 03:00:00,0.3838665283540802,0.0482761469890938,0.39529219,0.0,0.39529219,0.0,0.0482761469890938
2018-12-16 04:00:00,0.3840743430152143,0.0571719522435354,0.42319744,0.0,0.42319744,0.0,0.0571719522435354
2018-12-16 05:00:00,0.3952921853388659,0.0715492758792817,0.37208275,0.0,0.37208275,0.0,0.0715492758792817
2018-12-16 06:00:00,0.4231974412171508,0.0875073692884528,0.25928121,0.0,0.25928121,0.0,0.0875073692884528
2018-12-16 07:00:00,0.481216113416321,0.1069193752548656,0.17285829,0.0,0.17285829,0.0,0.1069193752548656
2018-12-16 08:00:00,0.5642710926694328,0.1164394830413166,0.15267498,0.0,0.15267498,0.0,0.1164394830413166
2018-12-16 09:00:00,0.7104585062240664,0.1018110030555143,0.10255718,0.0,0.10255718,0.0,0.1018110030555143
2018-12-16 10:00:00,0.819973029045643,0.065442068049732,0.099229627,0.0,0.099229627,0.0,0.065442068049732
2018-12-16 11:00:00,0.8292161134163208,0.0402800491696757,0.19186686,0.0,0.19186686,0.0,0.0402800491696757
2018-12-16 12:00:00,0.8080840248962654,0.0315843230109607,0.29168705,0.0,0.29168705,0.0,0.0315843230109607
2018-12-16 13:00:00,0.8094930843706776,0.030566329951745,0.73654011,0.0,0.73654011,0.0,0.030566329951745
2018-12-16 14:00:00,0.7533903872752419,0.0271401488019526,0.47785897,0.0,0.47785897,0.0,0.0271401488019526
2018-12-16 15:00:00,0.736540110650069,0.0246183235046963,0.88275899,0.0,0.88275899,0.0,0.0246183235046963
2018-12-16 16:00:00,0.7857437759336098,0.0239495808561601,0.9784464,0.0,0.9784464,0.0,0.0239495808561601
2018-12-16 17:00:00,0.882758990318119,0.0268252358087285,1.0409098,0.0,1.0409098,0.0,0.0268252358087285
2018-12-16 18:00:00,0.9784464038727524,0.0329845515685143,1.0445961,0.0,1.0445961,0.0,0.0329845515685143
2018-12-16 19:00:00,1.0409097510373444,0.0344262492674145,0.96566736,0.0,0.96566736,0.0,0.0344262492674145
2018-12-16 20:00:00,1.0445961272475797,0.0350160587429886,0.8336352,0.0,0.8336352,0.0,0.0350160587429886
2018-12-16 21:00:00,0.9656673582295988,0.0362040891163014,0.64661065,0.0,0.64661065,0.0,0.0362040891163014
2018-12-16 22:00:00,0.8336352005532505,0.0364771144722573,0.48201867,0.0,0.48201867,0.0,0.0364771144722573
2018-12-16 23:00:00,0.6466106500691563,0.0367415243460531,0.41633402,0.0,0.41633402,0.0,0.0367415243460531
2018-12-17 00:00:00,0.48201867219917,0.0358730311729685,0.39908195,0.0,0.39908195,0.0,0.0358730311729685
2018-12-17 01:00:00,0.4163340248962656,0.0334732060835406,0.38692669,0.0,0.38692669,0.0,0.0334732060835406
2018-12-17 02:00:00,0.3990819502074689,0.0320587728751523,0.38396369,0.0,0.38396369,0.0,0.0320587728751523
2018-12-17 03:00:00,0.3869266943291839,0.0334744166089345,0.3989758,0.0,0.3989758,0.0,0.0334744166089345
2018-12-17 04:00:00,0.383963692946058,0.0370041806873502,0.44016528,0.0,0.44016528,0.0,0.0370041806873502
2018-12-17 05:00:00,0.398975795297372,0.0438144582069595,0.48738408,0.0,0.48738408,0.0,0.0438144582069595
2018-12-17 06:00:00,0.4401652835408022,0.0547789164722446,0.31413057,0.0,0.31413057,0.0,0.0547789164722446
2018-12-17 07:00:00,0.5455107192254495,0.0679588644786379,0.19956961,0.0,0.19956961,0.0,0.0679588644786379
2018-12-17 08:00:00,0.6390117565698477,0.0710545479854226,0.20591787,0.0,0.20591787,0.0,0.0710545479854226
2018-12-17 09:00:00,0.7163419778699861,0.0601685871039575,0.028409087,0.0,0.028409087,0.0,0.0601685871039575
2018-12-17 10:00:00,0.7583890041493775,0.0470762949706494,0.13229191,0.0,0.13229191,0.0,0.0470762949706494
2018-12-17 11:00:00,0.7372634854771783,0.0360376972129617,0.21674036,0.0,0.21674036,0.0,0.0360376972129617
2018-12-17 12:00:00,0.7220138312586444,0.0294085800064962,0.35646233,0.0,0.35646233,0.0,0.0294085800064962
2018-12-17 13:00:00,0.7409989626556015,0.0252397761140635,0.66929633,0.0,0.66929633,0.0,0.0252397761140635
2018-12-17 14:00:00,0.6907890733056707,0.0226907451232434,0.41494161,0.0,0.41494161,0.0,0.0226907451232434
2018-12-17 15:00:00,0.669296334716459,0.0208001673151121,0.82079495,0.0,0.82079495,0.0,0.0208001673151121
2018-12-17 16:00:00,0.722826417704011,0.0215790228121097,0.95952524,0.0,0.95952524,0.0,0.0215790228121097
2018-12-17 17:00:00,0.8207949515905947,0.0260764981835279,1.0406674,0.0,1.0406674,0.0,0.0260764981835279
2018-12-17 18:00:00,0.9595252420470264,0.0326499208459475,1.0212393,0.0,1.0212393,0.0,0.0326499208459475
2018-12-17 19:00:00,1.0406673582295989,0.0336791890845452,0.91919537,0.0,0.91919537,0.0,0.0336791890845452
2018-12-17 20:00:00,1.0212392807745505,0.0317867954883232,0.78364661,0.0,0.78364661,0.0,0.0317867954883232
2018-12-17 21:00:00,0.919195366528354,0.032687889839584,0.63965906,0.0,0.63965906,0.0,0.032687889839584
2018-12-17 22:00:00,0.7836466113416322,0.0319384501096551,0.47830014,0.0,0.47830014,0.0,0.0319384501096551
2018-12-17 23:00:00,0.6396590594744123,0.0324917328461331,0.41980429,0.0,0.41980429,0.0,0.0324917328461331
2018-12-18 00:00:00,0.4783001383125864,0.0297083233872145,0.4008603,0.0,0.4008603,0.0,0.0297083233872145
2018-12-18 01:00:00,0.4198042876901798,0.0264574124798644,0.39007918,0.0,0.39007918,0.0,0.0264574124798644
2018-12-18 02:00:00,0.4008603042876902,0.0262138236428416,0.38712137,0.0,0.38712137,0.0,0.0262138236428416
2018-12-18 03:00:00,0.39007918395574,0.0278753147081671,0.40615387,0.0,0.40615387,0.0,0.0278753147081671
2018-12-18 04:00:00,0.3871213692946058,0.0304587177028826,0.44259094,0.0,0.44259094,0.0,0.0304587177028826
2018-12-18 05:00:00,0.4061538727524204,0.0382635870965241,0.43883256,0.0,0.43883256,0.0,0.0382635870965241
2018-12-18 06:00:00,0.4425909405255878,0.0504728320828702,0.5898555,0.0,0.5898555,0.0,0.0504728320828702
2018-12-18 07:00:00,0.5418886583679113,0.0677559562121338,0.17932572,0.0,0.17932572,0.0,0.0677559562121338
2018-12-18 08:00:00,0.6377361687413553,0.0735818759852546,0.10329711,0.0,0.10329711,0.0,0.0735818759852546
2018-12-18 09:00:00,0.7096203319502075,0.0640310623575299,0.017545557,0.0,0.017545557,0.0,0.0640310623575299
2018-12-18 10:00:00,0.7625387275242046,0.0448498482454057,0.028344864,0.0,0.028344864,0.0,0.0448498482454057
2018-12-18 11:00:00,0.7341355463347164,0.0342079638697654,0.11888493,0.0,0.11888493,0.0,0.0342079638697654
2018-12-18 12:00:00,0.7285169432918395,0.0293721155229918,0.22868301,0.0,0.22868301,0.0,0.0293721155229918
2018-12-18 13:00:00,0.731289764868603,0.0262756296108034,0.4342158,0.0,0.4342158,0.0,0.0262756296108034
2018-12-18 14:00:00,0.6869031811894881,0.0228001489496888,0.42536764,0.0,0.42536764,0.0,0.0228001489496888
2018-12-18 15:00:00,0.6835681189488242,0.0210315678907418,0.82797856,0.0,0.82797856,0.0,0.0210315678907418
2018-12-18 16:00:00,0.7344858229598893,0.0216284502932595,0.95238209,0.0,0.95238209,0.0,0.0216284502932595
2018-12-18 17:00:00,0.827978561549101,0.0261103098870979,1.0340609,0.0,1.0340609,0.0,0.0261103098870979
2018-12-18 18:00:00,0.9523820885200552,0.0315410830438952,1.0216407,0.0,1.0216407,0.0,0.0315410830438952
2018-12-18 19:00:00,1.034060857538036,0.0349537581889368,0.94107227,0.0,0.94107227,0.0,0.0349537581889368
2018-12-18 20:00:00,1.021640733056708,0.0341698461544374,0.81042151,0.0,0.81042151,0.0,0.0341698461544374
2018-12-18 21:00:00,0.9410722683264175,0.0336758341998824,0.63243672,0.0,0.63243672,0.0,0.0336758341998824
2018-12-18 22:00:00,0.8104215076071922,0.0358753865095203,0.4832296,0.0,0.4832296,0.0,0.0358753865095203
2018-12-18 23:00:00,0.6324367219917013,0.0378404911781804,0.41848167,0.0,0.41848167,0.0,0.0378404911781804
2018-12-19 00:00:00,0.4832295988934992,0.0372403541916751,0.39888347,0.0,0.39888347,0.0,0.0372403541916751
2018-12-19 01:00:00,0.418481673582296,0.037146669902129,0.38535339,0.0,0.38535339,0.0,0.037146669902129
2018-12-19 02:00:00,0.3988834716459198,0.0383964439878128,0.38696992,0.0,0.38696992,0.0,0.0383964439878128
2018-12-19 03:00:00,0.3853533886583679,0.0439056211450429,0.40285235,0.0,0.40285235,0.0,0.0439056211450429
2018-12-19 04:00:00,0.3869699170124481,0.0508906120654135,0.43993741,0.0,0.43993741,0.0,0.0508906120654135
2018-12-19 05:00:00,0.4028523513139695,0.0609092453368156,0.47437081,0.0,0.47437081,0.0,0.0609092453368156
2018-12-19 06:00:00,0.4399374135546335,0.0777075021662132,0.39922732,0.0,0.39922732,0.0,0.0777075021662132
2018-12-19 07:00:00,0.5363336791147993,0.0954489830892189,0.58197746,0.0,0.58197746,0.0,0.0954489830892189
2018-12-19 08:00:00,0.6399287690179805,0.0980792437926053,0.11920081,0.0,0.11920081,0.0,0.0980792437926053
2018-12-19 09:00:00,0.7130923236514523,0.0722146117634956,0.0461227,0.0,0.0461227,0.0,0.0722146117634956
2018-12-19 10:00:00,0.7715179806362378,0.043756982461263,0.038106325,0.0,0.038106325,0.0,0.043756982461263
2018-12-19 11:00:00,0.7578813969571231,0.0313902308279669,0.11815726,0.0,0.11815726,0.0,0.0313902308279669
2018-12-19 12:00:00,0.7359578146611341,0.0274525888647294,0.23864484,0.0,0.23864484,0.0,0.0274525888647294
2018-12-19 13:00:00,0.7258381742738589,0.026531769866838,0.42958327,0.0,0.42958327,0.0,0.026531769866838
2018-12-19 14:00:00,0.6907607192254495,0.0220472505757773,0.41055823,0.0,0.41055823,0.0,0.0220472505757773
2018-12-19 15:00:00,0.6738153526970952,0.0204929636393244,0.81893638,0.0,0.81893638,0.0,0.0204929636393244
2018-12-19 16:00:00,0.7170003457814661,0.0207070364086031,0.95469571,0.0,0.95469571,0.0,0.0207070364086031
2018-12-19 17:00:00,0.8189363762102351,0.0253583868507897,1.0366272,0.0,1.0366272,0.0,0.0253583868507897
2018-12-19 18:00:00,0.9546957123098202,0.0315212027582855,1.0129713,0.0,1.0129713,0.0,0.0315212027582855
2018-12-19 19:00:00,1.03662724757953,0.0343071992829031,0.93144329,0.0,0.93144329,0.0,0.0343071992829031
2018-12-19 20:00:00,1.0129713001383125,0.0324514292678085,0.78852663,0.0,0.78852663,0.0,0.0324514292678085
2018-12-19 21:00:00,0.9314432918395572,0.0314207153160262,0.62573963,0.0,0.62573963,0.0,0.0314207153160262
2018-12-19 22:00:00,0.7885266251728907,0.0324869114964219,0.47767773,0.0,0.47767773,0.0,0.0324869114964219
2018-12-19 23:00:00,0.6257396265560166,0.0324148091453248,0.40732884,0.0,0.40732884,0.0,0.0324148091453248
2018-12-20 00:00:00,0.4776777316735823,0.0309680998712943,0.39031017,0.0,0.39031017,0.0,0.0309680998712943
2018-12-20 01:00:00,0.4073288381742739,0.0295628528213225,0.38531535,0.0,0.38531535,0.0,0.0295628528213225
2018-12-20 02:00:00,0.3903101659751037,0.0321632965549386,0.38555325,0.0,0.38555325,0.0,0.0321632965549386
2018-12-20 03:00:00,0.3853153526970954,0.0389875504548802,0.39917981,0.0,0.39917981,0.0,0.0389875504548802
2018-12-20 04:00:00,0.3855532503457814,0.0475753150416906,0.44156086,0.0,0.44156086,0.0,0.0475753150416906
2018-12-20 05:00:00,0.399179806362379,0.0612063255616675,0.51768185,0.0,0.51768185,0.0,0.0612063255616675
2018-12-20 06:00:00,0.441560857538036,0.0768747125749569,0.44368066,0.0,0.44368066,0.0,0.0768747125749569
2018-12-20 07:00:00,0.5407963347164592,0.0940284004118301,0.29464959,0.0,0.29464959,0.0,0.0940284004118301
2018-12-20 08:00:00,0.6495286998616873,0.0971339721817599,0.61351769,0.0,0.61351769,0.0,0.0971339721817599
2018-12-20 09:00:00,0.7226192946058091,0.0786910125449262,0.22572953,0.0,0.22572953,0.0,0.0786910125449262
2018-12-20 10:00:00,0.7514616182572612,0.0504726729852472,0.53192692,0.0,0.53192692,0.0,0.0504726729852472
2018-12-20 11:00:00,0.7373201936376209,0.0339831347177016,0.63602257,0.0,0.63602257,0.0,0.0339831347177016
2018-12-20 12:00:00,0.7403533886583679,0.0276367097771224,0.39470552,0.0,0.39470552,0.0,0.0276367097771224
2018-12-20 13:00:00,0.7364263485477178,0.0264985980124046,0.67771127,0.0,0.67771127,0.0,0.0264985980124046
2018-12-20 14:00:00,0.6834623098201935,0.0226237996103237,0.39787369,0.0,0.39787369,0.0,0.0226237996103237
2018-12-20 15:00:00,0.6777112724757952,0.0208163088065769,0.80170021,0.0,0.80170021,0.0,0.0208163088065769
2018-12-20 16:00:00,0.7074273858921162,0.0213822328868101,0.94735615,0.0,0.94735615,0.0,0.0213822328868101
2018-12-20 17:00:00,0.8017002074688797,0.025385900363668,1.0239831,0.0,1.0239831,0.0,0.025385900363668
2018-12-20 18:00:00,0.947356154910097,0.0318484838623899,1.0115076,0.0,1.0115076,0.0,0.0318484838623899
2018-12-20 19:00:00,1.0239830567081605,0.0345226347579107,0.94077905,0.0,0.94077905,0.0,0.0345226347579107
2018-12-20 20:00:00,1.0115076071922544,0.0323025277270862,0.80657676,0.0,0.80657676,0.0,0.0323025277270862
2018-12-20 21:00:00,0.9407790456431534,0.0318637641515034,0.63425934,0.0,0.63425934,0.0,0.0318637641515034
2018-12-20 22:00:00,0.8065767634854774,0.0311687946056501,0.46171611,0.0,0.46171611,0.0,0.0311687946056501
2018-12-20 23:00:00,0.6342593360995851,0.0320894302954105,0.41003596,0.0,0.41003596,0.0,0.0320894302954105
2018-12-21 00:00:00,0.4617161134163209,0.0285500650213002,0.39364315,0.0,0.39364315,0.0,0.0285500650213002
2018-12-21 01:00:00,0.4100359612724758,0.0246753427093871,0.38490007,0.0,0.38490007,0.0,0.0246753427093871
2018-12-21 02:00:00,0.393643153526971,0.0243385641689073,0.38242704,0.0,0.38242704,0.0,0.0243385641689073
2018-12-21 03:00:00,0.3849000691562932,0.0279418970634687,0.40029564,0.0,0.40029564,0.0,0.0279418970634687
2018-12-21 04:00:00,0.38242704011065,0.0319446687515352,0.43845574,0.0,0.43845574,0.0,0.0319446687515352
2018-12-21 05:00:00,0.4002956431535269,0.0390016928501232,0.51755836,0.0,0.51755836,0.0,0.0390016928501232
2018-12-21 06:00:00,0.4384557399723375,0.0513956640115595,0.54107215,0.0,0.54107215,0.0,0.0513956640115595
2018-12-21 07:00:00,0.5393153526970954,0.0637309834883454,0.48451989,0.0,0.48451989,0.0,0.0637309834883454
2018-12-21 08:00:00,0.6411141078838173,0.0676443111843881,0.58145131,0.0,0.58145131,0.0,0.0676443111843881
2018-12-21 09:00:00,0.7048243430152143,0.065366783746171,0.56602414,0.0,0.56602414,0.0,0.065366783746171
2018-12-21 10:00:00,0.7656120331950206,0.0567411366318236,0.36877266,0.0,0.36877266,0.0,0.0567411366318236
2018-12-21 11:00:00,0.7561372752420471,0.0430852722961905,0.46835722,0.0,0.46835722,0.0,0.0430852722961905
2018-12-21 12:00:00,0.7332555325034578,0.0335511915880515,0.48165226,0.0,0.48165226,0.0,0.0335511915880515
2018-12-21 13:00:00,0.7176192946058091,0.0280502287102792,0.68516113,0.0,0.68516113,0.0,0.0280502287102792
2018-12-21 14:00:00,0.6994470954356846,0.0232412816963994,0.40650947,0.0,0.40650947,0.0,0.0232412816963994
2018-12-21 15:00:00,0.6851611341632088,0.0211434999859381,0.81865802,0.0,0.81865802,0.0,0.0211434999859381
2018-12-21 16:00:00,0.717304979253112,0.0219991062515449,0.94412172,0.0,0.94412172,0.0,0.0219991062515449
2018-12-21 17:00:00,0.8186580221300137,0.0262214361182464,1.0332956,0.0,1.0332956,0.0,0.0262214361182464
2018-12-21 18:00:00,0.944121715076072,0.0319036319406862,1.0269986,0.0,1.0269986,0.0,0.0319036319406862
2018-12-21 19:00:00,1.033295643153527,0.0340333196418835,0.9328731,0.0,0.9328731,0.0,0.0340333196418835
2018-12-21 20:00:00,1.0269986168741354,0.0331315266445381,0.78640802,0.0,0.78640802,0.0,0.0331315266445381
2018-12-21 21:00:00,0.9328730982019362,0.032838991077879,0.63746923,0.0,0.63746923,0.0,0.032838991077879
2018-12-21 22:00:00,0.7864080221300139,0.034608090933423,0.46990076,0.0,0.46990076,0.0,0.034608090933423
2018-12-21 23:00:00,0.6374692254495159,0.0360025608487463,0.41548893,0.0,0.41548893,0.0,0.0360025608487463
2018-12-22 00:00:00,0.4699007607192254,0.0344075622139784,0.39930256,0.0,0.39930256,0.0,0.0344075622139784
2018-12-22 01:00:00,0.4154889349930844,0.0325913383341768,0.38173479,0.0,0.38173479,0.0,0.0325913383341768
2018-12-22 02:00:00,0.3993025587828492,0.0327005035141873,0.3816231,0.0,0.3816231,0.0,0.0327005035141873
2018-12-22 03:00:00,0.381734785615491,0.0389478901843363,0.39651418,0.0,0.39651418,0.0,0.0389478901843363
2018-12-22 04:00:00,0.3816230982019363,0.0487177570286742,0.42334647,0.0,0.42334647,0.0,0.0487177570286742
2018-12-22 05:00:00,0.3965141770401107,0.0613137337505352,0.37891168,0.0,0.37891168,0.0,0.0613137337505352
2018-12-22 06:00:00,0.4233464730290457,0.0742428643539824,0.32938273,0.0,0.32938273,0.0,0.0742428643539824
2018-12-22 07:00:00,0.4701376210235132,0.0883303467067317,0.20198827,0.0,0.20198827,0.0,0.0883303467067317
2018-12-22 08:00:00,0.5621960580912861,0.098894868133778,0.17025345,0.0,0.17025345,0.0,0.098894868133778
2018-12-22 09:00:00,0.7160612033195021,0.0974250447420145,0.11109439,0.0,0.11109439,0.0,0.0974250447420145
2018-12-22 10:00:00,0.8207662517289072,0.0740052797229128,0.10370083,0.0,0.10370083,0.0,0.0740052797229128
2018-12-22 11:00:00,0.8224094052558782,0.0480978262226588,0.19361665,0.0,0.19361665,0.0,0.0480978262226588
2018-12-22 12:00:00,0.8031815352697095,0.0345786198280506,0.4029223,0.0,0.4029223,0.0,0.0345786198280506
2018-12-22 13:00:00,0.8070867911479944,0.0313029830748719,0.75074101,0.0,0.75074101,0.0,0.0313029830748719
2018-12-22 14:00:00,0.7649837482710926,0.0269436251922395,0.47816837,0.0,0.47816837,0.0,0.0269436251922395
2018-12-22 15:00:00,0.7507410096818808,0.0250577165534842,0.8636314,0.0,0.8636314,0.0,0.0250577165534842
2018-12-22 16:00:00,0.7835594744121713,0.0247254169569616,0.99610097,0.0,0.99610097,0.0,0.0247254169569616
2018-12-22 17:00:00,0.8636313969571232,0.0264654261579713,1.0548479,0.0,1.0548479,0.0,0.0264654261579713
2018-12-22 18:00:00,0.9961009681881052,0.0318950060825947,1.031677,0.0,1.031677,0.0,0.0318950060825947
2018-12-22 19:00:00,1.05484785615491,0.0354942992809847,0.9564758,0.0,0.9564758,0.0,0.0354942992809847
2018-12-22 20:00:00,1.03167704011065,0.0358441584130048,0.81781466,0.0,0.81781466,0.0,0.0358441584130048
2018-12-22 21:00:00,0.9564757952973718,0.0355070789704988,0.6589139,0.0,0.6589139,0.0,0.0355070789704988
2018-12-22 22:00:00,0.8178146611341632,0.0373347405859496,0.49557227,0.0,0.49557227,0.0,0.0373347405859496
2018-12-22 23:00:00,0.6589139004149378,0.0391950241314408,0.42188071,0.0,0.42188071,0.0,0.0391950241314408
2018-12-23 00:00:00,0.4955722683264177,0.0406234717652451,0.40138831,0.0,0.40138831,0.0,0.0406234717652451
2018-12-23 01:00:00,0.4218807053941908,0.0393791519611218,0.38592877,0.0,0.38592877,0.0,0.0393791519611218
2018-12-23 02:00:00,0.4013883125864453,0.04181897280956,0.38328838,0.0,0.38328838,0.0,0.04181897280956
2018-12-23 03:00:00,0.3859287690179806,0.048133592060079,0.39781985,0.0,0.39781985,0.0,0.048133592060079
2018-12-23 04:00:00,0.3832883817427385,0.0572486234633332,0.42060028,0.0,0.42060028,0.0,0.0572486234633332
2018-12-23 05:00:00,0.3978198478561549,0.0703237434292696,0.38462159,0.0,0.38462159,0.0,0.0703237434292696
2018-12-23 06:00:00,0.4206002766251729,0.0839108983435521,0.31389617,0.0,0.31389617,0.0,0.0839108983435521
2018-12-23 07:00:00,0.4701611341632089,0.1014821759375497,0.21541156,0.0,0.21541156,0.0,0.1014821759375497
2018-12-23 08:00:00,0.5854861687413553,0.1179308295745811,0.17751632,0.0,0.17751632,0.0,0.1179308295745811
2018-12-23 09:00:00,0.7170622406639005,0.118043218210783,0.11432525,0.0,0.11432525,0.0,0.118043218210783
2018-12-23 10:00:00,0.8111905255878284,0.0972413769119834,0.11594961,0.0,0.11594961,0.0,0.0972413769119834
2018-12-23 11:00:00,0.8126210235131397,0.0669261133855501,0.19886721,0.0,0.19886721,0.0,0.0669261133855501
2018-12-23 12:00:00,0.8023782849239279,0.0462847082051531,0.31412842,0.0,0.31412842,0.0,0.0462847082051531
2018-12-23 13:00:00,0.8054315352697095,0.0354861161293226,0.76214627,0.0,0.76214627,0.0,0.0354861161293226
2018-12-23 14:00:00,0.7696607883817428,0.0285990117509365,0.48035269,0.0,0.48035269,0.0,0.0285990117509365
2018-12-23 15:00:00,0.762146265560166,0.0251939283294354,0.87523375,0.0,0.87523375,0.0,0.0251939283294354
2018-12-23 16:00:00,0.7949460580912863,0.0254484568573744,0.98277075,0.0,0.98277075,0.0,0.0254484568573744
2018-12-23 17:00:00,0.8752337482710926,0.0276765291452894,1.038223,0.0,1.038223,0.0,0.0276765291452894
2018-12-23 18:00:00,0.9827707468879668,0.0337380309946144,1.0480941,0.0,1.0480941,0.0,0.0337380309946144
2018-12-23 19:00:00,1.0382230290456431,0.0383382695960318,0.95085858,0.0,0.95085858,0.0,0.0383382695960318
2018-12-23 20:00:00,1.048094052558783,0.0399954857773954,0.82001763,0.0,0.82001763,0.0,0.0399954857773954
2018-12-23 21:00:00,0.9508585753803592,0.0402103505761463,0.6541677,0.0,0.6541677,0.0,0.0402103505761463
2018-12-23 22:00:00,0.8200176348547717,0.0420595180398785,0.48764454,0.0,0.48764454,0.0,0.0420595180398785
2018-12-23 23:00:00,0.654167704011065,0.0438413180361254,0.41134959,0.0,0.41134959,0.0,0.0438413180361254
2018-12-24 00:00:00,0.4876445366528353,0.0425014601092814,0.39277905,0.0,0.39277905,0.0,0.0425014601092814
2018-12-24 01:00:00,0.4113495850622407,0.0392290641055139,0.38490145,0.0,0.38490145,0.0,0.0392290641055139
2018-12-24 02:00:00,0.3927790456431535,0.0374718654439127,0.38414488,0.0,0.38414488,0.0,0.0374718654439127
2018-12-24 03:00:00,0.3849014522821576,0.0400647139953435,0.40014419,0.0,0.40014419,0.0,0.0400647139953435
2018-12-24 04:00:00,0.3841448824343015,0.0448433148669234,0.44166736,0.0,0.44166736,0.0,0.0448433148669234
2018-12-24 05:00:00,0.4001441908713693,0.0535910728657068,0.46320768,0.0,0.46320768,0.0,0.0535910728657068
2018-12-24 06:00:00,0.4416673582295989,0.0662300059458269,0.45281496,0.0,0.45281496,0.0,0.0662300059458269
2018-12-24 07:00:00,0.5565369986168741,0.0821988591964265,0.21413105,0.0,0.21413105,0.0,0.0821988591964265
2018-12-24 08:00:00,0.642692254495159,0.0893454933019498,0.16912187,0.0,0.16912187,0.0,0.0893454933019498
2018-12-24 09:00:00,0.7087050484094053,0.0824761213912606,0.12797094,0.0,0.12797094,0.0,0.0824761213912606
2018-12-24 10:00:00,0.7463378284923927,0.0638817734486817,0.13794628,0.0,0.13794628,0.0,0.0638817734486817
2018-12-24 11:00:00,0.7441355463347165,0.0451519711731837,0.27887373,0.0,0.27887373,0.0,0.0451519711731837
2018-12-24 12:00:00,0.7388329875518672,0.0335612631593276,0.50365045,0.0,0.50365045,0.0,0.0335612631593276
2018-12-24 13:00:00,0.7353205394190869,0.0271969293602084,0.67053976,0.0,0.67053976,0.0,0.0271969293602084
2018-12-24 14:00:00,0.6912724757952973,0.0231312207275974,0.39758394,0.0,0.39758394,0.0,0.0231312207275974
2018-12-24 15:00:00,0.6705397648686029,0.0203164932474201,0.81066701,0.0,0.81066701,0.0,0.0203164932474201
2018-12-24 16:00:00,0.7161991701244813,0.0217461306547543,0.94490629,0.0,0.94490629,0.0,0.0217461306547543
2018-12-24 17:00:00,0.8106670124481328,0.0265696593116631,1.0230031,0.0,1.0230031,0.0,0.0265696593116631
2018-12-24 18:00:00,0.9449062932226834,0.0329283209346515,1.0097244,0.0,1.0097244,0.0,0.0329283209346515
2018-12-24 19:00:00,1.023003112033195,0.0351024867974601,0.93198479,0.0,0.93198479,0.0,0.0351024867974601
2018-12-24 20:00:00,1.0097244121715077,0.0336294987464528,0.80990906,0.0,0.80990906,0.0,0.0336294987464528
2018-12-24 21:00:00,0.9319847856154908,0.0325158050082493,0.6205121,0.0,0.6205121,0.0,0.0325158050082493
2018-12-24 22:00:00,0.8099090594744122,0.0335953999754322,0.47080048,0.0,0.47080048,0.0,0.0335953999754322
2018-12-24 23:00:00,0.620512102351314,0.0324135640334913,0.41561307,0.0,0.41561307,0.0,0.0324135640334913
2018-12-25 00:00:00,0.4708004840940526,0.0295412881760937,0.39204391,0.0,0.39204391,0.0,0.0295412881760937
2018-12-25 01:00:00,0.4156130705394191,0.0255490342243766,0.38263935,0.0,0.38263935,0.0,0.0255490342243766
2018-12-25 02:00:00,0.3920439142461964,0.0235717309183917,0.38374481,0.0,0.38374481,0.0,0.0235717309183917
2018-12-25 03:00:00,0.3826393499308437,0.0257047907974718,0.40327974,0.0,0.40327974,0.0,0.0257047907974718
2018-12-25 04:00:00,0.3837448132780083,0.0312770397863612,0.43865871,0.0,0.43865871,0.0,0.0312770397863612
2018-12-25 05:00:00,0.4032797372060858,0.0396163008030499,0.44597618,0.0,0.44597618,0.0,0.0396163008030499
2018-12-25 06:00:00,0.4386587136929461,0.0528805567151537,0.33211707,0.0,0.33211707,0.0,0.0528805567151537
2018-12-25 07:00:00,0.5382582987551867,0.0708876234509092,0.1876981,0.0,0.1876981,0.0,0.0708876234509092
2018-12-25 08:00:00,0.6438807053941907,0.0803992402663836,0.08318538,0.0,0.08318538,0.0,0.0803992402663836
2018-12-25 09:00:00,0.714308091286307,0.0714675204528302,0.12322844,0.0,0.12322844,0.0,0.0714675204528302
2018-12-25 10:00:00,0.7447949515905946,0.0515493730674169,0.15356487,0.0,0.15356487,0.0,0.0515493730674169
2018-12-25 11:00:00,0.7375311203319502,0.0365456717132725,0.10038222,0.0,0.10038222,0.0,0.0365456717132725
2018-12-25 12:00:00,0.7384031811894881,0.0296848668637269,0.21009412,0.0,0.21009412,0.0,0.0296848668637269
2018-12-25 13:00:00,0.7324996542185338,0.0266165827345696,0.67009198,0.0,0.67009198,0.0,0.0266165827345696
2018-12-25 14:00:00,0.6898613416320885,0.0232061280389644,0.38969693,0.0,0.38969693,0.0,0.0232061280389644
2018-12-25 15:00:00,0.6700919778699861,0.0211322766862158,0.80475726,0.0,0.80475726,0.0,0.0211322766862158
2018-12-25 16:00:00,0.7109920470262793,0.0218004417412069,0.92880463,0.0,0.92880463,0.0,0.0218004417412069
2018-12-25 17:00:00,0.8047572614107884,0.0252003475726665,1.0272891,0.0,1.0272891,0.0,0.0252003475726665
2018-12-25 18:00:00,0.928804633471646,0.0331411970131127,1.0118855,0.0,1.0118855,0.0,0.0331411970131127
2018-12-25 19:00:00,1.0272890733056708,0.0355025170190863,0.93898237,0.0,0.93898237,0.0,0.0355025170190863
2018-12-25 20:00:00,1.0118855463347165,0.0354990929615438,0.81619087,0.0,0.81619087,0.0,0.0354990929615438
2018-12-25 21:00:00,0.938982365145228,0.0368724582312876,0.63998271,0.0,0.63998271,0.0,0.0368724582312876
2018-12-25 22:00:00,0.8161908713692946,0.03878610519478,0.47759786,0.0,0.47759786,0.0,0.03878610519478
2018-12-25 23:00:00,0.6399827109266943,0.0400076602042128,0.41628942,0.0,0.41628942,0.0,0.0400076602042128
2018-12-26 00:00:00,0.47759785615491,0.0384024966147813,0.39457469,0.0,0.39457469,0.0,0.0384024966147813
2018-12-26 01:00:00,0.4162894190871369,0.034509737474501,0.38194122,0.0,0.38194122,0.0,0.034509737474501
2018-12-26 02:00:00,0.3945746887966805,0.0338820593059657,0.38557953,0.0,0.38557953,0.0,0.0338820593059657
2018-12-26 03:00:00,0.3819412171507607,0.0374714815344307,0.39958333,0.0,0.39958333,0.0,0.0374714815344307
2018-12-26 04:00:00,0.385579529737206,0.0469463917613217,0.43729357,0.0,0.43729357,0.0,0.0469463917613217
2018-12-26 05:00:00,0.3995833333333334,0.0640079966608125,0.45317767,0.0,0.45317767,0.0,0.0640079966608125
2018-12-26 06:00:00,0.4372935684647303,0.0818877126664994,0.32757644,0.0,0.32757644,0.0,0.0818877126664994
2018-12-26 07:00:00,0.5408488934993084,0.1042976158983876,0.21822716,0.0,0.21822716,0.0,0.1042976158983876
2018-12-26 08:00:00,0.6437130013831257,0.1147996638391831,0.19240765,0.0,0.19240765,0.0,0.1147996638391831
2018-12-26 09:00:00,0.7278305670816044,0.0919812117455404,0.18189737,0.0,0.18189737,0.0,0.0919812117455404
2018-12-26 10:00:00,0.7437745504840939,0.0568807240443016,0.14220343,0.0,0.14220343,0.0,0.0568807240443016
2018-12-26 11:00:00,0.752820193637621,0.0397517897224089,0.25710583,0.0,0.25710583,0.0,0.0397517897224089
2018-12-26 12:00:00,0.7288938450899031,0.0318627058064448,0.42538728,0.0,0.42538728,0.0,0.0318627058064448
2018-12-26 13:00:00,0.7399733748271091,0.0272539070611714,0.66869433,0.0,0.66869433,0.0,0.0272539070611714
2018-12-26 14:00:00,0.6823201936376209,0.0230886966998363,0.40055574,0.0,0.40055574,0.0,0.0230886966998363
2018-12-26 15:00:00,0.6686943291839557,0.0210485775018463,0.81046715,0.0,0.81046715,0.0,0.0210485775018463
2018-12-26 16:00:00,0.7122313278008298,0.0217174239097021,0.9197583,0.0,0.9197583,0.0,0.0217174239097021
2018-12-26 17:00:00,0.8104671507607193,0.0257276109304663,1.0086898,0.0,1.0086898,0.0,0.0257276109304663
2018-12-26 18:00:00,0.9197582987551868,0.0330135107945774,1.0168268,0.0,1.0168268,0.0,0.0330135107945774
2018-12-26 19:00:00,1.0086898340248964,0.0357082129526402,0.93673133,0.0,0.93673133,0.0,0.0357082129526402
2018-12-26 20:00:00,1.016826763485477,0.0348374094053756,0.79602697,0.0,0.79602697,0.0,0.0348374094053756
2018-12-26 21:00:00,0.9367313278008296,0.0373371201330097,0.63492531,0.0,0.63492531,0.0,0.0373371201330097
2018-12-26 22:00:00,0.7960269709543569,0.0394199224563839,0.47716079,0.0,0.47716079,0.0,0.0394199224563839
2018-12-26 23:00:00,0.6349253112033195,0.0425309830943132,0.42020678,0.0,0.42020678,0.0,0.0425309830943132
2018-12-27 00:00:00,0.4771607883817427,0.0432098042314138,0.39870539,0.0,0.39870539,0.0,0.0432098042314138
2018-12-27 01:00:00,0.4202067773167358,0.0445358517928368,0.38252282,0.0,0.38252282,0.0,0.0445358517928368
2018-12-27 02:00:00,0.3987053941908713,0.0478275470300251,0.38446162,0.0,0.38446162,0.0,0.0478275470300251
2018-12-27 03:00:00,0.3825228215767635,0.0495125983781577,0.39806017,0.0,0.39806017,0.0,0.0495125983781577
2018-12-27 04:00:00,0.3844616182572614,0.0585321366210633,0.4381148,0.0,0.4381148,0.0,0.0585321366210633
2018-12-27 05:00:00,0.3980601659751037,0.0709486546826192,0.51631436,0.0,0.51631436,0.0,0.0709486546826192
2018-12-27 06:00:00,0.4381147994467497,0.085422730425124,0.57905097,0.0,0.57905097,0.0,0.085422730425124
2018-12-27 07:00:00,0.5392807745504841,0.0969966225119383,0.47818186,0.0,0.47818186,0.0,0.0969966225119383
2018-12-27 08:00:00,0.6499308437067771,0.098876973109814,0.32966549,0.0,0.32966549,0.0,0.098876973109814
2018-12-27 09:00:00,0.7343485477178423,0.0839779960368072,0.15471834,0.0,0.15471834,0.0,0.0839779960368072
2018-12-27 10:00:00,0.7681248271092669,0.0585538326947635,0.35400226,0.0,0.35400226,0.0,0.0585538326947635
2018-12-27 11:00:00,0.7544073305670815,0.0411618304529399,0.24041544,0.0,0.24041544,0.0,0.0411618304529399
2018-12-27 12:00:00,0.7428993775933609,0.0320649258027964,0.2830535,0.0,0.2830535,0.0,0.0320649258027964
2018-12-27 13:00:00,0.7290549792531119,0.0279437059342713,0.68147718,0.0,0.68147718,0.0,0.0279437059342713
2018-12-27 14:00:00,0.6948820885200553,0.0238369328216593,0.39595124,0.0,0.39595124,0.0,0.0238369328216593
2018-12-27 15:00:00,0.6814771784232364,0.021027047443057,0.80215698,0.0,0.80215698,0.0,0.021027047443057
2018-12-27 16:00:00,0.7169502074688795,0.0219765801032889,0.93854357,0.0,0.93854357,0.0,0.0219765801032889
2018-12-27 17:00:00,0.8021569847856155,0.0267302683622651,1.0192922,0.0,1.0192922,0.0,0.0267302683622651
2018-12-27 18:00:00,0.9385435684647304,0.0325550294896516,1.0128115,0.0,1.0128115,0.0,0.0325550294896516
2018-12-27 19:00:00,1.019292185338866,0.0366404731448249,0.94017808,0.0,0.94017808,0.0,0.0366404731448249
2018-12-27 20:00:00,1.0128115491009682,0.0380384950875179,0.80931051,0.0,0.80931051,0.0,0.0380384950875179
2018-12-27 21:00:00,0.9401780774550482,0.0412579392519176,0.62309716,0.0,0.62309716,0.0,0.0412579392519176
2018-12-27 22:00:00,0.8093105117565698,0.0439409131482369,0.4634713,0.0,0.4634713,0.0,0.0439409131482369
2018-12-27 23:00:00,0.623097164591978,0.0490002002721931,0.40592082,0.0,0.40592082,0.0,0.0490002002721931
2018-12-28 00:00:00,0.4634713001383125,0.0518137172269769,0.396426,0.0,0.396426,0.0,0.0518137172269769
2018-12-28 01:00:00,0.40592081604426,0.0516886872470203,0.38785097,0.0,0.38785097,0.0,0.0516886872470203
2018-12-28 02:00:00,0.3964260027662517,0.0492958244079287,0.3825204,0.0,0.3825204,0.0,0.0492958244079287
2018-12-28 03:00:00,0.3878509681881051,0.0538254029127896,0.39865284,0.0,0.39865284,0.0,0.0538254029127896
2018-12-28 04:00:00,0.3825204011065006,0.0606719166454005,0.43773409,0.0,0.43773409,0.0,0.0606719166454005
2018-12-28 05:00:00,0.3986528354080222,0.0736087046866245,0.49453844,0.0,0.49453844,0.0,0.0736087046866245
2018-12-28 06:00:00,0.4377340940525588,0.0961545706720976,0.43172262,0.0,0.43172262,0.0,0.0961545706720976
2018-12-28 07:00:00,0.5336690871369295,0.1216084783523883,0.36430208,0.0,0.36430208,0.0,0.1216084783523883
2018-12-28 08:00:00,0.6420684647302902,0.1223857532490863,0.4854172,0.0,0.4854172,0.0,0.1223857532490863
2018-12-28 09:00:00,0.7213710235131396,0.0905987502421236,0.23819886,0.0,0.23819886,0.0,0.0905987502421236
2018-12-28 10:00:00,0.738606846473029,0.0603631738730408,0.6855615,0.0,0.6855615,0.0,0.0603631738730408
2018-12-28 11:00:00,0.7331078838174273,0.0423311184345133,0.59469821,0.0,0.59469821,0.0,0.0423311184345133
2018-12-28 12:00:00,0.733594744121715,0.0335163422912867,0.68182832,0.0,0.68182832,0.0,0.0335163422912867
2018-12-28 13:00:00,0.7369132088520054,0.0286123171543358,0.69001729,0.0,0.69001729,0.0,0.0286123171543358
2018-12-28 14:00:00,0.6938008298755185,0.0233532587539674,0.45249377,0.0,0.45249377,0.0,0.0233532587539674
2018-12-28 15:00:00,0.6900172890733055,0.0216959422719285,0.82300934,0.0,0.82300934,0.0,0.0216959422719285
2018-12-28 16:00:00,0.7401728907330566,0.0229986059413878,0.94094675,0.0,0.94094675,0.0,0.0229986059413878
2018-12-28 17:00:00,0.823009336099585,0.0270922258309352,1.0204848,0.0,1.0204848,0.0,0.0270922258309352
2018-12-28 18:00:00,0.9409467496542184,0.0328790802202767,1.0227918,0.0,1.0227918,0.0,0.0328790802202767
2018-12-28 19:00:00,1.020484785615491,0.0372746397294709,0.93430429,0.0,0.93430429,0.0,0.0372746397294709
2018-12-28 20:00:00,1.0227918395573998,0.0372250081883262,0.79387137,0.0,0.79387137,0.0,0.0372250081883262
2018-12-28 21:00:00,0.9343042876901796,0.042129240843916,0.62084682,0.0,0.62084682,0.0,0.042129240843916
2018-12-28 22:00:00,0.7938713692946059,0.0491742426960222,0.48195263,0.0,0.48195263,0.0,0.0491742426960222
2018-12-28 23:00:00,0.6208468188105118,0.0589318002264272,0.42518776,0.0,0.42518776,0.0,0.0589318002264272
2018-12-29 00:00:00,0.4819526279391424,0.0684050157177671,0.39819053,0.0,0.39819053,0.0,0.0684050157177671
2018-12-29 01:00:00,0.4251877593360996,0.0789297765735941,0.38536964,0.0,0.38536964,0.0,0.0789297765735941
2018-12-29 02:00:00,0.3981905255878284,0.0903853899535052,0.38500242,0.0,0.38500242,0.0,0.0903853899535052
2018-12-29 03:00:00,0.3853696403872753,0.1066412068953089,0.39610097,0.0,0.39610097,0.0,0.1066412068953089
2018-12-29 04:00:00,0.3850024204702627,0.1256275229603915,0.42165456,0.0,0.42165456,0.0,0.1256275229603915
2018-12-29 05:00:00,0.3961009681881051,0.1472667815160956,0.43557,0.0,0.43557,0.0,0.1472667815160956
2018-12-29 06:00:00,0.4216545643153527,0.1649021754522352,0.41588585,0.0,0.41588585,0.0,0.1649021754522352
2018-12-29 07:00:00,0.4745743430152144,0.1777074727665435,0.65785808,0.0,0.65785808,0.0,0.1777074727665435
2018-12-29 08:00:00,0.5647704011065006,0.1804647971325487,0.73248526,0.0,0.73248526,0.0,0.1804647971325487
2018-12-29 09:00:00,0.7178921161825725,0.1589920757432314,0.66744892,0.0,0.66744892,0.0,0.1589920757432314
2018-12-29 10:00:00,0.8232866528354079,0.1113416251196708,0.72446379,0.0,0.72446379,0.0,0.1113416251196708
2018-12-29 11:00:00,0.8368208852005533,0.0672740425942284,0.72778604,0.0,0.72778604,0.0,0.0672740425942284
2018-12-29 12:00:00,0.8046479944674964,0.0459267108838427,0.74680083,0.0,0.74680083,0.0,0.0459267108838427
2018-12-29 13:00:00,0.790680152143845,0.0365956214496636,0.76695367,0.0,0.76695367,0.0,0.0365956214496636
2018-12-29 14:00:00,0.7468008298755187,0.0301742165661941,0.51011628,0.0,0.51011628,0.0,0.0301742165661941
2018-12-29 15:00:00,0.7669536652835407,0.0265347754284583,0.86160235,0.0,0.86160235,0.0,0.0265347754284583
2018-12-29 16:00:00,0.7978737897648686,0.0258358526525336,0.98729599,0.0,0.98729599,0.0,0.0258358526525336
2018-12-29 17:00:00,0.8616023513139696,0.0275264032445978,1.0478237,0.0,1.0478237,0.0,0.0275264032445978
2018-12-29 18:00:00,0.9872959889349932,0.0346971060535932,1.0418952,0.0,1.0418952,0.0,0.0346971060535932
2018-12-29 19:00:00,1.047823651452282,0.0394662821203217,0.93567462,0.0,0.93567462,0.0,0.0394662821203217
2018-12-29 20:00:00,1.0418952282157676,0.0433058403988678,0.81142635,0.0,0.81142635,0.0,0.0433058403988678
2018-12-29 21:00:00,0.935674619640387,0.0487645524817531,0.64296162,0.0,0.64296162,0.0,0.0487645524817531
2018-12-29 22:00:00,0.8114263485477179,0.0576939273346867,0.48234613,0.0,0.48234613,0.0,0.0576939273346867
2018-12-29 23:00:00,0.6429616182572615,0.0684893927963572,0.41941563,0.0,0.41941563,0.0,0.0684893927963572
2018-12-30 00:00:00,0.4823461272475796,0.0762712103278573,0.40381397,0.0,0.40381397,0.0,0.0762712103278573
2018-12-30 01:00:00,0.4194156293222683,0.08055045563993,0.38622303,0.0,0.38622303,0.0,0.08055045563993
2018-12-30 02:00:00,0.4038139695712309,0.0861993758486172,0.38309474,0.0,0.38309474,0.0,0.0861993758486172
2018-12-30 03:00:00,0.3862230290456431,0.0977512605837726,0.39932331,0.0,0.39932331,0.0,0.0977512605837726
2018-12-30 04:00:00,0.383094744121715,0.1139390563743781,0.4205574,0.0,0.4205574,0.0,0.1139390563743781
2018-12-30 05:00:00,0.3993233056708161,0.1331434053560992,0.3948731,0.0,0.3948731,0.0,0.1331434053560992
2018-12-30 06:00:00,0.4205573997233749,0.1521374929942099,0.26833576,0.0,0.26833576,0.0,0.1521374929942099
2018-12-30 07:00:00,0.4702299446749655,0.1709818040546709,0.42680581,0.0,0.42680581,0.0,0.1709818040546709
2018-12-30 08:00:00,0.5623779391424618,0.1796010457603634,0.50700832,0.0,0.50700832,0.0,0.1796010457603634
2018-12-30 09:00:00,0.7086607883817427,0.1530769610004533,0.34904388,0.0,0.34904388,0.0,0.1530769610004533
2018-12-30 10:00:00,0.8006867219917012,0.0971507742742254,0.55157413,0.0,0.55157413,0.0,0.0971507742742254
2018-12-30 11:00:00,0.8218378284923927,0.0582918196612474,0.51985487,0.0,0.51985487,0.0,0.0582918196612474
2018-12-30 12:00:00,0.7983668741355463,0.0399989547973095,0.71209394,0.0,0.71209394,0.0,0.0399989547973095
2018-12-30 13:00:00,0.807774550484094,0.0336872823114635,0.70882263,0.0,0.70882263,0.0,0.0336872823114635
2018-12-30 14:00:00,0.7405411479944675,0.028553222763256,0.77266244,0.0,0.77266244,0.0,0.028553222763256
2018-12-30 15:00:00,0.7461199861687412,0.0259621277443241,0.59774397,0.0,0.59774397,0.0,0.0259621277443241
2018-12-30 16:00:00,0.7847133471645918,0.0240179617063325,1.0065163,0.0,1.0065163,0.0,0.0240179617063325
2018-12-30 17:00:00,0.8733329875518672,0.0267442136148012,1.0496055,0.0,1.0496055,0.0,0.0267442136148012
2018-12-30 18:00:00,1.0065162517289077,0.0327024403548173,1.0404893,0.0,1.0404893,0.0,0.0327024403548173
2018-12-30 19:00:00,1.0496054633471643,0.0372900168606158,0.96326763,0.0,0.96326763,0.0,0.0372900168606158
2018-12-30 20:00:00,1.0404892807745507,0.0408008863669566,0.84369917,0.0,0.84369917,0.0,0.0408008863669566
2018-12-30 21:00:00,0.9632676348547716,0.0421808541880623,0.65075138,0.0,0.65075138,0.0,0.0421808541880623
2018-12-30 22:00:00,0.8436991701244814,0.0445564445591069,0.48488036,0.0,0.48488036,0.0,0.0445564445591069
2018-12-30 23:00:00,0.6507513831258646,0.0474604707682614,0.41581189,0.0,0.41581189,0.0,0.0474604707682614
2018-12-31 00:00:00,0.4848803596127247,0.0483611154958046,0.40123755,0.0,0.40123755,0.0,0.0483611154958046
2018-12-31 01:00:00,0.4158118948824342,0.0497203591221691,0.38441425,0.0,0.38441425,0.0,0.0497203591221691
2018-12-31 02:00:00,0.4012375518672199,0.054577868956203,0.38435443,0.0,0.38435443,0.0,0.054577868956203
2018-12-31 03:00:00,0.3844142461964038,0.0621256296734951,0.40143638,0.0,0.40143638,0.0,0.0621256296734951
2018-12-31 04:00:00,0.3843544260027662,0.0726648649543874,0.43819606,0.0,0.43819606,0.0,0.0726648649543874
2018-12-31 05:00:00,0.4014363762102352,0.0893915071014889,0.46778505,0.0,0.46778505,0.0,0.0893915071014889
2018-12-31 06:00:00,0.4381960580912863,0.1057320539035693,0.4919848,0.0,0.4919848,0.0,0.1057320539035693
2018-12-31 07:00:00,0.5391265560165974,0.1239697326441265,0.21355356,0.0,0.21355356,0.0,0.1239697326441265
2018-12-31 08:00:00,0.6268378284923927,0.129316678646727,0.41148856,0.0,0.41148856,0.0,0.129316678646727
2018-12-31 09:00:00,0.7007085062240663,0.1073637764201399,0.5169553,0.0,0.5169553,0.0,0.1073637764201399
2018-12-31 10:00:00,0.7521414246196403,0.0720146329684441,0.32009075,0.0,0.32009075,0.0,0.0720146329684441
2018-12-31 11:00:00,0.7599066390041493,0.0470737355741023,0.38138808,0.0,0.38138808,0.0,0.0470737355741023
2018-12-31 12:00:00,0.7358001383125864,0.0348658290829772,0.68561999,0.0,0.68561999,0.0,0.0348658290829772
2018-12-31 13:00:00,0.7248264177040109,0.0292582327525896,0.60950775,0.0,0.60950775,0.0,0.0292582327525896
2018-12-31 14:00:00,0.6856199861687413,0.0236605938582267,0.39110923,0.0,0.39110923,0.0,0.0236605938582267
2018-12-31 15:00:00,0.6810121023513139,0.0214534325318277,0.80176279,0.0,0.80176279,0.0,0.0214534325318277
2018-12-31 16:00:00,0.7091670124481327,0.0222059677481208,0.93262586,0.0,0.93262586,0.0,0.0222059677481208
2018-12-31 17:00:00,0.8017627939142462,0.0266748989307536,1.0217344,0.0,1.0217344,0.0,0.0266748989307536
2018-12-31 18:00:00,0.9326258644536652,0.0332760599179107,1.0155681,0.0,1.0155681,0.0,0.0332760599179107
2018-12-31 19:00:00,1.021734439834025,0.0364107292596627,0.93106604,0.0,0.93106604,0.0,0.0364107292596627
2018-12-31 20:00:00,1.0155681189488244,0.0364362540522514,0.78810892,0.0,0.78810892,0.0,0.0364362540522514
2018-12-31 21:00:00,0.9310660442600276,0.0385679892706862,0.62359613,0.0,0.62359613,0.0,0.0385679892706862
