timestamp,default.electricity.kwh,default.gas.therms,retail.imports.kwh,retail.exports.kwh,nem3.imports.kwh,nem3.exports.kwh,solarstorage.gas.therms
2017-12-31 22:00:00,0.8086570945945947,0.0805739654685994,0.46137331,0.0,0.46137331,0.0,0.0805739654685994
2017-12-31 23:00:00,0.6140861486486486,0.0875680749636139,0.41677365,0.0,0.41677365,0.0,0.0875680749636139
2018-01-01 00:00:00,0.4613733108108108,0.090076615656073,0.39871453,0.0,0.39871453,0.0,0.090076615656073
2018-01-01 01:00:00,0.4167736486486487,0.0849723174121632,0.38194426,0.0,0.38194426,0.0,0.0849723174121632
2018-01-01 02:00:00,0.398714527027027,0.0908471889393019,0.38283953,0.0,0.38283953,0.0,0.0908471889393019
2018-01-01 03:00:00,0.3819442567567567,0.1194086827458419,0.39899493,0.0,0.39899493,0.0,0.1194086827458419
2018-01-01 04:00:00,0.382839527027027,0.1344317951551061,0.44197973,0.0,0.44197973,0.0,0.1344317951551061
2018-01-01 05:00:00,0.3989949324324324,0.1568058931724455,0.54861824,0.0,0.54861824,0.0,0.1568058931724455
2018-01-01 06:00:00,0.4419797297297297,0.1863061255852564,0.47097982,0.0,0.47097982,0.0,0.1863061255852564
2018-01-01 07:00:00,0.5486182432432433,0.2107036310768787,0.36853991,0.0,0.36853991,0.0,0.2107036310768787
2018-01-01 08:00:00,0.6621722972972972,0.2277424295143663,0.4504246,0.0,0.4504246,0.0,0.2277424295143663
2018-01-01 09:00:00,0.763483108108108,0.2246102595570142,0.098948322,0.0,0.098948322,0.0,0.2246102595570142
2018-01-01 10:00:00,0.7527871621621622,0.2026231462235847,0.069759759,0.0,0.069759759,0.0,0.2026231462235847
2018-01-01 11:00:00,0.7402618243243244,0.1689114309994157,0.15499633,0.0,0.15499633,0.0,0.1689114309994157
2018-01-01 12:00:00,0.7293091216216216,0.1254826560680902,0.24932061,0.0,0.24932061,0.0,0.1254826560680902
2018-01-01 13:00:00,0.7522956081081081,0.094002134628138,0.41733281,0.0,0.41733281,0.0,0.094002134628138
2018-01-01 14:00:00,0.7165320945945947,0.0673254846653908,0.67729171,0.0,0.67729171,0.0,0.0673254846653908
2018-01-01 15:00:00,0.6959391891891891,0.0511231367938146,0.82851014,0.0,0.82851014,0.0,0.0511231367938146
2018-01-01 16:00:00,0.7454510135135135,0.0453966116483007,0.95860473,0.0,0.95860473,0.0,0.0453966116483007
2018-01-01 17:00:00,0.8285101351351353,0.0515132303312801,1.0303142,0.0,1.0303142,0.0,0.0515132303312801
2018-01-01 18:00:00,0.95860472972973,0.06158431073709,1.0711672,0.0,1.0711672,0.0,0.06158431073709
2018-01-01 19:00:00,1.0303141891891894,0.0720219148395493,0.96776858,0.0,0.96776858,0.0,0.0720219148395493
2018-01-01 20:00:00,1.07116722972973,0.0784938890006979,0.84604561,0.0,0.84604561,0.0,0.0784938890006979
2018-01-01 21:00:00,0.9677685810810812,0.0875012008202802,0.6105152,0.0,0.6105152,0.0,0.0875012008202802
2018-01-01 22:00:00,0.8460456081081084,0.0985055286508088,0.44901858,0.0,0.44901858,0.0,0.0985055286508088
2018-01-01 23:00:00,0.6105152027027028,0.1004604230752643,0.40105574,0.0,0.40105574,0.0,0.1004604230752643
2018-01-02 00:00:00,0.4490185810810811,0.10133838697371,0.39040203,0.0,0.39040203,0.0,0.10133838697371
2018-01-02 01:00:00,0.4010557432432432,0.0937115919882273,0.38082601,0.0,0.38082601,0.0,0.0937115919882273
2018-01-02 02:00:00,0.3904020270270271,0.0933994732288026,0.38191216,0.0,0.38191216,0.0,0.0933994732288026
2018-01-02 03:00:00,0.3808260135135135,0.1184615130638956,0.40407432,0.0,0.40407432,0.0,0.1184615130638956
2018-01-02 04:00:00,0.3819121621621622,0.1282980101937973,0.44882095,0.0,0.44882095,0.0,0.1282980101937973
2018-01-02 05:00:00,0.4040743243243243,0.1463533023683345,0.54059797,0.0,0.54059797,0.0,0.1463533023683345
2018-01-02 06:00:00,0.4488209459459459,0.1719114408887645,0.6024329,0.0,0.6024329,0.0,0.1719114408887645
2018-01-02 07:00:00,0.5405979729729731,0.1884934068129992,0.60522482,0.0,0.60522482,0.0,0.1884934068129992
2018-01-02 08:00:00,0.6542956081081079,0.2004579142017667,0.70677492,0.0,0.70677492,0.0,0.2004579142017667
2018-01-02 09:00:00,0.7189831081081081,0.1968906399141649,0.35687974,0.0,0.35687974,0.0,0.1968906399141649
2018-01-02 10:00:00,0.7987179054054054,0.1841181347278974,0.35976828,0.0,0.35976828,0.0,0.1841181347278974
2018-01-02 11:00:00,0.7428530405405406,0.1624705284778806,0.44901791,0.0,0.44901791,0.0,0.1624705284778806
2018-01-02 12:00:00,0.736758445945946,0.1379486350521443,0.65608797,0.0,0.65608797,0.0,0.1379486350521443
2018-01-02 13:00:00,0.7783057432432433,0.1308409848185744,0.68782192,0.0,0.68782192,0.0,0.1308409848185744
2018-01-02 14:00:00,0.7453445945945947,0.113215795775089,0.72574395,0.0,0.72574395,0.0,0.113215795775089
2018-01-02 15:00:00,0.7395202702702701,0.1021518252649323,0.82535304,0.0,0.82535304,0.0,0.1021518252649323
2018-01-02 16:00:00,0.7380625000000001,0.0964454569797005,0.93602534,0.0,0.93602534,0.0,0.0964454569797005
2018-01-02 17:00:00,0.8253530405405406,0.0959529402343299,1.0356993,0.0,1.0356993,0.0,0.0959529402343299
2018-01-02 18:00:00,0.936025337837838,0.0977660101112505,1.0567162,0.0,1.0567162,0.0,0.0977660101112505
2018-01-02 19:00:00,1.0356993243243244,0.102475619121134,0.98003209,0.0,0.98003209,0.0,0.102475619121134
2018-01-02 20:00:00,1.056716216216216,0.1011853266239223,0.84801014,0.0,0.84801014,0.0,0.1011853266239223
2018-01-02 21:00:00,0.9800320945945944,0.1051882965997876,0.6047027,0.0,0.6047027,0.0,0.1051882965997876
2018-01-02 22:00:00,0.8480101351351352,0.1071228145166987,0.46945439,0.0,0.46945439,0.0,0.1071228145166987
2018-01-02 23:00:00,0.6047027027027027,0.1064377684981377,0.40602196,0.0,0.40602196,0.0,0.1064377684981377
2018-01-03 00:00:00,0.4694543918918919,0.1017063637214777,0.38723311,0.0,0.38723311,0.0,0.1017063637214777
2018-01-03 01:00:00,0.4060219594594594,0.0932771972875934,0.37986318,0.0,0.37986318,0.0,0.0932771972875934
2018-01-03 02:00:00,0.387233108108108,0.0887311579041911,0.38251014,0.0,0.38251014,0.0,0.0887311579041911
2018-01-03 03:00:00,0.3798631756756757,0.1138358599959588,0.39891216,0.0,0.39891216,0.0,0.1138358599959588
2018-01-03 04:00:00,0.3825101351351352,0.1239128877737885,0.43903885,0.0,0.43903885,0.0,0.1239128877737885
2018-01-03 05:00:00,0.3989121621621622,0.1415491774519808,0.54481926,0.0,0.54481926,0.0,0.1415491774519808
2018-01-03 06:00:00,0.4390388513513513,0.1647899697736263,0.58072176,0.0,0.58072176,0.0,0.1647899697736263
2018-01-03 07:00:00,0.5448192567567568,0.1826965945436175,0.55790932,0.0,0.55790932,0.0,0.1826965945436175
2018-01-03 08:00:00,0.6594729729729728,0.1936319531338509,0.64569682,0.0,0.64569682,0.0,0.1936319531338509
2018-01-03 09:00:00,0.7206469594594594,0.1940741368643175,0.73048393,0.0,0.73048393,0.0,0.1940741368643175
2018-01-03 10:00:00,0.7490489864864865,0.1959241074812684,0.59664193,0.0,0.59664193,0.0,0.1959241074812684
2018-01-03 11:00:00,0.7412618243243244,0.1924054597183037,0.56642867,0.0,0.56642867,0.0,0.1924054597183037
2018-01-03 12:00:00,0.7191452702702702,0.1790534067830498,0.68405596,0.0,0.68405596,0.0,0.1790534067830498
2018-01-03 13:00:00,0.7427888513513514,0.1816466130470718,0.69872708,0.0,0.69872708,0.0,0.1816466130470718
2018-01-03 14:00:00,0.7108817567567568,0.1680637277353082,0.72967215,0.0,0.72967215,0.0,0.1680637277353082
2018-01-03 15:00:00,0.7135422297297297,0.1571327958822028,0.80259459,0.0,0.80259459,0.0,0.1571327958822028
2018-01-03 16:00:00,0.7323682432432432,0.150006577007015,0.93919257,0.0,0.93919257,0.0,0.150006577007015
2018-01-03 17:00:00,0.8025945945945947,0.1501846771446804,1.0263057,0.0,1.0263057,0.0,0.1501846771446804
2018-01-03 18:00:00,0.9391925675675676,0.1459463804714044,1.0378682,0.0,1.0378682,0.0,0.1459463804714044
2018-01-03 19:00:00,1.0263057432432434,0.1387652666766384,1.0186537,0.0,1.0186537,0.0,0.1387652666766384
2018-01-03 20:00:00,1.0378682432432431,0.1284577275452207,0.82677365,0.0,0.82677365,0.0,0.1284577275452207
2018-01-03 21:00:00,1.018653716216216,0.1216510109566523,0.65496791,0.0,0.65496791,0.0,0.1216510109566523
2018-01-03 22:00:00,0.8267736486486488,0.1211721799253041,0.47110642,0.0,0.47110642,0.0,0.1211721799253041
2018-01-03 23:00:00,0.6549679054054054,0.1135014723833471,0.42007601,0.0,0.42007601,0.0,0.1135014723833471
2018-01-04 00:00:00,0.4711064189189189,0.1027514791863713,0.39771791,0.0,0.39771791,0.0,0.1027514791863713
2018-01-04 01:00:00,0.4200760135135136,0.0909977317935472,0.38143412,0.0,0.38143412,0.0,0.0909977317935472
2018-01-04 02:00:00,0.3977179054054054,0.0844287411263291,0.38640878,0.0,0.38640878,0.0,0.0844287411263291
2018-01-04 03:00:00,0.3814341216216216,0.100552556653738,0.40096959,0.0,0.40096959,0.0,0.100552556653738
2018-01-04 04:00:00,0.3864087837837838,0.1040522640643333,0.43906588,0.0,0.43906588,0.0,0.1040522640643333
2018-01-04 05:00:00,0.4009695945945946,0.1189266583812218,0.53686486,0.0,0.53686486,0.0,0.1189266583812218
2018-01-04 06:00:00,0.4390658783783784,0.1358672744925567,0.62034217,0.0,0.62034217,0.0,0.1358672744925567
2018-01-04 07:00:00,0.536864864864865,0.14604995260345,0.68111401,0.0,0.68111401,0.0,0.14604995260345
2018-01-04 08:00:00,0.6498445945945944,0.1520702982018626,0.70266196,0.0,0.70266196,0.0,0.1520702982018626
2018-01-04 09:00:00,0.7439831081081081,0.153559692494184,0.67931326,0.0,0.67931326,0.0,0.153559692494184
2018-01-04 10:00:00,0.7721841216216216,0.1486835063799225,0.60541425,0.0,0.60541425,0.0,0.1486835063799225
2018-01-04 11:00:00,0.7435135135135136,0.1345182010088221,0.50744039,0.0,0.50744039,0.0,0.1345182010088221
2018-01-04 12:00:00,0.7110878378378377,0.1095943361975244,0.4884491,0.0,0.4884491,0.0,0.1095943361975244
2018-01-04 13:00:00,0.7197111486486487,0.0947954160590779,0.56617814,0.0,0.56617814,0.0,0.0947954160590779
2018-01-04 14:00:00,0.6791131756756758,0.0744532748632998,0.69954469,0.0,0.69954469,0.0,0.0744532748632998
2018-01-04 15:00:00,0.6805439189189189,0.0548103215905724,0.81515203,0.0,0.81515203,0.0,0.0548103215905724
2018-01-04 16:00:00,0.727981418918919,0.0426059424956632,0.93248818,0.0,0.93248818,0.0,0.0426059424956632
2018-01-04 17:00:00,0.8151520270270272,0.042496541263201,1.0314628,0.0,1.0314628,0.0,0.042496541263201
2018-01-04 18:00:00,0.9324881756756758,0.052596378564401,1.0502703,0.0,1.0502703,0.0,0.052596378564401
2018-01-04 19:00:00,1.031462837837838,0.0534532394297432,1.0015709,0.0,1.0015709,0.0,0.0534532394297432
2018-01-04 20:00:00,1.0502702702702702,0.0534279799946035,0.84260473,0.0,0.84260473,0.0,0.0534279799946035
2018-01-04 21:00:00,1.001570945945946,0.0542545633296643,0.62982095,0.0,0.62982095,0.0,0.0542545633296643
2018-01-04 22:00:00,0.8426047297297298,0.0578516082692504,0.46434966,0.0,0.46434966,0.0,0.0578516082692504
2018-01-04 23:00:00,0.629820945945946,0.0589169650741425,0.39909291,0.0,0.39909291,0.0,0.0589169650741425
2018-01-05 00:00:00,0.4643496621621622,0.0531041861384017,0.38870777,0.0,0.38870777,0.0,0.0531041861384017
2018-01-05 01:00:00,0.3990929054054054,0.0454008525300532,0.38241047,0.0,0.38241047,0.0,0.0454008525300532
2018-01-05 02:00:00,0.3887077702702702,0.0410333694747841,0.38135135,0.0,0.38135135,0.0,0.0410333694747841
2018-01-05 03:00:00,0.382410472972973,0.0529622602152073,0.40070946,0.0,0.40070946,0.0,0.0529622602152073
2018-01-05 04:00:00,0.3813513513513513,0.0576183259809715,0.45470439,0.0,0.45470439,0.0,0.0576183259809715
2018-01-05 05:00:00,0.4007094594594594,0.0687517219218908,0.54034122,0.0,0.54034122,0.0,0.0687517219218908
2018-01-05 06:00:00,0.4547043918918919,0.0862850477219943,0.4460619,0.0,0.4460619,0.0,0.0862850477219943
2018-01-05 07:00:00,0.5403412162162163,0.0999132141616342,0.30789763,0.0,0.30789763,0.0,0.0999132141616342
2018-01-05 08:00:00,0.6458530405405404,0.1077062314366867,0.2032539,0.0,0.2032539,0.0,0.1077062314366867
2018-01-05 09:00:00,0.7195320945945946,0.1070121629844366,0.098842661,0.0,0.098842661,0.0,0.1070121629844366
2018-01-05 10:00:00,0.7760557432432432,0.1096629675189548,0.058251059,0.0,0.058251059,0.0,0.1096629675189548
2018-01-05 11:00:00,0.7630506756756757,0.1094950556350615,0.10021447,0.0,0.10021447,0.0,0.1094950556350615
2018-01-05 12:00:00,0.7406908783783783,0.1026002604943965,0.18290486,0.0,0.18290486,0.0,0.1026002604943965
2018-01-05 13:00:00,0.7265506756756757,0.1012496156879409,0.3536936,0.0,0.3536936,0.0,0.1012496156879409
2018-01-05 14:00:00,0.6806790540540542,0.0885122540636072,0.61574566,0.0,0.61574566,0.0,0.0885122540636072
2018-01-05 15:00:00,0.661939189189189,0.0817952718295726,0.80078885,0.0,0.80078885,0.0,0.0817952718295726
2018-01-05 16:00:00,0.7031452702702703,0.0868445737782445,0.90986149,0.0,0.90986149,0.0,0.0868445737782445
2018-01-05 17:00:00,0.8007888513513514,0.0935162410925163,1.0078193,0.0,1.0078193,0.0,0.0935162410925163
2018-01-05 18:00:00,0.9098614864864868,0.0996803204800496,1.0168564,0.0,1.0168564,0.0,0.0996803204800496
2018-01-05 19:00:00,1.007819256756757,0.1016710849919981,0.97200338,0.0,0.97200338,0.0,0.1016710849919981
2018-01-05 20:00:00,1.0168564189189189,0.1021673864286539,0.839375,0.0,0.839375,0.0,0.1021673864286539
2018-01-05 21:00:00,0.9720033783783784,0.10590304568656,0.61510304,0.0,0.61510304,0.0,0.10590304568656
2018-01-05 22:00:00,0.8393750000000001,0.1076961276626307,0.46303547,0.0,0.46303547,0.0,0.1076961276626307
2018-01-05 23:00:00,0.6151030405405404,0.1051826364588029,0.41140372,0.0,0.41140372,0.0,0.1051826364588029
2018-01-06 00:00:00,0.463035472972973,0.0977794592820675,0.39378041,0.0,0.39378041,0.0,0.0977794592820675
2018-01-06 01:00:00,0.4114037162162162,0.0882134999952832,0.39357264,0.0,0.39357264,0.0,0.0882134999952832
2018-01-06 02:00:00,0.3937804054054054,0.0812978383647199,0.38143074,0.0,0.38143074,0.0,0.0812978383647199
2018-01-06 03:00:00,0.3935726351351352,0.0993557325145156,0.40100338,0.0,0.40100338,0.0,0.0993557325145156
2018-01-06 04:00:00,0.3814307432432433,0.1038596672073702,0.42963514,0.0,0.42963514,0.0,0.1038596672073702
2018-01-06 05:00:00,0.4010033783783784,0.1154474457497733,0.48705068,0.0,0.48705068,0.0,0.1154474457497733
2018-01-06 06:00:00,0.4296351351351352,0.1310310303881087,0.38118352,0.0,0.38118352,0.0,0.1310310303881087
2018-01-06 07:00:00,0.4870506756756757,0.149120773390907,0.28448189,0.0,0.28448189,0.0,0.149120773390907
2018-01-06 08:00:00,0.5895793918918918,0.1638021991400808,0.2396648,0.0,0.2396648,0.0,0.1638021991400808
2018-01-06 09:00:00,0.702795608108108,0.1534688936952261,0.16994338,0.0,0.16994338,0.0,0.1534688936952261
2018-01-06 10:00:00,0.8137702702702703,0.1268692892336416,0.17771394,0.0,0.17771394,0.0,0.1268692892336416
2018-01-06 11:00:00,0.8287972972972973,0.0951499605319718,0.21918271,0.0,0.21918271,0.0,0.0951499605319718
2018-01-06 12:00:00,0.8514797297297296,0.0699590384418636,0.42555011,0.0,0.42555011,0.0,0.0699590384418636
2018-01-06 13:00:00,0.8209476351351352,0.0533346637001031,0.56036355,0.0,0.56036355,0.0,0.0533346637001031
2018-01-06 14:00:00,0.7871097972972972,0.0403428153787277,0.71280684,0.0,0.71280684,0.0,0.0403428153787277
2018-01-06 15:00:00,0.7767246621621621,0.0332846364669569,0.83585304,0.0,0.83585304,0.0,0.0332846364669569
2018-01-06 16:00:00,0.7714645270270271,0.0313235750232198,0.96647635,0.0,0.96647635,0.0,0.0313235750232198
2018-01-06 17:00:00,0.8358530405405405,0.0365976099128924,1.0289274,0.0,1.0289274,0.0,0.0365976099128924
2018-01-06 18:00:00,0.9664763513513516,0.0466702447454802,1.0637905,0.0,1.0637905,0.0,0.0466702447454802
2018-01-06 19:00:00,1.028927364864865,0.0573728110297886,0.99695777,0.0,0.99695777,0.0,0.0573728110297886
2018-01-06 20:00:00,1.0637905405405406,0.0664167363583664,0.90516385,0.0,0.90516385,0.0,0.0664167363583664
2018-01-06 21:00:00,0.9969577702702704,0.0764462865356988,0.6936098,0.0,0.6936098,0.0,0.0764462865356988
2018-01-06 22:00:00,0.9051638513513516,0.0915048973217046,0.48404899,0.0,0.48404899,0.0,0.0915048973217046
2018-01-06 23:00:00,0.6936097972972973,0.0978866640419088,0.41346453,0.0,0.41346453,0.0,0.0978866640419088
2018-01-07 00:00:00,0.4840489864864865,0.1035098198066962,0.39027196,0.0,0.39027196,0.0,0.1035098198066962
2018-01-07 01:00:00,0.4134645270270271,0.1026022035278688,0.38757432,0.0,0.38757432,0.0,0.1026022035278688
2018-01-07 02:00:00,0.3902719594594594,0.102725476329729,0.38424493,0.0,0.38424493,0.0,0.102725476329729
2018-01-07 03:00:00,0.3875743243243243,0.1255459482714575,0.39990372,0.0,0.39990372,0.0,0.1255459482714575
2018-01-07 04:00:00,0.3842449324324324,0.1324289669396861,0.42669764,0.0,0.42669764,0.0,0.1324289669396861
2018-01-07 05:00:00,0.3999037162162162,0.1511717719404967,0.47215878,0.0,0.47215878,0.0,0.1511717719404967
2018-01-07 06:00:00,0.4266976351351352,0.1769066589231335,0.55844456,0.0,0.55844456,0.0,0.1769066589231335
2018-01-07 07:00:00,0.4721587837837839,0.1906984625730278,0.68687746,0.0,0.68687746,0.0,0.1906984625730278
2018-01-07 08:00:00,0.5812533783783782,0.2070250463152285,0.66640111,0.0,0.66640111,0.0,0.2070250463152285
2018-01-07 09:00:00,0.7362601351351351,0.2142538066699243,0.57974762,0.0,0.57974762,0.0,0.2142538066699243
2018-01-07 10:00:00,0.832508445945946,0.2095962878530418,0.51125536,0.0,0.51125536,0.0,0.2095962878530418
2018-01-07 11:00:00,0.8430979729729732,0.202105217979585,0.58181493,0.0,0.58181493,0.0,0.202105217979585
2018-01-07 12:00:00,0.8150523648648649,0.1886262934065617,0.49594216,0.0,0.49594216,0.0,0.1886262934065617
2018-01-07 13:00:00,0.8293665540540541,0.1843643086208667,0.56770541,0.0,0.56770541,0.0,0.1843643086208667
2018-01-07 14:00:00,0.7831756756756757,0.1612922729802762,0.74132216,0.0,0.74132216,0.0,0.1612922729802762
2018-01-07 15:00:00,0.7447939189189188,0.1459594579314705,0.84900845,0.0,0.84900845,0.0,0.1459594579314705
2018-01-07 16:00:00,0.790864864864865,0.1410484661741398,0.98367905,0.0,0.98367905,0.0,0.1410484661741398
2018-01-07 17:00:00,0.849008445945946,0.1386153320763493,1.040522,0.0,1.040522,0.0,0.1386153320763493
2018-01-07 18:00:00,0.9836790540540544,0.1325110305359901,1.0375743,0.0,1.0375743,0.0,0.1325110305359901
2018-01-07 19:00:00,1.0405219594594597,0.1323073499402632,0.97817399,0.0,0.97817399,0.0,0.1323073499402632
2018-01-07 20:00:00,1.0375743243243245,0.1284621035945192,0.84739696,0.0,0.84739696,0.0,0.1284621035945192
2018-01-07 21:00:00,0.9781739864864863,0.1247303641954443,0.66590878,0.0,0.66590878,0.0,0.1247303641954443
2018-01-07 22:00:00,0.8473969594594596,0.1252105469022517,0.47337162,0.0,0.47337162,0.0,0.1252105469022517
2018-01-07 23:00:00,0.6659087837837838,0.1214595630238291,0.41783277,0.0,0.41783277,0.0,0.1214595630238291
2018-01-08 00:00:00,0.4733716216216216,0.1131851127421698,0.39729899,0.0,0.39729899,0.0,0.1131851127421698
2018-01-08 01:00:00,0.4178327702702702,0.1024259112561296,0.38434122,0.0,0.38434122,0.0,0.1024259112561296
2018-01-08 02:00:00,0.3972989864864865,0.0950315030739342,0.38286486,0.0,0.38286486,0.0,0.0950315030739342
2018-01-08 03:00:00,0.3843412162162162,0.1149290106274763,0.4054527,0.0,0.4054527,0.0,0.1149290106274763
2018-01-08 04:00:00,0.3828648648648649,0.1200778803696464,0.44809122,0.0,0.44809122,0.0,0.1200778803696464
2018-01-08 05:00:00,0.4054527027027027,0.1321892135051472,0.54451182,0.0,0.54451182,0.0,0.1321892135051472
2018-01-08 06:00:00,0.4480912162162163,0.1534982926364592,0.61816252,0.0,0.61816252,0.0,0.1534982926364592
2018-01-08 07:00:00,0.5445118243243244,0.1659530189223172,0.6570395,0.0,0.6570395,0.0,0.1659530189223172
2018-01-08 08:00:00,0.6367702702702702,0.1739706339708245,0.71976545,0.0,0.71976545,0.0,0.1739706339708245
2018-01-08 09:00:00,0.6955253378378378,0.1757734480102002,0.76214746,0.0,0.76214746,0.0,0.1757734480102002
2018-01-08 10:00:00,0.7595743243243244,0.1793895177818716,0.71519788,0.0,0.71519788,0.0,0.1793895177818716
2018-01-08 11:00:00,0.7846621621621622,0.1834058862407243,0.69470773,0.0,0.69470773,0.0,0.1834058862407243
2018-01-08 12:00:00,0.7550067567567567,0.1727181039067486,0.68086516,0.0,0.68086516,0.0,0.1727181039067486
2018-01-08 13:00:00,0.7450912162162163,0.1710672519808503,0.66736031,0.0,0.66736031,0.0,0.1710672519808503
2018-01-08 14:00:00,0.7325692567567569,0.1531323602978231,0.74122085,0.0,0.74122085,0.0,0.1531323602978231
2018-01-08 15:00:00,0.6980016891891891,0.1355637726641832,0.86212331,0.0,0.86212331,0.0,0.1355637726641832
2018-01-08 16:00:00,0.7492280405405406,0.1204335061829074,0.99148649,0.0,0.99148649,0.0,0.1204335061829074
2018-01-08 17:00:00,0.862123310810811,0.1084802852842223,1.0265524,0.0,1.0265524,0.0,0.1084802852842223
2018-01-08 18:00:00,0.9914864864864866,0.0989517843035955,1.0521368,0.0,1.0521368,0.0,0.0989517843035955
2018-01-08 19:00:00,1.0265523648648651,0.093461278589165,0.98142399,0.0,0.98142399,0.0,0.093461278589165
2018-01-08 20:00:00,1.0521368243243243,0.0886201684530646,0.83628041,0.0,0.83628041,0.0,0.0886201684530646
2018-01-08 21:00:00,0.9814239864864864,0.0846058612992871,0.64335642,0.0,0.64335642,0.0,0.0846058612992871
2018-01-08 22:00:00,0.8362804054054055,0.0848512410829241,0.45285473,0.0,0.45285473,0.0,0.0848512410829241
2018-01-08 23:00:00,0.6433564189189189,0.082936660379033,0.40360135,0.0,0.40360135,0.0,0.082936660379033
2018-01-09 00:00:00,0.4528547297297297,0.0743650780396004,0.38946959,0.0,0.38946959,0.0,0.0743650780396004
2018-01-09 01:00:00,0.4036013513513513,0.0665878077836452,0.38860811,0.0,0.38860811,0.0,0.0665878077836452
2018-01-09 02:00:00,0.3894695945945946,0.0613152597369774,0.39070946,0.0,0.39070946,0.0,0.0613152597369774
2018-01-09 03:00:00,0.3886081081081081,0.0741584744456934,0.39980236,0.0,0.39980236,0.0,0.0741584744456934
2018-01-09 04:00:00,0.3907094594594594,0.0788592299813206,0.44009797,0.0,0.44009797,0.0,0.0788592299813206
2018-01-09 05:00:00,0.3998023648648648,0.0868808324724322,0.53590878,0.0,0.53590878,0.0,0.0868808324724322
2018-01-09 06:00:00,0.440097972972973,0.1004517723523267,0.52781395,0.0,0.52781395,0.0,0.1004517723523267
2018-01-09 07:00:00,0.5359087837837839,0.1134556674812304,0.50103966,0.0,0.50103966,0.0,0.1134556674812304
2018-01-09 08:00:00,0.6440945945945944,0.1226842823653365,0.33714559,0.0,0.33714559,0.0,0.1226842823653365
2018-01-09 09:00:00,0.7463462837837838,0.1289131914870716,0.25048398,0.0,0.25048398,0.0,0.1289131914870716
2018-01-09 10:00:00,0.7646891891891893,0.1303236310366446,0.35323786,0.0,0.35323786,0.0,0.1303236310366446
2018-01-09 11:00:00,0.7375658783783785,0.1236921929632213,0.57372549,0.0,0.57372549,0.0,0.1236921929632213
2018-01-09 12:00:00,0.7366773648648648,0.1156858981966829,0.60551799,0.0,0.60551799,0.0,0.1156858981966829
2018-01-09 13:00:00,0.7383023648648649,0.1182691696460809,0.63475872,0.0,0.63475872,0.0,0.1182691696460809
2018-01-09 14:00:00,0.7002601351351353,0.1110613771569426,0.70051532,0.0,0.70051532,0.0,0.1110613771569426
2018-01-09 15:00:00,0.6924864864864864,0.1039304443135916,0.81363851,0.0,0.81363851,0.0,0.1039304443135916
2018-01-09 16:00:00,0.7166756756756757,0.0990411131554916,0.96190034,0.0,0.96190034,0.0,0.0990411131554916
2018-01-09 17:00:00,0.8136385135135136,0.0990578063474103,1.0391841,0.0,1.0391841,0.0,0.0990578063474103
2018-01-09 18:00:00,0.961900337837838,0.1059211243458239,1.0281318,0.0,1.0281318,0.0,0.1059211243458239
2018-01-09 19:00:00,1.0391841216216218,0.107432128549546,0.962875,0.0,0.962875,0.0,0.107432128549546
2018-01-09 20:00:00,1.0281317567567567,0.1074255729235699,0.83821115,0.0,0.83821115,0.0,0.1074255729235699
2018-01-09 21:00:00,0.962875,0.1065520188663091,0.64781588,0.0,0.64781588,0.0,0.1065520188663091
2018-01-09 22:00:00,0.8382111486486488,0.1083243188321979,0.46347466,0.0,0.46347466,0.0,0.1083243188321979
2018-01-09 23:00:00,0.6478158783783784,0.1112451881234227,0.40188514,0.0,0.40188514,0.0,0.1112451881234227
2018-01-10 00:00:00,0.4634746621621622,0.1050367906767776,0.39019426,0.0,0.39019426,0.0,0.1050367906767776
2018-01-10 01:00:00,0.4018851351351351,0.0995061233052718,0.38015541,0.0,0.38015541,0.0,0.0995061233052718
2018-01-10 02:00:00,0.3901942567567568,0.0998119905656987,0.387,0.0,0.387,0.0,0.0998119905656987
2018-01-10 03:00:00,0.3801554054054054,0.1257566406836281,0.40904054,0.0,0.40904054,0.0,0.1257566406836281
2018-01-10 04:00:00,0.387,0.1400300800914481,0.44793581,0.0,0.44793581,0.0,0.1400300800914481
2018-01-10 05:00:00,0.4090405405405406,0.1602514152930786,0.5586402,0.0,0.5586402,0.0,0.1602514152930786
2018-01-10 06:00:00,0.4479358108108109,0.18487046039243,0.60402111,0.0,0.60402111,0.0,0.18487046039243
2018-01-10 07:00:00,0.5586402027027028,0.2021874674312648,0.59533847,0.0,0.59533847,0.0,0.2021874674312648
2018-01-10 08:00:00,0.6668902027027026,0.2123384656485878,0.68029428,0.0,0.68029428,0.0,0.2123384656485878
2018-01-10 09:00:00,0.7257516891891892,0.2080084408994758,0.59234129,0.0,0.59234129,0.0,0.2080084408994758
2018-01-10 10:00:00,0.7710608108108109,0.1953188103147882,0.70545525,0.0,0.70545525,0.0,0.1953188103147882
2018-01-10 11:00:00,0.7707331081081081,0.187849992398575,0.76320063,0.0,0.76320063,0.0,0.187849992398575
2018-01-10 12:00:00,0.7652719594594594,0.1715460323243691,0.7115697,0.0,0.7115697,0.0,0.1715460323243691
2018-01-10 13:00:00,0.7752077702702703,0.1650614875814519,0.68765532,0.0,0.68765532,0.0,0.1650614875814519
2018-01-10 14:00:00,0.7209104729729731,0.1391525892794129,0.72967736,0.0,0.72967736,0.0,0.1391525892794129
2018-01-10 15:00:00,0.6930118243243242,0.1130095807878762,0.78672973,0.0,0.78672973,0.0,0.1130095807878762
2018-01-10 16:00:00,0.7310168918918919,0.0921942011179616,0.89735135,0.0,0.89735135,0.0,0.0921942011179616
2018-01-10 17:00:00,0.7867297297297298,0.0832397229128825,1.0023986,0.0,1.0023986,0.0,0.0832397229128825
2018-01-10 18:00:00,0.8973513513513515,0.0867320805881699,1.0890811,0.0,1.0890811,0.0,0.0867320805881699
2018-01-10 19:00:00,1.0023986486486487,0.0884977911361959,1.007826,0.0,1.007826,0.0,0.0884977911361959
2018-01-10 20:00:00,1.0890810810810811,0.089829174567361,0.82472466,0.0,0.82472466,0.0,0.089829174567361
2018-01-10 21:00:00,1.0078260135135135,0.0901600647197226,0.64426014,0.0,0.64426014,0.0,0.0901600647197226
2018-01-10 22:00:00,0.8247246621621623,0.0936906917064425,0.46417905,0.0,0.46417905,0.0,0.0936906917064425
2018-01-10 23:00:00,0.6442601351351351,0.0918860191133111,0.40231588,0.0,0.40231588,0.0,0.0918860191133111
2018-01-11 00:00:00,0.4641790540540541,0.0861084344273337,0.38994088,0.0,0.38994088,0.0,0.0861084344273337
2018-01-11 01:00:00,0.4023158783783784,0.077719531026184,0.38076014,0.0,0.38076014,0.0,0.077719531026184
2018-01-11 02:00:00,0.3899408783783784,0.0691978930949611,0.38159459,0.0,0.38159459,0.0,0.0691978930949611
2018-01-11 03:00:00,0.3807601351351352,0.0868122687347746,0.40107095,0.0,0.40107095,0.0,0.0868122687347746
2018-01-11 04:00:00,0.3815945945945946,0.0924662764919136,0.44138176,0.0,0.44138176,0.0,0.0924662764919136
2018-01-11 05:00:00,0.401070945945946,0.105598107703011,0.54265034,0.0,0.54265034,0.0,0.105598107703011
2018-01-11 06:00:00,0.4413817567567568,0.1266711336113532,0.62762361,0.0,0.62762361,0.0,0.1266711336113532
2018-01-11 07:00:00,0.5426503378378379,0.1417930028088398,0.72504775,0.0,0.72504775,0.0,0.1417930028088398
2018-01-11 08:00:00,0.6343834459459459,0.1502558766494828,0.64011255,0.0,0.64011255,0.0,0.1502558766494828
2018-01-11 09:00:00,0.739910472972973,0.1495828436465637,0.34514982,0.0,0.34514982,0.0,0.1495828436465637
2018-01-11 10:00:00,0.7907466216216216,0.143913899875603,0.39875411,0.0,0.39875411,0.0,0.143913899875603
2018-01-11 11:00:00,0.7463445945945947,0.1351641836066183,0.36028251,0.0,0.36028251,0.0,0.1351641836066183
2018-01-11 12:00:00,0.7414577702702703,0.1123378318766432,0.28223216,0.0,0.28223216,0.0,0.1123378318766432
2018-01-11 13:00:00,0.7779037162162162,0.0884887518065639,0.40948803,0.0,0.40948803,0.0,0.0884887518065639
2018-01-11 14:00:00,0.6796739864864866,0.0595161121172845,0.62703423,0.0,0.62703423,0.0,0.0595161121172845
2018-01-11 15:00:00,0.6598209459459458,0.0421443284304738,0.80783615,0.0,0.80783615,0.0,0.0421443284304738
2018-01-11 16:00:00,0.7068800675675676,0.0352429607678895,0.93604054,0.0,0.93604054,0.0,0.0352429607678895
2018-01-11 17:00:00,0.8078361486486487,0.0384699845505764,1.0611334,0.0,1.0611334,0.0,0.0384699845505764
2018-01-11 18:00:00,0.9360405405405406,0.0485262979019969,1.0815726,0.0,1.0815726,0.0,0.0485262979019969
2018-01-11 19:00:00,1.061133445945946,0.0588034581274736,0.99311993,0.0,0.99311993,0.0,0.0588034581274736
2018-01-11 20:00:00,1.0815726351351351,0.06025321453696,0.86045439,0.0,0.86045439,0.0,0.06025321453696
2018-01-11 21:00:00,0.9931199324324324,0.0698539456749267,0.63286655,0.0,0.63286655,0.0,0.0698539456749267
2018-01-11 22:00:00,0.860454391891892,0.0802074248760069,0.4693902,0.0,0.4693902,0.0,0.0802074248760069
2018-01-11 23:00:00,0.6328665540540541,0.0858659438499903,0.42121453,0.0,0.42121453,0.0,0.0858659438499903
2018-01-12 00:00:00,0.4693902027027027,0.0875711331293399,0.40393412,0.0,0.40393412,0.0,0.0875711331293399
2018-01-12 01:00:00,0.421214527027027,0.0820535601138431,0.38886486,0.0,0.38886486,0.0,0.0820535601138431
2018-01-12 02:00:00,0.4039341216216216,0.0775788385068461,0.38366047,0.0,0.38366047,0.0,0.0775788385068461
2018-01-12 03:00:00,0.3888648648648649,0.0957277342069183,0.40082095,0.0,0.40082095,0.0,0.0957277342069183
2018-01-12 04:00:00,0.383660472972973,0.1028090098730947,0.44556926,0.0,0.44556926,0.0,0.1028090098730947
2018-01-12 05:00:00,0.400820945945946,0.1167679312975503,0.54298818,0.0,0.54298818,0.0,0.1167679312975503
2018-01-12 06:00:00,0.4455692567567568,0.1385479341587754,0.62510794,0.0,0.62510794,0.0,0.1385479341587754
2018-01-12 07:00:00,0.5429881756756757,0.1595552686398106,0.65886438,0.0,0.65886438,0.0,0.1595552686398106
2018-01-12 08:00:00,0.6456266891891891,0.1713082050273594,0.56814386,0.0,0.56814386,0.0,0.1713082050273594
2018-01-12 09:00:00,0.7025641891891891,0.162907964448297,0.53796624,0.0,0.53796624,0.0,0.162907964448297
2018-01-12 10:00:00,0.8095760135135135,0.1621440312707607,0.62935413,0.0,0.62935413,0.0,0.1621440312707607
2018-01-12 11:00:00,0.7622550675675676,0.1576903620090373,0.62342723,0.0,0.62342723,0.0,0.1576903620090373
2018-01-12 12:00:00,0.7306908783783783,0.1396111958667059,0.60056405,0.0,0.60056405,0.0,0.1396111958667059
2018-01-12 13:00:00,0.7097195945945947,0.1255245073194892,0.62364051,0.0,0.62364051,0.0,0.1255245073194892
2018-01-12 14:00:00,0.688195945945946,0.0934309841629403,0.71005358,0.0,0.71005358,0.0,0.0934309841629403
2018-01-12 15:00:00,0.6792263513513512,0.0676434832130623,0.78538682,0.0,0.78538682,0.0,0.0676434832130623
2018-01-12 16:00:00,0.7277837837837838,0.0516718156545065,0.95307601,0.0,0.95307601,0.0,0.0516718156545065
2018-01-12 17:00:00,0.7853868243243244,0.0484436091557929,1.0110253,0.0,1.0110253,0.0,0.0484436091557929
2018-01-12 18:00:00,0.9530760135135136,0.0578893538064429,1.0515878,0.0,1.0515878,0.0,0.0578893538064429
2018-01-12 19:00:00,1.011025337837838,0.0684654877475056,1.0101301,0.0,1.0101301,0.0,0.0684654877475056
2018-01-12 20:00:00,1.0515878378378378,0.0749414831431449,0.84141723,0.0,0.84141723,0.0,0.0749414831431449
2018-01-12 21:00:00,1.0101300675675675,0.0815783279184043,0.64421959,0.0,0.64421959,0.0,0.0815783279184043
2018-01-12 22:00:00,0.8414172297297299,0.0929538596218589,0.46748142,0.0,0.46748142,0.0,0.0929538596218589
2018-01-12 23:00:00,0.6442195945945945,0.0969323304800299,0.41528209,0.0,0.41528209,0.0,0.0969323304800299
2018-01-13 00:00:00,0.4674814189189189,0.0968510103052281,0.3941875,0.0,0.3941875,0.0,0.0968510103052281
2018-01-13 01:00:00,0.4152820945945946,0.096365505376301,0.39138682,0.0,0.39138682,0.0,0.096365505376301
2018-01-13 02:00:00,0.3941875,0.0971488857845039,0.38586993,0.0,0.38586993,0.0,0.0971488857845039
2018-01-13 03:00:00,0.3913868243243243,0.1235356013612969,0.39664865,0.0,0.39664865,0.0,0.1235356013612969
2018-01-13 04:00:00,0.3858699324324324,0.1350243020925557,0.42286318,0.0,0.42286318,0.0,0.1350243020925557
2018-01-13 05:00:00,0.3966486486486486,0.1574613206025111,0.46972804,0.0,0.46972804,0.0,0.1574613206025111
2018-01-13 06:00:00,0.4228631756756757,0.1768812643204477,0.35050389,0.0,0.35050389,0.0,0.1768812643204477
2018-01-13 07:00:00,0.4697280405405406,0.187470087114882,0.2752783,0.0,0.2752783,0.0,0.187470087114882
2018-01-13 08:00:00,0.564947635135135,0.206376056239536,0.23206823,0.0,0.23206823,0.0,0.206376056239536
2018-01-13 09:00:00,0.7036689189189188,0.1959993113246181,0.15795145,0.0,0.15795145,0.0,0.1959993113246181
2018-01-13 10:00:00,0.8222364864864865,0.1698184390242866,0.11070224,0.0,0.11070224,0.0,0.1698184390242866
2018-01-13 11:00:00,0.8380945945945947,0.1369752428662935,0.17794915,0.0,0.17794915,0.0,0.1369752428662935
2018-01-13 12:00:00,0.8101908783783783,0.0953090527334952,0.28448475,0.0,0.28448475,0.0,0.0953090527334952
2018-01-13 13:00:00,0.8243800675675675,0.0704913451335583,0.45534797,0.0,0.45534797,0.0,0.0704913451335583
2018-01-13 14:00:00,0.8059054054054055,0.0471183420560797,0.65458475,0.0,0.65458475,0.0,0.0471183420560797
2018-01-13 15:00:00,0.791483108108108,0.0361532297098051,0.83967061,0.0,0.83967061,0.0,0.0361532297098051
2018-01-13 16:00:00,0.7696858108108109,0.0330089284652087,0.9833277,0.0,0.9833277,0.0,0.0330089284652087
2018-01-13 17:00:00,0.8396706081081081,0.040369950263567,1.0509797,0.0,1.0509797,0.0,0.040369950263567
2018-01-13 18:00:00,0.9833277027027028,0.0547821391572524,1.0871605,0.0,1.0871605,0.0,0.0547821391572524
2018-01-13 19:00:00,1.05097972972973,0.0686882776550342,1.0495507,0.0,1.0495507,0.0,0.0686882776550342
2018-01-13 20:00:00,1.087160472972973,0.0782637324619179,0.87087669,0.0,0.87087669,0.0,0.0782637324619179
2018-01-13 21:00:00,1.0495506756756756,0.0872410032944241,0.65451182,0.0,0.65451182,0.0,0.0872410032944241
2018-01-13 22:00:00,0.8708766891891894,0.0926005147609348,0.47800676,0.0,0.47800676,0.0,0.0926005147609348
2018-01-13 23:00:00,0.6545118243243243,0.0983512855849945,0.42430574,0.0,0.42430574,0.0,0.0983512855849945
2018-01-14 00:00:00,0.4780067567567567,0.1008366281473886,0.40523986,0.0,0.40523986,0.0,0.1008366281473886
2018-01-14 01:00:00,0.4243057432432432,0.0951653020484313,0.38329054,0.0,0.38329054,0.0,0.0951653020484313
2018-01-14 02:00:00,0.4052398648648648,0.0930578203605989,0.39223649,0.0,0.39223649,0.0,0.0930578203605989
2018-01-14 03:00:00,0.3832905405405405,0.1153035092093336,0.39779223,0.0,0.39779223,0.0,0.1153035092093336
2018-01-14 04:00:00,0.3922364864864864,0.1229382283921948,0.42448311,0.0,0.42448311,0.0,0.1229382283921948
2018-01-14 05:00:00,0.3977922297297297,0.1387853559531476,0.47915372,0.0,0.47915372,0.0,0.1387853559531476
2018-01-14 06:00:00,0.4244831081081081,0.1595069293462082,0.37058653,0.0,0.37058653,0.0,0.1595069293462082
2018-01-14 07:00:00,0.4791537162162163,0.1811515788061587,0.33548615,0.0,0.33548615,0.0,0.1811515788061587
2018-01-14 08:00:00,0.5830152027027026,0.2032115812387143,0.28666273,0.0,0.28666273,0.0,0.2032115812387143
2018-01-14 09:00:00,0.7624797297297298,0.1976581719276108,0.14856376,0.0,0.14856376,0.0,0.1976581719276108
2018-01-14 10:00:00,0.8729037162162162,0.1823694214987682,0.11489146,0.0,0.11489146,0.0,0.1823694214987682
2018-01-14 11:00:00,0.827614864864865,0.1515002459729754,0.15817433,0.0,0.15817433,0.0,0.1515002459729754
2018-01-14 12:00:00,0.8132010135135135,0.1208858612712028,0.23881138,0.0,0.23881138,0.0,0.1208858612712028
2018-01-14 13:00:00,0.8036283783783784,0.1051129069010623,0.40201689,0.0,0.40201689,0.0,0.1051129069010623
2018-01-14 14:00:00,0.7614712837837839,0.0778084881673289,0.70809866,0.0,0.70809866,0.0,0.0778084881673289
2018-01-14 15:00:00,0.7381520270270269,0.0671088279852574,0.88509459,0.0,0.88509459,0.0,0.0671088279852574
2018-01-14 16:00:00,0.8245422297297298,0.0661549844057323,0.98362162,0.0,0.98362162,0.0,0.0661549844057323
2018-01-14 17:00:00,0.8850945945945946,0.0723106327175902,1.0419223,0.0,1.0419223,0.0,0.0723106327175902
2018-01-14 18:00:00,0.9836216216216216,0.078387647309621,1.0597939,0.0,1.0597939,0.0,0.078387647309621
2018-01-14 19:00:00,1.0419222972972977,0.0862853518489726,0.97369088,0.0,0.97369088,0.0,0.0862853518489726
2018-01-14 20:00:00,1.059793918918919,0.0871032675651527,0.88696959,0.0,0.88696959,0.0,0.0871032675651527
2018-01-14 21:00:00,0.9736908783783784,0.0888083892607293,0.68208615,0.0,0.68208615,0.0,0.0888083892607293
2018-01-14 22:00:00,0.8869695945945948,0.0936905565388968,0.47279223,0.0,0.47279223,0.0,0.0936905565388968
2018-01-14 23:00:00,0.6820861486486486,0.0936229896618904,0.41275676,0.0,0.41275676,0.0,0.0936229896618904
2018-01-15 00:00:00,0.4727922297297297,0.0902741461284617,0.40016554,0.0,0.40016554,0.0,0.0902741461284617
2018-01-15 01:00:00,0.4127567567567568,0.085161805415571,0.38248649,0.0,0.38248649,0.0,0.085161805415571
2018-01-15 02:00:00,0.4001655405405406,0.0842697165085787,0.38582601,0.0,0.38582601,0.0,0.0842697165085787
2018-01-15 03:00:00,0.3824864864864865,0.110411069197678,0.40260304,0.0,0.40260304,0.0,0.110411069197678
2018-01-15 04:00:00,0.3858260135135136,0.1203536052673377,0.44257939,0.0,0.44257939,0.0,0.1203536052673377
2018-01-15 05:00:00,0.4026030405405406,0.1356730218331562,0.55791047,0.0,0.55791047,0.0,0.1356730218331562
2018-01-15 06:00:00,0.442579391891892,0.1584648551510973,0.45532991,0.0,0.45532991,0.0,0.1584648551510973
2018-01-15 07:00:00,0.557910472972973,0.1732723077408791,0.27433687,0.0,0.27433687,0.0,0.1732723077408791
2018-01-15 08:00:00,0.6671013513513513,0.1805882173707934,0.16751079,0.0,0.16751079,0.0,0.1805882173707934
2018-01-15 09:00:00,0.6988783783783783,0.1738653215566259,0.22194326,0.0,0.22194326,0.0,0.1738653215566259
2018-01-15 10:00:00,0.7576790540540541,0.1637348688062796,0.23306759,0.0,0.23306759,0.0,0.1637348688062796
2018-01-15 11:00:00,0.7431047297297299,0.137374020918583,0.12010716,0.0,0.12010716,0.0,0.137374020918583
2018-01-15 12:00:00,0.7450270270270271,0.0984395162005802,0.21631248,0.0,0.21631248,0.0,0.0984395162005802
2018-01-15 13:00:00,0.7689611486486486,0.07136767012551,0.35570183,0.0,0.35570183,0.0,0.07136767012551
2018-01-15 14:00:00,0.7432060810810811,0.0508173202212175,0.5997593,0.0,0.5997593,0.0,0.0508173202212175
2018-01-15 15:00:00,0.699376689189189,0.0415543727804529,0.81664696,0.0,0.81664696,0.0,0.0415543727804529
2018-01-15 16:00:00,0.7219594594594595,0.0370172544550801,0.96020101,0.0,0.96020101,0.0,0.0370172544550801
2018-01-15 17:00:00,0.8166469594594595,0.0416731174695256,1.0283429,0.0,1.0283429,0.0,0.0416731174695256
2018-01-15 18:00:00,0.9602010135135136,0.0492536175705378,1.053527,0.0,1.053527,0.0,0.0492536175705378
2018-01-15 19:00:00,1.0283429054054054,0.0590788451063001,1.0072736,0.0,1.0072736,0.0,0.0590788451063001
2018-01-15 20:00:00,1.053527027027027,0.0618912255459977,0.83308108,0.0,0.83308108,0.0,0.0618912255459977
2018-01-15 21:00:00,1.0072736486486484,0.0678637049372186,0.64566892,0.0,0.64566892,0.0,0.0678637049372186
2018-01-15 22:00:00,0.8330810810810813,0.0728927148580624,0.46163682,0.0,0.46163682,0.0,0.0728927148580624
2018-01-15 23:00:00,0.6456689189189189,0.0764242204338309,0.42013345,0.0,0.42013345,0.0,0.0764242204338309
2018-01-16 00:00:00,0.4616368243243243,0.0715373560834434,0.39344088,0.0,0.39344088,0.0,0.0715373560834434
2018-01-16 01:00:00,0.420133445945946,0.0657333461422427,0.38180068,0.0,0.38180068,0.0,0.0657333461422427
2018-01-16 02:00:00,0.3934408783783784,0.0595185451331107,0.38295608,0.0,0.38295608,0.0,0.0595185451331107
2018-01-16 03:00:00,0.3818006756756756,0.0720033630938746,0.40225507,0.0,0.40225507,0.0,0.0720033630938746
2018-01-16 04:00:00,0.3829560810810811,0.0759715274266707,0.4653598,0.0,0.4653598,0.0,0.0759715274266707
2018-01-16 05:00:00,0.4022550675675676,0.0858070783837511,0.56423311,0.0,0.56423311,0.0,0.0858070783837511
2018-01-16 06:00:00,0.4653597972972973,0.1027465286750028,0.43999535,0.0,0.43999535,0.0,0.1027465286750028
2018-01-16 07:00:00,0.5642331081081081,0.1165433504200386,0.26211542,0.0,0.26211542,0.0,0.1165433504200386
2018-01-16 08:00:00,0.6591418918918918,0.1264882519217515,0.16497854,0.0,0.16497854,0.0,0.1264882519217515
2018-01-16 09:00:00,0.6996199324324324,0.1289435703930126,0.079181449,0.0,0.079181449,0.0,0.1289435703930126
2018-01-16 10:00:00,0.765804054054054,0.1305988152641525,0.059762617,0.0,0.059762617,0.0,0.1305988152641525
2018-01-16 11:00:00,0.7688969594594596,0.1202197893968974,0.10578117,0.0,0.10578117,0.0,0.1202197893968974
2018-01-16 12:00:00,0.7676435810810811,0.0954705610549015,0.21749278,0.0,0.21749278,0.0,0.0954705610549015
2018-01-16 13:00:00,0.7558462837837839,0.0795093013973801,0.34455886,0.0,0.34455886,0.0,0.0795093013973801
2018-01-16 14:00:00,0.7468716216216217,0.0619432312592825,0.58729327,0.0,0.58729327,0.0,0.0619432312592825
2018-01-16 15:00:00,0.6895202702702701,0.0473877647669436,0.78840541,0.0,0.78840541,0.0,0.0473877647669436
2018-01-16 16:00:00,0.7121841216216216,0.0453870485444283,0.90623142,0.0,0.90623142,0.0,0.0453870485444283
2018-01-16 17:00:00,0.7884054054054055,0.0518328677854455,1.0053547,0.0,1.0053547,0.0,0.0518328677854455
2018-01-16 18:00:00,0.906231418918919,0.0588287513545,1.0346959,0.0,1.0346959,0.0,0.0588287513545
2018-01-16 19:00:00,1.0053547297297298,0.0647533983304159,0.99693919,0.0,0.99693919,0.0,0.0647533983304159
2018-01-16 20:00:00,1.034695945945946,0.0672219632211751,0.82033953,0.0,0.82033953,0.0,0.0672219632211751
2018-01-16 21:00:00,0.9969391891891892,0.0695762101599901,0.59648142,0.0,0.59648142,0.0,0.0695762101599901
2018-01-16 22:00:00,0.8203395270270271,0.0726898959554405,0.43463007,0.0,0.43463007,0.0,0.0726898959554405
2018-01-16 23:00:00,0.5964814189189189,0.0713966128762757,0.41218243,0.0,0.41218243,0.0,0.0713966128762757
2018-01-17 00:00:00,0.4346300675675676,0.0667663472158351,0.39720439,0.0,0.39720439,0.0,0.0667663472158351
2018-01-17 01:00:00,0.4121824324324324,0.062757125740972,0.38255743,0.0,0.38255743,0.0,0.062757125740972
2018-01-17 02:00:00,0.3972043918918919,0.0610018906777531,0.38166047,0.0,0.38166047,0.0,0.0610018906777531
2018-01-17 03:00:00,0.3825574324324325,0.0775228284550139,0.40401014,0.0,0.40401014,0.0,0.0775228284550139
2018-01-17 04:00:00,0.381660472972973,0.0864943884587059,0.44339527,0.0,0.44339527,0.0,0.0864943884587059
2018-01-17 05:00:00,0.4040101351351351,0.1021163606800769,0.53343074,0.0,0.53343074,0.0,0.1021163606800769
2018-01-17 06:00:00,0.4433952702702703,0.1209228126990631,0.51640267,0.0,0.51640267,0.0,0.1209228126990631
2018-01-17 07:00:00,0.5334307432432434,0.1359636320568399,0.50739357,0.0,0.50739357,0.0,0.1359636320568399
2018-01-17 08:00:00,0.6366722972972971,0.1444931434976113,0.33361819,0.0,0.33361819,0.0,0.1444931434976113
2018-01-17 09:00:00,0.7469611486486486,0.1422811097130256,0.21109331,0.0,0.21109331,0.0,0.1422811097130256
2018-01-17 10:00:00,0.7909797297297297,0.1346753332809302,0.14757006,0.0,0.14757006,0.0,0.1346753332809302
2018-01-17 11:00:00,0.7733192567567568,0.1136030338981473,0.066514273,0.0,0.066514273,0.0,0.1136030338981473
2018-01-17 12:00:00,0.7510033783783784,0.0905755359639307,0.26546902,0.0,0.26546902,0.0,0.0905755359639307
2018-01-17 13:00:00,0.716579391891892,0.0759111920133699,0.39216706,0.0,0.39216706,0.0,0.0759111920133699
2018-01-17 14:00:00,0.7095287162162162,0.0474905089977703,0.60984365,0.0,0.60984365,0.0,0.0474905089977703
2018-01-17 15:00:00,0.6793260135135134,0.0343680043473399,0.80231757,0.0,0.80231757,0.0,0.0343680043473399
2018-01-17 16:00:00,0.7121925675675675,0.035183858758445,0.93242061,0.0,0.93242061,0.0,0.035183858758445
2018-01-17 17:00:00,0.8023175675675677,0.0392049580814038,1.0502922,0.0,1.0502922,0.0,0.0392049580814038
2018-01-17 18:00:00,0.9324206081081082,0.0490726113306353,1.0956149,0.0,1.0956149,0.0,0.0490726113306353
2018-01-17 19:00:00,1.0502922297297297,0.0545287169046345,0.98180236,0.0,0.98180236,0.0,0.0545287169046345
2018-01-17 20:00:00,1.095614864864865,0.0584872505497854,0.83667399,0.0,0.83667399,0.0,0.0584872505497854
2018-01-17 21:00:00,0.9818023648648648,0.0652431948289253,0.61377703,0.0,0.61377703,0.0,0.0652431948289253
2018-01-17 22:00:00,0.8366739864864866,0.0748925018036996,0.46739358,0.0,0.46739358,0.0,0.0748925018036996
2018-01-17 23:00:00,0.6137770270270271,0.0769106039518063,0.40113176,0.0,0.40113176,0.0,0.0769106039518063
2018-01-18 00:00:00,0.4673935810810811,0.0764315363772526,0.39295777,0.0,0.39295777,0.0,0.0764315363772526
2018-01-18 01:00:00,0.4011317567567568,0.0714994246908754,0.38120608,0.0,0.38120608,0.0,0.0714994246908754
2018-01-18 02:00:00,0.3929577702702703,0.0663598646134293,0.3825152,0.0,0.3825152,0.0,0.0663598646134293
2018-01-18 03:00:00,0.381206081081081,0.0816522983578978,0.40439527,0.0,0.40439527,0.0,0.0816522983578978
2018-01-18 04:00:00,0.3825152027027028,0.0908563972283662,0.4434223,0.0,0.4434223,0.0,0.0908563972283662
2018-01-18 05:00:00,0.4043952702702703,0.1071215304250128,0.54671791,0.0,0.54671791,0.0,0.1071215304250128
2018-01-18 06:00:00,0.4434222972972973,0.1294272674560131,0.63398255,0.0,0.63398255,0.0,0.1294272674560131
2018-01-18 07:00:00,0.5467179054054054,0.1423782613866408,0.70280942,0.0,0.70280942,0.0,0.1423782613866408
2018-01-18 08:00:00,0.6366959459459459,0.1520115172153395,0.7753921,0.0,0.7753921,0.0,0.1520115172153395
2018-01-18 09:00:00,0.7095692567567567,0.1555688228964314,0.70223716,0.0,0.70223716,0.0,0.1555688228964314
2018-01-18 10:00:00,0.798347972972973,0.1578695265911271,0.72099125,0.0,0.72099125,0.0,0.1578695265911271
2018-01-18 11:00:00,0.7452449324324325,0.1473244642896778,0.72954024,0.0,0.72954024,0.0,0.1473244642896778
2018-01-18 12:00:00,0.7398412162162162,0.1223333029364655,0.65633992,0.0,0.65633992,0.0,0.1223333029364655
2018-01-18 13:00:00,0.7483902027027027,0.1065801168199127,0.65105232,0.0,0.65105232,0.0,0.1065801168199127
2018-01-18 14:00:00,0.6859375000000001,0.0898741008804293,0.74627233,0.0,0.74627233,0.0,0.0898741008804293
2018-01-18 15:00:00,0.6699628378378377,0.0900027296962957,0.80875,0.0,0.80875,0.0,0.0900027296962957
2018-01-18 16:00:00,0.7516807432432433,0.0928823897819647,0.93847804,0.0,0.93847804,0.0,0.0928823897819647
2018-01-18 17:00:00,0.8087500000000001,0.0985143483331788,1.059103,0.0,1.059103,0.0,0.0985143483331788
2018-01-18 18:00:00,0.9384780405405408,0.102079223396841,1.0546588,0.0,1.0546588,0.0,0.102079223396841
2018-01-18 19:00:00,1.0591030405405406,0.1081166001060369,0.997875,0.0,0.997875,0.0,0.1081166001060369
2018-01-18 20:00:00,1.0546587837837835,0.1115404278355533,0.85995608,0.0,0.85995608,0.0,0.1115404278355533
2018-01-18 21:00:00,0.997875,0.1119787086031319,0.61610811,0.0,0.61610811,0.0,0.1119787086031319
2018-01-18 22:00:00,0.8599560810810812,0.1106027029858768,0.44418243,0.0,0.44418243,0.0,0.1106027029858768
2018-01-18 23:00:00,0.6161081081081081,0.1062614593304552,0.40612162,0.0,0.40612162,0.0,0.1062614593304552
2018-01-19 00:00:00,0.4441824324324324,0.1007441735459934,0.39249831,0.0,0.39249831,0.0,0.1007441735459934
2018-01-19 01:00:00,0.4061216216216217,0.0929477939782367,0.38409459,0.0,0.38409459,0.0,0.0929477939782367
2018-01-19 02:00:00,0.3924983108108109,0.0857966197948871,0.38183953,0.0,0.38183953,0.0,0.0857966197948871
2018-01-19 03:00:00,0.3840945945945946,0.1030595429194192,0.39939189,0.0,0.39939189,0.0,0.1030595429194192
2018-01-19 04:00:00,0.381839527027027,0.1101228244060477,0.44423311,0.0,0.44423311,0.0,0.1101228244060477
2018-01-19 05:00:00,0.3993918918918919,0.1304508743851658,0.51989951,0.0,0.51989951,0.0,0.1304508743851658
2018-01-19 06:00:00,0.4442331081081082,0.159930426163454,0.47411304,0.0,0.47411304,0.0,0.159930426163454
2018-01-19 07:00:00,0.5321402027027028,0.1781970190041181,0.63611855,0.0,0.63611855,0.0,0.1781970190041181
2018-01-19 08:00:00,0.6588006756756755,0.1886763729823171,0.41829046,0.0,0.41829046,0.0,0.1886763729823171
2018-01-19 09:00:00,0.7288074324324324,0.1782879698665652,0.27206701,0.0,0.27206701,0.0,0.1782879698665652
2018-01-19 10:00:00,0.7597162162162162,0.1457320892233244,0.18353874,0.0,0.18353874,0.0,0.1457320892233244
2018-01-19 11:00:00,0.7536891891891894,0.1093666971542869,0.69274538,0.0,0.69274538,0.0,0.1093666971542869
2018-01-19 12:00:00,0.7333935810810811,0.0772033261683944,0.39453376,0.0,0.39453376,0.0,0.0772033261683944
2018-01-19 13:00:00,0.7502871621621622,0.0610245143457479,0.5941351,0.0,0.5941351,0.0,0.0610245143457479
2018-01-19 14:00:00,0.7064932432432433,0.0452448353901989,0.66941432,0.0,0.66941432,0.0,0.0452448353901989
2018-01-19 15:00:00,0.6854898648648647,0.0430531105293848,0.80906757,0.0,0.80906757,0.0,0.0430531105293848
2018-01-19 16:00:00,0.7019037162162163,0.0429676508484899,0.9249527,0.0,0.9249527,0.0,0.0429676508484899
2018-01-19 17:00:00,0.8090675675675677,0.0520517716260294,0.9946875,0.0,0.9946875,0.0,0.0520517716260294
2018-01-19 18:00:00,0.9249527027027028,0.0666867335313003,1.0088277,0.0,1.0088277,0.0,0.0666867335313003
2018-01-19 19:00:00,0.9946875000000002,0.0820474606783344,0.94826689,0.0,0.94826689,0.0,0.0820474606783344
2018-01-19 20:00:00,1.0088277027027028,0.0930411102727369,0.79399831,0.0,0.79399831,0.0,0.0930411102727369
2018-01-19 21:00:00,0.948266891891892,0.1023690395111923,0.64361149,0.0,0.64361149,0.0,0.1023690395111923
2018-01-19 22:00:00,0.7939983108108108,0.1136582498406472,0.48161486,0.0,0.48161486,0.0,0.1136582498406472
2018-01-19 23:00:00,0.6436114864864864,0.128088399121994,0.41273986,0.0,0.41273986,0.0,0.128088399121994
2018-01-20 00:00:00,0.4816148648648649,0.130345933681718,0.39193243,0.0,0.39193243,0.0,0.130345933681718
2018-01-20 01:00:00,0.4127398648648648,0.1294927392360584,0.38560811,0.0,0.38560811,0.0,0.1294927392360584
2018-01-20 02:00:00,0.3919324324324324,0.1292361236501686,0.38812331,0.0,0.38812331,0.0,0.1292361236501686
2018-01-20 03:00:00,0.3856081081081081,0.1588732807869754,0.4046723,0.0,0.4046723,0.0,0.1588732807869754
2018-01-20 04:00:00,0.3881233108108108,0.1752501806481373,0.43742061,0.0,0.43742061,0.0,0.1752501806481373
2018-01-20 05:00:00,0.4046722972972973,0.2013604785935664,0.4659799,0.0,0.4659799,0.0,0.2013604785935664
2018-01-20 06:00:00,0.4374206081081082,0.231655986158619,0.38015795,0.0,0.38015795,0.0,0.231655986158619
2018-01-20 07:00:00,0.4808902027027027,0.2521921265746492,0.46895517,0.0,0.46895517,0.0,0.2521921265746492
2018-01-20 08:00:00,0.5885557432432431,0.2742657640333975,0.41220852,0.0,0.41220852,0.0,0.2742657640333975
2018-01-20 09:00:00,0.727581081081081,0.2562182608886929,0.67433865,0.0,0.67433865,0.0,0.2562182608886929
2018-01-20 10:00:00,0.8210760135135136,0.2043754582886237,0.85599591,0.0,0.85599591,0.0,0.2043754582886237
2018-01-20 11:00:00,0.838668918918919,0.152249175552917,0.4444751,0.0,0.4444751,0.0,0.152249175552917
2018-01-20 12:00:00,0.8735574324324324,0.1117676444802101,0.65993813,0.0,0.65993813,0.0,0.1117676444802101
2018-01-20 13:00:00,0.8597804054054055,0.0857146237823558,0.679367,0.0,0.679367,0.0,0.0857146237823558
2018-01-20 14:00:00,0.7569391891891892,0.0563136043482351,0.8003846,0.0,0.8003846,0.0,0.0563136043482351
2018-01-20 15:00:00,0.7592128378378378,0.0433115846690307,0.85545101,0.0,0.85545101,0.0,0.0433115846690307
2018-01-20 16:00:00,0.8289121621621622,0.0415615366603857,0.95654392,0.0,0.95654392,0.0,0.0415615366603857
2018-01-20 17:00:00,0.8554510135135135,0.0447905034765448,1.031022,0.0,1.031022,0.0,0.0447905034765448
2018-01-20 18:00:00,0.956543918918919,0.0561236263624737,1.0659611,0.0,1.0659611,0.0,0.0561236263624737
2018-01-20 19:00:00,1.0310219594594596,0.0691971158815722,0.98631588,0.0,0.98631588,0.0,0.0691971158815722
2018-01-20 20:00:00,1.0659611486486489,0.0819165171182443,0.85912838,0.0,0.85912838,0.0,0.0819165171182443
2018-01-20 21:00:00,0.9863158783783784,0.0967028497789793,0.67069595,0.0,0.67069595,0.0,0.0967028497789793
2018-01-20 22:00:00,0.8591283783783784,0.1114432930578813,0.50563007,0.0,0.50563007,0.0,0.1114432930578813
2018-01-20 23:00:00,0.670695945945946,0.1228371061719189,0.41714189,0.0,0.41714189,0.0,0.1228371061719189
2018-01-21 00:00:00,0.5056300675675676,0.1290199231605025,0.39302703,0.0,0.39302703,0.0,0.1290199231605025
2018-01-21 01:00:00,0.4171418918918919,0.1324047043651971,0.38180236,0.0,0.38180236,0.0,0.1324047043651971
2018-01-21 02:00:00,0.3930270270270271,0.1358247474034284,0.38215034,0.0,0.38215034,0.0,0.1358247474034284
2018-01-21 03:00:00,0.3818023648648648,0.1684312145007219,0.39796959,0.0,0.39796959,0.0,0.1684312145007219
2018-01-21 04:00:00,0.3821503378378379,0.1846950129178527,0.42841892,0.0,0.42841892,0.0,0.1846950129178527
2018-01-21 05:00:00,0.3979695945945946,0.2101603758139661,0.47561917,0.0,0.47561917,0.0,0.2101603758139661
2018-01-21 06:00:00,0.4284189189189189,0.2377210722147243,0.46161262,0.0,0.46161262,0.0,0.2377210722147243
2018-01-21 07:00:00,0.4783412162162163,0.2547848259603735,0.45194237,0.0,0.45194237,0.0,0.2547848259603735
2018-01-21 08:00:00,0.5679695945945945,0.2707579634659914,0.50552597,0.0,0.50552597,0.0,0.2707579634659914
2018-01-21 09:00:00,0.6897347972972973,0.2550861651080131,0.36110774,0.0,0.36110774,0.0,0.2550861651080131
2018-01-21 10:00:00,0.8123462837837838,0.2143929616584277,0.36515803,0.0,0.36515803,0.0,0.2143929616584277
2018-01-21 11:00:00,0.7900743243243245,0.1698810384939811,0.55929815,0.0,0.55929815,0.0,0.1698810384939811
2018-01-21 12:00:00,0.7802550675675675,0.129639311543643,0.56958728,0.0,0.56958728,0.0,0.129639311543643
2018-01-21 13:00:00,0.8218226351351351,0.1022417454748418,0.62486461,0.0,0.62486461,0.0,0.1022417454748418
2018-01-21 14:00:00,0.7549932432432434,0.0727978441367843,0.75587251,0.0,0.75587251,0.0,0.0727978441367843
2018-01-21 15:00:00,0.7445641891891891,0.0548620907606519,0.85705574,0.0,0.85705574,0.0,0.0548620907606519
2018-01-21 16:00:00,0.7991570945945946,0.0498849006977173,0.99070101,0.0,0.99070101,0.0,0.0498849006977173
2018-01-21 17:00:00,0.8570557432432432,0.0511492579220596,1.0439122,0.0,1.0439122,0.0,0.0511492579220596
2018-01-21 18:00:00,0.9907010135135136,0.0619342088255936,1.0609527,0.0,1.0609527,0.0,0.0619342088255936
2018-01-21 19:00:00,1.0439121621621623,0.0687919849546255,1.0216486,0.0,1.0216486,0.0,0.0687919849546255
2018-01-21 20:00:00,1.0609527027027028,0.0714990698760674,0.88432095,0.0,0.88432095,0.0,0.0714990698760674
2018-01-21 21:00:00,1.0216486486486485,0.0766933221217731,0.65674831,0.0,0.65674831,0.0,0.0766933221217731
2018-01-21 22:00:00,0.8843209459459461,0.0842881668785939,0.48609966,0.0,0.48609966,0.0,0.0842881668785939
2018-01-21 23:00:00,0.6567483108108108,0.0869872262269981,0.41871453,0.0,0.41871453,0.0,0.0869872262269981
2018-01-22 00:00:00,0.4860996621621622,0.0861949078648229,0.40678041,0.0,0.40678041,0.0,0.0861949078648229
2018-01-22 01:00:00,0.418714527027027,0.0838838300609794,0.38234797,0.0,0.38234797,0.0,0.0838838300609794
2018-01-22 02:00:00,0.4067804054054054,0.0786905239880951,0.38306757,0.0,0.38306757,0.0,0.0786905239880951
2018-01-22 03:00:00,0.382347972972973,0.0974361844033129,0.39956081,0.0,0.39956081,0.0,0.0974361844033129
2018-01-22 04:00:00,0.3830675675675676,0.103832616802247,0.4454375,0.0,0.4454375,0.0,0.103832616802247
2018-01-22 05:00:00,0.3995608108108108,0.115978552829498,0.54645033,0.0,0.54645033,0.0,0.115978552829498
2018-01-22 06:00:00,0.4454375000000001,0.1357492732249868,0.49731972,0.0,0.49731972,0.0,0.1357492732249868
2018-01-22 07:00:00,0.5586131756756757,0.1523795953387666,0.36715289,0.0,0.36715289,0.0,0.1523795953387666
2018-01-22 08:00:00,0.6761469594594594,0.1592041202515073,0.15513064,0.0,0.15513064,0.0,0.1592041202515073
2018-01-22 09:00:00,0.7328125,0.1460826124617279,0.3595406,0.0,0.3595406,0.0,0.1460826124617279
2018-01-22 10:00:00,0.7435472972972973,0.1459279301013893,0.02321252,0.0,0.02321252,0.0,0.1459279301013893
2018-01-22 11:00:00,0.7556233108108109,0.1371757301287487,0.50174108,0.0,0.50174108,0.0,0.1371757301287487
2018-01-22 12:00:00,0.723912162162162,0.1020919122502123,0.50628018,0.0,0.50628018,0.0,0.1020919122502123
2018-01-22 13:00:00,0.7270489864864866,0.073463932907033,0.70752348,0.0,0.70752348,0.0,0.073463932907033
2018-01-22 14:00:00,0.7113817567567567,0.0438900848695365,0.72706169,0.0,0.72706169,0.0,0.0438900848695365
2018-01-22 15:00:00,0.737216216216216,0.0324471045606782,0.80106419,0.0,0.80106419,0.0,0.0324471045606782
2018-01-22 16:00:00,0.7379087837837839,0.0302383992769102,0.96968243,0.0,0.96968243,0.0,0.0302383992769102
2018-01-22 17:00:00,0.8010641891891892,0.0376642339135273,1.0384831,0.0,1.0384831,0.0,0.0376642339135273
2018-01-22 18:00:00,0.9696824324324328,0.0492814789809362,1.0650118,0.0,1.0650118,0.0,0.0492814789809362
2018-01-22 19:00:00,1.0384831081081085,0.0576630833346075,1.0032855,0.0,1.0032855,0.0,0.0576630833346075
2018-01-22 20:00:00,1.0650118243243245,0.0637091107667408,0.83989358,0.0,0.83989358,0.0,0.0637091107667408
2018-01-22 21:00:00,1.003285472972973,0.070238260799805,0.65451182,0.0,0.65451182,0.0,0.070238260799805
2018-01-22 22:00:00,0.8398935810810811,0.0824883941090012,0.4661402,0.0,0.4661402,0.0,0.0824883941090012
2018-01-22 23:00:00,0.6545118243243243,0.0902123745599856,0.40557601,0.0,0.40557601,0.0,0.0902123745599856
2018-01-23 00:00:00,0.4661402027027027,0.090347339354566,0.40469426,0.0,0.40469426,0.0,0.090347339354566
2018-01-23 01:00:00,0.4055760135135134,0.089027478956689,0.38795101,0.0,0.38795101,0.0,0.089027478956689
2018-01-23 02:00:00,0.4046942567567568,0.0878289990150293,0.3859848,0.0,0.3859848,0.0,0.0878289990150293
2018-01-23 03:00:00,0.3879510135135135,0.1099536960142411,0.39895777,0.0,0.39895777,0.0,0.1099536960142411
2018-01-23 04:00:00,0.3859847972972973,0.1209697496293765,0.44920777,0.0,0.44920777,0.0,0.1209697496293765
2018-01-23 05:00:00,0.3989577702702703,0.1397016060589695,0.5556441,0.0,0.5556441,0.0,0.1397016060589695
2018-01-23 06:00:00,0.4492077702702703,0.1673130240813266,0.59238897,0.0,0.59238897,0.0,0.1673130240813266
2018-01-23 07:00:00,0.558383445945946,0.188928021160895,0.60190125,0.0,0.60190125,0.0,0.188928021160895
2018-01-23 08:00:00,0.652214527027027,0.2050935865640433,0.19032698,0.0,0.19032698,0.0,0.2050935865640433
2018-01-23 09:00:00,0.7277347972972973,0.1885992092095518,0.6821178,0.0,0.6821178,0.0,0.1885992092095518
2018-01-23 10:00:00,0.7606435810810811,0.1651417602077727,0.62426403,0.0,0.62426403,0.0,0.1651417602077727
2018-01-23 11:00:00,0.7469408783783785,0.1293668644589395,0.055325227,0.0,0.055325227,0.0,0.1293668644589395
2018-01-23 12:00:00,0.7546182432432431,0.0902392729016196,0.2474222,0.0,0.2474222,0.0,0.0902392729016196
2018-01-23 13:00:00,0.7280489864864865,0.0657157743612757,0.33123722,0.0,0.33123722,0.0,0.0657157743612757
2018-01-23 14:00:00,0.6984442567567569,0.0439238260681815,0.56997711,0.0,0.56997711,0.0,0.0439238260681815
2018-01-23 15:00:00,0.6875152027027026,0.0347097754871464,0.80492736,0.0,0.80492736,0.0,0.0347097754871464
2018-01-23 16:00:00,0.7123310810810811,0.030177675256915,0.87807939,0.0,0.87807939,0.0,0.030177675256915
2018-01-23 17:00:00,0.804927364864865,0.0341411594134344,1.0030321,0.0,1.0030321,0.0,0.0341411594134344
2018-01-23 18:00:00,0.878079391891892,0.0409362515930553,1.0548074,0.0,1.0548074,0.0,0.0409362515930553
2018-01-23 19:00:00,1.0030320945945947,0.0489300940494278,0.99072466,0.0,0.99072466,0.0,0.0489300940494278
2018-01-23 20:00:00,1.0548074324324326,0.056940714177435,0.80386655,0.0,0.80386655,0.0,0.056940714177435
2018-01-23 21:00:00,0.9907246621621624,0.0660326577766935,0.62132264,0.0,0.62132264,0.0,0.0660326577766935
2018-01-23 22:00:00,0.8038665540540542,0.0783553422661512,0.47230743,0.0,0.47230743,0.0,0.0783553422661512
2018-01-23 23:00:00,0.6213226351351351,0.0891866049500988,0.4465625,0.0,0.4465625,0.0,0.0891866049500988
2018-01-24 00:00:00,0.4723074324324324,0.0947110208226068,0.41845608,0.0,0.41845608,0.0,0.0947110208226068
2018-01-24 01:00:00,0.4465625,0.096056208239397,0.38064358,0.0,0.38064358,0.0,0.096056208239397
2018-01-24 02:00:00,0.418456081081081,0.096258047177311,0.3850152,0.0,0.3850152,0.0,0.096258047177311
2018-01-24 03:00:00,0.3806435810810811,0.1218315272142008,0.403,0.0,0.403,0.0,0.1218315272142008
2018-01-24 04:00:00,0.3850152027027027,0.1346900665434331,0.45000338,0.0,0.45000338,0.0,0.1346900665434331
2018-01-24 05:00:00,0.4030000000000001,0.1557690905116248,0.54549856,0.0,0.54549856,0.0,0.1557690905116248
2018-01-24 06:00:00,0.4500033783783784,0.1820960958250164,0.47280297,0.0,0.47280297,0.0,0.1820960958250164
2018-01-24 07:00:00,0.5633412162162162,0.2014785981327391,0.36126848,0.0,0.36126848,0.0,0.2014785981327391
2018-01-24 08:00:00,0.6552820945945944,0.2116617493300428,0.4794144,0.0,0.4794144,0.0,0.2116617493300428
2018-01-24 09:00:00,0.7215405405405405,0.2142568141478207,0.051581828,0.0,0.051581828,0.0,0.2142568141478207
2018-01-24 10:00:00,0.7493091216216216,0.2041456734605949,0.035835026,0.0,0.035835026,0.0,0.2041456734605949
2018-01-24 11:00:00,0.7606655405405406,0.1790069936269769,0.052359234,0.0,0.052359234,0.0,0.1790069936269769
2018-01-24 12:00:00,0.7713108108108108,0.1414852263068273,0.12572972,0.0,0.12572972,0.0,0.1414852263068273
2018-01-24 13:00:00,0.7409594594594595,0.1228364134382463,0.2822508,0.0,0.2822508,0.0,0.1228364134382463
2018-01-24 14:00:00,0.6934915540540542,0.1014737572709283,0.539092,0.0,0.539092,0.0,0.1014737572709283
2018-01-24 15:00:00,0.6669611486486484,0.0983347444565651,0.78666892,0.0,0.78666892,0.0,0.0983347444565651
2018-01-24 16:00:00,0.6983530405405405,0.1092623647047958,0.92390878,0.0,0.92390878,0.0,0.1092623647047958
2018-01-24 17:00:00,0.786668918918919,0.1171344887860859,1.0282466,0.0,1.0282466,0.0,0.1171344887860859
2018-01-24 18:00:00,0.923908783783784,0.1196923825287414,1.0491723,0.0,1.0491723,0.0,0.1196923825287414
2018-01-24 19:00:00,1.0282466216216215,0.125796346150236,0.95697635,0.0,0.95697635,0.0,0.125796346150236
2018-01-24 20:00:00,1.0491722972972972,0.1250675058468034,0.83327703,0.0,0.83327703,0.0,0.1250675058468034
2018-01-24 21:00:00,0.9569763513513516,0.1219502719032734,0.64486993,0.0,0.64486993,0.0,0.1219502719032734
2018-01-24 22:00:00,0.8332770270270272,0.1256857453058038,0.47933277,0.0,0.47933277,0.0,0.1256857453058038
2018-01-24 23:00:00,0.6448699324324324,0.1249651502226714,0.41742736,0.0,0.41742736,0.0,0.1249651502226714
2018-01-25 00:00:00,0.4793327702702703,0.1210948809849928,0.39157264,0.0,0.39157264,0.0,0.1210948809849928
2018-01-25 01:00:00,0.4174273648648648,0.1124661903574177,0.38295608,0.0,0.38295608,0.0,0.1124661903574177
2018-01-25 02:00:00,0.3915726351351352,0.1046272330127026,0.38531419,0.0,0.38531419,0.0,0.1046272330127026
2018-01-25 03:00:00,0.3829560810810811,0.1328262243570842,0.4041723,0.0,0.4041723,0.0,0.1328262243570842
2018-01-25 04:00:00,0.3853141891891892,0.146052723538141,0.44316892,0.0,0.44316892,0.0,0.146052723538141
2018-01-25 05:00:00,0.4041722972972972,0.168332795631364,0.52423159,0.0,0.52423159,0.0,0.168332795631364
2018-01-25 06:00:00,0.443168918918919,0.1953336956407802,0.42699722,0.0,0.42699722,0.0,0.1953336956407802
2018-01-25 07:00:00,0.550293918918919,0.2125809055381013,0.38950513,0.0,0.38950513,0.0,0.2125809055381013
2018-01-25 08:00:00,0.6639206081081079,0.2215502352772862,0.16011669,0.0,0.16011669,0.0,0.2215502352772862
2018-01-25 09:00:00,0.7237601351351352,0.2088366969329171,0.096290518,0.0,0.096290518,0.0,0.2088366969329171
2018-01-25 10:00:00,0.7815472972972973,0.1852361392919173,0.040087748,0.0,0.040087748,0.0,0.1852361392919173
2018-01-25 11:00:00,0.8149864864864865,0.1500407068123544,0.04964704,0.0,0.04964704,0.0,0.1500407068123544
2018-01-25 12:00:00,0.7825979729729728,0.1181909752207781,0.11973025,0.0,0.11973025,0.0,0.1181909752207781
2018-01-25 13:00:00,0.7395827702702704,0.0938702448952266,0.28761952,0.0,0.28761952,0.0,0.0938702448952266
2018-01-25 14:00:00,0.6917381756756757,0.0620834337962665,0.55650662,0.0,0.55650662,0.0,0.0620834337962665
2018-01-25 15:00:00,0.6748868243243242,0.0464613095114064,0.79446959,0.0,0.79446959,0.0,0.0464613095114064
2018-01-25 16:00:00,0.7179155405405406,0.0472283515424985,0.91763007,0.0,0.91763007,0.0,0.0472283515424985
2018-01-25 17:00:00,0.7944695945945947,0.0547686055067193,1.039174,0.0,1.039174,0.0,0.0547686055067193
2018-01-25 18:00:00,0.9176300675675676,0.0660902898390763,1.0770676,0.0,1.0770676,0.0,0.0660902898390763
2018-01-25 19:00:00,1.0391739864864866,0.0794792773062474,0.98265541,0.0,0.98265541,0.0,0.0794792773062474
2018-01-25 20:00:00,1.0770675675675674,0.087431792285461,0.8378277,0.0,0.8378277,0.0,0.087431792285461
2018-01-25 21:00:00,0.9826554054054056,0.097333152941451,0.64776858,0.0,0.64776858,0.0,0.097333152941451
2018-01-25 22:00:00,0.8378277027027029,0.1143063444313478,0.4816402,0.0,0.4816402,0.0,0.1143063444313478
2018-01-25 23:00:00,0.647768581081081,0.1176179999937108,0.42497297,0.0,0.42497297,0.0,0.1176179999937108
2018-01-26 00:00:00,0.4816402027027027,0.1154360409880878,0.39141554,0.0,0.39141554,0.0,0.1154360409880878
2018-01-26 01:00:00,0.4249729729729729,0.111280230309697,0.37991723,0.0,0.37991723,0.0,0.111280230309697
2018-01-26 02:00:00,0.3914155405405405,0.1077720749274828,0.38373311,0.0,0.38373311,0.0,0.1077720749274828
2018-01-26 03:00:00,0.3799172297297297,0.1360001103982895,0.40939189,0.0,0.40939189,0.0,0.1360001103982895
2018-01-26 04:00:00,0.3837331081081081,0.1511369325055412,0.44470946,0.0,0.44470946,0.0,0.1511369325055412
2018-01-26 05:00:00,0.4093918918918918,0.1750097006880392,0.5223245,0.0,0.5223245,0.0,0.1750097006880392
2018-01-26 06:00:00,0.4447094594594595,0.206010816634573,0.3944533,0.0,0.3944533,0.0,0.206010816634573
2018-01-26 07:00:00,0.5483868243243244,0.2272626354142533,0.30472507,0.0,0.30472507,0.0,0.2272626354142533
2018-01-26 08:00:00,0.6313766891891891,0.2357508531697525,0.16025479,0.0,0.16025479,0.0,0.2357508531697525
2018-01-26 09:00:00,0.7608192567567567,0.2142634204616265,0.04612133,0.0,0.04612133,0.0,0.2142634204616265
2018-01-26 10:00:00,0.7869358108108108,0.1714453156067309,0.010866729,0.0,0.010866729,0.0,0.1714453156067309
2018-01-26 11:00:00,0.7719425675675676,0.1293822228713424,0.049629427,0.0,0.049629427,0.0,0.1293822228713424
2018-01-26 12:00:00,0.7615084459459459,0.0911495249475922,0.14115277,0.0,0.14115277,0.0,0.0911495249475922
2018-01-26 13:00:00,0.7539155405405406,0.0678539390820275,0.29361358,0.0,0.29361358,0.0,0.0678539390820275
2018-01-26 14:00:00,0.724204391891892,0.0457697754506423,0.62040014,0.0,0.62040014,0.0,0.0457697754506423
2018-01-26 15:00:00,0.6923260135135133,0.0345721918213641,0.83967061,0.0,0.83967061,0.0,0.0345721918213641
2018-01-26 16:00:00,0.7916537162162163,0.0348975907921735,0.95877872,0.0,0.95877872,0.0,0.0348975907921735
2018-01-26 17:00:00,0.8396706081081081,0.0471312505567132,1.0353446,0.0,1.0353446,0.0,0.0471312505567132
2018-01-26 18:00:00,0.9587787162162164,0.0611941158239652,1.0696639,0.0,1.0696639,0.0,0.0611941158239652
2018-01-26 19:00:00,1.0353445945945947,0.0722576301436544,0.99103209,0.0,0.99103209,0.0,0.0722576301436544
2018-01-26 20:00:00,1.0696638513513514,0.0803986193696815,0.8568598,0.0,0.8568598,0.0,0.0803986193696815
2018-01-26 21:00:00,0.9910320945945946,0.092614690457311,0.66829054,0.0,0.66829054,0.0,0.092614690457311
2018-01-26 22:00:00,0.8568597972972974,0.1113256466051192,0.46824831,0.0,0.46824831,0.0,0.1113256466051192
2018-01-26 23:00:00,0.6682905405405405,0.1212551896944294,0.42887162,0.0,0.42887162,0.0,0.1212551896944294
2018-01-27 00:00:00,0.4682483108108108,0.1240285236093052,0.39783446,0.0,0.39783446,0.0,0.1240285236093052
2018-01-27 01:00:00,0.4288716216216216,0.118201416913699,0.38713007,0.0,0.38713007,0.0,0.118201416913699
2018-01-27 02:00:00,0.3978344594594595,0.1159214445413557,0.38325507,0.0,0.38325507,0.0,0.1159214445413557
2018-01-27 03:00:00,0.3871300675675676,0.1444087651570836,0.40391892,0.0,0.40391892,0.0,0.1444087651570836
2018-01-27 04:00:00,0.3832550675675676,0.1573524600402324,0.42524831,0.0,0.42524831,0.0,0.1573524600402324
2018-01-27 05:00:00,0.4039189189189189,0.1795405675144141,0.45076097,0.0,0.45076097,0.0,0.1795405675144141
2018-01-27 06:00:00,0.4252483108108108,0.2035744892035109,0.32147159,0.0,0.32147159,0.0,0.2035744892035109
2018-01-27 07:00:00,0.4824966216216217,0.2203738214374946,0.20729406,0.0,0.20729406,0.0,0.2203738214374946
2018-01-27 08:00:00,0.5808361486486484,0.233458175048095,0.12914457,0.0,0.12914457,0.0,0.233458175048095
2018-01-27 09:00:00,0.6899459459459459,0.2236474104397438,0.10970275,0.0,0.10970275,0.0,0.2236474104397438
2018-01-27 10:00:00,0.7767871621621621,0.1825605653046129,0.066710027,0.0,0.066710027,0.0,0.1825605653046129
2018-01-27 11:00:00,0.8544239864864865,0.1370930413825448,0.12534298,0.0,0.12534298,0.0,0.1370930413825448
2018-01-27 12:00:00,0.8350726351351351,0.09649780061185,0.18141292,0.0,0.18141292,0.0,0.09649780061185
2018-01-27 13:00:00,0.8391081081081081,0.0724132586768143,0.35117052,0.0,0.35117052,0.0,0.0724132586768143
2018-01-27 14:00:00,0.7714898648648648,0.0467828731031009,0.59857353,0.0,0.59857353,0.0,0.0467828731031009
2018-01-27 15:00:00,0.7548192567567567,0.0349938807726835,0.90775338,0.0,0.90775338,0.0,0.0349938807726835
2018-01-27 16:00:00,0.7740168918918919,0.0330859739663713,0.98038682,0.0,0.98038682,0.0,0.0330859739663713
2018-01-27 17:00:00,0.9077533783783784,0.0346952956637918,1.0571233,0.0,1.0571233,0.0,0.0346952956637918
2018-01-27 18:00:00,0.9803868243243246,0.0410396040778386,1.0747466,0.0,1.0747466,0.0,0.0410396040778386
2018-01-27 19:00:00,1.057123310810811,0.0458913248662923,1.0064544,0.0,1.0064544,0.0,0.0458913248662923
2018-01-27 20:00:00,1.0747466216216215,0.0480741793569068,0.86088345,0.0,0.86088345,0.0,0.0480741793569068
2018-01-27 21:00:00,1.0064543918918918,0.0532114584820159,0.67889527,0.0,0.67889527,0.0,0.0532114584820159
2018-01-27 22:00:00,0.8608834459459459,0.060714879289979,0.48633108,0.0,0.48633108,0.0,0.060714879289979
2018-01-27 23:00:00,0.6788952702702702,0.0666263981179995,0.43376014,0.0,0.43376014,0.0,0.0666263981179995
2018-01-28 00:00:00,0.4863310810810811,0.0705167059443576,0.41322635,0.0,0.41322635,0.0,0.0705167059443576
2018-01-28 01:00:00,0.4337601351351351,0.0694607432839057,0.3902973,0.0,0.3902973,0.0,0.0694607432839057
2018-01-28 02:00:00,0.4132263513513514,0.0707972292899284,0.39016216,0.0,0.39016216,0.0,0.0707972292899284
2018-01-28 03:00:00,0.3902972972972973,0.0913269492475282,0.39651351,0.0,0.39651351,0.0,0.0913269492475282
2018-01-28 04:00:00,0.3901621621621622,0.0997244864756721,0.42266216,0.0,0.42266216,0.0,0.0997244864756721
2018-01-28 05:00:00,0.3965135135135135,0.1163560250973652,0.44506459,0.0,0.44506459,0.0,0.1163560250973652
2018-01-28 06:00:00,0.4226621621621622,0.1367583496429547,0.35046502,0.0,0.35046502,0.0,0.1367583496429547
2018-01-28 07:00:00,0.472668918918919,0.1582925503219622,0.30540639,0.0,0.30540639,0.0,0.1582925503219622
2018-01-28 08:00:00,0.5728260135135135,0.1812020300926654,0.18030956,0.0,0.18030956,0.0,0.1812020300926654
2018-01-28 09:00:00,0.7219831081081081,0.1654726503601342,0.11854321,0.0,0.11854321,0.0,0.1654726503601342
2018-01-28 10:00:00,0.831356418918919,0.123279256110499,0.057774558,0.0,0.057774558,0.0,0.123279256110499
2018-01-28 11:00:00,0.8656334459459459,0.0815869617453986,0.10318344,0.0,0.10318344,0.0,0.0815869617453986
2018-01-28 12:00:00,0.827027027027027,0.0522654884120395,0.15495518,0.0,0.15495518,0.0,0.0522654884120395
2018-01-28 13:00:00,0.8192331081081082,0.0395064830844188,0.31494146,0.0,0.31494146,0.0,0.0395064830844188
2018-01-28 14:00:00,0.7490827702702704,0.0309886974282542,0.64138463,0.0,0.64138463,0.0,0.0309886974282542
2018-01-28 15:00:00,0.7235253378378377,0.0269913200096006,0.90475845,0.0,0.90475845,0.0,0.0269913200096006
2018-01-28 16:00:00,0.8209442567567569,0.027970744047187,0.97811655,0.0,0.97811655,0.0,0.027970744047187
2018-01-28 17:00:00,0.904758445945946,0.0294750236655006,1.0412686,0.0,1.0412686,0.0,0.0294750236655006
2018-01-28 18:00:00,0.9781165540540542,0.0358462473171247,1.0600574,0.0,1.0600574,0.0,0.0358462473171247
2018-01-28 19:00:00,1.0412685810810811,0.0359438889730936,1.0133294,0.0,1.0133294,0.0,0.0359438889730936
2018-01-28 20:00:00,1.0600574324324323,0.0377038886923054,0.90233784,0.0,0.90233784,0.0,0.0377038886923054
2018-01-28 21:00:00,1.0133293918918918,0.0374256969869013,0.6645625,0.0,0.6645625,0.0,0.0374256969869013
2018-01-28 22:00:00,0.902337837837838,0.0389321730778359,0.50048986,0.0,0.50048986,0.0,0.0389321730778359
2018-01-28 23:00:00,0.6645625,0.0429766225943489,0.41109966,0.0,0.41109966,0.0,0.0429766225943489
2018-01-29 00:00:00,0.5004898648648648,0.0440554285700579,0.39485135,0.0,0.39485135,0.0,0.0440554285700579
2018-01-29 01:00:00,0.4110996621621622,0.0419795085041929,0.38279392,0.0,0.38279392,0.0,0.0419795085041929
2018-01-29 02:00:00,0.3948513513513513,0.0416665111557197,0.38292736,0.0,0.38292736,0.0,0.0416665111557197
2018-01-29 03:00:00,0.3827939189189189,0.0595913835444072,0.40202027,0.0,0.40202027,0.0,0.0595913835444072
2018-01-29 04:00:00,0.3829273648648649,0.0743525412497183,0.45955405,0.0,0.45955405,0.0,0.0743525412497183
2018-01-29 05:00:00,0.4020202702702703,0.0948610061107255,0.50759998,0.0,0.50759998,0.0,0.0948610061107255
2018-01-29 06:00:00,0.4595540540540541,0.1197267488772863,0.36063708,0.0,0.36063708,0.0,0.1197267488772863
2018-01-29 07:00:00,0.5434645270270271,0.1413781567145317,0.24756195,0.0,0.24756195,0.0,0.1413781567145317
2018-01-29 08:00:00,0.6300844594594593,0.1605071016020902,0.19440083,0.0,0.19440083,0.0,0.1605071016020902
2018-01-29 09:00:00,0.7453361486486486,0.162899195453757,0.0,0.0,0.0,0.00088083301,0.162899195453757
2018-01-29 10:00:00,0.7737736486486487,0.1570187651612936,0.10642951,0.0,0.10642951,0.0,0.1570187651612936
2018-01-29 11:00:00,0.7592195945945946,0.1412307058178986,0.11650711,0.0,0.11650711,0.0,0.1412307058178986
2018-01-29 12:00:00,0.738858108108108,0.1111463637514271,0.21120104,0.0,0.21120104,0.0,0.1111463637514271
2018-01-29 13:00:00,0.7323547297297298,0.0882778228511882,0.37037466,0.0,0.37037466,0.0,0.0882778228511882
2018-01-29 14:00:00,0.6958074324324325,0.0664557997791313,0.56000837,0.0,0.56000837,0.0,0.0664557997791313
2018-01-29 15:00:00,0.7094020270270269,0.0460193116363157,0.80756081,0.0,0.80756081,0.0,0.0460193116363157
2018-01-29 16:00:00,0.7116199324324324,0.0385019685711248,0.9515152,0.0,0.9515152,0.0,0.0385019685711248
2018-01-29 17:00:00,0.8075608108108109,0.0412891571594552,1.0364139,0.0,1.0364139,0.0,0.0412891571594552
2018-01-29 18:00:00,0.9515152027027028,0.0506342695721832,1.0663345,0.0,1.0663345,0.0,0.0506342695721832
2018-01-29 19:00:00,1.0364138513513514,0.0528958760542275,0.96411824,0.0,0.96411824,0.0,0.0528958760542275
2018-01-29 20:00:00,1.0663344594594597,0.0539221356464681,0.82446622,0.0,0.82446622,0.0,0.0539221356464681
2018-01-29 21:00:00,0.9641182432432432,0.0574445849966612,0.66008446,0.0,0.66008446,0.0,0.0574445849966612
2018-01-29 22:00:00,0.8244662162162163,0.0673298438187461,0.46709122,0.0,0.46709122,0.0,0.0673298438187461
2018-01-29 23:00:00,0.6600844594594594,0.0752653276871765,0.41297635,0.0,0.41297635,0.0,0.0752653276871765
2018-01-30 00:00:00,0.4670912162162162,0.0742374291884419,0.39932432,0.0,0.39932432,0.0,0.0742374291884419
2018-01-30 01:00:00,0.4129763513513513,0.0725459425190576,0.38048986,0.0,0.38048986,0.0,0.0725459425190576
2018-01-30 02:00:00,0.3993243243243244,0.0715085653961668,0.38246115,0.0,0.38246115,0.0,0.0715085653961668
2018-01-30 03:00:00,0.3804898648648648,0.0914433791923772,0.40352703,0.0,0.40352703,0.0,0.0914433791923772
2018-01-30 04:00:00,0.3824611486486486,0.0986386179956899,0.46017399,0.0,0.46017399,0.0,0.0986386179956899
2018-01-30 05:00:00,0.403527027027027,0.117438666452189,0.52911278,0.0,0.52911278,0.0,0.117438666452189
2018-01-30 06:00:00,0.4601739864864865,0.1421666059057055,0.41208615,0.0,0.41208615,0.0,0.1421666059057055
2018-01-30 07:00:00,0.564864864864865,0.166899816893512,0.24601848,0.0,0.24601848,0.0,0.166899816893512
2018-01-30 08:00:00,0.6693023648648648,0.1819712854923216,0.10999348,0.0,0.10999348,0.0,0.1819712854923216
2018-01-30 09:00:00,0.7170101351351351,0.1666645239879878,0.20511385,0.0,0.20511385,0.0,0.1666645239879878
2018-01-30 10:00:00,0.7806064189189189,0.1401135629469841,0.0,0.0,0.0,0.04345791,0.1401135629469841
2018-01-30 11:00:00,0.7635152027027027,0.1050061752276314,0.0,0.0,0.0,0.0050818273,0.1050061752276314
2018-01-30 12:00:00,0.746491554054054,0.0699781646496083,0.17419693,0.0,0.17419693,0.0,0.0699781646496083
2018-01-30 13:00:00,0.7249611486486487,0.0502427567754858,0.31842136,0.0,0.31842136,0.0,0.0502427567754858
2018-01-30 14:00:00,0.6959729729729731,0.0315352136082116,0.56188126,0.0,0.56188126,0.0,0.0315352136082116
2018-01-30 15:00:00,0.6854983108108107,0.0244530931448733,0.81976689,0.0,0.81976689,0.0,0.0244530931448733
2018-01-30 16:00:00,0.7283091216216216,0.0245193083464208,0.90157264,0.0,0.90157264,0.0,0.0245193083464208
2018-01-30 17:00:00,0.819766891891892,0.0295612267678979,1.0060338,0.0,1.0060338,0.0,0.0295612267678979
2018-01-30 18:00:00,0.9015726351351352,0.0349063259948271,1.0679865,0.0,1.0679865,0.0,0.0349063259948271
2018-01-30 19:00:00,1.006033783783784,0.0379867098861565,0.98178716,0.0,0.98178716,0.0,0.0379867098861565
2018-01-30 20:00:00,1.0679864864864863,0.0413168327144782,0.83011486,0.0,0.83011486,0.0,0.0413168327144782
2018-01-30 21:00:00,0.9817871621621622,0.0424753537503813,0.59379899,0.0,0.59379899,0.0,0.0424753537503813
2018-01-30 22:00:00,0.830114864864865,0.0472011490738863,0.45203885,0.0,0.45203885,0.0,0.0472011490738863
2018-01-30 23:00:00,0.5937989864864864,0.0517963387561661,0.40146622,0.0,0.40146622,0.0,0.0517963387561661
2018-01-31 00:00:00,0.4520388513513514,0.0552760413699686,0.40559628,0.0,0.40559628,0.0,0.0552760413699686
2018-01-31 01:00:00,0.4014662162162162,0.054626831647014,0.38219764,0.0,0.38219764,0.0,0.054626831647014
2018-01-31 02:00:00,0.4055962837837837,0.0581204058302145,0.38378716,0.0,0.38378716,0.0,0.0581204058302145
2018-01-31 03:00:00,0.3821976351351351,0.0813858662289869,0.40062669,0.0,0.40062669,0.0,0.0813858662289869
2018-01-31 04:00:00,0.3837871621621622,0.0941410699693792,0.45713851,0.0,0.45713851,0.0,0.0941410699693792
2018-01-31 05:00:00,0.4006266891891892,0.1147123032595133,0.51857641,0.0,0.51857641,0.0,0.1147123032595133
2018-01-31 06:00:00,0.4571385135135135,0.1401059597725272,0.38160021,0.0,0.38160021,0.0,0.1401059597725272
2018-01-31 07:00:00,0.5567077702702703,0.1621481200890243,0.21814301,0.0,0.21814301,0.0,0.1621481200890243
2018-01-31 08:00:00,0.6488902027027026,0.1735308494642979,0.12499367,0.0,0.12499367,0.0,0.1735308494642979
2018-01-31 09:00:00,0.7109864864864864,0.1520968417286885,0.051774999,0.0,0.051774999,0.0,0.1520968417286885
2018-01-31 10:00:00,0.7840185810810811,0.1152557274818582,0.0,0.0,0.0,0.036349395,0.1152557274818582
2018-01-31 11:00:00,0.8049510135135135,0.0840539553134369,0.034681879,0.0,0.034681879,0.0,0.0840539553134369
2018-01-31 12:00:00,0.7396385135135135,0.0568013395416693,0.37304872,0.0,0.37304872,0.0,0.0568013395416693
2018-01-31 13:00:00,0.7606402027027027,0.0422187212685482,0.40503939,0.0,0.40503939,0.0,0.0422187212685482
2018-01-31 14:00:00,0.7053547297297298,0.029605578618896,0.52374316,0.0,0.52374316,0.0,0.029605578618896
2018-01-31 15:00:00,0.6856283783783783,0.0229374256608179,0.79193243,0.0,0.79193243,0.0,0.0229374256608179
2018-01-31 16:00:00,0.718347972972973,0.0240786790427322,0.91550338,0.0,0.91550338,0.0,0.0240786790427322
2018-01-31 17:00:00,0.7919324324324325,0.0304203178977475,1.0380861,0.0,1.0380861,0.0,0.0304203178977475
2018-01-31 18:00:00,0.9155033783783786,0.0347723411649546,1.0917551,0.0,1.0917551,0.0,0.0347723411649546
2018-01-31 19:00:00,1.0380861486486488,0.036002990982538,0.98244088,0.0,0.98244088,0.0,0.036002990982538
2018-01-31 20:00:00,1.0917550675675678,0.0364264709038407,0.816625,0.0,0.816625,0.0,0.0364264709038407
2018-01-31 21:00:00,0.9824408783783783,0.0382977135133276,0.62329054,0.0,0.62329054,0.0,0.0382977135133276
2018-01-31 22:00:00,0.8166250000000002,0.0398665863226379,0.46795101,0.0,0.46795101,0.0,0.0398665863226379
2018-01-31 23:00:00,0.6232905405405404,0.0446451476768733,0.41890878,0.0,0.41890878,0.0,0.0446451476768733
2018-02-01 00:00:00,0.4679510135135136,0.0479767573481998,0.39808953,0.0,0.39808953,0.0,0.0479767573481998
2018-02-01 01:00:00,0.4189087837837837,0.0445032048577358,0.38169257,0.0,0.38169257,0.0,0.0445032048577358
2018-02-01 02:00:00,0.3980895270270271,0.0450619199087107,0.38161655,0.0,0.38161655,0.0,0.0450619199087107
2018-02-01 03:00:00,0.3816925675675676,0.0617771779291452,0.39934628,0.0,0.39934628,0.0,0.0617771779291452
2018-02-01 04:00:00,0.3816165540540541,0.0679250372111705,0.44565878,0.0,0.44565878,0.0,0.0679250372111705
2018-02-01 05:00:00,0.3993462837837838,0.0838736080153207,0.52095427,0.0,0.52095427,0.0,0.0838736080153207
2018-02-01 06:00:00,0.4456587837837837,0.1067574904320194,0.37131581,0.0,0.37131581,0.0,0.1067574904320194
2018-02-01 07:00:00,0.5635608108108108,0.1256528320083774,0.20961683,0.0,0.20961683,0.0,0.1256528320083774
2018-02-01 08:00:00,0.6495168918918919,0.1371293507645619,0.077640508,0.0,0.077640508,0.0,0.1371293507645619
2018-02-01 09:00:00,0.7140945945945943,0.1277019551082678,0.0,0.0,0.0,0.012399418,0.1277019551082678
2018-02-01 10:00:00,0.7507888513513513,0.107025189756673,0.0,0.0,0.0,0.034394714,0.107025189756673
2018-02-01 11:00:00,0.7577145270270269,0.0807276678642302,0.00027356685,0.0,0.00027356685,0.0,0.0807276678642302
2018-02-01 12:00:00,0.7609358108108107,0.054186506470304,0.0664106,0.0,0.0664106,0.0,0.054186506470304
2018-02-01 13:00:00,0.7467179054054054,0.0373071043613181,0.24111273,0.0,0.24111273,0.0,0.0373071043613181
2018-02-01 14:00:00,0.691883445945946,0.0288811312607054,0.49928431,0.0,0.49928431,0.0,0.0288811312607054
2018-02-01 15:00:00,0.6799408783783784,0.0236875717486725,0.77620439,0.0,0.77620439,0.0,0.0236875717486725
2018-02-01 16:00:00,0.7037364864864865,0.0231365612478138,0.88004054,0.0,0.88004054,0.0,0.0231365612478138
2018-02-01 17:00:00,0.7762043918918919,0.0294787745648992,1.0217568,0.0,1.0217568,0.0,0.0294787745648992
2018-02-01 18:00:00,0.8800405405405407,0.0340212826961649,1.0633125,0.0,1.0633125,0.0,0.0340212826961649
2018-02-01 19:00:00,1.0217567567567567,0.038880876994167,1.0022314,0.0,1.0022314,0.0,0.038880876994167
2018-02-01 20:00:00,1.0633124999999997,0.0346394545713923,0.8451402,0.0,0.8451402,0.0,0.0346394545713923
2018-02-01 21:00:00,1.0022314189189188,0.03495456391277,0.67006419,0.0,0.67006419,0.0,0.03495456391277
2018-02-01 22:00:00,0.8451402027027028,0.0377429690090137,0.46498142,0.0,0.46498142,0.0,0.0377429690090137
2018-02-01 23:00:00,0.6700641891891892,0.0372519728985344,0.41959122,0.0,0.41959122,0.0,0.0372519728985344
2018-02-02 00:00:00,0.4649814189189189,0.0376774803330254,0.39318919,0.0,0.39318919,0.0,0.0376774803330254
2018-02-02 01:00:00,0.4195912162162161,0.0355628516612034,0.38001182,0.0,0.38001182,0.0,0.0355628516612034
2018-02-02 02:00:00,0.3931891891891892,0.0368678774209181,0.38188345,0.0,0.38188345,0.0,0.0368678774209181
2018-02-02 03:00:00,0.3800118243243243,0.0512917076194943,0.40358953,0.0,0.40358953,0.0,0.0512917076194943
2018-02-02 04:00:00,0.381883445945946,0.0600707214540527,0.46069257,0.0,0.46069257,0.0,0.0600707214540527
2018-02-02 05:00:00,0.403589527027027,0.075014794640852,0.57304464,0.0,0.57304464,0.0,0.075014794640852
2018-02-02 06:00:00,0.4606925675675676,0.0972918423602356,0.58876892,0.0,0.58876892,0.0,0.0972918423602356
2018-02-02 07:00:00,0.5757753378378379,0.1183164782871456,0.61813937,0.0,0.61813937,0.0,0.1183164782871456
2018-02-02 08:00:00,0.6445320945945945,0.1263917760858658,0.68535769,0.0,0.68535769,0.0,0.1263917760858658
2018-02-02 09:00:00,0.700939189189189,0.1086566620356778,0.32614906,0.0,0.32614906,0.0,0.1086566620356778
2018-02-02 10:00:00,0.743829391891892,0.0868756623138015,0.63962397,0.0,0.63962397,0.0,0.0868756623138015
2018-02-02 11:00:00,0.7822432432432432,0.057062905638928,0.5927141,0.0,0.5927141,0.0,0.057062905638928
2018-02-02 12:00:00,0.7463226351351352,0.0385748407743078,0.6531837,0.0,0.6531837,0.0,0.0385748407743078
2018-02-02 13:00:00,0.7194814189189188,0.0314812986533411,0.60801354,0.0,0.60801354,0.0,0.0314812986533411
2018-02-02 14:00:00,0.6667398648648649,0.0234950086835957,0.53536739,0.0,0.53536739,0.0,0.0234950086835957
2018-02-02 15:00:00,0.6607297297297297,0.0215701721421596,0.82666892,0.0,0.82666892,0.0,0.0215701721421596
2018-02-02 16:00:00,0.7180033783783782,0.0238355971073755,0.89744088,0.0,0.89744088,0.0,0.0238355971073755
2018-02-02 17:00:00,0.826668918918919,0.0307329097435829,0.98842736,0.0,0.98842736,0.0,0.0307329097435829
2018-02-02 18:00:00,0.8974408783783785,0.0354842010454333,1.0498125,0.0,1.0498125,0.0,0.0354842010454333
2018-02-02 19:00:00,0.9884273648648648,0.0349925797850542,1.0272601,0.0,1.0272601,0.0,0.0349925797850542
2018-02-02 20:00:00,1.0498124999999998,0.0332141803836568,0.88121791,0.0,0.88121791,0.0,0.0332141803836568
2018-02-02 21:00:00,1.027260135135135,0.0340218064704053,0.70330405,0.0,0.70330405,0.0,0.0340218064704053
2018-02-02 22:00:00,0.8812179054054056,0.0339016763139872,0.48472635,0.0,0.48472635,0.0,0.0339016763139872
2018-02-02 23:00:00,0.703304054054054,0.0334659975216672,0.41183953,0.0,0.41183953,0.0,0.0334659975216672
2018-02-03 00:00:00,0.4847263513513514,0.0323688932394322,0.40073142,0.0,0.40073142,0.0,0.0323688932394322
2018-02-03 01:00:00,0.411839527027027,0.0299123920521443,0.38131757,0.0,0.38131757,0.0,0.0299123920521443
2018-02-03 02:00:00,0.4007314189189189,0.0323239331344774,0.38201182,0.0,0.38201182,0.0,0.0323239331344774
2018-02-03 03:00:00,0.3813175675675676,0.047595601764707,0.39699493,0.0,0.39699493,0.0,0.047595601764707
2018-02-03 04:00:00,0.3820118243243244,0.057806529892693,0.42622466,0.0,0.42622466,0.0,0.057806529892693
2018-02-03 05:00:00,0.3969949324324325,0.0733572519214319,0.44647412,0.0,0.44647412,0.0,0.0733572519214319
2018-02-03 06:00:00,0.4262246621621621,0.0927558391671164,0.30269841,0.0,0.30269841,0.0,0.0927558391671164
2018-02-03 07:00:00,0.4888125,0.1129718690425702,0.23331209,0.0,0.23331209,0.0,0.1129718690425702
2018-02-03 08:00:00,0.5695506756756755,0.1254795641104777,0.19350024,0.0,0.19350024,0.0,0.1254795641104777
2018-02-03 09:00:00,0.722797297297297,0.1040161067458054,0.087579989,0.0,0.087579989,0.0,0.1040161067458054
2018-02-03 10:00:00,0.8568699324324326,0.0703093758248914,0.40184788,0.0,0.40184788,0.0,0.0703093758248914
2018-02-03 11:00:00,0.8512229729729729,0.0441833139644218,0.58423456,0.0,0.58423456,0.0,0.0441833139644218
2018-02-03 12:00:00,0.7953581081081081,0.0340573555349767,0.34524457,0.0,0.34524457,0.0,0.0340573555349767
2018-02-03 13:00:00,0.8106587837837838,0.0325195712612234,0.32421325,0.0,0.32421325,0.0,0.0325195712612234
2018-02-03 14:00:00,0.7928344594594594,0.02857913317128,0.59473322,0.0,0.59473322,0.0,0.02857913317128
2018-02-03 15:00:00,0.7657601351351351,0.0258340323775539,0.86327872,0.0,0.86327872,0.0,0.0258340323775539
2018-02-03 16:00:00,0.8038057432432432,0.0241341653203239,0.93440372,0.0,0.93440372,0.0,0.0241341653203239
2018-02-03 17:00:00,0.8632787162162162,0.028426630387619,0.97916047,0.0,0.97916047,0.0,0.028426630387619
2018-02-03 18:00:00,0.9344037162162162,0.033216326168448,1.0416976,0.0,1.0416976,0.0,0.033216326168448
2018-02-03 19:00:00,0.979160472972973,0.0379659447719179,1.0221959,0.0,1.0221959,0.0,0.0379659447719179
2018-02-03 20:00:00,1.041697635135135,0.0350438589727798,0.89020777,0.0,0.89020777,0.0,0.0350438589727798
2018-02-03 21:00:00,1.0221959459459458,0.032666785614651,0.67302196,0.0,0.67302196,0.0,0.032666785614651
2018-02-03 22:00:00,0.8902077702702703,0.0324276404340687,0.48184966,0.0,0.48184966,0.0,0.0324276404340687
2018-02-03 23:00:00,0.6730219594594595,0.0291248214500188,0.4198125,0.0,0.4198125,0.0,0.0291248214500188
2018-02-04 00:00:00,0.4818496621621621,0.0260508073292898,0.40019764,0.0,0.40019764,0.0,0.0260508073292898
2018-02-04 01:00:00,0.4198125,0.0211815823436423,0.38933953,0.0,0.38933953,0.0,0.0211815823436423
2018-02-04 02:00:00,0.4001976351351352,0.0196729942598033,0.38232939,0.0,0.38232939,0.0,0.0196729942598033
2018-02-04 03:00:00,0.389339527027027,0.0286028212836988,0.39873311,0.0,0.39873311,0.0,0.0286028212836988
2018-02-04 04:00:00,0.3823293918918919,0.0350636103304243,0.43147635,0.0,0.43147635,0.0,0.0350636103304243
2018-02-04 05:00:00,0.3987331081081081,0.0466263321890062,0.46441701,0.0,0.46441701,0.0,0.0466263321890062
2018-02-04 06:00:00,0.4314763513513514,0.0608129433445291,0.43114973,0.0,0.43114973,0.0,0.0608129433445291
2018-02-04 07:00:00,0.474,0.075296331743017,0.45296454,0.0,0.45296454,0.0,0.075296331743017
2018-02-04 08:00:00,0.5699290540540539,0.0913398915400481,0.26214079,0.0,0.26214079,0.0,0.0913398915400481
2018-02-04 09:00:00,0.7323547297297296,0.0883322784762423,0.079903353,0.0,0.079903353,0.0,0.0883322784762423
2018-02-04 10:00:00,0.7941554054054053,0.075500789552133,0.04414584,0.0,0.04414584,0.0,0.075500789552133
2018-02-04 11:00:00,0.835045608108108,0.0572135836607193,0.41199194,0.0,0.41199194,0.0,0.0572135836607193
2018-02-04 12:00:00,0.8274695945945946,0.0416547515792265,0.49704796,0.0,0.49704796,0.0,0.0416547515792265
2018-02-04 13:00:00,0.8555962837837837,0.0340200323963653,0.53856332,0.0,0.53856332,0.0,0.0340200323963653
2018-02-04 14:00:00,0.7938868243243243,0.0299378542386031,0.69089443,0.0,0.69089443,0.0,0.0299378542386031
2018-02-04 15:00:00,0.8002314189189188,0.027719315515871,0.81811149,0.0,0.81811149,0.0,0.027719315515871
2018-02-04 16:00:00,0.7838817567567566,0.0268455080194617,0.93711824,0.0,0.93711824,0.0,0.0268455080194617
2018-02-04 17:00:00,0.8181114864864866,0.0286390123941133,1.0545726,0.0,1.0545726,0.0,0.0286390123941133
2018-02-04 18:00:00,0.9371182432432434,0.035782363755744,1.0481486,0.0,1.0481486,0.0,0.035782363755744
2018-02-04 19:00:00,1.054572635135135,0.0354195909584934,1.0075591,0.0,1.0075591,0.0,0.0354195909584934
2018-02-04 20:00:00,1.0481486486486484,0.033093492661112,0.89677027,0.0,0.89677027,0.0,0.033093492661112
2018-02-04 21:00:00,1.0075591216216215,0.0328696552051026,0.72610642,0.0,0.72610642,0.0,0.0328696552051026
2018-02-04 22:00:00,0.8967702702702706,0.0331084962587068,0.48761486,0.0,0.48761486,0.0,0.0331084962587068
2018-02-04 23:00:00,0.7261064189189189,0.0292432789080563,0.43170608,0.0,0.43170608,0.0,0.0292432789080563
2018-02-05 00:00:00,0.4876148648648649,0.0253398767256891,0.40032601,0.0,0.40032601,0.0,0.0253398767256891
2018-02-05 01:00:00,0.431706081081081,0.0223052470486466,0.39069088,0.0,0.39069088,0.0,0.0223052470486466
2018-02-05 02:00:00,0.4003260135135136,0.021934921764769,0.38748142,0.0,0.38748142,0.0,0.021934921764769
2018-02-05 03:00:00,0.3906908783783784,0.0313312457814496,0.40182264,0.0,0.40182264,0.0,0.0313312457814496
2018-02-05 04:00:00,0.3874814189189189,0.039625768443675,0.44789865,0.0,0.44789865,0.0,0.039625768443675
2018-02-05 05:00:00,0.4018226351351351,0.0525652393410146,0.53697248,0.0,0.53697248,0.0,0.0525652393410146
2018-02-05 06:00:00,0.4478986486486487,0.0764468272058824,0.38770005,0.0,0.38770005,0.0,0.0764468272058824
2018-02-05 07:00:00,0.5616655405405405,0.0958928582601775,0.22990878,0.0,0.22990878,0.0,0.0958928582601775
2018-02-05 08:00:00,0.6702195945945945,0.1047622991829425,0.099405638,0.0,0.099405638,0.0,0.1047622991829425
2018-02-05 09:00:00,0.7348124999999998,0.0877783787690901,0.13736611,0.0,0.13736611,0.0,0.0877783787690901
2018-02-05 10:00:00,0.770018581081081,0.0624779202789737,0.14268673,0.0,0.14268673,0.0,0.0624779202789737
2018-02-05 11:00:00,0.768314189189189,0.0431670229786913,0.14741779,0.0,0.14741779,0.0,0.0431670229786913
2018-02-05 12:00:00,0.7821013513513514,0.0321530306686309,0.25829385,0.0,0.25829385,0.0,0.0321530306686309
2018-02-05 13:00:00,0.7683412162162162,0.0287053796591498,0.30621464,0.0,0.30621464,0.0,0.0287053796591498
2018-02-05 14:00:00,0.7340016891891891,0.0252584889671145,0.67855488,0.0,0.67855488,0.0,0.0252584889671145
2018-02-05 15:00:00,0.7240625,0.0215542054758003,0.82529054,0.0,0.82529054,0.0,0.0215542054758003
2018-02-05 16:00:00,0.751670608108108,0.0242829847883591,0.91346284,0.0,0.91346284,0.0,0.0242829847883591
2018-02-05 17:00:00,0.8252905405405405,0.0295858272612516,0.98047128,0.0,0.98047128,0.0,0.0295858272612516
2018-02-05 18:00:00,0.913462837837838,0.036570322964564,1.0271199,0.0,1.0271199,0.0,0.036570322964564
2018-02-05 19:00:00,0.980471283783784,0.0365949065619745,1.0040676,0.0,1.0040676,0.0,0.0365949065619745
2018-02-05 20:00:00,1.0271199324324325,0.0330378881119175,0.86538851,0.0,0.86538851,0.0,0.0330378881119175
2018-02-05 21:00:00,1.0040675675675674,0.032449436200845,0.68303378,0.0,0.68303378,0.0,0.032449436200845
2018-02-05 22:00:00,0.8653885135135136,0.0337795186443807,0.46433953,0.0,0.46433953,0.0,0.0337795186443807
2018-02-05 23:00:00,0.6830337837837839,0.0321213507750608,0.40884122,0.0,0.40884122,0.0,0.0321213507750608
2018-02-06 00:00:00,0.464339527027027,0.0296628727624142,0.3946098,0.0,0.3946098,0.0,0.0296628727624142
2018-02-06 01:00:00,0.4088412162162162,0.0286942452325565,0.38878547,0.0,0.38878547,0.0,0.0286942452325565
2018-02-06 02:00:00,0.3946097972972974,0.0297756362875806,0.38269595,0.0,0.38269595,0.0,0.0297756362875806
2018-02-06 03:00:00,0.388785472972973,0.0441399420781315,0.40698818,0.0,0.40698818,0.0,0.0441399420781315
2018-02-06 04:00:00,0.382695945945946,0.054353607348922,0.44293412,0.0,0.44293412,0.0,0.054353607348922
2018-02-06 05:00:00,0.4069881756756757,0.0697252323793441,0.54438648,0.0,0.54438648,0.0,0.0697252323793441
2018-02-06 06:00:00,0.4429341216216216,0.0926526556417655,0.67880571,0.0,0.67880571,0.0,0.0926526556417655
2018-02-06 07:00:00,0.5539391891891892,0.1167313177885547,0.66880082,0.0,0.66880082,0.0,0.1167313177885547
2018-02-06 08:00:00,0.7032652027027027,0.1242738020172828,0.45574671,0.0,0.45574671,0.0,0.1242738020172828
2018-02-06 09:00:00,0.7684763513513512,0.1000199289391217,0.36421427,0.0,0.36421427,0.0,0.1000199289391217
2018-02-06 10:00:00,0.7609949324324324,0.0693618006403073,0.54719187,0.0,0.54719187,0.0,0.0693618006403073
2018-02-06 11:00:00,0.754010135135135,0.0442698211937975,0.56253813,0.0,0.56253813,0.0,0.0442698211937975
2018-02-06 12:00:00,0.7522635135135135,0.0332788580543697,0.56470018,0.0,0.56470018,0.0,0.0332788580543697
2018-02-06 13:00:00,0.7349729729729729,0.02694210212695,0.56579126,0.0,0.56579126,0.0,0.02694210212695
2018-02-06 14:00:00,0.6832449324324325,0.0229707613568252,0.69983739,0.0,0.69983739,0.0,0.0229707613568252
2018-02-06 15:00:00,0.7216942567567567,0.0216480962323707,0.80232264,0.0,0.80232264,0.0,0.0216480962323707
2018-02-06 16:00:00,0.730876689189189,0.0238915733673211,0.91997973,0.0,0.91997973,0.0,0.0238915733673211
2018-02-06 17:00:00,0.8023226351351352,0.028744814790666,1.0142179,0.0,1.0142179,0.0,0.028744814790666
2018-02-06 18:00:00,0.91997972972973,0.0353123524067656,1.0262416,0.0,1.0262416,0.0,0.0353123524067656
2018-02-06 19:00:00,1.0142179054054057,0.0345628990525835,0.99802872,0.0,0.99802872,0.0,0.0345628990525835
2018-02-06 20:00:00,1.0262415540540542,0.0340204716908895,0.8920473,0.0,0.8920473,0.0,0.0340204716908895
2018-02-06 21:00:00,0.998028716216216,0.0329463289955141,0.69636149,0.0,0.69636149,0.0,0.0329463289955141
2018-02-06 22:00:00,0.8920472972972974,0.0306239984934745,0.48228716,0.0,0.48228716,0.0,0.0306239984934745
2018-02-06 23:00:00,0.6963614864864864,0.0270614212780926,0.41548311,0.0,0.41548311,0.0,0.0270614212780926
2018-02-07 00:00:00,0.4822871621621621,0.0227755456286602,0.38851858,0.0,0.38851858,0.0,0.0227755456286602
2018-02-07 01:00:00,0.4154831081081081,0.0191706947632981,0.38022973,0.0,0.38022973,0.0,0.0191706947632981
2018-02-07 02:00:00,0.3885185810810811,0.0183470851142471,0.38369088,0.0,0.38369088,0.0,0.0183470851142471
2018-02-07 03:00:00,0.3802297297297297,0.0295775313531221,0.41269088,0.0,0.41269088,0.0,0.0295775313531221
2018-02-07 04:00:00,0.3836908783783784,0.0386192264171924,0.43980236,0.0,0.43980236,0.0,0.0386192264171924
2018-02-07 05:00:00,0.4126908783783784,0.0541998711614047,0.5312173,0.0,0.5312173,0.0,0.0541998711614047
2018-02-07 06:00:00,0.4398023648648648,0.0740150278876077,0.62109443,0.0,0.62109443,0.0,0.0740150278876077
2018-02-07 07:00:00,0.5407094594594594,0.0882633092359471,0.61438596,0.0,0.61438596,0.0,0.0882633092359471
2018-02-07 08:00:00,0.6507871621621621,0.0925160688366343,0.58944018,0.0,0.58944018,0.0,0.0925160688366343
2018-02-07 09:00:00,0.7120929054054052,0.0753464451106592,0.65415592,0.0,0.65415592,0.0,0.0753464451106592
2018-02-07 10:00:00,0.8515422297297298,0.0531449898413199,0.45621711,0.0,0.45621711,0.0,0.0531449898413199
2018-02-07 11:00:00,0.7841452702702701,0.037776085057759,0.5550561,0.0,0.5550561,0.0,0.037776085057759
2018-02-07 12:00:00,0.7472770270270269,0.0321023766308051,0.5392902,0.0,0.5392902,0.0,0.0321023766308051
2018-02-07 13:00:00,0.7484307432432431,0.0253805114691751,0.52441637,0.0,0.52441637,0.0,0.0253805114691751
2018-02-07 14:00:00,0.709858108108108,0.0236043423322851,0.63088244,0.0,0.63088244,0.0,0.0236043423322851
2018-02-07 15:00:00,0.675875,0.0219704539333972,0.78484122,0.0,0.78484122,0.0,0.0219704539333972
2018-02-07 16:00:00,0.7282736486486486,0.0246982532812482,0.89114865,0.0,0.89114865,0.0,0.0246982532812482
2018-02-07 17:00:00,0.7848412162162163,0.0292765132284043,1.0124713,0.0,1.0124713,0.0,0.0292765132284043
2018-02-07 18:00:00,0.8911486486486486,0.0366919737558735,1.0878632,0.0,1.0878632,0.0,0.0366919737558735
2018-02-07 19:00:00,1.0124712837837837,0.0355085143077519,1.0546014,0.0,1.0546014,0.0,0.0355085143077519
2018-02-07 20:00:00,1.0878631756756754,0.0324180942261396,0.85132432,0.0,0.85132432,0.0,0.0324180942261396
2018-02-07 21:00:00,1.0546013513513512,0.0314682887770482,0.667375,0.0,0.667375,0.0,0.0314682887770482
2018-02-07 22:00:00,0.8513243243243245,0.0298420711363902,0.48361149,0.0,0.48361149,0.0,0.0298420711363902
2018-02-07 23:00:00,0.667375,0.0280681153680643,0.42087669,0.0,0.42087669,0.0,0.0280681153680643
2018-02-08 00:00:00,0.4836114864864865,0.0228769043921413,0.39154392,0.0,0.39154392,0.0,0.0228769043921413
2018-02-08 01:00:00,0.4208766891891891,0.0209472187149961,0.38081419,0.0,0.38081419,0.0,0.0209472187149961
2018-02-08 02:00:00,0.391543918918919,0.0183949851133251,0.38238007,0.0,0.38238007,0.0,0.0183949851133251
2018-02-08 03:00:00,0.3808141891891891,0.0278281084943768,0.39843074,0.0,0.39843074,0.0,0.0278281084943768
2018-02-08 04:00:00,0.3823800675675676,0.0345109947149582,0.44199493,0.0,0.44199493,0.0,0.0345109947149582
2018-02-08 05:00:00,0.3984307432432433,0.0494591229281345,0.54751485,0.0,0.54751485,0.0,0.0494591229281345
2018-02-08 06:00:00,0.4419949324324324,0.0675824212742021,0.53018804,0.0,0.53018804,0.0,0.0675824212742021
2018-02-08 07:00:00,0.551545608108108,0.0853218268939725,0.55278625,0.0,0.55278625,0.0,0.0853218268939725
2018-02-08 08:00:00,0.6272635135135134,0.0936893569269269,0.46377947,0.0,0.46377947,0.0,0.0936893569269269
2018-02-08 09:00:00,0.7188935810810809,0.080401643743521,0.61467526,0.0,0.61467526,0.0,0.080401643743521
2018-02-08 10:00:00,0.7764763513513514,0.0596271015684111,0.6492317,0.0,0.6492317,0.0,0.0596271015684111
2018-02-08 11:00:00,0.7724510135135134,0.0430364511293527,0.55719632,0.0,0.55719632,0.0,0.0430364511293527
2018-02-08 12:00:00,0.7783733108108107,0.0322854948636123,0.50103076,0.0,0.50103076,0.0,0.0322854948636123
2018-02-08 13:00:00,0.7570456081081081,0.0273891349931255,0.55348528,0.0,0.55348528,0.0,0.0273891349931255
2018-02-08 14:00:00,0.6944054054054055,0.0224533230951793,0.66547722,0.0,0.66547722,0.0,0.0224533230951793
2018-02-08 15:00:00,0.7039577702702702,0.02046740771894,0.79676351,0.0,0.79676351,0.0,0.02046740771894
2018-02-08 16:00:00,0.7055456081081081,0.0242999314194262,0.87748986,0.0,0.87748986,0.0,0.0242999314194262
2018-02-08 17:00:00,0.7967635135135136,0.0294564719198259,0.95009459,0.0,0.95009459,0.0,0.0294564719198259
2018-02-08 18:00:00,0.8774898648648648,0.0332956695178909,1.0107078,0.0,1.0107078,0.0,0.0332956695178909
2018-02-08 19:00:00,0.9500945945945946,0.0339170009345036,1.0051892,0.0,1.0051892,0.0,0.0339170009345036
2018-02-08 20:00:00,1.0107077702702705,0.0336169627744935,0.86146791,0.0,0.86146791,0.0,0.0336169627744935
2018-02-08 21:00:00,1.005189189189189,0.031557516253285,0.63480068,0.0,0.63480068,0.0,0.031557516253285
2018-02-08 22:00:00,0.8614679054054056,0.0296574998524648,0.45155068,0.0,0.45155068,0.0,0.0296574998524648
2018-02-08 23:00:00,0.6348006756756757,0.028083896179048,0.40735304,0.0,0.40735304,0.0,0.028083896179048
2018-02-09 00:00:00,0.4515506756756756,0.0244695328976434,0.40064527,0.0,0.40064527,0.0,0.0244695328976434
2018-02-09 01:00:00,0.4073530405405406,0.0210367165263247,0.39410135,0.0,0.39410135,0.0,0.0210367165263247
2018-02-09 02:00:00,0.4006452702702703,0.0207512933572151,0.38932601,0.0,0.38932601,0.0,0.0207512933572151
2018-02-09 03:00:00,0.3941013513513513,0.0295919604886468,0.40163007,0.0,0.40163007,0.0,0.0295919604886468
2018-02-09 04:00:00,0.3893260135135136,0.0360682938031507,0.45720439,0.0,0.45720439,0.0,0.0360682938031507
2018-02-09 05:00:00,0.4016300675675676,0.0488963359548394,0.55171114,0.0,0.55171114,0.0,0.0488963359548394
2018-02-09 06:00:00,0.4572043918918919,0.0659874442325902,0.63413402,0.0,0.63413402,0.0,0.0659874442325902
2018-02-09 07:00:00,0.5530506756756757,0.0848289891256804,0.72628162,0.0,0.72628162,0.0,0.0848289891256804
2018-02-09 08:00:00,0.6435050675675674,0.0929484022321932,0.78318811,0.0,0.78318811,0.0,0.0929484022321932
2018-02-09 09:00:00,0.7728530405405404,0.0767695904095467,0.62372008,0.0,0.62372008,0.0,0.0767695904095467
2018-02-09 10:00:00,0.8018564189189189,0.0546723155262094,0.56424959,0.0,0.56424959,0.0,0.0546723155262094
2018-02-09 11:00:00,0.7741925675675675,0.0386408025367066,0.46074693,0.0,0.46074693,0.0,0.0386408025367066
2018-02-09 12:00:00,0.773152027027027,0.032353230700051,0.37700874,0.0,0.37700874,0.0,0.032353230700051
2018-02-09 13:00:00,0.7749374999999998,0.0276926368214992,0.54804366,0.0,0.54804366,0.0,0.0276926368214992
2018-02-09 14:00:00,0.7240135135135135,0.0245134961419471,0.69408727,0.0,0.69408727,0.0,0.0245134961419471
2018-02-09 15:00:00,0.6946013513513513,0.022160161584067,0.82147492,0.0,0.82147492,0.0,0.022160161584067
2018-02-09 16:00:00,0.7394797297297296,0.0243189055636818,0.91871959,0.0,0.91871959,0.0,0.0243189055636818
2018-02-09 17:00:00,0.8241537162162164,0.0294486997859366,0.98455405,0.0,0.98455405,0.0,0.0294486997859366
2018-02-09 18:00:00,0.9187195945945946,0.0338926707762418,0.99968919,0.0,0.99968919,0.0,0.0338926707762418
2018-02-09 19:00:00,0.9845540540540542,0.0373394094047879,0.98874831,0.0,0.98874831,0.0,0.0373394094047879
2018-02-09 20:00:00,0.9996891891891893,0.0330311635265092,0.903625,0.0,0.903625,0.0,0.0330311635265092
2018-02-09 21:00:00,0.9887483108108108,0.0311127136516168,0.66567399,0.0,0.66567399,0.0,0.0311127136516168
2018-02-09 22:00:00,0.903625,0.0289508777143895,0.44216047,0.0,0.44216047,0.0,0.0289508777143895
2018-02-09 23:00:00,0.6656739864864865,0.0301422106720597,0.41508446,0.0,0.41508446,0.0,0.0301422106720597
2018-02-10 00:00:00,0.4421604729729729,0.0248227256950783,0.39688514,0.0,0.39688514,0.0,0.0248227256950783
2018-02-10 01:00:00,0.4150844594594594,0.0206089619313832,0.37966047,0.0,0.37966047,0.0,0.0206089619313832
2018-02-10 02:00:00,0.3968851351351352,0.022294382957145,0.38303716,0.0,0.38303716,0.0,0.022294382957145
2018-02-10 03:00:00,0.3796604729729729,0.0340454945828241,0.39908784,0.0,0.39908784,0.0,0.0340454945828241
2018-02-10 04:00:00,0.3830371621621622,0.0428783051006504,0.42966385,0.0,0.42966385,0.0,0.0428783051006504
2018-02-10 05:00:00,0.3990878378378379,0.059038700345168,0.45311427,0.0,0.45311427,0.0,0.059038700345168
2018-02-10 06:00:00,0.4296638513513513,0.0743877354994819,0.45827498,0.0,0.45827498,0.0,0.0743877354994819
2018-02-10 07:00:00,0.4759966216216216,0.0915895797892105,0.48845087,0.0,0.48845087,0.0,0.0915895797892105
2018-02-10 08:00:00,0.5688952702702702,0.10662759442041,0.58299429,0.0,0.58299429,0.0,0.10662759442041
2018-02-10 09:00:00,0.6960608108108106,0.0930454018423193,0.48043986,0.0,0.48043986,0.0,0.0930454018423193
2018-02-10 10:00:00,0.7828141891891892,0.0667503298616458,0.59934213,0.0,0.59934213,0.0,0.0667503298616458
2018-02-10 11:00:00,0.8488260135135134,0.0460461086022902,0.44288726,0.0,0.44288726,0.0,0.0460461086022902
2018-02-10 12:00:00,0.8928293918918918,0.036498870020613,0.34917858,0.0,0.34917858,0.0,0.036498870020613
2018-02-10 13:00:00,0.8372567567567567,0.0316319428832459,0.47843614,0.0,0.47843614,0.0,0.0316319428832459
2018-02-10 14:00:00,0.736206081081081,0.0276126514262133,0.57937887,0.0,0.57937887,0.0,0.0276126514262133
2018-02-10 15:00:00,0.7128614864864865,0.0252709243813371,0.80181769,0.0,0.80181769,0.0,0.0252709243813371
2018-02-10 16:00:00,0.7740489864864865,0.0242645513142871,0.8971875,0.0,0.8971875,0.0,0.0242645513142871
2018-02-10 17:00:00,0.8179780405405406,0.0279380841889091,1.0021723,0.0,1.0021723,0.0,0.0279380841889091
2018-02-10 18:00:00,0.8971875,0.0345074465668783,1.0241385,0.0,1.0241385,0.0,0.0345074465668783
2018-02-10 19:00:00,1.0021722972972973,0.036254841912435,1.0012905,0.0,1.0012905,0.0,0.036254841912435
2018-02-10 20:00:00,1.0241385135135137,0.0336337404461282,0.8816723,0.0,0.8816723,0.0,0.0336337404461282
2018-02-10 21:00:00,1.0012905405405403,0.0334552010139385,0.72784291,0.0,0.72784291,0.0,0.0334552010139385
2018-02-10 22:00:00,0.8816722972972975,0.0335636729695228,0.50064696,0.0,0.50064696,0.0,0.0335636729695228
2018-02-10 23:00:00,0.7278429054054054,0.0323571336629388,0.4138277,0.0,0.4138277,0.0,0.0323571336629388
2018-02-11 00:00:00,0.5006469594594595,0.027432506879416,0.39256081,0.0,0.39256081,0.0,0.027432506879416
2018-02-11 01:00:00,0.4138277027027027,0.0264608718716619,0.38513007,0.0,0.38513007,0.0,0.0264608718716619
2018-02-11 02:00:00,0.3925608108108109,0.0308724871306672,0.38592568,0.0,0.38592568,0.0,0.0308724871306672
2018-02-11 03:00:00,0.3851300675675675,0.0466312658044315,0.40007432,0.0,0.40007432,0.0,0.0466312658044315
2018-02-11 04:00:00,0.3859256756756757,0.0606762889556248,0.43224831,0.0,0.43224831,0.0,0.0606762889556248
2018-02-11 05:00:00,0.4000743243243244,0.0825532745310329,0.41918501,0.0,0.41918501,0.0,0.0825532745310329
2018-02-11 06:00:00,0.4322483108108109,0.1043752638112032,0.48271396,0.0,0.48271396,0.0,0.1043752638112032
2018-02-11 07:00:00,0.4880388513513514,0.1279050443459816,0.51074086,0.0,0.51074086,0.0,0.1279050443459816
2018-02-11 08:00:00,0.5684527027027025,0.14205896185134,0.53664249,0.0,0.53664249,0.0,0.14205896185134
2018-02-11 09:00:00,0.7132077702702702,0.1260082381743763,0.38670489,0.0,0.38670489,0.0,0.1260082381743763
2018-02-11 10:00:00,0.8340743243243244,0.1006791410604726,0.0064559451,0.0,0.0064559451,0.0,0.1006791410604726
2018-02-11 11:00:00,0.8283260135135134,0.0831885282048733,0.053906611,0.0,0.053906611,0.0,0.0831885282048733
2018-02-11 12:00:00,0.8157635135135136,0.0748487751026012,0.09734988,0.0,0.09734988,0.0,0.0748487751026012
2018-02-11 13:00:00,0.8099239864864863,0.0714240349921501,0.3795207,0.0,0.3795207,0.0,0.0714240349921501
2018-02-11 14:00:00,0.7366013513513514,0.061059809971171,0.62822363,0.0,0.62822363,0.0,0.061059809971171
2018-02-11 15:00:00,0.736643581081081,0.0620065065667066,0.82542488,0.0,0.82542488,0.0,0.0620065065667066
2018-02-11 16:00:00,0.7791891891891891,0.0548642872332728,0.91717736,0.0,0.91717736,0.0,0.0548642872332728
2018-02-11 17:00:00,0.8456841216216217,0.0574502958254755,1.0240777,0.0,1.0240777,0.0,0.0574502958254755
2018-02-11 18:00:00,0.9171773648648648,0.0659666791183514,1.0372416,0.0,1.0372416,0.0,0.0659666791183514
2018-02-11 19:00:00,1.0240777027027026,0.0745702454783324,1.0149865,0.0,1.0149865,0.0,0.0745702454783324
2018-02-11 20:00:00,1.037241554054054,0.0818622811404523,0.86265372,0.0,0.86265372,0.0,0.0818622811404523
2018-02-11 21:00:00,1.0149864864864864,0.0831518133202184,0.71050507,0.0,0.71050507,0.0,0.0831518133202184
2018-02-11 22:00:00,0.8626537162162163,0.0875813889668851,0.49456926,0.0,0.49456926,0.0,0.0875813889668851
2018-02-11 23:00:00,0.7105050675675675,0.0914140985227467,0.4162652,0.0,0.4162652,0.0,0.0914140985227467
2018-02-12 00:00:00,0.4945692567567567,0.0906647296482809,0.3950473,0.0,0.3950473,0.0,0.0906647296482809
2018-02-12 01:00:00,0.4162652027027028,0.090615697621006,0.38885473,0.0,0.38885473,0.0,0.090615697621006
2018-02-12 02:00:00,0.3950472972972974,0.0917789495210156,0.38696284,0.0,0.38696284,0.0,0.0917789495210156
2018-02-12 03:00:00,0.3888547297297297,0.118467375956199,0.40532432,0.0,0.40532432,0.0,0.118467375956199
2018-02-12 04:00:00,0.3869628378378379,0.1301566653255724,0.4439527,0.0,0.4439527,0.0,0.1301566653255724
2018-02-12 05:00:00,0.4053243243243244,0.1502345877610037,0.51777881,0.0,0.51777881,0.0,0.1502345877610037
2018-02-12 06:00:00,0.4439527027027027,0.1797842070158977,0.50946421,0.0,0.50946421,0.0,0.1797842070158977
2018-02-12 07:00:00,0.5435945945945945,0.2033004539001431,0.35387069,0.0,0.35387069,0.0,0.2033004539001431
2018-02-12 08:00:00,0.6350118243243242,0.2102910997267941,0.23390658,0.0,0.23390658,0.0,0.2102910997267941
2018-02-12 09:00:00,0.7006587837837835,0.186100265412852,0.22117882,0.0,0.22117882,0.0,0.186100265412852
2018-02-12 10:00:00,0.7769712837837838,0.1422176654461691,0.13313804,0.0,0.13313804,0.0,0.1422176654461691
2018-02-12 11:00:00,0.7684222972972973,0.1012793525480384,0.23482512,0.0,0.23482512,0.0,0.1012793525480384
2018-02-12 12:00:00,0.773722972972973,0.0710597415600082,0.33300266,0.0,0.33300266,0.0,0.0710597415600082
2018-02-12 13:00:00,0.7386858108108108,0.0510523089997633,0.36050851,0.0,0.36050851,0.0,0.0510523089997633
2018-02-12 14:00:00,0.7100625,0.0318662727200054,0.57315398,0.0,0.57315398,0.0,0.0318662727200054
2018-02-12 15:00:00,0.6663175675675675,0.0256906702991842,0.78213461,0.0,0.78213461,0.0,0.0256906702991842
2018-02-12 16:00:00,0.701410472972973,0.0253362778897796,0.90001858,0.0,0.90001858,0.0,0.0253362778897796
2018-02-12 17:00:00,0.7942195945945947,0.0307722941872693,1.000897,0.0,1.000897,0.0,0.0307722941872693
2018-02-12 18:00:00,0.9000185810810812,0.0396799875255238,1.0320929,0.0,1.0320929,0.0,0.0396799875255238
2018-02-12 19:00:00,1.0008969594594594,0.0462163690222936,1.0150135,0.0,1.0150135,0.0,0.0462163690222936
2018-02-12 20:00:00,1.0320929054054055,0.0481565470801893,0.85811655,0.0,0.85811655,0.0,0.0481565470801893
2018-02-12 21:00:00,1.0150135135135134,0.0550067200347643,0.64536993,0.0,0.64536993,0.0,0.0550067200347643
2018-02-12 22:00:00,0.8581165540540542,0.0671215168386288,0.46497297,0.0,0.46497297,0.0,0.0671215168386288
2018-02-12 23:00:00,0.6453699324324325,0.0777574286268655,0.42767905,0.0,0.42767905,0.0,0.0777574286268655
2018-02-13 00:00:00,0.4649729729729729,0.0828854487750805,0.40910304,0.0,0.40910304,0.0,0.0828854487750805
2018-02-13 01:00:00,0.427679054054054,0.076549774188028,0.39300676,0.0,0.39300676,0.0,0.076549774188028
2018-02-13 02:00:00,0.4091030405405406,0.0690108212114365,0.39290203,0.0,0.39290203,0.0,0.0690108212114365
2018-02-13 03:00:00,0.3930067567567567,0.0860304427533498,0.39953041,0.0,0.39953041,0.0,0.0860304427533498
2018-02-13 04:00:00,0.3929020270270271,0.0942225928954996,0.43962331,0.0,0.43962331,0.0,0.0942225928954996
2018-02-13 05:00:00,0.3995304054054054,0.1134212335489127,0.47486296,0.0,0.47486296,0.0,0.1134212335489127
2018-02-13 06:00:00,0.4396233108108108,0.144521309034988,0.44373129,0.0,0.44373129,0.0,0.144521309034988
2018-02-13 07:00:00,0.5497027027027026,0.1716560249148445,0.25038114,0.0,0.25038114,0.0,0.1716560249148445
2018-02-13 08:00:00,0.6552179054054053,0.1761928222172959,0.067848908,0.0,0.067848908,0.0,0.1761928222172959
2018-02-13 09:00:00,0.719930743243243,0.1473143267237354,0.0030316687,0.0,0.0030316687,0.0,0.1473143267237354
2018-02-13 10:00:00,0.746010135135135,0.1112873435018001,0.003948417,0.0,0.003948417,0.0,0.1112873435018001
2018-02-13 11:00:00,0.7743023648648648,0.0792011531846162,0.0,0.0,0.0,0.013743548,0.0792011531846162
2018-02-13 12:00:00,0.7973935810810809,0.0550333142494199,0.023366469,0.0,0.023366469,0.0,0.0550333142494199
2018-02-13 13:00:00,0.7366114864864864,0.0403247536154069,0.21645716,0.0,0.21645716,0.0,0.0403247536154069
2018-02-13 14:00:00,0.6583429054054054,0.0269787325318887,0.61204607,0.0,0.61204607,0.0,0.0269787325318887
2018-02-13 15:00:00,0.676741554054054,0.0212964071738838,0.7758715,0.0,0.7758715,0.0,0.0212964071738838
2018-02-13 16:00:00,0.7442263513513513,0.0234629908711609,0.89534122,0.0,0.89534122,0.0,0.0234629908711609
2018-02-13 17:00:00,0.7905439189189191,0.029617524050765,0.97262838,0.0,0.97262838,0.0,0.029617524050765
2018-02-13 18:00:00,0.8953412162162163,0.0363922397228416,1.0359172,0.0,1.0359172,0.0,0.0363922397228416
2018-02-13 19:00:00,0.9726283783783785,0.0372686491945097,0.99961318,0.0,0.99961318,0.0,0.0372686491945097
2018-02-13 20:00:00,1.03591722972973,0.0394340332798168,0.85972635,0.0,0.85972635,0.0,0.0394340332798168
2018-02-13 21:00:00,0.9996131756756756,0.0408436111362847,0.66107939,0.0,0.66107939,0.0,0.0408436111362847
2018-02-13 22:00:00,0.8597263513513514,0.0475559469859288,0.45448311,0.0,0.45448311,0.0,0.0475559469859288
2018-02-13 23:00:00,0.6610793918918919,0.0530694311831621,0.41141047,0.0,0.41141047,0.0,0.0530694311831621
2018-02-14 00:00:00,0.454483108108108,0.0585287976742062,0.39067568,0.0,0.39067568,0.0,0.0585287976742062
2018-02-14 01:00:00,0.411410472972973,0.0623735878294826,0.38245608,0.0,0.38245608,0.0,0.0623735878294826
2018-02-14 02:00:00,0.3906756756756757,0.0673718133417478,0.38308446,0.0,0.38308446,0.0,0.0673718133417478
2018-02-14 03:00:00,0.382456081081081,0.0923349443251292,0.40401014,0.0,0.40401014,0.0,0.0923349443251292
2018-02-14 04:00:00,0.3830844594594595,0.1039903742242548,0.4542027,0.0,0.4542027,0.0,0.1039903742242548
2018-02-14 05:00:00,0.4040101351351352,0.1301520020452391,0.5059671,0.0,0.5059671,0.0,0.1301520020452391
2018-02-14 06:00:00,0.4542027027027027,0.1592057929498876,0.46834881,0.0,0.46834881,0.0,0.1592057929498876
2018-02-14 07:00:00,0.5541756756756756,0.1812060175352696,0.57827895,0.0,0.57827895,0.0,0.1812060175352696
2018-02-14 08:00:00,0.6318530405405405,0.1860000724694539,0.5666833,0.0,0.5666833,0.0,0.1860000724694539
2018-02-14 09:00:00,0.7600777027027025,0.1608339198321316,0.54365721,0.0,0.54365721,0.0,0.1608339198321316
2018-02-14 10:00:00,0.7952331081081082,0.1230401109299166,0.30624453,0.0,0.30624453,0.0,0.1230401109299166
2018-02-14 11:00:00,0.7561807432432431,0.0994640861984972,0.36790328,0.0,0.36790328,0.0,0.0994640861984972
2018-02-14 12:00:00,0.7628817567567566,0.0736530491996892,0.38306709,0.0,0.38306709,0.0,0.0736530491996892
2018-02-14 13:00:00,0.7510861486486486,0.0521304729296293,0.29130085,0.0,0.29130085,0.0,0.0521304729296293
2018-02-14 14:00:00,0.7078800675675675,0.0333063646499602,0.54643614,0.0,0.54643614,0.0,0.0333063646499602
2018-02-14 15:00:00,0.6931976351351351,0.0276288208438915,0.77922497,0.0,0.77922497,0.0,0.0276288208438915
2018-02-14 16:00:00,0.7268412162162161,0.0284697826266473,0.86542061,0.0,0.86542061,0.0,0.0284697826266473
2018-02-14 17:00:00,0.8006942567567569,0.0342978523910182,0.94845439,0.0,0.94845439,0.0,0.0342978523910182
2018-02-14 18:00:00,0.8654206081081082,0.0405934160088249,1.0110878,0.0,1.0110878,0.0,0.0405934160088249
2018-02-14 19:00:00,0.948454391891892,0.0539485609016915,0.99853716,0.0,0.99853716,0.0,0.0539485609016915
2018-02-14 20:00:00,1.011087837837838,0.0591621252105174,0.88905068,0.0,0.88905068,0.0,0.0591621252105174
2018-02-14 21:00:00,0.998537162162162,0.0622952413406907,0.70027872,0.0,0.70027872,0.0,0.0622952413406907
2018-02-14 22:00:00,0.8890506756756759,0.0688668339831673,0.4703277,0.0,0.4703277,0.0,0.0688668339831673
2018-02-14 23:00:00,0.7002787162162163,0.0741035626301718,0.41853547,0.0,0.41853547,0.0,0.0741035626301718
2018-02-15 00:00:00,0.4703277027027027,0.0769758391886459,0.39710473,0.0,0.39710473,0.0,0.0769758391886459
2018-02-15 01:00:00,0.4185354729729729,0.0772911512813425,0.38068243,0.0,0.38068243,0.0,0.0772911512813425
2018-02-15 02:00:00,0.3971047297297298,0.0821880180301265,0.382625,0.0,0.382625,0.0,0.0821880180301265
2018-02-15 03:00:00,0.3806824324324324,0.1090117471787552,0.39939527,0.0,0.39939527,0.0,0.1090117471787552
2018-02-15 04:00:00,0.3826250000000001,0.1249897676119683,0.45778547,0.0,0.45778547,0.0,0.1249897676119683
2018-02-15 05:00:00,0.3993952702702703,0.1472961635847552,0.54651449,0.0,0.54651449,0.0,0.1472961635847552
2018-02-15 06:00:00,0.4577854729729729,0.174062176191285,0.50962164,0.0,0.50962164,0.0,0.174062176191285
2018-02-15 07:00:00,0.5640760135135134,0.1903598171827203,0.5326774,0.0,0.5326774,0.0,0.1903598171827203
2018-02-15 08:00:00,0.663706081081081,0.1878372190654874,0.31580883,0.0,0.31580883,0.0,0.1878372190654874
2018-02-15 09:00:00,0.7292871621621619,0.1558721388694294,0.38282144,0.0,0.38282144,0.0,0.1558721388694294
2018-02-15 10:00:00,0.7492246621621622,0.1134489428958221,0.35721491,0.0,0.35721491,0.0,0.1134489428958221
2018-02-15 11:00:00,0.7511570945945946,0.0763151064324035,0.39336899,0.0,0.39336899,0.0,0.0763151064324035
2018-02-15 12:00:00,0.7568412162162163,0.0480505588282609,0.46207357,0.0,0.46207357,0.0,0.0480505588282609
2018-02-15 13:00:00,0.7817027027027026,0.0344587524584681,0.53200486,0.0,0.53200486,0.0,0.0344587524584681
2018-02-15 14:00:00,0.7011233108108107,0.026534183369369,0.65307828,0.0,0.65307828,0.0,0.026534183369369
2018-02-15 15:00:00,0.6641874999999999,0.0222425630992359,0.82575914,0.0,0.82575914,0.0,0.0222425630992359
2018-02-15 16:00:00,0.7303243243243243,0.0238373542854722,0.91637669,0.0,0.91637669,0.0,0.0238373542854722
2018-02-15 17:00:00,0.835160472972973,0.0292348816242673,0.95942905,0.0,0.95942905,0.0,0.0292348816242673
2018-02-15 18:00:00,0.9163766891891892,0.0353477156159614,1.0407601,0.0,1.0407601,0.0,0.0353477156159614
2018-02-15 19:00:00,0.959429054054054,0.0406559647906899,1.0146605,0.0,1.0146605,0.0,0.0406559647906899
2018-02-15 20:00:00,1.0407601351351352,0.040801928844318,0.85998311,0.0,0.85998311,0.0,0.040801928844318
2018-02-15 21:00:00,1.014660472972973,0.0440903017968999,0.67566385,0.0,0.67566385,0.0,0.0440903017968999
2018-02-15 22:00:00,0.8599831081081083,0.0540896420277238,0.48147466,0.0,0.48147466,0.0,0.0540896420277238
2018-02-15 23:00:00,0.6756638513513513,0.0664093697271149,0.4261402,0.0,0.4261402,0.0,0.0664093697271149
2018-02-16 00:00:00,0.4814746621621622,0.0733955888166376,0.40726858,0.0,0.40726858,0.0,0.0733955888166376
2018-02-16 01:00:00,0.4261402027027026,0.0758075185056651,0.38207264,0.0,0.38207264,0.0,0.0758075185056651
2018-02-16 02:00:00,0.4072685810810811,0.0819864325313607,0.38280574,0.0,0.38280574,0.0,0.0819864325313607
2018-02-16 03:00:00,0.3820726351351352,0.1085743281042817,0.40060304,0.0,0.40060304,0.0,0.1085743281042817
2018-02-16 04:00:00,0.3828057432432433,0.1243035388773806,0.45096959,0.0,0.45096959,0.0,0.1243035388773806
2018-02-16 05:00:00,0.4006030405405406,0.1465051124183226,0.45178894,0.0,0.45178894,0.0,0.1465051124183226
2018-02-16 06:00:00,0.4509695945945946,0.1714074517979358,0.28942458,0.0,0.28942458,0.0,0.1714074517979358
2018-02-16 07:00:00,0.5471452702702702,0.19222000984533,0.13790064,0.0,0.13790064,0.0,0.19222000984533
2018-02-16 08:00:00,0.6373631756756756,0.2005510108490049,0.0,0.0,0.0,0.0011078146,0.2005510108490049
2018-02-16 09:00:00,0.7150743243243242,0.1657185201261251,0.0,0.0,0.0,0.049814745,0.1657185201261251
2018-02-16 10:00:00,0.7450844594594596,0.1236872931396825,0.0,0.0,0.0,0.12882905,0.1236872931396825
2018-02-16 11:00:00,0.7971317567567567,0.0839470884724602,0.0,0.0,0.0,0.064835231,0.0839470884724602
2018-02-16 12:00:00,0.7464358108108108,0.0553669415445859,0.0,0.0,0.0,0.0031816849,0.0553669415445859
2018-02-16 13:00:00,0.7553040540540539,0.0381710953147065,0.2225943,0.0,0.2225943,0.0,0.0381710953147065
2018-02-16 14:00:00,0.6971993243243243,0.0271590629340617,0.49872336,0.0,0.49872336,0.0,0.0271590629340617
2018-02-16 15:00:00,0.6565743243243243,0.0215049200093768,0.78119805,0.0,0.78119805,0.0,0.0215049200093768
2018-02-16 16:00:00,0.7057195945945945,0.0236575814494261,0.91153209,0.0,0.91153209,0.0,0.0236575814494261
2018-02-16 17:00:00,0.8028057432432433,0.0299614409753626,1.0019713,0.0,1.0019713,0.0,0.0299614409753626
2018-02-16 18:00:00,0.9115320945945946,0.0354344593885424,1.0705828,0.0,1.0705828,0.0,0.0354344593885424
2018-02-16 19:00:00,1.0019712837837838,0.0353785507123697,1.0148953,0.0,1.0148953,0.0,0.0353785507123697
2018-02-16 20:00:00,1.0705827702702702,0.0373940677811611,0.91341892,0.0,0.91341892,0.0,0.0373940677811611
2018-02-16 21:00:00,1.0148952702702705,0.0404713597148779,0.68977027,0.0,0.68977027,0.0,0.0404713597148779
2018-02-16 22:00:00,0.913418918918919,0.0446132312400979,0.47862669,0.0,0.47862669,0.0,0.0446132312400979
2018-02-16 23:00:00,0.6897702702702704,0.0497410317410508,0.40679392,0.0,0.40679392,0.0,0.0497410317410508
2018-02-17 00:00:00,0.4786266891891892,0.055807334305069,0.40389696,0.0,0.40389696,0.0,0.055807334305069
2018-02-17 01:00:00,0.406793918918919,0.0589752222864251,0.38594595,0.0,0.38594595,0.0,0.0589752222864251
2018-02-17 02:00:00,0.4038969594594595,0.0619621547157084,0.39371622,0.0,0.39371622,0.0,0.0619621547157084
2018-02-17 03:00:00,0.3859459459459459,0.0847968023538131,0.39694764,0.0,0.39694764,0.0,0.0847968023538131
2018-02-17 04:00:00,0.3937162162162163,0.0968787027561943,0.42693412,0.0,0.42693412,0.0,0.0968787027561943
2018-02-17 05:00:00,0.3969476351351351,0.1147705097839662,0.43995339,0.0,0.43995339,0.0,0.1147705097839662
2018-02-17 06:00:00,0.4269341216216216,0.1371774028271292,0.3233748,0.0,0.3233748,0.0,0.1371774028271292
2018-02-17 07:00:00,0.4848716216216217,0.1574083518204619,0.13345281,0.0,0.13345281,0.0,0.1574083518204619
2018-02-17 08:00:00,0.5611672297297297,0.1659939071049516,0.096110207,0.0,0.096110207,0.0,0.1659939071049516
2018-02-17 09:00:00,0.721099662162162,0.1398160760744029,0.12156851,0.0,0.12156851,0.0,0.1398160760744029
2018-02-17 10:00:00,0.8392635135135135,0.0992651871547063,0.087446206,0.0,0.087446206,0.0,0.0992651871547063
2018-02-17 11:00:00,0.8516114864864864,0.0638636072717039,0.20895208,0.0,0.20895208,0.0,0.0638636072717039
2018-02-17 12:00:00,0.802091216216216,0.0418836409222638,0.21863485,0.0,0.21863485,0.0,0.0418836409222638
2018-02-17 13:00:00,0.8244594594594594,0.0346265629667019,0.29779011,0.0,0.29779011,0.0,0.0346265629667019
2018-02-17 14:00:00,0.759277027027027,0.0297341567469327,0.57802023,0.0,0.57802023,0.0,0.0297341567469327
2018-02-17 15:00:00,0.7396655405405406,0.0262963560723592,0.79309902,0.0,0.79309902,0.0,0.0262963560723592
2018-02-17 16:00:00,0.7609172297297296,0.0263915816084453,0.94149324,0.0,0.94149324,0.0,0.0263915816084453
2018-02-17 17:00:00,0.8309881756756757,0.0279757790382718,1.0186639,0.0,1.0186639,0.0,0.0279757790382718
2018-02-17 18:00:00,0.9414932432432432,0.0365023336889767,1.050201,0.0,1.050201,0.0,0.0365023336889767
2018-02-17 19:00:00,1.0186638513513513,0.0406091461319789,1.0038429,0.0,1.0038429,0.0,0.0406091461319789
2018-02-17 20:00:00,1.0502010135135134,0.0374866744460453,0.87704392,0.0,0.87704392,0.0,0.0374866744460453
2018-02-17 21:00:00,1.0038429054054054,0.0403277273014167,0.70279392,0.0,0.70279392,0.0,0.0403277273014167
2018-02-17 22:00:00,0.8770439189189191,0.0451870850562135,0.50826014,0.0,0.50826014,0.0,0.0451870850562135
2018-02-17 23:00:00,0.702793918918919,0.0455363242029309,0.42905236,0.0,0.42905236,0.0,0.0455363242029309
2018-02-18 00:00:00,0.508260135135135,0.0452356608930211,0.40563176,0.0,0.40563176,0.0,0.0452356608930211
2018-02-18 01:00:00,0.4290523648648649,0.043523899091752,0.38903716,0.0,0.38903716,0.0,0.043523899091752
2018-02-18 02:00:00,0.4056317567567568,0.0447553937064976,0.38620777,0.0,0.38620777,0.0,0.0447553937064976
2018-02-18 03:00:00,0.3890371621621621,0.0598626817049703,0.39733446,0.0,0.39733446,0.0,0.0598626817049703
2018-02-18 04:00:00,0.3862077702702703,0.064849772790642,0.42511824,0.0,0.42511824,0.0,0.064849772790642
2018-02-18 05:00:00,0.3973344594594595,0.075103177319927,0.4377879,0.0,0.4377879,0.0,0.075103177319927
2018-02-18 06:00:00,0.4251182432432433,0.0897612359796033,0.41599017,0.0,0.41599017,0.0,0.0897612359796033
2018-02-18 07:00:00,0.4785050675675676,0.1050204354037239,0.30533942,0.0,0.30533942,0.0,0.1050204354037239
2018-02-18 08:00:00,0.5768800675675675,0.1159712030941897,0.41775334,0.0,0.41775334,0.0,0.1159712030941897
2018-02-18 09:00:00,0.7281418918918917,0.1067030854947948,0.11508529,0.0,0.11508529,0.0,0.1067030854947948
2018-02-18 10:00:00,0.801204391891892,0.0917665816905658,0.13875012,0.0,0.13875012,0.0,0.0917665816905658
2018-02-18 11:00:00,0.8404324324324324,0.0753673453924441,0.19059425,0.0,0.19059425,0.0,0.0753673453924441
2018-02-18 12:00:00,0.8181114864864864,0.0593153545197376,0.2891229,0.0,0.2891229,0.0,0.0593153545197376
2018-02-18 13:00:00,0.7983412162162161,0.0539831300015551,0.37221618,0.0,0.37221618,0.0,0.0539831300015551
2018-02-18 14:00:00,0.7646959459459458,0.0439763217638202,0.67594848,0.0,0.67594848,0.0,0.0439763217638202
2018-02-18 15:00:00,0.7720118243243244,0.0411745519764759,0.81818116,0.0,0.81818116,0.0,0.0411745519764759
2018-02-18 16:00:00,0.801089527027027,0.0436613982778181,0.95007939,0.0,0.95007939,0.0,0.0436613982778181
2018-02-18 17:00:00,0.8397888513513515,0.0498072976304279,1.0050422,0.0,1.0050422,0.0,0.0498072976304279
2018-02-18 18:00:00,0.950079391891892,0.0628502730760398,1.0457821,0.0,1.0457821,0.0,0.0628502730760398
2018-02-18 19:00:00,1.00504222972973,0.0835600362047775,1.0207584,0.0,1.0207584,0.0,0.0835600362047775
2018-02-18 20:00:00,1.0457820945945944,0.0959324285592396,0.90465372,0.0,0.90465372,0.0,0.0959324285592396
2018-02-18 21:00:00,1.0207584459459458,0.0983272088658812,0.68838682,0.0,0.68838682,0.0,0.0983272088658812
2018-02-18 22:00:00,0.9046537162162164,0.1073513152530415,0.46721115,0.0,0.46721115,0.0,0.1073513152530415
2018-02-18 23:00:00,0.6883868243243244,0.1174748406666603,0.42199493,0.0,0.42199493,0.0,0.1174748406666603
2018-02-19 00:00:00,0.4672111486486486,0.1188825768653155,0.40567061,0.0,0.40567061,0.0,0.1188825768653155
2018-02-19 01:00:00,0.4219949324324324,0.1116294018726415,0.39525845,0.0,0.39525845,0.0,0.1116294018726415
2018-02-19 02:00:00,0.4056706081081082,0.1064201122374547,0.389875,0.0,0.389875,0.0,0.1064201122374547
2018-02-19 03:00:00,0.3952584459459459,0.1324634853517201,0.39963007,0.0,0.39963007,0.0,0.1324634853517201
2018-02-19 04:00:00,0.3898750000000001,0.1459045292200055,0.46892061,0.0,0.46892061,0.0,0.1459045292200055
2018-02-19 05:00:00,0.3996300675675676,0.1658226329283541,0.4537756,0.0,0.4537756,0.0,0.1658226329283541
2018-02-19 06:00:00,0.4689206081081081,0.1900853594807716,0.30353357,0.0,0.30353357,0.0,0.1900853594807716
2018-02-19 07:00:00,0.5584594594594594,0.206591293660438,0.14390522,0.0,0.14390522,0.0,0.206591293660438
2018-02-19 08:00:00,0.6616402027027026,0.2147111291655315,0.41320459,0.0,0.41320459,0.0,0.2147111291655315
2018-02-19 09:00:00,0.7283513513513512,0.195218955290255,0.30879761,0.0,0.30879761,0.0,0.195218955290255
2018-02-19 10:00:00,0.7564324324324324,0.1673266591075193,0.076103995,0.0,0.076103995,0.0,0.1673266591075193
2018-02-19 11:00:00,0.7516520270270269,0.1335390979941572,0.0,0.0,0.0,0.076220504,0.1335390979941572
2018-02-19 12:00:00,0.7484155405405405,0.1011057298353309,0.0,0.0,0.0,0.015600681,0.1011057298353309
2018-02-19 13:00:00,0.7547939189189188,0.081944175777324,0.1775067,0.0,0.1775067,0.0,0.081944175777324
2018-02-19 14:00:00,0.6930658783783783,0.0612838670744424,0.4350916,0.0,0.4350916,0.0,0.0612838670744424
2018-02-19 15:00:00,0.6987297297297297,0.0461658839439002,0.71142212,0.0,0.71142212,0.0,0.0461658839439002
2018-02-19 16:00:00,0.7181537162162162,0.0409086436218055,0.89214865,0.0,0.89214865,0.0,0.0409086436218055
2018-02-19 17:00:00,0.7559121621621622,0.0493985509716285,0.98048986,0.0,0.98048986,0.0,0.0493985509716285
2018-02-19 18:00:00,0.8921486486486487,0.0631798622407722,1.0515642,0.0,1.0515642,0.0,0.0631798622407722
2018-02-19 19:00:00,0.9804898648648648,0.0775290123702387,1.0172635,0.0,1.0172635,0.0,0.0775290123702387
2018-02-19 20:00:00,1.051564189189189,0.0873479884070033,0.88453547,0.0,0.88453547,0.0,0.0873479884070033
2018-02-19 21:00:00,1.0172635135135133,0.0996665164944246,0.68407264,0.0,0.68407264,0.0,0.0996665164944246
2018-02-19 22:00:00,0.8845354729729732,0.1193515068739265,0.47218412,0.0,0.47218412,0.0,0.1193515068739265
2018-02-19 23:00:00,0.6840726351351352,0.1278452158109781,0.4054375,0.0,0.4054375,0.0,0.1278452158109781
2018-02-20 00:00:00,0.4721841216216215,0.1309832317646901,0.39142736,0.0,0.39142736,0.0,0.1309832317646901
2018-02-20 01:00:00,0.4054374999999999,0.132312182180029,0.38011993,0.0,0.38011993,0.0,0.132312182180029
2018-02-20 02:00:00,0.3914273648648649,0.1373117593677531,0.38161655,0.0,0.38161655,0.0,0.1373117593677531
2018-02-20 03:00:00,0.3801199324324324,0.1694962840745787,0.40644595,0.0,0.40644595,0.0,0.1694962840745787
2018-02-20 04:00:00,0.3816165540540541,0.1898551015663322,0.45450507,0.0,0.45450507,0.0,0.1898551015663322
2018-02-20 05:00:00,0.406445945945946,0.2218645167174451,0.49469078,0.0,0.49469078,0.0,0.2218645167174451
2018-02-20 06:00:00,0.4545050675675676,0.2554011561777881,0.39307261,0.0,0.39307261,0.0,0.2554011561777881
2018-02-20 07:00:00,0.5558699324324323,0.2801443864599346,0.27690814,0.0,0.27690814,0.0,0.2801443864599346
2018-02-20 08:00:00,0.6594932432432432,0.2814627600148071,0.11620599,0.0,0.11620599,0.0,0.2814627600148071
2018-02-20 09:00:00,0.7307483108108107,0.2462794250306021,0.00062376063,0.0,0.00062376063,0.0,0.2462794250306021
2018-02-20 10:00:00,0.7800067567567567,0.2085997820168423,0.052891631,0.0,0.052891631,0.0,0.2085997820168423
2018-02-20 11:00:00,0.7503091216216216,0.166999418478897,0.019759658,0.0,0.019759658,0.0,0.166999418478897
2018-02-20 12:00:00,0.7310844594594593,0.1162021368463589,0.12387599,0.0,0.12387599,0.0,0.1162021368463589
2018-02-20 13:00:00,0.7224712837837837,0.0799879972611826,0.32530715,0.0,0.32530715,0.0,0.0799879972611826
2018-02-20 14:00:00,0.6903699324324324,0.0495541119210152,0.49737056,0.0,0.49737056,0.0,0.0495541119210152
2018-02-20 15:00:00,0.6986807432432431,0.0380113103795103,0.77040628,0.0,0.77040628,0.0,0.0380113103795103
2018-02-20 16:00:00,0.7127314189189188,0.0416798082630475,0.88219764,0.0,0.88219764,0.0,0.0416798082630475
2018-02-20 17:00:00,0.8012466216216217,0.0548803214834052,0.96738176,0.0,0.96738176,0.0,0.0548803214834052
2018-02-20 18:00:00,0.8821976351351352,0.0656205995130194,1.0170929,0.0,1.0170929,0.0,0.0656205995130194
2018-02-20 19:00:00,0.9673817567567567,0.0788995437018851,1.0222399,0.0,1.0222399,0.0,0.0788995437018851
2018-02-20 20:00:00,1.0170929054054056,0.0879910817985057,0.87937162,0.0,0.87937162,0.0,0.0879910817985057
2018-02-20 21:00:00,1.0222398648648647,0.0979387373389664,0.64236486,0.0,0.64236486,0.0,0.0979387373389664
2018-02-20 22:00:00,0.8793716216216217,0.1097413646955765,0.4550777,0.0,0.4550777,0.0,0.1097413646955765
2018-02-20 23:00:00,0.6423648648648648,0.114642252678851,0.41719088,0.0,0.41719088,0.0,0.114642252678851
2018-02-21 00:00:00,0.4550777027027027,0.1173881306859659,0.39025169,0.0,0.39025169,0.0,0.1173881306859659
2018-02-21 01:00:00,0.4171908783783783,0.1183320563468107,0.38568074,0.0,0.38568074,0.0,0.1183320563468107
2018-02-21 02:00:00,0.3902516891891892,0.1220753863629464,0.38220608,0.0,0.38220608,0.0,0.1220753863629464
2018-02-21 03:00:00,0.3856807432432432,0.1564757464415862,0.40101014,0.0,0.40101014,0.0,0.1564757464415862
2018-02-21 04:00:00,0.3822060810810812,0.1769222707746849,0.44503041,0.0,0.44503041,0.0,0.1769222707746849
2018-02-21 05:00:00,0.4010101351351352,0.1989446966294807,0.42772314,0.0,0.42772314,0.0,0.1989446966294807
2018-02-21 06:00:00,0.4450304054054054,0.2211043006474211,0.27932082,0.0,0.27932082,0.0,0.2211043006474211
2018-02-21 07:00:00,0.5443800675675675,0.235874548370194,0.11361203,0.0,0.11361203,0.0,0.235874548370194
2018-02-21 08:00:00,0.643831081081081,0.2357663636456446,0.0,0.0,0.0,0.016567342,0.2357663636456446
2018-02-21 09:00:00,0.6976942567567566,0.20234160912142,0.0,0.0,0.0,0.10719801,0.20234160912142
2018-02-21 10:00:00,0.7287584459459459,0.1563107913477593,0.0,0.0,0.0,0.12926515,0.1563107913477593
2018-02-21 11:00:00,0.733054054054054,0.118949586176195,0.0,0.0,0.0,0.047511273,0.118949586176195
2018-02-21 12:00:00,0.7336469594594593,0.0832738696141654,0.0,0.0,0.0,0.0072632965,0.0832738696141654
2018-02-21 13:00:00,0.7695793918918918,0.0635101441391771,0.17831385,0.0,0.17831385,0.0,0.0635101441391771
2018-02-21 14:00:00,0.6915591216216216,0.0450055212501843,0.45260055,0.0,0.45260055,0.0,0.0450055212501843
2018-02-21 15:00:00,0.6978243243243243,0.0357084777959668,0.77352073,0.0,0.77352073,0.0,0.0357084777959668
2018-02-21 16:00:00,0.7426959459459459,0.0311178331224178,0.90656757,0.0,0.90656757,0.0,0.0311178331224178
2018-02-21 17:00:00,0.8270641891891893,0.0355728878514864,0.97811318,0.0,0.97811318,0.0,0.0355728878514864
2018-02-21 18:00:00,0.9065675675675676,0.0432030451296735,1.0682027,0.0,1.0682027,0.0,0.0432030451296735
2018-02-21 19:00:00,0.9781131756756758,0.0542293376864108,1.0509899,0.0,1.0509899,0.0,0.0542293376864108
2018-02-21 20:00:00,1.0682027027027023,0.0689584437874005,0.87951014,0.0,0.87951014,0.0,0.0689584437874005
2018-02-21 21:00:00,1.0509898648648648,0.0800003144038027,0.64793412,0.0,0.64793412,0.0,0.0800003144038027
2018-02-21 22:00:00,0.8795101351351352,0.0885507599182452,0.4767973,0.0,0.4767973,0.0,0.0885507599182452
2018-02-21 23:00:00,0.6479341216216217,0.101214336958461,0.41433108,0.0,0.41433108,0.0,0.101214336958461
2018-02-22 00:00:00,0.4767972972972973,0.1105617979072988,0.39752703,0.0,0.39752703,0.0,0.1105617979072988
2018-02-22 01:00:00,0.4143310810810811,0.1082971501554719,0.38158108,0.0,0.38158108,0.0,0.1082971501554719
2018-02-22 02:00:00,0.3975270270270271,0.1018686492562732,0.38259122,0.0,0.38259122,0.0,0.1018686492562732
2018-02-22 03:00:00,0.3815810810810809,0.1223573627596357,0.41404223,0.0,0.41404223,0.0,0.1223573627596357
2018-02-22 04:00:00,0.3825912162162163,0.1239091199784464,0.45289865,0.0,0.45289865,0.0,0.1239091199784464
2018-02-22 05:00:00,0.4140422297297297,0.1381792984692216,0.43508063,0.0,0.43508063,0.0,0.1381792984692216
2018-02-22 06:00:00,0.4528986486486486,0.1615183913886222,0.26517685,0.0,0.26517685,0.0,0.1615183913886222
2018-02-22 07:00:00,0.5543952702702702,0.1836228301518929,0.13521273,0.0,0.13521273,0.0,0.1836228301518929
2018-02-22 08:00:00,0.6322145270270269,0.1842825491515409,0.01828956,0.0,0.01828956,0.0,0.1842825491515409
2018-02-22 09:00:00,0.7204966216216214,0.1590938404299967,0.0,0.0,0.0,0.072776341,0.1590938404299967
2018-02-22 10:00:00,0.7685405405405404,0.132964213525504,0.0,0.0,0.0,0.11398985,0.132964213525504
2018-02-22 11:00:00,0.7715912162162162,0.1131608670636241,0.0,0.0,0.0,0.086757692,0.1131608670636241
2018-02-22 12:00:00,0.7531266891891891,0.0861576354140409,0.0,0.0,0.0,0.011487012,0.0861576354140409
2018-02-22 13:00:00,0.736625,0.0703662813617149,0.15157925,0.0,0.15157925,0.0,0.0703662813617149
2018-02-22 14:00:00,0.6955709459459459,0.0575466027019287,0.40326101,0.0,0.40326101,0.0,0.0575466027019287
2018-02-22 15:00:00,0.6782972972972973,0.0560659774041476,0.72090078,0.0,0.72090078,0.0,0.0560659774041476
2018-02-22 16:00:00,0.7022449324324324,0.0568405550259236,0.8787973,0.0,0.8787973,0.0,0.0568405550259236
2018-02-22 17:00:00,0.7784425675675676,0.0753611276853326,1.0120743,0.0,1.0120743,0.0,0.0753611276853326
2018-02-22 18:00:00,0.8787972972972973,0.0935117298756719,1.0316926,0.0,1.0316926,0.0,0.0935117298756719
2018-02-22 19:00:00,1.0120743243243244,0.1161084657370505,0.99755574,0.0,0.99755574,0.0,0.1161084657370505
2018-02-22 20:00:00,1.0316925675675677,0.1162409806198617,0.88498818,0.0,0.88498818,0.0,0.1162409806198617
2018-02-22 21:00:00,0.9975557432432433,0.1170569364066261,0.68792399,0.0,0.68792399,0.0,0.1170569364066261
2018-02-22 22:00:00,0.8849881756756758,0.1247693093446064,0.49211824,0.0,0.49211824,0.0,0.1247693093446064
2018-02-22 23:00:00,0.6879239864864864,0.1289244779771542,0.40660304,0.0,0.40660304,0.0,0.1289244779771542
2018-02-23 00:00:00,0.4921182432432432,0.1271453520501976,0.38975676,0.0,0.38975676,0.0,0.1271453520501976
2018-02-23 01:00:00,0.4066030405405405,0.1257666937698544,0.37990878,0.0,0.37990878,0.0,0.1257666937698544
2018-02-23 02:00:00,0.3897567567567568,0.1235639358581061,0.38245439,0.0,0.38245439,0.0,0.1235639358581061
2018-02-23 03:00:00,0.3799087837837838,0.1565576410784578,0.39976858,0.0,0.39976858,0.0,0.1565576410784578
2018-02-23 04:00:00,0.3824543918918919,0.1816031228891785,0.44446959,0.0,0.44446959,0.0,0.1816031228891785
2018-02-23 05:00:00,0.3997685810810811,0.2116631516933316,0.40712328,0.0,0.40712328,0.0,0.2116631516933316
2018-02-23 06:00:00,0.4444695945945946,0.2415377475204541,0.41487154,0.0,0.41487154,0.0,0.2415377475204541
2018-02-23 07:00:00,0.5352263513513513,0.2684519713410623,0.11627306,0.0,0.11627306,0.0,0.2684519713410623
2018-02-23 08:00:00,0.6291435810810809,0.2662774465504637,0.013676925,0.0,0.013676925,0.0,0.2662774465504637
2018-02-23 09:00:00,0.7285067567567566,0.2207909653800828,0.0,0.0,0.0,0.07217432,0.2207909653800828
2018-02-23 10:00:00,0.7885118243243244,0.1697965418818511,0.0,0.0,0.0,0.12684522,0.1697965418818511
2018-02-23 11:00:00,0.7927094594594594,0.1320480478993985,0.0,0.0,0.0,0.078570251,0.1320480478993985
2018-02-23 12:00:00,0.761572635135135,0.0984322171531018,0.0,0.0,0.0,0.0078296301,0.0984322171531018
2018-02-23 13:00:00,0.7557043918918918,0.0739129088066808,0.17332593,0.0,0.17332593,0.0,0.0739129088066808
2018-02-23 14:00:00,0.706847972972973,0.049428422999272,0.42490773,0.0,0.42490773,0.0,0.049428422999272
2018-02-23 15:00:00,0.706597972972973,0.0359515090434937,0.73038893,0.0,0.73038893,0.0,0.0359515090434937
2018-02-23 16:00:00,0.7266891891891891,0.0319925529997619,0.91468581,0.0,0.91468581,0.0,0.0319925529997619
2018-02-23 17:00:00,0.7890726351351353,0.039385153316031,0.98253716,0.0,0.98253716,0.0,0.039385153316031
2018-02-23 18:00:00,0.9146858108108108,0.0509369772912248,1.0381182,0.0,1.0381182,0.0,0.0509369772912248
2018-02-23 19:00:00,0.9825371621621622,0.0664898451047547,1.0032314,0.0,1.0032314,0.0,0.0664898451047547
2018-02-23 20:00:00,1.0381182432432432,0.0738227182616794,0.86554223,0.0,0.86554223,0.0,0.0738227182616794
2018-02-23 21:00:00,1.0032314189189186,0.0859604766524036,0.69071791,0.0,0.69071791,0.0,0.0859604766524036
2018-02-23 22:00:00,0.8655422297297298,0.1053085450278082,0.50509966,0.0,0.50509966,0.0,0.1053085450278082
2018-02-23 23:00:00,0.6907179054054053,0.1249920147724188,0.43044088,0.0,0.43044088,0.0,0.1249920147724188
2018-02-24 00:00:00,0.5050996621621621,0.138483847846076,0.38923818,0.0,0.38923818,0.0,0.138483847846076
2018-02-24 01:00:00,0.4304408783783783,0.1427166195459132,0.38015878,0.0,0.38015878,0.0,0.1427166195459132
2018-02-24 02:00:00,0.3892381756756757,0.1492741885555026,0.38245946,0.0,0.38245946,0.0,0.1492741885555026
2018-02-24 03:00:00,0.3801587837837837,0.1842484362421444,0.40677872,0.0,0.40677872,0.0,0.1842484362421444
2018-02-24 04:00:00,0.3824594594594595,0.20118190536949,0.42668412,0.0,0.42668412,0.0,0.20118190536949
2018-02-24 05:00:00,0.4067787162162162,0.2278094388252461,0.34372474,0.0,0.34372474,0.0,0.2278094388252461
2018-02-24 06:00:00,0.4266841216216216,0.2575314980768211,0.19535363,0.0,0.19535363,0.0,0.2575314980768211
2018-02-24 07:00:00,0.4732398648648648,0.275307821332565,0.13570352,0.0,0.13570352,0.0,0.275307821332565
2018-02-24 08:00:00,0.5749898648648648,0.2762421669935941,0.054537883,0.0,0.054537883,0.0,0.2762421669935941
2018-02-24 09:00:00,0.7360337837837836,0.239367548091324,0.0,0.0,0.0,0.0093938953,0.239367548091324
2018-02-24 10:00:00,0.8162702702702703,0.1923294955575083,0.0,0.0,0.0,0.054069987,0.1923294955575083
2018-02-24 11:00:00,0.8440304054054052,0.1489593326532735,0.0,0.0,0.0,0.046806659,0.1489593326532735
2018-02-24 12:00:00,0.8215050675675676,0.1078554057195297,0.010818684,0.0,0.010818684,0.0,0.1078554057195297
2018-02-24 13:00:00,0.780385135135135,0.0822192924210589,0.24511271,0.0,0.24511271,0.0,0.0822192924210589
2018-02-24 14:00:00,0.7204358108108108,0.0600568160927683,0.48148802,0.0,0.48148802,0.0,0.0600568160927683
2018-02-24 15:00:00,0.7758851351351351,0.0505676319720548,0.78349524,0.0,0.78349524,0.0,0.0505676319720548
2018-02-24 16:00:00,0.7837635135135135,0.0462476772051125,0.93764358,0.0,0.93764358,0.0,0.0462476772051125
2018-02-24 17:00:00,0.8459577702702704,0.0499684004491967,1.0305118,0.0,1.0305118,0.0,0.0499684004491967
2018-02-24 18:00:00,0.937643581081081,0.061255802912725,1.0491301,0.0,1.0491301,0.0,0.061255802912725
2018-02-24 19:00:00,1.0305118243243243,0.0724273161015877,1.0564882,0.0,1.0564882,0.0,0.0724273161015877
2018-02-24 20:00:00,1.0491300675675674,0.0772658918462026,0.85835473,0.0,0.85835473,0.0,0.0772658918462026
2018-02-24 21:00:00,1.0564881756756754,0.0847933724773359,0.67764358,0.0,0.67764358,0.0,0.0847933724773359
2018-02-24 22:00:00,0.8583547297297299,0.0977008762500701,0.48228547,0.0,0.48228547,0.0,0.0977008762500701
2018-02-24 23:00:00,0.6776435810810811,0.10370643789815,0.41031757,0.0,0.41031757,0.0,0.10370643789815
2018-02-25 00:00:00,0.482285472972973,0.1086589260920714,0.39730912,0.0,0.39730912,0.0,0.1086589260920714
2018-02-25 01:00:00,0.4103175675675676,0.1105567629162141,0.38441216,0.0,0.38441216,0.0,0.1105567629162141
2018-02-25 02:00:00,0.3973091216216217,0.1166130968737225,0.38320608,0.0,0.38320608,0.0,0.1166130968737225
2018-02-25 03:00:00,0.3844121621621622,0.1476096678115256,0.39734291,0.0,0.39734291,0.0,0.1476096678115256
2018-02-25 04:00:00,0.3832060810810811,0.1659707089748867,0.42580743,0.0,0.42580743,0.0,0.1659707089748867
2018-02-25 05:00:00,0.3973429054054054,0.1912146336389309,0.35295034,0.0,0.35295034,0.0,0.1912146336389309
2018-02-25 06:00:00,0.4258074324324324,0.2200828395030598,0.19885796,0.0,0.19885796,0.0,0.2200828395030598
2018-02-25 07:00:00,0.4877516891891892,0.2429903593443473,0.12429052,0.0,0.12429052,0.0,0.2429903593443473
2018-02-25 08:00:00,0.5860760135135133,0.24346200959982,0.06419112,0.0,0.06419112,0.0,0.24346200959982
2018-02-25 09:00:00,0.7323547297297295,0.2070866489242724,0.0,0.0,0.0,0.020605895,0.2070866489242724
2018-02-25 10:00:00,0.8340202702702703,0.1557751899471333,0.096156729,0.0,0.096156729,0.0,0.1557751899471333
2018-02-25 11:00:00,0.8398091216216216,0.1108439939512501,0.21119637,0.0,0.21119637,0.0,0.1108439939512501
2018-02-25 12:00:00,0.8468800675675675,0.0769648568255415,0.27251801,0.0,0.27251801,0.0,0.0769648568255415
2018-02-25 13:00:00,0.8450016891891892,0.0528758036736614,0.23860388,0.0,0.23860388,0.0,0.0528758036736614
2018-02-25 14:00:00,0.798035472972973,0.0373142682412507,0.55840979,0.0,0.55840979,0.0,0.0373142682412507
2018-02-25 15:00:00,0.7701554054054054,0.0302388723633209,0.84591672,0.0,0.84591672,0.0,0.0302388723633209
2018-02-25 16:00:00,0.7866672297297296,0.0306541070643235,0.95518581,0.0,0.95518581,0.0,0.0306541070643235
2018-02-25 17:00:00,0.886114864864865,0.0332337627818689,0.98697635,0.0,0.98697635,0.0,0.0332337627818689
2018-02-25 18:00:00,0.9551858108108108,0.0431565643898274,1.0735693,0.0,1.0735693,0.0,0.0431565643898274
2018-02-25 19:00:00,0.9869763513513514,0.0555114525470956,1.0385929,0.0,1.0385929,0.0,0.0555114525470956
2018-02-25 20:00:00,1.0735692567567563,0.0608587482466458,0.89611824,0.0,0.89611824,0.0,0.0608587482466458
2018-02-25 21:00:00,1.0385929054054053,0.0684791058777551,0.72507939,0.0,0.72507939,0.0,0.0684791058777551
2018-02-25 22:00:00,0.8961182432432434,0.0789869464162522,0.49619764,0.0,0.49619764,0.0,0.0789869464162522
2018-02-25 23:00:00,0.7250793918918919,0.0835235240714415,0.42506081,0.0,0.42506081,0.0,0.0835235240714415
2018-02-26 00:00:00,0.4961976351351351,0.0842950942153212,0.40789527,0.0,0.40789527,0.0,0.0842950942153212
2018-02-26 01:00:00,0.4250608108108107,0.0813800033366834,0.39009459,0.0,0.39009459,0.0,0.0813800033366834
2018-02-26 02:00:00,0.4078952702702703,0.0780911741936342,0.39750338,0.0,0.39750338,0.0,0.0780911741936342
2018-02-26 03:00:00,0.3900945945945945,0.0991942241931091,0.41004561,0.0,0.41004561,0.0,0.0991942241931091
2018-02-26 04:00:00,0.3975033783783784,0.1066750044371343,0.44672804,0.0,0.44672804,0.0,0.1066750044371343
2018-02-26 05:00:00,0.4100456081081082,0.121575418506608,0.5434234,0.0,0.5434234,0.0,0.121575418506608
2018-02-26 06:00:00,0.4467280405405406,0.1419789088722812,0.58672514,0.0,0.58672514,0.0,0.1419789088722812
2018-02-26 07:00:00,0.5515084459459458,0.1584509497898129,0.65577175,0.0,0.65577175,0.0,0.1584509497898129
2018-02-26 08:00:00,0.6549172297297297,0.1768990050608472,0.17688424,0.0,0.17688424,0.0,0.1768990050608472
2018-02-26 09:00:00,0.7551621621621619,0.1809260179639391,0.39698653,0.0,0.39698653,0.0,0.1809260179639391
2018-02-26 10:00:00,0.761758445945946,0.1753863450546878,0.45426691,0.0,0.45426691,0.0,0.1753863450546878
2018-02-26 11:00:00,0.7441722972972972,0.148757409235643,0.37771632,0.0,0.37771632,0.0,0.148757409235643
2018-02-26 12:00:00,0.7376942567567567,0.1144905609004654,0.5217121,0.0,0.5217121,0.0,0.1144905609004654
2018-02-26 13:00:00,0.7137652027027026,0.0917808925544879,0.60573458,0.0,0.60573458,0.0,0.0917808925544879
2018-02-26 14:00:00,0.7003395270270271,0.0697958405261333,0.70123576,0.0,0.70123576,0.0,0.0697958405261333
2018-02-26 15:00:00,0.6677905405405404,0.055354354066874,0.78986443,0.0,0.78986443,0.0,0.055354354066874
2018-02-26 16:00:00,0.7211706081081081,0.0476663450790421,0.90020946,0.0,0.90020946,0.0,0.0476663450790421
2018-02-26 17:00:00,0.7978716216216216,0.0484294841472465,0.971625,0.0,0.971625,0.0,0.0484294841472465
2018-02-26 18:00:00,0.9002094594594596,0.0674267758450992,1.0170743,0.0,1.0170743,0.0,0.0674267758450992
2018-02-26 19:00:00,0.971625,0.0891458012471805,1.0286672,0.0,1.0286672,0.0,0.0891458012471805
2018-02-26 20:00:00,1.0170743243243243,0.0961097176916297,0.88659628,0.0,0.88659628,0.0,0.0961097176916297
2018-02-26 21:00:00,1.0286672297297297,0.1088297609741451,0.67784628,0.0,0.67784628,0.0,0.1088297609741451
2018-02-26 22:00:00,0.8865962837837839,0.1216733136017257,0.50181588,0.0,0.50181588,0.0,0.1216733136017257
2018-02-26 23:00:00,0.6778462837837838,0.1251106749817752,0.42637669,0.0,0.42637669,0.0,0.1251106749817752
2018-02-27 00:00:00,0.5018158783783783,0.1230907311758557,0.38732601,0.0,0.38732601,0.0,0.1230907311758557
2018-02-27 01:00:00,0.4263766891891892,0.1185083148266633,0.38000676,0.0,0.38000676,0.0,0.1185083148266633
2018-02-27 02:00:00,0.3873260135135135,0.1150220227949983,0.38212838,0.0,0.38212838,0.0,0.1150220227949983
2018-02-27 03:00:00,0.3800067567567567,0.135727240915005,0.39911318,0.0,0.39911318,0.0,0.135727240915005
2018-02-27 04:00:00,0.3821283783783784,0.1458369454470557,0.46261655,0.0,0.46261655,0.0,0.1458369454470557
2018-02-27 05:00:00,0.3991131756756757,0.1660577399785027,0.54905178,0.0,0.54905178,0.0,0.1660577399785027
2018-02-27 06:00:00,0.4626165540540541,0.1941872552042919,0.23481641,0.0,0.23481641,0.0,0.1941872552042919
2018-02-27 07:00:00,0.5571368243243242,0.2178964368643655,0.31457269,0.0,0.31457269,0.0,0.2178964368643655
2018-02-27 08:00:00,0.6383800675675675,0.2186699500417173,0.27766882,0.0,0.27766882,0.0,0.2186699500417173
2018-02-27 09:00:00,0.7092787162162161,0.1783749839742377,0.2048349,0.0,0.2048349,0.0,0.1783749839742377
2018-02-27 10:00:00,0.8079814189189188,0.1357778949528308,0.29270739,0.0,0.29270739,0.0,0.1357778949528308
2018-02-27 11:00:00,0.8060439189189189,0.0999868804741491,0.14403602,0.0,0.14403602,0.0,0.0999868804741491
2018-02-27 12:00:00,0.7594425675675675,0.0680302651456532,0.12450349,0.0,0.12450349,0.0,0.0680302651456532
2018-02-27 13:00:00,0.7479307432432432,0.0536152546294469,0.27889547,0.0,0.27889547,0.0,0.0536152546294469
2018-02-27 14:00:00,0.7328665540540541,0.0372875557549924,0.59725074,0.0,0.59725074,0.0,0.0372875557549924
2018-02-27 15:00:00,0.6846334459459459,0.0290641819097395,0.76378561,0.0,0.76378561,0.0,0.0290641819097395
2018-02-27 16:00:00,0.7307415540540539,0.0267726696081652,0.91798649,0.0,0.91798649,0.0,0.0267726696081652
2018-02-27 17:00:00,0.7998581081081082,0.0329863216931569,0.99487669,0.0,0.99487669,0.0,0.0329863216931569
2018-02-27 18:00:00,0.9179864864864864,0.0404085405979213,1.0423074,0.0,1.0423074,0.0,0.0404085405979213
2018-02-27 19:00:00,0.9948766891891891,0.0493582541470071,1.0020726,0.0,1.0020726,0.0,0.0493582541470071
2018-02-27 20:00:00,1.0423074324324324,0.055419690679373,0.86459797,0.0,0.86459797,0.0,0.055419690679373
2018-02-27 21:00:00,1.002072635135135,0.0683052128299556,0.67148142,0.0,0.67148142,0.0,0.0683052128299556
2018-02-27 22:00:00,0.864597972972973,0.0891083429410233,0.46041723,0.0,0.46041723,0.0,0.0891083429410233
2018-02-27 23:00:00,0.6714814189189189,0.1047026733992577,0.41071284,0.0,0.41071284,0.0,0.1047026733992577
2018-02-28 00:00:00,0.4604172297297297,0.1158709256710758,0.39798311,0.0,0.39798311,0.0,0.1158709256710758
2018-02-28 01:00:00,0.4107128378378379,0.1210850644419719,0.39820608,0.0,0.39820608,0.0,0.1210850644419719
2018-02-28 02:00:00,0.3979831081081081,0.1282220460330019,0.38927196,0.0,0.38927196,0.0,0.1282220460330019
2018-02-28 03:00:00,0.3982060810810811,0.163655119954199,0.40179561,0.0,0.40179561,0.0,0.163655119954199
2018-02-28 04:00:00,0.3892719594594596,0.1819780776615032,0.44315878,0.0,0.44315878,0.0,0.1819780776615032
2018-02-28 05:00:00,0.4017956081081081,0.208154979415174,0.49427206,0.0,0.49427206,0.0,0.208154979415174
2018-02-28 06:00:00,0.4431587837837838,0.2391096146218619,0.35981854,0.0,0.35981854,0.0,0.2391096146218619
2018-02-28 07:00:00,0.5544780405405405,0.261542341562235,0.57740959,0.0,0.57740959,0.0,0.261542341562235
2018-02-28 08:00:00,0.6377533783783782,0.2565355667026912,0.39616202,0.0,0.39616202,0.0,0.2565355667026912
2018-02-28 09:00:00,0.7082837837837836,0.2411498166637228,0.36662081,0.0,0.36662081,0.0,0.2411498166637228
2018-02-28 10:00:00,0.7907972972972973,0.2204482142755687,0.29396981,0.0,0.29396981,0.0,0.2204482142755687
2018-02-28 11:00:00,0.7475084459459459,0.1947467981564853,0.23791028,0.0,0.23791028,0.0,0.1947467981564853
2018-02-28 12:00:00,0.7111841216216216,0.1532790677729538,0.46733347,0.0,0.46733347,0.0,0.1532790677729538
2018-02-28 13:00:00,0.7583057432432432,0.1263718388728455,0.50569626,0.0,0.50569626,0.0,0.1263718388728455
2018-02-28 14:00:00,0.6957989864864865,0.0986921612398094,0.39216725,0.0,0.39216725,0.0,0.0986921612398094
2018-02-28 15:00:00,0.6773800675675675,0.0785236934445686,0.69269641,0.0,0.69269641,0.0,0.0785236934445686
2018-02-28 16:00:00,0.7126824324324323,0.0749859363698026,0.91263176,0.0,0.91263176,0.0,0.0749859363698026
2018-02-28 17:00:00,0.7688648648648649,0.0752992040533675,1.0202956,0.0,1.0202956,0.0,0.0752992040533675
2018-02-28 18:00:00,0.9126317567567568,0.0788721553778971,1.1067449,0.0,1.1067449,0.0,0.0788721553778971
2018-02-28 19:00:00,1.020295608108108,0.083925512352946,1.0313682,0.0,1.0313682,0.0,0.083925512352946
2018-02-28 20:00:00,1.1067449324324323,0.0864696021099767,0.88872297,0.0,0.88872297,0.0,0.0864696021099767
2018-02-28 21:00:00,1.0313682432432432,0.0897075913598246,0.68497973,0.0,0.68497973,0.0,0.0897075913598246
2018-02-28 22:00:00,0.8887229729729731,0.090561900937738,0.49175169,0.0,0.49175169,0.0,0.090561900937738
2018-02-28 23:00:00,0.6849797297297298,0.0917297654302514,0.4477973,0.0,0.4477973,0.0,0.0917297654302514
2018-03-01 00:00:00,0.4917516891891891,0.0892548814567213,0.41697804,0.0,0.41697804,0.0,0.0892548814567213
2018-03-01 01:00:00,0.4477972972972973,0.0805177019776188,0.40598649,0.0,0.40598649,0.0,0.0805177019776188
2018-03-01 02:00:00,0.4169780405405406,0.0760230600535448,0.42669595,0.0,0.42669595,0.0,0.0760230600535448
2018-03-01 03:00:00,0.4059864864864864,0.0943062785023544,0.4313277,0.0,0.4313277,0.0,0.0943062785023544
2018-03-01 04:00:00,0.4266959459459459,0.1052857186084944,0.45856588,0.0,0.45856588,0.0,0.1052857186084944
2018-03-01 05:00:00,0.4313277027027027,0.1214895533230755,0.38562403,0.0,0.38562403,0.0,0.1214895533230755
2018-03-01 06:00:00,0.4585658783783783,0.1399254266190354,0.18856546,0.0,0.18856546,0.0,0.1399254266190354
2018-03-01 07:00:00,0.541527027027027,0.1545384744859273,0.066095973,0.0,0.066095973,0.0,0.1545384744859273
2018-03-01 08:00:00,0.5984037162162164,0.1655572145560375,0.0,0.0,0.0,0.053841866,0.1655572145560375
2018-03-01 09:00:00,0.6968429054054054,0.1645952271318721,0.0,0.0,0.0,0.21266416,0.1645952271318721
2018-03-01 10:00:00,0.7412077702702702,0.1696857720779864,0.0,0.0,0.0,0.20341671,0.1696857720779864
2018-03-01 11:00:00,0.677668918918919,0.1754295648774891,0.0,0.0,0.0,0.140381,0.1754295648774891
2018-03-01 12:00:00,0.7092331081081081,0.1569463322526347,0.0,0.0,0.0,0.084682235,0.1569463322526347
2018-03-01 13:00:00,0.721418918918919,0.1315394293201225,0.071743218,0.0,0.071743218,0.0,0.1315394293201225
2018-03-01 14:00:00,0.6576925675675676,0.0914500868818425,0.40615752,0.0,0.40615752,0.0,0.0914500868818425
2018-03-01 15:00:00,0.6312229729729729,0.063251450352269,0.64759096,0.0,0.64759096,0.0,0.063251450352269
2018-03-01 16:00:00,0.6512567567567568,0.0505567678805533,0.81220439,0.0,0.81220439,0.0,0.0505567678805533
2018-03-01 17:00:00,0.728543918918919,0.0531758756255578,0.85236318,0.0,0.85236318,0.0,0.0531758756255578
2018-03-01 18:00:00,0.812204391891892,0.0577669764895743,0.93706588,0.0,0.93706588,0.0,0.0577669764895743
2018-03-01 19:00:00,0.8523631756756757,0.0710048297444866,0.93300676,0.0,0.93300676,0.0,0.0710048297444866
2018-03-01 20:00:00,0.9370658783783784,0.0790625557622397,0.83229392,0.0,0.83229392,0.0,0.0790625557622397
2018-03-01 21:00:00,0.9330067567567568,0.0856630573635954,0.60134291,0.0,0.60134291,0.0,0.0856630573635954
2018-03-01 22:00:00,0.832293918918919,0.0907271601585432,0.4590777,0.0,0.4590777,0.0,0.0907271601585432
2018-03-01 23:00:00,0.6013429054054054,0.1013821136748085,0.42941723,0.0,0.42941723,0.0,0.1013821136748085
2018-03-02 00:00:00,0.4590777027027027,0.1000078145478205,0.41064358,0.0,0.41064358,0.0,0.1000078145478205
2018-03-02 01:00:00,0.4294172297297297,0.0942745986087844,0.39976689,0.0,0.39976689,0.0,0.0942745986087844
2018-03-02 02:00:00,0.4106435810810811,0.0881481295908977,0.39890203,0.0,0.39890203,0.0,0.0881481295908977
2018-03-02 03:00:00,0.3997668918918918,0.1080432041286135,0.41300507,0.0,0.41300507,0.0,0.1080432041286135
2018-03-02 04:00:00,0.398902027027027,0.1158575778759181,0.45026014,0.0,0.45026014,0.0,0.1158575778759181
2018-03-02 05:00:00,0.4130050675675675,0.133078362518016,0.47236024,0.0,0.47236024,0.0,0.133078362518016
2018-03-02 06:00:00,0.4502601351351351,0.1597211530105154,0.416525,0.0,0.416525,0.0,0.1597211530105154
2018-03-02 07:00:00,0.529902027027027,0.1805762381470382,0.2133008,0.0,0.2133008,0.0,0.1805762381470382
2018-03-02 08:00:00,0.6066807432432433,0.1885099817333151,0.10322971,0.0,0.10322971,0.0,0.1885099817333151
2018-03-02 09:00:00,0.6730608108108108,0.170518471744499,0.033655025,0.0,0.033655025,0.0,0.170518471744499
2018-03-02 10:00:00,0.7402753378378377,0.1517580442748918,0.0,0.0,0.0,0.057606764,0.1517580442748918
2018-03-02 11:00:00,0.7130118243243243,0.1275420687974121,0.11812561,0.0,0.11812561,0.0,0.1275420687974121
2018-03-02 12:00:00,0.7385861486486487,0.1022522209596489,0.089286806,0.0,0.089286806,0.0,0.1022522209596489
2018-03-02 13:00:00,0.7033412162162161,0.0899907504725405,0.27769942,0.0,0.27769942,0.0,0.0899907504725405
2018-03-02 14:00:00,0.6442567567567568,0.0824253891366689,0.63579414,0.0,0.63579414,0.0,0.0824253891366689
2018-03-02 15:00:00,0.6734054054054054,0.0854389326765511,0.70496879,0.0,0.70496879,0.0,0.0854389326765511
2018-03-02 16:00:00,0.6744054054054054,0.0893681349642417,0.83605912,0.0,0.83605912,0.0,0.0893681349642417
2018-03-02 17:00:00,0.753177364864865,0.0907142178660235,0.88539189,0.0,0.88539189,0.0,0.0907142178660235
2018-03-02 18:00:00,0.8360591216216218,0.098560474258217,0.96900169,0.0,0.96900169,0.0,0.098560474258217
2018-03-02 19:00:00,0.885391891891892,0.1100208404926667,0.96083953,0.0,0.96083953,0.0,0.1100208404926667
2018-03-02 20:00:00,0.969001689189189,0.1147365658340022,0.86513851,0.0,0.86513851,0.0,0.1147365658340022
2018-03-02 21:00:00,0.9608395270270272,0.118091187780018,0.60688176,0.0,0.60688176,0.0,0.118091187780018
2018-03-02 22:00:00,0.8651385135135135,0.1241517457233357,0.46678378,0.0,0.46678378,0.0,0.1241517457233357
2018-03-02 23:00:00,0.6068817567567567,0.1263080397911812,0.42099831,0.0,0.42099831,0.0,0.1263080397911812
2018-03-03 00:00:00,0.4667837837837838,0.1210955399267793,0.41855236,0.0,0.41855236,0.0,0.1210955399267793
2018-03-03 01:00:00,0.4209983108108108,0.1138346434880458,0.40284459,0.0,0.40284459,0.0,0.1138346434880458
2018-03-03 02:00:00,0.4185523648648649,0.1142356349088993,0.39888176,0.0,0.39888176,0.0,0.1142356349088993
2018-03-03 03:00:00,0.4028445945945946,0.14052119447353,0.41349324,0.0,0.41349324,0.0,0.14052119447353
2018-03-03 04:00:00,0.3988817567567567,0.1495842798017391,0.4408598,0.0,0.4408598,0.0,0.1495842798017391
2018-03-03 05:00:00,0.4134932432432432,0.1712266821012387,0.38077606,0.0,0.38077606,0.0,0.1712266821012387
2018-03-03 06:00:00,0.4408597972972972,0.1943532747425425,0.34458218,0.0,0.34458218,0.0,0.1943532747425425
2018-03-03 07:00:00,0.493081081081081,0.213949966922686,0.44672583,0.0,0.44672583,0.0,0.213949966922686
2018-03-03 08:00:00,0.5704527027027029,0.2170258395971707,0.38245765,0.0,0.38245765,0.0,0.2170258395971707
2018-03-03 09:00:00,0.6886486486486486,0.20170505445995,0.0,0.0,0.0,0.097125042,0.20170505445995
2018-03-03 10:00:00,0.7570827702702702,0.1741864458537959,0.0,0.0,0.0,0.16459739,0.1741864458537959
2018-03-03 11:00:00,0.7945472972972975,0.1443992020532112,0.0,0.0,0.0,0.10919459,0.1443992020532112
2018-03-03 12:00:00,0.7531216216216217,0.1237324222040696,0.0,0.0,0.0,0.027111586,0.1237324222040696
2018-03-03 13:00:00,0.7528614864864865,0.1176435973477158,0.1556285,0.0,0.1556285,0.0,0.1176435973477158
2018-03-03 14:00:00,0.7158226351351351,0.1164811395570382,0.434245,0.0,0.434245,0.0,0.1164811395570382
2018-03-03 15:00:00,0.7170118243243243,0.1075790218800523,0.74718595,0.0,0.74718595,0.0,0.1075790218800523
2018-03-03 16:00:00,0.7617956081081081,0.0972289049716762,0.86241385,0.0,0.86241385,0.0,0.0972289049716762
2018-03-03 17:00:00,0.8291942567567568,0.0924371140938859,0.90485135,0.0,0.90485135,0.0,0.0924371140938859
2018-03-03 18:00:00,0.8624138513513514,0.0959787234437102,0.97825845,0.0,0.97825845,0.0,0.0959787234437102
2018-03-03 19:00:00,0.9048513513513516,0.1119469611257888,0.96520777,0.0,0.96520777,0.0,0.1119469611257888
2018-03-03 20:00:00,0.9782584459459458,0.1208546713599865,0.89808108,0.0,0.89808108,0.0,0.1208546713599865
2018-03-03 21:00:00,0.9652077702702704,0.1230841924458227,0.64487162,0.0,0.64487162,0.0,0.1230841924458227
2018-03-03 22:00:00,0.8980810810810812,0.1295648849136821,0.49067905,0.0,0.49067905,0.0,0.1295648849136821
2018-03-03 23:00:00,0.6448716216216216,0.1330468346879351,0.43560135,0.0,0.43560135,0.0,0.1330468346879351
2018-03-04 00:00:00,0.490679054054054,0.1309553027705187,0.41671622,0.0,0.41671622,0.0,0.1309553027705187
2018-03-04 01:00:00,0.4356013513513513,0.1266644597137744,0.39858277,0.0,0.39858277,0.0,0.1266644597137744
2018-03-04 02:00:00,0.4167162162162162,0.1265724275109602,0.40505236,0.0,0.40505236,0.0,0.1265724275109602
2018-03-04 03:00:00,0.3985827702702703,0.1531967169456146,0.420125,0.0,0.420125,0.0,0.1531967169456146
2018-03-04 04:00:00,0.4050523648648648,0.1667623177074463,0.45766554,0.0,0.45766554,0.0,0.1667623177074463
2018-03-04 05:00:00,0.4201250000000001,0.1935508019184818,0.31263325,0.0,0.31263325,0.0,0.1935508019184818
2018-03-04 06:00:00,0.4576655405405406,0.221242019480749,0.50655295,0.0,0.50655295,0.0,0.221242019480749
2018-03-04 07:00:00,0.4838868243243243,0.2438392791163684,0.51676119,0.0,0.51676119,0.0,0.2438392791163684
2018-03-04 08:00:00,0.5686875,0.2406934403409371,0.40230984,0.0,0.40230984,0.0,0.2406934403409371
2018-03-04 09:00:00,0.7002550675675676,0.2021248003777974,0.18214317,0.0,0.18214317,0.0,0.2021248003777974
2018-03-04 10:00:00,0.7781689189189189,0.1556944442344016,0.0,0.0,0.0,0.18478939,0.1556944442344016
2018-03-04 11:00:00,0.7624932432432433,0.1143379060533154,0.0,0.0,0.0,0.12873781,0.1143379060533154
2018-03-04 12:00:00,0.7655405405405405,0.0817405965572565,0.0,0.0,0.0,0.09213113,0.0817405965572565
2018-03-04 13:00:00,0.7674746621621622,0.0624970971745482,0.099839592,0.0,0.099839592,0.0,0.0624970971745482
2018-03-04 14:00:00,0.6799797297297299,0.0449467402636612,0.40361331,0.0,0.40361331,0.0,0.0449467402636612
2018-03-04 15:00:00,0.6830743243243242,0.03691042140599,0.7439254,0.0,0.7439254,0.0,0.03691042140599
2018-03-04 16:00:00,0.7475945945945945,0.0314988873302512,0.86630743,0.0,0.86630743,0.0,0.0314988873302512
2018-03-04 17:00:00,0.834525337837838,0.0341427814239851,0.9409527,0.0,0.9409527,0.0,0.0341427814239851
2018-03-04 18:00:00,0.8663074324324326,0.0415185533807896,1.0011605,0.0,1.0011605,0.0,0.0415185533807896
2018-03-04 19:00:00,0.9409527027027028,0.0482186734634732,0.98361149,0.0,0.98361149,0.0,0.0482186734634732
2018-03-04 20:00:00,1.0011604729729728,0.0567877552033067,0.86456419,0.0,0.86456419,0.0,0.0567877552033067
2018-03-04 21:00:00,0.9836114864864866,0.068877275676088,0.61135304,0.0,0.61135304,0.0,0.068877275676088
2018-03-04 22:00:00,0.8645641891891893,0.0843685408805743,0.48005912,0.0,0.48005912,0.0,0.0843685408805743
2018-03-04 23:00:00,0.6113530405405405,0.0960750303201636,0.41765203,0.0,0.41765203,0.0,0.0960750303201636
2018-03-05 00:00:00,0.4800591216216216,0.1013758959676972,0.40548986,0.0,0.40548986,0.0,0.1013758959676972
2018-03-05 01:00:00,0.417652027027027,0.1053503117994909,0.39917568,0.0,0.39917568,0.0,0.1053503117994909
2018-03-05 02:00:00,0.4054898648648649,0.1083215141056204,0.40073311,0.0,0.40073311,0.0,0.1083215141056204
2018-03-05 03:00:00,0.3991756756756756,0.1427409834960616,0.4142652,0.0,0.4142652,0.0,0.1427409834960616
2018-03-05 04:00:00,0.4007331081081081,0.1629257051886967,0.44987838,0.0,0.44987838,0.0,0.1629257051886967
2018-03-05 05:00:00,0.4142652027027028,0.1887423854325458,0.4038091,0.0,0.4038091,0.0,0.1887423854325458
2018-03-05 06:00:00,0.4498783783783783,0.2139736043472752,0.16474281,0.0,0.16474281,0.0,0.2139736043472752
2018-03-05 07:00:00,0.5269611486486487,0.2273831879692526,0.0,0.0,0.0,0.012332323,0.2273831879692526
2018-03-05 08:00:00,0.6193361486486486,0.2159167391952374,0.0,0.0,0.0,0.11696119,0.2159167391952374
2018-03-05 09:00:00,0.6703310810810812,0.1736857176800121,0.0,0.0,0.0,0.20068422,0.1736857176800121
2018-03-05 10:00:00,0.7222584459459459,0.1327423697907969,0.0,0.0,0.0,0.2347682,0.1327423697907969
2018-03-05 11:00:00,0.7361064189189189,0.0956027718107345,0.0,0.0,0.0,0.18455269,0.0956027718107345
2018-03-05 12:00:00,0.7234324324324325,0.0635883385644799,0.0,0.0,0.0,0.11326771,0.0635883385644799
2018-03-05 13:00:00,0.7195945945945946,0.0433134432227867,0.064950546,0.0,0.064950546,0.0,0.0433134432227867
2018-03-05 14:00:00,0.6685236486486487,0.0293948862067255,0.33930457,0.0,0.33930457,0.0,0.0293948862067255
2018-03-05 15:00:00,0.6586706081081081,0.0238367460315157,0.67013564,0.0,0.67013564,0.0,0.0238367460315157
2018-03-05 16:00:00,0.6909459459459459,0.0251743133779057,0.82009797,0.0,0.82009797,0.0,0.0251743133779057
2018-03-05 17:00:00,0.7644611486486487,0.0282795680976806,0.89605743,0.0,0.89605743,0.0,0.0282795680976806
2018-03-05 18:00:00,0.8200979729729732,0.0353973896890794,0.94985304,0.0,0.94985304,0.0,0.0353973896890794
2018-03-05 19:00:00,0.8960574324324325,0.0355220986461147,0.91817399,0.0,0.91817399,0.0,0.0355220986461147
2018-03-05 20:00:00,0.9498530405405404,0.0380044675224991,0.81747973,0.0,0.81747973,0.0,0.0380044675224991
2018-03-05 21:00:00,0.9181739864864866,0.0396819981427691,0.59584459,0.0,0.59584459,0.0,0.0396819981427691
2018-03-05 22:00:00,0.8174797297297298,0.045179296026381,0.47368412,0.0,0.47368412,0.0,0.045179296026381
2018-03-05 23:00:00,0.5958445945945945,0.0509880030398018,0.43895777,0.0,0.43895777,0.0,0.0509880030398018
2018-03-06 00:00:00,0.4736841216216216,0.055454631489988,0.41698818,0.0,0.41698818,0.0,0.055454631489988
2018-03-06 01:00:00,0.4389577702702703,0.059475088767104,0.39880743,0.0,0.39880743,0.0,0.059475088767104
2018-03-06 02:00:00,0.4169881756756757,0.0626783061657694,0.4016875,0.0,0.4016875,0.0,0.0626783061657694
2018-03-06 03:00:00,0.3988074324324324,0.083886296868692,0.42353209,0.0,0.42353209,0.0,0.083886296868692
2018-03-06 04:00:00,0.4016875,0.0957977172038078,0.44679223,0.0,0.44679223,0.0,0.0957977172038078
2018-03-06 05:00:00,0.4235320945945946,0.1141908606593202,0.4626651,0.0,0.4626651,0.0,0.1141908606593202
2018-03-06 06:00:00,0.4467922297297296,0.1443426006433659,0.29207334,0.0,0.29207334,0.0,0.1443426006433659
2018-03-06 07:00:00,0.5274881756756756,0.1702058461067775,0.52596738,0.0,0.52596738,0.0,0.1702058461067775
2018-03-06 08:00:00,0.6034966216216217,0.1753037069963132,0.12366264,0.0,0.12366264,0.0,0.1753037069963132
2018-03-06 09:00:00,0.6784121621621623,0.1536631632505699,0.208498,0.0,0.208498,0.0,0.1536631632505699
2018-03-06 10:00:00,0.6870658783783783,0.1162817505308935,0.058035966,0.0,0.058035966,0.0,0.1162817505308935
2018-03-06 11:00:00,0.6934881756756756,0.0828639064474528,0.15386561,0.0,0.15386561,0.0,0.0828639064474528
2018-03-06 12:00:00,0.7073125000000001,0.0521899128579386,0.16763763,0.0,0.16763763,0.0,0.0521899128579386
2018-03-06 13:00:00,0.7171520270270272,0.0372948210105844,0.38087958,0.0,0.38087958,0.0,0.0372948210105844
2018-03-06 14:00:00,0.6848445945945947,0.0258984228172316,0.44759608,0.0,0.44759608,0.0,0.0258984228172316
2018-03-06 15:00:00,0.6786959459459458,0.0209536729653129,0.72652524,0.0,0.72652524,0.0,0.0209536729653129
2018-03-06 16:00:00,0.6853885135135135,0.0228714976903054,0.85346959,0.0,0.85346959,0.0,0.0228714976903054
2018-03-06 17:00:00,0.7834611486486487,0.0309545338310282,0.90329392,0.0,0.90329392,0.0,0.0309545338310282
2018-03-06 18:00:00,0.8534695945945947,0.0364823457881268,0.95203378,0.0,0.95203378,0.0,0.0364823457881268
2018-03-06 19:00:00,0.903293918918919,0.0369836653199242,0.93459291,0.0,0.93459291,0.0,0.0369836653199242
2018-03-06 20:00:00,0.9520337837837838,0.0358059842843899,0.83921959,0.0,0.83921959,0.0,0.0358059842843899
2018-03-06 21:00:00,0.9345929054054056,0.0344143161277537,0.6168277,0.0,0.6168277,0.0,0.0344143161277537
2018-03-06 22:00:00,0.8392195945945946,0.0364419813797327,0.46798649,0.0,0.46798649,0.0,0.0364419813797327
2018-03-06 23:00:00,0.6168277027027026,0.0388314394642543,0.4202652,0.0,0.4202652,0.0,0.0388314394642543
2018-03-07 00:00:00,0.4679864864864864,0.0366997796816491,0.40671622,0.0,0.40671622,0.0,0.0366997796816491
2018-03-07 01:00:00,0.4202652027027027,0.0345432997584281,0.40081081,0.0,0.40081081,0.0,0.0345432997584281
2018-03-07 02:00:00,0.4067162162162162,0.0348211366490242,0.40163851,0.0,0.40163851,0.0,0.0348211366490242
2018-03-07 03:00:00,0.4008108108108107,0.0484755255925684,0.41319932,0.0,0.41319932,0.0,0.0484755255925684
2018-03-07 04:00:00,0.4016385135135135,0.0545796074856656,0.45900169,0.0,0.45900169,0.0,0.0545796074856656
2018-03-07 05:00:00,0.4131993243243244,0.066820566297684,0.50556619,0.0,0.50556619,0.0,0.066820566297684
2018-03-07 06:00:00,0.4590016891891891,0.0852862271415713,0.28205677,0.0,0.28205677,0.0,0.0852862271415713
2018-03-07 07:00:00,0.5611520270270272,0.1041633548911195,0.029179391,0.0,0.029179391,0.0,0.1041633548911195
2018-03-07 08:00:00,0.6102719594594596,0.1130184173661894,0.080902737,0.0,0.080902737,0.0,0.1130184173661894
2018-03-07 09:00:00,0.7032736486486486,0.1094952414904372,0.097717527,0.0,0.097717527,0.0,0.1094952414904372
2018-03-07 10:00:00,0.7478952702702701,0.1057322445963729,0.1619577,0.0,0.1619577,0.0,0.1057322445963729
2018-03-07 11:00:00,0.7201858108108109,0.0833052453807572,0.16735957,0.0,0.16735957,0.0,0.0833052453807572
2018-03-07 12:00:00,0.698231418918919,0.0516546493761772,0.0,0.0,0.0,0.012615844,0.0516546493761772
2018-03-07 13:00:00,0.691258445945946,0.0350125001021311,0.46704046,0.0,0.46704046,0.0,0.0350125001021311
2018-03-07 14:00:00,0.6543766891891892,0.0248692740186973,0.51910328,0.0,0.51910328,0.0,0.0248692740186973
2018-03-07 15:00:00,0.6485,0.0222957177366607,0.6772897,0.0,0.6772897,0.0,0.0222957177366607
2018-03-07 16:00:00,0.6813175675675675,0.0231646760973611,0.83354054,0.0,0.83354054,0.0,0.0231646760973611
2018-03-07 17:00:00,0.770277027027027,0.0283625102830329,0.88087669,0.0,0.88087669,0.0,0.0283625102830329
2018-03-07 18:00:00,0.8335405405405406,0.0341152579324514,0.90489865,0.0,0.90489865,0.0,0.0341152579324514
2018-03-07 19:00:00,0.8808766891891892,0.0353792941338722,0.90672466,0.0,0.90672466,0.0,0.0353792941338722
2018-03-07 20:00:00,0.9048986486486486,0.0304872934167406,0.82758108,0.0,0.82758108,0.0,0.0304872934167406
2018-03-07 21:00:00,0.9067246621621624,0.030146789472677,0.60846959,0.0,0.60846959,0.0,0.030146789472677
2018-03-07 22:00:00,0.8275810810810812,0.0302763475654215,0.48478716,0.0,0.48478716,0.0,0.0302763475654215
2018-03-07 23:00:00,0.6084695945945945,0.027430513158114,0.42790372,0.0,0.42790372,0.0,0.027430513158114
2018-03-08 00:00:00,0.4847871621621621,0.0246222553285664,0.40898986,0.0,0.40898986,0.0,0.0246222553285664
2018-03-08 01:00:00,0.4279037162162162,0.018737854489442,0.40018581,0.0,0.40018581,0.0,0.018737854489442
2018-03-08 02:00:00,0.4089898648648649,0.015652384919198,0.40453547,0.0,0.40453547,0.0,0.015652384919198
2018-03-08 03:00:00,0.4001858108108108,0.0232538866776546,0.42257601,0.0,0.42257601,0.0,0.0232538866776546
2018-03-08 04:00:00,0.404535472972973,0.0308498127748427,0.47518074,0.0,0.47518074,0.0,0.0308498127748427
2018-03-08 05:00:00,0.4225760135135135,0.0421456463140464,0.34881054,0.0,0.34881054,0.0,0.0421456463140464
2018-03-08 06:00:00,0.4751807432432431,0.0569416096624266,0.15609334,0.0,0.15609334,0.0,0.0569416096624266
2018-03-08 07:00:00,0.5460000000000002,0.0724716848485292,0.0,0.0,0.0,0.0022408669,0.0724716848485292
2018-03-08 08:00:00,0.6129611486486487,0.0770961214085531,0.0,0.0,0.0,0.14575074,0.0770961214085531
2018-03-08 09:00:00,0.6805067567567568,0.0747995741158939,0.0,0.0,0.0,0.24177879,0.0747995741158939
2018-03-08 10:00:00,0.7050354729729729,0.0668216307421078,0.0,0.0,0.0,0.13491723,0.0668216307421078
2018-03-08 11:00:00,0.7062972972972973,0.0478065983038558,0.0,0.0,0.0,0.21226327,0.0478065983038558
2018-03-08 12:00:00,0.7156993243243243,0.0358416178286776,0.016450145,0.0,0.016450145,0.0,0.0358416178286776
2018-03-08 13:00:00,0.7098158783783785,0.0291262913970803,0.36701297,0.0,0.36701297,0.0,0.0291262913970803
2018-03-08 14:00:00,0.6307685810810811,0.0241740735382507,0.50020059,0.0,0.50020059,0.0,0.0241740735382507
2018-03-08 15:00:00,0.6676993243243242,0.0218948445874098,0.6246279,0.0,0.6246279,0.0,0.0218948445874098
2018-03-08 16:00:00,0.6584408783783783,0.0240552612654052,0.82845777,0.0,0.82845777,0.0,0.0240552612654052
2018-03-08 17:00:00,0.7299864864864866,0.0290574742202743,0.92155743,0.0,0.92155743,0.0,0.0290574742202743
2018-03-08 18:00:00,0.8284577702702703,0.0338706215703169,0.94828547,0.0,0.94828547,0.0,0.0338706215703169
2018-03-08 19:00:00,0.9215574324324326,0.0356213116248049,0.91590709,0.0,0.91590709,0.0,0.0356213116248049
2018-03-08 20:00:00,0.9482854729729728,0.0355931122955417,0.88427703,0.0,0.88427703,0.0,0.0355931122955417
2018-03-08 21:00:00,0.9159070945945949,0.0348436758373029,0.62621622,0.0,0.62621622,0.0,0.0348436758373029
2018-03-08 22:00:00,0.884277027027027,0.0386273871577761,0.48810642,0.0,0.48810642,0.0,0.0386273871577761
2018-03-08 23:00:00,0.6262162162162163,0.03823624607183,0.42582432,0.0,0.42582432,0.0,0.03823624607183
2018-03-09 00:00:00,0.4881064189189189,0.0379376609629383,0.40990878,0.0,0.40990878,0.0,0.0379376609629383
2018-03-09 01:00:00,0.4258243243243243,0.036573093899255,0.40066216,0.0,0.40066216,0.0,0.036573093899255
2018-03-09 02:00:00,0.4099087837837838,0.0384603707588742,0.40108784,0.0,0.40108784,0.0,0.0384603707588742
2018-03-09 03:00:00,0.4006621621621621,0.0540364873902989,0.41738514,0.0,0.41738514,0.0,0.0540364873902989
2018-03-09 04:00:00,0.4010878378378378,0.060175780429103,0.46163007,0.0,0.46163007,0.0,0.060175780429103
2018-03-09 05:00:00,0.4173851351351351,0.0735951974900445,0.34758538,0.0,0.34758538,0.0,0.0735951974900445
2018-03-09 06:00:00,0.4616300675675676,0.0935466368944005,0.13712447,0.0,0.13712447,0.0,0.0935466368944005
2018-03-09 07:00:00,0.5592956081081082,0.1085119989696787,0.0,0.0,0.0,0.041250653,0.1085119989696787
2018-03-09 08:00:00,0.6140861486486486,0.1074501565209802,0.0,0.0,0.0,0.14837632,0.1074501565209802
2018-03-09 09:00:00,0.6630320945945947,0.106340583032636,0.0,0.0,0.0,0.23891417,0.106340583032636
2018-03-09 10:00:00,0.7224256756756756,0.1007739104060913,0.0,0.0,0.0,0.30466303,0.1007739104060913
2018-03-09 11:00:00,0.7282347972972975,0.0909379539463733,0.0,0.0,0.0,0.23607137,0.0909379539463733
2018-03-09 12:00:00,0.6845996621621622,0.0660637125203639,0.0,0.0,0.0,0.13498004,0.0660637125203639
2018-03-09 13:00:00,0.7020135135135135,0.045117524457905,0.029579081,0.0,0.029579081,0.0,0.045117524457905
2018-03-09 14:00:00,0.6823361486486487,0.0295351225355961,0.33440304,0.0,0.33440304,0.0,0.0295351225355961
2018-03-09 15:00:00,0.6603260135135135,0.0234907509058999,0.64648481,0.0,0.64648481,0.0,0.0234907509058999
2018-03-09 16:00:00,0.7228412162162162,0.0241320195355328,0.84449662,0.0,0.84449662,0.0,0.0241320195355328
2018-03-09 17:00:00,0.7684560810810811,0.0310096652938118,0.92031926,0.0,0.92031926,0.0,0.0310096652938118
2018-03-09 18:00:00,0.8444966216216216,0.035971598320003,0.9401098,0.0,0.9401098,0.0,0.035971598320003
2018-03-09 19:00:00,0.9203192567567569,0.0388208288119013,0.94904392,0.0,0.94904392,0.0,0.0388208288119013
2018-03-09 20:00:00,0.9401097972972972,0.0413237769471488,0.87940709,0.0,0.87940709,0.0,0.0413237769471488
2018-03-09 21:00:00,0.949043918918919,0.0439615885013173,0.6130152,0.0,0.6130152,0.0,0.0439615885013173
2018-03-09 22:00:00,0.8794070945945947,0.0488917740501654,0.45698311,0.0,0.45698311,0.0,0.0488917740501654
2018-03-09 23:00:00,0.6130152027027026,0.0500727328986878,0.41337331,0.0,0.41337331,0.0,0.0500727328986878
2018-03-10 00:00:00,0.4569831081081081,0.0476342089950045,0.41518581,0.0,0.41518581,0.0,0.0476342089950045
2018-03-10 01:00:00,0.4133733108108107,0.0431240903869252,0.4042027,0.0,0.4042027,0.0,0.0431240903869252
2018-03-10 02:00:00,0.4151858108108108,0.0411008856639607,0.39977872,0.0,0.39977872,0.0,0.0411008856639607
2018-03-10 03:00:00,0.4042027027027027,0.0541495719383869,0.42259459,0.0,0.42259459,0.0,0.0541495719383869
2018-03-10 04:00:00,0.3997787162162162,0.0568449648671086,0.44341554,0.0,0.44341554,0.0,0.0568449648671086
2018-03-10 05:00:00,0.4225945945945945,0.0669160283769752,0.24525307,0.0,0.24525307,0.0,0.0669160283769752
2018-03-10 06:00:00,0.4434155405405405,0.0806614019748531,0.17734792,0.0,0.17734792,0.0,0.0806614019748531
2018-03-10 07:00:00,0.4753969594594594,0.0940627234805871,0.0,0.0,0.0,0.021968038,0.0940627234805871
2018-03-10 08:00:00,0.5569729729729731,0.1064601049350975,0.0,0.0,0.0,0.012792563,0.1064601049350975
2018-03-10 09:00:00,0.7072043918918919,0.1100653781990403,0.0,0.0,0.0,0.17325595,0.1100653781990403
2018-03-10 10:00:00,0.7871689189189188,0.114004684260787,0.0,0.0,0.0,0.14420317,0.114004684260787
2018-03-10 11:00:00,0.8082516891891892,0.1103028168893559,0.0,0.0,0.0,0.19952134,0.1103028168893559
2018-03-10 12:00:00,0.7636993243243244,0.1009888774919009,0.0,0.0,0.0,0.086251118,0.1009888774919009
2018-03-10 13:00:00,0.7363429054054055,0.0936635230297168,0.11002232,0.0,0.11002232,0.0,0.0936635230297168
2018-03-10 14:00:00,0.7225000000000001,0.0775259711004562,0.41271033,0.0,0.41271033,0.0,0.0775259711004562
2018-03-10 15:00:00,0.730287162162162,0.0678837773177847,0.71709564,0.0,0.71709564,0.0,0.0678837773177847
2018-03-10 16:00:00,0.7935979729729729,0.0633045880937508,0.88256419,0.0,0.88256419,0.0,0.0633045880937508
2018-03-10 17:00:00,0.8360253378378378,0.0598748467841012,0.89654054,0.0,0.89654054,0.0,0.0598748467841012
2018-03-10 18:00:00,0.8825641891891893,0.0578469956767467,0.95315709,0.0,0.95315709,0.0,0.0578469956767467
2018-03-10 19:00:00,0.8965405405405406,0.0615918970156036,0.96886486,0.0,0.96886486,0.0,0.0615918970156036
2018-03-10 20:00:00,0.9531570945945946,0.0605757749893054,0.87812331,0.0,0.87812331,0.0,0.0605757749893054
2018-03-10 21:00:00,0.968864864864865,0.064631426516185,0.64111318,0.0,0.64111318,0.0,0.064631426516185
2018-03-10 22:00:00,0.8781233108108109,0.0690649727095124,0.48273311,0.0,0.48273311,0.0,0.0690649727095124
2018-03-10 23:00:00,0.6411131756756756,0.0742601035442665,0.41558446,0.0,0.41558446,0.0,0.0742601035442665
2018-03-11 00:00:00,0.4827331081081081,0.076591980254235,0.30105068,0.0,0.30105068,0.0,0.076591980254235
2018-03-11 01:00:00,0.4155844594594595,0.0648764683809572,0.099684122,0.0,0.099684122,0.0,0.0648764683809572
2018-03-11 02:00:00,0.3010506756756756,0.0649499995259264,0.40168243,0.0,0.40168243,0.0,0.0649499995259264
2018-03-11 03:00:00,0.0996841216216216,0.0232471789881893,0.41485473,0.0,0.41485473,0.0,0.0232471789881893
2018-03-11 04:00:00,0.4016824324324324,0.1016246887318681,0.43944764,0.0,0.43944764,0.0,0.1016246887318681
2018-03-11 05:00:00,0.4148547297297297,0.1183850758166898,0.27020249,0.0,0.27020249,0.0,0.1183850758166898
2018-03-11 06:00:00,0.4394476351351351,0.1345346576575354,0.070638528,0.0,0.070638528,0.0,0.1345346576575354
2018-03-11 07:00:00,0.4936317567567567,0.1484231061027476,0.0,0.0,0.0,0.040529843,0.1484231061027476
2018-03-11 08:00:00,0.5540067567567568,0.1602714031939283,0.0,0.0,0.0,0.094747824,0.1602714031939283
2018-03-11 09:00:00,0.6612060810810811,0.1576579217980216,0.0,0.0,0.0,0.17178093,0.1576579217980216
2018-03-11 10:00:00,0.7650371621621621,0.1516160169760383,0.0,0.0,0.0,0.21863679,0.1516160169760383
2018-03-11 11:00:00,0.7750945945945947,0.1415005678232866,0.0,0.0,0.0,0.18445851,0.1415005678232866
2018-03-11 12:00:00,0.7480270270270272,0.1099101720644614,0.0,0.0,0.0,0.039224491,0.1099101720644614
2018-03-11 13:00:00,0.7314611486486486,0.0745916019505845,0.187952,0.0,0.187952,0.0,0.0745916019505845
2018-03-11 14:00:00,0.7513716216216217,0.0437068990529564,0.34076333,0.0,0.34076333,0.0,0.0437068990529564
2018-03-11 15:00:00,0.7206689189189188,0.0321972473520832,0.68052248,0.0,0.68052248,0.0,0.0321972473520832
2018-03-11 16:00:00,0.7116385135135135,0.0283427758213317,0.89481081,0.0,0.89481081,0.0,0.0283427758213317
2018-03-11 17:00:00,0.7973665540540541,0.0273733034943121,0.92816892,0.0,0.92816892,0.0,0.0273733034943121
2018-03-11 18:00:00,0.8948108108108108,0.0346799879392188,0.95924324,0.0,0.95924324,0.0,0.0346799879392188
2018-03-11 19:00:00,0.928168918918919,0.0369835977361512,0.95072973,0.0,0.95072973,0.0,0.0369835977361512
2018-03-11 20:00:00,0.9592432432432432,0.0359797421646434,0.83829054,0.0,0.83829054,0.0,0.0359797421646434
2018-03-11 21:00:00,0.95072972972973,0.0309642152065032,0.62680743,0.0,0.62680743,0.0,0.0309642152065032
2018-03-11 22:00:00,0.8382905405405406,0.029864829971931,0.47895777,0.0,0.47895777,0.0,0.029864829971931
2018-03-11 23:00:00,0.6268074324324323,0.0287065961670629,0.43006926,0.0,0.43006926,0.0,0.0287065961670629
2018-03-12 00:00:00,0.4789577702702702,0.0270471611020002,0.42133277,0.0,0.42133277,0.0,0.0270471611020002
2018-03-12 01:00:00,0.4300692567567567,0.0219306132992435,0.41022804,0.0,0.41022804,0.0,0.0219306132992435
2018-03-12 02:00:00,0.4213327702702703,0.0216124457921397,0.40058953,0.0,0.40058953,0.0,0.0216124457921397
2018-03-12 03:00:00,0.4102280405405405,0.0321534868590983,0.41467568,0.0,0.41467568,0.0,0.0321534868590983
2018-03-12 04:00:00,0.400589527027027,0.0392325998445403,0.45577534,0.0,0.45577534,0.0,0.0392325998445403
2018-03-12 05:00:00,0.4146756756756756,0.0532065417625337,0.30784283,0.0,0.30784283,0.0,0.0532065417625337
2018-03-12 06:00:00,0.4557753378378378,0.0736239543854345,0.11926499,0.0,0.11926499,0.0,0.0736239543854345
2018-03-12 07:00:00,0.5351925675675676,0.0931836782417744,0.0,0.0,0.0,0.0093156785,0.0931836782417744
2018-03-12 08:00:00,0.6067398648648649,0.1026564226097176,0.0,0.0,0.0,0.16369611,0.1026564226097176
2018-03-12 09:00:00,0.6971182432432433,0.0925895155018874,0.0,0.0,0.0,0.23682496,0.0925895155018874
2018-03-12 10:00:00,0.6997854729729729,0.0690703625154052,0.0,0.0,0.0,0.24455541,0.0690703625154052
2018-03-12 11:00:00,0.7120050675675677,0.0471933769399972,0.0,0.0,0.0,0.2035754,0.0471933769399972
2018-03-12 12:00:00,0.720364864864865,0.0346532923489037,0.0,0.0,0.0,0.12849169,0.0346532923489037
2018-03-12 13:00:00,0.7091081081081082,0.0266331429089106,0.080594415,0.0,0.080594415,0.0,0.0266331429089106
2018-03-12 14:00:00,0.662133445945946,0.0218344922781656,0.31288935,0.0,0.31288935,0.0,0.0218344922781656
2018-03-12 15:00:00,0.6855050675675675,0.0215822865334608,0.63347009,0.0,0.63347009,0.0,0.0215822865334608
2018-03-12 16:00:00,0.6849374999999999,0.0226740685935762,0.82621959,0.0,0.82621959,0.0,0.0226740685935762
2018-03-12 17:00:00,0.7543817567567568,0.0307756902718601,0.87213514,0.0,0.87213514,0.0,0.0307756902718601
2018-03-12 18:00:00,0.8262195945945947,0.0340854196966941,0.94296115,0.0,0.94296115,0.0,0.0340854196966941
2018-03-12 19:00:00,0.8721351351351351,0.0372571599531083,0.97532432,0.0,0.97532432,0.0,0.0372571599531083
2018-03-12 20:00:00,0.9429611486486486,0.0344169181030122,0.87053209,0.0,0.87053209,0.0,0.0344169181030122
2018-03-12 21:00:00,0.9753243243243244,0.0316868884906538,0.59518243,0.0,0.59518243,0.0,0.0316868884906538
2018-03-12 22:00:00,0.8705320945945947,0.0324284683352871,0.46872128,0.0,0.46872128,0.0,0.0324284683352871
2018-03-12 23:00:00,0.5951824324324323,0.0285159423435719,0.43025,0.0,0.43025,0.0,0.0285159423435719
2018-03-13 00:00:00,0.4687212837837838,0.0228451569147983,0.41157939,0.0,0.41157939,0.0,0.0228451569147983
2018-03-13 01:00:00,0.4302499999999999,0.0167761847917484,0.39922804,0.0,0.39922804,0.0,0.0167761847917484
2018-03-13 02:00:00,0.4115793918918919,0.0146391520991936,0.39877196,0.0,0.39877196,0.0,0.0146391520991936
2018-03-13 03:00:00,0.3992280405405405,0.0183023953443841,0.42371791,0.0,0.42371791,0.0,0.0183023953443841
2018-03-13 04:00:00,0.3987719594594595,0.0200389097024959,0.45074155,0.0,0.45074155,0.0,0.0200389097024959
2018-03-13 05:00:00,0.4237179054054054,0.0261504933943906,0.29847554,0.0,0.29847554,0.0,0.0261504933943906
2018-03-13 06:00:00,0.450741554054054,0.036593233863594,0.13360546,0.0,0.13360546,0.0,0.036593233863594
2018-03-13 07:00:00,0.5352364864864865,0.0469192909487997,0.0,0.0,0.0,0.025842468,0.0469192909487997
2018-03-13 08:00:00,0.6267922297297298,0.0556686017151468,0.0,0.0,0.0,0.1493647,0.0556686017151468
2018-03-13 09:00:00,0.6802212837837838,0.0557130718377475,0.0,0.0,0.0,0.22192849,0.0557130718377475
2018-03-13 10:00:00,0.7093513513513513,0.0620286402523475,0.0,0.0,0.0,0.2727601,0.0620286402523475
2018-03-13 11:00:00,0.7222145270270269,0.072363854938788,0.0,0.0,0.0,0.11430751,0.072363854938788
2018-03-13 12:00:00,0.6862263513513515,0.0726566447391492,0.0,0.0,0.0,0.049280631,0.0726566447391492
2018-03-13 13:00:00,0.6711908783783784,0.06416315544936,0.051747939,0.0,0.051747939,0.0,0.06416315544936
2018-03-13 14:00:00,0.6410202702702703,0.0558585965968514,0.2995488,0.0,0.2995488,0.0,0.0558585965968514
2018-03-13 15:00:00,0.651260135135135,0.0472235024067895,0.67083721,0.0,0.67083721,0.0,0.0472235024067895
2018-03-13 16:00:00,0.6702837837837837,0.0415142449152642,0.84895101,0.0,0.84895101,0.0,0.0415142449152642
2018-03-13 17:00:00,0.7935388513513514,0.0392243039364108,0.92849662,0.0,0.92849662,0.0,0.0392243039364108
2018-03-13 18:00:00,0.8489510135135137,0.040735037805041,0.97491385,0.0,0.97491385,0.0,0.040735037805041
2018-03-13 19:00:00,0.9284966216216216,0.0431753188868209,0.95354054,0.0,0.95354054,0.0,0.0431753188868209
2018-03-13 20:00:00,0.9749138513513512,0.0436033269209111,0.85193243,0.0,0.85193243,0.0,0.0436033269209111
2018-03-13 21:00:00,0.9535405405405406,0.0463557098661727,0.61534291,0.0,0.61534291,0.0,0.0463557098661727
2018-03-13 22:00:00,0.8519324324324326,0.0532912918138127,0.47032601,0.0,0.47032601,0.0,0.0532912918138127
2018-03-13 23:00:00,0.6153429054054054,0.0572406171698991,0.41350845,0.0,0.41350845,0.0,0.0572406171698991
2018-03-14 00:00:00,0.4703260135135135,0.0583034226873622,0.40939696,0.0,0.40939696,0.0,0.0583034226873622
2018-03-14 01:00:00,0.413508445945946,0.0537417545564655,0.40443074,0.0,0.40443074,0.0,0.0537417545564655
2018-03-14 02:00:00,0.4093969594594594,0.0527835856154716,0.39918243,0.0,0.39918243,0.0,0.0527835856154716
2018-03-14 03:00:00,0.4044307432432432,0.0706197374062193,0.41324831,0.0,0.41324831,0.0,0.0706197374062193
2018-03-14 04:00:00,0.3991824324324324,0.0797728443199974,0.43627377,0.0,0.43627377,0.0,0.0797728443199974
2018-03-14 05:00:00,0.4132483108108108,0.0909514031171901,0.40418634,0.0,0.40418634,0.0,0.0909514031171901
2018-03-14 06:00:00,0.4524341216216216,0.1062980390475643,0.23925661,0.0,0.23925661,0.0,0.1062980390475643
2018-03-14 07:00:00,0.5210304054054055,0.1233716769200075,0.085609349,0.0,0.085609349,0.0,0.1233716769200075
2018-03-14 08:00:00,0.6126317567567569,0.1353750111863348,0.0,0.0,0.0,0.030624651,0.1353750111863348
2018-03-14 09:00:00,0.6744966216216216,0.1382624940937225,0.0,0.0,0.0,0.03958348,0.1382624940937225
2018-03-14 10:00:00,0.7015709459459459,0.1375579332607223,0.0,0.0,0.0,0.11850653,0.1375579332607223
2018-03-14 11:00:00,0.6760895270270272,0.1312774746161697,0.0,0.0,0.0,0.11577708,0.1312774746161697
2018-03-14 12:00:00,0.678829391891892,0.1178617746627403,0.12241771,0.0,0.12241771,0.0,0.1178617746627403
2018-03-14 13:00:00,0.7014729729729731,0.1016383913418337,0.093039889,0.0,0.093039889,0.0,0.1016383913418337
2018-03-14 14:00:00,0.6604645270270271,0.0709815809265919,0.44288723,0.0,0.44288723,0.0,0.0709815809265919
2018-03-14 15:00:00,0.6627989864864864,0.0519225345562064,0.65643626,0.0,0.65643626,0.0,0.0519225345562064
2018-03-14 16:00:00,0.6900793918918918,0.0428701105681802,0.81719932,0.0,0.81719932,0.0,0.0428701105681802
2018-03-14 17:00:00,0.7310337837837838,0.0382062726685267,0.91696453,0.0,0.91696453,0.0,0.0382062726685267
2018-03-14 18:00:00,0.8171993243243244,0.0383182927721908,0.99622804,0.0,0.99622804,0.0,0.0383182927721908
2018-03-14 19:00:00,0.9169645270270272,0.0426511053519369,0.94141892,0.0,0.94141892,0.0,0.0426511053519369
2018-03-14 20:00:00,0.9962280405405406,0.0461640591820305,0.83802027,0.0,0.83802027,0.0,0.0461640591820305
2018-03-14 21:00:00,0.941418918918919,0.0518445259862792,0.60768074,0.0,0.60768074,0.0,0.0518445259862792
2018-03-14 22:00:00,0.8380202702702704,0.0600870598311632,0.46978041,0.0,0.46978041,0.0,0.0600870598311632
2018-03-14 23:00:00,0.6076807432432433,0.0709369587405019,0.41796115,0.0,0.41796115,0.0,0.0709369587405019
2018-03-15 00:00:00,0.4697804054054054,0.0719271454939307,0.40825338,0.0,0.40825338,0.0,0.0719271454939307
2018-03-15 01:00:00,0.4179611486486487,0.070481359631105,0.40002703,0.0,0.40002703,0.0,0.070481359631105
2018-03-15 02:00:00,0.4082533783783784,0.0733806865947021,0.39884628,0.0,0.39884628,0.0,0.0733806865947021
2018-03-15 03:00:00,0.4000270270270271,0.0973512653926017,0.41403716,0.0,0.41403716,0.0,0.0973512653926017
2018-03-15 04:00:00,0.3988462837837838,0.1140436294099493,0.43792067,0.0,0.43792067,0.0,0.1140436294099493
2018-03-15 05:00:00,0.4140371621621621,0.1422457802957163,0.38479876,0.0,0.38479876,0.0,0.1422457802957163
2018-03-15 06:00:00,0.4488023648648648,0.1725861127981779,0.29030382,0.0,0.29030382,0.0,0.1725861127981779
2018-03-15 07:00:00,0.5253361486486486,0.194890244714571,0.17786861,0.0,0.17786861,0.0,0.194890244714571
2018-03-15 08:00:00,0.6242331081081081,0.2056689272231641,0.068765125,0.0,0.068765125,0.0,0.2056689272231641
2018-03-15 09:00:00,0.6849797297297298,0.1944985122706117,0.0,0.0,0.0,0.045641429,0.1944985122706117
2018-03-15 10:00:00,0.7268395270270269,0.1876055249958731,0.0,0.0,0.0,0.066357066,0.1876055249958731
2018-03-15 11:00:00,0.7025996621621621,0.1734670841745201,0.0,0.0,0.0,0.041645994,0.1734670841745201
2018-03-15 12:00:00,0.7172449324324325,0.1489581499372467,0.059344727,0.0,0.059344727,0.0,0.1489581499372467
2018-03-15 13:00:00,0.6840878378378379,0.1363008412919721,0.16389576,0.0,0.16389576,0.0,0.1363008412919721
2018-03-15 14:00:00,0.6561081081081082,0.109539137150968,0.41446001,0.0,0.41446001,0.0,0.109539137150968
2018-03-15 15:00:00,0.6906097972972972,0.0812055696187005,0.66001023,0.0,0.66001023,0.0,0.0812055696187005
2018-03-15 16:00:00,0.7058260135135134,0.0605940732958315,0.83052534,0.0,0.83052534,0.0,0.0605940732958315
2018-03-15 17:00:00,0.748125,0.0572804578040529,0.90111824,0.0,0.90111824,0.0,0.0572804578040529
2018-03-15 18:00:00,0.8305253378378379,0.0608280821096698,0.92086655,0.0,0.92086655,0.0,0.0608280821096698
2018-03-15 19:00:00,0.9011182432432432,0.0569546195387193,0.90789696,0.0,0.90789696,0.0,0.0569546195387193
2018-03-15 20:00:00,0.920866554054054,0.0614647719386853,0.82914696,0.0,0.82914696,0.0,0.0614647719386853
2018-03-15 21:00:00,0.9078969594594596,0.0674187671680045,0.60753209,0.0,0.60753209,0.0,0.0674187671680045
2018-03-15 22:00:00,0.8291469594594596,0.0732720794715721,0.48677365,0.0,0.48677365,0.0,0.0732720794715721
2018-03-15 23:00:00,0.6075320945945946,0.0763975924272886,0.43311149,0.0,0.43311149,0.0,0.0763975924272886
2018-03-16 00:00:00,0.4867736486486486,0.0726897945797811,0.41237838,0.0,0.41237838,0.0,0.0726897945797811
2018-03-16 01:00:00,0.4331114864864864,0.0667107595625839,0.39656419,0.0,0.39656419,0.0,0.0667107595625839
2018-03-16 02:00:00,0.4123783783783784,0.0636459537309194,0.39859628,0.0,0.39859628,0.0,0.0636459537309194
2018-03-16 03:00:00,0.3965641891891892,0.0770692061709759,0.42216216,0.0,0.42216216,0.0,0.0770692061709759
2018-03-16 04:00:00,0.3985962837837838,0.0830124555803962,0.42648701,0.0,0.42648701,0.0,0.0830124555803962
2018-03-16 05:00:00,0.4221621621621621,0.1017434841087703,0.44733304,0.0,0.44733304,0.0,0.1017434841087703
2018-03-16 06:00:00,0.4482331081081081,0.1222300011395119,0.29708333,0.0,0.29708333,0.0,0.1222300011395119
2018-03-16 07:00:00,0.5306773648648649,0.1376691930469407,0.0,0.0,0.0,0.025471582,0.1376691930469407
2018-03-16 08:00:00,0.6120929054054055,0.1508832568137746,0.0,0.0,0.0,0.15357092,0.1508832568137746
2018-03-16 09:00:00,0.707891891891892,0.1563348511709293,0.0,0.0,0.0,0.23986985,0.1563348511709293
2018-03-16 10:00:00,0.7388125,0.1589441930607428,0.0,0.0,0.0,0.24095355,0.1589441930607428
2018-03-16 11:00:00,0.7399375,0.1444440607825065,0.0,0.0,0.0,0.23594903,0.1444440607825065
2018-03-16 12:00:00,0.7527280405405405,0.1141763301481359,0.0,0.0,0.0,0.13846621,0.1141763301481359
2018-03-16 13:00:00,0.7076199324324325,0.0912106375742818,0.019301747,0.0,0.019301747,0.0,0.0912106375742818
2018-03-16 14:00:00,0.680535472972973,0.0718781303625989,0.25983935,0.0,0.25983935,0.0,0.0718781303625989
2018-03-16 15:00:00,0.6478817567567567,0.0534093606651557,0.61104683,0.0,0.61104683,0.0,0.0534093606651557
2018-03-16 16:00:00,0.6507854729729728,0.0437266673065442,0.82639865,0.0,0.82639865,0.0,0.0437266673065442
2018-03-16 17:00:00,0.7445270270270271,0.0420703917828669,0.90003209,0.0,0.90003209,0.0,0.0420703917828669
2018-03-16 18:00:00,0.8263986486486488,0.0427488483835653,0.98876351,0.0,0.98876351,0.0,0.0427488483835653
2018-03-16 19:00:00,0.9000320945945947,0.0479827385121058,0.9719375,0.0,0.9719375,0.0,0.0479827385121058
2018-03-16 20:00:00,0.9887635135135135,0.0546516348916867,0.88132601,0.0,0.88132601,0.0,0.0546516348916867
2018-03-16 21:00:00,0.9719375,0.0610329454214234,0.61575845,0.0,0.61575845,0.0,0.0610329454214234
2018-03-16 22:00:00,0.8813260135135135,0.069427829986479,0.46732939,0.0,0.46732939,0.0,0.069427829986479
2018-03-16 23:00:00,0.6157584459459459,0.0749632451180346,0.41571284,0.0,0.41571284,0.0,0.0749632451180346
2018-03-17 00:00:00,0.4673293918918919,0.0767968266700455,0.40319257,0.0,0.40319257,0.0,0.0767968266700455
2018-03-17 01:00:00,0.4157128378378378,0.0749030448722797,0.39654223,0.0,0.39654223,0.0,0.0749030448722797
2018-03-17 02:00:00,0.4031925675675676,0.0789518535421481,0.40951689,0.0,0.40951689,0.0,0.0789518535421481
2018-03-17 03:00:00,0.3965422297297297,0.1028674698366962,0.42067736,0.0,0.42067736,0.0,0.1028674698366962
2018-03-17 04:00:00,0.4095168918918919,0.110328735266282,0.41651196,0.0,0.41651196,0.0,0.110328735266282
2018-03-17 05:00:00,0.4206773648648648,0.126104071964419,0.20474999,0.0,0.20474999,0.0,0.126104071964419
2018-03-17 06:00:00,0.4437702702702703,0.1465465750630273,0.15126793,0.0,0.15126793,0.0,0.1465465750630273
2018-03-17 07:00:00,0.4776587837837837,0.1641573180750448,0.0,0.0,0.0,0.086362349,0.1641573180750448
2018-03-17 08:00:00,0.5675050675675676,0.1837892382968379,0.0,0.0,0.0,0.18905009,0.1837892382968379
2018-03-17 09:00:00,0.6743902027027028,0.190615790722767,0.0,0.0,0.0,0.23344335,0.190615790722767
2018-03-17 10:00:00,0.7286689189189188,0.1707270690597084,0.0,0.0,0.0,0.2624879,0.1707270690597084
2018-03-17 11:00:00,0.7668750000000001,0.1390670789106883,0.0,0.0,0.0,0.19576366,0.1390670789106883
2018-03-17 12:00:00,0.7518344594594596,0.1077922317877649,0.0,0.0,0.0,0.10309229,0.1077922317877649
2018-03-17 13:00:00,0.7667685810810813,0.0875661150341984,0.085773976,0.0,0.085773976,0.0,0.0875661150341984
2018-03-17 14:00:00,0.7267820945945946,0.0611176447848727,0.43001355,0.0,0.43001355,0.0,0.0611176447848727
2018-03-17 15:00:00,0.7212837837837838,0.046996674368827,0.6852558,0.0,0.6852558,0.0,0.046996674368827
2018-03-17 16:00:00,0.7363547297297296,0.0368847902600988,0.8745,0.0,0.8745,0.0,0.0368847902600988
2018-03-17 17:00:00,0.7935827702702704,0.0348856115684182,0.89379899,0.0,0.89379899,0.0,0.0348856115684182
2018-03-17 18:00:00,0.8745,0.0395399201560858,0.95865709,0.0,0.95865709,0.0,0.0395399201560858
2018-03-17 19:00:00,0.8937989864864865,0.044922021498705,0.96911824,0.0,0.96911824,0.0,0.044922021498705
2018-03-17 20:00:00,0.9586570945945944,0.049437242681642,0.86189189,0.0,0.86189189,0.0,0.049437242681642
2018-03-17 21:00:00,0.9691182432432434,0.0557322656292652,0.64405912,0.0,0.64405912,0.0,0.0557322656292652
2018-03-17 22:00:00,0.8618918918918919,0.068685557408173,0.48657601,0.0,0.48657601,0.0,0.068685557408173
2018-03-17 23:00:00,0.6440591216216215,0.0801815064990807,0.44052534,0.0,0.44052534,0.0,0.0801815064990807
2018-03-18 00:00:00,0.4865760135135135,0.0891345485489844,0.41071453,0.0,0.41071453,0.0,0.0891345485489844
2018-03-18 01:00:00,0.4405253378378377,0.0915388412716688,0.39833108,0.0,0.39833108,0.0,0.0915388412716688
2018-03-18 02:00:00,0.410714527027027,0.0957683858463475,0.39911993,0.0,0.39911993,0.0,0.0957683858463475
2018-03-18 03:00:00,0.398331081081081,0.120375046219306,0.41301014,0.0,0.41301014,0.0,0.120375046219306
2018-03-18 04:00:00,0.3991199324324324,0.1343030818595235,0.40869804,0.0,0.40869804,0.0,0.1343030818595235
2018-03-18 05:00:00,0.4130101351351352,0.158004322426275,0.21404167,0.0,0.21404167,0.0,0.158004322426275
2018-03-18 06:00:00,0.4385810810810809,0.184331462907213,0.14573525,0.0,0.14573525,0.0,0.184331462907213
2018-03-18 07:00:00,0.4791638513513513,0.2078702658756805,0.10949669,0.0,0.10949669,0.0,0.2078702658756805
2018-03-18 08:00:00,0.5720236486486487,0.2298988080619277,0.037068769,0.0,0.037068769,0.0,0.2298988080619277
2018-03-18 09:00:00,0.692731418918919,0.2248061004350792,0.0,0.0,0.0,0.052902933,0.2248061004350792
2018-03-18 10:00:00,0.7844256756756756,0.1988887710573649,0.0,0.0,0.0,0.05775183,0.1988887710573649
2018-03-18 11:00:00,0.782668918918919,0.1632878866279341,0.34130575,0.0,0.34130575,0.0,0.1632878866279341
2018-03-18 12:00:00,0.778285472972973,0.1167232077358008,0.3222333,0.0,0.3222333,0.0,0.1167232077358008
2018-03-18 13:00:00,0.7728243243243244,0.0864857884235981,0.22511526,0.0,0.22511526,0.0,0.0864857884235981
2018-03-18 14:00:00,0.747991554054054,0.0575882849938954,0.5589281,0.0,0.5589281,0.0,0.0575882849938954
2018-03-18 15:00:00,0.716724662162162,0.0447381598443952,0.73828532,0.0,0.73828532,0.0,0.0447381598443952
2018-03-18 16:00:00,0.7308006756756756,0.0409443109579797,0.87585811,0.0,0.87585811,0.0,0.0409443109579797
2018-03-18 17:00:00,0.8213614864864865,0.0411162440763636,0.94199662,0.0,0.94199662,0.0,0.0411162440763636
2018-03-18 18:00:00,0.8758581081081082,0.0478127653231374,0.95677534,0.0,0.95677534,0.0,0.0478127653231374
2018-03-18 19:00:00,0.9419966216216216,0.0494319880432952,0.93352534,0.0,0.93352534,0.0,0.0494319880432952
2018-03-18 20:00:00,0.956775337837838,0.0526490770113585,0.84025507,0.0,0.84025507,0.0,0.0526490770113585
2018-03-18 21:00:00,0.933525337837838,0.0556057319103604,0.67467568,0.0,0.67467568,0.0,0.0556057319103604
2018-03-18 22:00:00,0.8402550675675676,0.0598654695356045,0.48474155,0.0,0.48474155,0.0,0.0598654695356045
2018-03-18 23:00:00,0.6746756756756757,0.0670029749008751,0.42599831,0.0,0.42599831,0.0,0.0670029749008751
2018-03-19 00:00:00,0.484741554054054,0.0694028577823743,0.40985642,0.0,0.40985642,0.0,0.0694028577823743
2018-03-19 01:00:00,0.4259983108108108,0.0711444409234572,0.40133615,0.0,0.40133615,0.0,0.0711444409234572
2018-03-19 02:00:00,0.4098564189189189,0.0754765438735875,0.4008277,0.0,0.4008277,0.0,0.0754765438735875
2018-03-19 03:00:00,0.4013361486486486,0.0975945500792771,0.42654899,0.0,0.42654899,0.0,0.0975945500792771
2018-03-19 04:00:00,0.4008277027027027,0.1104992660213773,0.46313939,0.0,0.46313939,0.0,0.1104992660213773
2018-03-19 05:00:00,0.4265489864864865,0.1359795649313127,0.41702091,0.0,0.41702091,0.0,0.1359795649313127
2018-03-19 06:00:00,0.4739864864864865,0.1626420391976836,0.18288118,0.0,0.18288118,0.0,0.1626420391976836
2018-03-19 07:00:00,0.5474341216216217,0.1881152756033456,0.05645311,0.0,0.05645311,0.0,0.1881152756033456
2018-03-19 08:00:00,0.6150523648648649,0.1999351199261148,0.0,0.0,0.0,0.016983235,0.1999351199261148
2018-03-19 09:00:00,0.6549375000000001,0.1774729264607356,0.0,0.0,0.0,0.059446572,0.1774729264607356
2018-03-19 10:00:00,0.6811554054054054,0.1488000545963743,0.0,0.0,0.0,0.10629114,0.1488000545963743
2018-03-19 11:00:00,0.701179054054054,0.1169996084712216,0.015628689,0.0,0.015628689,0.0,0.1169996084712216
2018-03-19 12:00:00,0.6869594594594595,0.075044396333404,0.27868152,0.0,0.27868152,0.0,0.075044396333404
2018-03-19 13:00:00,0.6760726351351353,0.0480334432377614,0.55640576,0.0,0.55640576,0.0,0.0480334432377614
2018-03-19 14:00:00,0.6783969594594594,0.0302893912336008,0.57458216,0.0,0.57458216,0.0,0.0302893912336008
2018-03-19 15:00:00,0.6471722972972973,0.0253608445912468,0.71895249,0.0,0.71895249,0.0,0.0253608445912468
2018-03-19 16:00:00,0.6762736486486486,0.0252153029361995,0.85842905,0.0,0.85842905,0.0,0.0252153029361995
2018-03-19 17:00:00,0.7715,0.0297427736779839,0.92921115,0.0,0.92921115,0.0,0.0297427736779839
2018-03-19 18:00:00,0.8584290540540542,0.0321844402271094,0.95382601,0.0,0.95382601,0.0,0.0321844402271094
2018-03-19 19:00:00,0.9292111486486486,0.0359935799421549,0.96087838,0.0,0.96087838,0.0,0.0359935799421549
2018-03-19 20:00:00,0.9538260135135136,0.0320258211119965,0.86083953,0.0,0.86083953,0.0,0.0320258211119965
2018-03-19 21:00:00,0.9608783783783784,0.0316738617184179,0.60409122,0.0,0.60409122,0.0,0.0316738617184179
2018-03-19 22:00:00,0.860839527027027,0.0297513568171485,0.45991892,0.0,0.45991892,0.0,0.0297513568171485
2018-03-19 23:00:00,0.6040912162162161,0.02882338092672,0.41741892,0.0,0.41741892,0.0,0.02882338092672
2018-03-20 00:00:00,0.4599189189189189,0.0243697961447128,0.40841385,0.0,0.40841385,0.0,0.0243697961447128
2018-03-20 01:00:00,0.4174189189189189,0.0193437768058222,0.39687669,0.0,0.39687669,0.0,0.0193437768058222
2018-03-20 02:00:00,0.4084138513513514,0.0193741050239334,0.39876858,0.0,0.39876858,0.0,0.0193741050239334
2018-03-20 03:00:00,0.3968766891891891,0.0260290960422298,0.41450169,0.0,0.41450169,0.0,0.0260290960422298
2018-03-20 04:00:00,0.398768581081081,0.0309230060009471,0.43808716,0.0,0.43808716,0.0,0.0309230060009471
2018-03-20 05:00:00,0.4145016891891891,0.041244095678841,0.50609364,0.0,0.50609364,0.0,0.041244095678841
2018-03-20 06:00:00,0.4502499999999999,0.0561328008596515,0.39919997,0.0,0.39919997,0.0,0.0561328008596515
2018-03-20 07:00:00,0.5209087837837838,0.0718136385472616,0.09506488,0.0,0.09506488,0.0,0.0718136385472616
2018-03-20 08:00:00,0.5951503378378379,0.0809477206289543,0.0,0.0,0.0,0.018139059,0.0809477206289543
2018-03-20 09:00:00,0.6766317567567568,0.0891233634345614,0.10030189,0.0,0.10030189,0.0,0.0891233634345614
2018-03-20 10:00:00,0.7332347972972972,0.0959006641859533,0.0,0.0,0.0,0.043082509,0.0959006641859533
2018-03-20 11:00:00,0.7185574324324325,0.0978064589993609,0.50937434,0.0,0.50937434,0.0,0.0978064589993609
2018-03-20 12:00:00,0.7487719594594595,0.0951875202137886,0.60522083,0.0,0.60522083,0.0,0.0951875202137886
2018-03-20 13:00:00,0.7021131756756758,0.0937551835217799,0.61505612,0.0,0.61505612,0.0,0.0937551835217799
2018-03-20 14:00:00,0.6648429054054055,0.0881093534011677,0.5097443,0.0,0.5097443,0.0,0.0881093534011677
2018-03-20 15:00:00,0.6443682432432432,0.0851340791727183,0.60511252,0.0,0.60511252,0.0,0.0851340791727183
2018-03-20 16:00:00,0.6567820945945945,0.0870360217110677,0.81484291,0.0,0.81484291,0.0,0.0870360217110677
2018-03-20 17:00:00,0.7539442567567568,0.0856797167636275,0.90633446,0.0,0.90633446,0.0,0.0856797167636275
2018-03-20 18:00:00,0.8148429054054055,0.0809951475416217,0.97830912,0.0,0.97830912,0.0,0.0809951475416217
2018-03-20 19:00:00,0.9063344594594596,0.0784699136572441,0.954625,0.0,0.954625,0.0,0.0784699136572441
2018-03-20 20:00:00,0.9783091216216216,0.0751344010230297,0.85412669,0.0,0.85412669,0.0,0.0751344010230297
2018-03-20 21:00:00,0.9546250000000002,0.0713532747818718,0.60920439,0.0,0.60920439,0.0,0.0713532747818718
2018-03-20 22:00:00,0.8541266891891892,0.0757987326151816,0.45857939,0.0,0.45857939,0.0,0.0757987326151816
2018-03-20 23:00:00,0.6092043918918918,0.0731047082578623,0.42603885,0.0,0.42603885,0.0,0.0731047082578623
2018-03-21 00:00:00,0.4585793918918919,0.0664045036954626,0.41922466,0.0,0.41922466,0.0,0.0664045036954626
2018-03-21 01:00:00,0.4260388513513513,0.0605975031723087,0.40484628,0.0,0.40484628,0.0,0.0605975031723087
2018-03-21 02:00:00,0.4192246621621622,0.0527889585254211,0.40590372,0.0,0.40590372,0.0,0.0527889585254211
2018-03-21 03:00:00,0.4048462837837838,0.0624556852176733,0.41471791,0.0,0.41471791,0.0,0.0624556852176733
2018-03-21 04:00:00,0.4059037162162162,0.0628462349456062,0.40029774,0.0,0.40029774,0.0,0.0628462349456062
2018-03-21 05:00:00,0.4147179054054054,0.0680840618289209,0.23614623,0.0,0.23614623,0.0,0.0680840618289209
2018-03-21 06:00:00,0.4467195945945946,0.0798737806848976,0.047308385,0.0,0.047308385,0.0,0.0798737806848976
2018-03-21 07:00:00,0.5394949324324324,0.0904183023161633,0.0,0.0,0.0,0.092372955,0.0904183023161633
2018-03-21 08:00:00,0.6163040540540541,0.0965950367651813,0.0,0.0,0.0,0.20848755,0.0965950367651813
2018-03-21 09:00:00,0.6932922297297297,0.0963277598391087,0.0,0.0,0.0,0.29855144,0.0963277598391087
2018-03-21 10:00:00,0.7351351351351351,0.0975950062697446,0.0,0.0,0.0,0.34369459,0.0975950062697446
2018-03-21 11:00:00,0.7303851351351353,0.0959987620323898,0.0,0.0,0.0,0.29886831,0.0959987620323898
2018-03-21 12:00:00,0.7022854729729731,0.0834244462602973,0.0,0.0,0.0,0.20416694,0.0834244462602973
2018-03-21 13:00:00,0.6945895270270271,0.0632822347608476,0.0,0.0,0.0,0.010483583,0.0632822347608476
2018-03-21 14:00:00,0.6631858108108108,0.0381447376432561,0.23809908,0.0,0.23809908,0.0,0.0381447376432561
2018-03-21 15:00:00,0.6665168918918918,0.0272998906209455,0.6167416,0.0,0.6167416,0.0,0.0272998906209455
2018-03-21 16:00:00,0.6702702702702703,0.0262118763561721,0.86350507,0.0,0.86350507,0.0,0.0262118763561721
2018-03-21 17:00:00,0.7792246621621622,0.0297255060239952,0.89108108,0.0,0.89108108,0.0,0.0297255060239952
2018-03-21 18:00:00,0.8635050675675677,0.034017734548085,0.92832939,0.0,0.92832939,0.0,0.034017734548085
2018-03-21 19:00:00,0.8910810810810811,0.03546482139854,0.96120608,0.0,0.96120608,0.0,0.03546482139854
2018-03-21 20:00:00,0.9283293918918918,0.0354051618229686,0.83434797,0.0,0.83434797,0.0,0.0354051618229686
2018-03-21 21:00:00,0.9612060810810812,0.0353854442572107,0.59346115,0.0,0.59346115,0.0,0.0353854442572107
2018-03-21 22:00:00,0.834347972972973,0.0330124259254588,0.46142736,0.0,0.46142736,0.0,0.0330124259254588
2018-03-21 23:00:00,0.5934611486486486,0.0310362088206377,0.41991385,0.0,0.41991385,0.0,0.0310362088206377
2018-03-22 00:00:00,0.4614273648648648,0.026195859001983,0.4071875,0.0,0.4071875,0.0,0.026195859001983
2018-03-22 01:00:00,0.4199138513513513,0.0206230869399297,0.39800676,0.0,0.39800676,0.0,0.0206230869399297
2018-03-22 02:00:00,0.4071875,0.0163652754522145,0.40166216,0.0,0.40166216,0.0,0.0163652754522145
2018-03-22 03:00:00,0.3980067567567568,0.0203474127300678,0.4134223,0.0,0.4134223,0.0,0.0203474127300678
2018-03-22 04:00:00,0.4016621621621621,0.023456029742547,0.40215441,0.0,0.40215441,0.0,0.023456029742547
2018-03-22 05:00:00,0.4134222972972973,0.0305886521802219,0.23455352,0.0,0.23455352,0.0,0.0305886521802219
2018-03-22 06:00:00,0.447358108108108,0.0437363824739058,0.049221165,0.0,0.049221165,0.0,0.0437363824739058
2018-03-22 07:00:00,0.5353023648648648,0.0561137422356797,0.0,0.0,0.0,0.086109618,0.0561137422356797
2018-03-22 08:00:00,0.6187719594594595,0.0681843899398648,0.0,0.0,0.0,0.22810511,0.0681843899398648
2018-03-22 09:00:00,0.708910472972973,0.0692156000434739,0.0,0.0,0.0,0.30128606,0.0692156000434739
2018-03-22 10:00:00,0.7256148648648648,0.074986747375078,0.0,0.0,0.0,0.35882283,0.074986747375078
2018-03-22 11:00:00,0.7407972972972973,0.0721205195642828,0.0,0.0,0.0,0.27230139,0.0721205195642828
2018-03-22 12:00:00,0.6969358108108109,0.0731204552769595,0.0,0.0,0.0,0.21354461,0.0731204552769595
2018-03-22 13:00:00,0.7288547297297298,0.0729079549988626,0.0,0.0,0.0,0.035069018,0.0729079549988626
2018-03-22 14:00:00,0.6625405405405406,0.0544654584931536,0.25458303,0.0,0.25458303,0.0,0.0544654584931536
2018-03-22 15:00:00,0.6490050675675675,0.0449527552194538,0.57624153,0.0,0.57624153,0.0,0.0449527552194538
2018-03-22 16:00:00,0.6892432432432432,0.0400208969722253,0.8431402,0.0,0.8431402,0.0,0.0400208969722253
2018-03-22 17:00:00,0.7413547297297297,0.0425434612975713,0.89515709,0.0,0.89515709,0.0,0.0425434612975713
2018-03-22 18:00:00,0.8431402027027027,0.0471231573999025,0.92642905,0.0,0.92642905,0.0,0.0471231573999025
2018-03-22 19:00:00,0.8951570945945947,0.0516014102590361,0.91135642,0.0,0.91135642,0.0,0.0516014102590361
2018-03-22 20:00:00,0.926429054054054,0.0607950167487542,0.81853209,0.0,0.81853209,0.0,0.0607950167487542
2018-03-22 21:00:00,0.911356418918919,0.07053331465656,0.62249831,0.0,0.62249831,0.0,0.07053331465656
2018-03-22 22:00:00,0.8185320945945946,0.0799372249517542,0.49217399,0.0,0.49217399,0.0,0.0799372249517542
2018-03-22 23:00:00,0.6224983108108108,0.0895298798288534,0.43624324,0.0,0.43624324,0.0,0.0895298798288534
2018-03-23 00:00:00,0.4921739864864865,0.0889269649903696,0.41904223,0.0,0.41904223,0.0,0.0889269649903696
2018-03-23 01:00:00,0.4362432432432432,0.083532529609187,0.40551182,0.0,0.40551182,0.0,0.083532529609187
2018-03-23 02:00:00,0.4190422297297298,0.078136843928205,0.39916216,0.0,0.39916216,0.0,0.078136843928205
2018-03-23 03:00:00,0.4055118243243243,0.0963884669631607,0.41299493,0.0,0.41299493,0.0,0.0963884669631607
2018-03-23 04:00:00,0.3991621621621621,0.1078679256134686,0.38842608,0.0,0.38842608,0.0,0.1078679256134686
2018-03-23 05:00:00,0.4129949324324324,0.1323753223199073,0.2155397,0.0,0.2155397,0.0,0.1323753223199073
2018-03-23 06:00:00,0.4445439189189189,0.1636226797431832,0.046363158,0.0,0.046363158,0.0,0.1636226797431832
2018-03-23 07:00:00,0.5292770270270271,0.1872955520212393,0.0,0.0,0.0,0.068838729,0.1872955520212393
2018-03-23 08:00:00,0.6232820945945946,0.1953103454472262,0.0,0.0,0.0,0.2227758,0.1953103454472262
2018-03-23 09:00:00,0.7234391891891893,0.1770193041766975,0.0,0.0,0.0,0.3197187,0.1770193041766975
2018-03-23 10:00:00,0.7231114864864865,0.1454323213984062,0.0,0.0,0.0,0.33494539,0.1454323213984062
2018-03-23 11:00:00,0.7066385135135137,0.1090815950080986,0.0,0.0,0.0,0.091998619,0.1090815950080986
2018-03-23 12:00:00,0.6942601351351353,0.0737386271521869,0.016492185,0.0,0.016492185,0.0,0.0737386271521869
2018-03-23 13:00:00,0.7150422297297298,0.053059952559006,0.0,0.0,0.0,0.016038932,0.053059952559006
2018-03-23 14:00:00,0.6700337837837838,0.0362628674854728,0.27644938,0.0,0.27644938,0.0,0.0362628674854728
2018-03-23 15:00:00,0.6374070945945945,0.0276474908611688,0.57434035,0.0,0.57434035,0.0,0.0276474908611688
2018-03-23 16:00:00,0.6897787162162161,0.0281130247851893,0.82350507,0.0,0.82350507,0.0,0.0281130247851893
2018-03-23 17:00:00,0.7323614864864866,0.0294425327666551,0.90039865,0.0,0.90039865,0.0,0.0294425327666551
2018-03-23 18:00:00,0.8235050675675677,0.0371271963577259,0.92454054,0.0,0.92454054,0.0,0.0371271963577259
2018-03-23 19:00:00,0.9003986486486487,0.0393664326109239,0.95004223,0.0,0.95004223,0.0,0.0393664326109239
2018-03-23 20:00:00,0.9245405405405404,0.0388309663778438,0.82754561,0.0,0.82754561,0.0,0.0388309663778438
2018-03-23 21:00:00,0.9500422297297296,0.041240040652464,0.5898277,0.0,0.5898277,0.0,0.041240040652464
2018-03-23 22:00:00,0.8275456081081083,0.0422368675115852,0.45018412,0.0,0.45018412,0.0,0.0422368675115852
2018-03-23 23:00:00,0.5898277027027027,0.0476949668068863,0.41961486,0.0,0.41961486,0.0,0.0476949668068863
2018-03-24 00:00:00,0.4501841216216216,0.0461965500808761,0.41994257,0.0,0.41994257,0.0,0.0461965500808761
2018-03-24 01:00:00,0.4196148648648649,0.0434472590932272,0.40898311,0.0,0.40898311,0.0,0.0434472590932272
2018-03-24 02:00:00,0.4199425675675676,0.04126423564318,0.40523818,0.0,0.40523818,0.0,0.04126423564318
2018-03-24 03:00:00,0.4089831081081081,0.0574348360374131,0.4211098,0.0,0.4211098,0.0,0.0574348360374131
2018-03-24 04:00:00,0.4052381756756756,0.0680244360452363,0.38432464,0.0,0.38432464,0.0,0.0680244360452363
2018-03-24 05:00:00,0.4211097972972973,0.0850731017135746,0.17592292,0.0,0.17592292,0.0,0.0850731017135746
2018-03-24 06:00:00,0.439910472972973,0.1031340202372098,0.0,0.0,0.0,0.011627661,0.1031340202372098
2018-03-24 07:00:00,0.4814577702702702,0.1194855085997425,0.0,0.0,0.0,0.11383957,0.1194855085997425
2018-03-24 08:00:00,0.5540996621621622,0.1347004406525808,0.0,0.0,0.0,0.16136242,0.1347004406525808
2018-03-24 09:00:00,0.666410472972973,0.1319134548155693,0.0,0.0,0.0,0.21873485,0.1319134548155693
2018-03-24 10:00:00,0.7756081081081081,0.135828143488019,0.0,0.0,0.0,0.25193916,0.135828143488019
2018-03-24 11:00:00,0.803945945945946,0.1217913148692959,0.0,0.0,0.0,0.20951958,0.1217913148692959
2018-03-24 12:00:00,0.783293918918919,0.0951455168989003,0.0,0.0,0.0,0.14846951,0.0951455168989003
2018-03-24 13:00:00,0.7735675675675676,0.0764590260768998,0.0052163057,0.0,0.0052163057,0.0,0.0764590260768998
2018-03-24 14:00:00,0.713570945945946,0.0553489135731516,0.28684508,0.0,0.28684508,0.0,0.0553489135731516
2018-03-24 15:00:00,0.6810574324324323,0.0416611044538837,0.63480882,0.0,0.63480882,0.0,0.0416611044538837
2018-03-24 16:00:00,0.7239932432432432,0.0383700788382135,0.87419088,0.0,0.87419088,0.0,0.0383700788382135
2018-03-24 17:00:00,0.8051790540540541,0.0404082026790564,0.89123649,0.0,0.89123649,0.0,0.0404082026790564
2018-03-24 18:00:00,0.8741908783783785,0.041467122129575,0.99095946,0.0,0.99095946,0.0,0.041467122129575
2018-03-24 19:00:00,0.8912364864864865,0.045028989715341,0.96625845,0.0,0.96625845,0.0,0.045028989715341
2018-03-24 20:00:00,0.9909594594594592,0.0473199106589022,0.87620946,0.0,0.87620946,0.0,0.0473199106589022
2018-03-24 21:00:00,0.966258445945946,0.0508569749999956,0.68514865,0.0,0.68514865,0.0,0.0508569749999956
2018-03-24 22:00:00,0.8762094594594595,0.0582661333406372,0.49753041,0.0,0.49753041,0.0,0.0582661333406372
2018-03-24 23:00:00,0.6851486486486486,0.0690054314055439,0.43099831,0.0,0.43099831,0.0,0.0690054314055439
2018-03-25 00:00:00,0.4975304054054054,0.0690931382468892,0.40958108,0.0,0.40958108,0.0,0.0690931382468892
2018-03-25 01:00:00,0.4309983108108107,0.0679026838782674,0.40677365,0.0,0.40677365,0.0,0.0679026838782674
2018-03-25 02:00:00,0.4095810810810811,0.069700462926558,0.40993581,0.0,0.40993581,0.0,0.069700462926558
2018-03-25 03:00:00,0.4067736486486486,0.0951104240247962,0.41596622,0.0,0.41596622,0.0,0.0951104240247962
2018-03-25 04:00:00,0.4099358108108108,0.1093618311226344,0.42673194,0.0,0.42673194,0.0,0.1093618311226344
2018-03-25 05:00:00,0.4159662162162162,0.1328785341973472,0.31944343,0.0,0.31944343,0.0,0.1328785341973472
2018-03-25 06:00:00,0.4471858108108108,0.155319776693112,0.16084195,0.0,0.16084195,0.0,0.155319776693112
2018-03-25 07:00:00,0.4874932432432433,0.1722255195776049,0.066325159,0.0,0.066325159,0.0,0.1722255195776049
2018-03-25 08:00:00,0.5874391891891892,0.1899501074551561,0.0,0.0,0.0,0.038798189,0.1899501074551561
2018-03-25 09:00:00,0.6787195945945946,0.1765495293709244,0.047808435,0.0,0.047808435,0.0,0.1765495293709244
2018-03-25 10:00:00,0.7452027027027026,0.1443326996206286,0.0,0.0,0.0,0.20888855,0.1443326996206286
2018-03-25 11:00:00,0.7960827702702703,0.1094359874175035,0.0,0.0,0.0,0.084327362,0.1094359874175035
2018-03-25 12:00:00,0.7504459459459459,0.0756875742046226,0.053041679,0.0,0.053041679,0.0,0.0756875742046226
2018-03-25 13:00:00,0.7708682432432433,0.0580925613157593,0.17323073,0.0,0.17323073,0.0,0.0580925613157593
2018-03-25 14:00:00,0.6965152027027028,0.043921072029434,0.3718748,0.0,0.3718748,0.0,0.043921072029434
2018-03-25 15:00:00,0.7071418918918918,0.0338085289789193,0.76737042,0.0,0.76737042,0.0,0.0338085289789193
2018-03-25 16:00:00,0.7171334459459459,0.0316440910664336,0.86770439,0.0,0.86770439,0.0,0.0316440910664336
2018-03-25 17:00:00,0.7945422297297299,0.0352735931129788,0.90509797,0.0,0.90509797,0.0,0.0352735931129788
2018-03-25 18:00:00,0.867704391891892,0.0402340392961652,0.95897804,0.0,0.95897804,0.0,0.0402340392961652
2018-03-25 19:00:00,0.905097972972973,0.0424770771365915,0.98018919,0.0,0.98018919,0.0,0.0424770771365915
2018-03-25 20:00:00,0.9589780405405404,0.0439436112177126,0.88823986,0.0,0.88823986,0.0,0.0439436112177126
2018-03-25 21:00:00,0.9801891891891894,0.0501120159667148,0.65206588,0.0,0.65206588,0.0,0.0501120159667148
2018-03-25 22:00:00,0.888239864864865,0.0565385400405548,0.49408108,0.0,0.49408108,0.0,0.0565385400405548
2018-03-25 23:00:00,0.6520658783783783,0.0665580540276042,0.42375507,0.0,0.42375507,0.0,0.0665580540276042
2018-03-26 00:00:00,0.494081081081081,0.0717102691665351,0.41018581,0.0,0.41018581,0.0,0.0717102691665351
2018-03-26 01:00:00,0.4237550675675675,0.0745530285121736,0.39836824,0.0,0.39836824,0.0,0.0745530285121736
2018-03-26 02:00:00,0.4101858108108108,0.0769363533693002,0.39908784,0.0,0.39908784,0.0,0.0769363533693002
2018-03-26 03:00:00,0.3983682432432432,0.1002923253359952,0.41293919,0.0,0.41293919,0.0,0.1002923253359952
2018-03-26 04:00:00,0.3990878378378378,0.1150156530243978,0.37917518,0.0,0.37917518,0.0,0.1150156530243978
2018-03-26 05:00:00,0.4129391891891892,0.1374441728749047,0.45223662,0.0,0.45223662,0.0,0.1374441728749047
2018-03-26 06:00:00,0.445554054054054,0.1616513455659576,0.17332521,0.0,0.17332521,0.0,0.1616513455659576
2018-03-26 07:00:00,0.5342449324324324,0.1860208375836924,0.02354622,0.0,0.02354622,0.0,0.1860208375836924
2018-03-26 08:00:00,0.6033783783783785,0.1982608164310029,0.0,0.0,0.0,0.23212217,0.1982608164310029
2018-03-26 09:00:00,0.6607939189189189,0.1697911182840717,0.0,0.0,0.0,0.18192994,0.1697911182840717
2018-03-26 10:00:00,0.7025067567567567,0.1287310025311427,0.0,0.0,0.0,0.31563893,0.1287310025311427
2018-03-26 11:00:00,0.7258074324324325,0.0930181824777639,0.0,0.0,0.0,0.084850309,0.0930181824777639
2018-03-26 12:00:00,0.7183597972972974,0.0622148335468238,0.0,0.0,0.0,0.072685878,0.0622148335468238
2018-03-26 13:00:00,0.7216199324324325,0.0452578621624351,0.0067101162,0.0,0.0067101162,0.0,0.0452578621624351
2018-03-26 14:00:00,0.6486317567567568,0.0309891198268351,0.2697404,0.0,0.2697404,0.0,0.0309891198268351
2018-03-26 15:00:00,0.6778445945945946,0.0259399699416524,0.57774196,0.0,0.57774196,0.0,0.0259399699416524
2018-03-26 16:00:00,0.703956081081081,0.0257926880044517,0.83319257,0.0,0.83319257,0.0,0.0257926880044517
2018-03-26 17:00:00,0.7509189189189189,0.029013257536822,0.89587331,0.0,0.89587331,0.0,0.029013257536822
2018-03-26 18:00:00,0.8331925675675677,0.0338407833345597,0.9281875,0.0,0.9281875,0.0,0.0338407833345597
2018-03-26 19:00:00,0.8958733108108109,0.0353051040471166,0.95872635,0.0,0.95872635,0.0,0.0353051040471166
2018-03-26 20:00:00,0.9281875,0.0329717404941432,0.83339527,0.0,0.83339527,0.0,0.0329717404941432
2018-03-26 21:00:00,0.9587263513513516,0.0368035038771837,0.59789527,0.0,0.59789527,0.0,0.0368035038771837
2018-03-26 22:00:00,0.8333952702702703,0.036238824558246,0.4688125,0.0,0.4688125,0.0,0.036238824558246
2018-03-26 23:00:00,0.5978952702702701,0.0393558219585708,0.42371959,0.0,0.42371959,0.0,0.0393558219585708
2018-03-27 00:00:00,0.4688125,0.0412344143033659,0.41445439,0.0,0.41445439,0.0,0.0412344143033659
2018-03-27 01:00:00,0.4237195945945946,0.0424549265550072,0.40395946,0.0,0.40395946,0.0,0.0424549265550072
2018-03-27 02:00:00,0.4144543918918919,0.0470900751430436,0.40446115,0.0,0.40446115,0.0,0.0470900751430436
2018-03-27 03:00:00,0.4039594594594594,0.0668103780439117,0.41478378,0.0,0.41478378,0.0,0.0668103780439117
2018-03-27 04:00:00,0.4044611486486487,0.0773282040848621,0.38785434,0.0,0.38785434,0.0,0.0773282040848621
2018-03-27 05:00:00,0.4147837837837838,0.0956435248258231,0.40457226,0.0,0.40457226,0.0,0.0956435248258231
2018-03-27 06:00:00,0.4553648648648647,0.1193992041216858,0.042991411,0.0,0.042991411,0.0,0.1193992041216858
2018-03-27 07:00:00,0.5376199324324324,0.1418398552594373,0.0,0.0,0.0,0.097510373,0.1418398552594373
2018-03-27 08:00:00,0.6092381756756756,0.147333520515253,0.0,0.0,0.0,0.20372833,0.147333520515253
2018-03-27 09:00:00,0.6804155405405405,0.1222865180696413,0.0,0.0,0.0,0.10474953,0.1222865180696413
2018-03-27 10:00:00,0.7354493243243243,0.0838459324602978,0.20982934,0.0,0.20982934,0.0,0.0838459324602978
2018-03-27 11:00:00,0.7223141891891892,0.0550335845845117,0.0,0.0,0.0,0.028027522,0.0550335845845117
2018-03-27 12:00:00,0.681339527027027,0.0380066302032334,0.023283888,0.0,0.023283888,0.0,0.0380066302032334
2018-03-27 13:00:00,0.6867381756756756,0.0306996247354052,0.10279552,0.0,0.10279552,0.0,0.0306996247354052
2018-03-27 14:00:00,0.6370337837837838,0.0233694380334553,0.50674945,0.0,0.50674945,0.0,0.0233694380334553
2018-03-27 15:00:00,0.6428479729729729,0.0216504447684806,0.67487425,0.0,0.67487425,0.0,0.0216504447684806
2018-03-27 16:00:00,0.6884527027027026,0.022927338782705,0.82061318,0.0,0.82061318,0.0,0.022927338782705
2018-03-27 17:00:00,0.7470557432432433,0.0272821498805462,0.90211318,0.0,0.90211318,0.0,0.0272821498805462
2018-03-27 18:00:00,0.8206131756756757,0.0330751605626994,0.9514527,0.0,0.9514527,0.0,0.0330751605626994
2018-03-27 19:00:00,0.9021131756756756,0.0334159686337412,0.94690541,0.0,0.94690541,0.0,0.0334159686337412
2018-03-27 20:00:00,0.9514527027027028,0.0332183367856932,0.87204561,0.0,0.87204561,0.0,0.0332183367856932
2018-03-27 21:00:00,0.9469054054054056,0.0321249665069136,0.65198818,0.0,0.65198818,0.0,0.0321249665069136
2018-03-27 22:00:00,0.8720456081081082,0.0290990213446952,0.47313176,0.0,0.47313176,0.0,0.0290990213446952
2018-03-27 23:00:00,0.6519881756756757,0.026630608517425,0.41291892,0.0,0.41291892,0.0,0.026630608517425
2018-03-28 00:00:00,0.4731317567567568,0.0226128376952838,0.40539189,0.0,0.40539189,0.0,0.0226128376952838
2018-03-28 01:00:00,0.4129189189189189,0.0184057140372809,0.40910135,0.0,0.40910135,0.0,0.0184057140372809
2018-03-28 02:00:00,0.4053918918918919,0.0189859714158835,0.40261993,0.0,0.40261993,0.0,0.0189859714158835
2018-03-28 03:00:00,0.4091013513513513,0.0296397591120654,0.4167652,0.0,0.4167652,0.0,0.0296397591120654
2018-03-28 04:00:00,0.4026199324324324,0.0357887504222877,0.45756045,0.0,0.45756045,0.0,0.0357887504222877
2018-03-28 05:00:00,0.4167652027027027,0.050375710952821,0.50341533,0.0,0.50341533,0.0,0.050375710952821
2018-03-28 06:00:00,0.4615912162162162,0.0703756079223819,0.43107034,0.0,0.43107034,0.0,0.0703756079223819
2018-03-28 07:00:00,0.542152027027027,0.0927979945454938,0.2949252,0.0,0.2949252,0.0,0.0927979945454938
2018-03-28 08:00:00,0.6199341216216216,0.0950254543262552,0.0,0.0,0.0,0.21090936,0.0950254543262552
2018-03-28 09:00:00,0.6819527027027027,0.0787895511114095,0.014534506,0.0,0.014534506,0.0,0.0787895511114095
2018-03-28 10:00:00,0.7160692567567567,0.0577909687289715,0.0,0.0,0.0,0.11496923,0.0577909687289715
2018-03-28 11:00:00,0.7437314189189189,0.0393699469671173,0.1020862,0.0,0.1020862,0.0,0.0393699469671173
2018-03-28 12:00:00,0.7005202702702703,0.03124602264376,0.0,0.0,0.0,0.17948606,0.03124602264376
2018-03-28 13:00:00,0.6994527027027028,0.0277808505411418,0.0,0.0,0.0,0.012645957,0.0277808505411418
2018-03-28 14:00:00,0.6585202702702704,0.0231339761684986,0.27715454,0.0,0.27715454,0.0,0.0231339761684986
2018-03-28 15:00:00,0.6445304054054054,0.0202585907564688,0.58226683,0.0,0.58226683,0.0,0.0202585907564688
2018-03-28 16:00:00,0.703304054054054,0.0238273349911324,0.84373311,0.0,0.84373311,0.0,0.0238273349911324
2018-03-28 17:00:00,0.7563260135135136,0.0282118153652985,0.87308446,0.0,0.87308446,0.0,0.0282118153652985
2018-03-28 18:00:00,0.8437331081081082,0.0318410132848657,0.92947635,0.0,0.92947635,0.0,0.0318410132848657
2018-03-28 19:00:00,0.8730844594594594,0.0346822350996693,0.9274527,0.0,0.9274527,0.0,0.0346822350996693
2018-03-28 20:00:00,0.9294763513513512,0.0323690959907511,0.85312331,0.0,0.85312331,0.0,0.0323690959907511
2018-03-28 21:00:00,0.9274527027027027,0.0284739728205702,0.60843581,0.0,0.60843581,0.0,0.0284739728205702
2018-03-28 22:00:00,0.8531233108108109,0.0293667375652921,0.49719426,0.0,0.49719426,0.0,0.0293667375652921
2018-03-28 23:00:00,0.6084358108108107,0.0256264657148822,0.42686993,0.0,0.42686993,0.0,0.0256264657148822
2018-03-29 00:00:00,0.4971942567567568,0.0171584892993813,0.40713007,0.0,0.40713007,0.0,0.0171584892993813
2018-03-29 01:00:00,0.4268699324324324,0.0133172810840711,0.39831081,0.0,0.39831081,0.0,0.0133172810840711
2018-03-29 02:00:00,0.4071300675675676,0.0111601760109504,0.40028041,0.0,0.40028041,0.0,0.0111601760109504
2018-03-29 03:00:00,0.3983108108108107,0.0136541692962821,0.41565709,0.0,0.41565709,0.0,0.0136541692962821
2018-03-29 04:00:00,0.4002804054054054,0.0181665857526418,0.37631651,0.0,0.37631651,0.0,0.0181665857526418
2018-03-29 05:00:00,0.4156570945945946,0.0264657547992576,0.20641077,0.0,0.20641077,0.0,0.0264657547992576
2018-03-29 06:00:00,0.4529780405405404,0.0409145740978818,0.030902341,0.0,0.030902341,0.0,0.0409145740978818
2018-03-29 07:00:00,0.534152027027027,0.056539908611957,0.0,0.0,0.0,0.11340998,0.056539908611957
2018-03-29 08:00:00,0.6081942567567569,0.0644971882471637,0.0,0.0,0.0,0.19818075,0.0644971882471637
2018-03-29 09:00:00,0.6658277027027028,0.0552307095542626,0.0,0.0,0.0,0.26675044,0.0552307095542626
2018-03-29 10:00:00,0.7243445945945945,0.0411878997716336,0.0,0.0,0.0,0.14944955,0.0411878997716336
2018-03-29 11:00:00,0.731143581081081,0.0332402001362424,0.0,0.0,0.0,0.0020625509,0.0332402001362424
2018-03-29 12:00:00,0.6973445945945946,0.0285930554285074,0.0,0.0,0.0,0.16481726,0.0285930554285074
2018-03-29 13:00:00,0.7237246621621622,0.0254866010967628,0.12137564,0.0,0.12137564,0.0,0.0254866010967628
2018-03-29 14:00:00,0.6605371621621623,0.0236339102329505,0.40588943,0.0,0.40588943,0.0,0.0236339102329505
2018-03-29 15:00:00,0.6635033783783783,0.0222053244403406,0.6570529,0.0,0.6570529,0.0,0.0222053244403406
2018-03-29 16:00:00,0.6993766891891892,0.0223989857417279,0.85698311,0.0,0.85698311,0.0,0.0223989857417279
2018-03-29 17:00:00,0.7587398648648649,0.0284991139841075,0.92092905,0.0,0.92092905,0.0,0.0284991139841075
2018-03-29 18:00:00,0.8569831081081082,0.0335084401310797,0.95790372,0.0,0.95790372,0.0,0.0335084401310797
2018-03-29 19:00:00,0.920929054054054,0.0345819238846689,0.95653716,0.0,0.95653716,0.0,0.0345819238846689
2018-03-29 20:00:00,0.9579037162162162,0.0321092194878164,0.86438851,0.0,0.86438851,0.0,0.0321092194878164
2018-03-29 21:00:00,0.9565371621621624,0.0292981400357482,0.58784459,0.0,0.58784459,0.0,0.0292981400357482
2018-03-29 22:00:00,0.8643885135135136,0.0289988959850703,0.47814527,0.0,0.47814527,0.0,0.0289988959850703
2018-03-29 23:00:00,0.5878445945945945,0.0246032642883676,0.43254054,0.0,0.43254054,0.0,0.0246032642883676
2018-03-30 00:00:00,0.4781452702702702,0.0186014535396865,0.41414527,0.0,0.41414527,0.0,0.0186014535396865
2018-03-30 01:00:00,0.4325405405405406,0.0116407135325657,0.40169595,0.0,0.40169595,0.0,0.0116407135325657
2018-03-30 02:00:00,0.4141452702702702,0.0099371969515965,0.39878547,0.0,0.39878547,0.0,0.0099371969515965
2018-03-30 03:00:00,0.4016959459459459,0.0111441248648747,0.41672128,0.0,0.41672128,0.0,0.0111441248648747
2018-03-30 04:00:00,0.398785472972973,0.0136226921540308,0.41381888,0.0,0.41381888,0.0,0.0136226921540308
2018-03-30 05:00:00,0.4167212837837838,0.0204106373496623,0.46636318,0.0,0.46636318,0.0,0.0204106373496623
2018-03-30 06:00:00,0.4648597972972972,0.0323072230466155,0.44732363,0.0,0.44732363,0.0,0.0323072230466155
2018-03-30 07:00:00,0.564758445945946,0.0485040797366396,0.29260975,0.0,0.29260975,0.0,0.0485040797366396
2018-03-30 08:00:00,0.6310168918918919,0.0509426374322093,0.28131,0.0,0.28131,0.0,0.0509426374322093
2018-03-30 09:00:00,0.7204341216216217,0.044120494847465,0.0,0.0,0.0,0.21146409,0.044120494847465
2018-03-30 10:00:00,0.7496993243243242,0.036799972625047,0.0,0.0,0.0,0.079509622,0.036799972625047
2018-03-30 11:00:00,0.7187804054054053,0.0319538950816347,0.0,0.0,0.0,0.058089412,0.0319538950816347
2018-03-30 12:00:00,0.7263361486486487,0.02858085655749,0.25571831,0.0,0.25571831,0.0,0.02858085655749
2018-03-30 13:00:00,0.7460101351351353,0.0270365166577606,0.014303727,0.0,0.014303727,0.0,0.0270365166577606
2018-03-30 14:00:00,0.6959341216216217,0.022326688000615,0.42636027,0.0,0.42636027,0.0,0.022326688000615
2018-03-30 15:00:00,0.6504510135135134,0.0217013860373415,0.72216956,0.0,0.72216956,0.0,0.0217013860373415
2018-03-30 16:00:00,0.6630354729729729,0.0231267784966796,0.81816892,0.0,0.81816892,0.0,0.0231267784966796
2018-03-30 17:00:00,0.7354662162162163,0.0264584557517789,0.87580574,0.0,0.87580574,0.0,0.0264584557517789
2018-03-30 18:00:00,0.818168918918919,0.0310763366858267,0.95058784,0.0,0.95058784,0.0,0.0310763366858267
2018-03-30 19:00:00,0.8758057432432432,0.0336164727921397,0.96206081,0.0,0.96206081,0.0,0.0336164727921397
2018-03-30 20:00:00,0.9505878378378378,0.0327770654361617,0.87103378,0.0,0.87103378,0.0,0.0327770654361617
2018-03-30 21:00:00,0.962060810810811,0.0308887579240049,0.64934797,0.0,0.64934797,0.0,0.0308887579240049
2018-03-30 22:00:00,0.8710337837837838,0.0282729617838747,0.46923649,0.0,0.46923649,0.0,0.0282729617838747
2018-03-30 23:00:00,0.6493479729729729,0.0248088879175669,0.42729899,0.0,0.42729899,0.0,0.0248088879175669
2018-03-31 00:00:00,0.4692364864864865,0.0170798386836112,0.41454561,0.0,0.41454561,0.0,0.0170798386836112
2018-03-31 01:00:00,0.4272989864864865,0.0117968827359092,0.39926182,0.0,0.39926182,0.0,0.0117968827359092
2018-03-31 02:00:00,0.4145456081081081,0.009228412132787,0.39856081,0.0,0.39856081,0.0,0.009228412132787
2018-03-31 03:00:00,0.3992618243243243,0.0096366181214029,0.41319426,0.0,0.41319426,0.0,0.0096366181214029
2018-03-31 04:00:00,0.3985608108108108,0.0123381104856332,0.35486995,0.0,0.35486995,0.0,0.0123381104856332
2018-03-31 05:00:00,0.4131942567567567,0.0173251846753617,0.12843987,0.0,0.12843987,0.0,0.0173251846753617
2018-03-31 06:00:00,0.4482871621621621,0.023437038702348,0.0,0.0,0.0,0.061168128,0.023437038702348
2018-03-31 07:00:00,0.477866554054054,0.0360583589885271,0.0,0.0,0.0,0.15095585,0.0360583589885271
2018-03-31 08:00:00,0.5397128378378379,0.0456885566514999,0.0,0.0,0.0,0.031522607,0.0456885566514999
2018-03-31 09:00:00,0.6594966216216216,0.0533645695196334,0.096127349,0.0,0.096127349,0.0,0.0533645695196334
2018-03-31 10:00:00,0.7520793918918918,0.0460421549515726,0.13705812,0.0,0.13705812,0.0,0.0460421549515726
2018-03-31 11:00:00,0.7847702702702702,0.036771722607954,0.11413873,0.0,0.11413873,0.0,0.036771722607954
2018-03-31 12:00:00,0.7752837837837839,0.032603797538262,0.23853768,0.0,0.23853768,0.0,0.032603797538262
2018-03-31 13:00:00,0.7533902027027027,0.0315660656005631,0.31246342,0.0,0.31246342,0.0,0.0315660656005631
2018-03-31 14:00:00,0.7219391891891893,0.0256551043386695,0.34296349,0.0,0.34296349,0.0,0.0256551043386695
2018-03-31 15:00:00,0.7219239864864864,0.0234458752806612,0.64891401,0.0,0.64891401,0.0,0.0234458752806612
2018-03-31 16:00:00,0.7482972972972972,0.0237014602140137,0.8318539,0.0,0.8318539,0.0,0.0237014602140137
2018-03-31 17:00:00,0.7994358108108109,0.0277482582666368,0.91105912,0.0,0.91105912,0.0,0.0277482582666368
2018-03-31 18:00:00,0.8372415540540542,0.030378720085497,0.96627534,0.0,0.96627534,0.0,0.030378720085497
2018-03-31 19:00:00,0.9110591216216216,0.0330635192578088,0.964,0.0,0.964,0.0,0.0330635192578088
2018-03-31 20:00:00,0.966275337837838,0.0332075233820212,0.85574324,0.0,0.85574324,0.0,0.0332075233820212
2018-03-31 21:00:00,0.964,0.0319336537416363,0.63425338,0.0,0.63425338,0.0,0.0319336537416363
2018-03-31 22:00:00,0.8557432432432434,0.033719115647307,0.48582264,0.0,0.48582264,0.0,0.033719115647307
2018-03-31 23:00:00,0.6342533783783784,0.0334222201327391,0.42175169,0.0,0.42175169,0.0,0.0334222201327391
2018-04-01 00:00:00,0.4858226351351351,0.0299863286997512,0.40734122,0.0,0.40734122,0.0,0.0299863286997512
2018-04-01 01:00:00,0.4217516891891891,0.0253124884017013,0.39659291,0.0,0.39659291,0.0,0.0253124884017013
2018-04-01 02:00:00,0.4073412162162162,0.0261495810134557,0.39855574,0.0,0.39855574,0.0,0.0261495810134557
2018-04-01 03:00:00,0.3965929054054054,0.0367377448661035,0.41367568,0.0,0.41367568,0.0,0.0367377448661035
2018-04-01 04:00:00,0.3985557432432432,0.0434990958470795,0.3419213,0.0,0.3419213,0.0,0.0434990958470795
2018-04-01 05:00:00,0.4136756756756756,0.0548936016947897,0.1139367,0.0,0.1139367,0.0,0.0548936016947897
2018-04-01 06:00:00,0.4478682432432432,0.0697792993977039,0.0,0.0,0.0,0.08536663,0.0697792993977039
2018-04-01 07:00:00,0.4776655405405404,0.0855325530980295,0.0,0.0,0.0,0.16480939,0.0855325530980295
2018-04-01 08:00:00,0.5331807432432432,0.0969045366534043,0.0,0.0,0.0,0.20842306,0.0969045366534043
2018-04-01 09:00:00,0.6619121621621622,0.0855942570827326,0.0,0.0,0.0,0.28307647,0.0855942570827326
2018-04-01 10:00:00,0.7666570945945945,0.0657181566892723,0.0,0.0,0.0,0.33607479,0.0657181566892723
2018-04-01 11:00:00,0.7726976351351352,0.0468940990974326,0.0,0.0,0.0,0.24666265,0.0468940990974326
2018-04-01 12:00:00,0.7320135135135134,0.0343597929189266,0.0,0.0,0.0,0.16790704,0.0343597929189266
2018-04-01 13:00:00,0.7646925675675676,0.0309032884351891,0.018621822,0.0,0.018621822,0.0,0.0309032884351891
2018-04-01 14:00:00,0.7200439189189188,0.0271033232173214,0.27917424,0.0,0.27917424,0.0,0.0271033232173214
2018-04-01 15:00:00,0.7193749999999999,0.0244143000592002,0.60705213,0.0,0.60705213,0.0,0.0244143000592002
2018-04-01 16:00:00,0.7444966216216216,0.0253722155610455,0.80345966,0.0,0.80345966,0.0,0.0253722155610455
2018-04-01 17:00:00,0.8049611486486487,0.0278786780524864,0.83207095,0.0,0.83207095,0.0,0.0278786780524864
2018-04-01 18:00:00,0.8115472972972972,0.0340914177565433,0.8742027,0.0,0.8742027,0.0,0.0340914177565433
2018-04-01 19:00:00,0.832070945945946,0.0364625268467093,0.90023311,0.0,0.90023311,0.0,0.0364625268467093
2018-04-01 20:00:00,0.8742027027027027,0.0327283037439784,0.8966098,0.0,0.8966098,0.0,0.0327283037439784
2018-04-01 21:00:00,0.9002331081081081,0.032198582131599,0.66046959,0.0,0.66046959,0.0,0.032198582131599
2018-04-01 22:00:00,0.8966097972972974,0.0295922139277953,0.48946622,0.0,0.48946622,0.0,0.0295922139277953
2018-04-01 23:00:00,0.6604695945945945,0.0281604516978567,0.42539189,0.0,0.42539189,0.0,0.0281604516978567
2018-04-02 00:00:00,0.4894662162162162,0.0232089603645862,0.40751182,0.0,0.40751182,0.0,0.0232089603645862
2018-04-02 01:00:00,0.4253918918918918,0.0199200467418208,0.39832601,0.0,0.39832601,0.0,0.0199200467418208
2018-04-02 02:00:00,0.4075118243243243,0.0184733316021171,0.40041892,0.0,0.40041892,0.0,0.0184733316021171
2018-04-02 03:00:00,0.3983260135135135,0.0255544889966907,0.41625169,0.0,0.41625169,0.0,0.0255544889966907
2018-04-02 04:00:00,0.4004189189189189,0.02890323115446,0.40426186,0.0,0.40426186,0.0,0.02890323115446
2018-04-02 05:00:00,0.4162516891891891,0.0394773375823344,0.30611326,0.0,0.30611326,0.0,0.0394773375823344
2018-04-02 06:00:00,0.4513479729729729,0.0554926135703858,0.19931581,0.0,0.19931581,0.0,0.0554926135703858
2018-04-02 07:00:00,0.5253479729729729,0.0710615325299913,0.041263801,0.0,0.041263801,0.0,0.0710615325299913
2018-04-02 08:00:00,0.6079239864864865,0.0729041196197477,0.0,0.0,0.0,0.24396717,0.0729041196197477
2018-04-02 09:00:00,0.7083158783783784,0.0655382824775667,0.0,0.0,0.0,0.35071353,0.0655382824775667
2018-04-02 10:00:00,0.7322533783783782,0.0569742019369315,0.0,0.0,0.0,0.37794552,0.0569742019369315
2018-04-02 11:00:00,0.7051925675675675,0.0468446446715768,0.0,0.0,0.0,0.32045692,0.0468446446715768
2018-04-02 12:00:00,0.6881908783783782,0.035125145355695,0.0,0.0,0.0,0.22133968,0.035125145355695
2018-04-02 13:00:00,0.6869679054054053,0.0288334509088895,0.0,0.0,0.0,0.072092377,0.0288334509088895
2018-04-02 14:00:00,0.6597466216216216,0.0228290888727795,0.21513795,0.0,0.21513795,0.0,0.0228290888727795
2018-04-02 15:00:00,0.6214442567567566,0.0209950849221878,0.50521256,0.0,0.50521256,0.0,0.0209950849221878
2018-04-02 16:00:00,0.6715320945945945,0.0252357639234602,0.75977657,0.0,0.75977657,0.0,0.0252357639234602
2018-04-02 17:00:00,0.7038327702702702,0.0279090569584272,0.83610811,0.0,0.83610811,0.0,0.0279090569584272
2018-04-02 18:00:00,0.767856418918919,0.0325768147169118,0.86368412,0.0,0.86368412,0.0,0.0325768147169118
2018-04-02 19:00:00,0.836108108108108,0.0337606120838981,0.87162669,0.0,0.87162669,0.0,0.0337606120838981
2018-04-02 20:00:00,0.8636841216216216,0.0336327773773638,0.83716216,0.0,0.83716216,0.0,0.0336327773773638
2018-04-02 21:00:00,0.8716266891891893,0.0322005589569578,0.64538176,0.0,0.64538176,0.0,0.0322005589569578
2018-04-02 22:00:00,0.8371621621621622,0.0346344195803074,0.49271284,0.0,0.49271284,0.0,0.0346344195803074
2018-04-02 23:00:00,0.6453817567567567,0.0337427361759528,0.44221284,0.0,0.44221284,0.0,0.0337427361759528
2018-04-03 00:00:00,0.4927128378378378,0.0313111058171106,0.41472466,0.0,0.41472466,0.0,0.0313111058171106
2018-04-03 01:00:00,0.4422128378378379,0.0277702567847319,0.40072804,0.0,0.40072804,0.0,0.0277702567847319
2018-04-03 02:00:00,0.4147246621621621,0.0274414110415021,0.40070608,0.0,0.40070608,0.0,0.0274414110415021
2018-04-03 03:00:00,0.4007280405405405,0.0399340349280417,0.42041216,0.0,0.42041216,0.0,0.0399340349280417
2018-04-03 04:00:00,0.4007060810810811,0.0485022887666565,0.34291999,0.0,0.34291999,0.0,0.0485022887666565
2018-04-03 05:00:00,0.4204121621621621,0.0644569927982018,0.1404374,0.0,0.1404374,0.0,0.0644569927982018
2018-04-03 06:00:00,0.4625810810810811,0.0855413051966264,0.0,0.0,0.0,0.047214767,0.0855413051966264
2018-04-03 07:00:00,0.526929054054054,0.1073942647407509,0.0,0.0,0.0,0.17973021,0.1073942647407509
2018-04-03 08:00:00,0.5972364864864865,0.1137023820443832,0.0,0.0,0.0,0.30159775,0.1137023820443832
2018-04-03 09:00:00,0.6721199324324324,0.0939995495488226,0.0,0.0,0.0,0.37799576,0.0939995495488226
2018-04-03 10:00:00,0.6934577702702701,0.067596428011146,0.0,0.0,0.0,0.34060806,0.067596428011146
2018-04-03 11:00:00,0.6924307432432434,0.0466491079204903,0.0,0.0,0.0,0.27463056,0.0466491079204903
2018-04-03 12:00:00,0.7180945945945946,0.034257775213659,0.0,0.0,0.0,0.2262717,0.034257775213659
2018-04-03 13:00:00,0.7316199324324324,0.0288251381048166,0.0,0.0,0.0,0.026279629,0.0288251381048166
2018-04-03 14:00:00,0.6402854729729729,0.0227395910614509,0.19565422,0.0,0.19565422,0.0,0.0227395910614509
2018-04-03 15:00:00,0.6460135135135134,0.0216835777131692,0.51802506,0.0,0.51802506,0.0,0.0216835777131692
2018-04-03 16:00:00,0.6524983108108107,0.0224193115614424,0.76825456,0.0,0.76825456,0.0,0.0224193115614424
2018-04-03 17:00:00,0.7166452702702703,0.0291175392984835,0.80922973,0.0,0.80922973,0.0,0.0291175392984835
2018-04-03 18:00:00,0.7776891891891892,0.034990146769228,0.85176858,0.0,0.85176858,0.0,0.034990146769228
2018-04-03 19:00:00,0.8092297297297296,0.0339461126447016,0.87366216,0.0,0.87366216,0.0,0.0339461126447016
2018-04-03 20:00:00,0.8517685810810811,0.0318908732133592,0.87204054,0.0,0.87204054,0.0,0.0318908732133592
2018-04-03 21:00:00,0.8736621621621622,0.0324781255124621,0.6085625,0.0,0.6085625,0.0,0.0324781255124621
2018-04-03 22:00:00,0.8720405405405406,0.0325589388089666,0.46746791,0.0,0.46746791,0.0,0.0325589388089666
2018-04-03 23:00:00,0.6085624999999999,0.0311946589763182,0.41447128,0.0,0.41447128,0.0,0.0311946589763182
2018-04-04 00:00:00,0.4674679054054054,0.0286538301363325,0.40416723,0.0,0.40416723,0.0,0.0286538301363325
2018-04-04 01:00:00,0.4144712837837838,0.026583215396644,0.39667736,0.0,0.39667736,0.0,0.026583215396644
2018-04-04 02:00:00,0.4041672297297297,0.0266909270347825,0.39895608,0.0,0.39895608,0.0,0.0266909270347825
2018-04-04 03:00:00,0.3966773648648648,0.0362997344336169,0.41347635,0.0,0.41347635,0.0,0.0362997344336169
2018-04-04 04:00:00,0.3989560810810811,0.0406224094474205,0.3657885,0.0,0.3657885,0.0,0.0406224094474205
2018-04-04 05:00:00,0.4134763513513513,0.0524294635411587,0.24406099,0.0,0.24406099,0.0,0.0524294635411587
2018-04-04 06:00:00,0.451804054054054,0.0670228783220086,0.09197743,0.0,0.09197743,0.0,0.0670228783220086
2018-04-04 07:00:00,0.5241993243243243,0.0827554344918685,0.097502385,0.0,0.097502385,0.0,0.0827554344918685
2018-04-04 08:00:00,0.6277567567567568,0.0880941808441406,0.0,0.0,0.0,0.16688965,0.0880941808441406
2018-04-04 09:00:00,0.6877922297297298,0.079241703448386,0.0,0.0,0.0,0.21975083,0.079241703448386
2018-04-04 10:00:00,0.7145236486486485,0.0656288447333194,0.0,0.0,0.0,0.39634303,0.0656288447333194
2018-04-04 11:00:00,0.6979983108108109,0.0532294188696773,0.0,0.0,0.0,0.24889308,0.0532294188696773
2018-04-04 12:00:00,0.6855760135135135,0.0392003623848434,0.072778004,0.0,0.072778004,0.0,0.0392003623848434
2018-04-04 13:00:00,0.6468564189189189,0.0299259763905072,0.17451182,0.0,0.17451182,0.0,0.0299259763905072
2018-04-04 14:00:00,0.6486875,0.0237063769334957,0.43685193,0.0,0.43685193,0.0,0.0237063769334957
2018-04-04 15:00:00,0.6292027027027025,0.0211326179001404,0.61233314,0.0,0.61233314,0.0,0.0211326179001404
2018-04-04 16:00:00,0.6845371621621622,0.0245544688042979,0.77882802,0.0,0.77882802,0.0,0.0245544688042979
2018-04-04 17:00:00,0.744991554054054,0.0278698752660597,0.79933108,0.0,0.79933108,0.0,0.0278698752660597
2018-04-04 18:00:00,0.786910472972973,0.034052033312857,0.83203547,0.0,0.83203547,0.0,0.034052033312857
2018-04-04 19:00:00,0.7993310810810811,0.0363256866024295,0.87898818,0.0,0.87898818,0.0,0.0363256866024295
2018-04-04 20:00:00,0.832035472972973,0.0338696753974956,0.84936486,0.0,0.84936486,0.0,0.0338696753974956
2018-04-04 21:00:00,0.8789881756756757,0.033173984934695,0.61168074,0.0,0.61168074,0.0,0.033173984934695
2018-04-04 22:00:00,0.849364864864865,0.0328601934768897,0.46414189,0.0,0.46414189,0.0,0.0328601934768897
2018-04-04 23:00:00,0.6116807432432432,0.0294152627142698,0.41687669,0.0,0.41687669,0.0,0.0294152627142698
2018-04-05 00:00:00,0.4641418918918918,0.0280505097952109,0.40551014,0.0,0.40551014,0.0,0.0280505097952109
2018-04-05 01:00:00,0.4168766891891892,0.0237683850451771,0.40266385,0.0,0.40266385,0.0,0.0237683850451771
2018-04-05 02:00:00,0.4055101351351351,0.0225143512421529,0.40460473,0.0,0.40460473,0.0,0.0225143512421529
2018-04-05 03:00:00,0.4026638513513513,0.0294287456769733,0.41433446,0.0,0.41433446,0.0,0.0294287456769733
2018-04-05 04:00:00,0.4046047297297297,0.0326712799355522,0.46264679,0.0,0.46264679,0.0,0.0326712799355522
2018-04-05 05:00:00,0.4143344594594594,0.042568129374698,0.44678566,0.0,0.44678566,0.0,0.042568129374698
2018-04-05 06:00:00,0.4707499999999999,0.0550885639838063,0.28839703,0.0,0.28839703,0.0,0.0550885639838063
2018-04-05 07:00:00,0.5416199324324324,0.0688206235784129,0.13231255,0.0,0.13231255,0.0,0.0688206235784129
2018-04-05 08:00:00,0.6297719594594595,0.0770911540012414,0.33050106,0.0,0.33050106,0.0,0.0770911540012414
2018-04-05 09:00:00,0.7061554054054054,0.0765745605367572,0.19292536,0.0,0.19292536,0.0,0.0765745605367572
2018-04-05 10:00:00,0.7689543918918917,0.0758293649602711,0.39608027,0.0,0.39608027,0.0,0.0758293649602711
2018-04-05 11:00:00,0.7494763513513515,0.065155285236261,0.33677531,0.0,0.33677531,0.0,0.065155285236261
2018-04-05 12:00:00,0.7490337837837837,0.049285077816846,0.23934193,0.0,0.23934193,0.0,0.049285077816846
2018-04-05 13:00:00,0.7106418918918919,0.0392989333176904,0.40219599,0.0,0.40219599,0.0,0.0392989333176904
2018-04-05 14:00:00,0.630822635135135,0.0293976740373598,0.45585171,0.0,0.45585171,0.0,0.0293976740373598
2018-04-05 15:00:00,0.6284915540540541,0.0262339255620969,0.59766073,0.0,0.59766073,0.0,0.0262339255620969
2018-04-05 16:00:00,0.6459611486486486,0.0271305087899904,0.77503942,0.0,0.77503942,0.0,0.0271305087899904
2018-04-05 17:00:00,0.7108868243243243,0.0304266369805183,0.80858108,0.0,0.80858108,0.0,0.0304266369805183
2018-04-05 18:00:00,0.7831114864864865,0.0360261553207165,0.86832095,0.0,0.86832095,0.0,0.0360261553207165
2018-04-05 19:00:00,0.8085810810810811,0.0366269074784662,0.88829561,0.0,0.88829561,0.0,0.0366269074784662
2018-04-05 20:00:00,0.868320945945946,0.0369133106122835,0.87310304,0.0,0.87310304,0.0,0.0369133106122835
2018-04-05 21:00:00,0.8882956081081081,0.0348272022926463,0.62639189,0.0,0.62639189,0.0,0.0348272022926463
2018-04-05 22:00:00,0.8731030405405406,0.0351194176309374,0.46282095,0.0,0.46282095,0.0,0.0351194176309374
2018-04-05 23:00:00,0.6263918918918918,0.0340689461520377,0.42627872,0.0,0.42627872,0.0,0.0340689461520377
2018-04-06 00:00:00,0.4628209459459459,0.0310188059991033,0.41248649,0.0,0.41248649,0.0,0.0310188059991033
2018-04-06 01:00:00,0.4262787162162161,0.0269048296761683,0.39936993,0.0,0.39936993,0.0,0.0269048296761683
2018-04-06 02:00:00,0.4124864864864864,0.02281432181839,0.40005068,0.0,0.40005068,0.0,0.02281432181839
2018-04-06 03:00:00,0.3993699324324324,0.0313387475802469,0.41954054,0.0,0.41954054,0.0,0.0313387475802469
2018-04-06 04:00:00,0.4000506756756757,0.0351744477180618,0.44898058,0.0,0.44898058,0.0,0.0351744477180618
2018-04-06 05:00:00,0.4195405405405406,0.0413009167359485,0.51863226,0.0,0.51863226,0.0,0.0413009167359485
2018-04-06 06:00:00,0.4556993243243242,0.0532456389751853,0.54918253,0.0,0.54918253,0.0,0.0532456389751853
2018-04-06 07:00:00,0.5413969594594594,0.0668949760317014,0.54945399,0.0,0.54945399,0.0,0.0668949760317014
2018-04-06 08:00:00,0.6195760135135135,0.0713111700913242,0.57733646,0.0,0.57733646,0.0,0.0713111700913242
2018-04-06 09:00:00,0.688793918918919,0.0741978757853231,0.4600904,0.0,0.4600904,0.0,0.0741978757853231
2018-04-06 10:00:00,0.7511655405405404,0.0785471450137823,0.35057815,0.0,0.35057815,0.0,0.0785471450137823
2018-04-06 11:00:00,0.7041621621621622,0.0753321342467372,0.37966381,0.0,0.37966381,0.0,0.0753321342467372
2018-04-06 12:00:00,0.6577483108108108,0.069277016797142,0.39554521,0.0,0.39554521,0.0,0.069277016797142
2018-04-06 13:00:00,0.6804375,0.0596810503151681,0.34171857,0.0,0.34171857,0.0,0.0596810503151681
2018-04-06 14:00:00,0.6623952702702703,0.0473103813469162,0.47279769,0.0,0.47279769,0.0,0.0473103813469162
2018-04-06 15:00:00,0.6415337837837838,0.0413910059052904,0.66477651,0.0,0.66477651,0.0,0.0413910059052904
2018-04-06 16:00:00,0.6777567567567567,0.0398794441354415,0.78612241,0.0,0.78612241,0.0,0.0398794441354415
2018-04-06 17:00:00,0.7623716216216215,0.0417078555288217,0.81093412,0.0,0.81093412,0.0,0.0417078555288217
2018-04-06 18:00:00,0.7927719594594594,0.0425378011565867,0.86975845,0.0,0.86975845,0.0,0.0425378011565867
2018-04-06 19:00:00,0.8109341216216216,0.0397838468886043,0.89588176,0.0,0.89588176,0.0,0.0397838468886043
2018-04-06 20:00:00,0.869758445945946,0.0379819790220501,0.84328547,0.0,0.84328547,0.0,0.0379819790220501
2018-04-06 21:00:00,0.8958817567567567,0.0370583622849768,0.63339527,0.0,0.63339527,0.0,0.0370583622849768
2018-04-06 22:00:00,0.843285472972973,0.0349741801028687,0.4725777,0.0,0.4725777,0.0,0.0349741801028687
2018-04-06 23:00:00,0.6333952702702702,0.0317452301826527,0.41576689,0.0,0.41576689,0.0,0.0317452301826527
2018-04-07 00:00:00,0.4725777027027027,0.0272172356666281,0.40659797,0.0,0.40659797,0.0,0.0272172356666281
2018-04-07 01:00:00,0.415766891891892,0.0205591526907192,0.39841216,0.0,0.39841216,0.0,0.0205591526907192
2018-04-07 02:00:00,0.4065979729729729,0.0171037802351786,0.39846115,0.0,0.39846115,0.0,0.0171037802351786
2018-04-07 03:00:00,0.3984121621621621,0.02122368703419,0.41280405,0.0,0.41280405,0.0,0.02122368703419
2018-04-07 04:00:00,0.3984611486486486,0.0225669145215645,0.38399338,0.0,0.38399338,0.0,0.0225669145215645
2018-04-07 05:00:00,0.412804054054054,0.0273038949594927,0.27946815,0.0,0.27946815,0.0,0.0273038949594927
2018-04-07 06:00:00,0.4386216216216216,0.031710880730051,0.30706074,0.0,0.30706074,0.0,0.031710880730051
2018-04-07 07:00:00,0.4819054054054054,0.0399218191610808,0.4172456,0.0,0.4172456,0.0,0.0399218191610808
2018-04-07 08:00:00,0.5473918918918919,0.0528700252610742,0.12731516,0.0,0.12731516,0.0,0.0528700252610742
2018-04-07 09:00:00,0.6746317567567567,0.056307623184329,0.0,0.0,0.0,0.045851065,0.056307623184329
2018-04-07 10:00:00,0.7511452702702701,0.0551460101908135,0.0,0.0,0.0,0.24584846,0.0551460101908135
2018-04-07 11:00:00,0.7688902027027028,0.0441416992562281,0.0,0.0,0.0,0.096121877,0.0441416992562281
2018-04-07 12:00:00,0.7190489864864865,0.038052502689123,0.0,0.0,0.0,0.038729949,0.038052502689123
2018-04-07 13:00:00,0.7450929054054054,0.03211503169229,0.087595055,0.0,0.087595055,0.0,0.03211503169229
2018-04-07 14:00:00,0.7198344594594596,0.0276904065569918,0.25181917,0.0,0.25181917,0.0,0.0276904065569918
2018-04-07 15:00:00,0.7202888513513512,0.0246724024880949,0.578358,0.0,0.578358,0.0,0.0246724024880949
2018-04-07 16:00:00,0.7099172297297297,0.0255674481851537,0.7950179,0.0,0.7950179,0.0,0.0255674481851537
2018-04-07 17:00:00,0.7806925675675674,0.0281158126158235,0.80709122,0.0,0.80709122,0.0,0.0281158126158235
2018-04-07 18:00:00,0.8085135135135135,0.0335565259855334,0.84668074,0.0,0.84668074,0.0,0.0335565259855334
2018-04-07 19:00:00,0.8070912162162162,0.0338351569854614,0.88054899,0.0,0.88054899,0.0,0.0338351569854614
2018-04-07 20:00:00,0.8466807432432433,0.0337996417127765,0.91211824,0.0,0.91211824,0.0,0.0337996417127765
2018-04-07 21:00:00,0.8805489864864865,0.031274559891888,0.67210642,0.0,0.67210642,0.0,0.031274559891888
2018-04-07 22:00:00,0.9121182432432432,0.0297620181573314,0.47384122,0.0,0.47384122,0.0,0.0297620181573314
2018-04-07 23:00:00,0.6721064189189188,0.0282363482748793,0.42359628,0.0,0.42359628,0.0,0.0282363482748793
2018-04-08 00:00:00,0.4738412162162161,0.0259942397113309,0.40633953,0.0,0.40633953,0.0,0.0259942397113309
2018-04-08 01:00:00,0.4235962837837838,0.0224877739234405,0.39928885,0.0,0.39928885,0.0,0.0224877739234405
2018-04-08 02:00:00,0.406339527027027,0.0217896335488705,0.40378041,0.0,0.40378041,0.0,0.0217896335488705
2018-04-08 03:00:00,0.3992888513513513,0.0296704421449845,0.41438682,0.0,0.41438682,0.0,0.0296704421449845
2018-04-08 04:00:00,0.4037804054054054,0.0354554948378729,0.3078129,0.0,0.3078129,0.0,0.0354554948378729
2018-04-08 05:00:00,0.4143868243243243,0.0460729224642079,0.087008564,0.0,0.087008564,0.0,0.0460729224642079
2018-04-08 06:00:00,0.4392010135135135,0.0583018851565276,0.0,0.0,0.0,0.11038825,0.0583018851565276
2018-04-08 07:00:00,0.4913277027027026,0.0728152807502053,0.0,0.0,0.0,0.19006806,0.0728152807502053
2018-04-08 08:00:00,0.5494662162162162,0.085667805123645,0.0,0.0,0.0,0.25716402,0.085667805123645
2018-04-08 09:00:00,0.6789121621621621,0.076757577393905,0.0,0.0,0.0,0.31797004,0.076757577393905
2018-04-08 10:00:00,0.7582094594594593,0.059025318758124,0.0,0.0,0.0,0.35125102,0.059025318758124
2018-04-08 11:00:00,0.7742432432432433,0.0445663112057276,0.0,0.0,0.0,0.31371423,0.0445663112057276
2018-04-08 12:00:00,0.7504054054054053,0.0362257302022369,0.0,0.0,0.0,0.23304358,0.0362257302022369
2018-04-08 13:00:00,0.7274679054054053,0.034383531719175,0.0,0.0,0.0,0.027124146,0.034383531719175
2018-04-08 14:00:00,0.6785219594594595,0.0290590286470523,0.2315413,0.0,0.2315413,0.0,0.0290590286470523
2018-04-08 15:00:00,0.693376689189189,0.0264783084850829,0.57999227,0.0,0.57999227,0.0,0.0264783084850829
2018-04-08 16:00:00,0.7117567567567566,0.0254938494564118,0.82142128,0.0,0.82142128,0.0,0.0254938494564118
2018-04-08 17:00:00,0.7958496621621621,0.0301474146225768,0.83957095,0.0,0.83957095,0.0,0.0301474146225768
2018-04-08 18:00:00,0.8348952702702702,0.0342499692878834,0.85729561,0.0,0.85729561,0.0,0.0342499692878834
2018-04-08 19:00:00,0.8395709459459458,0.0354178168844534,0.88366047,0.0,0.88366047,0.0,0.0354178168844534
2018-04-08 20:00:00,0.857295608108108,0.0344516392663651,0.87662331,0.0,0.87662331,0.0,0.0344516392663651
2018-04-08 21:00:00,0.883660472972973,0.0331657397143951,0.64715203,0.0,0.64715203,0.0,0.0331657397143951
2018-04-08 22:00:00,0.8766233108108109,0.0308860545730867,0.47166723,0.0,0.47166723,0.0,0.0308860545730867
2018-04-08 23:00:00,0.6471520270270269,0.0305316114758523,0.42252365,0.0,0.42252365,0.0,0.0305316114758523
2018-04-09 00:00:00,0.4716672297297298,0.0260719441542797,0.40932264,0.0,0.40932264,0.0,0.0260719441542797
2018-04-09 01:00:00,0.4225236486486486,0.0252732053336743,0.40215878,0.0,0.40215878,0.0,0.0252732053336743
2018-04-09 02:00:00,0.4093226351351351,0.0254002628268197,0.39856757,0.0,0.39856757,0.0,0.0254002628268197
2018-04-09 03:00:00,0.4021587837837837,0.0378726284774175,0.41328378,0.0,0.41328378,0.0,0.0378726284774175
2018-04-09 04:00:00,0.3985675675675675,0.0445008394256827,0.35431169,0.0,0.35431169,0.0,0.0445008394256827
2018-04-09 05:00:00,0.4132837837837838,0.0597211950763002,0.28634822,0.0,0.28634822,0.0,0.0597211950763002
2018-04-09 06:00:00,0.4466722972972973,0.0776441920152883,0.19069135,0.0,0.19069135,0.0,0.0776441920152883
2018-04-09 07:00:00,0.5279527027027027,0.0980227777606295,0.0,0.0,0.0,0.064850705,0.0980227777606295
2018-04-09 08:00:00,0.6109155405405405,0.1027684258174385,0.0,0.0,0.0,0.22940299,0.1027684258174385
2018-04-09 09:00:00,0.6748800675675676,0.0912339539759494,0.0,0.0,0.0,0.37059612,0.0912339539759494
2018-04-09 10:00:00,0.6971520270270268,0.0744389639993776,0.0,0.0,0.0,0.3902899,0.0744389639993776
2018-04-09 11:00:00,0.6988885135135136,0.0514568654646401,0.0,0.0,0.0,0.28654266,0.0514568654646401
2018-04-09 12:00:00,0.6867094594594595,0.0344304517535455,0.0,0.0,0.0,0.067536037,0.0344304517535455
2018-04-09 13:00:00,0.7048716216216216,0.0277220526586755,0.097396643,0.0,0.097396643,0.0,0.0277220526586755
2018-04-09 14:00:00,0.6698868243243242,0.0223515419331172,0.3860248,0.0,0.3860248,0.0,0.0223515419331172
2018-04-09 15:00:00,0.6557415540540539,0.0202626795747322,0.58933867,0.0,0.58933867,0.0,0.0202626795747322
2018-04-09 16:00:00,0.6870185810810809,0.0223183583005989,0.80201443,0.0,0.80201443,0.0,0.0223183583005989
2018-04-09 17:00:00,0.7653277027027027,0.0269128045613763,0.83090878,0.0,0.83090878,0.0,0.0269128045613763
2018-04-09 18:00:00,0.8152635135135136,0.0345543834971919,0.84120439,0.0,0.84120439,0.0,0.0345543834971919
2018-04-09 19:00:00,0.8309087837837837,0.0346311248713763,0.91701351,0.0,0.91701351,0.0,0.0346311248713763
2018-04-09 20:00:00,0.8412043918918919,0.0308246378194189,0.85630068,0.0,0.85630068,0.0,0.0308246378194189
2018-04-09 21:00:00,0.9170135135135136,0.0298026022129877,0.62818074,0.0,0.62818074,0.0,0.0298026022129877
2018-04-09 22:00:00,0.8563006756756757,0.0297075625322771,0.47630236,0.0,0.47630236,0.0,0.0297075625322771
2018-04-09 23:00:00,0.6281807432432431,0.0257796612322158,0.4272348,0.0,0.4272348,0.0,0.0257796612322158
2018-04-10 00:00:00,0.4763023648648649,0.0182634501952219,0.41130405,0.0,0.41130405,0.0,0.0182634501952219
2018-04-10 01:00:00,0.4272347972972973,0.0120389171227851,0.39808615,0.0,0.39808615,0.0,0.0120389171227851
2018-04-10 02:00:00,0.411304054054054,0.0083670738424868,0.40114527,0.0,0.40114527,0.0,0.0083670738424868
2018-04-10 03:00:00,0.3980861486486486,0.0082114622052702,0.41741723,0.0,0.41741723,0.0,0.0082114622052702
2018-04-10 04:00:00,0.4011452702702703,0.0120639907025494,0.39161438,0.0,0.39161438,0.0,0.0120639907025494
2018-04-10 05:00:00,0.4174172297297298,0.0167511618998138,0.35086848,0.0,0.35086848,0.0,0.0167511618998138
2018-04-10 06:00:00,0.4503361486486487,0.0257320822560591,0.15366531,0.0,0.15366531,0.0,0.0257320822560591
2018-04-10 07:00:00,0.5257905405405405,0.0407181925496333,0.052869294,0.0,0.052869294,0.0,0.0407181925496333
2018-04-10 08:00:00,0.6212871621621621,0.0459375859588763,0.075108139,0.0,0.075108139,0.0,0.0459375859588763
2018-04-10 09:00:00,0.6580726351351351,0.0433049614592816,0.097088575,0.0,0.097088575,0.0,0.0433049614592816
2018-04-10 10:00:00,0.7544729729729729,0.0389791775919223,0.059097404,0.0,0.059097404,0.0,0.0389791775919223
2018-04-10 11:00:00,0.6944695945945946,0.0362268791263771,0.12792656,0.0,0.12792656,0.0,0.0362268791263771
2018-04-10 12:00:00,0.6715912162162162,0.0333885296219236,0.36800427,0.0,0.36800427,0.0,0.0333885296219236
2018-04-10 13:00:00,0.7263766891891892,0.0278658540315692,0.2969473,0.0,0.2969473,0.0,0.0278658540315692
2018-04-10 14:00:00,0.6584983108108108,0.022965692573854,0.57066413,0.0,0.57066413,0.0,0.022965692573854
2018-04-10 15:00:00,0.6572972972972972,0.0224600476805879,0.69187019,0.0,0.69187019,0.0,0.0224600476805879
2018-04-10 16:00:00,0.6896722972972973,0.024373090853644,0.76945959,0.0,0.76945959,0.0,0.024373090853644
2018-04-10 17:00:00,0.7132702702702702,0.0279944828474356,0.82505236,0.0,0.82505236,0.0,0.0279944828474356
2018-04-10 18:00:00,0.778885135135135,0.0339090767371252,0.85927703,0.0,0.85927703,0.0,0.0339090767371252
2018-04-10 19:00:00,0.8250523648648648,0.0354278868666229,0.89565709,0.0,0.89565709,0.0,0.0354278868666229
2018-04-10 20:00:00,0.8592770270270271,0.0339049203350887,0.87095439,0.0,0.87095439,0.0,0.0339049203350887
2018-04-10 21:00:00,0.8956570945945946,0.0345584385235687,0.62799493,0.0,0.62799493,0.0,0.0345584385235687
2018-04-10 22:00:00,0.8709543918918919,0.0343249872758575,0.4626875,0.0,0.4626875,0.0,0.0343249872758575
2018-04-10 23:00:00,0.6279949324324323,0.0361158051955344,0.42522635,0.0,0.42522635,0.0,0.0361158051955344
2018-04-11 00:00:00,0.4626875,0.0335342909242328,0.41160642,0.0,0.41160642,0.0,0.0335342909242328
2018-04-11 01:00:00,0.4252263513513514,0.028834768792462,0.39692736,0.0,0.39692736,0.0,0.028834768792462
2018-04-11 02:00:00,0.4116064189189188,0.0277210726939678,0.3997652,0.0,0.3997652,0.0,0.0277210726939678
2018-04-11 03:00:00,0.3969273648648648,0.0374378620660324,0.41404392,0.0,0.41404392,0.0,0.0374378620660324
2018-04-11 04:00:00,0.3997652027027026,0.0420064068458268,0.35108672,0.0,0.35108672,0.0,0.0420064068458268
2018-04-11 05:00:00,0.4140439189189188,0.0543089006831158,0.25110944,0.0,0.25110944,0.0,0.0543089006831158
2018-04-11 06:00:00,0.4465658783783784,0.0705946638264551,0.14826497,0.0,0.14826497,0.0,0.0705946638264551
2018-04-11 07:00:00,0.528295608108108,0.0852107191712434,0.025358473,0.0,0.025358473,0.0,0.0852107191712434
2018-04-11 08:00:00,0.6094425675675675,0.0905054177994955,0.0,0.0,0.0,0.089911727,0.0905054177994955
2018-04-11 09:00:00,0.6715709459459459,0.0780364820253746,0.0,0.0,0.0,0.19381934,0.0780364820253746
2018-04-11 10:00:00,0.7201114864864864,0.0678365531564361,0.0,0.0,0.0,0.22006753,0.0678365531564361
2018-04-11 11:00:00,0.7020050675675676,0.0558879617461981,0.0,0.0,0.0,0.030693437,0.0558879617461981
2018-04-11 12:00:00,0.6786604729729729,0.0411170043938092,0.0058025016,0.0,0.0058025016,0.0,0.0411170043938092
2018-04-11 13:00:00,0.6834831081081082,0.0319841050281433,0.21082981,0.0,0.21082981,0.0,0.0319841050281433
2018-04-11 14:00:00,0.6510337837837837,0.025864935057735,0.34844358,0.0,0.34844358,0.0,0.025864935057735
2018-04-11 15:00:00,0.6245675675675675,0.0242522172757236,0.78059943,0.0,0.78059943,0.0,0.0242522172757236
2018-04-11 16:00:00,0.7012347972972972,0.0246765757860746,0.77452593,0.0,0.77452593,0.0,0.0246765757860746
2018-04-11 17:00:00,0.7927077702702702,0.0296333893414649,0.81836655,0.0,0.81836655,0.0,0.0296333893414649
2018-04-11 18:00:00,0.7893648648648648,0.0360063870671289,0.87355743,0.0,0.87355743,0.0,0.0360063870671289
2018-04-11 19:00:00,0.818366554054054,0.0352775298677532,0.91203041,0.0,0.91203041,0.0,0.0352775298677532
2018-04-11 20:00:00,0.8735574324324324,0.0392161431958272,0.83566047,0.0,0.83566047,0.0,0.0392161431958272
2018-04-11 21:00:00,0.9120304054054056,0.0460216094845958,0.62452534,0.0,0.62452534,0.0,0.0460216094845958
2018-04-11 22:00:00,0.835660472972973,0.0484255980803019,0.46642061,0.0,0.46642061,0.0,0.0484255980803019
2018-04-11 23:00:00,0.6245253378378378,0.0526245947896075,0.42424324,0.0,0.42424324,0.0,0.0526245947896075
2018-04-12 00:00:00,0.466420608108108,0.051906855120882,0.41031419,0.0,0.41031419,0.0,0.051906855120882
2018-04-12 01:00:00,0.4242432432432432,0.0474336372528331,0.39721959,0.0,0.39721959,0.0,0.0474336372528331
2018-04-12 02:00:00,0.4103141891891891,0.0453009975055202,0.39907939,0.0,0.39907939,0.0,0.0453009975055202
2018-04-12 03:00:00,0.3972195945945945,0.061812963536922,0.41053508,0.0,0.41053508,0.0,0.061812963536922
2018-04-12 04:00:00,0.3990793918918919,0.070974687381751,0.28094365,0.0,0.28094365,0.0,0.070974687381751
2018-04-12 05:00:00,0.413277027027027,0.0836423363442869,0.10890279,0.0,0.10890279,0.0,0.0836423363442869
2018-04-12 06:00:00,0.4450624999999999,0.1008600966125453,0.0,0.0,0.0,0.057879756,0.1008600966125453
2018-04-12 07:00:00,0.5423918918918919,0.1211008114610691,0.0,0.0,0.0,0.20965193,0.1211008114610691
2018-04-12 08:00:00,0.6298293918918919,0.1234947131786623,0.0,0.0,0.0,0.13499651,0.1234947131786623
2018-04-12 09:00:00,0.6830456081081081,0.1031741818942851,0.0,0.0,0.0,0.048855922,0.1031741818942851
2018-04-12 10:00:00,0.7319374999999999,0.0789138207739207,0.058229645,0.0,0.058229645,0.0,0.0789138207739207
2018-04-12 11:00:00,0.7164645270270271,0.0645099615802513,0.0,0.0,0.0,0.11625279,0.0645099615802513
2018-04-12 12:00:00,0.706714527027027,0.0499442561463104,0.0,0.0,0.0,0.050166304,0.0499442561463104
2018-04-12 13:00:00,0.7137094594594595,0.0400272329509392,0.0,0.0,0.0,0.043582022,0.0400272329509392
2018-04-12 14:00:00,0.6388631756756756,0.0299911609395172,0.18715456,0.0,0.18715456,0.0,0.0299911609395172
2018-04-12 15:00:00,0.6389983108108108,0.0253732293176396,0.51030351,0.0,0.51030351,0.0,0.0253732293176396
2018-04-12 16:00:00,0.6662483108108108,0.0246276789263455,0.75905749,0.0,0.75905749,0.0,0.0246276789263455
2018-04-12 17:00:00,0.7388851351351351,0.0291804766870428,0.80803547,0.0,0.80803547,0.0,0.0291804766870428
2018-04-12 18:00:00,0.778070945945946,0.0350567336815267,0.83385304,0.0,0.83385304,0.0,0.0350567336815267
2018-04-12 19:00:00,0.808035472972973,0.0378093193781069,0.86925845,0.0,0.86925845,0.0,0.0378093193781069
2018-04-12 20:00:00,0.8338530405405404,0.0375507945506312,0.86344932,0.0,0.86344932,0.0,0.0375507945506312
2018-04-12 21:00:00,0.8692584459459459,0.0396809505942884,0.62613007,0.0,0.62613007,0.0,0.0396809505942884
2018-04-12 22:00:00,0.8634493243243243,0.0402359654336943,0.48610473,0.0,0.48610473,0.0,0.0402359654336943
2018-04-12 23:00:00,0.6261300675675675,0.0431737475640999,0.43308953,0.0,0.43308953,0.0,0.0431737475640999
2018-04-13 00:00:00,0.4861047297297298,0.0443256791821402,0.42009122,0.0,0.42009122,0.0,0.0443256791821402
2018-04-13 01:00:00,0.4330895270270271,0.0422752550946206,0.396875,0.0,0.396875,0.0,0.0422752550946206
2018-04-13 02:00:00,0.4200912162162161,0.046647806932861,0.40713345,0.0,0.40713345,0.0,0.046647806932861
2018-04-13 03:00:00,0.396875,0.0646789210126254,0.42516837,0.0,0.42516837,0.0,0.0646789210126254
2018-04-13 04:00:00,0.4071334459459459,0.0752241522735069,0.3015988,0.0,0.3015988,0.0,0.0752241522735069
2018-04-13 05:00:00,0.4279172297297297,0.0943788972663889,0.092445826,0.0,0.092445826,0.0,0.0943788972663889
2018-04-13 06:00:00,0.4698108108108108,0.1193285283911236,0.0,0.0,0.0,0.086541464,0.1193285283911236
2018-04-13 07:00:00,0.5282837837837837,0.1387887182458518,0.0,0.0,0.0,0.23708471,0.1387887182458518
2018-04-13 08:00:00,0.5996182432432433,0.1396629481408421,0.0,0.0,0.0,0.35449544,0.1396629481408421
2018-04-13 09:00:00,0.6549003378378379,0.1159118138537103,0.0,0.0,0.0,0.40615317,0.1159118138537103
2018-04-13 10:00:00,0.6820979729729728,0.085865639723012,0.0,0.0,0.0,0.43075578,0.085865639723012
2018-04-13 11:00:00,0.7029983108108108,0.0586433521693558,0.0,0.0,0.0,0.36836764,0.0586433521693558
2018-04-13 12:00:00,0.6815777027027027,0.0426315567456112,0.0,0.0,0.0,0.28078099,0.0426315567456112
2018-04-13 13:00:00,0.6809425675675675,0.0325186757762318,0.0,0.0,0.0,0.099945753,0.0325186757762318
2018-04-13 14:00:00,0.6302381756756757,0.025237031119203,0.16934944,0.0,0.16934944,0.0,0.025237031119203
2018-04-13 15:00:00,0.6196097972972971,0.0207643032335079,0.48152914,0.0,0.48152914,0.0,0.0207643032335079
2018-04-13 16:00:00,0.6619121621621621,0.0213450505944644,0.74781489,0.0,0.74781489,0.0,0.0213450505944644
2018-04-13 17:00:00,0.7095608108108108,0.0269271999050146,0.79562331,0.0,0.79562331,0.0,0.0269271999050146
2018-04-13 18:00:00,0.7706604729729729,0.0334029249655619,0.84795777,0.0,0.84795777,0.0,0.0334029249655619
2018-04-13 19:00:00,0.7956233108108107,0.0320312447097757,0.88103209,0.0,0.88103209,0.0,0.0320312447097757
2018-04-13 20:00:00,0.8479577702702703,0.0324327599048695,0.85796284,0.0,0.85796284,0.0,0.0324327599048695
2018-04-13 21:00:00,0.8810320945945946,0.0296766260602094,0.62103209,0.0,0.62103209,0.0,0.0296766260602094
2018-04-13 22:00:00,0.8579628378378378,0.0304013099616054,0.4830473,0.0,0.4830473,0.0,0.0304013099616054
2018-04-13 23:00:00,0.6210320945945945,0.027270677535088,0.42614696,0.0,0.42614696,0.0,0.027270677535088
2018-04-14 00:00:00,0.4830472972972973,0.0246924410767745,0.41217061,0.0,0.41217061,0.0,0.0246924410767745
2018-04-14 01:00:00,0.4261469594594594,0.0218654456461768,0.40443243,0.0,0.40443243,0.0,0.0218654456461768
2018-04-14 02:00:00,0.4121706081081081,0.0226242762488555,0.39905912,0.0,0.39905912,0.0,0.0226242762488555
2018-04-14 03:00:00,0.4044324324324324,0.0324182293936853,0.41623325,0.0,0.41623325,0.0,0.0324182293936853
2018-04-14 04:00:00,0.3990591216216216,0.0375347096126692,0.2806524,0.0,0.2806524,0.0,0.0375347096126692
2018-04-14 05:00:00,0.4189527027027027,0.0490548199024064,0.048677239,0.0,0.048677239,0.0,0.0490548199024064
2018-04-14 06:00:00,0.4562753378378377,0.0631661765267498,0.0,0.0,0.0,0.14426015,0.0631661765267498
2018-04-14 07:00:00,0.4875101351351351,0.0780247055529382,0.0,0.0,0.0,0.19632725,0.0780247055529382
2018-04-14 08:00:00,0.5400523648648649,0.0832636137766203,0.0,0.0,0.0,0.26137984,0.0832636137766203
2018-04-14 09:00:00,0.6850726351351352,0.0694017933379504,0.0,0.0,0.0,0.35984441,0.0694017933379504
2018-04-14 10:00:00,0.7592364864864863,0.0518886243981289,0.0,0.0,0.0,0.37248129,0.0518886243981289
2018-04-14 11:00:00,0.7364932432432433,0.0392157545891327,0.0,0.0,0.0,0.22751592,0.0392157545891327
2018-04-14 12:00:00,0.7302043918918918,0.0322097165581925,0.0,0.0,0.0,0.20910935,0.0322097165581925
2018-04-14 13:00:00,0.8148040540540541,0.0298410404838527,0.0,0.0,0.0,0.027913783,0.0298410404838527
2018-04-14 14:00:00,0.7079510135135135,0.025720677494374,0.21030133,0.0,0.21030133,0.0,0.025720677494374
2018-04-14 15:00:00,0.7049104729729729,0.0238930433143827,0.51267673,0.0,0.51267673,0.0,0.0238930433143827
2018-04-14 16:00:00,0.7120945945945946,0.024263199638828,0.78849988,0.0,0.78849988,0.0,0.024263199638828
2018-04-14 17:00:00,0.7550067567567568,0.0282982381149579,0.82507264,0.0,0.82507264,0.0,0.0282982381149579
2018-04-14 18:00:00,0.8072347972972973,0.0331948683205365,0.88336655,0.0,0.88336655,0.0,0.0331948683205365
2018-04-14 19:00:00,0.8250726351351351,0.032913229842712,0.93967568,0.0,0.93967568,0.0,0.032913229842712
2018-04-14 20:00:00,0.8833665540540541,0.031847163408204,0.88457432,0.0,0.88457432,0.0,0.031847163408204
2018-04-14 21:00:00,0.9396756756756756,0.0305673801876859,0.65421115,0.0,0.65421115,0.0,0.0305673801876859
2018-04-14 22:00:00,0.8845743243243244,0.0279247363937515,0.47832432,0.0,0.47832432,0.0,0.0279247363937515
2018-04-14 23:00:00,0.6542111486486486,0.0264546710604938,0.43304392,0.0,0.43304392,0.0,0.0264546710604938
2018-04-15 00:00:00,0.4783243243243243,0.0216441256857098,0.4065625,0.0,0.4065625,0.0,0.0216441256857098
2018-04-15 01:00:00,0.4330439189189189,0.0171879558243874,0.39664358,0.0,0.39664358,0.0,0.0171879558243874
2018-04-15 02:00:00,0.4065625,0.0149969068013027,0.399375,0.0,0.399375,0.0,0.0149969068013027
2018-04-15 03:00:00,0.396643581081081,0.0208107670774108,0.41376473,0.0,0.41376473,0.0,0.0208107670774108
2018-04-15 04:00:00,0.399375,0.024318280413782,0.30450426,0.0,0.30450426,0.0,0.024318280413782
2018-04-15 05:00:00,0.4164746621621621,0.0316392419307244,0.023058931,0.0,0.023058931,0.0,0.0316392419307244
2018-04-15 06:00:00,0.4406706081081081,0.0407765004497457,0.0,0.0,0.0,0.039748413,0.0407765004497457
2018-04-15 07:00:00,0.4717989864864864,0.0520972048173949,0.0,0.0,0.0,0.22806146,0.0520972048173949
2018-04-15 08:00:00,0.5420996621621622,0.0620614859660011,0.0,0.0,0.0,0.3084367,0.0620614859660011
2018-04-15 09:00:00,0.6711486486486486,0.0553881628492922,0.0,0.0,0.0,0.35312803,0.0553881628492922
2018-04-15 10:00:00,0.7321013513513512,0.0489840765880714,0.0,0.0,0.0,0.38121489,0.0489840765880714
2018-04-15 11:00:00,0.7628412162162163,0.0413665236835394,0.0,0.0,0.0,0.3577796,0.0413665236835394
2018-04-15 12:00:00,0.7415675675675676,0.0343419508028677,0.0,0.0,0.0,0.25901062,0.0343419508028677
2018-04-15 13:00:00,0.7019949324324325,0.0330434806691292,0.45419505,0.0,0.45419505,0.0,0.0330434806691292
2018-04-15 14:00:00,0.6692905405405406,0.0280225976969827,0.60327926,0.0,0.60327926,0.0,0.0280225976969827
2018-04-15 15:00:00,0.6839628378378377,0.0260651350891551,0.64753007,0.0,0.64753007,0.0,0.0260651350891551
2018-04-15 16:00:00,0.7519172297297296,0.0266471834377409,0.80073076,0.0,0.80073076,0.0,0.0266471834377409
2018-04-15 17:00:00,0.807589527027027,0.0295239036292864,0.81078378,0.0,0.81078378,0.0,0.0295239036292864
2018-04-15 18:00:00,0.8183260135135135,0.0358499644246369,0.84063176,0.0,0.84063176,0.0,0.0358499644246369
2018-04-15 19:00:00,0.8107837837837838,0.0372129263737125,0.86658615,0.0,0.86658615,0.0,0.0372129263737125
2018-04-15 20:00:00,0.8406317567567567,0.0372951758253925,0.86927534,0.0,0.86927534,0.0,0.0372951758253925
2018-04-15 21:00:00,0.8665861486486486,0.0383922294197978,0.66795946,0.0,0.66795946,0.0,0.0383922294197978
2018-04-15 22:00:00,0.8692753378378378,0.0396817784955071,0.51874155,0.0,0.51874155,0.0,0.0396817784955071
2018-04-15 23:00:00,0.6679594594594593,0.039194144677732,0.45635811,0.0,0.45635811,0.0,0.039194144677732
2018-04-16 00:00:00,0.5187415540540541,0.0377070313377476,0.4212973,0.0,0.4212973,0.0,0.0377070313377476
2018-04-16 01:00:00,0.4563581081081081,0.0328323658583777,0.40010304,0.0,0.40010304,0.0,0.0328323658583777
2018-04-16 02:00:00,0.4212972972972973,0.0316605815070332,0.39904054,0.0,0.39904054,0.0,0.0316605815070332
2018-04-16 03:00:00,0.4001030405405405,0.0432579400492519,0.41348647,0.0,0.41348647,0.0,0.0432579400492519
2018-04-16 04:00:00,0.3990405405405406,0.0491314092131014,0.33141833,0.0,0.33141833,0.0,0.0491314092131014
2018-04-16 05:00:00,0.4175743243243243,0.0664999488788107,0.3997817,0.0,0.3997817,0.0,0.0664999488788107
2018-04-16 06:00:00,0.4552347972972973,0.0902195384399183,0.4260536,0.0,0.4260536,0.0,0.0902195384399183
2018-04-16 07:00:00,0.5366097972972973,0.1088822566697836,0.22752664,0.0,0.22752664,0.0,0.1088822566697836
2018-04-16 08:00:00,0.5917567567567568,0.1150306566219925,0.30431737,0.0,0.30431737,0.0,0.1150306566219925
2018-04-16 09:00:00,0.6614189189189189,0.1131397471345772,0.061371992,0.0,0.061371992,0.0,0.1131397471345772
2018-04-16 10:00:00,0.7113783783783783,0.1070666355054341,0.31367883,0.0,0.31367883,0.0,0.1070666355054341
2018-04-16 11:00:00,0.7200320945945946,0.0965985342254316,0.0,0.0,0.0,0.15759507,0.0965985342254316
2018-04-16 12:00:00,0.6854070945945946,0.0803512769367302,0.0,0.0,0.0,0.17792367,0.0803512769367302
2018-04-16 13:00:00,0.6783344594594595,0.0628943545919462,0.037268559,0.0,0.037268559,0.0,0.0628943545919462
2018-04-16 14:00:00,0.6326824324324324,0.0556165453140323,0.24944453,0.0,0.24944453,0.0,0.0556165453140323
2018-04-16 15:00:00,0.6179391891891892,0.0489996884396228,0.47963591,0.0,0.47963591,0.0,0.0489996884396228
2018-04-16 16:00:00,0.6725135135135134,0.0379486602219859,0.74359979,0.0,0.74359979,0.0,0.0379486602219859
2018-04-16 17:00:00,0.7137229729729729,0.0380025075930836,0.80773986,0.0,0.80773986,0.0,0.0380025075930836
2018-04-16 18:00:00,0.7708581081081081,0.0421670703700714,0.862125,0.0,0.862125,0.0,0.0421670703700714
2018-04-16 19:00:00,0.8077398648648647,0.0467544541265756,0.88582432,0.0,0.88582432,0.0,0.0467544541265756
2018-04-16 20:00:00,0.862125,0.0457350542872894,0.86122297,0.0,0.86122297,0.0,0.0457350542872894
2018-04-16 21:00:00,0.8858243243243243,0.0507820245957943,0.63918581,0.0,0.63918581,0.0,0.0507820245957943
2018-04-16 22:00:00,0.861222972972973,0.0551903620418117,0.46625507,0.0,0.46625507,0.0,0.0551903620418117
2018-04-16 23:00:00,0.6391858108108107,0.0610019920534125,0.43193919,0.0,0.43193919,0.0,0.0610019920534125
2018-04-17 00:00:00,0.4662550675675675,0.0616138448458691,0.40274493,0.0,0.40274493,0.0,0.0616138448458691
2018-04-17 01:00:00,0.4319391891891891,0.0623581618333069,0.39642568,0.0,0.39642568,0.0,0.0623581618333069
2018-04-17 02:00:00,0.4027449324324324,0.0652756857277708,0.39861318,0.0,0.39861318,0.0,0.0652756857277708
2018-04-17 03:00:00,0.3964256756756756,0.0878099910788873,0.40590109,0.0,0.40590109,0.0,0.0878099910788873
2018-04-17 04:00:00,0.3986131756756756,0.0987263248370353,0.24536081,0.0,0.24536081,0.0,0.0987263248370353
2018-04-17 05:00:00,0.4127668918918919,0.1209540026102793,0.063223269,0.0,0.063223269,0.0,0.1209540026102793
2018-04-17 06:00:00,0.4445118243243243,0.1455286113789163,0.0,0.0,0.0,0.11588079,0.1455286113789163
2018-04-17 07:00:00,0.5351621621621622,0.1641851456935566,0.0,0.0,0.0,0.23894722,0.1641851456935566
2018-04-17 08:00:00,0.6065675675675675,0.1614479859931522,0.0,0.0,0.0,0.37177662,0.1614479859931522
2018-04-17 09:00:00,0.6879898648648649,0.130637490078223,0.0,0.0,0.0,0.4663626,0.130637490078223
2018-04-17 10:00:00,0.6974662162162161,0.0960438573048904,0.0,0.0,0.0,0.42251943,0.0960438573048904
2018-04-17 11:00:00,0.6757972972972974,0.0689975578959951,0.0,0.0,0.0,0.11347337,0.0689975578959951
2018-04-17 12:00:00,0.7060641891891891,0.0463358064450388,0.0,0.0,0.0,0.21178579,0.0463358064450388
2018-04-17 13:00:00,0.7263986486486486,0.0363318029338815,0.0,0.0,0.0,0.13124053,0.0363318029338815
2018-04-17 14:00:00,0.6604949324324324,0.0279296193213471,0.15368506,0.0,0.15368506,0.0,0.0279296193213471
2018-04-17 15:00:00,0.6153378378378378,0.0224297025665334,0.46987938,0.0,0.46987938,0.0,0.0224297025665334
2018-04-17 16:00:00,0.6536182432432431,0.0242360140661591,0.75027883,0.0,0.75027883,0.0,0.0242360140661591
2018-04-17 17:00:00,0.7174476351351351,0.027913669550931,0.80382939,0.0,0.80382939,0.0,0.027913669550931
2018-04-17 18:00:00,0.781347972972973,0.0325600708371635,0.83758615,0.0,0.83758615,0.0,0.0325600708371635
2018-04-17 19:00:00,0.8038293918918918,0.0348338761902251,0.90415372,0.0,0.90415372,0.0,0.0348338761902251
2018-04-17 20:00:00,0.8375861486486487,0.034495264591804,0.92164189,0.0,0.92164189,0.0,0.034495264591804
2018-04-17 21:00:00,0.9041537162162162,0.0336710297928533,0.64201858,0.0,0.64201858,0.0,0.0336710297928533
2018-04-17 22:00:00,0.921641891891892,0.0363349624752669,0.46079223,0.0,0.46079223,0.0,0.0363349624752669
2018-04-17 23:00:00,0.642018581081081,0.0339103101409816,0.42932432,0.0,0.42932432,0.0,0.0339103101409816
2018-04-18 00:00:00,0.4607922297297297,0.0330959256769381,0.4149848,0.0,0.4149848,0.0,0.0330959256769381
2018-04-18 01:00:00,0.4293243243243243,0.0339218500702127,0.41231588,0.0,0.41231588,0.0,0.0339218500702127
2018-04-18 02:00:00,0.4149847972972972,0.0368865474381955,0.39898142,0.0,0.39898142,0.0,0.0368865474381955
2018-04-18 03:00:00,0.4123158783783783,0.0533732709304006,0.41174431,0.0,0.41174431,0.0,0.0533732709304006
2018-04-18 04:00:00,0.3989814189189189,0.0611690929320306,0.43268273,0.0,0.43268273,0.0,0.0611690929320306
2018-04-18 05:00:00,0.4131097972972972,0.075391692446649,0.45876773,0.0,0.45876773,0.0,0.075391692446649
2018-04-18 06:00:00,0.443554054054054,0.0924023591386465,0.51056219,0.0,0.51056219,0.0,0.0924023591386465
2018-04-18 07:00:00,0.5154493243243243,0.108527593925287,0.43593967,0.0,0.43593967,0.0,0.108527593925287
2018-04-18 08:00:00,0.6177010135135136,0.1157240830283995,0.0,0.0,0.0,0.019472327,0.1157240830283995
2018-04-18 09:00:00,0.6566891891891892,0.116233259173802,0.0,0.0,0.0,0.11355078,0.116233259173802
2018-04-18 10:00:00,0.7068344594594592,0.113734805359456,0.0,0.0,0.0,0.0080753528,0.113734805359456
2018-04-18 11:00:00,0.7155472972972974,0.1040552039584568,0.052130293,0.0,0.052130293,0.0,0.1040552039584568
2018-04-18 12:00:00,0.6852331081081081,0.0791306464134865,0.0,0.0,0.0,0.12503221,0.0791306464134865
2018-04-18 13:00:00,0.6898243243243244,0.0586184306530806,0.0,0.0,0.0,0.077588637,0.0586184306530806
2018-04-18 14:00:00,0.6578125,0.041138833952472,0.10706969,0.0,0.10706969,0.0,0.041138833952472
2018-04-18 15:00:00,0.6237584459459458,0.0344211758807081,0.44967986,0.0,0.44967986,0.0,0.0344211758807081
2018-04-18 16:00:00,0.6493817567567567,0.0312361554129094,0.73596013,0.0,0.73596013,0.0,0.0312361554129094
2018-04-18 17:00:00,0.722054054054054,0.0318087589292254,0.78097466,0.0,0.78097466,0.0,0.0318087589292254
2018-04-18 18:00:00,0.7712736486486486,0.0373185936027195,0.86303547,0.0,0.86303547,0.0,0.0373185936027195
2018-04-18 19:00:00,0.7809746621621622,0.035379784116226,0.87317736,0.0,0.87317736,0.0,0.035379784116226
2018-04-18 20:00:00,0.863035472972973,0.0360277942272106,0.83371959,0.0,0.83371959,0.0,0.0360277942272106
2018-04-18 21:00:00,0.873177364864865,0.0378126985667544,0.624125,0.0,0.624125,0.0,0.0378126985667544
2018-04-18 22:00:00,0.8337195945945947,0.0414559032232653,0.49838682,0.0,0.49838682,0.0,0.0414559032232653
2018-04-18 23:00:00,0.6241249999999999,0.0455997853657306,0.42178716,0.0,0.42178716,0.0,0.0455997853657306
2018-04-19 00:00:00,0.4983868243243243,0.0470939274181017,0.41002534,0.0,0.41002534,0.0,0.0470939274181017
2018-04-19 01:00:00,0.4217871621621621,0.0463011697614021,0.40394257,0.0,0.40394257,0.0,0.0463011697614021
2018-04-19 02:00:00,0.4100253378378378,0.05149621611644,0.40860304,0.0,0.40860304,0.0,0.05149621611644
2018-04-19 03:00:00,0.4039425675675675,0.0717664650737429,0.40098991,0.0,0.40098991,0.0,0.0717664650737429
2018-04-19 04:00:00,0.4086030405405405,0.0838814646289261,0.24174573,0.0,0.24174573,0.0,0.0838814646289261
2018-04-19 05:00:00,0.4133006756756756,0.1046668877914809,0.070703829,0.0,0.070703829,0.0,0.1046668877914809
2018-04-19 06:00:00,0.4556773648648647,0.1269066461641395,0.0,0.0,0.0,0.085881901,0.1269066461641395
2018-04-19 07:00:00,0.5521655405405406,0.1451871612620313,0.0,0.0,0.0,0.25310368,0.1451871612620313
2018-04-19 08:00:00,0.6425405405405406,0.1405604606456137,0.0,0.0,0.0,0.37351755,0.1405604606456137
2018-04-19 09:00:00,0.6747685810810812,0.1106070114514022,0.0,0.0,0.0,0.46945861,0.1106070114514022
2018-04-19 10:00:00,0.6943597972972971,0.0838095554945076,0.0,0.0,0.0,0.40572065,0.0838095554945076
2018-04-19 11:00:00,0.6726722972972973,0.0619251863919049,0.0,0.0,0.0,0.36890817,0.0619251863919049
2018-04-19 12:00:00,0.7396469594594594,0.0425214627794762,0.0,0.0,0.0,0.31329307,0.0425214627794762
2018-04-19 13:00:00,0.7119476351351351,0.0330198263485968,0.0,0.0,0.0,0.13173921,0.0330198263485968
2018-04-19 14:00:00,0.640456081081081,0.0275133877596935,0.15587922,0.0,0.15587922,0.0,0.0275133877596935
2018-04-19 15:00:00,0.6335945945945944,0.0238908468417619,0.46694564,0.0,0.46694564,0.0,0.0238908468417619
2018-04-19 16:00:00,0.6835371621621621,0.0248945503497805,0.71473336,0.0,0.71473336,0.0,0.0248945503497805
2018-04-19 17:00:00,0.7291266891891892,0.0282112915910581,0.79700169,0.0,0.79700169,0.0,0.0282112915910581
2018-04-19 18:00:00,0.7497432432432432,0.0322062022019991,0.82843243,0.0,0.82843243,0.0,0.0322062022019991
2018-04-19 19:00:00,0.7970016891891892,0.0348706924505394,0.86184122,0.0,0.86184122,0.0,0.0348706924505394
2018-04-19 20:00:00,0.8284324324324325,0.0328374515372922,0.8532348,0.0,0.8532348,0.0,0.0328374515372922
2018-04-19 21:00:00,0.8618412162162162,0.0331053536132646,0.61050169,0.0,0.61050169,0.0,0.0331053536132646
2018-04-19 22:00:00,0.8532347972972975,0.0322034650591947,0.48060304,0.0,0.48060304,0.0,0.0322034650591947
2018-04-19 23:00:00,0.6105016891891891,0.0327600343253784,0.43999155,0.0,0.43999155,0.0,0.0327600343253784
2018-04-20 00:00:00,0.4806030405405405,0.0288109286165538,0.41731588,0.0,0.41731588,0.0,0.0288109286165538
2018-04-20 01:00:00,0.439991554054054,0.0277441694483732,0.39983784,0.0,0.39983784,0.0,0.0277441694483732
2018-04-20 02:00:00,0.4173158783783783,0.0272875058945524,0.39965709,0.0,0.39965709,0.0,0.0272875058945524
2018-04-20 03:00:00,0.3998378378378379,0.0427443371667209,0.40189598,0.0,0.40189598,0.0,0.0427443371667209
2018-04-20 04:00:00,0.3996570945945946,0.0515804930813082,0.24069648,0.0,0.24069648,0.0,0.0515804930813082
2018-04-20 05:00:00,0.414125,0.0678390368600921,0.051695607,0.0,0.051695607,0.0,0.0678390368600921
2018-04-20 06:00:00,0.4504932432432432,0.0872170617428567,0.0,0.0,0.0,0.12417412,0.0872170617428567
2018-04-20 07:00:00,0.5279087837837838,0.1058262705204891,0.0,0.0,0.0,0.26560125,0.1058262705204891
2018-04-20 08:00:00,0.594160472972973,0.1011761859186307,0.0,0.0,0.0,0.36200078,0.1011761859186307
2018-04-20 09:00:00,0.6460675675675677,0.0780190454119537,0.0,0.0,0.0,0.40711676,0.0780190454119537
2018-04-20 10:00:00,0.6848327702702701,0.0580069157794889,0.0,0.0,0.0,0.36065804,0.0580069157794889
2018-04-20 11:00:00,0.7084324324324326,0.0397266372248024,0.0,0.0,0.0,0.36535519,0.0397266372248024
2018-04-20 12:00:00,0.7580608108108108,0.030920572985121,0.0,0.0,0.0,0.29840427,0.030920572985121
2018-04-20 13:00:00,0.6948800675675676,0.0253045979962094,0.0,0.0,0.0,0.13615178,0.0253045979962094
2018-04-20 14:00:00,0.638070945945946,0.0234441856863375,0.13315194,0.0,0.13315194,0.0,0.0234441856863375
2018-04-20 15:00:00,0.6161402027027025,0.0212487606139543,0.45294116,0.0,0.45294116,0.0,0.0212487606139543
2018-04-20 16:00:00,0.6582466216216215,0.0232413160958859,0.74823128,0.0,0.74823128,0.0,0.0232413160958859
2018-04-20 17:00:00,0.7190202702702703,0.0260893300798712,0.83777196,0.0,0.83777196,0.0,0.0260893300798712
2018-04-20 18:00:00,0.787143581081081,0.0334743948054563,0.87618243,0.0,0.87618243,0.0,0.0334743948054563
2018-04-20 19:00:00,0.8377719594594594,0.0339065592415829,0.88849831,0.0,0.88849831,0.0,0.0339065592415829
2018-04-20 20:00:00,0.8761824324324325,0.031795275966522,0.87823142,0.0,0.87823142,0.0,0.031795275966522
2018-04-20 21:00:00,0.8884983108108108,0.0294238627493777,0.64821453,0.0,0.64821453,0.0,0.0294238627493777
2018-04-20 22:00:00,0.878231418918919,0.0291100543956292,0.46128547,0.0,0.46128547,0.0,0.0291100543956292
2018-04-20 23:00:00,0.648214527027027,0.0294728102969365,0.42441385,0.0,0.42441385,0.0,0.0294728102969365
2018-04-21 00:00:00,0.461285472972973,0.023814494074272,0.41645608,0.0,0.41645608,0.0,0.023814494074272
2018-04-21 01:00:00,0.4244138513513513,0.0219607725579223,0.40116385,0.0,0.40116385,0.0,0.0219607725579223
2018-04-21 02:00:00,0.416456081081081,0.0198931484001868,0.39844595,0.0,0.39844595,0.0,0.0198931484001868
2018-04-21 03:00:00,0.4011638513513513,0.030516286855336,0.39853423,0.0,0.39853423,0.0,0.030516286855336
2018-04-21 04:00:00,0.3984459459459459,0.0361851968344103,0.22358553,0.0,0.22358553,0.0,0.0361851968344103
2018-04-21 05:00:00,0.4121249999999999,0.047458237746187,0.0089696063,0.0,0.0089696063,0.0,0.047458237746187
2018-04-21 06:00:00,0.4397702702702702,0.0622013674800636,0.0,0.0,0.0,0.16704801,0.0622013674800636
2018-04-21 07:00:00,0.489054054054054,0.0795382948359756,0.0,0.0,0.0,0.24148777,0.0795382948359756
2018-04-21 08:00:00,0.5532043918918919,0.0802602078026805,0.0,0.0,0.0,0.31115993,0.0802602078026805
2018-04-21 09:00:00,0.6688817567567568,0.0666916840426689,0.0,0.0,0.0,0.35600538,0.0666916840426689
2018-04-21 10:00:00,0.7270760135135134,0.0497267039811854,0.0,0.0,0.0,0.35257931,0.0497267039811854
2018-04-21 11:00:00,0.7474256756756757,0.0384971532273021,0.0,0.0,0.0,0.29772437,0.0384971532273021
2018-04-21 12:00:00,0.7543783783783783,0.0333492296579535,0.0,0.0,0.0,0.23216991,0.0333492296579535
2018-04-21 13:00:00,0.7476030405405406,0.0301245713073198,0.0,0.0,0.0,0.058748541,0.0301245713073198
2018-04-21 14:00:00,0.6899881756756757,0.0267975404366106,0.21160815,0.0,0.21160815,0.0,0.0267975404366106
2018-04-21 15:00:00,0.6814527027027026,0.0241502502582858,0.50177626,0.0,0.50177626,0.0,0.0241502502582858
2018-04-21 16:00:00,0.725581081081081,0.0238335358023006,0.74138093,0.0,0.74138093,0.0,0.0238335358023006
2018-04-21 17:00:00,0.7643260135135134,0.0260763370995217,0.8167027,0.0,0.8167027,0.0,0.0260763370995217
2018-04-21 18:00:00,0.7811638513513512,0.031376324158007,0.8791098,0.0,0.8791098,0.0,0.031376324158007
2018-04-21 19:00:00,0.8167027027027026,0.0347401712890306,0.95370101,0.0,0.95370101,0.0,0.0347401712890306
2018-04-21 20:00:00,0.8791097972972973,0.033903078677276,0.86211993,0.0,0.86211993,0.0,0.033903078677276
2018-04-21 21:00:00,0.9537010135135136,0.0305030066439514,0.62608953,0.0,0.62608953,0.0,0.0305030066439514
2018-04-21 22:00:00,0.8621199324324323,0.0284484430503385,0.48985135,0.0,0.48985135,0.0,0.0284484430503385
2018-04-21 23:00:00,0.626089527027027,0.0248330829082828,0.45233108,0.0,0.45233108,0.0,0.0248330829082828
2018-04-22 00:00:00,0.4898513513513513,0.0193982155349332,0.41460642,0.0,0.41460642,0.0,0.0193982155349332
2018-04-22 01:00:00,0.452331081081081,0.0152204401303336,0.40126014,0.0,0.40126014,0.0,0.0152204401303336
2018-04-22 02:00:00,0.4146064189189189,0.0127612693840144,0.39932095,0.0,0.39932095,0.0,0.0127612693840144
2018-04-22 03:00:00,0.4012601351351351,0.0170300970267202,0.406887,0.0,0.406887,0.0,0.0170300970267202
2018-04-22 04:00:00,0.3993209459459459,0.0211677614620741,0.21848711,0.0,0.21848711,0.0,0.0211677614620741
2018-04-22 05:00:00,0.4217972972972972,0.0276111645832084,0.0,0.0,0.0,0.015623375,0.0276111645832084
2018-04-22 06:00:00,0.4458040540540541,0.038848994349278,0.0,0.0,0.0,0.15370137,0.038848994349278
2018-04-22 07:00:00,0.4821942567567567,0.0510401439206324,0.0,0.0,0.0,0.21091747,0.0510401439206324
2018-04-22 08:00:00,0.5476554054054055,0.0558645777607575,0.0,0.0,0.0,0.26966257,0.0558645777607575
2018-04-22 09:00:00,0.6822685810810811,0.0476777329447841,0.0,0.0,0.0,0.18885274,0.0476777329447841
2018-04-22 10:00:00,0.7623530405405403,0.0377114918667623,0.0,0.0,0.0,0.20246824,0.0377114918667623
2018-04-22 11:00:00,0.7744358108108108,0.0302100140922714,0.0,0.0,0.0,0.31869014,0.0302100140922714
2018-04-22 12:00:00,0.7587027027027026,0.028733781739732,0.0,0.0,0.0,0.22678626,0.028733781739732
2018-04-22 13:00:00,0.7359037162162162,0.0284273569131782,0.0,0.0,0.0,0.057668154,0.0284273569131782
2018-04-22 14:00:00,0.7137432432432432,0.0273588067750144,0.19704121,0.0,0.19704121,0.0,0.0273588067750144
2018-04-22 15:00:00,0.6874020270270269,0.0263075073948959,0.53779549,0.0,0.53779549,0.0,0.0263075073948959
2018-04-22 16:00:00,0.7252280405405405,0.0250062832224096,0.77547512,0.0,0.77547512,0.0,0.0250062832224096
2018-04-22 17:00:00,0.7930118243243243,0.0283161816066761,0.83429561,0.0,0.83429561,0.0,0.0283161816066761
2018-04-22 18:00:00,0.817777027027027,0.0344731815939929,0.84595439,0.0,0.84595439,0.0,0.0344731815939929
2018-04-22 19:00:00,0.834295608108108,0.0335089132174903,0.8791098,0.0,0.8791098,0.0,0.0335089132174903
2018-04-22 20:00:00,0.8459543918918919,0.0309949489272521,0.85649493,0.0,0.85649493,0.0,0.0309949489272521
2018-04-22 21:00:00,0.8791097972972973,0.0303585970171014,0.64355912,0.0,0.64355912,0.0,0.0303585970171014
2018-04-22 22:00:00,0.8564949324324324,0.0261188810845934,0.46584459,0.0,0.46584459,0.0,0.0261188810845934
2018-04-22 23:00:00,0.6435591216216217,0.0247229213583749,0.41155574,0.0,0.41155574,0.0,0.0247229213583749
2018-04-23 00:00:00,0.4658445945945946,0.0193399921145371,0.40589527,0.0,0.40589527,0.0,0.0193399921145371
2018-04-23 01:00:00,0.4115557432432433,0.0120640244944359,0.39834797,0.0,0.39834797,0.0,0.0120640244944359
2018-04-23 02:00:00,0.4058952702702703,0.0098460940256604,0.4028277,0.0,0.4028277,0.0,0.0098460940256604
2018-04-23 03:00:00,0.3983479729729729,0.0123514920726773,0.4005731,0.0,0.4005731,0.0,0.0123514920726773
2018-04-23 04:00:00,0.4028277027027027,0.016132669001665,0.2835064,0.0,0.2835064,0.0,0.016132669001665
2018-04-23 05:00:00,0.4140557432432433,0.0228414735991724,0.1397122,0.0,0.1397122,0.0,0.0228414735991724
2018-04-23 06:00:00,0.4449341216216216,0.0359098436474702,0.0,0.0,0.0,0.096084538,0.0359098436474702
2018-04-23 07:00:00,0.5370219594594594,0.0500926701117079,0.0,0.0,0.0,0.20027202,0.0500926701117079
2018-04-23 08:00:00,0.6134560810810811,0.053277014741777,0.0,0.0,0.0,0.29984916,0.053277014741777
2018-04-23 09:00:00,0.6993783783783784,0.0439676541449396,0.0,0.0,0.0,0.38047612,0.0439676541449396
2018-04-23 10:00:00,0.7347263513513511,0.0330825609858374,0.0,0.0,0.0,0.39816117,0.0330825609858374
2018-04-23 11:00:00,0.7194746621621623,0.0295044732945635,0.0,0.0,0.0,0.37366491,0.0295044732945635
2018-04-23 12:00:00,0.702991554054054,0.0276132089923401,0.0,0.0,0.0,0.2674538,0.0276132089923401
2018-04-23 13:00:00,0.6632618243243243,0.0248927593797974,0.0,0.0,0.0,0.083533467,0.0248927593797974
2018-04-23 14:00:00,0.6457618243243243,0.0222783993948425,0.15510244,0.0,0.15510244,0.0,0.0222783993948425
2018-04-23 15:00:00,0.6412347972972972,0.0188684939225537,0.48484474,0.0,0.48484474,0.0,0.0188684939225537
2018-04-23 16:00:00,0.6639121621621621,0.0227529557525517,0.741197,0.0,0.741197,0.0,0.0227529557525517
2018-04-23 17:00:00,0.7456081081081081,0.027747565532964,0.80037669,0.0,0.80037669,0.0,0.027747565532964
2018-04-23 18:00:00,0.7822347972972973,0.0326001480145227,0.84901014,0.0,0.84901014,0.0,0.0326001480145227
2018-04-23 19:00:00,0.8003766891891891,0.0333301034502088,0.87440034,0.0,0.87440034,0.0,0.0333301034502088
2018-04-23 20:00:00,0.8490101351351351,0.03009753779814,0.88991892,0.0,0.88991892,0.0,0.03009753779814
2018-04-23 21:00:00,0.8744003378378379,0.0280016129354818,0.60428378,0.0,0.60428378,0.0,0.0280016129354818
2018-04-23 22:00:00,0.889918918918919,0.0260536796396401,0.45959797,0.0,0.45959797,0.0,0.0260536796396401
2018-04-23 23:00:00,0.6042837837837837,0.0247120572668732,0.41810304,0.0,0.41810304,0.0,0.0247120572668732
2018-04-24 00:00:00,0.4595979729729729,0.0208241824563412,0.41641554,0.0,0.41641554,0.0,0.0208241824563412
2018-04-24 01:00:00,0.4181030405405406,0.0148050364698986,0.39886318,0.0,0.39886318,0.0,0.0148050364698986
2018-04-24 02:00:00,0.4164155405405405,0.0132354371350292,0.40487331,0.0,0.40487331,0.0,0.0132354371350292
2018-04-24 03:00:00,0.3988631756756756,0.0174530700697257,0.40147166,0.0,0.40147166,0.0,0.0174530700697257
2018-04-24 04:00:00,0.4048733108108108,0.0213480749683038,0.25192614,0.0,0.25192614,0.0,0.0213480749683038
2018-04-24 05:00:00,0.4204003378378378,0.0281937704979209,0.20361622,0.0,0.20361622,0.0,0.0281937704979209
2018-04-24 06:00:00,0.4478125,0.0387830156909358,0.0,0.0,0.0,0.034168702,0.0387830156909358
2018-04-24 07:00:00,0.5222381756756757,0.0509038612424794,0.0,0.0,0.0,0.22893447,0.0509038612424794
2018-04-24 08:00:00,0.6187719594594596,0.0524055557814776,0.0,0.0,0.0,0.3339499,0.0524055557814776
2018-04-24 09:00:00,0.6958513513513515,0.0501770991400652,0.0,0.0,0.0,0.39452432,0.0501770991400652
2018-04-24 10:00:00,0.7212668918918916,0.050034463587255,0.0,0.0,0.0,0.39814474,0.050034463587255
2018-04-24 11:00:00,0.7264966216216218,0.0449994049187323,0.0,0.0,0.0,0.3322936,0.0449994049187323
2018-04-24 12:00:00,0.7276621621621621,0.0353690214003837,0.0,0.0,0.0,0.27457799,0.0353690214003837
2018-04-24 13:00:00,0.7342010135135135,0.0285593818136353,0.0,0.0,0.0,0.10826958,0.0285593818136353
2018-04-24 14:00:00,0.6472804054054054,0.0239882519545256,0.14322312,0.0,0.14322312,0.0,0.0239882519545256
2018-04-24 15:00:00,0.6436334459459458,0.0218051271288192,0.5052664,0.0,0.5052664,0.0,0.0218051271288192
2018-04-24 16:00:00,0.6668783783783784,0.0242382612266097,0.74741065,0.0,0.74741065,0.0,0.0242382612266097
2018-04-24 17:00:00,0.7388006756756756,0.0287434462192637,0.80094595,0.0,0.80094595,0.0,0.0287434462192637
2018-04-24 18:00:00,0.7902246621621621,0.0326137323528856,0.82590034,0.0,0.82590034,0.0,0.0326137323528856
2018-04-24 19:00:00,0.8009459459459459,0.0370281523384684,0.88208446,0.0,0.88208446,0.0,0.0370281523384684
2018-04-24 20:00:00,0.8259003378378378,0.0328368601792789,0.85340709,0.0,0.85340709,0.0,0.0328368601792789
2018-04-24 21:00:00,0.8820844594594593,0.0310528175328402,0.63493919,0.0,0.63493919,0.0,0.0310528175328402
2018-04-24 22:00:00,0.8534070945945947,0.0301331206545979,0.48063682,0.0,0.48063682,0.0,0.0301331206545979
2018-04-24 23:00:00,0.6349391891891891,0.0307397357046508,0.41714189,0.0,0.41714189,0.0,0.0307397357046508
2018-04-25 00:00:00,0.4806368243243242,0.0257134291347251,0.40486318,0.0,0.40486318,0.0,0.0257134291347251
2018-04-25 01:00:00,0.4171418918918919,0.021958052311061,0.39684122,0.0,0.39684122,0.0,0.021958052311061
2018-04-25 02:00:00,0.4048631756756756,0.0206226138535189,0.39876689,0.0,0.39876689,0.0,0.0206226138535189
2018-04-25 03:00:00,0.3968412162162161,0.0300472216791788,0.39428722,0.0,0.39428722,0.0,0.0300472216791788
2018-04-25 04:00:00,0.3987668918918919,0.0335528595658508,0.28388581,0.0,0.28388581,0.0,0.0335528595658508
2018-04-25 05:00:00,0.4146891891891891,0.0406200778072537,0.28326595,0.0,0.28326595,0.0,0.0406200778072537
2018-04-25 06:00:00,0.4536013513513513,0.0515970173137944,0.0,0.0,0.0,0.069531664,0.0515970173137944
2018-04-25 07:00:00,0.5260641891891892,0.0657758056475983,0.0,0.0,0.0,0.26336374,0.0657758056475983
2018-04-25 08:00:00,0.5945523648648648,0.070957673166911,0.0,0.0,0.0,0.32131202,0.070957673166911
2018-04-25 09:00:00,0.6613310810810811,0.0680899078252811,0.0,0.0,0.0,0.39317208,0.0680899078252811
2018-04-25 10:00:00,0.7293277027027025,0.0650072767735013,0.0,0.0,0.0,0.41714594,0.0650072767735013
2018-04-25 11:00:00,0.719820945945946,0.0525285413523029,0.0,0.0,0.0,0.35033144,0.0525285413523029
2018-04-25 12:00:00,0.6953057432432432,0.0367114209865398,0.0,0.0,0.0,0.27976875,0.0367114209865398
2018-04-25 13:00:00,0.7020000000000001,0.0294960929067177,0.0,0.0,0.0,0.09727054,0.0294960929067177
2018-04-25 14:00:00,0.648464527027027,0.0237332076913568,0.13471212,0.0,0.13471212,0.0,0.0237332076913568
2018-04-25 15:00:00,0.6479983108108107,0.0208041438676616,0.45740529,0.0,0.45740529,0.0,0.0208041438676616
2018-04-25 16:00:00,0.6548023648648649,0.0222599828167135,0.74519103,0.0,0.74519103,0.0,0.0222599828167135
2018-04-25 17:00:00,0.7235726351351351,0.0285473181101639,0.81652703,0.0,0.81652703,0.0,0.0285473181101639
2018-04-25 18:00:00,0.7894527027027027,0.0336326928976476,0.84627872,0.0,0.84627872,0.0,0.0336326928976476
2018-04-25 19:00:00,0.816527027027027,0.034180205938256,0.88157095,0.0,0.88157095,0.0,0.034180205938256
2018-04-25 20:00:00,0.8462787162162162,0.0316881387904535,0.83788345,0.0,0.83788345,0.0,0.0316881387904535
2018-04-25 21:00:00,0.881570945945946,0.0321411021327053,0.60333953,0.0,0.60333953,0.0,0.0321411021327053
2018-04-25 22:00:00,0.837883445945946,0.0313220543883284,0.46418919,0.0,0.46418919,0.0,0.0313220543883284
2018-04-25 23:00:00,0.603339527027027,0.0299045861263686,0.4285777,0.0,0.4285777,0.0,0.0299045861263686
2018-04-26 00:00:00,0.4641891891891891,0.0271909286830073,0.4184375,0.0,0.4184375,0.0,0.0271909286830073
2018-04-26 01:00:00,0.4285777027027027,0.0245011283114972,0.39745777,0.0,0.39745777,0.0,0.0245011283114972
2018-04-26 02:00:00,0.4184374999999999,0.0229081280952442,0.39891047,0.0,0.39891047,0.0,0.0229081280952442
2018-04-26 03:00:00,0.3974577702702702,0.0321297142669634,0.40710333,0.0,0.40710333,0.0,0.0321297142669634
2018-04-26 04:00:00,0.398910472972973,0.036089092709276,0.36698084,0.0,0.36698084,0.0,0.036089092709276
2018-04-26 05:00:00,0.4139172297297298,0.0441309703322723,0.33564057,0.0,0.33564057,0.0,0.0441309703322723
2018-04-26 06:00:00,0.4464949324324324,0.0575542565642152,0.1445775,0.0,0.1445775,0.0,0.0575542565642152
2018-04-26 07:00:00,0.5321030405405405,0.0717240393602736,0.0,0.0,0.0,0.019584402,0.0717240393602736
2018-04-26 08:00:00,0.6189527027027026,0.0735203822533892,0.0,0.0,0.0,0.32606091,0.0735203822533892
2018-04-26 09:00:00,0.6807972972972973,0.0671350842810483,0.0,0.0,0.0,0.43001802,0.0671350842810483
2018-04-26 10:00:00,0.7333885135135134,0.0608567207334572,0.0,0.0,0.0,0.41247851,0.0608567207334572
2018-04-26 11:00:00,0.6985912162162163,0.051097252208775,0.0,0.0,0.0,0.39320346,0.051097252208775
2018-04-26 12:00:00,0.7216841216216217,0.0397813631849484,0.0,0.0,0.0,0.31655321,0.0397813631849484
2018-04-26 13:00:00,0.6837331081081081,0.03228412629221,0.0,0.0,0.0,0.14895142,0.03228412629221
2018-04-26 14:00:00,0.6399121621621621,0.0256396614465505,0.10303886,0.0,0.10303886,0.0,0.0256396614465505
2018-04-26 15:00:00,0.6242280405405405,0.0229852242842364,0.45336999,0.0,0.45336999,0.0,0.0229852242842364
2018-04-26 16:00:00,0.6491402027027027,0.0238643540027656,0.72431735,0.0,0.72431735,0.0,0.0238643540027656
2018-04-26 17:00:00,0.7388395270270269,0.02734605033787,0.82203547,0.0,0.82203547,0.0,0.02734605033787
2018-04-26 18:00:00,0.7768648648648648,0.032728286848035,0.85603378,0.0,0.85603378,0.0,0.032728286848035
2018-04-26 19:00:00,0.822035472972973,0.0322156977220986,0.87197635,0.0,0.87197635,0.0,0.0322156977220986
2018-04-26 20:00:00,0.8560337837837838,0.0324471214566213,0.82459122,0.0,0.82459122,0.0,0.0324471214566213
2018-04-26 21:00:00,0.8719763513513513,0.0328830536880899,0.61297804,0.0,0.61297804,0.0,0.0328830536880899
2018-04-26 22:00:00,0.8245912162162163,0.0342140654085038,0.4711875,0.0,0.4711875,0.0,0.0342140654085038
2018-04-26 23:00:00,0.6129780405405405,0.0320324781136319,0.43362838,0.0,0.43362838,0.0,0.0320324781136319
2018-04-27 00:00:00,0.4711875,0.029379122291685,0.42735473,0.0,0.42735473,0.0,0.029379122291685
2018-04-27 01:00:00,0.4336283783783784,0.0249530610012117,0.41533277,0.0,0.41533277,0.0,0.0249530610012117
2018-04-27 02:00:00,0.4273547297297297,0.0225495961797462,0.41227703,0.0,0.41227703,0.0,0.0225495961797462
2018-04-27 03:00:00,0.4153327702702702,0.0282334928604722,0.3913768,0.0,0.3913768,0.0,0.0282334928604722
2018-04-27 04:00:00,0.412277027027027,0.0312808789746587,0.22866812,0.0,0.22866812,0.0,0.0312808789746587
2018-04-27 05:00:00,0.4143547297297296,0.0384560116055191,0.30872208,0.0,0.30872208,0.0,0.0384560116055191
2018-04-27 06:00:00,0.445518581081081,0.0484929622059895,0.33718442,0.0,0.33718442,0.0,0.0484929622059895
2018-04-27 07:00:00,0.5295354729729729,0.0593076837615078,0.20842595,0.0,0.20842595,0.0,0.0593076837615078
2018-04-27 08:00:00,0.6205456081081081,0.0586783436678005,0.23554955,0.0,0.23554955,0.0,0.0586783436678005
2018-04-27 09:00:00,0.6844087837837838,0.0494269699481537,0.018584309,0.0,0.018584309,0.0,0.0494269699481537
2018-04-27 10:00:00,0.706099662162162,0.0426601446815688,0.0,0.0,0.0,0.036060165,0.0426601446815688
2018-04-27 11:00:00,0.6909155405405406,0.0367806267700401,0.0,0.0,0.0,0.16806597,0.0367806267700401
2018-04-27 12:00:00,0.7123530405405404,0.0306675055473108,0.0,0.0,0.0,0.25219763,0.0306675055473108
2018-04-27 13:00:00,0.6729831081081082,0.0270673686501121,0.0,0.0,0.0,0.11922986,0.0270673686501121
2018-04-27 14:00:00,0.642108108108108,0.0222684307883323,0.13175442,0.0,0.13175442,0.0,0.0222684307883323
2018-04-27 15:00:00,0.6396233108108107,0.022758953812401,0.44307998,0.0,0.44307998,0.0,0.022758953812401
2018-04-27 16:00:00,0.6691266891891892,0.0222006273681205,0.75699903,0.0,0.75699903,0.0,0.0222006273681205
2018-04-27 17:00:00,0.7214679054054053,0.0263452698280316,0.82290878,0.0,0.82290878,0.0,0.0263452698280316
2018-04-27 18:00:00,0.8079577702702704,0.0323676936274623,0.83641554,0.0,0.83641554,0.0,0.0323676936274623
2018-04-27 19:00:00,0.8229087837837837,0.0325760037116364,0.86893581,0.0,0.86893581,0.0,0.0325760037116364
2018-04-27 20:00:00,0.8364155405405405,0.0284504029797541,0.86771622,0.0,0.86771622,0.0,0.0284504029797541
2018-04-27 21:00:00,0.8689358108108108,0.0292642974614436,0.61764358,0.0,0.61764358,0.0,0.0292642974614436
2018-04-27 22:00:00,0.8677162162162163,0.028337892893736,0.4560473,0.0,0.4560473,0.0,0.028337892893736
2018-04-27 23:00:00,0.617643581081081,0.0252237002199886,0.41947804,0.0,0.41947804,0.0,0.0252237002199886
2018-04-28 00:00:00,0.4560472972972972,0.0223675423913629,0.42963007,0.0,0.42963007,0.0,0.0223675423913629
2018-04-28 01:00:00,0.4194780405405405,0.0180422485063576,0.40114189,0.0,0.40114189,0.0,0.0180422485063576
2018-04-28 02:00:00,0.4296300675675675,0.015637432009433,0.39886655,0.0,0.39886655,0.0,0.015637432009433
2018-04-28 03:00:00,0.4011418918918918,0.0217455013451344,0.40939686,0.0,0.40939686,0.0,0.0217455013451344
2018-04-28 04:00:00,0.3988665540540541,0.0251461309445857,0.38567159,0.0,0.38567159,0.0,0.0251461309445857
2018-04-28 05:00:00,0.4188496621621622,0.0299579773069989,0.37957564,0.0,0.37957564,0.0,0.0299579773069989
2018-04-28 06:00:00,0.444545608108108,0.0375025397367452,0.053139064,0.0,0.053139064,0.0,0.0375025397367452
2018-04-28 07:00:00,0.4764932432432431,0.0453293995861022,0.062637531,0.0,0.062637531,0.0,0.0453293995861022
2018-04-28 08:00:00,0.553410472972973,0.0564192377853554,0.46589467,0.0,0.46589467,0.0,0.0564192377853554
2018-04-28 09:00:00,0.6607415540540541,0.0559832548660572,0.12399011,0.0,0.12399011,0.0,0.0559832548660572
2018-04-28 10:00:00,0.7382668918918918,0.0495370639142887,0.35703808,0.0,0.35703808,0.0,0.0495370639142887
2018-04-28 11:00:00,0.743918918918919,0.0405294986555579,0.082960012,0.0,0.082960012,0.0,0.0405294986555579
2018-04-28 12:00:00,0.7360118243243243,0.0361954526719556,0.05793836,0.0,0.05793836,0.0,0.0361954526719556
2018-04-28 13:00:00,0.7474138513513513,0.0328863821889077,0.0,0.0,0.0,0.081944318,0.0328863821889077
2018-04-28 14:00:00,0.7422533783783783,0.0283352064387613,0.29712552,0.0,0.29712552,0.0,0.0283352064387613
2018-04-28 15:00:00,0.694902027027027,0.0250997684763423,0.50886568,0.0,0.50886568,0.0,0.0250997684763423
2018-04-28 16:00:00,0.7429729729729729,0.0265909199467603,0.7401726,0.0,0.7401726,0.0,0.0265909199467603
2018-04-28 17:00:00,0.7998986486486486,0.0291213915735415,0.82254054,0.0,0.82254054,0.0,0.0291213915735415
2018-04-28 18:00:00,0.7978631756756756,0.0324936697802404,0.87314527,0.0,0.87314527,0.0,0.0324936697802404
2018-04-28 19:00:00,0.8225405405405405,0.0360371038919344,0.88559966,0.0,0.88559966,0.0,0.0360371038919344
2018-04-28 20:00:00,0.8731452702702702,0.0330059209873124,0.86078885,0.0,0.86078885,0.0,0.0330059209873124
2018-04-28 21:00:00,0.8855996621621621,0.0324257649843693,0.6254527,0.0,0.6254527,0.0,0.0324257649843693
2018-04-28 22:00:00,0.8607888513513514,0.030118387392095,0.49247973,0.0,0.49247973,0.0,0.030118387392095
2018-04-28 23:00:00,0.6254527027027026,0.0286854593420729,0.43031757,0.0,0.43031757,0.0,0.0286854593420729
2018-04-29 00:00:00,0.4924797297297297,0.0258594438761828,0.40460135,0.0,0.40460135,0.0,0.0258594438761828
2018-04-29 01:00:00,0.4303175675675675,0.0212691709133851,0.39886655,0.0,0.39886655,0.0,0.0212691709133851
2018-04-29 02:00:00,0.4046013513513513,0.0207600623517553,0.40383446,0.0,0.40383446,0.0,0.0207600623517553
2018-04-29 03:00:00,0.398866554054054,0.0280430079964135,0.3883366,0.0,0.3883366,0.0,0.0280430079964135
2018-04-29 04:00:00,0.4038344594594595,0.0304466586732546,0.28120135,0.0,0.28120135,0.0,0.0304466586732546
2018-04-29 05:00:00,0.4180388513513513,0.0352858595677693,0.21344208,0.0,0.21344208,0.0,0.0352858595677693
2018-04-29 06:00:00,0.4395827702702702,0.0431961346888895,0.0073779668,0.0,0.0073779668,0.0,0.0431961346888895
2018-04-29 07:00:00,0.4778631756756756,0.054640061170569,0.40217823,0.0,0.40217823,0.0,0.054640061170569
2018-04-29 08:00:00,0.5697128378378379,0.057994057966685,0.40644936,0.0,0.40644936,0.0,0.057994057966685
2018-04-29 09:00:00,0.6747280405405406,0.0526109090755852,0.36281563,0.0,0.36281563,0.0,0.0526109090755852
2018-04-29 10:00:00,0.7587989864864864,0.0448669407237509,0.12462677,0.0,0.12462677,0.0,0.0448669407237509
2018-04-29 11:00:00,0.7447922297297298,0.0361853320019563,0.0,0.0,0.0,0.15945246,0.0361853320019563
2018-04-29 12:00:00,0.7410591216216216,0.0324812174700745,0.0,0.0,0.0,0.15464268,0.0324812174700745
2018-04-29 13:00:00,0.7677263513513514,0.0320064752569895,0.0,0.0,0.0,0.047864814,0.0320064752569895
2018-04-29 14:00:00,0.7280405405405405,0.0282850592792327,0.15884284,0.0,0.15884284,0.0,0.0282850592792327
2018-04-29 15:00:00,0.7296013513513513,0.0257048628915037,0.50154634,0.0,0.50154634,0.0,0.0257048628915037
2018-04-29 16:00:00,0.7085219594594594,0.0251484794806956,0.74550459,0.0,0.74550459,0.0,0.0251484794806956
2018-04-29 17:00:00,0.7936672297297297,0.0273527411313921,0.81565203,0.0,0.81565203,0.0,0.0273527411313921
2018-04-29 18:00:00,0.7978665540540539,0.0335876821048631,0.85855405,0.0,0.85855405,0.0,0.0335876821048631
2018-04-29 19:00:00,0.815652027027027,0.0350473902249163,0.86108277,0.0,0.86108277,0.0,0.0350473902249163
2018-04-29 20:00:00,0.858554054054054,0.0324798657946155,0.83823818,0.0,0.83823818,0.0,0.0324798657946155
2018-04-29 21:00:00,0.8610827702702702,0.0325026922139293,0.63396622,0.0,0.63396622,0.0,0.0325026922139293
2018-04-29 22:00:00,0.8382381756756757,0.0318067821038666,0.48794088,0.0,0.48794088,0.0,0.0318067821038666
2018-04-29 23:00:00,0.6339662162162162,0.0304876144396622,0.43627196,0.0,0.43627196,0.0,0.0304876144396622
2018-04-30 00:00:00,0.4879408783783784,0.0260313432026802,0.42148986,0.0,0.42148986,0.0,0.0260313432026802
2018-04-30 01:00:00,0.4362719594594594,0.0214645049131529,0.39698311,0.0,0.39698311,0.0,0.0214645049131529
2018-04-30 02:00:00,0.4214898648648648,0.0192263837922085,0.39940372,0.0,0.39940372,0.0,0.0192263837922085
2018-04-30 03:00:00,0.3969831081081081,0.0267538982152284,0.38736376,0.0,0.38736376,0.0,0.0267538982152284
2018-04-30 04:00:00,0.3994037162162162,0.0317118269028722,0.29532739,0.0,0.29532739,0.0,0.0317118269028722
2018-04-30 05:00:00,0.4143885135135135,0.0413401322202026,0.41285953,0.0,0.41285953,0.0,0.0413401322202026
2018-04-30 06:00:00,0.4525979729729729,0.0534968985470689,0.25999055,0.0,0.25999055,0.0,0.0534968985470689
2018-04-30 07:00:00,0.5430608108108108,0.0685044666885545,0.11436283,0.0,0.11436283,0.0,0.0685044666885545
2018-04-30 08:00:00,0.6094172297297298,0.0706892304207549,0.017407532,0.0,0.017407532,0.0,0.0706892304207549
2018-04-30 09:00:00,0.6505827702702703,0.0640323301608725,0.0,0.0,0.0,0.11604145,0.0640323301608725
2018-04-30 10:00:00,0.7184527027027026,0.0570914766789424,0.0,0.0,0.0,0.3404586,0.0570914766789424
2018-04-30 11:00:00,0.7124577702702704,0.0503895994181622,0.0,0.0,0.0,0.39211333,0.0503895994181622
2018-04-30 12:00:00,0.6855489864864864,0.040548945886224,0.0,0.0,0.0,0.31616754,0.040548945886224
2018-04-30 13:00:00,0.6809442567567567,0.0331387062052153,0.0,0.0,0.0,0.09839026,0.0331387062052153
2018-04-30 14:00:00,0.6467010135135135,0.0257454638431032,0.37358921,0.0,0.37358921,0.0,0.0257454638431032
2018-04-30 15:00:00,0.679616554054054,0.0232369062547008,0.50779242,0.0,0.50779242,0.0,0.0232369062547008
2018-04-30 16:00:00,0.694652027027027,0.0247547702113774,0.72707545,0.0,0.72707545,0.0,0.0247547702113774
2018-04-30 17:00:00,0.6927787162162161,0.0268124426585461,0.7959375,0.0,0.7959375,0.0,0.0268124426585461
2018-04-30 18:00:00,0.7724679054054054,0.0320111892251527,0.85086149,0.0,0.85086149,0.0,0.0320111892251527
2018-04-30 19:00:00,0.7959374999999999,0.0325313815255464,0.85323142,0.0,0.85323142,0.0,0.0325313815255464
2018-04-30 20:00:00,0.8508614864864865,0.0319730043934362,0.8291875,0.0,0.8291875,0.0,0.0319730043934362
2018-04-30 21:00:00,0.8532314189189188,0.0306266342606196,0.6150152,0.0,0.6150152,0.0,0.0306266342606196
2018-04-30 22:00:00,0.8291875000000001,0.0319433858049411,0.46107264,0.0,0.46107264,0.0,0.0319433858049411
2018-04-30 23:00:00,0.6150152027027026,0.0309997980629612,0.41932432,0.0,0.41932432,0.0,0.0309997980629612
2018-05-01 00:00:00,0.4610726351351351,0.0312872656412024,0.40760135,0.0,0.40760135,0.0,0.0312872656412024
2018-05-01 01:00:00,0.4193243243243243,0.0291139573585171,0.39721622,0.0,0.39721622,0.0,0.0291139573585171
2018-05-01 02:00:00,0.4076013513513514,0.0279055594981771,0.3986875,0.0,0.3986875,0.0,0.0279055594981771
2018-05-01 03:00:00,0.3972162162162162,0.0402472857156633,0.4056559,0.0,0.4056559,0.0,0.0402472857156633
2018-05-01 04:00:00,0.3986875,0.0486941422021173,0.2455754,0.0,0.2455754,0.0,0.0486941422021173
2018-05-01 05:00:00,0.4137668918918918,0.0620780270944305,0.16744867,0.0,0.16744867,0.0,0.0620780270944305
2018-05-01 06:00:00,0.4551655405405405,0.0798906935240784,0.24779529,0.0,0.24779529,0.0,0.0798906935240784
2018-05-01 07:00:00,0.522,0.0942190278514766,0.0,0.0,0.0,0.058932438,0.0942190278514766
2018-05-01 08:00:00,0.606214527027027,0.0970660956626405,0.37799523,0.0,0.37799523,0.0,0.0970660956626405
2018-05-01 09:00:00,0.6647060810810811,0.0855090508409863,0.23015567,0.0,0.23015567,0.0,0.0855090508409863
2018-05-01 10:00:00,0.6928023648648649,0.0682233181930838,0.25566135,0.0,0.25566135,0.0,0.0682233181930838
2018-05-01 11:00:00,0.7248462837837838,0.0503509752919215,0.32596243,0.0,0.32596243,0.0,0.0503509752919215
2018-05-01 12:00:00,0.7019324324324325,0.0378687593064162,0.49155865,0.0,0.49155865,0.0,0.0378687593064162
2018-05-01 13:00:00,0.6868395270270271,0.0310065057524263,0.60137208,0.0,0.60137208,0.0,0.0310065057524263
2018-05-01 14:00:00,0.6384527027027027,0.023567188153106,0.5724327,0.0,0.5724327,0.0,0.023567188153106
2018-05-01 15:00:00,0.6568547297297297,0.0212683430121665,0.70115502,0.0,0.70115502,0.0,0.0212683430121665
2018-05-01 16:00:00,0.6688766891891892,0.0226259996350658,0.75699283,0.0,0.75699283,0.0,0.0226259996350658
2018-05-01 17:00:00,0.7144949324324325,0.0276577973865436,0.81064865,0.0,0.81064865,0.0,0.0276577973865436
2018-05-01 18:00:00,0.7770574324324325,0.0340992912660921,0.83757601,0.0,0.83757601,0.0,0.0340992912660921
2018-05-01 19:00:00,0.8106486486486487,0.032698735843313,0.85784797,0.0,0.85784797,0.0,0.032698735843313
2018-05-01 20:00:00,0.8375760135135135,0.0312825516730393,0.82621115,0.0,0.82621115,0.0,0.0312825516730393
2018-05-01 21:00:00,0.8578479729729731,0.0313431236295455,0.64499324,0.0,0.64499324,0.0,0.0313431236295455
2018-05-01 22:00:00,0.8262111486486488,0.0326623757734659,0.48215878,0.0,0.48215878,0.0,0.0326623757734659
2018-05-01 23:00:00,0.6449932432432431,0.0332740089186604,0.42088514,0.0,0.42088514,0.0,0.0332740089186604
2018-05-02 00:00:00,0.4821587837837838,0.0304470641758924,0.41094932,0.0,0.41094932,0.0,0.0304470641758924
2018-05-02 01:00:00,0.4208851351351351,0.0260529869059674,0.4031402,0.0,0.4031402,0.0,0.0260529869059674
2018-05-02 02:00:00,0.4109493243243243,0.0237867847273626,0.40038176,0.0,0.40038176,0.0,0.0237867847273626
2018-05-02 03:00:00,0.4031402027027027,0.0321857919025682,0.41879377,0.0,0.41879377,0.0,0.0321857919025682
2018-05-02 04:00:00,0.4003817567567568,0.0355671939186153,0.39574681,0.0,0.39574681,0.0,0.0355671939186153
2018-05-02 05:00:00,0.4214898648648649,0.0446114571660579,0.42920524,0.0,0.42920524,0.0,0.0446114571660579
2018-05-02 06:00:00,0.4506233108108107,0.0581453949302627,0.47766702,0.0,0.47766702,0.0,0.0581453949302627
2018-05-02 07:00:00,0.5477500000000001,0.068812226294624,0.41988173,0.0,0.41988173,0.0,0.068812226294624
2018-05-02 08:00:00,0.6098496621621622,0.0677694931577269,0.44168617,0.0,0.44168617,0.0,0.0677694931577269
2018-05-02 09:00:00,0.6849020270270271,0.0568914287110113,0.0,0.0,0.0,0.081404522,0.0568914287110113
2018-05-02 10:00:00,0.7070912162162162,0.0451137397666199,0.13257656,0.0,0.13257656,0.0,0.0451137397666199
2018-05-02 11:00:00,0.7164391891891891,0.0370576188634743,0.17754037,0.0,0.17754037,0.0,0.0370576188634743
2018-05-02 12:00:00,0.6815489864864864,0.0298137873274108,0.15190479,0.0,0.15190479,0.0,0.0298137873274108
2018-05-02 13:00:00,0.6629611486486487,0.0264325204789095,0.28130221,0.0,0.28130221,0.0,0.0264325204789095
2018-05-02 14:00:00,0.6214543918918918,0.0226882611858956,0.57019142,0.0,0.57019142,0.0,0.0226882611858956
2018-05-02 15:00:00,0.6183614864864864,0.019960208398896,0.69269405,0.0,0.69269405,0.0,0.019960208398896
2018-05-02 16:00:00,0.6823513513513513,0.0218434471280816,0.73902516,0.0,0.73902516,0.0,0.0218434471280816
2018-05-02 17:00:00,0.7405912162162163,0.0286120126768199,0.81578209,0.0,0.81578209,0.0,0.0286120126768199
2018-05-02 18:00:00,0.7684324324324325,0.0319403783270448,0.86102365,0.0,0.86102365,0.0,0.0319403783270448
2018-05-02 19:00:00,0.8157820945945945,0.0325163779279515,0.91040034,0.0,0.91040034,0.0,0.0325163779279515
2018-05-02 20:00:00,0.8610236486486486,0.0318397122972364,0.8314375,0.0,0.8314375,0.0,0.0318397122972364
2018-05-02 21:00:00,0.910400337837838,0.0314840526920887,0.5966875,0.0,0.5966875,0.0,0.0314840526920887
2018-05-02 22:00:00,0.8314375,0.0301130820659184,0.45373142,0.0,0.45373142,0.0,0.0301130820659184
2018-05-02 23:00:00,0.5966874999999999,0.0265102925056313,0.42616047,0.0,0.42616047,0.0,0.0265102925056313
2018-05-03 00:00:00,0.4537314189189189,0.0243072304669048,0.41719257,0.0,0.41719257,0.0,0.0243072304669048
2018-05-03 01:00:00,0.426160472972973,0.0219072968975758,0.40242905,0.0,0.40242905,0.0,0.0219072968975758
2018-05-03 02:00:00,0.4171925675675675,0.0193229441078104,0.40238007,0.0,0.40238007,0.0,0.0193229441078104
2018-05-03 03:00:00,0.402429054054054,0.0279484245061704,0.38350745,0.0,0.38350745,0.0,0.0279484245061704
2018-05-03 04:00:00,0.4023800675675675,0.032102511798351,0.41461164,0.0,0.41461164,0.0,0.032102511798351
2018-05-03 05:00:00,0.4142483108108108,0.0400080391594215,0.41783979,0.0,0.41783979,0.0,0.0400080391594215
2018-05-03 06:00:00,0.4466858108108107,0.0525999267124809,0.3475497,0.0,0.3475497,0.0,0.0525999267124809
2018-05-03 07:00:00,0.5198597972972973,0.0638739982767949,0.38826758,0.0,0.38826758,0.0,0.0638739982767949
2018-05-03 08:00:00,0.6040844594594595,0.0660829232078248,0.24498534,0.0,0.24498534,0.0,0.0660829232078248
2018-05-03 09:00:00,0.6579966216216216,0.0661536158343302,0.16433829,0.0,0.16433829,0.0,0.0661536158343302
2018-05-03 10:00:00,0.6792010135135134,0.0694974412726173,0.0076947444,0.0,0.0076947444,0.0,0.0694974412726173
2018-05-03 11:00:00,0.700722972972973,0.0686142565277111,0.12161728,0.0,0.12161728,0.0,0.0686142565277111
2018-05-03 12:00:00,0.6893918918918919,0.0581157425498811,0.12167327,0.0,0.12167327,0.0,0.0581157425498811
2018-05-03 13:00:00,0.683775337837838,0.0461055823224857,0.27283966,0.0,0.27283966,0.0,0.0461055823224857
2018-05-03 14:00:00,0.6754442567567567,0.0324918281224275,0.48766303,0.0,0.48766303,0.0,0.0324918281224275
2018-05-03 15:00:00,0.6536131756756756,0.0243887871849118,0.45055981,0.0,0.45055981,0.0,0.0243887871849118
2018-05-03 16:00:00,0.6611469594594593,0.0226314570247313,0.72720178,0.0,0.72720178,0.0,0.0226314570247313
2018-05-03 17:00:00,0.7202888513513515,0.0263574180112192,0.79268243,0.0,0.79268243,0.0,0.0263574180112192
2018-05-03 18:00:00,0.7792432432432432,0.0313014920254084,0.8055777,0.0,0.8055777,0.0,0.0313014920254084
2018-05-03 19:00:00,0.7926824324324325,0.0349908057110144,0.86490709,0.0,0.86490709,0.0,0.0349908057110144
2018-05-03 20:00:00,0.8055777027027027,0.0323379398714212,0.86221959,0.0,0.86221959,0.0,0.0323379398714212
2018-05-03 21:00:00,0.8649070945945947,0.0339195522219323,0.62037838,0.0,0.62037838,0.0,0.0339195522219323
2018-05-03 22:00:00,0.8622195945945947,0.0315009655312693,0.4677973,0.0,0.4677973,0.0,0.0315009655312693
2018-05-03 23:00:00,0.6203783783783783,0.0297809923015869,0.42230743,0.0,0.42230743,0.0,0.0297809923015869
2018-05-04 00:00:00,0.4677972972972973,0.0283914530337987,0.41040878,0.0,0.41040878,0.0,0.0283914530337987
2018-05-04 01:00:00,0.4223074324324325,0.0264735100372035,0.40308277,0.0,0.40308277,0.0,0.0264735100372035
2018-05-04 02:00:00,0.4104087837837837,0.0263829139895645,0.39945608,0.0,0.39945608,0.0,0.0263829139895645
2018-05-04 03:00:00,0.4030827702702702,0.0327484775002039,0.3980749,0.0,0.3980749,0.0,0.0327484775002039
2018-05-04 04:00:00,0.399456081081081,0.0361784891449452,0.38556346,0.0,0.38556346,0.0,0.0361784891449452
2018-05-04 05:00:00,0.4142871621621621,0.0457820588013759,0.14383851,0.0,0.14383851,0.0,0.0457820588013759
2018-05-04 06:00:00,0.4510945945945945,0.0593297160714894,0.16862531,0.0,0.16862531,0.0,0.0593297160714894
2018-05-04 07:00:00,0.5397972972972973,0.072654921352939,0.005084028,0.0,0.005084028,0.0,0.072654921352939
2018-05-04 08:00:00,0.6173513513513514,0.0727198524628003,0.0,0.0,0.0,0.15936743,0.0727198524628003
2018-05-04 09:00:00,0.6961317567567568,0.0633226667530147,0.0,0.0,0.0,0.18043701,0.0633226667530147
2018-05-04 10:00:00,0.7320810810810809,0.0497367232755253,0.0,0.0,0.0,0.18801666,0.0497367232755253
2018-05-04 11:00:00,0.7277905405405406,0.0393144944814122,0.0,0.0,0.0,0.047044855,0.0393144944814122
2018-05-04 12:00:00,0.6926537162162163,0.0316330242236131,0.066057563,0.0,0.066057563,0.0,0.0316330242236131
2018-05-04 13:00:00,0.7185270270270271,0.0271965550321054,0.051784357,0.0,0.051784357,0.0,0.0271965550321054
2018-05-04 14:00:00,0.6787364864864865,0.0223150804876108,0.46150345,0.0,0.46150345,0.0,0.0223150804876108
2018-05-04 15:00:00,0.6832466216216216,0.0198115747862364,0.58030749,0.0,0.58030749,0.0,0.0198115747862364
2018-05-04 16:00:00,0.6948581081081081,0.0220116631389533,0.76242058,0.0,0.76242058,0.0,0.0220116631389533
2018-05-04 17:00:00,0.7111925675675677,0.0275145873716633,0.78838007,0.0,0.78838007,0.0,0.0275145873716633
2018-05-04 18:00:00,0.7756739864864866,0.0322034312673082,0.79834797,0.0,0.79834797,0.0,0.0322034312673082
2018-05-04 19:00:00,0.7883800675675675,0.0332600697654897,0.82947804,0.0,0.82947804,0.0,0.0332600697654897
2018-05-04 20:00:00,0.7983479729729729,0.0295652648983316,0.80345777,0.0,0.80345777,0.0,0.0295652648983316
2018-05-04 21:00:00,0.8294780405405406,0.0291286230372471,0.61265203,0.0,0.61265203,0.0,0.0291286230372471
2018-05-04 22:00:00,0.8034577702702703,0.0291196006035583,0.46505743,0.0,0.46505743,0.0,0.0291196006035583
2018-05-04 23:00:00,0.6126520270270269,0.0248186199808716,0.41163007,0.0,0.41163007,0.0,0.0248186199808716
2018-05-05 00:00:00,0.4650574324324324,0.0208412980468408,0.40377027,0.0,0.40377027,0.0,0.0208412980468408
2018-05-05 01:00:00,0.4116300675675675,0.0163293715728349,0.39739527,0.0,0.39739527,0.0,0.0163293715728349
2018-05-05 02:00:00,0.4037702702702702,0.0143031255800879,0.40164527,0.0,0.40164527,0.0,0.0143031255800879
2018-05-05 03:00:00,0.3973952702702703,0.0199479250481624,0.40286948,0.0,0.40286948,0.0,0.0199479250481624
2018-05-05 04:00:00,0.4016452702702703,0.0247270101766384,0.30553284,0.0,0.30553284,0.0,0.0247270101766384
2018-05-05 05:00:00,0.4149155405405406,0.031132008818794,0.10214301,0.0,0.10214301,0.0,0.031132008818794
2018-05-05 06:00:00,0.4390236486486486,0.0405201889908341,0.0,0.0,0.0,0.18153733,0.0405201889908341
2018-05-05 07:00:00,0.4730118243243243,0.0480936772754028,0.0,0.0,0.0,0.25117983,0.0480936772754028
2018-05-05 08:00:00,0.5527719594594594,0.061071772298983,0.0,0.0,0.0,0.27437448,0.061071772298983
2018-05-05 09:00:00,0.6702364864864865,0.0653927239265764,0.0,0.0,0.0,0.0058401024,0.0653927239265764
2018-05-05 10:00:00,0.7845506756756756,0.0589057799597192,0.0,0.0,0.0,0.071860254,0.0589057799597192
2018-05-05 11:00:00,0.7824864864864866,0.0465125380113022,0.0,0.0,0.0,0.31573617,0.0465125380113022
2018-05-05 12:00:00,0.7413716216216217,0.0363883198640106,0.0,0.0,0.0,0.20711425,0.0363883198640106
2018-05-05 13:00:00,0.7557077702702704,0.0291695956995978,0.0,0.0,0.0,0.066283024,0.0291695956995978
2018-05-05 14:00:00,0.7462364864864865,0.0265979824510335,0.1657419,0.0,0.1657419,0.0,0.0265979824510335
2018-05-05 15:00:00,0.7084037162162161,0.0250472558847602,0.57933344,0.0,0.57933344,0.0,0.0250472558847602
2018-05-05 16:00:00,0.7176097972972972,0.0256752611989518,0.80171217,0.0,0.80171217,0.0,0.0256752611989518
2018-05-05 17:00:00,0.7708006756756757,0.0279157139600628,0.81916047,0.0,0.81916047,0.0,0.0279157139600628
2018-05-05 18:00:00,0.8256266891891892,0.0348912886053459,0.82755912,0.0,0.82755912,0.0,0.0348912886053459
2018-05-05 19:00:00,0.819160472972973,0.034777578907358,0.82838007,0.0,0.82838007,0.0,0.034777578907358
2018-05-05 20:00:00,0.8275591216216216,0.0329164231759838,0.85050676,0.0,0.85050676,0.0,0.0329164231759838
2018-05-05 21:00:00,0.8283800675675677,0.0322652028357842,0.62867736,0.0,0.62867736,0.0,0.0322652028357842
2018-05-05 22:00:00,0.8505067567567569,0.0318893525784679,0.49905068,0.0,0.49905068,0.0,0.0318893525784679
2018-05-05 23:00:00,0.6286773648648648,0.0323588570491492,0.42968581,0.0,0.42968581,0.0,0.0323588570491492
2018-05-06 00:00:00,0.4990506756756757,0.0304122078449936,0.42185473,0.0,0.42185473,0.0,0.0304122078449936
2018-05-06 01:00:00,0.4296858108108107,0.0271527438512908,0.40402534,0.0,0.40402534,0.0,0.0271527438512908
2018-05-06 02:00:00,0.4218547297297298,0.024480396989145,0.39976182,0.0,0.39976182,0.0,0.024480396989145
2018-05-06 03:00:00,0.4040253378378378,0.0337443919783901,0.36896941,0.0,0.36896941,0.0,0.0337443919783901
2018-05-06 04:00:00,0.3997618243243243,0.0368894704363755,0.16448803,0.0,0.16448803,0.0,0.0368894704363755
2018-05-06 05:00:00,0.4131739864864865,0.0429691714833812,0.0,0.0,0.0,0.054550187,0.0429691714833812
2018-05-06 06:00:00,0.4376706081081081,0.0513689051841459,0.0,0.0,0.0,0.20306988,0.0513689051841459
2018-05-06 07:00:00,0.4721638513513513,0.0605135810222485,0.0,0.0,0.0,0.25677996,0.0605135810222485
2018-05-06 08:00:00,0.5480033783783784,0.0672509228678841,0.0,0.0,0.0,0.31774573,0.0672509228678841
2018-05-06 09:00:00,0.6734645270270271,0.0668100232291037,0.0,0.0,0.0,0.39948998,0.0668100232291037
2018-05-06 10:00:00,0.7413243243243244,0.0573833034105391,0.0,0.0,0.0,0.38728161,0.0573833034105391
2018-05-06 11:00:00,0.7236131756756757,0.0452294769777961,0.0,0.0,0.0,0.36661495,0.0452294769777961
2018-05-06 12:00:00,0.7430675675675676,0.0358212075292468,0.0,0.0,0.0,0.28749765,0.0358212075292468
2018-05-06 13:00:00,0.7074932432432433,0.0321412373002513,0.0,0.0,0.0,0.097213948,0.0321412373002513
2018-05-06 14:00:00,0.6676756756756757,0.027778654068521,0.16798139,0.0,0.16798139,0.0,0.027778654068521
2018-05-06 15:00:00,0.6815337837837837,0.023832285502501,0.60520475,0.0,0.60520475,0.0,0.023832285502501
2018-05-06 16:00:00,0.7274611486486485,0.0251417886871737,0.70731073,0.0,0.70731073,0.0,0.0251417886871737
2018-05-06 17:00:00,0.7883614864864865,0.0295305944228084,0.80458108,0.0,0.80458108,0.0,0.0295305944228084
2018-05-06 18:00:00,0.7798699324324325,0.0333551939259161,0.80866554,0.0,0.80866554,0.0,0.0333551939259161
2018-05-06 19:00:00,0.8045810810810811,0.0345139177131382,0.83527872,0.0,0.83527872,0.0,0.0345139177131382
2018-05-06 20:00:00,0.8086655405405405,0.0305334193417788,0.8533125,0.0,0.8533125,0.0,0.0305334193417788
2018-05-06 21:00:00,0.8352787162162163,0.0302541294000644,0.66273311,0.0,0.66273311,0.0,0.0302541294000644
2018-05-06 22:00:00,0.8533125000000001,0.0297716826368632,0.47893412,0.0,0.47893412,0.0,0.0297716826368632
2018-05-06 23:00:00,0.662733108108108,0.0284525825564316,0.41555912,0.0,0.41555912,0.0,0.0284525825564316
2018-05-07 00:00:00,0.4789341216216217,0.0248901405085955,0.41283784,0.0,0.41283784,0.0,0.0248901405085955
2018-05-07 01:00:00,0.4155591216216216,0.0210614183953378,0.39722635,0.0,0.39722635,0.0,0.0210614183953378
2018-05-07 02:00:00,0.4128378378378379,0.0195875683707948,0.3990625,0.0,0.3990625,0.0,0.0195875683707948
2018-05-07 03:00:00,0.3972263513513513,0.0265498628046933,0.36532642,0.0,0.36532642,0.0,0.0265498628046933
2018-05-07 04:00:00,0.3990625,0.0311146228932027,0.18198676,0.0,0.18198676,0.0,0.0311146228932027
2018-05-07 05:00:00,0.4151891891891892,0.0411787421703988,0.0063632659,0.0,0.0063632659,0.0,0.0411787421703988
2018-05-07 06:00:00,0.4672685810810811,0.0559528928560595,0.0,0.0,0.0,0.16255101,0.0559528928560595
2018-05-07 07:00:00,0.548847972972973,0.0700332116326758,0.0,0.0,0.0,0.27020716,0.0700332116326758
2018-05-07 08:00:00,0.6084273648648649,0.0672212029037295,0.0,0.0,0.0,0.38107724,0.0672212029037295
2018-05-07 09:00:00,0.6831435810810811,0.0487181682334008,0.0,0.0,0.0,0.45654263,0.0487181682334008
2018-05-07 10:00:00,0.7022550675675675,0.0385062432447639,0.0,0.0,0.0,0.44558795,0.0385062432447639
2018-05-07 11:00:00,0.6923783783783785,0.0316752978735931,0.0,0.0,0.0,0.43295001,0.0316752978735931
2018-05-07 12:00:00,0.7084763513513515,0.0278467447197676,0.0,0.0,0.0,0.3207928,0.0278467447197676
2018-05-07 13:00:00,0.6621858108108108,0.0263282387172482,0.0,0.0,0.0,0.13486045,0.0263282387172482
2018-05-07 14:00:00,0.6546081081081081,0.0220295897347281,0.088560567,0.0,0.088560567,0.0,0.0220295897347281
2018-05-07 15:00:00,0.6625067567567567,0.0203689550576956,0.38790327,0.0,0.38790327,0.0,0.0203689550576956
2018-05-07 16:00:00,0.6614712837837837,0.0217333869538331,0.67675061,0.0,0.67675061,0.0,0.0217333869538331
2018-05-07 17:00:00,0.7066385135135136,0.0257333663477454,0.79270101,0.0,0.79270101,0.0,0.0257333663477454
2018-05-07 18:00:00,0.7534949324324325,0.0306444932726216,0.81457095,0.0,0.81457095,0.0,0.0306444932726216
2018-05-07 19:00:00,0.7927010135135136,0.0339216811107804,0.82804561,0.0,0.82804561,0.0,0.0339216811107804
2018-05-07 20:00:00,0.8145709459459458,0.0325605608195174,0.81083784,0.0,0.81083784,0.0,0.0325605608195174
2018-05-07 21:00:00,0.8280456081081082,0.0296156148091792,0.62452703,0.0,0.62452703,0.0,0.0296156148091792
2018-05-07 22:00:00,0.8108378378378379,0.0275568779175866,0.45806419,0.0,0.45806419,0.0,0.0275568779175866
2018-05-07 23:00:00,0.624527027027027,0.0230862789207394,0.41557264,0.0,0.41557264,0.0,0.0230862789207394
2018-05-08 00:00:00,0.4580641891891892,0.0181265592631124,0.40499324,0.0,0.40499324,0.0,0.0181265592631124
2018-05-08 01:00:00,0.4155726351351351,0.014122440363107,0.39769932,0.0,0.39769932,0.0,0.014122440363107
2018-05-08 02:00:00,0.4049932432432432,0.0118997452383384,0.39943581,0.0,0.39943581,0.0,0.0118997452383384
2018-05-08 03:00:00,0.3976993243243243,0.0172083154359885,0.36647573,0.0,0.36647573,0.0,0.0172083154359885
2018-05-08 04:00:00,0.3994358108108108,0.0194222415662168,0.16610322,0.0,0.16610322,0.0,0.0194222415662168
2018-05-08 05:00:00,0.413804054054054,0.0283067536703495,0.0,0.0,0.0,0.016604388,0.0283067536703495
2018-05-08 06:00:00,0.446241554054054,0.0394743132084949,0.0,0.0,0.0,0.17840943,0.0394743132084949
2018-05-08 07:00:00,0.5331706081081081,0.0518305192493356,0.0,0.0,0.0,0.30230308,0.0518305192493356
2018-05-08 08:00:00,0.6051925675675676,0.050839284947426,0.0,0.0,0.0,0.3818921,0.050839284947426
2018-05-08 09:00:00,0.6652601351351352,0.0462364751947462,0.0,0.0,0.0,0.4720179,0.0462364751947462
2018-05-08 10:00:00,0.7110506756756756,0.0436278598304918,0.0,0.0,0.0,0.47555123,0.0436278598304918
2018-05-08 11:00:00,0.684910472972973,0.0381843924220344,0.0,0.0,0.0,0.4122769,0.0381843924220344
2018-05-08 12:00:00,0.6780692567567569,0.0317468352972603,0.0,0.0,0.0,0.32523649,0.0317468352972603
2018-05-08 13:00:00,0.6757567567567568,0.0258983890253452,0.0,0.0,0.0,0.15484828,0.0258983890253452
2018-05-08 14:00:00,0.6419797297297298,0.0222712186189665,0.093806555,0.0,0.093806555,0.0,0.0222712186189665
2018-05-08 15:00:00,0.633483108108108,0.020194555131599,0.39554847,0.0,0.39554847,0.0,0.020194555131599
2018-05-08 16:00:00,0.6592128378378378,0.0237316194726925,0.66895417,0.0,0.66895417,0.0,0.0237316194726925
2018-05-08 17:00:00,0.7119645270270271,0.0272572790521007,0.79736993,0.0,0.79736993,0.0,0.0272572790521007
2018-05-08 18:00:00,0.7454476351351352,0.0306410802920876,0.82206419,0.0,0.82206419,0.0,0.0306410802920876
2018-05-08 19:00:00,0.7973699324324325,0.0325903314715017,0.87272973,0.0,0.87272973,0.0,0.0325903314715017
2018-05-08 20:00:00,0.8220641891891891,0.0300106926498997,0.84995777,0.0,0.84995777,0.0,0.0300106926498997
2018-05-08 21:00:00,0.8727297297297298,0.0281515475357707,0.64590541,0.0,0.64590541,0.0,0.0281515475357707
2018-05-08 22:00:00,0.8499577702702703,0.0269685273821733,0.46389696,0.0,0.46389696,0.0,0.0269685273821733
2018-05-08 23:00:00,0.6459054054054053,0.0264386030184748,0.412625,0.0,0.412625,0.0,0.0264386030184748
2018-05-09 00:00:00,0.4638969594594594,0.0209204893327945,0.40753041,0.0,0.40753041,0.0,0.0209204893327945
2018-05-09 01:00:00,0.412625,0.0143894300581446,0.40044257,0.0,0.40044257,0.0,0.0143894300581446
2018-05-09 02:00:00,0.4075304054054054,0.0125699059309074,0.39894595,0.0,0.39894595,0.0,0.0125699059309074
2018-05-09 03:00:00,0.4004425675675676,0.0141298914740747,0.36899859,0.0,0.36899859,0.0,0.0141298914740747
2018-05-09 04:00:00,0.3989459459459459,0.0171331791764117,0.17560058,0.0,0.17560058,0.0,0.0171331791764117
2018-05-09 05:00:00,0.4175185810810811,0.0217122670247864,0.0,0.0,0.0,0.012649875,0.0217122670247864
2018-05-09 06:00:00,0.4531655405405405,0.0330608496987773,0.0,0.0,0.0,0.14674973,0.0330608496987773
2018-05-09 07:00:00,0.5316773648648648,0.0444219015788775,0.0,0.0,0.0,0.28013869,0.0444219015788775
2018-05-09 08:00:00,0.6292381756756757,0.0449602739141945,0.0,0.0,0.0,0.36404555,0.0449602739141945
2018-05-09 09:00:00,0.6810371621621621,0.0392573861932697,0.0,0.0,0.0,0.47282463,0.0392573861932697
2018-05-09 10:00:00,0.7232702702702702,0.0383151501267487,0.0,0.0,0.0,0.46873605,0.0383151501267487
2018-05-09 11:00:00,0.6740371621621623,0.0359996286898339,0.0,0.0,0.0,0.42983272,0.0359996286898339
2018-05-09 12:00:00,0.6779611486486486,0.0320141629111626,0.0,0.0,0.0,0.32341388,0.0320141629111626
2018-05-09 13:00:00,0.6601097972972975,0.0278809421088802,0.0,0.0,0.0,0.15392106,0.0278809421088802
2018-05-09 14:00:00,0.644462837837838,0.0237301157337442,0.0720508,0.0,0.0720508,0.0,0.0237301157337442
2018-05-09 15:00:00,0.6333293918918919,0.0208295384703475,0.40874926,0.0,0.40874926,0.0,0.0208295384703475
2018-05-09 16:00:00,0.6386554054054053,0.0225470279963741,0.74416752,0.0,0.74416752,0.0,0.0225470279963741
2018-05-09 17:00:00,0.7233597972972974,0.0262137180139851,0.81035135,0.0,0.81035135,0.0,0.0262137180139851
2018-05-09 18:00:00,0.8198429054054055,0.0325494432888672,0.82997804,0.0,0.82997804,0.0,0.0325494432888672
2018-05-09 19:00:00,0.8103513513513513,0.032973717319502,0.83717568,0.0,0.83717568,0.0,0.032973717319502
2018-05-09 20:00:00,0.8299780405405405,0.0318688915912074,0.83309628,0.0,0.83309628,0.0,0.0318688915912074
2018-05-09 21:00:00,0.8371756756756757,0.031033589949436,0.63195608,0.0,0.63195608,0.0,0.031033589949436
2018-05-09 22:00:00,0.8330962837837839,0.0302213343742404,0.47819257,0.0,0.47819257,0.0,0.0302213343742404
2018-05-09 23:00:00,0.631956081081081,0.0287832868534177,0.41860473,0.0,0.41860473,0.0,0.0287832868534177
2018-05-10 00:00:00,0.4781925675675675,0.022399492620025,0.409,0.0,0.409,0.0,0.022399492620025
2018-05-10 01:00:00,0.4186047297297297,0.0182618450806143,0.39797973,0.0,0.39797973,0.0,0.0182618450806143
2018-05-10 02:00:00,0.409,0.0169125519496176,0.39938514,0.0,0.39938514,0.0,0.0169125519496176
2018-05-10 03:00:00,0.3979797297297297,0.0222388121998372,0.36777681,0.0,0.36777681,0.0,0.0222388121998372
2018-05-10 04:00:00,0.3993851351351351,0.0257256617976288,0.22241532,0.0,0.22241532,0.0,0.0257256617976288
2018-05-10 05:00:00,0.4203243243243243,0.0331171131897578,0.0,0.0,0.0,0.020788761,0.0331171131897578
2018-05-10 06:00:00,0.46125,0.0447039455593396,0.0,0.0,0.0,0.18099696,0.0447039455593396
2018-05-10 07:00:00,0.5216959459459459,0.0524902889368134,0.0,0.0,0.0,0.29416852,0.0524902889368134
2018-05-10 08:00:00,0.589981418918919,0.0540469121872764,0.0,0.0,0.0,0.35680292,0.0540469121872764
2018-05-10 09:00:00,0.6568429054054054,0.0419544349244285,0.0,0.0,0.0,0.42787556,0.0419544349244285
2018-05-10 10:00:00,0.7214983108108107,0.0375301477079951,0.0,0.0,0.0,0.42448345,0.0375301477079951
2018-05-10 11:00:00,0.7114780405405406,0.0320734169840962,0.0,0.0,0.0,0.36061755,0.0320734169840962
2018-05-10 12:00:00,0.7146655405405405,0.0301402507426442,0.0,0.0,0.0,0.30395599,0.0301402507426442
2018-05-10 13:00:00,0.7181435810810811,0.0246320211837575,0.0,0.0,0.0,0.14380774,0.0246320211837575
2018-05-10 14:00:00,0.6579290540540541,0.0213595304178188,0.067824751,0.0,0.067824751,0.0,0.0213595304178188
2018-05-10 15:00:00,0.6445236486486486,0.0194163110901403,0.3998997,0.0,0.3998997,0.0,0.0194163110901403
2018-05-10 16:00:00,0.638741554054054,0.0217619410979044,0.68890062,0.0,0.68890062,0.0,0.0217619410979044
2018-05-10 17:00:00,0.7222128378378379,0.0256314838100236,0.79321284,0.0,0.79321284,0.0,0.0256314838100236
2018-05-10 18:00:00,0.7711722972972974,0.030954314183766,0.83929561,0.0,0.83929561,0.0,0.030954314183766
2018-05-10 19:00:00,0.7932128378378379,0.0331851531531749,0.85748986,0.0,0.85748986,0.0,0.0331851531531749
2018-05-10 20:00:00,0.839295608108108,0.0325061727782361,0.81371622,0.0,0.81371622,0.0,0.0325061727782361
2018-05-10 21:00:00,0.857489864864865,0.0316836106776658,0.63974324,0.0,0.63974324,0.0,0.0316836106776658
2018-05-10 22:00:00,0.8137162162162163,0.0294478887806612,0.49683108,0.0,0.49683108,0.0,0.0294478887806612
2018-05-10 23:00:00,0.6397432432432432,0.0276455816195831,0.42928885,0.0,0.42928885,0.0,0.0276455816195831
2018-05-11 00:00:00,0.4968310810810811,0.0219323535813969,0.41569088,0.0,0.41569088,0.0,0.0219323535813969
2018-05-11 01:00:00,0.4292888513513514,0.0173057712365819,0.39680068,0.0,0.39680068,0.0,0.0173057712365819
2018-05-11 02:00:00,0.4156908783783784,0.0163297094916997,0.39888514,0.0,0.39888514,0.0,0.0163297094916997
2018-05-11 03:00:00,0.3968006756756757,0.0227054612561113,0.3727672,0.0,0.3727672,0.0,0.0227054612561113
2018-05-11 04:00:00,0.3988851351351352,0.0278769546662762,0.2109943,0.0,0.2109943,0.0,0.0278769546662762
2018-05-11 05:00:00,0.4145692567567567,0.0404037421500418,0.0,0.0,0.0,0.0024948422,0.0404037421500418
2018-05-11 06:00:00,0.4459425675675674,0.0523459299977928,0.0,0.0,0.0,0.156493,0.0523459299977928
2018-05-11 07:00:00,0.5399898648648649,0.0646959521234087,0.0,0.0,0.0,0.26649883,0.0646959521234087
2018-05-11 08:00:00,0.6133361486486487,0.0607571867318456,0.0,0.0,0.0,0.34244639,0.0607571867318456
2018-05-11 09:00:00,0.6857567567567567,0.0487592591673542,0.0,0.0,0.0,0.43528671,0.0487592591673542
2018-05-11 10:00:00,0.7335168918918918,0.0389763897612882,0.0,0.0,0.0,0.46427508,0.0389763897612882
2018-05-11 11:00:00,0.7032060810810811,0.0318710542719418,0.0,0.0,0.0,0.41245372,0.0318710542719418
2018-05-11 12:00:00,0.6740574324324325,0.0296001043332872,0.0,0.0,0.0,0.33754449,0.0296001043332872
2018-05-11 13:00:00,0.6764493243243244,0.0259256928696167,0.0,0.0,0.0,0.16020858,0.0259256928696167
2018-05-11 14:00:00,0.637856418918919,0.0218332926661958,0.067911996,0.0,0.067911996,0.0,0.0218332926661958
2018-05-11 15:00:00,0.6422584459459459,0.020754199459452,0.40315787,0.0,0.40315787,0.0,0.020754199459452
2018-05-11 16:00:00,0.6432229729729729,0.0209144743770021,0.70447132,0.0,0.70447132,0.0,0.0209144743770021
2018-05-11 17:00:00,0.7262010135135136,0.0252945449099831,0.80483615,0.0,0.80483615,0.0,0.0252945449099831
2018-05-11 18:00:00,0.788606418918919,0.0321116356076993,0.82402365,0.0,0.82402365,0.0,0.0321116356076993
2018-05-11 19:00:00,0.8048361486486487,0.0329323222585704,0.83903041,0.0,0.83903041,0.0,0.0329323222585704
2018-05-11 20:00:00,0.8240236486486486,0.0326574083661543,0.8467027,0.0,0.8467027,0.0,0.0326574083661543
2018-05-11 21:00:00,0.8390304054054055,0.0279262401326997,0.62398649,0.0,0.62398649,0.0,0.0279262401326997
2018-05-11 22:00:00,0.8467027027027028,0.027218942156895,0.45579392,0.0,0.45579392,0.0,0.027218942156895
2018-05-11 23:00:00,0.6239864864864865,0.0232092813875078,0.41435304,0.0,0.41435304,0.0,0.0232092813875078
2018-05-12 00:00:00,0.4557939189189189,0.0170656291953485,0.41172128,0.0,0.41172128,0.0,0.0170656291953485
2018-05-12 01:00:00,0.4143530405405405,0.0115467720881657,0.39649155,0.0,0.39649155,0.0,0.0115467720881657
2018-05-12 02:00:00,0.4117212837837837,0.0084827434698902,0.39858953,0.0,0.39858953,0.0,0.0084827434698902
2018-05-12 03:00:00,0.396491554054054,0.0074818108965624,0.36684904,0.0,0.36684904,0.0,0.0074818108965624
2018-05-12 04:00:00,0.398589527027027,0.0092959959057366,0.1951747,0.0,0.1951747,0.0,0.0092959959057366
2018-05-12 05:00:00,0.4141773648648649,0.0106540749272168,0.0,0.0,0.0,0.064166531,0.0106540749272168
2018-05-12 06:00:00,0.4386891891891892,0.0160697654049919,0.0,0.0,0.0,0.23805282,0.0160697654049919
2018-05-12 07:00:00,0.4771030405405405,0.0223135429567762,0.0,0.0,0.0,0.30452786,0.0223135429567762
2018-05-12 08:00:00,0.5445202702702703,0.0269657395515391,0.0,0.0,0.0,0.33749999,0.0269657395515391
2018-05-12 09:00:00,0.6611976351351352,0.0286805426225908,0.0,0.0,0.0,0.41099303,0.0286805426225908
2018-05-12 10:00:00,0.7580388513513512,0.0270301975749899,0.0,0.0,0.0,0.40039767,0.0270301975749899
2018-05-12 11:00:00,0.7432347972972974,0.0280566937104358,0.0,0.0,0.0,0.31327434,0.0280566937104358
2018-05-12 12:00:00,0.7526385135135135,0.02642302495881,0.0,0.0,0.0,0.22194521,0.02642302495881
2018-05-12 13:00:00,0.7818614864864865,0.0280853999179962,0.0,0.0,0.0,0.10302543,0.0280853999179962
2018-05-12 14:00:00,0.7556030405405405,0.0262093250687433,0.13844093,0.0,0.13844093,0.0,0.0262093250687433
2018-05-12 15:00:00,0.698831081081081,0.0257002671949433,0.46069521,0.0,0.46069521,0.0,0.0257002671949433
2018-05-12 16:00:00,0.7204493243243243,0.0247639109166689,0.70625955,0.0,0.70625955,0.0,0.0247639109166689
2018-05-12 17:00:00,0.7903631756756757,0.0281081418575938,0.78149493,0.0,0.78149493,0.0,0.0281081418575938
2018-05-12 18:00:00,0.7927668918918919,0.0322046308792781,0.82723142,0.0,0.82723142,0.0,0.0322046308792781
2018-05-12 19:00:00,0.7814949324324324,0.0334351117374293,0.83291385,0.0,0.83291385,0.0,0.0334351117374293
2018-05-12 20:00:00,0.8272314189189188,0.0308559797941243,0.83802027,0.0,0.83802027,0.0,0.0308559797941243
2018-05-12 21:00:00,0.8329138513513514,0.0303564681282533,0.67403547,0.0,0.67403547,0.0,0.0303564681282533
2018-05-12 22:00:00,0.8380202702702704,0.0262158806947193,0.49600338,0.0,0.49600338,0.0,0.0262158806947193
2018-05-12 23:00:00,0.6740354729729728,0.0233778691091306,0.41916892,0.0,0.41916892,0.0,0.0233778691091306
2018-05-13 00:00:00,0.4960033783783784,0.0204659208759351,0.41589865,0.0,0.41589865,0.0,0.0204659208759351
2018-05-13 01:00:00,0.4191689189189189,0.0134437134273168,0.40778547,0.0,0.40778547,0.0,0.0134437134273168
2018-05-13 02:00:00,0.4158986486486486,0.0117637159993342,0.39889358,0.0,0.39889358,0.0,0.0117637159993342
2018-05-13 03:00:00,0.4077854729729729,0.0145483533002358,0.35930633,0.0,0.35930633,0.0,0.0145483533002358
2018-05-13 04:00:00,0.3988935810810811,0.0163343220842034,0.14353951,0.0,0.14353951,0.0,0.0163343220842034
2018-05-13 05:00:00,0.4214408783783783,0.0201364499828056,0.0023714753,0.0,0.0023714753,0.0,0.0201364499828056
2018-05-13 06:00:00,0.4403783783783783,0.0246027743060136,0.0,0.0,0.0,0.050090524,0.0246027743060136
2018-05-13 07:00:00,0.4923243243243243,0.032383119623638,0.0,0.0,0.0,0.23447454,0.032383119623638
2018-05-13 08:00:00,0.5668530405405405,0.0371271287739531,0.0,0.0,0.0,0.20992908,0.0371271287739531
2018-05-13 09:00:00,0.6649881756756757,0.0338096441111731,0.0,0.0,0.0,0.23412841,0.0338096441111731
2018-05-13 10:00:00,0.7579476351351351,0.031968290425273,0.0,0.0,0.0,0.27021997,0.031968290425273
2018-05-13 11:00:00,0.7633057432432432,0.0283839850268877,0.0,0.0,0.0,0.20894082,0.0283839850268877
2018-05-13 12:00:00,0.7277837837837838,0.0287343055139724,0.0,0.0,0.0,0.21385446,0.0287343055139724
2018-05-13 13:00:00,0.7625354729729731,0.0288457511555663,0.0,0.0,0.0,0.069194616,0.0288457511555663
2018-05-13 14:00:00,0.737347972972973,0.0252480810660802,0.16947976,0.0,0.16947976,0.0,0.0252480810660802
2018-05-13 15:00:00,0.7079729729729728,0.0240295963276276,0.4326652,0.0,0.4326652,0.0,0.0240295963276276
2018-05-13 16:00:00,0.7321570945945945,0.0235784239553589,0.7137752,0.0,0.7137752,0.0,0.0235784239553589
2018-05-13 17:00:00,0.7489070945945947,0.0266256411101132,0.79654054,0.0,0.79654054,0.0,0.0266256411101132
2018-05-13 18:00:00,0.7957787162162162,0.0319454471100161,0.8398598,0.0,0.8398598,0.0,0.0319454471100161
2018-05-13 19:00:00,0.7965405405405405,0.0346185204977211,0.84944595,0.0,0.84944595,0.0,0.0346185204977211
2018-05-13 20:00:00,0.8398597972972972,0.0321702307388465,0.84199155,0.0,0.84199155,0.0,0.0321702307388465
2018-05-13 21:00:00,0.8494459459459461,0.0302527608286621,0.65216723,0.0,0.65216723,0.0,0.0302527608286621
2018-05-13 22:00:00,0.8419915540540541,0.029585354174841,0.48405574,0.0,0.48405574,0.0,0.029585354174841
2018-05-13 23:00:00,0.6521672297297296,0.0251455226906291,0.43173818,0.0,0.43173818,0.0,0.0251455226906291
2018-05-14 00:00:00,0.4840557432432432,0.0219231452923325,0.43519088,0.0,0.43519088,0.0,0.0219231452923325
2018-05-14 01:00:00,0.4317381756756757,0.0168327186178208,0.40081081,0.0,0.40081081,0.0,0.0168327186178208
2018-05-14 02:00:00,0.4351908783783784,0.0151111909613606,0.3999375,0.0,0.3999375,0.0,0.0151111909613606
2018-05-14 03:00:00,0.4008108108108107,0.0193278101394628,0.40568968,0.0,0.40568968,0.0,0.0193278101394628
2018-05-14 04:00:00,0.3999375,0.0228140345873548,0.30872563,0.0,0.30872563,0.0,0.0228140345873548
2018-05-14 05:00:00,0.4138006756756757,0.0302309650618858,0.27615122,0.0,0.27615122,0.0,0.0302309650618858
2018-05-14 06:00:00,0.4483547297297297,0.0407147457772129,0.0,0.0,0.0,0.14265387,0.0407147457772129
2018-05-14 07:00:00,0.5177635135135136,0.0503227252748285,0.0,0.0,0.0,0.25154198,0.0503227252748285
2018-05-14 08:00:00,0.6079054054054054,0.055293714526595,0.0,0.0,0.0,0.33517536,0.055293714526595
2018-05-14 09:00:00,0.6765641891891893,0.0515614513532795,0.0,0.0,0.0,0.43328276,0.0515614513532795
2018-05-14 10:00:00,0.7277787162162161,0.0549733336509271,0.0,0.0,0.0,0.42040607,0.0549733336509271
2018-05-14 11:00:00,0.6877381756756756,0.0529196655423059,0.0,0.0,0.0,0.38067046,0.0529196655423059
2018-05-14 12:00:00,0.700614864864865,0.0423044343885916,0.0,0.0,0.0,0.31099324,0.0423044343885916
2018-05-14 13:00:00,0.686089527027027,0.0321455288698335,0.0,0.0,0.0,0.14325523,0.0321455288698335
2018-05-14 14:00:00,0.634231418918919,0.0250443328865803,0.090210355,0.0,0.090210355,0.0,0.0250443328865803
2018-05-14 15:00:00,0.628214527027027,0.023775211006245,0.39707969,0.0,0.39707969,0.0,0.023775211006245
2018-05-14 16:00:00,0.6485016891891892,0.0233230586692686,0.69928236,0.0,0.69928236,0.0,0.0233230586692686
2018-05-14 17:00:00,0.7118868243243243,0.0280180864801382,0.7991098,0.0,0.7991098,0.0,0.0280180864801382
2018-05-14 18:00:00,0.7839138513513515,0.0323767160611511,0.81969595,0.0,0.81969595,0.0,0.0323767160611511
2018-05-14 19:00:00,0.7991097972972973,0.032085142768703,0.87983446,0.0,0.87983446,0.0,0.032085142768703
2018-05-14 20:00:00,0.8196959459459459,0.0310696289963614,0.825625,0.0,0.825625,0.0,0.0310696289963614
2018-05-14 21:00:00,0.8798344594594596,0.0309134428970747,0.63117399,0.0,0.63117399,0.0,0.0309134428970747
2018-05-14 22:00:00,0.825625,0.0295988371375442,0.47327872,0.0,0.47327872,0.0,0.0295988371375442
2018-05-14 23:00:00,0.6311739864864864,0.0269232124624105,0.41938851,0.0,0.41938851,0.0,0.0269232124624105
2018-05-15 00:00:00,0.4732787162162162,0.0236900892442149,0.41244595,0.0,0.41244595,0.0,0.0236900892442149
2018-05-15 01:00:00,0.4193885135135135,0.0185033050054203,0.39748311,0.0,0.39748311,0.0,0.0185033050054203
2018-05-15 02:00:00,0.4124459459459459,0.015880530840733,0.3987027,0.0,0.3987027,0.0,0.015880530840733
2018-05-15 03:00:00,0.3974831081081081,0.0217453492816452,0.35708287,0.0,0.35708287,0.0,0.0217453492816452
2018-05-15 04:00:00,0.3987027027027027,0.0245156081348517,0.30838029,0.0,0.30838029,0.0,0.0245156081348517
2018-05-15 05:00:00,0.4172888513513514,0.0322881475267005,0.0,0.0,0.0,0.014388639,0.0322881475267005
2018-05-15 06:00:00,0.4466469594594593,0.0434645943309888,0.0,0.0,0.0,0.13687895,0.0434645943309888
2018-05-15 07:00:00,0.5201621621621623,0.054006176068131,0.0,0.0,0.0,0.21287035,0.054006176068131
2018-05-15 08:00:00,0.6203057432432433,0.0568154307583296,0.0,0.0,0.0,0.35583759,0.0568154307583296
2018-05-15 09:00:00,0.7226097972972974,0.0538348343077604,0.0,0.0,0.0,0.40851572,0.0538348343077604
2018-05-15 10:00:00,0.708456081081081,0.0559917197336191,0.0,0.0,0.0,0.44355199,0.0559917197336191
2018-05-15 11:00:00,0.7192618243243244,0.0534142266968082,0.0,0.0,0.0,0.38275302,0.0534142266968082
2018-05-15 12:00:00,0.6850101351351352,0.043826218204099,0.0,0.0,0.0,0.31683558,0.043826218204099
2018-05-15 13:00:00,0.6879459459459459,0.0319266757170793,0.0,0.0,0.0,0.14248505,0.0319266757170793
2018-05-15 14:00:00,0.6365557432432433,0.0257648096981101,0.095438499,0.0,0.095438499,0.0,0.0257648096981101
2018-05-15 15:00:00,0.6417533783783783,0.0212873509483085,0.39281538,0.0,0.39281538,0.0,0.0212873509483085
2018-05-15 16:00:00,0.6653277027027027,0.0227174235839233,0.71444835,0.0,0.71444835,0.0,0.0227174235839233
2018-05-15 17:00:00,0.7195202702702703,0.0283654163852699,0.81180912,0.0,0.81180912,0.0,0.0283654163852699
2018-05-15 18:00:00,0.8060489864864866,0.0319315417487317,0.82057095,0.0,0.82057095,0.0,0.0319315417487317
2018-05-15 19:00:00,0.8118091216216216,0.0327088227214257,0.83977703,0.0,0.83977703,0.0,0.0327088227214257
2018-05-15 20:00:00,0.820570945945946,0.032671127872063,0.82810811,0.0,0.82810811,0.0,0.032671127872063
2018-05-15 21:00:00,0.8397770270270272,0.0315284890228032,0.61257095,0.0,0.61257095,0.0,0.0315284890228032
2018-05-15 22:00:00,0.8281081081081082,0.0276824823596135,0.46272973,0.0,0.46272973,0.0,0.0276824823596135
2018-05-15 23:00:00,0.6125709459459459,0.0264574757870712,0.41977703,0.0,0.41977703,0.0,0.0264574757870712
2018-05-16 00:00:00,0.4627297297297297,0.0223590944197443,0.41715541,0.0,0.41715541,0.0,0.0223590944197443
2018-05-16 01:00:00,0.419777027027027,0.0171540456663099,0.4088125,0.0,0.4088125,0.0,0.0171540456663099
2018-05-16 02:00:00,0.4171554054054054,0.0160167121432265,0.39973818,0.0,0.39973818,0.0,0.0160167121432265
2018-05-16 03:00:00,0.4088124999999999,0.0217917624377184,0.35054737,0.0,0.35054737,0.0,0.0217917624377184
2018-05-16 04:00:00,0.3997381756756757,0.0255207309021023,0.15578982,0.0,0.15578982,0.0,0.0255207309021023
2018-05-16 05:00:00,0.4180777027027027,0.0325408432537594,0.0,0.0,0.0,0.038022602,0.0325408432537594
2018-05-16 06:00:00,0.4555557432432432,0.0429233496853213,0.0,0.0,0.0,0.152882,0.0429233496853213
2018-05-16 07:00:00,0.5135962837837837,0.0514650431011668,0.0,0.0,0.0,0.28753688,0.0514650431011668
2018-05-16 08:00:00,0.6198125000000001,0.0508813727420304,0.0,0.0,0.0,0.35398439,0.0508813727420304
2018-05-16 09:00:00,0.6531942567567568,0.0399534483668215,0.0,0.0,0.0,0.38872472,0.0399534483668215
2018-05-16 10:00:00,0.6975456081081081,0.0362060464283654,0.0,0.0,0.0,0.40181095,0.0362060464283654
2018-05-16 11:00:00,0.7184493243243243,0.0312339589402884,0.0,0.0,0.0,0.35674446,0.0312339589402884
2018-05-16 12:00:00,0.7040287162162162,0.0292574883963189,0.0,0.0,0.0,0.30409571,0.0292574883963189
2018-05-16 13:00:00,0.6916875000000001,0.0251122545783946,0.0,0.0,0.0,0.13748535,0.0251122545783946
2018-05-16 14:00:00,0.6296114864864866,0.0229527502813341,0.083067193,0.0,0.083067193,0.0,0.0229527502813341
2018-05-16 15:00:00,0.6300118243243242,0.0201378016582646,0.38706409,0.0,0.38706409,0.0,0.0201378016582646
2018-05-16 16:00:00,0.6442297297297297,0.0207168932167837,0.65541131,0.0,0.65541131,0.0,0.0207168932167837
2018-05-16 17:00:00,0.7129847972972972,0.0257238539317026,0.79325845,0.0,0.79325845,0.0,0.0257238539317026
2018-05-16 18:00:00,0.749329391891892,0.0314026142456844,0.82018074,0.0,0.82018074,0.0,0.0314026142456844
2018-05-16 19:00:00,0.7932584459459461,0.0318408781173197,0.83691892,0.0,0.83691892,0.0,0.0318408781173197
2018-05-16 20:00:00,0.8201807432432432,0.0299281728631281,0.81202196,0.0,0.81202196,0.0,0.0299281728631281
2018-05-16 21:00:00,0.836918918918919,0.028597566645352,0.62344257,0.0,0.62344257,0.0,0.028597566645352
2018-05-16 22:00:00,0.8120219594594595,0.0282874585031723,0.46720439,0.0,0.46720439,0.0,0.0282874585031723
2018-05-16 23:00:00,0.6234425675675676,0.0257096275474967,0.41390372,0.0,0.41390372,0.0,0.0257096275474967
2018-05-17 00:00:00,0.4672043918918919,0.0197910800070894,0.40345608,0.0,0.40345608,0.0,0.0197910800070894
2018-05-17 01:00:00,0.4139037162162162,0.0153088566012951,0.39679561,0.0,0.39679561,0.0,0.0153088566012951
2018-05-17 02:00:00,0.4034560810810811,0.0124042243115213,0.39997635,0.0,0.39997635,0.0,0.0124042243115213
2018-05-17 03:00:00,0.3967956081081081,0.015954045089759,0.34676015,0.0,0.34676015,0.0,0.015954045089759
2018-05-17 04:00:00,0.3999763513513514,0.0195178050211675,0.14672757,0.0,0.14672757,0.0,0.0195178050211675
2018-05-17 05:00:00,0.4155489864864864,0.0248979295384281,0.0,0.0,0.0,0.015696843,0.0248979295384281
2018-05-17 06:00:00,0.4451537162162162,0.0354393254201947,0.0,0.0,0.0,0.15368595,0.0354393254201947
2018-05-17 07:00:00,0.5294256756756757,0.0448143098605664,0.0,0.0,0.0,0.25125887,0.0448143098605664
2018-05-17 08:00:00,0.6040489864864865,0.0457180907602789,0.0,0.0,0.0,0.34144166,0.0457180907602789
2018-05-17 09:00:00,0.6689138513513514,0.0413574505620209,0.0,0.0,0.0,0.39771119,0.0413574505620209
2018-05-17 10:00:00,0.6980608108108107,0.0396736853386963,0.0,0.0,0.0,0.38534613,0.0396736853386963
2018-05-17 11:00:00,0.6995472972972973,0.034350432566373,0.0,0.0,0.0,0.35919519,0.034350432566373
2018-05-17 12:00:00,0.7105236486486487,0.0303309214620783,0.0,0.0,0.0,0.29913487,0.0303309214620783
2018-05-17 13:00:00,0.6802432432432433,0.0268192855155572,0.0,0.0,0.0,0.14874726,0.0268192855155572
2018-05-17 14:00:00,0.6304831081081081,0.0230655644943303,0.10289786,0.0,0.10289786,0.0,0.0230655644943303
2018-05-17 15:00:00,0.6205388513513513,0.0195622582478252,0.40038295,0.0,0.40038295,0.0,0.0195622582478252
2018-05-17 16:00:00,0.6704037162162161,0.0241845828149443,0.68858553,0.0,0.68858553,0.0,0.0241845828149443
2018-05-17 17:00:00,0.7322145270270272,0.0275138439501609,0.80200676,0.0,0.80200676,0.0,0.0275138439501609
2018-05-17 18:00:00,0.786989864864865,0.0313931356215282,0.8190625,0.0,0.8190625,0.0,0.0313931356215282
2018-05-17 19:00:00,0.8020067567567567,0.0335590772729622,0.85355405,0.0,0.85355405,0.0,0.0335590772729622
2018-05-17 20:00:00,0.8190625,0.0324420864655366,0.85046791,0.0,0.85046791,0.0,0.0324420864655366
2018-05-17 21:00:00,0.8535540540540543,0.0295270293787854,0.63576858,0.0,0.63576858,0.0,0.0295270293787854
2018-05-17 22:00:00,0.8504679054054056,0.0311120716057737,0.49073311,0.0,0.49073311,0.0,0.0311120716057737
2018-05-17 23:00:00,0.635768581081081,0.0267064881985041,0.42086486,0.0,0.42086486,0.0,0.0267064881985041
2018-05-18 00:00:00,0.4907331081081081,0.0232294551437333,0.42353885,0.0,0.42353885,0.0,0.0232294551437333
2018-05-18 01:00:00,0.4208648648648649,0.0181698297737434,0.40111824,0.0,0.40111824,0.0,0.0181698297737434
2018-05-18 02:00:00,0.4235388513513514,0.0160970016654908,0.39943919,0.0,0.39943919,0.0,0.0160970016654908
2018-05-18 03:00:00,0.4011182432432432,0.0214082921100019,0.37655083,0.0,0.37655083,0.0,0.0214082921100019
2018-05-18 04:00:00,0.3994391891891892,0.0247900320449139,0.17815259,0.0,0.17815259,0.0,0.0247900320449139
2018-05-18 05:00:00,0.4138344594594594,0.0327336597579848,0.019508309,0.0,0.019508309,0.0,0.0327336597579848
2018-05-18 06:00:00,0.4507972972972973,0.0433390912646211,0.0,0.0,0.0,0.11848634,0.0433390912646211
2018-05-18 07:00:00,0.5642027027027028,0.0539731782909884,0.0,0.0,0.0,0.26820143,0.0539731782909884
2018-05-18 08:00:00,0.641679054054054,0.0587131831027561,0.0,0.0,0.0,0.19704939,0.0587131831027561
2018-05-18 09:00:00,0.6672787162162163,0.0583097079782466,0.0,0.0,0.0,0.42568897,0.0583097079782466
2018-05-18 10:00:00,0.6949003378378378,0.0612644705316056,0.0,0.0,0.0,0.35931014,0.0612644705316056
2018-05-18 11:00:00,0.681885135135135,0.0611324118392621,0.0,0.0,0.0,0.2840816,0.0611324118392621
2018-05-18 12:00:00,0.6709510135135136,0.0517153058123995,0.0,0.0,0.0,0.28510363,0.0517153058123995
2018-05-18 13:00:00,0.6830016891891891,0.0397432121451183,0.0,0.0,0.0,0.12801942,0.0397432121451183
2018-05-18 14:00:00,0.661543918918919,0.0282408932836101,0.1427821,0.0,0.1427821,0.0,0.0282408932836101
2018-05-18 15:00:00,0.6414003378378377,0.024257505705957,0.59425724,0.0,0.59425724,0.0,0.024257505705957
2018-05-18 16:00:00,0.6616655405405405,0.024722076561213,0.74506621,0.0,0.74506621,0.0,0.024722076561213
2018-05-18 17:00:00,0.7099594594594595,0.0287829151426663,0.80049155,0.0,0.80049155,0.0,0.0287829151426663
2018-05-18 18:00:00,0.7756081081081081,0.0327108840265008,0.82275,0.0,0.82275,0.0,0.0327108840265008
2018-05-18 19:00:00,0.8004915540540541,0.0350749475083366,0.81873142,0.0,0.81873142,0.0,0.0350749475083366
2018-05-18 20:00:00,0.8227499999999999,0.0333339219333804,0.84913176,0.0,0.84913176,0.0,0.0333339219333804
2018-05-18 21:00:00,0.818731418918919,0.0324639498160859,0.62585135,0.0,0.62585135,0.0,0.0324639498160859
2018-05-18 22:00:00,0.8491317567567569,0.0333823457066988,0.45840372,0.0,0.45840372,0.0,0.0333823457066988
2018-05-18 23:00:00,0.6258513513513513,0.0320581092595232,0.42211824,0.0,0.42211824,0.0,0.0320581092595232
2018-05-19 00:00:00,0.4584037162162162,0.0301652567386356,0.41143412,0.0,0.41143412,0.0,0.0301652567386356
2018-05-19 01:00:00,0.4221182432432433,0.0255678029999618,0.39783277,0.0,0.39783277,0.0,0.0255678029999618
2018-05-19 02:00:00,0.4114341216216217,0.0239211919558163,0.39941385,0.0,0.39941385,0.0,0.0239211919558163
2018-05-19 03:00:00,0.3978327702702702,0.0317700165313819,0.34337211,0.0,0.34337211,0.0,0.0317700165313819
2018-05-19 04:00:00,0.3994138513513513,0.0358020306336723,0.29096626,0.0,0.29096626,0.0,0.0358020306336723
2018-05-19 05:00:00,0.4157871621621622,0.0417589150692851,0.085729047,0.0,0.085729047,0.0,0.0417589150692851
2018-05-19 06:00:00,0.4445489864864865,0.0495240709339391,0.0,0.0,0.0,0.23414892,0.0495240709339391
2018-05-19 07:00:00,0.4728175675675675,0.0580111904531278,0.0,0.0,0.0,0.31179546,0.0580111904531278
2018-05-19 08:00:00,0.5460135135135136,0.0658900053279401,0.0,0.0,0.0,0.31846471,0.0658900053279401
2018-05-19 09:00:00,0.6470270270270271,0.0692885905182597,0.0,0.0,0.0,0.40181333,0.0692885905182597
2018-05-19 10:00:00,0.7627635135135135,0.0678646680059832,0.0,0.0,0.0,0.38480832,0.0678646680059832
2018-05-19 11:00:00,0.7429881756756757,0.0595723756082652,0.0,0.0,0.0,0.3313261,0.0595723756082652
2018-05-19 12:00:00,0.765141891891892,0.048433150566929,0.0,0.0,0.0,0.27200962,0.048433150566929
2018-05-19 13:00:00,0.762660472972973,0.0374605702137434,0.0,0.0,0.0,0.12065466,0.0374605702137434
2018-05-19 14:00:00,0.7112618243243244,0.0323578263966116,0.11692932,0.0,0.11692932,0.0,0.0323578263966116
2018-05-19 15:00:00,0.6941891891891891,0.0271388384900065,0.42851891,0.0,0.42851891,0.0,0.0271388384900065
2018-05-19 16:00:00,0.7175557432432432,0.0259416426400329,0.76265573,0.0,0.76265573,0.0,0.0259416426400329
2018-05-19 17:00:00,0.7818851351351352,0.0283059088731877,0.83313851,0.0,0.83313851,0.0,0.0283059088731877
2018-05-19 18:00:00,0.8715996621621622,0.0329447745687363,0.86083277,0.0,0.86083277,0.0,0.0329447745687363
2018-05-19 19:00:00,0.8331385135135135,0.0361620493921752,0.88042061,0.0,0.88042061,0.0,0.0361620493921752
2018-05-19 20:00:00,0.8608327702702703,0.0346614868813738,0.87246115,0.0,0.87246115,0.0,0.0346614868813738
2018-05-19 21:00:00,0.8804206081081082,0.0327975433193653,0.67161824,0.0,0.67161824,0.0,0.0327975433193653
2018-05-19 22:00:00,0.8724611486486488,0.0328693341821812,0.49203209,0.0,0.49203209,0.0,0.0328693341821812
2018-05-19 23:00:00,0.6716182432432432,0.0324352605044686,0.43788176,0.0,0.43788176,0.0,0.0324352605044686
2018-05-20 00:00:00,0.4920320945945945,0.0308639715752756,0.41123986,0.0,0.41123986,0.0,0.0308639715752756
2018-05-20 01:00:00,0.4378817567567568,0.0254361667061992,0.39731081,0.0,0.39731081,0.0,0.0254361667061992
2018-05-20 02:00:00,0.4112398648648649,0.0241497940678184,0.40736318,0.0,0.40736318,0.0,0.0241497940678184
2018-05-20 03:00:00,0.3973108108108107,0.0312173502280861,0.33372016,0.0,0.33372016,0.0,0.0312173502280861
2018-05-20 04:00:00,0.4073631756756756,0.0343208815616506,0.1174559,0.0,0.1174559,0.0,0.0343208815616506
2018-05-20 05:00:00,0.4133108108108108,0.0413664560997665,0.0,0.0,0.0,0.10530674,0.0413664560997665
2018-05-20 06:00:00,0.4396807432432433,0.0535949288097322,0.0,0.0,0.0,0.25637533,0.0535949288097322
2018-05-20 07:00:00,0.4762601351351351,0.0623892334729205,0.0,0.0,0.0,0.33785739,0.0623892334729205
2018-05-20 08:00:00,0.5562989864864865,0.0716515388678419,0.0,0.0,0.0,0.37154101,0.0716515388678419
2018-05-20 09:00:00,0.6567010135135135,0.067670584306015,0.0,0.0,0.0,0.41288737,0.067670584306015
2018-05-20 10:00:00,0.7492179054054053,0.0635399147911615,0.0,0.0,0.0,0.44026925,0.0635399147911615
2018-05-20 11:00:00,0.7706824324324325,0.0538370476763245,0.0,0.0,0.0,0.38864415,0.0538370476763245
2018-05-20 12:00:00,0.7440945945945947,0.0461250633450386,0.0,0.0,0.0,0.32770191,0.0461250633450386
2018-05-20 13:00:00,0.7355016891891891,0.0399598012414786,0.0,0.0,0.0,0.13873956,0.0399598012414786
2018-05-20 14:00:00,0.6770591216216216,0.0331672096614568,0.096420123,0.0,0.096420123,0.0,0.0331672096614568
2018-05-20 15:00:00,0.692929054054054,0.0277657117760011,0.38630524,0.0,0.38630524,0.0,0.0277657117760011
2018-05-20 16:00:00,0.7088699324324323,0.0277184031349361,0.68498594,0.0,0.68498594,0.0,0.0277184031349361
2018-05-20 17:00:00,0.7459712837837839,0.0285288001563757,0.80328885,0.0,0.80328885,0.0,0.0285288001563757
2018-05-20 18:00:00,0.7975135135135136,0.0362691696723003,0.80519257,0.0,0.80519257,0.0,0.0362691696723003
2018-05-20 19:00:00,0.8032888513513513,0.0362374221949572,0.84278378,0.0,0.84278378,0.0,0.0362374221949572
2018-05-20 20:00:00,0.8051925675675675,0.0351725722683624,0.84724155,0.0,0.84724155,0.0,0.0351725722683624
2018-05-20 21:00:00,0.8427837837837839,0.0333228044027302,0.6552973,0.0,0.6552973,0.0,0.0333228044027302
2018-05-20 22:00:00,0.8472415540540541,0.033791278220874,0.48081419,0.0,0.48081419,0.0,0.033791278220874
2018-05-20 23:00:00,0.6552972972972972,0.035240223625085,0.43086486,0.0,0.43086486,0.0,0.035240223625085
2018-05-21 00:00:00,0.4808141891891891,0.0323013094664825,0.41448986,0.0,0.41448986,0.0,0.0323013094664825
2018-05-21 01:00:00,0.4308648648648649,0.0285692828363725,0.40385811,0.0,0.40385811,0.0,0.0285692828363725
2018-05-21 02:00:00,0.4144898648648649,0.0261841332173763,0.4003277,0.0,0.4003277,0.0,0.0261841332173763
2018-05-21 03:00:00,0.4038581081081081,0.0350767722702062,0.34477215,0.0,0.34477215,0.0,0.0350767722702062
2018-05-21 04:00:00,0.4003277027027027,0.0379131787411873,0.12076126,0.0,0.12076126,0.0,0.0379131787411873
2018-05-21 05:00:00,0.4134054054054054,0.0454969566551877,0.0,0.0,0.0,0.052419334,0.0454969566551877
2018-05-21 06:00:00,0.4444814189189189,0.0587010011276818,0.0,0.0,0.0,0.1828169,0.0587010011276818
2018-05-21 07:00:00,0.5288344594594595,0.0686003173745402,0.0,0.0,0.0,0.32603845,0.0686003173745402
2018-05-21 08:00:00,0.6247939189189189,0.063441039731336,0.0,0.0,0.0,0.41642657,0.063441039731336
2018-05-21 09:00:00,0.6575641891891892,0.0478412518834358,0.0,0.0,0.0,0.43122048,0.0478412518834358
2018-05-21 10:00:00,0.687983108108108,0.0372074351921605,0.0,0.0,0.0,0.43350842,0.0372074351921605
2018-05-21 11:00:00,0.7305287162162163,0.0326578476606784,0.0,0.0,0.0,0.37240056,0.0326578476606784
2018-05-21 12:00:00,0.7279172297297297,0.0297158246485201,0.0,0.0,0.0,0.29424438,0.0297158246485201
2018-05-21 13:00:00,0.7300135135135136,0.0264937513772018,0.0,0.0,0.0,0.17314713,0.0264937513772018
2018-05-21 14:00:00,0.6921081081081082,0.0240082229594322,0.067821215,0.0,0.067821215,0.0,0.0240082229594322
2018-05-21 15:00:00,0.6436908783783784,0.0221570189386249,0.36346083,0.0,0.36346083,0.0,0.0221570189386249
2018-05-21 16:00:00,0.6689847972972972,0.0224965091260942,0.67001311,0.0,0.67001311,0.0,0.0224965091260942
2018-05-21 17:00:00,0.7169442567567569,0.0271334148922272,0.79850845,0.0,0.79850845,0.0,0.0271334148922272
2018-05-21 18:00:00,0.780864864864865,0.0328028655414852,0.81221284,0.0,0.81221284,0.0,0.0328028655414852
2018-05-21 19:00:00,0.798508445945946,0.034649693512994,0.84151182,0.0,0.84151182,0.0,0.034649693512994
2018-05-21 20:00:00,0.8122128378378377,0.0316875812243266,0.84113514,0.0,0.84113514,0.0,0.0316875812243266
2018-05-21 21:00:00,0.8415118243243245,0.0319547398787967,0.63117568,0.0,0.63117568,0.0,0.0319547398787967
2018-05-21 22:00:00,0.8411351351351353,0.0319526785737217,0.46883784,0.0,0.46883784,0.0,0.0319526785737217
2018-05-21 23:00:00,0.6311756756756756,0.0304824104891451,0.42200169,0.0,0.42200169,0.0,0.0304824104891451
2018-05-22 00:00:00,0.4688378378378378,0.0252562080147774,0.40829392,0.0,0.40829392,0.0,0.0252562080147774
2018-05-22 01:00:00,0.4220016891891892,0.0213132017414618,0.40575845,0.0,0.40575845,0.0,0.0213132017414618
2018-05-22 02:00:00,0.4082939189189189,0.0200112679393595,0.39956588,0.0,0.39956588,0.0,0.0200112679393595
2018-05-22 03:00:00,0.4057584459459459,0.0263740774112514,0.33418102,0.0,0.33418102,0.0,0.0263740774112514
2018-05-22 04:00:00,0.3995658783783783,0.0279456028836498,0.12854178,0.0,0.12854178,0.0,0.0279456028836498
2018-05-22 05:00:00,0.4148530405405405,0.0367547421850004,0.0,0.0,0.0,0.044810508,0.0367547421850004
2018-05-22 06:00:00,0.448429054054054,0.0472291963396604,0.0,0.0,0.0,0.18807398,0.0472291963396604
2018-05-22 07:00:00,0.5323631756756757,0.0588580827119602,0.0,0.0,0.0,0.32224121,0.0588580827119602
2018-05-22 08:00:00,0.6206216216216217,0.0612116876049321,0.0,0.0,0.0,0.42518058,0.0612116876049321
2018-05-22 09:00:00,0.6641233108108108,0.0611805652774888,0.0,0.0,0.0,0.5202915,0.0611805652774888
2018-05-22 10:00:00,0.6874037162162161,0.0680870017230444,0.0,0.0,0.0,0.50331687,0.0680870017230444
2018-05-22 11:00:00,0.6512094594594596,0.0651165259424743,0.0,0.0,0.0,0.43395899,0.0651165259424743
2018-05-22 12:00:00,0.6668716216216216,0.057807239522309,0.0,0.0,0.0,0.34607114,0.057807239522309
2018-05-22 13:00:00,0.67775,0.0495402741435038,0.0,0.0,0.0,0.17318412,0.0495402741435038
2018-05-22 14:00:00,0.6496858108108109,0.0380102966229159,0.18037683,0.0,0.18037683,0.0,0.0380102966229159
2018-05-22 15:00:00,0.651054054054054,0.0298662661271062,0.36494385,0.0,0.36494385,0.0,0.0298662661271062
2018-05-22 16:00:00,0.6661233108108108,0.0271277040634129,0.69871676,0.0,0.69871676,0.0,0.0271277040634129
2018-05-22 17:00:00,0.725820945945946,0.0298721290194095,0.80436824,0.0,0.80436824,0.0,0.0298721290194095
2018-05-22 18:00:00,0.7957922297297297,0.0350116046171394,0.8208277,0.0,0.8208277,0.0,0.0350116046171394
2018-05-22 19:00:00,0.8043682432432434,0.0353081284209562,0.87033953,0.0,0.87033953,0.0,0.0353081284209562
2018-05-22 20:00:00,0.8208277027027027,0.0339263612870571,0.82657939,0.0,0.82657939,0.0,0.0339263612870571
2018-05-22 21:00:00,0.8703395270270271,0.0329675165083338,0.62646453,0.0,0.62646453,0.0,0.0329675165083338
2018-05-22 22:00:00,0.826579391891892,0.0359294598375689,0.4808125,0.0,0.4808125,0.0,0.0359294598375689
2018-05-22 23:00:00,0.6264645270270269,0.0341623131343676,0.43283446,0.0,0.43283446,0.0,0.0341623131343676
2018-05-23 00:00:00,0.4808125,0.0321311504221385,0.40671115,0.0,0.40671115,0.0,0.0321311504221385
2018-05-23 01:00:00,0.4328344594594595,0.0278571188289154,0.39845439,0.0,0.39845439,0.0,0.0278571188289154
2018-05-23 02:00:00,0.4067111486486486,0.0250904081237886,0.4006875,0.0,0.4006875,0.0,0.0250904081237886
2018-05-23 03:00:00,0.3984543918918918,0.0322094124312141,0.33109642,0.0,0.33109642,0.0,0.0322094124312141
2018-05-23 04:00:00,0.4006875,0.0350634751628784,0.12605736,0.0,0.12605736,0.0,0.0350634751628784
2018-05-23 05:00:00,0.4131047297297297,0.0427654739917109,0.13455881,0.0,0.13455881,0.0,0.0427654739917109
2018-05-23 06:00:00,0.4454814189189189,0.0545960641343788,0.12252592,0.0,0.12252592,0.0,0.0545960641343788
2018-05-23 07:00:00,0.5167432432432433,0.06299290862885,0.0,0.0,0.0,0.092038145,0.06299290862885
2018-05-23 08:00:00,0.5900929054054055,0.0674619700948627,0.0,0.0,0.0,0.39684018,0.0674619700948627
2018-05-23 09:00:00,0.6536756756756757,0.0636965401849722,0.0,0.0,0.0,0.49013558,0.0636965401849722
2018-05-23 10:00:00,0.7302939189189188,0.0620771485053822,0.0,0.0,0.0,0.5064283,0.0620771485053822
2018-05-23 11:00:00,0.7003378378378379,0.0585364853283792,0.0,0.0,0.0,0.4514268,0.0585364853283792
2018-05-23 12:00:00,0.6891841216216216,0.0489768282284225,0.0,0.0,0.0,0.34750178,0.0489768282284225
2018-05-23 13:00:00,0.687097972972973,0.0425077770654539,0.0,0.0,0.0,0.16825121,0.0425077770654539
2018-05-23 14:00:00,0.6726486486486487,0.0321709065765761,0.089707975,0.0,0.089707975,0.0,0.0321709065765761
2018-05-23 15:00:00,0.6731942567567567,0.0258599676504233,0.36770064,0.0,0.36770064,0.0,0.0258599676504233
2018-05-23 16:00:00,0.7007364864864865,0.0262199695129827,0.64648437,0.0,0.64648437,0.0,0.0262199695129827
2018-05-23 17:00:00,0.723266891891892,0.0310079925954313,0.80293074,0.0,0.80293074,0.0,0.0310079925954313
2018-05-23 18:00:00,0.7578226351351351,0.0354594653845337,0.82273649,0.0,0.82273649,0.0,0.0354594653845337
2018-05-23 19:00:00,0.8029307432432432,0.0331833959750783,0.82933446,0.0,0.82933446,0.0,0.0331833959750783
2018-05-23 20:00:00,0.8227364864864865,0.0312917937539901,0.78812669,0.0,0.78812669,0.0,0.0312917937539901
2018-05-23 21:00:00,0.8293344594594596,0.0310200225070162,0.62002027,0.0,0.62002027,0.0,0.0310200225070162
2018-05-23 22:00:00,0.7881266891891892,0.0312801693450429,0.46681081,0.0,0.46681081,0.0,0.0312801693450429
2018-05-23 23:00:00,0.6200202702702702,0.0319147471811537,0.41590034,0.0,0.41590034,0.0,0.0319147471811537
2018-05-24 00:00:00,0.4668108108108108,0.0280860926516688,0.40384797,0.0,0.40384797,0.0,0.0280860926516688
2018-05-24 01:00:00,0.4159003378378377,0.0239625025370317,0.39675507,0.0,0.39675507,0.0,0.0239625025370317
2018-05-24 02:00:00,0.403847972972973,0.0221999008425613,0.4027652,0.0,0.4027652,0.0,0.0221999008425613
2018-05-24 03:00:00,0.3967550675675675,0.0295253904722914,0.39714042,0.0,0.39714042,0.0,0.0295253904722914
2018-05-24 04:00:00,0.4027652027027027,0.0334681264105152,0.40775004,0.0,0.40775004,0.0,0.0334681264105152
2018-05-24 05:00:00,0.4161114864864865,0.043271051301204,0.35970654,0.0,0.35970654,0.0,0.043271051301204
2018-05-24 06:00:00,0.4643226351351351,0.0569233451477868,0.27804574,0.0,0.27804574,0.0,0.0569233451477868
2018-05-24 07:00:00,0.5385337837837838,0.0663154789705446,0.16723733,0.0,0.16723733,0.0,0.0663154789705446
2018-05-24 08:00:00,0.6220270270270272,0.0696305137215552,0.0,0.0,0.0,0.11494738,0.0696305137215552
2018-05-24 09:00:00,0.6646402027027027,0.0700011431324112,0.0,0.0,0.0,0.17376451,0.0700011431324112
2018-05-24 10:00:00,0.6940726351351351,0.0721782867942116,0.0,0.0,0.0,0.51230672,0.0721782867942116
2018-05-24 11:00:00,0.6775236486486488,0.0665229104656704,0.0,0.0,0.0,0.46897161,0.0665229104656704
2018-05-24 12:00:00,0.6782415540540542,0.052179555644734,0.0,0.0,0.0,0.39548398,0.052179555644734
2018-05-24 13:00:00,0.6694020270270271,0.0436851708699532,0.0,0.0,0.0,0.20347431,0.0436851708699532
2018-05-24 14:00:00,0.620266891891892,0.0338144256631092,0.044037498,0.0,0.044037498,0.0,0.0338144256631092
2018-05-24 15:00:00,0.6356756756756756,0.0261720019301318,0.36269621,0.0,0.36269621,0.0,0.0261720019301318
2018-05-24 16:00:00,0.6586807432432432,0.0248885184980447,0.67122314,0.0,0.67122314,0.0,0.0248885184980447
2018-05-24 17:00:00,0.7220726351351352,0.030899723391166,0.80628378,0.0,0.80628378,0.0,0.030899723391166
2018-05-24 18:00:00,0.7878800675675677,0.0336577495814686,0.83258446,0.0,0.83258446,0.0,0.0336577495814686
2018-05-24 19:00:00,0.8062837837837838,0.0378977189531251,0.81980743,0.0,0.81980743,0.0,0.0378977189531251
2018-05-24 20:00:00,0.8325844594594594,0.0345462903403811,0.80917736,0.0,0.80917736,0.0,0.0345462903403811
2018-05-24 21:00:00,0.8198074324324325,0.0335156884907286,0.60382432,0.0,0.60382432,0.0,0.0335156884907286
2018-05-24 22:00:00,0.809177364864865,0.0326126341165751,0.4673277,0.0,0.4673277,0.0,0.0326126341165751
2018-05-24 23:00:00,0.6038243243243243,0.0319414427714688,0.41925169,0.0,0.41925169,0.0,0.0319414427714688
2018-05-25 00:00:00,0.4673277027027027,0.0284196692590052,0.40385135,0.0,0.40385135,0.0,0.0284196692590052
2018-05-25 01:00:00,0.4192516891891891,0.0243076359695424,0.39678547,0.0,0.39678547,0.0,0.0243076359695424
2018-05-25 02:00:00,0.4038513513513514,0.0213561850210576,0.3992652,0.0,0.3992652,0.0,0.0213561850210576
2018-05-25 03:00:00,0.3967854729729729,0.0277535804887565,0.39418303,0.0,0.39418303,0.0,0.0277535804887565
2018-05-25 04:00:00,0.3992652027027027,0.0324166580709643,0.32043581,0.0,0.32043581,0.0,0.0324166580709643
2018-05-25 05:00:00,0.4198344594594594,0.0413750899267609,0.11794691,0.0,0.11794691,0.0,0.0413750899267609
2018-05-25 06:00:00,0.4490439189189188,0.0522400262255807,0.0,0.0,0.0,0.20782436,0.0522400262255807
2018-05-25 07:00:00,0.5253749999999999,0.0627570412612558,0.0,0.0,0.0,0.34645708,0.0627570412612558
2018-05-25 08:00:00,0.5914324324324325,0.0640948282549078,0.0,0.0,0.0,0.44371619,0.0640948282549078
2018-05-25 09:00:00,0.6348766891891893,0.0589255482133071,0.0,0.0,0.0,0.47013354,0.0589255482133071
2018-05-25 10:00:00,0.6592314189189189,0.0527598806071094,0.0,0.0,0.0,0.46496183,0.0527598806071094
2018-05-25 11:00:00,0.6880405405405406,0.0415423090769815,0.0,0.0,0.0,0.38527906,0.0415423090769815
2018-05-25 12:00:00,0.6929881756756758,0.0347015302668466,0.0,0.0,0.0,0.36131596,0.0347015302668466
2018-05-25 13:00:00,0.7119881756756757,0.0286472914062997,0.0,0.0,0.0,0.20065548,0.0286472914062997
2018-05-25 14:00:00,0.6233412162162163,0.0240356281793631,0.07599068,0.0,0.07599068,0.0,0.0240356281793631
2018-05-25 15:00:00,0.6150692567567567,0.0203988608772258,0.40862853,0.0,0.40862853,0.0,0.0203988608772258
2018-05-25 16:00:00,0.6773952702702702,0.0224978101137234,0.66508737,0.0,0.66508737,0.0,0.0224978101137234
2018-05-25 17:00:00,0.7683479729729731,0.0245882100029429,0.79380574,0.0,0.79380574,0.0,0.0245882100029429
2018-05-25 18:00:00,0.7863969594594595,0.032357066079166,0.83592568,0.0,0.83592568,0.0,0.032357066079166
2018-05-25 19:00:00,0.7938057432432432,0.0325288471340608,0.85108784,0.0,0.85108784,0.0,0.0325288471340608
2018-05-25 20:00:00,0.8359256756756757,0.0308823881534043,0.84118581,0.0,0.84118581,0.0,0.0308823881534043
2018-05-25 21:00:00,0.8510878378378379,0.02943519992729,0.62452196,0.0,0.62452196,0.0,0.02943519992729
2018-05-25 22:00:00,0.8411858108108108,0.0295912846509171,0.46069764,0.0,0.46069764,0.0,0.0295912846509171
2018-05-25 23:00:00,0.6245219594594594,0.0259151666969799,0.41184291,0.0,0.41184291,0.0,0.0259151666969799
2018-05-26 00:00:00,0.4606976351351352,0.0218897251166087,0.40580068,0.0,0.40580068,0.0,0.0218897251166087
2018-05-26 01:00:00,0.4118429054054054,0.016658166628235,0.40127196,0.0,0.40127196,0.0,0.016658166628235
2018-05-26 02:00:00,0.4058006756756757,0.0167480192543717,0.39879561,0.0,0.39879561,0.0,0.0167480192543717
2018-05-26 03:00:00,0.4012719594594595,0.0214985164468897,0.32563404,0.0,0.32563404,0.0,0.0214985164468897
2018-05-26 04:00:00,0.3987956081081081,0.025722316400868,0.11355007,0.0,0.11355007,0.0,0.025722316400868
2018-05-26 05:00:00,0.4129847972972973,0.0317643394944542,0.0,0.0,0.0,0.080222963,0.0317643394944542
2018-05-26 06:00:00,0.4374746621621622,0.0394469417804502,0.0,0.0,0.0,0.25469915,0.0394469417804502
2018-05-26 07:00:00,0.4930320945945946,0.0463375636231357,0.0,0.0,0.0,0.32600471,0.0463375636231357
2018-05-26 08:00:00,0.5358969594594595,0.0569950515308865,0.0,0.0,0.0,0.32703712,0.0569950515308865
2018-05-26 09:00:00,0.6354121621621622,0.0576076139529591,0.0,0.0,0.0,0.37678487,0.0576076139529591
2018-05-26 10:00:00,0.7496604729729729,0.0621257919259626,0.0,0.0,0.0,0.41025086,0.0621257919259626
2018-05-26 11:00:00,0.7525118243243244,0.0595336163144784,0.0,0.0,0.0,0.36960985,0.0595336163144784
2018-05-26 12:00:00,0.7207263513513514,0.0500465441866698,0.0,0.0,0.0,0.27641337,0.0500465441866698
2018-05-26 13:00:00,0.7031554054054054,0.0389949246110195,0.0,0.0,0.0,0.09171067,0.0389949246110195
2018-05-26 14:00:00,0.6870506756756757,0.0297861117723879,0.12324048,0.0,0.12324048,0.0,0.0297861117723879
2018-05-26 15:00:00,0.707189189189189,0.0250456169782662,0.37407108,0.0,0.37407108,0.0,0.0250456169782662
2018-05-26 16:00:00,0.7162195945945945,0.0243701340635777,0.66013695,0.0,0.66013695,0.0,0.0243701340635777
2018-05-26 17:00:00,0.7301317567567568,0.0273355241652332,0.79143412,0.0,0.79143412,0.0,0.0273355241652332
2018-05-26 18:00:00,0.7811435810810812,0.0322990623060319,0.79829392,0.0,0.79829392,0.0,0.0322990623060319
2018-05-26 19:00:00,0.7914341216216215,0.0330338161895974,0.85303547,0.0,0.85303547,0.0,0.0330338161895974
2018-05-26 20:00:00,0.7982939189189189,0.029880914909893,0.83807939,0.0,0.83807939,0.0,0.029880914909893
2018-05-26 21:00:00,0.8530354729729731,0.0278011256730267,0.64257095,0.0,0.64257095,0.0,0.0278011256730267
2018-05-26 22:00:00,0.8380793918918921,0.0272483073062417,0.53073986,0.0,0.53073986,0.0,0.0272483073062417
2018-05-26 23:00:00,0.642570945945946,0.0275190310047348,0.43653885,0.0,0.43653885,0.0,0.0275190310047348
2018-05-27 00:00:00,0.5307398648648648,0.0225547663383768,0.40565541,0.0,0.40565541,0.0,0.0225547663383768
2018-05-27 01:00:00,0.4365388513513513,0.0171155736035584,0.39672128,0.0,0.39672128,0.0,0.0171155736035584
2018-05-27 02:00:00,0.4056554054054054,0.0175744843178299,0.39941385,0.0,0.39941385,0.0,0.0175744843178299
2018-05-27 03:00:00,0.3967212837837838,0.0243397551576367,0.32648854,0.0,0.32648854,0.0,0.0243397551576367
2018-05-27 04:00:00,0.3994138513513514,0.0283379773734522,0.11824527,0.0,0.11824527,0.0,0.0283379773734522
2018-05-27 05:00:00,0.413277027027027,0.036426707447046,0.0,0.0,0.0,0.08820058,0.036426707447046
2018-05-27 06:00:00,0.4362314189189188,0.0471457641719541,0.0,0.0,0.0,0.19294411,0.0471457641719541
2018-05-27 07:00:00,0.4727601351351351,0.0543215726405438,0.0,0.0,0.0,0.27951206,0.0543215726405438
2018-05-27 08:00:00,0.5869358108108108,0.0519791697579383,0.0,0.0,0.0,0.3085742,0.0519791697579383
2018-05-27 09:00:00,0.6719577702702703,0.0426127177689013,0.0,0.0,0.0,0.34958749,0.0426127177689013
2018-05-27 10:00:00,0.7670912162162162,0.0348590680415922,0.0,0.0,0.0,0.35591896,0.0348590680415922
2018-05-27 11:00:00,0.7840084459459461,0.0276232620785664,0.0,0.0,0.0,0.3034766,0.0276232620785664
2018-05-27 12:00:00,0.780383445945946,0.0272455363715506,0.0,0.0,0.0,0.24659859,0.0272455363715506
2018-05-27 13:00:00,0.768277027027027,0.0288450415259503,0.0,0.0,0.0,0.058052763,0.0288450415259503
2018-05-27 14:00:00,0.7132668918918919,0.0245665156118261,0.13814874,0.0,0.13814874,0.0,0.0245665156118261
2018-05-27 15:00:00,0.7401030405405403,0.0227451160348896,0.46655665,0.0,0.46655665,0.0,0.0227451160348896
2018-05-27 16:00:00,0.7313158783783783,0.023092581107567,0.71810933,0.0,0.71810933,0.0,0.023092581107567
2018-05-27 17:00:00,0.8250388513513515,0.0265140940928597,0.81577872,0.0,0.81577872,0.0,0.0265140940928597
2018-05-27 18:00:00,0.8416925675675677,0.0333400720567188,0.85988007,0.0,0.85988007,0.0,0.0333400720567188
2018-05-27 19:00:00,0.8157787162162163,0.0340752821307518,0.86453378,0.0,0.86453378,0.0,0.0340752821307518
2018-05-27 20:00:00,0.8598800675675675,0.0322505371570541,0.86163682,0.0,0.86163682,0.0,0.0322505371570541
2018-05-27 21:00:00,0.8645337837837839,0.027729199642665,0.63221622,0.0,0.63221622,0.0,0.027729199642665
2018-05-27 22:00:00,0.8616368243243244,0.0250703357432227,0.47055574,0.0,0.47055574,0.0,0.0250703357432227
2018-05-27 23:00:00,0.6322162162162162,0.0236609606380737,0.42462331,0.0,0.42462331,0.0,0.0236609606380737
2018-05-28 00:00:00,0.4705557432432432,0.0174074510229848,0.42442736,0.0,0.42442736,0.0,0.0174074510229848
2018-05-28 01:00:00,0.4246233108108109,0.0115981864434371,0.40484122,0.0,0.40484122,0.0,0.0115981864434371
2018-05-28 02:00:00,0.4244273648648649,0.0088795784887074,0.40039696,0.0,0.40039696,0.0,0.0088795784887074
2018-05-28 03:00:00,0.4048412162162161,0.01075800187407,0.33236665,0.0,0.33236665,0.0,0.01075800187407
2018-05-28 04:00:00,0.4003969594594594,0.0124924718230503,0.13997107,0.0,0.13997107,0.0,0.0124924718230503
2018-05-28 05:00:00,0.4204814189189189,0.0179955312233062,0.0,0.0,0.0,0.032657794,0.0179955312233062
2018-05-28 06:00:00,0.4590168918918918,0.0286187372622284,0.0,0.0,0.0,0.17340143,0.0286187372622284
2018-05-28 07:00:00,0.5338361486486487,0.0364692683280611,0.0,0.0,0.0,0.30060616,0.0364692683280611
2018-05-28 08:00:00,0.6092466216216217,0.0364842381337695,0.0,0.0,0.0,0.36825144,0.0364842381337695
2018-05-28 09:00:00,0.6521824324324325,0.0289388478028044,0.0,0.0,0.0,0.42092813,0.0289388478028044
2018-05-28 10:00:00,0.6960422297297297,0.0262239231637004,0.0,0.0,0.0,0.4378913,0.0262239231637004
2018-05-28 11:00:00,0.7048226351351351,0.026305952968118,0.0,0.0,0.0,0.34931957,0.026305952968118
2018-05-28 12:00:00,0.6886554054054056,0.0261281231655442,0.0,0.0,0.0,0.32574969,0.0261281231655442
2018-05-28 13:00:00,0.720356418918919,0.0238370163666075,0.0,0.0,0.0,0.17607298,0.0238370163666075
2018-05-28 14:00:00,0.6322415540540541,0.0207652831982157,0.078605861,0.0,0.078605861,0.0,0.0207652831982157
2018-05-28 15:00:00,0.6165388513513513,0.0195664653376914,0.37643784,0.0,0.37643784,0.0,0.0195664653376914
2018-05-28 16:00:00,0.6632753378378378,0.0211471653072677,0.66816795,0.0,0.66816795,0.0,0.0211471653072677
2018-05-28 17:00:00,0.727597972972973,0.0266609705274227,0.82056419,0.0,0.82056419,0.0,0.0266609705274227
2018-05-28 18:00:00,0.7882837837837839,0.0316063117373547,0.83548986,0.0,0.83548986,0.0,0.0316063117373547
2018-05-28 19:00:00,0.8205641891891892,0.0333960483166644,0.84086655,0.0,0.84086655,0.0,0.0333960483166644
2018-05-28 20:00:00,0.8354898648648648,0.0305172837159871,0.85816892,0.0,0.85816892,0.0,0.0305172837159871
2018-05-28 21:00:00,0.8408665540540542,0.0291297381695009,0.60833784,0.0,0.60833784,0.0,0.0291297381695009
2018-05-28 22:00:00,0.858168918918919,0.0277997571016245,0.45978378,0.0,0.45978378,0.0,0.0277997571016245
2018-05-28 23:00:00,0.6083378378378378,0.0224495721957806,0.436375,0.0,0.436375,0.0,0.0224495721957806
2018-05-29 00:00:00,0.4597837837837837,0.0165865954126814,0.41189358,0.0,0.41189358,0.0,0.0165865954126814
2018-05-29 01:00:00,0.436375,0.0109133262802517,0.40389865,0.0,0.40389865,0.0,0.0109133262802517
2018-05-29 02:00:00,0.4118935810810811,0.0076207462378037,0.39951351,0.0,0.39951351,0.0,0.0076207462378037
2018-05-29 03:00:00,0.4038986486486486,0.0079978298989763,0.32346293,0.0,0.32346293,0.0,0.0079978298989763
2018-05-29 04:00:00,0.3995135135135135,0.0086938413846983,0.13143053,0.0,0.13143053,0.0,0.0086938413846983
2018-05-29 05:00:00,0.4129037162162162,0.0124898698477918,0.072275857,0.0,0.072275857,0.0,0.0124898698477918
2018-05-29 06:00:00,0.4504763513513513,0.0214216905929893,0.0,0.0,0.0,0.17505722,0.0214216905929893
2018-05-29 07:00:00,0.5311385135135135,0.0292145558045526,0.0,0.0,0.0,0.29313769,0.0292145558045526
2018-05-29 08:00:00,0.604652027027027,0.0305715872775521,0.0,0.0,0.0,0.37363006,0.0305715872775521
2018-05-29 09:00:00,0.660054054054054,0.0286430336286037,0.0,0.0,0.0,0.46432387,0.0286430336286037
2018-05-29 10:00:00,0.7036233108108108,0.0251422279816979,0.0,0.0,0.0,0.48246596,0.0251422279816979
2018-05-29 11:00:00,0.674168918918919,0.025443195418586,0.0,0.0,0.0,0.36645561,0.025443195418586
2018-05-29 12:00:00,0.6558665540540541,0.0244231704293999,0.0,0.0,0.0,0.27584203,0.0244231704293999
2018-05-29 13:00:00,0.7081773648648649,0.0238289063138535,0.0,0.0,0.0,0.11504539,0.0238289063138535
2018-05-29 14:00:00,0.6871097972972974,0.0199574036723187,0.17452482,0.0,0.17452482,0.0,0.0199574036723187
2018-05-29 15:00:00,0.6299983108108107,0.0207304268673169,0.45238558,0.0,0.45238558,0.0,0.0207304268673169
2018-05-29 16:00:00,0.6653412162162161,0.0215555571512593,0.64220703,0.0,0.64220703,0.0,0.0215555571512593
2018-05-29 17:00:00,0.713114864864865,0.0262438434807774,0.82740203,0.0,0.82740203,0.0,0.0262438434807774
2018-05-29 18:00:00,0.7648226351351352,0.0319870618182098,0.83718074,0.0,0.83718074,0.0,0.0319870618182098
2018-05-29 19:00:00,0.8274020270270271,0.0336241266544262,0.88487669,0.0,0.88487669,0.0,0.0336241266544262
2018-05-29 20:00:00,0.8371807432432431,0.0300674968110639,0.84886655,0.0,0.84886655,0.0,0.0300674968110639
2018-05-29 21:00:00,0.8848766891891893,0.0287506269951396,0.62328209,0.0,0.62328209,0.0,0.0287506269951396
2018-05-29 22:00:00,0.8488665540540542,0.027522258129893,0.46693581,0.0,0.46693581,0.0,0.027522258129893
2018-05-29 23:00:00,0.6232820945945945,0.0241601343850797,0.42795439,0.0,0.42795439,0.0,0.0241601343850797
2018-05-30 00:00:00,0.4669358108108108,0.0187214485285584,0.40668919,0.0,0.40668919,0.0,0.0187214485285584
2018-05-30 01:00:00,0.4279543918918919,0.0135462380108815,0.39646959,0.0,0.39646959,0.0,0.0135462380108815
2018-05-30 02:00:00,0.4066891891891891,0.0116380439735342,0.40857601,0.0,0.40857601,0.0,0.0116380439735342
2018-05-30 03:00:00,0.3964695945945946,0.0139348616012852,0.38840966,0.0,0.38840966,0.0,0.0139348616012852
2018-05-30 04:00:00,0.4085760135135135,0.0172247382928152,0.33687721,0.0,0.33687721,0.0,0.0172247382928152
2018-05-30 05:00:00,0.41925,0.0229402810752248,0.26121151,0.0,0.26121151,0.0,0.0229402810752248
2018-05-30 06:00:00,0.4537212837837838,0.0340604812844757,0.0,0.0,0.0,0.16289065,0.0340604812844757
2018-05-30 07:00:00,0.5207314189189189,0.0454784387013994,0.0,0.0,0.0,0.12097785,0.0454784387013994
2018-05-30 08:00:00,0.6142500000000001,0.050418052186574,0.0,0.0,0.0,0.38718043,0.050418052186574
2018-05-30 09:00:00,0.6803817567567568,0.0455232805347516,0.0,0.0,0.0,0.4675784,0.0455232805347516
2018-05-30 10:00:00,0.6842635135135134,0.0447198277459828,0.0,0.0,0.0,0.46543804,0.0447198277459828
2018-05-30 11:00:00,0.6669662162162163,0.042472278688712,0.0,0.0,0.0,0.40464195,0.042472278688712
2018-05-30 12:00:00,0.6711114864864866,0.0342411327095701,0.0,0.0,0.0,0.3433147,0.0342411327095701
2018-05-30 13:00:00,0.6780185810810812,0.0296337272603296,0.0,0.0,0.0,0.18009214,0.0296337272603296
2018-05-30 14:00:00,0.6288631756756757,0.0248548786750591,0.071093537,0.0,0.071093537,0.0,0.0248548786750591
2018-05-30 15:00:00,0.6273699324324323,0.0230416060468198,0.36369469,0.0,0.36369469,0.0,0.0230416060468198
2018-05-30 16:00:00,0.6675591216216216,0.0217314439203607,0.66155824,0.0,0.66155824,0.0,0.0217314439203607
2018-05-30 17:00:00,0.7233918918918919,0.0264164017490611,0.83195608,0.0,0.83195608,0.0,0.0264164017490611
2018-05-30 18:00:00,0.7871959459459461,0.0330916510032992,0.83553209,0.0,0.83553209,0.0,0.0330916510032992
2018-05-30 19:00:00,0.8319560810810812,0.0346112045542993,0.8296875,0.0,0.8296875,0.0,0.0346112045542993
2018-05-30 20:00:00,0.8355320945945944,0.0326831746795912,0.80388514,0.0,0.80388514,0.0,0.0326831746795912
2018-05-30 21:00:00,0.8296875000000001,0.0323691297826375,0.63062331,0.0,0.63062331,0.0,0.0323691297826375
2018-05-30 22:00:00,0.8038851351351353,0.0329073838463518,0.48942568,0.0,0.48942568,0.0,0.0329073838463518
2018-05-30 23:00:00,0.6306233108108108,0.0306044329912055,0.43095608,0.0,0.43095608,0.0,0.0306044329912055
2018-05-31 00:00:00,0.4894256756756757,0.0279901574859669,0.41294426,0.0,0.41294426,0.0,0.0279901574859669
2018-05-31 01:00:00,0.4309560810810811,0.0248552165939239,0.40361655,0.0,0.40361655,0.0,0.0248552165939239
2018-05-31 02:00:00,0.4129442567567567,0.0228924486599198,0.40001182,0.0,0.40001182,0.0,0.0228924486599198
2018-05-31 03:00:00,0.403616554054054,0.0301185901434137,0.32865101,0.0,0.32865101,0.0,0.0301185901434137
2018-05-31 04:00:00,0.4000118243243243,0.0353904285604656,0.14113985,0.0,0.14113985,0.0,0.0353904285604656
2018-05-31 05:00:00,0.4133310810810811,0.0459968907196395,0.29073915,0.0,0.29073915,0.0,0.0459968907196395
2018-05-31 06:00:00,0.4543834459459459,0.0573758691955146,0.0,0.0,0.0,0.020476587,0.0573758691955146
2018-05-31 07:00:00,0.5463868243243244,0.0692478881910007,0.0,0.0,0.0,0.12022612,0.0692478881910007
2018-05-31 08:00:00,0.6182027027027027,0.0657879707267293,0.0,0.0,0.0,0.36526384,0.0657879707267293
2018-05-31 09:00:00,0.6902263513513515,0.05331288482927,0.0,0.0,0.0,0.47018191,0.05331288482927
2018-05-31 10:00:00,0.7225591216216215,0.0473671686121372,0.0,0.0,0.0,0.48026619,0.0473671686121372
2018-05-31 11:00:00,0.6821672297297298,0.041421570666607,0.0,0.0,0.0,0.39531816,0.041421570666607
2018-05-31 12:00:00,0.6730472972972974,0.0355905272162264,0.0,0.0,0.0,0.32520194,0.0355905272162264
2018-05-31 13:00:00,0.6953699324324325,0.0306014424092526,0.0,0.0,0.0,0.18458465,0.0306014424092526
2018-05-31 14:00:00,0.6540692567567568,0.024294372654101,0.066394347,0.0,0.066394347,0.0,0.024294372654101
2018-05-31 15:00:00,0.6263885135135135,0.0220990489573773,0.34670998,0.0,0.34670998,0.0,0.0220990489573773
2018-05-31 16:00:00,0.6656925675675675,0.0231473746514859,0.64246275,0.0,0.64246275,0.0,0.0231473746514859
2018-05-31 17:00:00,0.7101402027027027,0.0271963353848432,0.78258277,0.0,0.78258277,0.0,0.0271963353848432
2018-05-31 18:00:00,0.772052364864865,0.034637798768955,0.80022297,0.0,0.80022297,0.0,0.034637798768955
2018-05-31 19:00:00,0.7825827702702702,0.0319778366332022,0.83354054,0.0,0.83354054,0.0,0.0319778366332022
2018-05-31 20:00:00,0.800222972972973,0.0301689400542611,0.82710135,0.0,0.82710135,0.0,0.0301689400542611
2018-05-31 21:00:00,0.8335405405405407,0.0297644680691008,0.5789527,0.0,0.5789527,0.0,0.0297644680691008
2018-05-31 22:00:00,0.8271013513513514,0.0289625697071098,0.46444932,0.0,0.46444932,0.0,0.0289625697071098
2018-05-31 23:00:00,0.5789527027027026,0.0277910050030274,0.42058615,0.0,0.42058615,0.0,0.0277910050030274
2018-06-01 00:00:00,0.4644493243243243,0.0233797276628868,0.41116892,0.0,0.41116892,0.0,0.0233797276628868
2018-06-01 01:00:00,0.4205861486486486,0.0199041814511208,0.40046622,0.0,0.40046622,0.0,0.0199041814511208
2018-06-01 02:00:00,0.4111689189189189,0.0182658832110481,0.40045777,0.0,0.40045777,0.0,0.0182658832110481
2018-06-01 03:00:00,0.4004662162162161,0.0268013082319526,0.32033953,0.0,0.32033953,0.0,0.0268013082319526
2018-06-01 04:00:00,0.4004577702702702,0.0314414073313575,0.10835219,0.0,0.10835219,0.0,0.0314414073313575
2018-06-01 05:00:00,0.4187347972972973,0.0430525022754281,0.0,0.0,0.0,0.083566544,0.0430525022754281
2018-06-01 06:00:00,0.4478006756756756,0.0599863938013547,0.0,0.0,0.0,0.21880956,0.0599863938013547
2018-06-01 07:00:00,0.5072466216216216,0.0700835784394665,0.0,0.0,0.0,0.30873355,0.0700835784394665
2018-06-01 08:00:00,0.5949104729729727,0.0651387103159451,0.0,0.0,0.0,0.40767958,0.0651387103159451
2018-06-01 09:00:00,0.6769898648648648,0.0496545245116751,0.0,0.0,0.0,0.52886341,0.0496545245116751
2018-06-01 10:00:00,0.6978091216216216,0.0378383972964185,0.0,0.0,0.0,0.54123579,0.0378383972964185
2018-06-01 11:00:00,0.640224662162162,0.0313551028533008,0.0,0.0,0.0,0.46283267,0.0313551028533008
2018-06-01 12:00:00,0.6294003378378378,0.0288676820898886,0.0,0.0,0.0,0.39066434,0.0288676820898886
2018-06-01 13:00:00,0.6558158783783783,0.0261514902550416,0.0,0.0,0.0,0.25203825,0.0261514902550416
2018-06-01 14:00:00,0.6125472972972974,0.0215610652287547,0.011697606,0.0,0.011697606,0.0,0.0215610652287547
2018-06-01 15:00:00,0.585608108108108,0.0191629902131818,0.30749933,0.0,0.30749933,0.0,0.0191629902131818
2018-06-01 16:00:00,0.6389695945945947,0.0211540250602221,0.61033665,0.0,0.61033665,0.0,0.0211540250602221
2018-06-01 17:00:00,0.6917483108108108,0.0290908099162818,0.73555236,0.0,0.73555236,0.0,0.0290908099162818
2018-06-01 18:00:00,0.7485304054054055,0.0296605918100772,0.75406588,0.0,0.75406588,0.0,0.0296605918100772
2018-06-01 19:00:00,0.7355523648648647,0.032014399454368,0.76888682,0.0,0.76888682,0.0,0.032014399454368
2018-06-01 20:00:00,0.7540658783783784,0.0297432974522244,0.77366385,0.0,0.77366385,0.0,0.0297432974522244
2018-06-01 21:00:00,0.7688868243243245,0.0298542024236347,0.58200676,0.0,0.58200676,0.0,0.0298542024236347
2018-06-01 22:00:00,0.7736638513513515,0.0267078567699065,0.45960135,0.0,0.45960135,0.0,0.0267078567699065
2018-06-01 23:00:00,0.5820067567567567,0.0238287373544211,0.42666216,0.0,0.42666216,0.0,0.0238287373544211
2018-06-02 00:00:00,0.4596013513513513,0.0183130228926803,0.40653378,0.0,0.40653378,0.0,0.0183130228926803
2018-06-02 01:00:00,0.4266621621621621,0.0115190120534266,0.39825676,0.0,0.39825676,0.0,0.0115190120534266
2018-06-02 02:00:00,0.4065337837837837,0.0087770708010858,0.40131588,0.0,0.40131588,0.0,0.0087770708010858
2018-06-02 03:00:00,0.3982567567567567,0.0104447172945619,0.31707399,0.0,0.31707399,0.0,0.0104447172945619
2018-06-02 04:00:00,0.4013158783783783,0.0126830749587115,0.1040972,0.0,0.1040972,0.0,0.0126830749587115
2018-06-02 05:00:00,0.4171131756756757,0.0163965160512604,0.0,0.0,0.0,0.12019294,0.0163965160512604
2018-06-02 06:00:00,0.4448057432432433,0.0226614811158644,0.0,0.0,0.0,0.27770035,0.0226614811158644
2018-06-02 07:00:00,0.4718108108108108,0.0278760084934548,0.0,0.0,0.0,0.3718533,0.0278760084934548
2018-06-02 08:00:00,0.5366604729729729,0.0300420853124347,0.0,0.0,0.0,0.42074001,0.0300420853124347
2018-06-02 09:00:00,0.6168006756756755,0.0301915806181994,0.0,0.0,0.0,0.48891715,0.0301915806181994
2018-06-02 10:00:00,0.6857972972972972,0.0288632046649305,0.0,0.0,0.0,0.50138442,0.0288632046649305
2018-06-02 11:00:00,0.6789172297297296,0.026302607571357,0.0,0.0,0.0,0.43002624,0.026302607571357
2018-06-02 12:00:00,0.6715135135135134,0.0274967452556046,0.0,0.0,0.0,0.35482155,0.0274967452556046
2018-06-02 13:00:00,0.6878277027027027,0.0279714367808597,0.0,0.0,0.0,0.21375253,0.0279714367808597
2018-06-02 14:00:00,0.6495236486486488,0.0228031704958533,0.042998726,0.0,0.042998726,0.0,0.0228031704958533
2018-06-02 15:00:00,0.6244814189189187,0.0208644454890761,0.32314788,0.0,0.32314788,0.0,0.0208644454890761
2018-06-02 16:00:00,0.667856418918919,0.0224738178743264,0.6088386,0.0,0.6088386,0.0,0.0224738178743264
2018-06-02 17:00:00,0.7062567567567567,0.0264872464390556,0.72800338,0.0,0.72800338,0.0,0.0264872464390556
2018-06-02 18:00:00,0.7500777027027027,0.0299352015755148,0.74594595,0.0,0.74594595,0.0,0.0299352015755148
2018-06-02 19:00:00,0.7280033783783783,0.0325908890376286,0.77469595,0.0,0.77469595,0.0,0.0325908890376286
2018-06-02 20:00:00,0.745945945945946,0.0303388118675703,0.77295608,0.0,0.77295608,0.0,0.0303388118675703
2018-06-02 21:00:00,0.774695945945946,0.0273899628943442,0.61926014,0.0,0.61926014,0.0,0.0273899628943442
2018-06-02 22:00:00,0.7729560810810812,0.0241909694814882,0.45885135,0.0,0.45885135,0.0,0.0241909694814882
2018-06-02 23:00:00,0.6192601351351351,0.0218583155581306,0.41998986,0.0,0.41998986,0.0,0.0218583155581306
2018-06-03 00:00:00,0.4588513513513513,0.0168291704697409,0.41866554,0.0,0.41866554,0.0,0.0168291704697409
2018-06-03 01:00:00,0.4199898648648648,0.0112644577726117,0.4069223,0.0,0.4069223,0.0,0.0112644577726117
2018-06-03 02:00:00,0.4186655405405405,0.0077093485641407,0.40124493,0.0,0.40124493,0.0,0.0077093485641407
2018-06-03 03:00:00,0.4069222972972973,0.0081343998081644,0.31722264,0.0,0.31722264,0.0,0.0081343998081644
2018-06-03 04:00:00,0.4012449324324323,0.0086266631143864,0.10472322,0.0,0.10472322,0.0,0.0086266631143864
2018-06-03 05:00:00,0.4172618243243243,0.0110279145672879,0.0,0.0,0.0,0.11627207,0.0110279145672879
2018-06-03 06:00:00,0.4415101351351351,0.0147712783753102,0.0,0.0,0.0,0.27260334,0.0147712783753102
2018-06-03 07:00:00,0.4705996621621621,0.022034134743459,0.0,0.0,0.0,0.36272791,0.022034134743459
2018-06-03 08:00:00,0.5349797297297297,0.0267664856929401,0.0,0.0,0.0,0.41257383,0.0267664856929401
2018-06-03 09:00:00,0.6194662162162161,0.0283478277083596,0.0,0.0,0.0,0.46163962,0.0283478277083596
2018-06-03 10:00:00,0.6939172297297297,0.027199021839818,0.0,0.0,0.0,0.48951102,0.027199021839818
2018-06-03 11:00:00,0.7065118243243242,0.025051513662456,0.0,0.0,0.0,0.4437645,0.025051513662456
2018-06-03 12:00:00,0.6847483108108108,0.025511809844073,0.0,0.0,0.0,0.3469799,0.025511809844073
2018-06-03 13:00:00,0.6772364864864864,0.0272951090690093,0.0,0.0,0.0,0.19427849,0.0272951090690093
2018-06-03 14:00:00,0.6626486486486487,0.024933647562432,0.030199742,0.0,0.030199742,0.0,0.024933647562432
2018-06-03 15:00:00,0.647787162162162,0.0219977746736122,0.35937504,0.0,0.35937504,0.0,0.0219977746736122
2018-06-03 16:00:00,0.6571250000000001,0.0221058749184452,0.61584651,0.0,0.61584651,0.0,0.0221058749184452
2018-06-03 17:00:00,0.7438597972972973,0.0260403318444827,0.7502973,0.0,0.7502973,0.0,0.0260403318444827
2018-06-03 18:00:00,0.7567179054054053,0.0311937803872699,0.7591098,0.0,0.7591098,0.0,0.0311937803872699
2018-06-03 19:00:00,0.7502972972972972,0.0333758914563822,0.79944257,0.0,0.79944257,0.0,0.0333758914563822
2018-06-03 20:00:00,0.7591097972972972,0.0298316463394128,0.79656757,0.0,0.79656757,0.0,0.0298316463394128
2018-06-03 21:00:00,0.7994425675675677,0.030336936417871,0.62961993,0.0,0.62961993,0.0,0.030336936417871
2018-06-03 22:00:00,0.7965675675675677,0.027093472882414,0.45743581,0.0,0.45743581,0.0,0.027093472882414
2018-06-03 23:00:00,0.6296199324324324,0.0232884726734616,0.42549155,0.0,0.42549155,0.0,0.0232884726734616
2018-06-04 00:00:00,0.4574358108108108,0.0160888071330206,0.41082264,0.0,0.41082264,0.0,0.0160888071330206
2018-06-04 01:00:00,0.4254915540540539,0.0107538792639203,0.39769088,0.0,0.39769088,0.0,0.0107538792639203
2018-06-04 02:00:00,0.410822635135135,0.0080048248194766,0.4020152,0.0,0.4020152,0.0,0.0080048248194766
2018-06-04 03:00:00,0.3976908783783783,0.0093839561862306,0.32013692,0.0,0.32013692,0.0,0.0093839561862306
2018-06-04 04:00:00,0.4020152027027027,0.0102428445647614,0.1214609,0.0,0.1214609,0.0,0.0102428445647614
2018-06-04 05:00:00,0.4154932432432432,0.015031306941734,0.0,0.0,0.0,0.038509744,0.015031306941734
2018-06-04 06:00:00,0.452839527027027,0.0257382830672274,0.0,0.0,0.0,0.18702292,0.0257382830672274
2018-06-04 07:00:00,0.5398766891891892,0.035253824859391,0.0,0.0,0.0,0.3140704,0.035253824859391
2018-06-04 08:00:00,0.6136148648648646,0.0333890027083344,0.0,0.0,0.0,0.45845932,0.0333890027083344
2018-06-04 09:00:00,0.6602652027027026,0.0275954175641111,0.0,0.0,0.0,0.52990656,0.0275954175641111
2018-06-04 10:00:00,0.6455456081081081,0.0275649879703403,0.0,0.0,0.0,0.54783331,0.0275649879703403
2018-06-04 11:00:00,0.6379273648648648,0.0275966340720242,0.0,0.0,0.0,0.50570535,0.0275966340720242
2018-06-04 12:00:00,0.6198057432432432,0.0246416011835733,0.0,0.0,0.0,0.3885936,0.0246416011835733
2018-06-04 13:00:00,0.6142195945945945,0.0238261353791627,0.0,0.0,0.0,0.22216818,0.0238261353791627
2018-06-04 14:00:00,0.6166013513513514,0.0213762911935103,0.0,0.0,0.0,0.0016050582,0.0213762911935103
2018-06-04 15:00:00,0.6169611486486485,0.018404514425311,0.29014016,0.0,0.29014016,0.0,0.018404514425311
2018-06-04 16:00:00,0.6238192567567568,0.0206912789668357,0.59734061,0.0,0.59734061,0.0,0.0206912789668357
2018-06-04 17:00:00,0.6734442567567567,0.0251784021961692,0.74119426,0.0,0.74119426,0.0,0.0251784021961692
2018-06-04 18:00:00,0.7373682432432432,0.0314999348787319,0.74832601,0.0,0.74832601,0.0,0.0314999348787319
2018-06-04 19:00:00,0.7411942567567567,0.0330250640910005,0.80750845,0.0,0.80750845,0.0,0.0330250640910005
2018-06-04 20:00:00,0.7483260135135134,0.030145725028253,0.80627196,0.0,0.80627196,0.0,0.030145725028253
2018-06-04 21:00:00,0.8075084459459461,0.027399272559068,0.66989189,0.0,0.66989189,0.0,0.027399272559068
2018-06-04 22:00:00,0.8062719594594596,0.0273047735485411,0.48758615,0.0,0.48758615,0.0,0.0273047735485411
2018-06-04 23:00:00,0.6698918918918918,0.0244213625634735,0.42644088,0.0,0.42644088,0.0,0.0244213625634735
2018-06-05 00:00:00,0.4875861486486486,0.019205415926651,0.41736655,0.0,0.41736655,0.0,0.019205415926651
2018-06-05 01:00:00,0.4264408783783783,0.0124285713657264,0.39881926,0.0,0.39881926,0.0,0.0124285713657264
2018-06-05 02:00:00,0.417366554054054,0.0112457539634479,0.40177365,0.0,0.40177365,0.0,0.0112457539634479
2018-06-05 03:00:00,0.3988192567567567,0.0155729232981525,0.31278973,0.0,0.31278973,0.0,0.0155729232981525
2018-06-05 04:00:00,0.4017736486486487,0.0184128272293838,0.10123906,0.0,0.10123906,0.0,0.0184128272293838
2018-06-05 05:00:00,0.4161418918918919,0.0237914649036393,0.0,0.0,0.0,0.076098398,0.0237914649036393
2018-06-05 06:00:00,0.4517212837837838,0.0337632985388728,0.0,0.0,0.0,0.26233501,0.0337632985388728
2018-06-05 07:00:00,0.5337246621621622,0.0432395403670664,0.0,0.0,0.0,0.38481814,0.0432395403670664
2018-06-05 08:00:00,0.5738868243243241,0.0436510917524433,0.0,0.0,0.0,0.49306331,0.0436510917524433
2018-06-05 09:00:00,0.6302381756756755,0.0374007754706262,0.0,0.0,0.0,0.46401719,0.0374007754706262
2018-06-05 10:00:00,0.6456469594594595,0.0311219219406811,0.0,0.0,0.0,0.54744581,0.0311219219406811
2018-06-05 11:00:00,0.6600253378378378,0.0305624296763174,0.0,0.0,0.0,0.49430253,0.0305624296763174
2018-06-05 12:00:00,0.6574831081081082,0.0278937661297975,0.0,0.0,0.0,0.42316911,0.0278937661297975
2018-06-05 13:00:00,0.6590912162162161,0.0250206616701046,0.0,0.0,0.0,0.28037552,0.0250206616701046
2018-06-05 14:00:00,0.6196165540540541,0.0212370179334043,0.0,0.0,0.0,0.025169326,0.0212370179334043
2018-06-05 15:00:00,0.5940506756756756,0.0202688803859005,0.3193893,0.0,0.3193893,0.0,0.0202688803859005
2018-06-05 16:00:00,0.6318192567567569,0.0219202391900957,0.59156762,0.0,0.59156762,0.0,0.0219202391900957
2018-06-05 17:00:00,0.7252483108108108,0.0274728881837534,0.72736318,0.0,0.72736318,0.0,0.0274728881837534
2018-06-05 18:00:00,0.7451503378378378,0.0320501850621449,0.74075507,0.0,0.74075507,0.0,0.0320501850621449
2018-06-05 19:00:00,0.7273631756756755,0.0323636217051422,0.82713682,0.0,0.82713682,0.0,0.0323636217051422
2018-06-05 20:00:00,0.7407550675675675,0.0311698557316457,0.76050507,0.0,0.76050507,0.0,0.0311698557316457
2018-06-05 21:00:00,0.8271368243243244,0.0293072638450963,0.57697297,0.0,0.57697297,0.0,0.0293072638450963
2018-06-05 22:00:00,0.7605050675675677,0.0271022756688407,0.4575152,0.0,0.4575152,0.0,0.0271022756688407
2018-06-05 23:00:00,0.576972972972973,0.0257842062409466,0.42519932,0.0,0.42519932,0.0,0.0257842062409466
2018-06-06 00:00:00,0.4575152027027026,0.0198104596539829,0.41828378,0.0,0.41828378,0.0,0.0198104596539829
2018-06-06 01:00:00,0.4251993243243243,0.0146802937209766,0.41180405,0.0,0.41180405,0.0,0.0146802937209766
2018-06-06 02:00:00,0.4182837837837838,0.0142366062515623,0.40847973,0.0,0.40847973,0.0,0.0142366062515623
2018-06-06 03:00:00,0.4118040540540539,0.0205955972402824,0.31364688,0.0,0.31364688,0.0,0.0205955972402824
2018-06-06 04:00:00,0.4084797297297297,0.0238528478654208,0.10729818,0.0,0.10729818,0.0,0.0238528478654208
2018-06-06 05:00:00,0.4196621621621622,0.0299536857374166,0.0,0.0,0.0,0.074934691,0.0299536857374166
2018-06-06 06:00:00,0.4577804054054054,0.0397432797288912,0.0,0.0,0.0,0.22907048,0.0397432797288912
2018-06-06 07:00:00,0.5280050675675676,0.0502742001258508,0.0,0.0,0.0,0.35608128,0.0502742001258508
2018-06-06 08:00:00,0.5979932432432432,0.0521880543041824,0.0,0.0,0.0,0.469698,0.0521880543041824
2018-06-06 09:00:00,0.6494679054054052,0.0461017976312007,0.0,0.0,0.0,0.51062413,0.0461017976312007
2018-06-06 10:00:00,0.6604577702702702,0.0413777763817355,0.0,0.0,0.0,0.56916821,0.0413777763817355
2018-06-06 11:00:00,0.6835506756756756,0.038223658594118,0.0,0.0,0.0,0.52131924,0.038223658594118
2018-06-06 12:00:00,0.6322753378378378,0.033205225533741,0.0,0.0,0.0,0.45301334,0.033205225533741
2018-06-06 13:00:00,0.6321182432432431,0.027545388676185,0.0,0.0,0.0,0.24737575,0.027545388676185
2018-06-06 14:00:00,0.5848766891891892,0.0222431544572491,0.0,0.0,0.0,0.018988718,0.0222431544572491
2018-06-06 15:00:00,0.621108108108108,0.0207092562504404,0.30213083,0.0,0.30213083,0.0,0.0207092562504404
2018-06-06 16:00:00,0.6331570945945947,0.0222587494128572,0.58250775,0.0,0.58250775,0.0,0.0222587494128572
2018-06-06 17:00:00,0.7068513513513512,0.0259804695175925,0.71073818,0.0,0.71073818,0.0,0.0259804695175925
2018-06-06 18:00:00,0.7373986486486487,0.0328484507963398,0.75245946,0.0,0.75245946,0.0,0.0328484507963398
2018-06-06 19:00:00,0.7107381756756754,0.0351764921271934,0.79358784,0.0,0.79358784,0.0,0.0351764921271934
2018-06-06 20:00:00,0.7524594594594592,0.0303075543725809,0.80813514,0.0,0.80813514,0.0,0.0303075543725809
2018-06-06 21:00:00,0.793587837837838,0.0282792132828726,0.61609628,0.0,0.61609628,0.0,0.0282792132828726
2018-06-06 22:00:00,0.8081351351351352,0.028472536665395,0.46474831,0.0,0.46474831,0.0,0.028472536665395
2018-06-06 23:00:00,0.6160962837837837,0.028199684078054,0.42157939,0.0,0.42157939,0.0,0.028199684078054
2018-06-07 00:00:00,0.4647483108108108,0.0220216317454635,0.40897297,0.0,0.40897297,0.0,0.0220216317454635
2018-06-07 01:00:00,0.4215793918918918,0.0158544772962609,0.39781419,0.0,0.39781419,0.0,0.0158544772962609
2018-06-07 02:00:00,0.4089729729729729,0.0139810044222665,0.40133108,0.0,0.40133108,0.0,0.0139810044222665
2018-06-07 03:00:00,0.3978141891891891,0.0177740591993501,0.32393742,0.0,0.32393742,0.0,0.0177740591993501
2018-06-07 04:00:00,0.401331081081081,0.0211045706343661,0.095047037,0.0,0.095047037,0.0,0.0211045706343661
2018-06-07 05:00:00,0.4299527027027026,0.0286099851636313,0.0,0.0,0.0,0.095638588,0.0286099851636313
2018-06-07 06:00:00,0.4468006756756756,0.0393900362436265,0.0,0.0,0.0,0.24150942,0.0393900362436265
2018-06-07 07:00:00,0.5085033783783783,0.0501062882419573,0.0,0.0,0.0,0.35095813,0.0501062882419573
2018-06-07 08:00:00,0.5872246621621621,0.0537704269721394,0.0,0.0,0.0,0.46163511,0.0537704269721394
2018-06-07 09:00:00,0.6575523648648647,0.0495906240543513,0.0,0.0,0.0,0.55912703,0.0495906240543513
2018-06-07 10:00:00,0.6707483108108108,0.0464461538503224,0.0,0.0,0.0,0.57941829,0.0464461538503224
2018-06-07 11:00:00,0.6358293918918918,0.0391158995645995,0.0,0.0,0.0,0.51393382,0.0391158995645995
2018-06-07 12:00:00,0.6196706081081081,0.0314385181250639,0.0,0.0,0.0,0.42623152,0.0314385181250639
2018-06-07 13:00:00,0.6248108108108108,0.0284757806864967,0.0,0.0,0.0,0.2638823,0.0284757806864967
2018-06-07 14:00:00,0.5981891891891892,0.0225253842930869,0.0,0.0,0.0,0.018501716,0.0225253842930869
2018-06-07 15:00:00,0.5913885135135134,0.0198226078371706,0.32864528,0.0,0.32864528,0.0,0.0198226078371706
2018-06-07 16:00:00,0.6219341216216218,0.0219038501251553,0.61996559,0.0,0.61996559,0.0,0.0219038501251553
2018-06-07 17:00:00,0.7245287162162162,0.0254673735133586,0.72444932,0.0,0.72444932,0.0,0.0254673735133586
2018-06-07 18:00:00,0.7722398648648648,0.0311458634922487,0.75130405,0.0,0.75130405,0.0,0.0311458634922487
2018-06-07 19:00:00,0.7244493243243242,0.0323118525350627,0.76380405,0.0,0.76380405,0.0,0.0323118525350627
2018-06-07 20:00:00,0.751304054054054,0.028996310905755,0.76334291,0.0,0.76334291,0.0,0.028996310905755
2018-06-07 21:00:00,0.7638040540540543,0.0268212285490295,0.57898818,0.0,0.57898818,0.0,0.0268212285490295
2018-06-07 22:00:00,0.7633429054054055,0.0262553158262354,0.46711149,0.0,0.46711149,0.0,0.0262553158262354
2018-06-07 23:00:00,0.5789881756756757,0.0234181997256384,0.42297973,0.0,0.42297973,0.0,0.0234181997256384
2018-06-08 00:00:00,0.4671114864864864,0.016331872172434,0.40513682,0.0,0.40513682,0.0,0.016331872172434
2018-06-08 01:00:00,0.4229797297297296,0.0143079578198538,0.40261149,0.0,0.40261149,0.0,0.0143079578198538
2018-06-08 02:00:00,0.4051368243243243,0.0117096658769176,0.40168919,0.0,0.40168919,0.0,0.0117096658769176
2018-06-08 03:00:00,0.4026114864864864,0.0165742106862883,0.39043146,0.0,0.39043146,0.0,0.0165742106862883
2018-06-08 04:00:00,0.4016891891891891,0.0192354231218405,0.32687817,0.0,0.32687817,0.0,0.0192354231218405
2018-06-08 05:00:00,0.4145016891891891,0.026372489192587,0.059113275,0.0,0.059113275,0.0,0.026372489192587
2018-06-08 06:00:00,0.451206081081081,0.038851410469161,0.29485763,0.0,0.29485763,0.0,0.038851410469161
2018-06-08 07:00:00,0.5118243243243242,0.0486081925388685,0.076842475,0.0,0.076842475,0.0,0.0486081925388685
2018-06-08 08:00:00,0.5682077702702703,0.0434976090040745,0.13650221,0.0,0.13650221,0.0,0.0434976090040745
2018-06-08 09:00:00,0.6442195945945944,0.0342237467839788,0.28373167,0.0,0.28373167,0.0,0.0342237467839788
2018-06-08 10:00:00,0.6590152027027028,0.0293528997877806,0.13092054,0.0,0.13092054,0.0,0.0293528997877806
2018-06-08 11:00:00,0.6619273648648648,0.0267919478793991,0.20326893,0.0,0.20326893,0.0,0.0267919478793991
2018-06-08 12:00:00,0.6366537162162162,0.0257989901912795,0.031433445,0.0,0.031433445,0.0,0.0257989901912795
2018-06-08 13:00:00,0.6559206081081081,0.0230502905616436,0.27915327,0.0,0.27915327,0.0,0.0230502905616436
2018-06-08 14:00:00,0.5921013513513513,0.0227521109553898,0.58449471,0.0,0.58449471,0.0,0.0227521109553898
2018-06-08 15:00:00,0.5978885135135135,0.0207049984727445,0.65484665,0.0,0.65484665,0.0,0.0207049984727445
2018-06-08 16:00:00,0.6147381756756758,0.0215123542244012,0.73945844,0.0,0.73945844,0.0,0.0215123542244012
2018-06-08 17:00:00,0.6838733108108108,0.0250756072775127,0.76432095,0.0,0.76432095,0.0,0.0250756072775127
2018-06-08 18:00:00,0.7421199324324325,0.0316432462692717,0.76711993,0.0,0.76711993,0.0,0.0316432462692717
2018-06-08 19:00:00,0.7643209459459459,0.0329433891013908,0.7481723,0.0,0.7481723,0.0,0.0329433891013908
2018-06-08 20:00:00,0.7671199324324324,0.0298179437294472,0.77646959,0.0,0.77646959,0.0,0.0298179437294472
2018-06-08 21:00:00,0.7481722972972975,0.0273437862814762,0.61969595,0.0,0.61969595,0.0,0.0273437862814762
2018-06-08 22:00:00,0.7764695945945947,0.0272735836373249,0.46894088,0.0,0.46894088,0.0,0.0272735836373249
2018-06-08 23:00:00,0.6196959459459459,0.0234106472390113,0.41334459,0.0,0.41334459,0.0,0.0234106472390113
2018-06-09 00:00:00,0.4689408783783783,0.0179606073086344,0.40520101,0.0,0.40520101,0.0,0.0179606073086344
2018-06-09 01:00:00,0.4133445945945945,0.0127062561928332,0.39907264,0.0,0.39907264,0.0,0.0127062561928332
2018-06-09 02:00:00,0.4052010135135135,0.0107044079421212,0.40057601,0.0,0.40057601,0.0,0.0107044079421212
2018-06-09 03:00:00,0.3990726351351351,0.0139529571564925,0.38962593,0.0,0.38962593,0.0,0.0139529571564925
2018-06-09 04:00:00,0.4005760135135135,0.0139841808595952,0.26179963,0.0,0.26179963,0.0,0.0139841808595952
2018-06-09 05:00:00,0.4162787162162162,0.0164411889251802,0.16464884,0.0,0.16464884,0.0,0.0164411889251802
2018-06-09 06:00:00,0.4423091216216216,0.0219454310414627,0.076470477,0.0,0.076470477,0.0,0.0219454310414627
2018-06-09 07:00:00,0.4756993243243242,0.0294622841242996,0.0,0.0,0.0,0.32762091,0.0294622841242996
2018-06-09 08:00:00,0.5448597972972972,0.0362650470621504,0.24339331,0.0,0.24339331,0.0,0.0362650470621504
2018-06-09 09:00:00,0.6310168918918918,0.0354487026686914,0.0,0.0,0.0,0.47777131,0.0354487026686914
2018-06-09 10:00:00,0.6639729729729729,0.0324648284051342,0.0,0.0,0.0,0.50567417,0.0324648284051342
2018-06-09 11:00:00,0.6742364864864865,0.02930133336902,0.0,0.0,0.0,0.15651036,0.02930133336902
2018-06-09 12:00:00,0.6555793918918918,0.0297201500099891,0.0,0.0,0.0,0.3616287,0.0297201500099891
2018-06-09 13:00:00,0.6902837837837836,0.0279549125483736,0.0,0.0,0.0,0.17517923,0.0279549125483736
2018-06-09 14:00:00,0.645275337837838,0.0257395502629702,0.0087262663,0.0,0.0087262663,0.0,0.0257395502629702
2018-06-09 15:00:00,0.6699054054054053,0.0234917139746645,0.34072552,0.0,0.34072552,0.0,0.0234917139746645
2018-06-09 16:00:00,0.6437027027027028,0.0244305370606515,0.60487117,0.0,0.60487117,0.0,0.0244305370606515
2018-06-09 17:00:00,0.7363293918918918,0.0276229917434745,0.74388514,0.0,0.74388514,0.0,0.0276229917434745
2018-06-09 18:00:00,0.7595388513513514,0.0306782851590964,0.74838682,0.0,0.74838682,0.0,0.0306782851590964
2018-06-09 19:00:00,0.743885135135135,0.0329704901943436,0.789125,0.0,0.789125,0.0,0.0329704901943436
2018-06-09 20:00:00,0.7483868243243242,0.031142332240112,0.77642736,0.0,0.77642736,0.0,0.031142332240112
2018-06-09 21:00:00,0.7891250000000001,0.0284512646728591,0.61750507,0.0,0.61750507,0.0,0.0284512646728591
2018-06-09 22:00:00,0.776427364864865,0.0263271235849945,0.44869088,0.0,0.44869088,0.0,0.0263271235849945
2018-06-09 23:00:00,0.6175050675675675,0.0221449721310965,0.4239848,0.0,0.4239848,0.0,0.0221449721310965
2018-06-10 00:00:00,0.4486908783783783,0.0196574499920248,0.41119595,0.0,0.41119595,0.0,0.0196574499920248
2018-06-10 01:00:00,0.4239847972972972,0.0133392796021663,0.40037838,0.0,0.40037838,0.0,0.0133392796021663
2018-06-10 02:00:00,0.4111959459459459,0.0109701304414159,0.40123311,0.0,0.40123311,0.0,0.0109701304414159
2018-06-10 03:00:00,0.4003783783783783,0.0157795775798895,0.31214966,0.0,0.31214966,0.0,0.0157795775798895
2018-06-10 04:00:00,0.4012331081081081,0.0190755537069283,0.35886089,0.0,0.35886089,0.0,0.0190755537069283
2018-06-10 05:00:00,0.4161587837837838,0.0252526767626408,0.19485885,0.0,0.19485885,0.0,0.0252526767626408
2018-06-10 06:00:00,0.4424510135135135,0.037102646552202,0.0,0.0,0.0,0.23237683,0.037102646552202
2018-06-10 07:00:00,0.4842871621621621,0.0437825421908303,0.0,0.0,0.0,0.31900806,0.0437825421908303
2018-06-10 08:00:00,0.5695506756756755,0.0472393508015461,0.0,0.0,0.0,0.38915771,0.0472393508015461
2018-06-10 09:00:00,0.6534780405405404,0.0406639565718413,0.0,0.0,0.0,0.46943304,0.0406639565718413
2018-06-10 10:00:00,0.6945439189189189,0.0357540292589347,0.0,0.0,0.0,0.46325283,0.0357540292589347
2018-06-10 11:00:00,0.6750219594594593,0.0302660917278765,0.0,0.0,0.0,0.40714558,0.0302660917278765
2018-06-10 12:00:00,0.6883327702702703,0.0289922727753212,0.0,0.0,0.0,0.35350527,0.0289922727753212
2018-06-10 13:00:00,0.6962854729729728,0.029393129028629,0.0,0.0,0.0,0.19020602,0.029393129028629
2018-06-10 14:00:00,0.6422516891891893,0.0250153225520417,0.046012398,0.0,0.046012398,0.0,0.0250153225520417
2018-06-10 15:00:00,0.6451824324324323,0.0232591751078878,0.33289387,0.0,0.33289387,0.0,0.0232591751078878
2018-06-10 16:00:00,0.6774746621621622,0.0219054045519333,0.61036319,0.0,0.61036319,0.0,0.0219054045519333
2018-06-10 17:00:00,0.7260287162162162,0.0261212634125898,0.75666892,0.0,0.75666892,0.0,0.0261212634125898
2018-06-10 18:00:00,0.7611452702702702,0.0319183629130065,0.7548277,0.0,0.7548277,0.0,0.0319183629130065
2018-06-10 19:00:00,0.7566689189189189,0.0314028169970032,0.78018919,0.0,0.78018919,0.0,0.0314028169970032
2018-06-10 20:00:00,0.7548277027027025,0.0286358866446144,0.78090541,0.0,0.78090541,0.0,0.0286358866446144
2018-06-10 21:00:00,0.7801891891891892,0.0287809214213643,0.61233953,0.0,0.61233953,0.0,0.0287809214213643
2018-06-10 22:00:00,0.7809054054054055,0.0251659498860032,0.45957264,0.0,0.45957264,0.0,0.0251659498860032
2018-06-10 23:00:00,0.612339527027027,0.0223202675421846,0.41147635,0.0,0.41147635,0.0,0.0223202675421846
2018-06-11 00:00:00,0.4595726351351351,0.017993385438515,0.40772466,0.0,0.40772466,0.0,0.017993385438515
2018-06-11 01:00:00,0.4114763513513512,0.0127980349564988,0.39716216,0.0,0.39716216,0.0,0.0127980349564988
2018-06-11 02:00:00,0.4077246621621621,0.0100093257332771,0.40094257,0.0,0.40094257,0.0,0.0100093257332771
2018-06-11 03:00:00,0.3971621621621621,0.0147917055706842,0.33581465,0.0,0.33581465,0.0,0.0147917055706842
2018-06-11 04:00:00,0.4009425675675675,0.018024338806526,0.11618344,0.0,0.11618344,0.0,0.018024338806526
2018-06-11 05:00:00,0.4175591216216216,0.0254184766536295,0.13572457,0.0,0.13572457,0.0,0.0254184766536295
2018-06-11 06:00:00,0.4502804054054053,0.0368925286021015,0.0,0.0,0.0,0.21559384,0.0368925286021015
2018-06-11 07:00:00,0.5277922297297297,0.0462390095862318,0.0,0.0,0.0,0.34391496,0.0462390095862318
2018-06-11 08:00:00,0.5778006756756756,0.0432045995564514,0.0,0.0,0.0,0.45844853,0.0432045995564514
2018-06-11 09:00:00,0.618841216216216,0.0341127573328523,0.0,0.0,0.0,0.5153773,0.0341127573328523
2018-06-11 10:00:00,0.626293918918919,0.0296206666962072,0.0,0.0,0.0,0.49058966,0.0296206666962072
2018-06-11 11:00:00,0.6290777027027027,0.0290325358080559,0.0,0.0,0.0,0.45334269,0.0290325358080559
2018-06-11 12:00:00,0.6620135135135135,0.0258091953409948,0.0,0.0,0.0,0.40482746,0.0258091953409948
2018-06-11 13:00:00,0.6542314189189189,0.0252439753518736,0.0,0.0,0.0,0.24609713,0.0252439753518736
2018-06-11 14:00:00,0.6011030405405405,0.0200436236706592,0.0,0.0,0.0,0.0,0.0200436236706592
2018-06-11 15:00:00,0.5984847972972972,0.0184012873001527,0.27493663,0.0,0.27493663,0.0,0.0184012873001527
2018-06-11 16:00:00,0.6384881756756758,0.0210210539869436,0.56896721,0.0,0.56896721,0.0,0.0210210539869436
2018-06-11 17:00:00,0.6730084459459459,0.0253798694233321,0.74783615,0.0,0.74783615,0.0,0.0253798694233321
2018-06-11 18:00:00,0.7241452702702703,0.028606386327722,0.74004392,0.0,0.74004392,0.0,0.028606386327722
2018-06-11 19:00:00,0.7478361486486486,0.0319813847812821,0.74449155,0.0,0.74449155,0.0,0.0319813847812821
2018-06-11 20:00:00,0.7400439189189189,0.0304980392366397,0.73946791,0.0,0.73946791,0.0,0.0304980392366397
2018-06-11 21:00:00,0.7444915540540542,0.0284502678122082,0.58030405,0.0,0.58030405,0.0,0.0284502678122082
2018-06-11 22:00:00,0.7394679054054055,0.0266583347602776,0.45075338,0.0,0.45075338,0.0,0.0266583347602776
2018-06-11 23:00:00,0.580304054054054,0.0211991710205525,0.42121284,0.0,0.42121284,0.0,0.0211991710205525
2018-06-12 00:00:00,0.4507533783783783,0.017091919283026,0.41198818,0.0,0.41198818,0.0,0.017091919283026
2018-06-12 01:00:00,0.4212128378378377,0.0108122547478055,0.40211824,0.0,0.40211824,0.0,0.0108122547478055
2018-06-12 02:00:00,0.4119881756756756,0.0084191640354877,0.40247466,0.0,0.40247466,0.0,0.0084191640354877
2018-06-12 03:00:00,0.4021182432432432,0.0086148528500635,0.31037432,0.0,0.31037432,0.0,0.0086148528500635
2018-06-12 04:00:00,0.4024746621621621,0.0102221977221253,0.10905532,0.0,0.10905532,0.0,0.0102221977221253
2018-06-12 05:00:00,0.4143834459459459,0.0144103641318158,0.0,0.0,0.0,0.065345039,0.0144103641318158
2018-06-12 06:00:00,0.4510236486486486,0.0216478934810517,0.0,0.0,0.0,0.23045458,0.0216478934810517
2018-06-12 07:00:00,0.5230861486486487,0.0310985886430703,0.0,0.0,0.0,0.31983349,0.0310985886430703
2018-06-12 08:00:00,0.5765168918918918,0.029506517703695,0.0,0.0,0.0,0.42263841,0.029506517703695
2018-06-12 09:00:00,0.658420608108108,0.0259587920224189,0.0,0.0,0.0,0.48562897,0.0259587920224189
2018-06-12 10:00:00,0.6715591216216216,0.0239554569287018,0.0,0.0,0.0,0.50000352,0.0239554569287018
2018-06-12 11:00:00,0.671035472972973,0.0250104903122756,0.0,0.0,0.0,0.45606245,0.0250104903122756
2018-06-12 12:00:00,0.6602179054054053,0.0236040213093635,0.0,0.0,0.0,0.37227557,0.0236040213093635
2018-06-12 13:00:00,0.6511300675675675,0.0218759718188136,0.0,0.0,0.0,0.20541447,0.0218759718188136
2018-06-12 14:00:00,0.6265810810810812,0.0207103713826941,0.03155365,0.0,0.03155365,0.0,0.0207103713826941
2018-06-12 15:00:00,0.6337162162162162,0.0183260496649165,0.30223433,0.0,0.30223433,0.0,0.0183260496649165
2018-06-12 16:00:00,0.6646976351351352,0.0208602552951532,0.56797884,0.0,0.56797884,0.0,0.0208602552951532
2018-06-12 17:00:00,0.6994510135135135,0.0251890804322953,0.74761824,0.0,0.74761824,0.0,0.0251890804322953
2018-06-12 18:00:00,0.7257128378378378,0.0321924489042039,0.74115372,0.0,0.74115372,0.0,0.0321924489042039
2018-06-12 19:00:00,0.7476182432432431,0.0349740449353228,0.77257095,0.0,0.77257095,0.0,0.0349740449353228
2018-06-12 20:00:00,0.7411537162162162,0.0292870394010412,0.78508615,0.0,0.78508615,0.0,0.0292870394010412
2018-06-12 21:00:00,0.7725709459459461,0.0282161069348808,0.60449831,0.0,0.60449831,0.0,0.0282161069348808
2018-06-12 22:00:00,0.7850861486486488,0.0273153504090077,0.45944088,0.0,0.45944088,0.0,0.0273153504090077
2018-06-12 23:00:00,0.6044983108108108,0.0226011457025635,0.41679561,0.0,0.41679561,0.0,0.0226011457025635
2018-06-13 00:00:00,0.4594408783783783,0.0163130331957243,0.40554561,0.0,0.40554561,0.0,0.0163130331957243
2018-06-13 01:00:00,0.416795608108108,0.0114285004855039,0.39995439,0.0,0.39995439,0.0,0.0114285004855039
2018-06-13 02:00:00,0.4055456081081081,0.008486224034197,0.40071791,0.0,0.40071791,0.0,0.008486224034197
2018-06-13 03:00:00,0.3999543918918918,0.0083593523964273,0.30646141,0.0,0.30646141,0.0,0.0083593523964273
2018-06-13 04:00:00,0.4007179054054053,0.0100465474962289,0.092432569,0.0,0.092432569,0.0,0.0100465474962289
2018-06-13 05:00:00,0.4150506756756757,0.0142634032175367,0.0,0.0,0.0,0.078173935,0.0142634032175367
2018-06-13 06:00:00,0.4421165540540541,0.0239059180231295,0.0,0.0,0.0,0.22907947,0.0239059180231295
2018-06-13 07:00:00,0.5191925675675676,0.0326476256150198,0.0,0.0,0.0,0.37593619,0.0326476256150198
2018-06-13 08:00:00,0.5866452702702701,0.0331876537527741,0.0,0.0,0.0,0.47138907,0.0331876537527741
2018-06-13 09:00:00,0.6099510135135134,0.0278975339251393,0.0,0.0,0.0,0.5197081,0.0278975339251393
2018-06-13 10:00:00,0.6257128378378378,0.0251991335185214,0.0,0.0,0.0,0.52705322,0.0251991335185214
2018-06-13 11:00:00,0.6345996621621621,0.0246177947995517,0.0,0.0,0.0,0.4715411,0.0246177947995517
2018-06-13 12:00:00,0.6296587837837837,0.025564761730179,0.0,0.0,0.0,0.3917386,0.025564761730179
2018-06-13 13:00:00,0.632972972972973,0.0246438990318535,0.0,0.0,0.0,0.22288511,0.0246438990318535
2018-06-13 14:00:00,0.6068141891891893,0.0208251962129356,0.0,0.0,0.0,0.0015669307,0.0208251962129356
2018-06-13 15:00:00,0.6165236486486485,0.0194178148290887,0.2868717,0.0,0.2868717,0.0,0.0194178148290887
2018-06-13 16:00:00,0.6349729729729731,0.0209345298616249,0.57950373,0.0,0.57950373,0.0,0.0209345298616249
2018-06-13 17:00:00,0.6899189189189189,0.0252872458625046,0.75043243,0.0,0.75043243,0.0,0.0252872458625046
2018-06-13 18:00:00,0.7423412162162162,0.0321420820974131,0.78343243,0.0,0.78343243,0.0,0.0321420820974131
2018-06-13 19:00:00,0.7504324324324323,0.0321283794874476,0.76917568,0.0,0.76917568,0.0,0.0321283794874476
2018-06-13 20:00:00,0.7834324324324323,0.0297188321264166,0.76109122,0.0,0.76109122,0.0,0.0297188321264166
2018-06-13 21:00:00,0.7691756756756758,0.0268255877023848,0.60152027,0.0,0.60152027,0.0,0.0268255877023848
2018-06-13 22:00:00,0.7610912162162164,0.025388976336737,0.47723986,0.0,0.47723986,0.0,0.025388976336737
2018-06-13 23:00:00,0.6015202702702702,0.0241470569250141,0.43192568,0.0,0.43192568,0.0,0.0241470569250141
2018-06-14 00:00:00,0.4772398648648648,0.0170037224593267,0.42187669,0.0,0.42187669,0.0,0.0170037224593267
2018-06-14 01:00:00,0.4319256756756756,0.0119939401218871,0.40177196,0.0,0.40177196,0.0,0.0119939401218871
2018-06-14 02:00:00,0.4218766891891891,0.0092980741067548,0.40474493,0.0,0.40474493,0.0,0.0092980741067548
2018-06-14 03:00:00,0.4017719594594594,0.0104182075596225,0.30950985,0.0,0.30950985,0.0,0.0104182075596225
2018-06-14 04:00:00,0.4047449324324324,0.0113356741733574,0.097792245,0.0,0.097792245,0.0,0.0113356741733574
2018-06-14 05:00:00,0.4174864864864865,0.0161518965850691,0.0,0.0,0.0,0.095444785,0.0161518965850691
2018-06-14 06:00:00,0.4484814189189189,0.0251773715436317,0.0,0.0,0.0,0.23659808,0.0251773715436317
2018-06-14 07:00:00,0.504570945945946,0.0332879142799449,0.0,0.0,0.0,0.36821468,0.0332879142799449
2018-06-14 08:00:00,0.5874459459459457,0.0357978742316359,0.0,0.0,0.0,0.44325142,0.0357978742316359
2018-06-14 09:00:00,0.6337483108108107,0.0303986235066307,0.0,0.0,0.0,0.54110649,0.0303986235066307
2018-06-14 10:00:00,0.6840168918918919,0.0259451063083966,0.0,0.0,0.0,0.56814308,0.0259451063083966
2018-06-14 11:00:00,0.6518260135135134,0.0276628999614012,0.0,0.0,0.0,0.5032558,0.0276628999614012
2018-06-14 12:00:00,0.6274172297297297,0.0276970635586274,0.0,0.0,0.0,0.39561243,0.0276970635586274
2018-06-14 13:00:00,0.6320118243243242,0.0253494736214479,0.0,0.0,0.0,0.23198596,0.0253494736214479
2018-06-14 14:00:00,0.6293716216216216,0.0195743895350696,0.0,0.0,0.0,0.027607145,0.0195743895350696
2018-06-14 15:00:00,0.6258530405405405,0.018687893185289,0.28274327,0.0,0.28274327,0.0,0.018687893185289
2018-06-14 16:00:00,0.6225692567567568,0.0214080555667966,0.55961009,0.0,0.55961009,0.0,0.0214080555667966
2018-06-14 17:00:00,0.6895878378378377,0.0248736500679959,0.71701858,0.0,0.71701858,0.0,0.0248736500679959
2018-06-14 18:00:00,0.7205101351351352,0.0322874885849143,0.76002196,0.0,0.76002196,0.0,0.0322874885849143
2018-06-14 19:00:00,0.717018581081081,0.0320895864017745,0.77781588,0.0,0.77781588,0.0,0.0320895864017745
2018-06-14 20:00:00,0.7600219594594594,0.030052205982434,0.77224493,0.0,0.77224493,0.0,0.030052205982434
2018-06-14 21:00:00,0.7778158783783785,0.0282629762814215,0.58853885,0.0,0.58853885,0.0,0.0282629762814215
2018-06-14 22:00:00,0.7722449324324325,0.0263273432322566,0.45925169,0.0,0.45925169,0.0,0.0263273432322566
2018-06-14 23:00:00,0.5885388513513513,0.0227724367751044,0.42226182,0.0,0.42226182,0.0,0.0227724367751044
2018-06-15 00:00:00,0.4592516891891891,0.0175489714435411,0.40341385,0.0,0.40341385,0.0,0.0175489714435411
2018-06-15 01:00:00,0.4222618243243242,0.0109365244103167,0.40144595,0.0,0.40144595,0.0,0.0109365244103167
2018-06-15 02:00:00,0.4034138513513512,0.0086339452659217,0.40416554,0.0,0.40416554,0.0,0.0086339452659217
2018-06-15 03:00:00,0.4014459459459459,0.010407917930191,0.30709249,0.0,0.30709249,0.0,0.010407917930191
2018-06-15 04:00:00,0.4041655405405405,0.012275325160563,0.090864307,0.0,0.090864307,0.0,0.012275325160563
2018-06-15 05:00:00,0.4140929054054054,0.0172228290512295,0.0,0.0,0.0,0.091929884,0.0172228290512295
2018-06-15 06:00:00,0.4427212837837838,0.0258574839467673,0.0,0.0,0.0,0.25583508,0.0258574839467673
2018-06-15 07:00:00,0.5125439189189189,0.0358498630489775,0.0,0.0,0.0,0.39274666,0.0358498630489775
2018-06-15 08:00:00,0.5733952702702702,0.0369442808762377,0.0,0.0,0.0,0.474523,0.0369442808762377
2018-06-15 09:00:00,0.6102939189189188,0.0304142184622388,0.0,0.0,0.0,0.53942761,0.0304142184622388
2018-06-15 10:00:00,0.6475439189189189,0.0275842831375177,0.0,0.0,0.0,0.55025476,0.0275842831375177
2018-06-15 11:00:00,0.6480320945945945,0.0265954480595479,0.0,0.0,0.0,0.49487127,0.0265954480595479
2018-06-15 12:00:00,0.6442939189189189,0.0264120088038193,0.0,0.0,0.0,0.40693515,0.0264120088038193
2018-06-15 13:00:00,0.6530202702702701,0.0235460682240592,0.0,0.0,0.0,0.25747801,0.0235460682240592
2018-06-15 14:00:00,0.6330472972972974,0.0195685266427663,0.0099258636,0.0,0.0099258636,0.0,0.0195685266427663
2018-06-15 15:00:00,0.6176503378378377,0.0193247857656232,0.40896526,0.0,0.40896526,0.0,0.0193247857656232
2018-06-15 16:00:00,0.6518158783783785,0.022964560545657,0.70107217,0.0,0.70107217,0.0,0.022964560545657
2018-06-15 17:00:00,0.6866874999999999,0.026207094804236,0.76454561,0.0,0.76454561,0.0,0.026207094804236
2018-06-15 18:00:00,0.7184087837837838,0.0314337872609574,0.80124662,0.0,0.80124662,0.0,0.0314337872609574
2018-06-15 19:00:00,0.7645456081081081,0.0323393084428235,0.78884291,0.0,0.78884291,0.0,0.0323393084428235
2018-06-15 20:00:00,0.8012466216216215,0.0310357695261135,0.77984966,0.0,0.77984966,0.0,0.0310357695261135
2018-06-15 21:00:00,0.7888429054054056,0.0286046460455683,0.59245101,0.0,0.59245101,0.0,0.0286046460455683
2018-06-15 22:00:00,0.7798496621621624,0.0257768058178086,0.45727365,0.0,0.45727365,0.0,0.0257768058178086
2018-06-15 23:00:00,0.5924510135135135,0.0248551828020374,0.42280236,0.0,0.42280236,0.0,0.0248551828020374
2018-06-16 00:00:00,0.4572736486486486,0.0188081078214232,0.40496284,0.0,0.40496284,0.0,0.0188081078214232
2018-06-16 01:00:00,0.4228023648648648,0.0136393515540628,0.39790541,0.0,0.39790541,0.0,0.0136393515540628
2018-06-16 02:00:00,0.4049628378378378,0.010773579933735,0.40058446,0.0,0.40058446,0.0,0.010773579933735
2018-06-16 03:00:00,0.3979054054054053,0.013765902168911,0.32168218,0.0,0.32168218,0.0,0.013765902168911
2018-06-16 04:00:00,0.4005844594594595,0.0157886338054646,0.10417176,0.0,0.10417176,0.0,0.0157886338054646
2018-06-16 05:00:00,0.4167314189189189,0.0186491169955591,0.094333243,0.0,0.094333243,0.0,0.0186491169955591
2018-06-16 06:00:00,0.444472972972973,0.0240082567513186,0.35641263,0.0,0.35641263,0.0,0.0240082567513186
2018-06-16 07:00:00,0.4677010135135134,0.0287405063251405,0.070444306,0.0,0.070444306,0.0,0.0287405063251405
2018-06-16 08:00:00,0.5131503378378377,0.0335175470444846,0.039075082,0.0,0.039075082,0.0,0.0335175470444846
2018-06-16 09:00:00,0.6524527027027026,0.0329317984843299,0.42910236,0.0,0.42910236,0.0,0.0329317984843299
2018-06-16 10:00:00,0.718287162162162,0.0325390015959464,0.20097389,0.0,0.20097389,0.0,0.0325390015959464
2018-06-16 11:00:00,0.6925641891891892,0.0284190947969351,0.10706266,0.0,0.10706266,0.0,0.0284190947969351
2018-06-16 12:00:00,0.6661452702702703,0.0268753124633325,0.37302843,0.0,0.37302843,0.0,0.0268753124633325
2018-06-16 13:00:00,0.6646047297297297,0.0282312625959647,0.31791417,0.0,0.31791417,0.0,0.0282312625959647
2018-06-16 14:00:00,0.6817837837837839,0.0262848330390713,0.48617592,0.0,0.48617592,0.0,0.0262848330390713
2018-06-16 15:00:00,0.658849662162162,0.023338890168082,0.74555905,0.0,0.74555905,0.0,0.023338890168082
2018-06-16 16:00:00,0.6994087837837839,0.023340951473157,0.71472476,0.0,0.71472476,0.0,0.023340951473157
2018-06-16 17:00:00,0.7918277027027026,0.0263784196686634,0.75419088,0.0,0.75419088,0.0,0.0263784196686634
2018-06-16 18:00:00,0.7624662162162162,0.034278692391387,0.75698818,0.0,0.75698818,0.0,0.034278692391387
2018-06-16 19:00:00,0.7541908783783782,0.0336091061608882,0.7771402,0.0,0.7771402,0.0,0.0336091061608882
2018-06-16 20:00:00,0.7569881756756757,0.0305240251973388,0.81294426,0.0,0.81294426,0.0,0.0305240251973388
2018-06-16 21:00:00,0.7771402027027028,0.0273008030018802,0.62143919,0.0,0.62143919,0.0,0.0273008030018802
2018-06-16 22:00:00,0.8129442567567569,0.0266095054843213,0.47424493,0.0,0.47424493,0.0,0.0266095054843213
2018-06-16 23:00:00,0.6214391891891892,0.0236646608496426,0.41474662,0.0,0.41474662,0.0,0.0236646608496426
2018-06-17 00:00:00,0.4742449324324324,0.0179989442038401,0.42471622,0.0,0.42471622,0.0,0.0179989442038401
2018-06-17 01:00:00,0.4147466216216215,0.0147332456070828,0.41059291,0.0,0.41059291,0.0,0.0147332456070828
2018-06-17 02:00:00,0.4247162162162162,0.0100426614292845,0.40450676,0.0,0.40450676,0.0,0.0100426614292845
2018-06-17 03:00:00,0.4105929054054053,0.0131372041210467,0.31321256,0.0,0.31321256,0.0,0.0131372041210467
2018-06-17 04:00:00,0.4045067567567567,0.0144427029671722,0.38004308,0.0,0.38004308,0.0,0.0144427029671722
2018-06-17 05:00:00,0.4158986486486486,0.018616440241338,0.32279382,0.0,0.32279382,0.0,0.018616440241338
2018-06-17 06:00:00,0.4398597972972973,0.022617264432412,0.0,0.0,0.0,0.050248898,0.022617264432412
2018-06-17 07:00:00,0.4701722972972972,0.0278794383699321,0.099935895,0.0,0.099935895,0.0,0.0278794383699321
2018-06-17 08:00:00,0.5222466216216216,0.035097047402091,0.0,0.0,0.0,0.26971628,0.035097047402091
2018-06-17 09:00:00,0.6079459459459459,0.03464925421847,0.0,0.0,0.0,0.33274992,0.03464925421847
2018-06-17 10:00:00,0.6716469594594594,0.0312294984112737,0.0,0.0,0.0,0.020502454,0.0312294984112737
2018-06-17 11:00:00,0.6895050675675674,0.0289524997249403,0.0,0.0,0.0,0.22574167,0.0289524997249403
2018-06-17 12:00:00,0.7141790540540539,0.0287503566600479,0.099799727,0.0,0.099799727,0.0,0.0287503566600479
2018-06-17 13:00:00,0.7144493243243242,0.0275522822210259,0.0,0.0,0.0,0.067528327,0.0275522822210259
2018-06-17 14:00:00,0.6409037162162163,0.0248872344063588,0.10081022,0.0,0.10081022,0.0,0.0248872344063588
2018-06-17 15:00:00,0.6293547297297296,0.0229923036844528,0.50339623,0.0,0.50339623,0.0,0.0229923036844528
2018-06-17 16:00:00,0.6661030405405407,0.0231728706298312,0.61467887,0.0,0.61467887,0.0,0.0231728706298312
2018-06-17 17:00:00,0.7531385135135135,0.0257829052533174,0.74676351,0.0,0.74676351,0.0,0.0257829052533174
2018-06-17 18:00:00,0.7716706081081082,0.0314526262376672,0.74907095,0.0,0.74907095,0.0,0.0314526262376672
2018-06-17 19:00:00,0.7467635135135134,0.0323936795881615,0.76249324,0.0,0.76249324,0.0,0.0323936795881615
2018-06-17 20:00:00,0.7490709459459458,0.0297527929723237,0.76559966,0.0,0.76559966,0.0,0.0297527929723237
2018-06-17 21:00:00,0.7624932432432434,0.0284117281656836,0.60802196,0.0,0.60802196,0.0,0.0284117281656836
2018-06-17 22:00:00,0.7655996621621624,0.0252307965161483,0.45858615,0.0,0.45858615,0.0,0.0252307965161483
2018-06-17 23:00:00,0.6080219594594594,0.0232891147193046,0.4139223,0.0,0.4139223,0.0,0.0232891147193046
2018-06-18 00:00:00,0.4585861486486486,0.0169713160401973,0.40563682,0.0,0.40563682,0.0,0.0169713160401973
2018-06-18 01:00:00,0.4139222972972972,0.0114178898331506,0.39812838,0.0,0.39812838,0.0,0.0114178898331506
2018-06-18 02:00:00,0.4056368243243243,0.0084750727116602,0.40046622,0.0,0.40046622,0.0,0.0084750727116602
2018-06-18 03:00:00,0.3981283783783783,0.009178383244861,0.3147125,0.0,0.3147125,0.0,0.009178383244861
2018-06-18 04:00:00,0.4004662162162162,0.010384077754283,0.1965382,0.0,0.1965382,0.0,0.010384077754283
2018-06-18 05:00:00,0.4147516891891891,0.0137830177594106,0.17231243,0.0,0.17231243,0.0,0.0137830177594106
2018-06-18 06:00:00,0.4492246621621622,0.0214269959191658,0.0,0.0,0.0,0.0146651,0.0214269959191658
2018-06-18 07:00:00,0.5118834459459459,0.0298864229873885,0.0,0.0,0.0,0.36640856,0.0298864229873885
2018-06-18 08:00:00,0.5904172297297295,0.0322064725370908,0.0,0.0,0.0,0.44808604,0.0322064725370908
2018-06-18 09:00:00,0.610116554054054,0.031716997061503,0.0,0.0,0.0,0.52105719,0.031716997061503
2018-06-18 10:00:00,0.6495709459459459,0.0285727465047361,0.0,0.0,0.0,0.51214549,0.0285727465047361
2018-06-18 11:00:00,0.6426334459459458,0.0285918558165377,0.0,0.0,0.0,0.44193874,0.0285918558165377
2018-06-18 12:00:00,0.6618952702702702,0.025463200215379,0.0,0.0,0.0,0.41891566,0.025463200215379
2018-06-18 13:00:00,0.6790337837837837,0.024390578154895,0.0,0.0,0.0,0.26455057,0.024390578154895
2018-06-18 14:00:00,0.591660472972973,0.020900518327888,0.0,0.0,0.0,0.011234609,0.020900518327888
2018-06-18 15:00:00,0.5857939189189189,0.0186883324798132,0.31518705,0.0,0.31518705,0.0,0.0186883324798132
2018-06-18 16:00:00,0.6306554054054055,0.0209643849933253,0.58950163,0.0,0.58950163,0.0,0.0209643849933253
2018-06-18 17:00:00,0.7194239864864864,0.0250323874547114,0.74116892,0.0,0.74116892,0.0,0.0250323874547114
2018-06-18 18:00:00,0.7537668918918919,0.0329845476191172,0.76291216,0.0,0.76291216,0.0,0.0329845476191172
2018-06-18 19:00:00,0.7411689189189188,0.0322800374739466,0.76286318,0.0,0.76286318,0.0,0.0322800374739466
2018-06-18 20:00:00,0.7629121621621621,0.0294455740364378,0.77826182,0.0,0.77826182,0.0,0.0294455740364378
2018-06-18 21:00:00,0.7628631756756759,0.0271932434272309,0.61571959,0.0,0.61571959,0.0,0.0271932434272309
2018-06-18 22:00:00,0.7782618243243244,0.027303489456855,0.49352534,0.0,0.49352534,0.0,0.027303489456855
2018-06-18 23:00:00,0.6157195945945946,0.0222184356922928,0.42383615,0.0,0.42383615,0.0,0.0222184356922928
2018-06-19 00:00:00,0.4935253378378377,0.0185240194318292,0.40632095,0.0,0.40632095,0.0,0.0185240194318292
2018-06-19 01:00:00,0.4238361486486486,0.013107044862368,0.39906419,0.0,0.39906419,0.0,0.013107044862368
2018-06-19 02:00:00,0.4063209459459459,0.0103407734517654,0.40114358,0.0,0.40114358,0.0,0.0103407734517654
2018-06-19 03:00:00,0.3990641891891891,0.0132426348068483,0.31038263,0.0,0.31038263,0.0,0.0132426348068483
2018-06-19 04:00:00,0.401143581081081,0.015068528704686,0.10297593,0.0,0.10297593,0.0,0.015068528704686
2018-06-19 05:00:00,0.415714527027027,0.0201888443027848,0.0,0.0,0.0,0.075873554,0.0201888443027848
2018-06-19 06:00:00,0.4449442567567568,0.0299191166375527,0.0,0.0,0.0,0.23395662,0.0299191166375527
2018-06-19 07:00:00,0.5145861486486486,0.0423627253927607,0.0,0.0,0.0,0.35747169,0.0423627253927607
2018-06-19 08:00:00,0.5747567567567565,0.0445778680309019,0.0,0.0,0.0,0.4793992,0.0445778680309019
2018-06-19 09:00:00,0.6293766891891891,0.0414011941590626,0.0,0.0,0.0,0.54183542,0.0414011941590626
2018-06-19 10:00:00,0.6280523648648648,0.0406185571723623,0.0,0.0,0.0,0.52520192,0.0406185571723623
2018-06-19 11:00:00,0.6296655405405404,0.0377816100311974,0.0,0.0,0.0,0.47356969,0.0377816100311974
2018-06-19 12:00:00,0.6510912162162161,0.0322648311250329,0.0,0.0,0.0,0.40950827,0.0322648311250329
2018-06-19 13:00:00,0.6536756756756756,0.0271348848392889,0.0,0.0,0.0,0.25511704,0.0271348848392889
2018-06-19 14:00:00,0.6112989864864865,0.0220562346372136,0.0,0.0,0.0,0.026495283,0.0220562346372136
2018-06-19 15:00:00,0.6022314189189188,0.0198910195113389,0.28851179,0.0,0.28851179,0.0,0.0198910195113389
2018-06-19 16:00:00,0.6225135135135136,0.0207528815758793,0.65579891,0.0,0.65579891,0.0,0.0207528815758793
2018-06-19 17:00:00,0.6989070945945945,0.0248303795573648,0.74416723,0.0,0.74416723,0.0,0.0248303795573648
2018-06-19 18:00:00,0.7480050675675677,0.0308421927044426,0.77151014,0.0,0.77151014,0.0,0.0308421927044426
2018-06-19 19:00:00,0.7441672297297295,0.0314661092003707,0.7765152,0.0,0.7765152,0.0,0.0314661092003707
2018-06-19 20:00:00,0.7715101351351351,0.029986801786162,0.79785811,0.0,0.79785811,0.0,0.029986801786162
2018-06-19 21:00:00,0.7765152027027029,0.0287595649491123,0.57357264,0.0,0.57357264,0.0,0.0287595649491123
2018-06-19 22:00:00,0.7978581081081083,0.0265682793828222,0.46011993,0.0,0.46011993,0.0,0.0265682793828222
2018-06-19 23:00:00,0.5735726351351351,0.0233871618779113,0.43156926,0.0,0.43156926,0.0,0.0233871618779113
2018-06-20 00:00:00,0.4601199324324324,0.0182909736867557,0.41797297,0.0,0.41797297,0.0,0.0182909736867557
2018-06-20 01:00:00,0.4315692567567567,0.0131780416158516,0.40765709,0.0,0.40765709,0.0,0.0131780416158516
2018-06-20 02:00:00,0.4179729729729729,0.011199864581615,0.40743919,0.0,0.40743919,0.0,0.011199864581615
2018-06-20 03:00:00,0.4076570945945945,0.0146230502652884,0.31301621,0.0,0.31301621,0.0,0.0146230502652884
2018-06-20 04:00:00,0.4074391891891891,0.0180238826160585,0.10254856,0.0,0.10254856,0.0,0.0180238826160585
2018-06-20 05:00:00,0.4170253378378378,0.0242008029204522,0.0,0.0,0.0,0.083224906,0.0242008029204522
2018-06-20 06:00:00,0.4445168918918919,0.0341825375784228,0.0,0.0,0.0,0.21850716,0.0341825375784228
2018-06-20 07:00:00,0.5072347972972973,0.0437151949610861,0.0,0.0,0.0,0.34130561,0.0437151949610861
2018-06-20 08:00:00,0.5919391891891891,0.0458894325206496,0.0,0.0,0.0,0.404513,0.0458894325206496
2018-06-20 09:00:00,0.6408885135135135,0.0485084726818813,0.0,0.0,0.0,0.50055627,0.0485084726818813
2018-06-20 10:00:00,0.7009375,0.044668109263733,0.0,0.0,0.0,0.54830782,0.044668109263733
2018-06-20 11:00:00,0.6706503378378378,0.0426128360405041,0.0,0.0,0.0,0.50692441,0.0426128360405041
2018-06-20 12:00:00,0.627625,0.0323242879492852,0.0,0.0,0.0,0.41568203,0.0323242879492852
2018-06-20 13:00:00,0.6170844594594593,0.0260170492347014,0.0,0.0,0.0,0.23959764,0.0260170492347014
2018-06-20 14:00:00,0.6008445945945946,0.022810554023048,0.0,0.0,0.0,0.02214723,0.022810554023048
2018-06-20 15:00:00,0.6149307432432431,0.0192620511283828,0.30325229,0.0,0.30325229,0.0,0.0192620511283828
2018-06-20 16:00:00,0.6257584459459461,0.0221038474052567,0.60518195,0.0,0.60518195,0.0,0.0221038474052567
2018-06-20 17:00:00,0.7134814189189189,0.0261351856698175,0.75309459,0.0,0.75309459,0.0,0.0261351856698175
2018-06-20 18:00:00,0.7740760135135135,0.0297406278931928,0.74150169,0.0,0.74150169,0.0,0.0297406278931928
2018-06-20 19:00:00,0.7530945945945946,0.0308960738674267,0.75428716,0.0,0.75428716,0.0,0.0308960738674267
2018-06-20 20:00:00,0.7415016891891891,0.03060894420805,0.79773142,0.0,0.79773142,0.0,0.03060894420805
2018-06-20 21:00:00,0.7542871621621623,0.0272884858592603,0.57148818,0.0,0.57148818,0.0,0.0272884858592603
2018-06-20 22:00:00,0.7977314189189191,0.0268521650210971,0.43748649,0.0,0.43748649,0.0,0.0268521650210971
2018-06-20 23:00:00,0.5714881756756757,0.0246018281331923,0.42518074,0.0,0.42518074,0.0,0.0246018281331923
2018-06-21 00:00:00,0.4374864864864864,0.0177277136270499,0.41598142,0.0,0.41598142,0.0,0.0177277136270499
2018-06-21 01:00:00,0.4251807432432432,0.0131653020746506,0.40116554,0.0,0.40116554,0.0,0.0131653020746506
2018-06-21 02:00:00,0.4159814189189189,0.0117681596324055,0.40556757,0.0,0.40556757,0.0,0.0117681596324055
2018-06-21 03:00:00,0.4011655405405405,0.0168813282465148,0.31260304,0.0,0.31260304,0.0,0.0168813282465148
2018-06-21 04:00:00,0.4055675675675675,0.0200078042709958,0.10343877,0.0,0.10343877,0.0,0.0200078042709958
2018-06-21 05:00:00,0.4149560810810811,0.0264119243241031,0.29046159,0.0,0.29046159,0.0,0.0264119243241031
2018-06-21 06:00:00,0.4454070945945946,0.036707737670914,0.21125747,0.0,0.21125747,0.0,0.036707737670914
2018-06-21 07:00:00,0.5151858108108108,0.0465658616081595,0.0,0.0,0.0,0.38195026,0.0465658616081595
2018-06-21 08:00:00,0.5783969594594592,0.0475400310073991,0.0,0.0,0.0,0.46456469,0.0475400310073991
2018-06-21 09:00:00,0.6160692567567566,0.0472636302719783,0.0,0.0,0.0,0.49161609,0.0472636302719783
2018-06-21 10:00:00,0.6543716216216215,0.0432427843881679,0.0,0.0,0.0,0.52648088,0.0432427843881679
2018-06-21 11:00:00,0.6941858108108108,0.0358222043898978,0.0,0.0,0.0,0.49827488,0.0358222043898978
2018-06-21 12:00:00,0.664018581081081,0.0302396326807667,0.0,0.0,0.0,0.43278653,0.0302396326807667
2018-06-21 13:00:00,0.6402179054054054,0.0240512738228012,0.0,0.0,0.0,0.25332825,0.0240512738228012
2018-06-21 14:00:00,0.6023310810810811,0.0210521594184437,0.0,0.0,0.0,0.060290529,0.0210521594184437
2018-06-21 15:00:00,0.6208733108108108,0.0193664004738171,0.24772233,0.0,0.24772233,0.0,0.0193664004738171
2018-06-21 16:00:00,0.6061908783783785,0.0210956833682233,0.55065435,0.0,0.55065435,0.0,0.0210956833682233
2018-06-21 17:00:00,0.6750945945945945,0.0254748922080993,0.72537331,0.0,0.72537331,0.0,0.0254748922080993
2018-06-21 18:00:00,0.7311638513513513,0.030403844353091,0.76601858,0.0,0.76601858,0.0,0.030403844353091
2018-06-21 19:00:00,0.7253733108108107,0.0303137720796924,0.78597297,0.0,0.78597297,0.0,0.0303137720796924
2018-06-21 20:00:00,0.766018581081081,0.0301109700730138,0.73794932,0.0,0.73794932,0.0,0.0301109700730138
2018-06-21 21:00:00,0.7859729729729732,0.028365061570462,0.58488345,0.0,0.58488345,0.0,0.028365061570462
2018-06-21 22:00:00,0.7379493243243245,0.0256048558034815,0.44930068,0.0,0.44930068,0.0,0.0256048558034815
2018-06-21 23:00:00,0.584883445945946,0.0230812439296547,0.40861655,0.0,0.40861655,0.0,0.0230812439296547
2018-06-22 00:00:00,0.4493006756756756,0.0183299526278044,0.40392905,0.0,0.40392905,0.0,0.0183299526278044
2018-06-22 01:00:00,0.408616554054054,0.0110467535439976,0.39743919,0.0,0.39743919,0.0,0.0110467535439976
2018-06-22 02:00:00,0.4039290540540539,0.008887671645518,0.40102534,0.0,0.40102534,0.0,0.008887671645518
2018-06-22 03:00:00,0.3974391891891891,0.0100597263319542,0.30836249,0.0,0.30836249,0.0,0.0100597263319542
2018-06-22 04:00:00,0.4010253378378378,0.0126195631080822,0.092107007,0.0,0.092107007,0.0,0.0126195631080822
2018-06-22 05:00:00,0.4150168918918919,0.0181203922438306,0.0,0.0,0.0,0.070325981,0.0181203922438306
2018-06-22 06:00:00,0.4416283783783785,0.0283995968784392,0.0,0.0,0.0,0.22539826,0.0283995968784392
2018-06-22 07:00:00,0.5273023648648649,0.0369724971014442,0.0,0.0,0.0,0.35723147,0.0369724971014442
2018-06-22 08:00:00,0.59525,0.0352947637298554,0.0,0.0,0.0,0.41341746,0.0352947637298554
2018-06-22 09:00:00,0.6393395270270269,0.0282177965292044,0.0,0.0,0.0,0.4996936,0.0282177965292044
2018-06-22 10:00:00,0.6972331081081081,0.0252821263917037,0.0,0.0,0.0,0.55548568,0.0252821263917037
2018-06-22 11:00:00,0.6755827702702701,0.023944373189938,0.0,0.0,0.0,0.47706296,0.023944373189938
2018-06-22 12:00:00,0.6244898648648648,0.0249721872089564,0.0,0.0,0.0,0.41105202,0.0249721872089564
2018-06-22 13:00:00,0.6508986486486485,0.0224498256349292,0.0,0.0,0.0,0.27613591,0.0224498256349292
2018-06-22 14:00:00,0.6112077702702703,0.0199774422609983,0.0,0.0,0.0,0.049059512,0.0199774422609983
2018-06-22 15:00:00,0.586295608108108,0.0184167301922718,0.25899326,0.0,0.25899326,0.0,0.0184167301922718
2018-06-22 16:00:00,0.6058361486486488,0.0214546038904157,0.58298165,0.0,0.58298165,0.0,0.0214546038904157
2018-06-22 17:00:00,0.6749459459459459,0.0244634841499645,0.74263345,0.0,0.74263345,0.0,0.0244634841499645
2018-06-22 18:00:00,0.7546081081081081,0.0308309231103032,0.7731402,0.0,0.7731402,0.0,0.0308309231103032
2018-06-22 19:00:00,0.7426334459459458,0.0326968603936137,0.77246453,0.0,0.77246453,0.0,0.0326968603936137
2018-06-22 20:00:00,0.7731402027027027,0.0297738453175976,0.74382095,0.0,0.74382095,0.0,0.0297738453175976
2018-06-22 21:00:00,0.7724645270270272,0.0279408889154866,0.58810473,0.0,0.58810473,0.0,0.0279408889154866
2018-06-22 22:00:00,0.7438209459459459,0.0260967811908388,0.45030743,0.0,0.45030743,0.0,0.0260967811908388
2018-06-22 23:00:00,0.5881047297297297,0.0227661514842202,0.40962331,0.0,0.40962331,0.0,0.0227661514842202
2018-06-23 00:00:00,0.4503074324324323,0.0175053123262158,0.40966723,0.0,0.40966723,0.0,0.0175053123262158
2018-06-23 01:00:00,0.4096233108108107,0.0099118699326837,0.40211824,0.0,0.40211824,0.0,0.0099118699326837
2018-06-23 02:00:00,0.4096672297297297,0.0080604631605574,0.40287162,0.0,0.40287162,0.0,0.0080604631605574
2018-06-23 03:00:00,0.4021182432432431,0.0070004961615581,0.31773987,0.0,0.31773987,0.0,0.0070004961615581
2018-06-23 04:00:00,0.4028716216216216,0.0073454606346365,0.10935079,0.0,0.10935079,0.0,0.0073454606346365
2018-06-23 05:00:00,0.4161351351351351,0.0090993947102261,0.0,0.0,0.0,0.1030466,0.0090993947102261
2018-06-23 06:00:00,0.4424949324324325,0.0114738829890395,0.0,0.0,0.0,0.24664504,0.0114738829890395
2018-06-23 07:00:00,0.4766418918918919,0.016220561698386,0.0,0.0,0.0,0.32903133,0.016220561698386
2018-06-23 08:00:00,0.5558513513513512,0.0216755690360746,0.0,0.0,0.0,0.38972066,0.0216755690360746
2018-06-23 09:00:00,0.6502398648648647,0.0253082982077784,0.0,0.0,0.0,0.45883212,0.0253082982077784
2018-06-23 10:00:00,0.7104054054054054,0.0262662137096236,0.0,0.0,0.0,0.47809747,0.0262662137096236
2018-06-23 11:00:00,0.7065236486486486,0.0250217430104718,0.0,0.0,0.0,0.4247169,0.0250217430104718
2018-06-23 12:00:00,0.6910726351351351,0.0252478783147614,0.0,0.0,0.0,0.37009191,0.0252478783147614
2018-06-23 13:00:00,0.693189189189189,0.0246030953289351,0.0,0.0,0.0,0.19053737,0.0246030953289351
2018-06-23 14:00:00,0.6390202702702703,0.0230147077051857,0.057532854,0.0,0.057532854,0.0,0.0230147077051857
2018-06-23 15:00:00,0.6584679054054052,0.0202865366465835,0.30956209,0.0,0.30956209,0.0,0.0202865366465835
2018-06-23 16:00:00,0.7007837837837839,0.0218964328060742,0.58992403,0.0,0.58992403,0.0,0.0218964328060742
2018-06-23 17:00:00,0.7148834459459459,0.0259228543511529,0.72720946,0.0,0.72720946,0.0,0.0259228543511529
2018-06-23 18:00:00,0.7536486486486486,0.031248151532608,0.74299324,0.0,0.74299324,0.0,0.031248151532608
2018-06-23 19:00:00,0.7272094594594594,0.0315004248610858,0.75970101,0.0,0.75970101,0.0,0.0315004248610858
2018-06-23 20:00:00,0.7429932432432432,0.028500567035226,0.78769932,0.0,0.78769932,0.0,0.028500567035226
2018-06-23 21:00:00,0.7597010135135136,0.0283878035100594,0.60340541,0.0,0.60340541,0.0,0.0283878035100594
2018-06-23 22:00:00,0.7876993243243245,0.0259415581603167,0.44940878,0.0,0.44940878,0.0,0.0259415581603167
2018-06-23 23:00:00,0.6034054054054053,0.0224628017193356,0.41528209,0.0,0.41528209,0.0,0.0224628017193356
2018-06-24 00:00:00,0.4494087837837837,0.0171785447840042,0.40808784,0.0,0.40808784,0.0,0.0171785447840042
2018-06-24 01:00:00,0.4152820945945945,0.0106629452974165,0.40047973,0.0,0.40047973,0.0,0.0106629452974165
2018-06-24 02:00:00,0.4080878378378377,0.0079840428092946,0.40420777,0.0,0.40420777,0.0,0.0079840428092946
2018-06-24 03:00:00,0.4004797297297296,0.0066527269619024,0.32473366,0.0,0.32473366,0.0,0.0066527269619024
2018-06-24 04:00:00,0.4042077702702703,0.0067430695703929,0.12538095,0.0,0.12538095,0.0,0.0067430695703929
2018-06-24 05:00:00,0.4152060810810811,0.0072231846934273,0.0,0.0,0.0,0.075007745,0.0072231846934273
2018-06-24 06:00:00,0.4446317567567568,0.0108242170756176,0.0,0.0,0.0,0.25408256,0.0108242170756176
2018-06-24 07:00:00,0.4830726351351351,0.0163095188395308,0.0,0.0,0.0,0.32536094,0.0163095188395308
2018-06-24 08:00:00,0.5256266891891892,0.0220924426435713,0.0,0.0,0.0,0.37145263,0.0220924426435713
2018-06-24 09:00:00,0.6287280405405404,0.0250914556722694,0.0,0.0,0.0,0.42973965,0.0250914556722694
2018-06-24 10:00:00,0.7007820945945946,0.0252693699545593,0.0,0.0,0.0,0.44747089,0.0252693699545593
2018-06-24 11:00:00,0.7063614864864864,0.0256624033861481,0.0,0.0,0.0,0.44775704,0.0256624033861481
2018-06-24 12:00:00,0.695472972972973,0.0258481235942137,0.0,0.0,0.0,0.33197842,0.0258481235942137
2018-06-24 13:00:00,0.6515472972972973,0.0255957826819631,0.0,0.0,0.0,0.18539043,0.0255957826819631
2018-06-24 14:00:00,0.6623445945945946,0.0245550770582545,0.075204623,0.0,0.075204623,0.0,0.0245550770582545
2018-06-24 15:00:00,0.6498158783783783,0.0213255695719116,0.31900356,0.0,0.31900356,0.0,0.0213255695719116
2018-06-24 16:00:00,0.7058530405405407,0.0223006006642564,0.61405828,0.0,0.61405828,0.0,0.0223006006642564
2018-06-24 17:00:00,0.7168260135135134,0.0266070386766088,0.73649155,0.0,0.73649155,0.0,0.0266070386766088
2018-06-24 18:00:00,0.7764898648648649,0.0304956907005297,0.72549662,0.0,0.72549662,0.0,0.0304956907005297
2018-06-24 19:00:00,0.736491554054054,0.0312142244785872,0.76216216,0.0,0.76216216,0.0,0.0312142244785872
2018-06-24 20:00:00,0.7254966216216215,0.0284103426983382,0.78331419,0.0,0.78331419,0.0,0.0284103426983382
2018-06-24 21:00:00,0.7621621621621623,0.0262506525459021,0.5757027,0.0,0.5757027,0.0,0.0262506525459021
2018-06-24 22:00:00,0.7833141891891893,0.025700959928616,0.44419257,0.0,0.44419257,0.0,0.025700959928616
2018-06-24 23:00:00,0.5757027027027027,0.0230488037186388,0.40857432,0.0,0.40857432,0.0,0.0230488037186388
2018-06-25 00:00:00,0.4441925675675675,0.0169612122661413,0.40367399,0.0,0.40367399,0.0,0.0169612122661413
2018-06-25 01:00:00,0.4085743243243242,0.0100226228406049,0.39933784,0.0,0.39933784,0.0,0.0100226228406049
2018-06-25 02:00:00,0.4036739864864864,0.0080118535318634,0.40079054,0.0,0.40079054,0.0,0.0080118535318634
2018-06-25 03:00:00,0.3993378378378378,0.0062754743412974,0.32181798,0.0,0.32181798,0.0,0.0062754743412974
2018-06-25 04:00:00,0.4007905405405405,0.007723676324006,0.12472032,0.0,0.12472032,0.0,0.007723676324006
2018-06-25 05:00:00,0.4149324324324325,0.010161118887322,0.32009091,0.0,0.32009091,0.0,0.010161118887322
2018-06-25 06:00:00,0.4490270270270269,0.0184943163636179,0.28073789,0.0,0.28073789,0.0,0.0184943163636179
2018-06-25 07:00:00,0.5320456081081082,0.0272516527030026,0.0,0.0,0.0,0.025483495,0.0272516527030026
2018-06-25 08:00:00,0.5934256756756756,0.0300150349073117,0.0,0.0,0.0,0.38218107,0.0300150349073117
2018-06-25 09:00:00,0.6536435810810809,0.0287804483349537,0.0,0.0,0.0,0.50769632,0.0287804483349537
2018-06-25 10:00:00,0.7044932432432433,0.0263780817497986,0.0,0.0,0.0,0.5226952,0.0263780817497986
2018-06-25 11:00:00,0.6461655405405405,0.0256247761205585,0.0,0.0,0.0,0.47868461,0.0256247761205585
2018-06-25 12:00:00,0.6380388513513513,0.0250306640685012,0.0,0.0,0.0,0.42177098,0.0250306640685012
2018-06-25 13:00:00,0.6402533783783784,0.0236241105858728,0.0,0.0,0.0,0.24335622,0.0236241105858728
2018-06-25 14:00:00,0.5921165540540541,0.0196728590922574,0.020612335,0.0,0.020612335,0.0,0.0196728590922574
2018-06-25 15:00:00,0.6109256756756756,0.0185334980559854,0.38710821,0.0,0.38710821,0.0,0.0185334980559854
2018-06-25 16:00:00,0.6673547297297299,0.020771500905327,0.55354823,0.0,0.55354823,0.0,0.020771500905327
2018-06-25 17:00:00,0.7231570945945945,0.0252914529523707,0.74608784,0.0,0.74608784,0.0,0.0252914529523707
2018-06-25 18:00:00,0.7211503378378379,0.0310035996501896,0.73775338,0.0,0.73775338,0.0,0.0310035996501896
2018-06-25 19:00:00,0.7460878378378377,0.0312359526615906,0.75778716,0.0,0.75778716,0.0,0.0312359526615906
2018-06-25 20:00:00,0.7377533783783784,0.0289044307664299,0.73419595,0.0,0.73419595,0.0,0.0289044307664299
2018-06-25 21:00:00,0.7577871621621624,0.0281473235499614,0.56352872,0.0,0.56352872,0.0,0.0281473235499614
2018-06-25 22:00:00,0.7341959459459462,0.0251164616682607,0.44989696,0.0,0.44989696,0.0,0.0251164616682607
2018-06-25 23:00:00,0.5635287162162163,0.0225561180138357,0.41733615,0.0,0.41733615,0.0,0.0225561180138357
2018-06-26 00:00:00,0.4498969594594594,0.0156603767003495,0.40435811,0.0,0.40435811,0.0,0.0156603767003495
2018-06-26 01:00:00,0.4173361486486485,0.0102431993795695,0.39787331,0.0,0.39787331,0.0,0.0102431993795695
2018-06-26 02:00:00,0.4043581081081081,0.0085783745086138,0.40092736,0.0,0.40092736,0.0,0.0085783745086138
2018-06-26 03:00:00,0.3978733108108108,0.0093446055344306,0.33140406,0.0,0.33140406,0.0,0.0093446055344306
2018-06-26 04:00:00,0.4009273648648648,0.0113858044369429,0.20171925,0.0,0.20171925,0.0,0.0113858044369429
2018-06-26 05:00:00,0.4231976351351351,0.0170925951207554,0.0,0.0,0.0,0.056911578,0.0170925951207554
2018-06-26 06:00:00,0.4548496621621622,0.0273942375679833,0.0,0.0,0.0,0.22142453,0.0273942375679833
2018-06-26 07:00:00,0.5131841216216216,0.034937127299349,0.0,0.0,0.0,0.33864332,0.034937127299349
2018-06-26 08:00:00,0.5657668918918918,0.0348498090646981,0.0,0.0,0.0,0.43295766,0.0348498090646981
2018-06-26 09:00:00,0.6230304054054053,0.0288777351761147,0.0,0.0,0.0,0.47784865,0.0288777351761147
2018-06-26 10:00:00,0.651625,0.0274707423989622,0.0,0.0,0.0,0.52971091,0.0274707423989622
2018-06-26 11:00:00,0.6729442567567566,0.0256622006348293,0.0,0.0,0.0,0.47504653,0.0256622006348293
2018-06-26 12:00:00,0.6313023648648649,0.0249759719002417,0.0,0.0,0.0,0.41793786,0.0249759719002417
2018-06-26 13:00:00,0.6345945945945946,0.023636292560947,0.0,0.0,0.0,0.23182693,0.023636292560947
2018-06-26 14:00:00,0.5874273648648648,0.0188704031641395,0.0051899013,0.0,0.0051899013,0.0,0.0188704031641395
2018-06-26 15:00:00,0.615795608108108,0.0177121862552148,0.30581302,0.0,0.30581302,0.0,0.0177121862552148
2018-06-26 16:00:00,0.650694256756757,0.019996568468743,0.54080662,0.0,0.54080662,0.0,0.019996568468743
2018-06-26 17:00:00,0.7174391891891891,0.0244580943440716,0.76224493,0.0,0.76224493,0.0,0.0244580943440716
2018-06-26 18:00:00,0.7122837837837838,0.0308645798292322,0.78434797,0.0,0.78434797,0.0,0.0308645798292322
2018-06-26 19:00:00,0.7622449324324323,0.0319756570565246,0.79698818,0.0,0.79698818,0.0,0.0319756570565246
2018-06-26 20:00:00,0.7843479729729729,0.0302865865070235,0.80137162,0.0,0.80137162,0.0,0.0302865865070235
2018-06-26 21:00:00,0.7969881756756758,0.0302981264362545,0.5864223,0.0,0.5864223,0.0,0.0302981264362545
2018-06-26 22:00:00,0.8013716216216218,0.0269367461129438,0.46449662,0.0,0.46449662,0.0,0.0269367461129438
2018-06-26 23:00:00,0.5864222972972973,0.0221148804561906,0.41351014,0.0,0.41351014,0.0,0.0221148804561906
2018-06-27 00:00:00,0.4644966216216215,0.0158169007185009,0.40644257,0.0,0.40644257,0.0,0.0158169007185009
2018-06-27 01:00:00,0.413510135135135,0.0114760963576035,0.39908615,0.0,0.39908615,0.0,0.0114760963576035
2018-06-27 02:00:00,0.4064425675675676,0.0082591256611429,0.40211149,0.0,0.40211149,0.0,0.0082591256611429
2018-06-27 03:00:00,0.3990861486486486,0.0094263818996998,0.32021224,0.0,0.32021224,0.0,0.0094263818996998
2018-06-27 04:00:00,0.4021114864864864,0.0113720511391476,0.39911101,0.0,0.39911101,0.0,0.0113720511391476
2018-06-27 05:00:00,0.4149543918918918,0.0143450951030896,0.073681672,0.0,0.073681672,0.0,0.0143450951030896
2018-06-27 06:00:00,0.4456824324324324,0.0242485001682114,0.0,0.0,0.0,0.043502937,0.0242485001682114
2018-06-27 07:00:00,0.5066621621621621,0.0324334357425991,0.0,0.0,0.0,0.11608932,0.0324334357425991
2018-06-27 08:00:00,0.6017972972972973,0.0352162820735175,0.0,0.0,0.0,0.45460659,0.0352162820735175
2018-06-27 09:00:00,0.6521858108108106,0.0302167386776799,0.0,0.0,0.0,0.5292376,0.0302167386776799
2018-06-27 10:00:00,0.6485202702702703,0.0284199564900402,0.0,0.0,0.0,0.52567359,0.0284199564900402
2018-06-27 11:00:00,0.6414898648648648,0.0284002220283389,0.0,0.0,0.0,0.47292273,0.0284002220283389
2018-06-27 12:00:00,0.6519628378378378,0.0250872823742897,0.0,0.0,0.0,0.41853169,0.0250872823742897
2018-06-27 13:00:00,0.654322635135135,0.023348926358365,0.0,0.0,0.0,0.26128754,0.023348926358365
2018-06-27 14:00:00,0.604410472972973,0.0198832980652793,0.0,0.0,0.0,0.042651198,0.0198832980652793
2018-06-27 15:00:00,0.6027364864864864,0.0193261712329688,0.27006435,0.0,0.27006435,0.0,0.0193261712329688
2018-06-27 16:00:00,0.6156908783783784,0.0199336648720701,0.57780583,0.0,0.57780583,0.0,0.0199336648720701
2018-06-27 17:00:00,0.6902989864864865,0.0257528980581278,0.75675,0.0,0.75675,0.0,0.0257528980581278
2018-06-27 18:00:00,0.7544459459459459,0.0303801055528425,0.76416216,0.0,0.76416216,0.0,0.0303801055528425
2018-06-27 19:00:00,0.7567499999999998,0.0306775248416507,0.76792905,0.0,0.76792905,0.0,0.0306775248416507
2018-06-27 20:00:00,0.764162162162162,0.0283217234760579,0.77799831,0.0,0.77799831,0.0,0.0283217234760579
2018-06-27 21:00:00,0.7679290540540542,0.0275025067722484,0.59233953,0.0,0.59233953,0.0,0.0275025067722484
2018-06-27 22:00:00,0.7779983108108108,0.0268768499941671,0.45884628,0.0,0.45884628,0.0,0.0268768499941671
2018-06-27 23:00:00,0.592339527027027,0.0218281225075654,0.41473818,0.0,0.41473818,0.0,0.0218281225075654
2018-06-28 00:00:00,0.4588462837837837,0.0175132027317076,0.40971959,0.0,0.40971959,0.0,0.0175132027317076
2018-06-28 01:00:00,0.4147381756756756,0.0117376117670323,0.39853547,0.0,0.39853547,0.0,0.0117376117670323
2018-06-28 02:00:00,0.4097195945945946,0.0089257213096887,0.40041216,0.0,0.40041216,0.0,0.0089257213096887
2018-06-28 03:00:00,0.3985354729729728,0.0111908590438695,0.32348008,0.0,0.32348008,0.0,0.0111908590438695
2018-06-28 04:00:00,0.4004121621621621,0.0130399003839425,0.12393997,0.0,0.12393997,0.0,0.0130399003839425
2018-06-28 05:00:00,0.4152736486486487,0.0172309222080402,0.28199813,0.0,0.28199813,0.0,0.0172309222080402
2018-06-28 06:00:00,0.4469831081081081,0.02838535359829,0.08460101,0.0,0.08460101,0.0,0.02838535359829
2018-06-28 07:00:00,0.5041706081081081,0.0345752668830332,0.0,0.0,0.0,0.088363081,0.0345752668830332
2018-06-28 08:00:00,0.5655067567567565,0.0359102322541647,0.0,0.0,0.0,0.43243887,0.0359102322541647
2018-06-28 09:00:00,0.6345760135135134,0.0287084885127055,0.0,0.0,0.0,0.49703479,0.0287084885127055
2018-06-28 10:00:00,0.6563260135135135,0.0260796824962824,0.0,0.0,0.0,0.49297713,0.0260796824962824
2018-06-28 11:00:00,0.659893581081081,0.0243448070446648,0.0,0.0,0.0,0.45614416,0.0243448070446648
2018-06-28 12:00:00,0.6718158783783784,0.0245731050296886,0.0,0.0,0.0,0.38718453,0.0245731050296886
2018-06-28 13:00:00,0.6554864864864864,0.0233386874167632,0.0,0.0,0.0,0.22205568,0.0233386874167632
2018-06-28 14:00:00,0.6187094594594595,0.0202621558004919,0.0,0.0,0.0,0.037935257,0.0202621558004919
2018-06-28 15:00:00,0.6274087837837836,0.0192035573728948,0.27723037,0.0,0.27723037,0.0,0.0192035573728948
2018-06-28 16:00:00,0.6077567567567568,0.0201455906880969,0.58053569,0.0,0.58053569,0.0,0.0201455906880969
2018-06-28 17:00:00,0.6881199324324323,0.0254462535843118,0.73150845,0.0,0.73150845,0.0,0.0254462535843118
2018-06-28 18:00:00,0.7515912162162163,0.0295918760089305,0.75716216,0.0,0.75716216,0.0,0.0295918760089305
2018-06-28 19:00:00,0.7315084459459458,0.0317419523696647,0.78499831,0.0,0.78499831,0.0,0.0317419523696647
2018-06-28 20:00:00,0.7571621621621621,0.0294650719549338,0.75190878,0.0,0.75190878,0.0,0.0294650719549338
2018-06-28 21:00:00,0.784998310810811,0.0276471867341906,0.58604561,0.0,0.58604561,0.0,0.0276471867341906
2018-06-28 22:00:00,0.7519087837837839,0.0261694506427029,0.45047128,0.0,0.45047128,0.0,0.0261694506427029
2018-06-28 23:00:00,0.5860456081081081,0.0232486996230807,0.43418243,0.0,0.43418243,0.0,0.0232486996230807
2018-06-29 00:00:00,0.4504712837837837,0.0163996249048161,0.40490709,0.0,0.40490709,0.0,0.0163996249048161
2018-06-29 01:00:00,0.4341824324324324,0.0115926107821687,0.39754223,0.0,0.39754223,0.0,0.0115926107821687
2018-06-29 02:00:00,0.4049070945945945,0.0093448589735793,0.4002652,0.0,0.4002652,0.0,0.0093448589735793
2018-06-29 03:00:00,0.3975422297297297,0.0112009459219823,0.31919959,0.0,0.31919959,0.0,0.0112009459219823
2018-06-29 04:00:00,0.4002652027027026,0.0133297671861236,0.11541987,0.0,0.11541987,0.0,0.0133297671861236
2018-06-29 05:00:00,0.4146435810810811,0.0191832653450668,0.0,0.0,0.0,0.057321709,0.0191832653450668
2018-06-29 06:00:00,0.4450878378378378,0.0277242153394099,0.0,0.0,0.0,0.17686009,0.0277242153394099
2018-06-29 07:00:00,0.5152128378378378,0.0392335291214184,0.0,0.0,0.0,0.29936402,0.0392335291214184
2018-06-29 08:00:00,0.6081249999999999,0.0354736410809099,0.0,0.0,0.0,0.3858181,0.0354736410809099
2018-06-29 09:00:00,0.6543952702702702,0.0291364458589661,0.0,0.0,0.0,0.464605,0.0291364458589661
2018-06-29 10:00:00,0.6778327702702702,0.0267593725008373,0.0,0.0,0.0,0.47949563,0.0267593725008373
2018-06-29 11:00:00,0.6650202702702702,0.0257043560132066,0.0,0.0,0.0,0.42850593,0.0257043560132066
2018-06-29 12:00:00,0.6566249999999999,0.0246559458393817,0.0,0.0,0.0,0.37236097,0.0246559458393817
2018-06-29 13:00:00,0.6549307432432432,0.0231598438575951,0.0,0.0,0.0,0.21666719,0.0231598438575951
2018-06-29 14:00:00,0.6101385135135136,0.0205047308575515,0.034317254,0.0,0.034317254,0.0,0.0205047308575515
2018-06-29 15:00:00,0.6121554054054054,0.0189759183296572,0.29032139,0.0,0.29032139,0.0,0.0189759183296572
2018-06-29 16:00:00,0.662910472972973,0.0194261276331614,0.55337011,0.0,0.55337011,0.0,0.0194261276331614
2018-06-29 17:00:00,0.6905658783783784,0.0255469365100637,0.74001182,0.0,0.74001182,0.0,0.0255469365100637
2018-06-29 18:00:00,0.7196199324324325,0.0310073167577019,0.77453547,0.0,0.77453547,0.0,0.0310073167577019
2018-06-29 19:00:00,0.7400118243243242,0.0329370531226768,0.78667061,0.0,0.78667061,0.0,0.0329370531226768
2018-06-29 20:00:00,0.7745354729729729,0.0302946120800611,0.73978885,0.0,0.73978885,0.0,0.0302946120800611
2018-06-29 21:00:00,0.7866706081081083,0.0275527384114934,0.57636318,0.0,0.57636318,0.0,0.0275527384114934
2018-06-29 22:00:00,0.7397888513513515,0.0264494671099767,0.4559848,0.0,0.4559848,0.0,0.0264494671099767
2018-06-29 23:00:00,0.5763631756756756,0.0216925156671419,0.41354223,0.0,0.41354223,0.0,0.0216925156671419
2018-06-30 00:00:00,0.4559847972972972,0.0154105363876979,0.41298142,0.0,0.41298142,0.0,0.0154105363876979
2018-06-30 01:00:00,0.4135422297297296,0.0108692954521751,0.39855743,0.0,0.39855743,0.0,0.0108692954521751
2018-06-30 02:00:00,0.4129814189189189,0.0076649967131424,0.40213851,0.0,0.40213851,0.0,0.0076649967131424
2018-06-30 03:00:00,0.3985574324324324,0.0072481231056456,0.33640972,0.0,0.33640972,0.0,0.0072481231056456
2018-06-30 04:00:00,0.4021385135135135,0.0072609978143926,0.1283561,0.0,0.1283561,0.0,0.0072609978143926
2018-06-30 05:00:00,0.4262939189189189,0.0081463452400332,0.0,0.0,0.0,0.09218768,0.0081463452400332
2018-06-30 06:00:00,0.4494189189189189,0.0114245806266727,0.0,0.0,0.0,0.2529917,0.0114245806266727
2018-06-30 07:00:00,0.4669543918918919,0.0171451921920534,0.0,0.0,0.0,0.31927195,0.0171451921920534
2018-06-30 08:00:00,0.5191587837837837,0.0227564025249721,0.0,0.0,0.0,0.37575882,0.0227564025249721
2018-06-30 09:00:00,0.6238885135135134,0.0271451744687204,0.0,0.0,0.0,0.36723793,0.0271451744687204
2018-06-30 10:00:00,0.6817314189189189,0.0277212416534002,0.0,0.0,0.0,0.45145236,0.0277212416534002
2018-06-30 11:00:00,0.7504797297297296,0.0244665761075768,0.0,0.0,0.0,0.41111819,0.0244665761075768
2018-06-30 12:00:00,0.6718614864864865,0.0266066838618008,0.0,0.0,0.0,0.33441792,0.0266066838618008
2018-06-30 13:00:00,0.6613868243243242,0.0269096281240477,0.0,0.0,0.0,0.18958079,0.0269096281240477
2018-06-30 14:00:00,0.6398750000000001,0.0238138351324858,0.017676447,0.0,0.017676447,0.0,0.0238138351324858
2018-06-30 15:00:00,0.6328192567567567,0.0213097042812117,0.30173389,0.0,0.30173389,0.0,0.0213097042812117
2018-06-30 16:00:00,0.6665625000000002,0.0234041254049217,0.56366319,0.0,0.56366319,0.0,0.0234041254049217
2018-06-30 17:00:00,0.7212871621621622,0.0258484784090218,0.75188345,0.0,0.75188345,0.0,0.0258484784090218
2018-06-30 18:00:00,0.7418547297297297,0.0302415926101822,0.76163851,0.0,0.76163851,0.0,0.0302415926101822
2018-06-30 19:00:00,0.7518834459459458,0.0336137694412218,0.78628885,0.0,0.78628885,0.0,0.0336137694412218
2018-06-30 20:00:00,0.7616385135135134,0.0297074104687879,0.77954223,0.0,0.77954223,0.0,0.0297074104687879
2018-06-30 21:00:00,0.7862888513513514,0.0275940152008225,0.58632939,0.0,0.58632939,0.0,0.0275940152008225
2018-06-30 22:00:00,0.7795422297297299,0.0254077139377874,0.45006588,0.0,0.45006588,0.0,0.0254077139377874
2018-06-30 23:00:00,0.5863293918918918,0.0223106537504827,0.41232601,0.0,0.41232601,0.0,0.0223106537504827
2018-07-01 00:00:00,0.4500658783783783,0.0162658597222055,0.41238007,0.0,0.41238007,0.0,0.0162658597222055
2018-07-01 01:00:00,0.4123260135135135,0.0102897477031885,0.40159628,0.0,0.40159628,0.0,0.0102897477031885
2018-07-01 02:00:00,0.4123800675675676,0.0080006853133834,0.40010304,0.0,0.40010304,0.0,0.0080006853133834
2018-07-01 03:00:00,0.4015962837837838,0.007437087334813,0.32509872,0.0,0.32509872,0.0,0.007437087334813
2018-07-01 04:00:00,0.4001030405405406,0.0083376073174807,0.12030264,0.0,0.12030264,0.0,0.0083376073174807
2018-07-01 05:00:00,0.4152770270270271,0.010122190634103,0.0,0.0,0.0,0.089931597,0.010122190634103
2018-07-01 06:00:00,0.4401148648648648,0.0142777647692886,0.0,0.0,0.0,0.22588866,0.0142777647692886
2018-07-01 07:00:00,0.4707820945945946,0.0205439463418054,0.0,0.0,0.0,0.29889586,0.0205439463418054
2018-07-01 08:00:00,0.5401199324324323,0.0257840203855711,0.0,0.0,0.0,0.3172297,0.0257840203855711
2018-07-01 09:00:00,0.623347972972973,0.0288833108373832,0.0,0.0,0.0,0.37104396,0.0288833108373832
2018-07-01 10:00:00,0.720285472972973,0.0275089103347356,0.0,0.0,0.0,0.42772328,0.0275089103347356
2018-07-01 11:00:00,0.7262145270270269,0.0258734168212402,0.0,0.0,0.0,0.32594429,0.0258734168212402
2018-07-01 12:00:00,0.6763327702702702,0.0264058586804808,0.0,0.0,0.0,0.27184964,0.0264058586804808
2018-07-01 13:00:00,0.7313952702702703,0.028511177687579,0.0,0.0,0.0,0.17131492,0.028511177687579
2018-07-01 14:00:00,0.6828260135135135,0.0244926803398787,0.097415331,0.0,0.097415331,0.0,0.0244926803398787
2018-07-01 15:00:00,0.633072635135135,0.0234462131995261,0.38529231,0.0,0.38529231,0.0,0.0234462131995261
2018-07-01 16:00:00,0.7046047297297297,0.0231182291494013,0.61807175,0.0,0.61807175,0.0,0.0231182291494013
2018-07-01 17:00:00,0.7676334459459458,0.0268816653379898,0.74778378,0.0,0.74778378,0.0,0.0268816653379898
2018-07-01 18:00:00,0.7724358108108108,0.0317242961089816,0.74263345,0.0,0.74263345,0.0,0.0317242961089816
2018-07-01 19:00:00,0.7477837837837837,0.0314560392182011,0.72789865,0.0,0.72789865,0.0,0.0314560392182011
2018-07-01 20:00:00,0.7426334459459459,0.0289093812777985,0.77853547,0.0,0.77853547,0.0,0.0289093812777985
2018-07-01 21:00:00,0.7278986486486487,0.0267254961346463,0.6107027,0.0,0.6107027,0.0,0.0267254961346463
2018-07-01 22:00:00,0.778535472972973,0.0265448278136087,0.46503378,0.0,0.46503378,0.0,0.0265448278136087
2018-07-01 23:00:00,0.6107027027027025,0.0215158009968216,0.43287838,0.0,0.43287838,0.0,0.0215158009968216
2018-07-02 00:00:00,0.4650337837837838,0.0169662979450558,0.41627365,0.0,0.41627365,0.0,0.0169662979450558
2018-07-02 01:00:00,0.4328783783783784,0.011996643472805,0.40293243,0.0,0.40293243,0.0,0.011996643472805
2018-07-02 02:00:00,0.4162736486486486,0.0084667768035308,0.40153209,0.0,0.40153209,0.0,0.0084667768035308
2018-07-02 03:00:00,0.4029324324324324,0.008220771869994,0.33844486,0.0,0.33844486,0.0,0.008220771869994
2018-07-02 04:00:00,0.4015320945945946,0.0085880727800322,0.16413246,0.0,0.16413246,0.0,0.0085880727800322
2018-07-02 05:00:00,0.4151891891891892,0.01201457006858,0.0,0.0,0.0,0.026666169,0.01201457006858
2018-07-02 06:00:00,0.4563631756756757,0.0207056405185877,0.0,0.0,0.0,0.15509894,0.0207056405185877
2018-07-02 07:00:00,0.5030219594594595,0.0284073183244986,0.0,0.0,0.0,0.26652616,0.0284073183244986
2018-07-02 08:00:00,0.5888141891891892,0.0303731782161151,0.0,0.0,0.0,0.38485264,0.0303731782161151
2018-07-02 09:00:00,0.6524662162162161,0.0272082639207689,0.0,0.0,0.0,0.4512683,0.0272082639207689
2018-07-02 10:00:00,0.6547972972972972,0.0257301730144734,0.0,0.0,0.0,0.49519769,0.0257301730144734
2018-07-02 11:00:00,0.6612820945945945,0.0251948757408256,0.0,0.0,0.0,0.43239365,0.0251948757408256
2018-07-02 12:00:00,0.6263057432432433,0.0238479818337685,0.0,0.0,0.0,0.36382257,0.0238479818337685
2018-07-02 13:00:00,0.6443902027027026,0.022782304005955,0.0,0.0,0.0,0.20057595,0.022782304005955
2018-07-02 14:00:00,0.61,0.0217361409925807,0.049893227,0.0,0.049893227,0.0,0.0217361409925807
2018-07-02 15:00:00,0.6184527027027025,0.0197875149630665,0.30433876,0.0,0.30433876,0.0,0.0197875149630665
2018-07-02 16:00:00,0.6702398648648649,0.0216575072727539,0.5684871,0.0,0.5684871,0.0,0.0216575072727539
2018-07-02 17:00:00,0.6945793918918918,0.0264139518372916,0.76287331,0.0,0.76287331,0.0,0.0264139518372916
2018-07-02 18:00:00,0.7254679054054054,0.0315093121272287,0.78063345,0.0,0.78063345,0.0,0.0315093121272287
2018-07-02 19:00:00,0.7628733108108108,0.0292612561916608,0.77028716,0.0,0.77028716,0.0,0.0292612561916608
2018-07-02 20:00:00,0.7806334459459459,0.0283292421707986,0.74694426,0.0,0.74694426,0.0,0.0283292421707986
2018-07-02 21:00:00,0.7702871621621622,0.0270781144700111,0.59916216,0.0,0.59916216,0.0,0.0270781144700111
2018-07-02 22:00:00,0.7469442567567569,0.0266976854120774,0.46034291,0.0,0.46034291,0.0,0.0266976854120774
2018-07-02 23:00:00,0.599162162162162,0.0226137162843321,0.41930068,0.0,0.41930068,0.0,0.0226137162843321
2018-07-03 00:00:00,0.4603429054054053,0.0165497622564238,0.41879054,0.0,0.41879054,0.0,0.0165497622564238
2018-07-03 01:00:00,0.4193006756756756,0.0112882641566332,0.41466723,0.0,0.41466723,0.0,0.0112882641566332
2018-07-03 02:00:00,0.4187905405405405,0.0085024610356481,0.40757095,0.0,0.40757095,0.0,0.0085024610356481
2018-07-03 03:00:00,0.4146672297297297,0.0080591283810416,0.33441286,0.0,0.33441286,0.0,0.0080591283810416
2018-07-03 04:00:00,0.4075709459459459,0.0088375582778759,0.33356257,0.0,0.33356257,0.0,0.0088375582778759
2018-07-03 05:00:00,0.4169527027027027,0.0122078765551593,0.25992831,0.0,0.25992831,0.0,0.0122078765551593
2018-07-03 06:00:00,0.4470304054054054,0.0203282358344934,0.0,0.0,0.0,0.21676594,0.0203282358344934
2018-07-03 07:00:00,0.5126503378378379,0.0288535908732283,0.0,0.0,0.0,0.34257261,0.0288535908732283
2018-07-03 08:00:00,0.5749645270270269,0.0317690027747878,0.0,0.0,0.0,0.44250053,0.0317690027747878
2018-07-03 09:00:00,0.6309932432432431,0.0284812042842759,0.0,0.0,0.0,0.51670367,0.0284812042842759
2018-07-03 10:00:00,0.6619662162162162,0.0250276059027753,0.0,0.0,0.0,0.54123204,0.0250276059027753
2018-07-03 11:00:00,0.6561942567567567,0.025541411536625,0.0,0.0,0.0,0.49499488,0.025541411536625
2018-07-03 12:00:00,0.638322635135135,0.0241189420754669,0.0,0.0,0.0,0.43598525,0.0241189420754669
2018-07-03 13:00:00,0.6361824324324323,0.0222079939993721,0.0,0.0,0.0,0.28284734,0.0222079939993721
2018-07-03 14:00:00,0.5879425675675676,0.021113660651828,0.0,0.0,0.0,0.015259209,0.021113660651828
2018-07-03 15:00:00,0.5794020270270268,0.0186549967838057,0.29285489,0.0,0.29285489,0.0,0.0186549967838057
2018-07-03 16:00:00,0.6442483108108107,0.0207634584363461,0.5613199,0.0,0.5613199,0.0,0.0207634584363461
2018-07-03 17:00:00,0.7130895270270269,0.0249576398018291,0.73480743,0.0,0.73480743,0.0,0.0249576398018291
2018-07-03 18:00:00,0.7385439189189189,0.0315728408738014,0.74364865,0.0,0.74364865,0.0,0.0315728408738014
2018-07-03 19:00:00,0.7348074324324324,0.0329995005288823,0.76622128,0.0,0.76622128,0.0,0.0329995005288823
2018-07-03 20:00:00,0.7436486486486487,0.0292699576024281,0.75083784,0.0,0.75083784,0.0,0.0292699576024281
2018-07-03 21:00:00,0.7662212837837838,0.0272720798983768,0.56839696,0.0,0.56839696,0.0,0.0272720798983768
2018-07-03 22:00:00,0.7508378378378379,0.0267718417069465,0.43847635,0.0,0.43847635,0.0,0.0267718417069465
2018-07-03 23:00:00,0.5683969594594593,0.0226814859126574,0.41097128,0.0,0.41097128,0.0,0.0226814859126574
2018-07-04 00:00:00,0.4384763513513514,0.0161640954560866,0.41015372,0.0,0.41015372,0.0,0.0161640954560866
2018-07-04 01:00:00,0.4109712837837838,0.0107333337969435,0.39995439,0.0,0.39995439,0.0,0.0107333337969435
2018-07-04 02:00:00,0.4101537162162161,0.0072966482546234,0.40034966,0.0,0.40034966,0.0,0.0072966482546234
2018-07-04 03:00:00,0.3999543918918918,0.007927779318314,0.32908049,0.0,0.32908049,0.0,0.007927779318314
2018-07-04 04:00:00,0.4003496621621621,0.0091605580247455,0.12752453,0.0,0.12752453,0.0,0.0091605580247455
2018-07-04 05:00:00,0.4155878378378378,0.0121605172262648,0.0,0.0,0.0,0.061193267,0.0121605172262648
2018-07-04 06:00:00,0.4467753378378379,0.0197729506599958,0.0,0.0,0.0,0.19403489,0.0197729506599958
2018-07-04 07:00:00,0.5053006756756757,0.0286435067150145,0.0,0.0,0.0,0.33205046,0.0286435067150145
2018-07-04 08:00:00,0.5936621621621619,0.0299309775897055,0.0,0.0,0.0,0.42191061,0.0299309775897055
2018-07-04 09:00:00,0.6285405405405404,0.0274649977782614,0.0,0.0,0.0,0.48459545,0.0274649977782614
2018-07-04 10:00:00,0.6658091216216216,0.0256127800008599,0.0,0.0,0.0,0.50893676,0.0256127800008599
2018-07-04 11:00:00,0.6702888513513513,0.0256190146039144,0.0,0.0,0.0,0.47450567,0.0256190146039144
2018-07-04 12:00:00,0.6517972972972972,0.0249922426935793,0.0,0.0,0.0,0.34550614,0.0249922426935793
2018-07-04 13:00:00,0.6423682432432432,0.0241890264480157,0.0,0.0,0.0,0.28273706,0.0241890264480157
2018-07-04 14:00:00,0.6062027027027027,0.0205514650365461,0.0,0.0,0.0,0.033726055,0.0205514650365461
2018-07-04 15:00:00,0.575724662162162,0.0181803221544938,0.26304819,0.0,0.26304819,0.0,0.0181803221544938
2018-07-04 16:00:00,0.6141148648648648,0.0232491051257184,0.55769369,0.0,0.55769369,0.0,0.0232491051257184
2018-07-04 17:00:00,0.6797753378378378,0.0265051223470008,0.72001182,0.0,0.72001182,0.0,0.0265051223470008
2018-07-04 18:00:00,0.7303040540540541,0.0318456089814262,0.74478041,0.0,0.74478041,0.0,0.0318456089814262
2018-07-04 19:00:00,0.7200118243243242,0.0310149537240452,0.781625,0.0,0.781625,0.0,0.0310149537240452
2018-07-04 20:00:00,0.7447804054054055,0.0289389322825207,0.77506588,0.0,0.77506588,0.0,0.0289389322825207
2018-07-04 21:00:00,0.781625,0.0271848123515555,0.58311486,0.0,0.58311486,0.0,0.0271848123515555
2018-07-04 22:00:00,0.7750658783783784,0.025787078551297,0.45624155,0.0,0.45624155,0.0,0.025787078551297
2018-07-04 23:00:00,0.5831148648648649,0.0226150003760182,0.40937669,0.0,0.40937669,0.0,0.0226150003760182
2018-07-05 00:00:00,0.4562415540540541,0.0161157054746546,0.41593919,0.0,0.41593919,0.0,0.0161157054746546
2018-07-05 01:00:00,0.4093766891891892,0.0109804538627339,0.39866047,0.0,0.39866047,0.0,0.0109804538627339
2018-07-05 02:00:00,0.4159391891891891,0.0082131349036507,0.400875,0.0,0.400875,0.0,0.0082131349036507
2018-07-05 03:00:00,0.3986604729729729,0.0095689329727939,0.33215713,0.0,0.33215713,0.0,0.0095689329727939
2018-07-05 04:00:00,0.400875,0.0110554887466513,0.12784261,0.0,0.12784261,0.0,0.0110554887466513
2018-07-05 05:00:00,0.4162922297297297,0.0171095417518226,0.0,0.0,0.0,0.032171597,0.0171095417518226
2018-07-05 06:00:00,0.4443496621621621,0.0241780609808546,0.0,0.0,0.0,0.18340689,0.0241780609808546
2018-07-05 07:00:00,0.5259087837837838,0.0350260675445507,0.0,0.0,0.0,0.34661728,0.0350260675445507
2018-07-05 08:00:00,0.5963023648648648,0.036301880218408,0.0,0.0,0.0,0.40815431,0.036301880218408
2018-07-05 09:00:00,0.6098429054054054,0.0309763802856341,0.0,0.0,0.0,0.50966282,0.0309763802856341
2018-07-05 10:00:00,0.6732888513513514,0.0274023645166804,0.0,0.0,0.0,0.52811745,0.0274023645166804
2018-07-05 11:00:00,0.6390827702702702,0.0265751560317198,0.0,0.0,0.0,0.49124869,0.0265751560317198
2018-07-05 12:00:00,0.631875,0.0259903367484431,0.0,0.0,0.0,0.42473685,0.0259903367484431
2018-07-05 13:00:00,0.6173581081081081,0.0243728881023254,0.0,0.0,0.0,0.27024923,0.0243728881023254
2018-07-05 14:00:00,0.5806283783783783,0.0207008420707082,0.0,0.0,0.0,0.021445234,0.0207008420707082
2018-07-05 15:00:00,0.5773733108108107,0.0191609458040502,0.27796705,0.0,0.27796705,0.0,0.0191609458040502
2018-07-05 16:00:00,0.6240591216216216,0.0218230875164806,0.60339725,0.0,0.60339725,0.0,0.0218230875164806
2018-07-05 17:00:00,0.6897550675675674,0.0253660485417639,0.74536318,0.0,0.74536318,0.0,0.0253660485417639
2018-07-05 18:00:00,0.7741452702702704,0.0293779564716017,0.70458446,0.0,0.70458446,0.0,0.0293779564716017
2018-07-05 19:00:00,0.7453631756756757,0.0330778639136174,0.74435135,0.0,0.74435135,0.0,0.0330778639136174
2018-07-05 20:00:00,0.7045844594594595,0.0296935388993902,0.76155574,0.0,0.76155574,0.0,0.0296935388993902
2018-07-05 21:00:00,0.7443513513513514,0.0274011142168809,0.54534966,0.0,0.54534966,0.0,0.0274011142168809
2018-07-05 22:00:00,0.7615557432432434,0.0242492604856571,0.43737838,0.0,0.43737838,0.0,0.0242492604856571
2018-07-05 23:00:00,0.5453496621621621,0.0214286010337734,0.41293581,0.0,0.41293581,0.0,0.0214286010337734
2018-07-06 00:00:00,0.4373783783783783,0.0161896590182047,0.41159122,0.0,0.41159122,0.0,0.0161896590182047
2018-07-06 01:00:00,0.4129358108108108,0.0111026115323405,0.3977652,0.0,0.3977652,0.0,0.0111026115323405
2018-07-06 02:00:00,0.4115912162162162,0.0075370606309487,0.4003125,0.0,0.4003125,0.0,0.0075370606309487
2018-07-06 03:00:00,0.3977652027027026,0.0059823635180147,0.32991664,0.0,0.32991664,0.0,0.0059823635180147
2018-07-06 04:00:00,0.4003125,0.0077916318077068,0.12909461,0.0,0.12909461,0.0,0.0077916318077068
2018-07-06 05:00:00,0.4164239864864865,0.0101206362073252,0.0,0.0,0.0,0.033238379,0.0101206362073252
2018-07-06 06:00:00,0.4496097972972973,0.0161304049452711,0.0,0.0,0.0,0.20236258,0.0161304049452711
2018-07-06 07:00:00,0.5308530405405406,0.0258587511425102,0.0,0.0,0.0,0.3456073,0.0258587511425102
2018-07-06 08:00:00,0.580285472972973,0.0280488370968303,0.0,0.0,0.0,0.42854046,0.0280488370968303
2018-07-06 09:00:00,0.6104189189189189,0.0237605622234583,0.0,0.0,0.0,0.50344181,0.0237605622234583
2018-07-06 10:00:00,0.6490692567567568,0.024221855265726,0.0,0.0,0.0,0.55198886,0.024221855265726
2018-07-06 11:00:00,0.641795608108108,0.0263786900037551,0.0,0.0,0.0,0.50389016,0.0263786900037551
2018-07-06 12:00:00,0.6010320945945946,0.0242362168174779,0.0,0.0,0.0,0.38698803,0.0242362168174779
2018-07-06 13:00:00,0.6056942567567567,0.0234293510481751,0.0,0.0,0.0,0.25500965,0.0234293510481751
2018-07-06 14:00:00,0.6215793918918918,0.0196202113331296,0.0,0.0,0.0,0.050793793,0.0196202113331296
2018-07-06 15:00:00,0.596439189189189,0.0179200570448647,0.26284032,0.0,0.26284032,0.0,0.0179200570448647
2018-07-06 16:00:00,0.598339527027027,0.0198391996534297,0.57048398,0.0,0.57048398,0.0,0.0198391996534297
2018-07-06 17:00:00,0.6789999999999999,0.0243638487726934,0.76671622,0.0,0.76671622,0.0,0.0243638487726934
2018-07-06 18:00:00,0.7439679054054055,0.0314258630635791,0.72240541,0.0,0.72240541,0.0,0.0314258630635791
2018-07-06 19:00:00,0.7667162162162161,0.0297860948764447,0.76012331,0.0,0.76012331,0.0,0.0297860948764447
2018-07-06 20:00:00,0.7224054054054054,0.0267240092916415,0.77265541,0.0,0.77265541,0.0,0.0267240092916415
2018-07-06 21:00:00,0.760123310810811,0.0266222619214657,0.58893581,0.0,0.58893581,0.0,0.0266222619214657
2018-07-06 22:00:00,0.7726554054054056,0.0260550988988722,0.44539865,0.0,0.44539865,0.0,0.0260550988988722
2018-07-06 23:00:00,0.5889358108108107,0.02293764530808,0.43027872,0.0,0.43027872,0.0,0.02293764530808
2018-07-07 00:00:00,0.4453986486486486,0.0151761389671652,0.41999324,0.0,0.41999324,0.0,0.0151761389671652
2018-07-07 01:00:00,0.4302787162162163,0.0102970298547238,0.41783277,0.0,0.41783277,0.0,0.0102970298547238
2018-07-07 02:00:00,0.4199932432432433,0.0076337054262668,0.4017348,0.0,0.4017348,0.0,0.0076337054262668
2018-07-07 03:00:00,0.4178327702702702,0.0069585435344995,0.33136427,0.0,0.33136427,0.0,0.0069585435344995
2018-07-07 04:00:00,0.4017347972972974,0.0062987569510786,0.23201858,0.0,0.23201858,0.0,0.0062987569510786
2018-07-07 05:00:00,0.4149543918918919,0.0074815574574138,0.0,0.0,0.0,0.068935395,0.0074815574574138
2018-07-07 06:00:00,0.4395456081081081,0.0107131769366612,0.0,0.0,0.0,0.250643,0.0107131769366612
2018-07-07 07:00:00,0.4900962837837838,0.0149690115990176,0.0,0.0,0.0,0.34542888,0.0149690115990176
2018-07-07 08:00:00,0.5281047297297295,0.022744152966125,0.0,0.0,0.0,0.41867921,0.022744152966125
2018-07-07 09:00:00,0.6084391891891892,0.0268633163436338,0.0,0.0,0.0,0.49170178,0.0268633163436338
2018-07-07 10:00:00,0.6608564189189189,0.0263074060192365,0.0,0.0,0.0,0.47401715,0.0263074060192365
2018-07-07 11:00:00,0.6558108108108107,0.0257212181645576,0.0,0.0,0.0,0.43337678,0.0257212181645576
2018-07-07 12:00:00,0.6846858108108107,0.0244768995288949,0.0,0.0,0.0,0.35801341,0.0244768995288949
2018-07-07 13:00:00,0.6783125,0.023336254400937,0.0,0.0,0.0,0.1883939,0.023336254400937
2018-07-07 14:00:00,0.6521587837837838,0.0242575057059571,0.0,0.0,0.0,0.0018247213,0.0242575057059571
2018-07-07 15:00:00,0.6650304054054053,0.0217046976422159,0.31240888,0.0,0.31240888,0.0,0.0217046976422159
2018-07-07 16:00:00,0.6472854729729729,0.0227544425955565,0.58130492,0.0,0.58130492,0.0,0.0227544425955565
2018-07-07 17:00:00,0.7273479729729729,0.0244515218221523,0.76229054,0.0,0.76229054,0.0,0.0244515218221523
2018-07-07 18:00:00,0.7547888513513513,0.0313087065931709,0.80310642,0.0,0.80310642,0.0,0.0313087065931709
2018-07-07 19:00:00,0.7622905405405406,0.0317313924051413,0.78558277,0.0,0.78558277,0.0,0.0317313924051413
2018-07-07 20:00:00,0.8031064189189189,0.0297385327962314,0.75653716,0.0,0.75653716,0.0,0.0297385327962314
2018-07-07 21:00:00,0.7855827702702703,0.0267964422003002,0.57993074,0.0,0.57993074,0.0,0.0267964422003002
2018-07-07 22:00:00,0.7565371621621623,0.0256182204945823,0.46116723,0.0,0.46116723,0.0,0.0256182204945823
2018-07-07 23:00:00,0.5799307432432431,0.0213723037509064,0.43939189,0.0,0.43939189,0.0,0.0213723037509064
2018-07-08 00:00:00,0.4611672297297297,0.0174870140196897,0.40597973,0.0,0.40597973,0.0,0.0174870140196897
2018-07-08 01:00:00,0.4393918918918919,0.0110339802109102,0.40259966,0.0,0.40259966,0.0,0.0110339802109102
2018-07-08 02:00:00,0.4059797297297297,0.0075985787602762,0.40585135,0.0,0.40585135,0.0,0.0075985787602762
2018-07-08 03:00:00,0.4025996621621621,0.0069519372206939,0.3328136,0.0,0.3328136,0.0,0.0069519372206939
2018-07-08 04:00:00,0.4058513513513513,0.0074863896971797,0.11671901,0.0,0.11671901,0.0,0.0074863896971797
2018-07-08 05:00:00,0.419320945945946,0.0077430052830696,0.0,0.0,0.0,0.11501933,0.0077430052830696
2018-07-08 06:00:00,0.447339527027027,0.0118471819589269,0.0,0.0,0.0,0.27285961,0.0118471819589269
2018-07-08 07:00:00,0.466633445945946,0.0172259885926149,0.0,0.0,0.0,0.35724318,0.0172259885926149
2018-07-08 08:00:00,0.5294847972972972,0.0256898592939089,0.0,0.0,0.0,0.42227944,0.0256898592939089
2018-07-08 09:00:00,0.6165793918918918,0.0272949739014633,0.0,0.0,0.0,0.41253705,0.0272949739014633
2018-07-08 10:00:00,0.6696554054054052,0.0271476581723763,0.0,0.0,0.0,0.48676614,0.0271476581723763
2018-07-08 11:00:00,0.7367770270270271,0.0270140281573117,0.0,0.0,0.0,0.4248205,0.0270140281573117
2018-07-08 12:00:00,0.6687364864864864,0.0264111471107141,0.0,0.0,0.0,0.38040089,0.0264111471107141
2018-07-08 13:00:00,0.6786807432432432,0.0246910387134859,0.0,0.0,0.0,0.2093902,0.0246910387134859
2018-07-08 14:00:00,0.6219864864864865,0.0236917112547658,0.0,0.0,0.0,0.0091497474,0.0236917112547658
2018-07-08 15:00:00,0.6386672297297296,0.021352501705432,0.2941191,0.0,0.2941191,0.0,0.021352501705432
2018-07-08 16:00:00,0.6371452702702702,0.0221170938247548,0.57948328,0.0,0.57948328,0.0,0.0221170938247548
2018-07-08 17:00:00,0.7092736486486485,0.0249391387439841,0.72830912,0.0,0.72830912,0.0,0.0249391387439841
2018-07-08 18:00:00,0.7539628378378379,0.0298867778021965,0.75216047,0.0,0.75216047,0.0,0.0298867778021965
2018-07-08 19:00:00,0.7283091216216215,0.0316939847868136,0.80508108,0.0,0.80508108,0.0,0.0316939847868136
2018-07-08 20:00:00,0.752160472972973,0.0301527199487534,0.78645439,0.0,0.78645439,0.0,0.0301527199487534
2018-07-08 21:00:00,0.8050810810810811,0.0289556592663257,0.61207601,0.0,0.61207601,0.0,0.0289556592663257
2018-07-08 22:00:00,0.786454391891892,0.0247649415692064,0.46726689,0.0,0.46726689,0.0,0.0247649415692064
2018-07-08 23:00:00,0.6120760135135134,0.0222329830994203,0.42559291,0.0,0.42559291,0.0,0.0222329830994203
2018-07-09 00:00:00,0.4672668918918919,0.0173654477080964,0.40503209,0.0,0.40503209,0.0,0.0173654477080964
2018-07-09 01:00:00,0.4255929054054053,0.0097666830924446,0.40025169,0.0,0.40025169,0.0,0.0097666830924446
2018-07-09 02:00:00,0.4050320945945946,0.007770647046206,0.40119932,0.0,0.40119932,0.0,0.007770647046206
2018-07-09 03:00:00,0.4002516891891892,0.0069940757031279,0.34125211,0.0,0.34125211,0.0,0.0069940757031279
2018-07-09 04:00:00,0.4011993243243243,0.0084157341590106,0.13881411,0.0,0.13881411,0.0,0.0084157341590106
2018-07-09 05:00:00,0.4260726351351352,0.0111337507557271,0.0,0.0,0.0,0.05707156,0.0111337507557271
2018-07-09 06:00:00,0.4592499999999999,0.0193478149362559,0.0,0.0,0.0,0.19876765,0.0193478149362559
2018-07-09 07:00:00,0.5061841216216216,0.0282772195615706,0.0,0.0,0.0,0.29505938,0.0282772195615706
2018-07-09 08:00:00,0.5744560810810809,0.0313846031701933,0.0,0.0,0.0,0.4027972,0.0313846031701933
2018-07-09 09:00:00,0.6421993243243242,0.0260945509263315,0.0,0.0,0.0,0.45868972,0.0260945509263315
2018-07-09 10:00:00,0.6468885135135135,0.0254684717496691,0.0,0.0,0.0,0.4907947,0.0254684717496691
2018-07-09 11:00:00,0.6556013513513513,0.0248441666470465,0.0,0.0,0.0,0.4565674,0.0248441666470465
2018-07-09 12:00:00,0.635758445945946,0.0255429659634029,0.0,0.0,0.0,0.36312102,0.0255429659634029
2018-07-09 13:00:00,0.6235287162162162,0.0230793515840121,0.0,0.0,0.0,0.24770858,0.0230793515840121
2018-07-09 14:00:00,0.6200625000000001,0.0202956266640453,0.0,0.0,0.0,0.017832149,0.0202956266640453
2018-07-09 15:00:00,0.5854864864864863,0.0198944324918729,0.26646077,0.0,0.26646077,0.0,0.0198944324918729
2018-07-09 16:00:00,0.618831081081081,0.021815214006932,0.54896804,0.0,0.54896804,0.0,0.021815214006932
2018-07-09 17:00:00,0.676597972972973,0.025135554084119,0.71170439,0.0,0.71170439,0.0,0.025135554084119
2018-07-09 18:00:00,0.7235523648648648,0.0304186789912535,0.75276182,0.0,0.75276182,0.0,0.0304186789912535
2018-07-09 19:00:00,0.7117043918918918,0.0308138919995199,0.76908277,0.0,0.76908277,0.0,0.0308138919995199
2018-07-09 20:00:00,0.7527618243243244,0.028806586359142,0.76569257,0.0,0.76569257,0.0,0.028806586359142
2018-07-09 21:00:00,0.7690827702702703,0.0274415631049912,0.58785304,0.0,0.58785304,0.0,0.0274415631049912
2018-07-09 22:00:00,0.7656925675675677,0.0244629096878943,0.45763345,0.0,0.45763345,0.0,0.0244629096878943
2018-07-09 23:00:00,0.5878530405405404,0.0203474634178977,0.4302652,0.0,0.4302652,0.0,0.0203474634178977
2018-07-10 00:00:00,0.4576334459459459,0.015956393625869,0.40600507,0.0,0.40600507,0.0,0.015956393625869
2018-07-10 01:00:00,0.4302652027027027,0.0101629774410782,0.3991098,0.0,0.3991098,0.0,0.0101629774410782
2018-07-10 02:00:00,0.4060050675675676,0.0075331238761745,0.40139358,0.0,0.40139358,0.0,0.0075331238761745
2018-07-10 03:00:00,0.3991097972972973,0.0068550389862273,0.33379142,0.0,0.33379142,0.0,0.0068550389862273
2018-07-10 04:00:00,0.4013935810810811,0.0070212443798537,0.13447396,0.0,0.13447396,0.0,0.0070212443798537
2018-07-10 05:00:00,0.4157466216216217,0.0090822622237834,0.0,0.0,0.0,0.051199086,0.0090822622237834
2018-07-10 06:00:00,0.4490489864864865,0.0158997077363075,0.0,0.0,0.0,0.20615463,0.0158997077363075
2018-07-10 07:00:00,0.502,0.0244546813635377,0.0,0.0,0.0,0.30690896,0.0244546813635377
2018-07-10 08:00:00,0.5573513513513513,0.0274766559790953,0.0,0.0,0.0,0.38157863,0.0274766559790953
2018-07-10 09:00:00,0.6201807432432432,0.0247403579717958,0.0,0.0,0.0,0.44657357,0.0247403579717958
2018-07-10 10:00:00,0.6574341216216216,0.0238085298063092,0.0,0.0,0.0,0.48210153,0.0238085298063092
2018-07-10 11:00:00,0.656358108108108,0.0230695688328776,0.0,0.0,0.0,0.44708583,0.0230695688328776
2018-07-10 12:00:00,0.6277432432432433,0.0230845048466995,0.0,0.0,0.0,0.36472692,0.0230845048466995
2018-07-10 13:00:00,0.6205760135135134,0.0215560302376699,0.0,0.0,0.0,0.2169726,0.0215560302376699
2018-07-10 14:00:00,0.6046097972972974,0.0195972497462698,0.0,0.0,0.0,0.0063268777,0.0195972497462698
2018-07-10 15:00:00,0.6017398648648647,0.0184852939299292,0.26532811,0.0,0.26532811,0.0,0.0184852939299292
2018-07-10 16:00:00,0.6197010135135134,0.0206683849637492,0.57311501,0.0,0.57311501,0.0,0.0206683849637492
2018-07-10 17:00:00,0.6632432432432431,0.0270286938360418,0.7410473,0.0,0.7410473,0.0,0.0270286938360418
2018-07-10 18:00:00,0.7358716216216217,0.029875356144568,0.75430574,0.0,0.75430574,0.0,0.029875356144568
2018-07-10 19:00:00,0.7410472972972973,0.0304474865744734,0.80146959,0.0,0.80146959,0.0,0.0304474865744734
2018-07-10 20:00:00,0.7543057432432432,0.0288970472392352,0.78883446,0.0,0.78883446,0.0,0.0288970472392352
2018-07-10 21:00:00,0.8014695945945947,0.025748150298078,0.58891216,0.0,0.58891216,0.0,0.025748150298078
2018-07-10 22:00:00,0.7888344594594595,0.0259819732565406,0.46350169,0.0,0.46350169,0.0,0.0259819732565406
2018-07-10 23:00:00,0.5889121621621621,0.0234073018422503,0.42871453,0.0,0.42871453,0.0,0.0234073018422503
2018-07-11 00:00:00,0.4635016891891892,0.0172265123668552,0.41290034,0.0,0.41290034,0.0,0.0172265123668552
2018-07-11 01:00:00,0.428714527027027,0.0107942267763711,0.3974848,0.0,0.3974848,0.0,0.0107942267763711
2018-07-11 02:00:00,0.4129003378378378,0.0076040699418284,0.40169426,0.0,0.40169426,0.0,0.0076040699418284
2018-07-11 03:00:00,0.3974847972972972,0.007149366317423,0.34642935,0.0,0.34642935,0.0,0.007149366317423
2018-07-11 04:00:00,0.4016942567567568,0.0078505310658326,0.16844576,0.0,0.16844576,0.0,0.0078505310658326
2018-07-11 05:00:00,0.4161351351351351,0.0116048265491295,0.0,0.0,0.0,0.0214223,0.0116048265491295
2018-07-11 06:00:00,0.4587128378378378,0.0181825355230579,0.0,0.0,0.0,0.18714567,0.0181825355230579
2018-07-11 07:00:00,0.5086841216216217,0.0267021797329786,0.0,0.0,0.0,0.30122711,0.0267021797329786
2018-07-11 08:00:00,0.5577466216216216,0.0313047191505668,0.0,0.0,0.0,0.37009774,0.0313047191505668
2018-07-11 09:00:00,0.6161925675675675,0.0256800089590015,0.0,0.0,0.0,0.35841528,0.0256800089590015
2018-07-11 10:00:00,0.667099662162162,0.024628135116813,0.0,0.0,0.0,0.28586307,0.024628135116813
2018-07-11 11:00:00,0.6768918918918918,0.0253319863201972,0.0,0.0,0.0,0.34294237,0.0253319863201972
2018-07-11 12:00:00,0.6140168918918918,0.0257600788340036,0.0,0.0,0.0,0.35784204,0.0257600788340036
2018-07-11 13:00:00,0.6545844594594594,0.0250638139091331,0.0,0.0,0.0,0.21514316,0.0250638139091331
2018-07-11 14:00:00,0.6087804054054055,0.0193855942653348,0.0050124566,0.0,0.0050124566,0.0,0.0193855942653348
2018-07-11 15:00:00,0.5922331081081079,0.0192326859790363,0.31416296,0.0,0.31416296,0.0,0.0192326859790363
2018-07-11 16:00:00,0.6110726351351351,0.0202439757655685,0.5778525,0.0,0.5778525,0.0,0.0202439757655685
2018-07-11 17:00:00,0.6917195945945945,0.0265091097896048,0.72934966,0.0,0.72934966,0.0,0.0265091097896048
2018-07-11 18:00:00,0.7246554054054054,0.0314103356917439,0.73890709,0.0,0.73890709,0.0,0.0314103356917439
2018-07-11 19:00:00,0.7293496621621621,0.0314858605580152,0.76518581,0.0,0.76518581,0.0,0.0314858605580152
2018-07-11 20:00:00,0.7389070945945946,0.0293944300162582,0.76440203,0.0,0.76440203,0.0,0.0293944300162582
2018-07-11 21:00:00,0.7651858108108108,0.0254481121380681,0.63375507,0.0,0.63375507,0.0,0.0254481121380681
2018-07-11 22:00:00,0.7644020270270271,0.0241300933980037,0.46116554,0.0,0.46116554,0.0,0.0241300933980037
2018-07-11 23:00:00,0.6337550675675675,0.0201552382716855,0.41929899,0.0,0.41929899,0.0,0.0201552382716855
2018-07-12 00:00:00,0.4611655405405406,0.0164121110068685,0.41151351,0.0,0.41151351,0.0,0.0164121110068685
2018-07-12 01:00:00,0.4192989864864864,0.0110579724503073,0.40424662,0.0,0.40424662,0.0,0.0110579724503073
2018-07-12 02:00:00,0.4115135135135135,0.0079867292642693,0.40594764,0.0,0.40594764,0.0,0.0079867292642693
2018-07-12 03:00:00,0.4042466216216216,0.0070434287533244,0.41419804,0.0,0.41419804,0.0,0.0070434287533244
2018-07-12 04:00:00,0.4059476351351351,0.0077337463061754,0.34108875,0.0,0.34108875,0.0,0.0077337463061754
2018-07-12 05:00:00,0.4155202702702703,0.0111466592563604,0.26204645,0.0,0.26204645,0.0,0.0111466592563604
2018-07-12 06:00:00,0.451410472972973,0.0193437430139357,0.0,0.0,0.0,0.077032776,0.0193437430139357
2018-07-12 07:00:00,0.5295726351351352,0.0282588705672146,0.0,0.0,0.0,0.14804287,0.0282588705672146
2018-07-12 08:00:00,0.5970422297297296,0.0287173419869621,0.0,0.0,0.0,0.32826634,0.0287173419869621
2018-07-12 09:00:00,0.6653108108108107,0.0260269840493251,0.0,0.0,0.0,0.40013349,0.0260269840493251
2018-07-12 10:00:00,0.6672077702702702,0.0245134285581741,0.0,0.0,0.0,0.43204576,0.0245134285581741
2018-07-12 11:00:00,0.6644831081081082,0.0245755887333446,0.0,0.0,0.0,0.37515319,0.0245755887333446
2018-07-12 12:00:00,0.6414543918918918,0.0245192238667046,0.0,0.0,0.0,0.32596732,0.0245192238667046
2018-07-12 13:00:00,0.6503648648648648,0.0241878606279324,0.0,0.0,0.0,0.17747821,0.0241878606279324
2018-07-12 14:00:00,0.5989712837837837,0.0218205024371653,0.045804502,0.0,0.045804502,0.0,0.0218205024371653
2018-07-12 15:00:00,0.599322635135135,0.0188030390384521,0.34373392,0.0,0.34373392,0.0,0.0188030390384521
2018-07-12 16:00:00,0.6327702702702702,0.0193688503855866,0.61340038,0.0,0.61340038,0.0,0.0193688503855866
2018-07-12 17:00:00,0.7104239864864864,0.0253957685059185,0.77108108,0.0,0.77108108,0.0,0.0253957685059185
2018-07-12 18:00:00,0.7576807432432432,0.0316943396016216,0.75713851,0.0,0.75713851,0.0,0.0316943396016216
2018-07-12 19:00:00,0.771081081081081,0.0304568976148565,0.72741723,0.0,0.72741723,0.0,0.0304568976148565
2018-07-12 20:00:00,0.7571385135135136,0.0275682995752151,0.74797466,0.0,0.74797466,0.0,0.0275682995752151
2018-07-12 21:00:00,0.7274172297297298,0.0261234936770973,0.62143919,0.0,0.62143919,0.0,0.0261234936770973
2018-07-12 22:00:00,0.7479746621621622,0.0265792617459265,0.47883277,0.0,0.47883277,0.0,0.0265792617459265
2018-07-12 23:00:00,0.6214391891891891,0.0234195007132678,0.42267736,0.0,0.42267736,0.0,0.0234195007132678
2018-07-13 00:00:00,0.4788327702702702,0.0164063156983382,0.41850338,0.0,0.41850338,0.0,0.0164063156983382
2018-07-13 01:00:00,0.4226773648648648,0.0099898278147811,0.40605574,0.0,0.40605574,0.0,0.0099898278147811
2018-07-13 02:00:00,0.4185033783783783,0.0076079729047161,0.40124493,0.0,0.40124493,0.0,0.0076079729047161
2018-07-13 03:00:00,0.4060557432432432,0.0067383724981729,0.3562655,0.0,0.3562655,0.0,0.0067383724981729
2018-07-13 04:00:00,0.4012449324324325,0.0062277770935382,0.18377104,0.0,0.18377104,0.0,0.0062277770935382
2018-07-13 05:00:00,0.4154983108108108,0.0089493418383346,0.017968554,0.0,0.017968554,0.0,0.0089493418383346
2018-07-13 06:00:00,0.4536908783783784,0.0166308796799066,0.0,0.0,0.0,0.141268,0.0166308796799066
2018-07-13 07:00:00,0.522033783783784,0.0247016155739526,0.0,0.0,0.0,0.25437787,0.0247016155739526
2018-07-13 08:00:00,0.5734054054054053,0.0279469883509952,0.0,0.0,0.0,0.33979239,0.0279469883509952
2018-07-13 09:00:00,0.6321131756756756,0.0254927850119877,0.0,0.0,0.0,0.44011038,0.0254927850119877
2018-07-13 10:00:00,0.6756114864864865,0.0245651301444806,0.0,0.0,0.0,0.48191067,0.0245651301444806
2018-07-13 11:00:00,0.6407381756756756,0.0255660289259219,0.0,0.0,0.0,0.42776598,0.0255660289259219
2018-07-13 12:00:00,0.6121587837837839,0.0240632868384429,0.0,0.0,0.0,0.34884464,0.0240632868384429
2018-07-13 13:00:00,0.621393581081081,0.0234452332348183,0.0,0.0,0.0,0.19854596,0.0234452332348183
2018-07-13 14:00:00,0.5974983108108108,0.0197628468859399,0.015783545,0.0,0.015783545,0.0,0.0197628468859399
2018-07-13 15:00:00,0.5958293918918918,0.0185292233823465,0.30439501,0.0,0.30439501,0.0,0.0185292233823465
2018-07-13 16:00:00,0.6127516891891891,0.0204761260256505,0.58218465,0.0,0.58218465,0.0,0.0204761260256505
2018-07-13 17:00:00,0.6752128378378377,0.0245534719436469,0.73724324,0.0,0.73724324,0.0,0.0245534719436469
2018-07-13 18:00:00,0.7255337837837837,0.0293594047259271,0.72975338,0.0,0.72975338,0.0,0.0293594047259271
2018-07-13 19:00:00,0.7372432432432432,0.0305487439622952,0.74156419,0.0,0.74156419,0.0,0.0305487439622952
2018-07-13 20:00:00,0.7297533783783784,0.0297199134667837,0.76272635,0.0,0.76272635,0.0,0.0297199134667837
2018-07-13 21:00:00,0.7415641891891893,0.0264501936355359,0.5789527,0.0,0.5789527,0.0,0.0264501936355359
2018-07-13 22:00:00,0.7627263513513514,0.0264277051350868,0.44826182,0.0,0.44826182,0.0,0.0264277051350868
2018-07-13 23:00:00,0.5789527027027027,0.0230054149364052,0.42800169,0.0,0.42800169,0.0,0.0230054149364052
2018-07-14 00:00:00,0.4482618243243243,0.0168655643314743,0.42033108,0.0,0.42033108,0.0,0.0168655643314743
2018-07-14 01:00:00,0.4280016891891891,0.0113446628151597,0.40413514,0.0,0.40413514,0.0,0.0113446628151597
2018-07-14 02:00:00,0.4203310810810811,0.0074938577040908,0.40713851,0.0,0.40713851,0.0,0.0074938577040908
2018-07-14 03:00:00,0.4041351351351351,0.0072589196133743,0.34952681,0.0,0.34952681,0.0,0.0072589196133743
2018-07-14 04:00:00,0.4071385135135135,0.0074162039489715,0.15264308,0.0,0.15264308,0.0,0.0074162039489715
2018-07-14 05:00:00,0.4161722972972973,0.0092339708981121,0.0,0.0,0.0,0.065061054,0.0092339708981121
2018-07-14 06:00:00,0.4478192567567568,0.0122519580710657,0.0,0.0,0.0,0.23435663,0.0122519580710657
2018-07-14 07:00:00,0.4779070945945946,0.0171573572711845,0.0,0.0,0.0,0.32889634,0.0171573572711845
2018-07-14 08:00:00,0.5341891891891891,0.0247192887305789,0.0,0.0,0.0,0.39929341,0.0247192887305789
2018-07-14 09:00:00,0.6228124999999999,0.0268081510889637,0.0,0.0,0.0,0.48139066,0.0268081510889637
2018-07-14 10:00:00,0.6824628378378378,0.0263697520497825,0.0,0.0,0.0,0.50585558,0.0263697520497825
2018-07-14 11:00:00,0.6729611486486486,0.0266583854481073,0.0,0.0,0.0,0.44590999,0.0266583854481073
2018-07-14 12:00:00,0.6690658783783783,0.027094047344484,0.0,0.0,0.0,0.37919194,0.027094047344484
2018-07-14 13:00:00,0.6895016891891891,0.0275793664180356,0.0,0.0,0.0,0.26482084,0.0275793664180356
2018-07-14 14:00:00,0.6559256756756757,0.0245496703564184,0.0015895386,0.0,0.0015895386,0.0,0.0245496703564184
2018-07-14 15:00:00,0.6104847972972971,0.0228515942691717,0.28515272,0.0,0.28515272,0.0,0.0228515942691717
2018-07-14 16:00:00,0.6680709459459458,0.0231753205416006,0.57189108,0.0,0.57189108,0.0,0.0231753205416006
2018-07-14 17:00:00,0.7090726351351351,0.0257418481112505,0.72515709,0.0,0.72515709,0.0,0.0257418481112505
2018-07-14 18:00:00,0.7433682432432432,0.0308300614171981,0.77170439,0.0,0.77170439,0.0,0.0308300614171981
2018-07-14 19:00:00,0.7251570945945945,0.0319713992788288,0.75460642,0.0,0.75460642,0.0,0.0319713992788288
2018-07-14 20:00:00,0.7717043918918919,0.0309440583462209,0.75900169,0.0,0.75900169,0.0,0.0309440583462209
2018-07-14 21:00:00,0.754606418918919,0.0300225536020523,0.60822466,0.0,0.60822466,0.0,0.0300225536020523
2018-07-14 22:00:00,0.7590016891891893,0.0257413074410669,0.46189358,0.0,0.46189358,0.0,0.0257413074410669
2018-07-14 23:00:00,0.6082246621621621,0.0231631385665264,0.42450338,0.0,0.42450338,0.0,0.0231631385665264
2018-07-15 00:00:00,0.4618935810810811,0.0160616384562948,0.4042652,0.0,0.4042652,0.0,0.0160616384562948
2018-07-15 01:00:00,0.4245033783783783,0.0104625425146775,0.39834966,0.0,0.39834966,0.0,0.0104625425146775
2018-07-15 02:00:00,0.4042652027027027,0.0074353639486027,0.40123142,0.0,0.40123142,0.0,0.0074353639486027
2018-07-15 03:00:00,0.3983496621621621,0.008010620128007,0.37774918,0.0,0.37774918,0.0,0.008010620128007
2018-07-15 04:00:00,0.4012314189189189,0.008161281253855,0.39444236,0.0,0.39444236,0.0,0.008161281253855
2018-07-15 05:00:00,0.4178175675675676,0.0108234060703422,0.0,0.0,0.0,0.085719309,0.0108234060703422
2018-07-15 06:00:00,0.442339527027027,0.0137887285882247,0.0,0.0,0.0,0.22659634,0.0137887285882247
2018-07-15 07:00:00,0.468910472972973,0.0188483877501013,0.0,0.0,0.0,0.1558655,0.0188483877501013
2018-07-15 08:00:00,0.5251216216216215,0.0245062646782415,0.0,0.0,0.0,0.42348342,0.0245062646782415
2018-07-15 09:00:00,0.6066824324324324,0.0285861618836665,0.0,0.0,0.0,0.50122957,0.0285861618836665
2018-07-15 10:00:00,0.671402027027027,0.0282830486619874,0.0,0.0,0.0,0.49829482,0.0282830486619874
2018-07-15 11:00:00,0.6661756756756756,0.0270250443123023,0.0,0.0,0.0,0.44395713,0.0270250443123023
2018-07-15 12:00:00,0.6779983108108107,0.024736302945419,0.0,0.0,0.0,0.39519491,0.024736302945419
2018-07-15 13:00:00,0.6832263513513513,0.0267504345468647,0.0,0.0,0.0,0.20682899,0.0267504345468647
2018-07-15 14:00:00,0.6271976351351352,0.0239015757657176,0.0,0.0,0.0,0.0057376695,0.0239015757657176
2018-07-15 15:00:00,0.6529949324324323,0.0224860674331735,0.30684631,0.0,0.30684631,0.0,0.0224860674331735
2018-07-15 16:00:00,0.6467094594594595,0.0218537705493997,0.5908488,0.0,0.5908488,0.0,0.0218537705493997
2018-07-15 17:00:00,0.7136908783783783,0.0242584349828352,0.75537669,0.0,0.75537669,0.0,0.0242584349828352
2018-07-15 18:00:00,0.749143581081081,0.0299864638672973,0.74440541,0.0,0.74440541,0.0,0.0299864638672973
2018-07-15 19:00:00,0.7553766891891892,0.033660976706627,0.78055236,0.0,0.78055236,0.0,0.033660976706627
2018-07-15 20:00:00,0.7444054054054055,0.0306527722848078,0.78170439,0.0,0.78170439,0.0,0.0306527722848078
2018-07-15 21:00:00,0.7805523648648649,0.0273087103033154,0.61752027,0.0,0.61752027,0.0,0.0273087103033154
2018-07-15 22:00:00,0.7817043918918919,0.026183541859363,0.46169595,0.0,0.46169595,0.0,0.026183541859363
2018-07-15 23:00:00,0.6175202702702701,0.0213776428689693,0.42976014,0.0,0.42976014,0.0,0.0213776428689693
2018-07-16 00:00:00,0.461695945945946,0.0178942062517113,0.42099324,0.0,0.42099324,0.0,0.0178942062517113
2018-07-16 01:00:00,0.4297601351351351,0.0109348348159929,0.39930068,0.0,0.39930068,0.0,0.0109348348159929
2018-07-16 02:00:00,0.4209932432432432,0.0087538895669642,0.40478716,0.0,0.40478716,0.0,0.0087538895669642
2018-07-16 03:00:00,0.3993006756756757,0.008430788444435,0.35132685,0.0,0.35132685,0.0,0.008430788444435
2018-07-16 04:00:00,0.4047871621621621,0.0108652911136277,0.33116736,0.0,0.33116736,0.0,0.0108652911136277
2018-07-16 05:00:00,0.4141959459459459,0.0141069805750448,0.20528706,0.0,0.20528706,0.0,0.0141069805750448
2018-07-16 06:00:00,0.4502533783783784,0.0214650455833365,0.0,0.0,0.0,0.21319099,0.0214650455833365
2018-07-16 07:00:00,0.499481418918919,0.0320018119766561,0.0,0.0,0.0,0.3469708,0.0320018119766561
2018-07-16 08:00:00,0.5727027027027026,0.0323586542978302,0.0,0.0,0.0,0.42764396,0.0323586542978302
2018-07-16 09:00:00,0.6225388513513513,0.0275186423980402,0.0,0.0,0.0,0.48752077,0.0275186423980402
2018-07-16 10:00:00,0.664376689189189,0.0249769687608926,0.0,0.0,0.0,0.50845294,0.0249769687608926
2018-07-16 11:00:00,0.671885135135135,0.0264851851339806,0.0,0.0,0.0,0.46418523,0.0264851851339806
2018-07-16 12:00:00,0.6606351351351352,0.02479951066907,0.0,0.0,0.0,0.38181591,0.02479951066907
2018-07-16 13:00:00,0.6532787162162162,0.0211640950423917,0.0,0.0,0.0,0.26526984,0.0211640950423917
2018-07-16 14:00:00,0.6328834459459459,0.0203986412299638,0.0,0.0,0.0,0.031144821,0.0203986412299638
2018-07-16 15:00:00,0.5898277027027026,0.0187853320899391,0.25736309,0.0,0.25736309,0.0,0.0187853320899391
2018-07-16 16:00:00,0.6179932432432432,0.0208908031605265,0.53655094,0.0,0.53655094,0.0,0.0208908031605265
2018-07-16 17:00:00,0.6672331081081081,0.0243859486664479,0.70694257,0.0,0.70694257,0.0,0.0243859486664479
2018-07-16 18:00:00,0.6991942567567567,0.0303498111266177,0.75058277,0.0,0.75058277,0.0,0.0303498111266177
2018-07-16 19:00:00,0.7069425675675675,0.0322186376162218,0.77260304,0.0,0.77260304,0.0,0.0322186376162218
2018-07-16 20:00:00,0.7505827702702703,0.0297420809443112,0.7671402,0.0,0.7671402,0.0,0.0297420809443112
2018-07-16 21:00:00,0.7726030405405405,0.0282969202313854,0.5964848,0.0,0.5964848,0.0,0.0282969202313854
2018-07-16 22:00:00,0.7671402027027028,0.0254538905506552,0.45708784,0.0,0.45708784,0.0,0.0254538905506552
2018-07-16 23:00:00,0.5964847972972972,0.0227922219246354,0.42852027,0.0,0.42852027,0.0,0.0227922219246354
2018-07-17 00:00:00,0.4570878378378378,0.0169835655990443,0.41027365,0.0,0.41027365,0.0,0.0169835655990443
2018-07-17 01:00:00,0.4285202702702702,0.0101449832615302,0.39765034,0.0,0.39765034,0.0,0.0101449832615302
2018-07-17 02:00:00,0.4102736486486487,0.0076176204883048,0.40120608,0.0,0.40120608,0.0,0.0076176204883048
2018-07-17 03:00:00,0.3976503378378379,0.0089050744670526,0.38599813,0.0,0.38599813,0.0,0.0089050744670526
2018-07-17 04:00:00,0.4012060810810811,0.0089289991226767,0.21204599,0.0,0.21204599,0.0,0.0089289991226767
2018-07-17 05:00:00,0.4154054054054054,0.0136911376200855,0.0,0.0,0.0,0.01626817,0.0136911376200855
2018-07-17 06:00:00,0.4485320945945946,0.0215524314017603,0.0,0.0,0.0,0.19920789,0.0215524314017603
2018-07-17 07:00:00,0.5254983108108109,0.0305419180012272,0.0,0.0,0.0,0.31377196,0.0305419180012272
2018-07-17 08:00:00,0.5659324324324323,0.031788669652716,0.0,0.0,0.0,0.41093546,0.031788669652716
2018-07-17 09:00:00,0.6290912162162162,0.0297495489512221,0.0,0.0,0.0,0.4806245,0.0297495489512221
2018-07-17 10:00:00,0.6564628378378378,0.0276875849344712,0.0,0.0,0.0,0.48185061,0.0276875849344712
2018-07-17 11:00:00,0.656260135135135,0.0274335375319534,0.0,0.0,0.0,0.45988998,0.0274335375319534
2018-07-17 12:00:00,0.6691570945945946,0.024389294063209,0.0,0.0,0.0,0.38303812,0.024389294063209
2018-07-17 13:00:00,0.6434949324324324,0.0239262607387874,0.0,0.0,0.0,0.25183202,0.0239262607387874
2018-07-17 14:00:00,0.618652027027027,0.0209458163517075,0.0,0.0,0.0,0.024213366,0.0209458163517075
2018-07-17 15:00:00,0.5910574324324323,0.0184211738253432,0.30857479,0.0,0.30857479,0.0,0.0184211738253432
2018-07-17 16:00:00,0.6133749999999999,0.0212683430121665,0.57384459,0.0,0.57384459,0.0,0.0212683430121665
2018-07-17 17:00:00,0.7076216216216216,0.0248828414611171,0.71033277,0.0,0.71033277,0.0,0.0248828414611171
2018-07-17 18:00:00,0.7292922297297298,0.0311019002479449,0.75865541,0.0,0.75865541,0.0,0.0311019002479449
2018-07-17 19:00:00,0.7103327702702702,0.0323132042105216,0.78536655,0.0,0.78536655,0.0,0.0323132042105216
2018-07-17 20:00:00,0.7586554054054053,0.0288648266754814,0.77660304,0.0,0.77660304,0.0,0.0288648266754814
2018-07-17 21:00:00,0.7853665540540541,0.0270380710845385,0.59420777,0.0,0.59420777,0.0,0.0270380710845385
2018-07-17 22:00:00,0.7766030405405406,0.0248048497871332,0.46373986,0.0,0.46373986,0.0,0.0248048497871332
2018-07-17 23:00:00,0.5942077702702703,0.0218970410600307,0.41912162,0.0,0.41912162,0.0,0.0218970410600307
2018-07-18 00:00:00,0.4637398648648648,0.0172328652415124,0.4113902,0.0,0.4113902,0.0,0.0172328652415124
2018-07-18 01:00:00,0.4191216216216216,0.0113023891651797,0.40327365,0.0,0.40327365,0.0,0.0113023891651797
2018-07-18 02:00:00,0.4113902027027027,0.0073016832457083,0.4013125,0.0,0.4013125,0.0,0.0073016832457083
2018-07-18 03:00:00,0.4032736486486486,0.0080229372706272,0.3543721,0.0,0.3543721,0.0,0.0080229372706272
2018-07-18 04:00:00,0.4013125,0.0098318169536247,0.31400468,0.0,0.31400468,0.0,0.0098318169536247
2018-07-18 05:00:00,0.4143834459459459,0.0124850038161393,0.0,0.0,0.0,0.0015609557,0.0124850038161393
2018-07-18 06:00:00,0.4496655405405405,0.0211154685177543,0.0,0.0,0.0,0.1628305,0.0211154685177543
2018-07-18 07:00:00,0.5281739864864865,0.0312035124505747,0.0,0.0,0.0,0.32151115,0.0312035124505747
2018-07-18 08:00:00,0.5947516891891892,0.031694947855578,0.0,0.0,0.0,0.42057875,0.031694947855578
2018-07-18 09:00:00,0.6172195945945945,0.0274533902652574,0.0,0.0,0.0,0.45552673,0.0274533902652574
2018-07-18 10:00:00,0.6495675675675675,0.026086474665464,0.0,0.0,0.0,0.53815091,0.026086474665464
2018-07-18 11:00:00,0.6858682432432431,0.0260256492698093,0.0,0.0,0.0,0.48061267,0.0260256492698093
2018-07-18 12:00:00,0.6175033783783783,0.0262277754387585,0.0,0.0,0.0,0.38946274,0.0262277754387585
2018-07-18 13:00:00,0.6321047297297296,0.023871855801563,0.0,0.0,0.0,0.24611676,0.023871855801563
2018-07-18 14:00:00,0.6207094594594594,0.0195584566605969,0.0,0.0,0.0,0.0058032944,0.0195584566605969
2018-07-18 15:00:00,0.6028885135135134,0.0177201949323094,0.30538258,0.0,0.30538258,0.0,0.0177201949323094
2018-07-18 16:00:00,0.6374476351351351,0.0206053293035871,0.58015759,0.0,0.58015759,0.0,0.0206053293035871
2018-07-18 17:00:00,0.7070202702702701,0.0274914399294282,0.70852196,0.0,0.70852196,0.0,0.0274914399294282
2018-07-18 18:00:00,0.7361199324324325,0.0298564157921987,0.72752196,0.0,0.72752196,0.0,0.0298564157921987
2018-07-18 19:00:00,0.7085219594594595,0.0326642005353358,0.77194595,0.0,0.77194595,0.0,0.0326642005353358
2018-07-18 20:00:00,0.7275219594594594,0.0279940266569682,0.76350507,0.0,0.76350507,0.0,0.0279940266569682
2018-07-18 21:00:00,0.771945945945946,0.0258983721294019,0.58249662,0.0,0.58249662,0.0,0.0258983721294019
2018-07-18 22:00:00,0.7635050675675676,0.0270469921425678,0.44702196,0.0,0.44702196,0.0,0.0270469921425678
2018-07-18 23:00:00,0.5824966216216215,0.0218339178160957,0.42073986,0.0,0.42073986,0.0,0.0218339178160957
2018-07-19 00:00:00,0.4470219594594594,0.0173455780788493,0.40477703,0.0,0.40477703,0.0,0.0173455780788493
2018-07-19 01:00:00,0.4207398648648648,0.0110170335798429,0.4095777,0.0,0.4095777,0.0,0.0110170335798429
2018-07-19 02:00:00,0.404777027027027,0.0072299261747789,0.40293581,0.0,0.40293581,0.0,0.0072299261747789
2018-07-19 03:00:00,0.4095777027027026,0.008215365168158,0.35892947,0.0,0.35892947,0.0,0.008215365168158
2018-07-19 04:00:00,0.4029358108108108,0.0081700164565088,0.1597268,0.0,0.1597268,0.0,0.0081700164565088
2018-07-19 05:00:00,0.4176131756756757,0.0126854910785944,0.0,0.0,0.0,0.027281354,0.0126854910785944
2018-07-19 06:00:00,0.4463243243243244,0.0201040435636762,0.0,0.0,0.0,0.17021601,0.0201040435636762
2018-07-19 07:00:00,0.5138226351351353,0.0294302325199782,0.0,0.0,0.0,0.3352568,0.0294302325199782
2018-07-19 08:00:00,0.5928800675675675,0.0306326999042418,0.0,0.0,0.0,0.43830358,0.0306326999042418
2018-07-19 09:00:00,0.6049915540540539,0.0276593011254918,0.0,0.0,0.0,0.45756073,0.0276593011254918
2018-07-19 10:00:00,0.6222483108108108,0.0255023988036898,0.0,0.0,0.0,0.46851313,0.0255023988036898
2018-07-19 11:00:00,0.668099662162162,0.0272466177119179,0.0,0.0,0.0,0.46539642,0.0272466177119179
2018-07-19 12:00:00,0.6656402027027026,0.0261703799195811,0.0,0.0,0.0,0.36662333,0.0261703799195811
2018-07-19 13:00:00,0.6192229729729729,0.0232891485111911,0.0,0.0,0.0,0.21222912,0.0232891485111911
2018-07-19 14:00:00,0.6185709459459459,0.0210550993125671,0.0028925156,0.0,0.0028925156,0.0,0.0210550993125671
2018-07-19 15:00:00,0.6175202702702702,0.0198982509750445,0.28238263,0.0,0.28238263,0.0,0.0198982509750445
2018-07-19 16:00:00,0.6326368243243243,0.019784845404035,0.55207736,0.0,0.55207736,0.0,0.019784845404035
2018-07-19 17:00:00,0.6770219594594594,0.0238419837739193,0.73554561,0.0,0.73554561,0.0,0.0238419837739193
2018-07-19 18:00:00,0.7054662162162162,0.0294354195745522,0.7447348,0.0,0.7447348,0.0,0.0294354195745522
2018-07-19 19:00:00,0.7355456081081081,0.0321722075642054,0.77256757,0.0,0.77256757,0.0,0.0321722075642054
2018-07-19 20:00:00,0.7447347972972973,0.0283872797358191,0.77319764,0.0,0.77319764,0.0,0.0283872797358191
2018-07-19 21:00:00,0.7725675675675676,0.0274602838100983,0.56553378,0.0,0.56553378,0.0,0.0274602838100983
2018-07-19 22:00:00,0.7731976351351352,0.025031508865663,0.45379899,0.0,0.45379899,0.0,0.025031508865663
2018-07-19 23:00:00,0.5655337837837837,0.0223194396409661,0.42273311,0.0,0.42273311,0.0,0.0223194396409661
2018-07-20 00:00:00,0.4537989864864864,0.016090614998947,0.41498311,0.0,0.41498311,0.0,0.016090614998947
2018-07-20 01:00:00,0.422733108108108,0.0109949843739182,0.4057652,0.0,0.4057652,0.0,0.0109949843739182
2018-07-20 02:00:00,0.414983108108108,0.0080783390685027,0.40057432,0.0,0.40057432,0.0,0.0080783390685027
2018-07-20 03:00:00,0.4057652027027026,0.0072012030712754,0.3569548,0.0,0.3569548,0.0,0.0072012030712754
2018-07-20 04:00:00,0.4005743243243243,0.0081104751525402,0.16521771,0.0,0.16521771,0.0,0.0081104751525402
2018-07-20 05:00:00,0.4156385135135135,0.0110180473364372,0.0,0.0,0.0,0.034045662,0.0110180473364372
2018-07-20 06:00:00,0.4556148648648648,0.0193019593463096,0.0,0.0,0.0,0.19881441,0.0193019593463096
2018-07-20 07:00:00,0.507579391891892,0.0288691182450635,0.0,0.0,0.0,0.30535177,0.0288691182450635
2018-07-20 08:00:00,0.5676587837837838,0.0312333675822752,0.0,0.0,0.0,0.40099951,0.0312333675822752
2018-07-20 09:00:00,0.6370304054054053,0.0260519731493732,0.0,0.0,0.0,0.46543727,0.0260519731493732
2018-07-20 10:00:00,0.6585320945945946,0.0257947831014133,0.0,0.0,0.0,0.51461656,0.0257947831014133
2018-07-20 11:00:00,0.6572466216216215,0.0251210235729349,0.0,0.0,0.0,0.4357245,0.0251210235729349
2018-07-20 12:00:00,0.6136283783783782,0.0232589892525122,0.0,0.0,0.0,0.37468463,0.0232589892525122
2018-07-20 13:00:00,0.6429054054054053,0.0234450811713292,0.0,0.0,0.0,0.22130731,0.0234450811713292
2018-07-20 14:00:00,0.5991706081081082,0.0199460833903497,0.036741814,0.0,0.036741814,0.0,0.0199460833903497
2018-07-20 15:00:00,0.5944510135135134,0.0178009744369274,0.35433654,0.0,0.35433654,0.0,0.0178009744369274
2018-07-20 16:00:00,0.6356402027027026,0.0210713025221317,0.62776017,0.0,0.62776017,0.0,0.0210713025221317
2018-07-20 17:00:00,0.7140557432432432,0.0262683088065851,0.74621791,0.0,0.74621791,0.0,0.0262683088065851
2018-07-20 18:00:00,0.7603530405405405,0.0290550412044481,0.77916385,0.0,0.77916385,0.0,0.0290550412044481
2018-07-20 19:00:00,0.7462179054054053,0.0330721699807464,0.76699324,0.0,0.76699324,0.0,0.0330721699807464
2018-07-20 20:00:00,0.7791638513513515,0.0284720128911548,0.77115372,0.0,0.77115372,0.0,0.0284720128911548
2018-07-20 21:00:00,0.7669932432432434,0.0285042503508518,0.57532601,0.0,0.57532601,0.0,0.0285042503508518
2018-07-20 22:00:00,0.7711537162162163,0.0247789314102069,0.47762331,0.0,0.47762331,0.0,0.0247789314102069
2018-07-20 23:00:00,0.5753260135135134,0.0216013958452625,0.41059628,0.0,0.41059628,0.0,0.0216013958452625
2018-07-21 00:00:00,0.4776233108108108,0.016172019653465,0.40590034,0.0,0.40590034,0.0,0.016172019653465
2018-07-21 01:00:00,0.4105962837837838,0.0095877888454468,0.39886318,0.0,0.39886318,0.0,0.0095877888454468
2018-07-21 02:00:00,0.4059003378378378,0.0074216782345804,0.4025625,0.0,0.4025625,0.0,0.0074216782345804
2018-07-21 03:00:00,0.3988631756756756,0.0076579004169827,0.36903669,0.0,0.36903669,0.0,0.0076579004169827
2018-07-21 04:00:00,0.4025625,0.0068295092159955,0.18107649,0.0,0.18107649,0.0,0.0068295092159955
2018-07-21 05:00:00,0.4156081081081081,0.0076523416516576,0.0,0.0,0.0,0.037658335,0.0076523416516576
2018-07-21 06:00:00,0.441008445945946,0.0110856142134437,0.0,0.0,0.0,0.21058133,0.0110856142134437
2018-07-21 07:00:00,0.4679324324324325,0.0165018622573457,0.0,0.0,0.0,0.28561252,0.0165018622573457
2018-07-21 08:00:00,0.5192263513513512,0.0236876393324454,0.0,0.0,0.0,0.34360507,0.0236876393324454
2018-07-21 09:00:00,0.6237364864864864,0.0267440140884345,0.0,0.0,0.0,0.43491212,0.0267440140884345
2018-07-21 10:00:00,0.6985844594594594,0.0271729851912893,0.0,0.0,0.0,0.45476945,0.0271729851912893
2018-07-21 11:00:00,0.6818293918918917,0.0246359917304184,0.0,0.0,0.0,0.36890448,0.0246359917304184
2018-07-21 12:00:00,0.6750337837837836,0.0264610577270375,0.0,0.0,0.0,0.33886023,0.0264610577270375
2018-07-21 13:00:00,0.7171081081081081,0.0269297511924435,0.0,0.0,0.0,0.20200784,0.0269297511924435
2018-07-21 14:00:00,0.6459712837837838,0.0258808003484349,0.053119687,0.0,0.053119687,0.0,0.0258808003484349
2018-07-21 15:00:00,0.6233006756756755,0.022563096038393,0.35456786,0.0,0.35456786,0.0,0.022563096038393
2018-07-21 16:00:00,0.6699999999999999,0.0232411640323968,0.61682261,0.0,0.61682261,0.0,0.0232411640323968
2018-07-21 17:00:00,0.7351469594594594,0.0259229050389825,0.73032601,0.0,0.73032601,0.0,0.0259229050389825
2018-07-21 18:00:00,0.7575945945945946,0.0323624220931722,0.74322973,0.0,0.74322973,0.0,0.0323624220931722
2018-07-21 19:00:00,0.7303260135135135,0.0319160650647262,0.77117399,0.0,0.77117399,0.0,0.0319160650647262
2018-07-21 20:00:00,0.7432297297297297,0.0314263192540465,0.75343243,0.0,0.75343243,0.0,0.0314263192540465
2018-07-21 21:00:00,0.7711739864864866,0.0285281581105327,0.59296622,0.0,0.59296622,0.0,0.0285281581105327
2018-07-21 22:00:00,0.7534324324324324,0.0243706240459315,0.44599493,0.0,0.44599493,0.0,0.0243706240459315
2018-07-21 23:00:00,0.5929662162162161,0.0217700342547151,0.42880405,0.0,0.42880405,0.0,0.0217700342547151
2018-07-22 00:00:00,0.4459949324324324,0.0167286565034216,0.41179054,0.0,0.41179054,0.0,0.0167286565034216
2018-07-22 01:00:00,0.428804054054054,0.011082082961307,0.39979223,0.0,0.39979223,0.0,0.011082082961307
2018-07-22 02:00:00,0.4117905405405405,0.0071358326668899,0.40409966,0.0,0.40409966,0.0,0.0071358326668899
2018-07-22 03:00:00,0.3997922297297297,0.0082163113409793,0.36728527,0.0,0.36728527,0.0,0.0082163113409793
2018-07-22 04:00:00,0.4040996621621621,0.0075404398195963,0.24476874,0.0,0.24476874,0.0,0.0075404398195963
2018-07-22 05:00:00,0.4151824324324324,0.0077845524074905,0.0,0.0,0.0,0.040296303,0.0077845524074905
2018-07-22 06:00:00,0.440731418918919,0.0116844571296074,0.0,0.0,0.0,0.1922346,0.0116844571296074
2018-07-22 07:00:00,0.4773800675675676,0.0172447768814947,0.0,0.0,0.0,0.2966458,0.0172447768814947
2018-07-22 08:00:00,0.5501402027027026,0.0248814222018852,0.0,0.0,0.0,0.38866564,0.0248814222018852
2018-07-22 09:00:00,0.6279814189189188,0.0269338906985366,0.0,0.0,0.0,0.45957267,0.0269338906985366
2018-07-22 10:00:00,0.6660608108108107,0.0280612049272802,0.0,0.0,0.0,0.50164921,0.0280612049272802
2018-07-22 11:00:00,0.6663513513513513,0.0255504677622003,0.0,0.0,0.0,0.40225386,0.0255504677622003
2018-07-22 12:00:00,0.6385152027027026,0.0276002329079338,0.0,0.0,0.0,0.33554961,0.0276002329079338
2018-07-22 13:00:00,0.6919493243243243,0.026185180765857,0.0,0.0,0.0,0.21602472,0.026185180765857
2018-07-22 14:00:00,0.6571621621621622,0.0226512421742625,0.019531151,0.0,0.019531151,0.0,0.0226512421742625
2018-07-22 15:00:00,0.617795608108108,0.0221584213019136,0.33477788,0.0,0.33477788,0.0,0.0221584213019136
2018-07-22 16:00:00,0.6477533783783783,0.0215935223357138,0.6172832,0.0,0.6172832,0.0,0.0215935223357138
2018-07-22 17:00:00,0.7227956081081081,0.0242498856355569,0.72506588,0.0,0.72506588,0.0,0.0242498856355569
2018-07-22 18:00:00,0.7611081081081083,0.0289244524591663,0.73825169,0.0,0.73825169,0.0,0.0289244524591663
2018-07-22 19:00:00,0.7250658783783783,0.0319692028062079,0.77065709,0.0,0.77065709,0.0,0.0319692028062079
2018-07-22 20:00:00,0.7382516891891892,0.0300162514152247,0.77527196,0.0,0.77527196,0.0,0.0300162514152247
2018-07-22 21:00:00,0.7706570945945946,0.0278790666591809,0.6059223,0.0,0.6059223,0.0,0.0278790666591809
2018-07-22 22:00:00,0.7752719594594595,0.0250936521448903,0.47310642,0.0,0.47310642,0.0,0.0250936521448903
2018-07-22 23:00:00,0.6059222972972972,0.0231171140171477,0.41280574,0.0,0.41280574,0.0,0.0231171140171477
2018-07-23 00:00:00,0.4731064189189189,0.0173382621354275,0.40290541,0.0,0.40290541,0.0,0.0173382621354275
2018-07-23 01:00:00,0.4128057432432432,0.0096896882791117,0.39850169,0.0,0.39850169,0.0,0.0096896882791117
2018-07-23 02:00:00,0.4029054054054053,0.0078920275024237,0.40169932,0.0,0.40169932,0.0,0.0078920275024237
2018-07-23 03:00:00,0.3985016891891892,0.00716923594667,0.36968645,0.0,0.36968645,0.0,0.00716923594667
2018-07-23 04:00:00,0.4016993243243243,0.0086464651598607,0.23796806,0.0,0.23796806,0.0,0.0086464651598607
2018-07-23 05:00:00,0.4203986486486487,0.012230280575892,0.0,0.0,0.0,0.022878462,0.012230280575892
2018-07-23 06:00:00,0.4513327702702702,0.0189362128630492,0.0,0.0,0.0,0.20267878,0.0189362128630492
2018-07-23 07:00:00,0.5098817567567567,0.0290259463901933,0.0,0.0,0.0,0.34168176,0.0290259463901933
2018-07-23 08:00:00,0.556045608108108,0.030070064994436,0.0,0.0,0.0,0.42549497,0.030070064994436
2018-07-23 09:00:00,0.5970489864864864,0.0277998415813406,0.0,0.0,0.0,0.49014827,0.0277998415813406
2018-07-23 10:00:00,0.6346554054054053,0.0257064680061113,0.0,0.0,0.0,0.53165649,0.0257064680061113
2018-07-23 11:00:00,0.6384138513513513,0.0243425429882709,0.0,0.0,0.0,0.4670666,0.0243425429882709
2018-07-23 12:00:00,0.6096418918918918,0.025226504946566,0.0,0.0,0.0,0.3716032,0.025226504946566
2018-07-23 13:00:00,0.6248682432432432,0.0242326686693979,0.0,0.0,0.0,0.24519063,0.0242326686693979
2018-07-23 14:00:00,0.6210304054054054,0.0205098503283525,0.0,0.0,0.0,0.018797682,0.0205098503283525
2018-07-23 15:00:00,0.5937584459459458,0.017724520293778,0.29477666,0.0,0.29477666,0.0,0.017724520293778
2018-07-23 16:00:00,0.6199949324324323,0.0200475773213768,0.57244748,0.0,0.57244748,0.0,0.0200475773213768
2018-07-23 17:00:00,0.6949003378378377,0.0246501843227378,0.77713007,0.0,0.77713007,0.0,0.0246501843227378
2018-07-23 18:00:00,0.7253141891891892,0.0317546750149225,0.77778378,0.0,0.77778378,0.0,0.0317546750149225
2018-07-23 19:00:00,0.7771300675675675,0.0308388135157951,0.76505743,0.0,0.76505743,0.0,0.0308388135157951
2018-07-23 20:00:00,0.7777837837837838,0.0291715218371269,0.76018412,0.0,0.76018412,0.0,0.0291715218371269
2018-07-23 21:00:00,0.7650574324324324,0.026956970556999,0.5839527,0.0,0.5839527,0.0,0.026956970556999
2018-07-23 22:00:00,0.7601841216216216,0.0235858750663265,0.45116723,0.0,0.45116723,0.0,0.0235858750663265
2018-07-23 23:00:00,0.5839527027027026,0.0217460758072043,0.4100625,0.0,0.4100625,0.0,0.0217460758072043
2018-07-24 00:00:00,0.4511672297297298,0.0166108410912271,0.41241554,0.0,0.41241554,0.0,0.0166108410912271
2018-07-24 01:00:00,0.4100625,0.0110395727681218,0.40526689,0.0,0.40526689,0.0,0.0110395727681218
2018-07-24 02:00:00,0.4124155405405406,0.0079461958964427,0.40690878,0.0,0.40690878,0.0,0.0079461958964427
2018-07-24 03:00:00,0.4052668918918919,0.0079200409763112,0.36337617,0.0,0.36337617,0.0,0.0079200409763112
2018-07-24 04:00:00,0.4069087837837838,0.0085245271375162,0.15940087,0.0,0.15940087,0.0,0.0085245271375162
2018-07-24 05:00:00,0.4167466216216217,0.0120429552532189,0.0,0.0,0.0,0.012661099,0.0120429552532189
2018-07-24 06:00:00,0.4472652027027026,0.0199019004987838,0.0,0.0,0.0,0.18496953,0.0199019004987838
2018-07-24 07:00:00,0.5315084459459459,0.0272497434614168,0.0,0.0,0.0,0.33941077,0.0272497434614168
2018-07-24 08:00:00,0.5881131756756756,0.0298800870086744,0.0,0.0,0.0,0.41497837,0.0298800870086744
2018-07-24 09:00:00,0.6152820945945945,0.0279776038001415,0.0,0.0,0.0,0.44710906,0.0279776038001415
2018-07-24 10:00:00,0.6607787162162161,0.0271549234279685,0.0,0.0,0.0,0.51718614,0.0271549234279685
2018-07-24 11:00:00,0.6961858108108107,0.0294743140358847,0.0,0.0,0.0,0.48451105,0.0294743140358847
2018-07-24 12:00:00,0.6366233108108106,0.0255329128771765,0.0,0.0,0.0,0.4147016,0.0255329128771765
2018-07-24 13:00:00,0.6192652027027026,0.0213589559557486,0.0,0.0,0.0,0.26720498,0.0213589559557486
2018-07-24 14:00:00,0.5886570945945945,0.0206829999546495,0.0,0.0,0.0,0.038889538,0.0206829999546495
2018-07-24 15:00:00,0.578537162162162,0.0176562775790422,0.2793656,0.0,0.2793656,0.0,0.0176562775790422
2018-07-24 16:00:00,0.6045067567567567,0.0208233376591795,0.57610992,0.0,0.57610992,0.0,0.0208233376591795
2018-07-24 17:00:00,0.6815878378378377,0.0257612277581438,0.71551689,0.0,0.71551689,0.0,0.0257612277581438
2018-07-24 18:00:00,0.7279645270270271,0.029042284767304,0.73536993,0.0,0.73536993,0.0,0.029042284767304
2018-07-24 19:00:00,0.7155168918918918,0.030078327110679,0.74973311,0.0,0.74973311,0.0,0.030078327110679
2018-07-24 20:00:00,0.7353699324324324,0.0292457457157689,0.76491216,0.0,0.76491216,0.0,0.0292457457157689
2018-07-24 21:00:00,0.7497331081081082,0.0274876045503132,0.61590709,0.0,0.61590709,0.0,0.0274876045503132
2018-07-24 22:00:00,0.7649121621621622,0.0256933905460456,0.45934291,0.0,0.45934291,0.0,0.0256933905460456
2018-07-24 23:00:00,0.6159070945945945,0.0225003276092658,0.41982601,0.0,0.41982601,0.0,0.0225003276092658
2018-07-25 00:00:00,0.4593429054054054,0.0164690672315218,0.4111098,0.0,0.4111098,0.0,0.0164690672315218
2018-07-25 01:00:00,0.4198260135135134,0.0094384287072281,0.40380912,0.0,0.40380912,0.0,0.0094384287072281
2018-07-25 02:00:00,0.4111097972972973,0.0074424095569326,0.40639527,0.0,0.40639527,0.0,0.0074424095569326
2018-07-25 03:00:00,0.4038091216216216,0.0073499042677079,0.3704721,0.0,0.3704721,0.0,0.0073499042677079
2018-07-25 04:00:00,0.4063952702702703,0.0085871941909838,0.19479777,0.0,0.19479777,0.0,0.0085871941909838
2018-07-25 05:00:00,0.4173462837837838,0.0109021749577151,0.0,0.0,0.0,0.012670042,0.0109021749577151
2018-07-25 06:00:00,0.4721722972972972,0.0187647866229624,0.0,0.0,0.0,0.19581178,0.0187647866229624
2018-07-25 07:00:00,0.5225067567567568,0.029195868891332,0.0,0.0,0.0,0.33242644,0.029195868891332
2018-07-25 08:00:00,0.565920608108108,0.0273975153809713,0.0,0.0,0.0,0.43361952,0.0273975153809713
2018-07-25 09:00:00,0.6115135135135135,0.0266894570877208,0.0,0.0,0.0,0.5048843,0.0266894570877208
2018-07-25 10:00:00,0.6359712837837838,0.023493538736534,0.0,0.0,0.0,0.52614335,0.023493538736534
2018-07-25 11:00:00,0.6367516891891891,0.024158799605564,0.0,0.0,0.0,0.4963159,0.024158799605564
2018-07-25 12:00:00,0.6251266891891891,0.0231987214229844,0.0,0.0,0.0,0.41973705,0.0231987214229844
2018-07-25 13:00:00,0.6110304054054053,0.0248872850941885,0.0,0.0,0.0,0.26602894,0.0248872850941885
2018-07-25 14:00:00,0.5845202702702702,0.0200315430712445,0.0,0.0,0.0,0.022148277,0.0200315430712445
2018-07-25 15:00:00,0.5812449324324322,0.0181831437770145,0.28836358,0.0,0.28836358,0.0,0.0181831437770145
2018-07-25 16:00:00,0.6176891891891891,0.0211814809679828,0.61915182,0.0,0.61915182,0.0,0.0211814809679828
2018-07-25 17:00:00,0.6838564189189188,0.0249369253754201,0.73600507,0.0,0.73600507,0.0,0.0249369253754201
2018-07-25 18:00:00,0.7621554054054054,0.0311645166135828,0.71890709,0.0,0.71890709,0.0,0.0311645166135828
2018-07-25 19:00:00,0.7360050675675676,0.0315786530782751,0.74984797,0.0,0.74984797,0.0,0.0315786530782751
2018-07-25 20:00:00,0.7189070945945946,0.0281724478175553,0.74947466,0.0,0.74947466,0.0,0.0281724478175553
2018-07-25 21:00:00,0.749847972972973,0.0273531804259163,0.56444088,0.0,0.56444088,0.0,0.0273531804259163
2018-07-25 22:00:00,0.7494746621621622,0.0255696446577748,0.46682095,0.0,0.46682095,0.0,0.0255696446577748
2018-07-25 23:00:00,0.5644408783783783,0.0227718623130344,0.41599831,0.0,0.41599831,0.0,0.0227718623130344
2018-07-26 00:00:00,0.466820945945946,0.0169697785093626,0.40546453,0.0,0.40546453,0.0,0.0169697785093626
2018-07-26 01:00:00,0.4159983108108108,0.0114721089149995,0.39728547,0.0,0.39728547,0.0,0.0114721089149995
2018-07-26 02:00:00,0.4054645270270269,0.0080354571645661,0.40525,0.0,0.40525,0.0,0.0080354571645661
2018-07-26 03:00:00,0.397285472972973,0.0077559644715327,0.38154437,0.0,0.38154437,0.0,0.0077559644715327
2018-07-26 04:00:00,0.40525,0.0090954241635653,0.18112231,0.0,0.18112231,0.0,0.0090954241635653
2018-07-26 05:00:00,0.4242753378378379,0.0123635557761488,0.0,0.0,0.0,0.0027816708,0.0123635557761488
2018-07-26 06:00:00,0.4508513513513513,0.0201341183426388,0.0,0.0,0.0,0.15443118,0.0201341183426388
2018-07-26 07:00:00,0.5209273648648649,0.0301206176566023,0.0,0.0,0.0,0.31717511,0.0301206176566023
2018-07-26 08:00:00,0.6004780405405404,0.0299653270423071,0.0,0.0,0.0,0.41355146,0.0299653270423071
2018-07-26 09:00:00,0.6179527027027026,0.0288118747893753,0.0,0.0,0.0,0.47806883,0.0288118747893753
2018-07-26 10:00:00,0.6489560810810809,0.0261344591442583,0.0,0.0,0.0,0.49840292,0.0261344591442583
2018-07-26 11:00:00,0.646599662162162,0.027026717010683,0.0,0.0,0.0,0.44661577,0.027026717010683
2018-07-26 12:00:00,0.630393581081081,0.0255257996850737,0.0,0.0,0.0,0.37280991,0.0255257996850737
2018-07-26 13:00:00,0.630670608108108,0.0238458529449206,0.0,0.0,0.0,0.18888533,0.0238458529449206
2018-07-26 14:00:00,0.6018817567567567,0.0193031758542226,0.0038087863,0.0,0.0038087863,0.0,0.0193031758542226
2018-07-26 15:00:00,0.6272635135135134,0.0187795029895223,0.29997096,0.0,0.29997096,0.0,0.0187795029895223
2018-07-26 16:00:00,0.6188547297297297,0.0209600596318566,0.58779971,0.0,0.58779971,0.0,0.0209600596318566
2018-07-26 17:00:00,0.6764442567567567,0.0253811028271884,0.70058784,0.0,0.70058784,0.0,0.0253811028271884
2018-07-26 18:00:00,0.7216148648648649,0.028215549368754,0.73090541,0.0,0.73090541,0.0,0.028215549368754
2018-07-26 19:00:00,0.7005878378378378,0.0297852162873963,0.75290372,0.0,0.75290372,0.0,0.0297852162873963
2018-07-26 20:00:00,0.7309054054054054,0.0268629615288259,0.7454848,0.0,0.7454848,0.0,0.0268629615288259
2018-07-26 21:00:00,0.7529037162162163,0.0249376012131495,0.55263345,0.0,0.55263345,0.0,0.0249376012131495
2018-07-26 22:00:00,0.7454847972972973,0.0242821737830837,0.44260135,0.0,0.44260135,0.0,0.0242821737830837
2018-07-26 23:00:00,0.552633445945946,0.0212723304547705,0.4202027,0.0,0.4202027,0.0,0.0212723304547705
2018-07-27 00:00:00,0.4426013513513513,0.0175808709843735,0.40617736,0.0,0.40617736,0.0,0.0175808709843735
2018-07-27 01:00:00,0.4202027027027026,0.009122018378221,0.4010777,0.0,0.4010777,0.0,0.009122018378221
2018-07-27 02:00:00,0.4061773648648649,0.0085286666436094,0.40359797,0.0,0.40359797,0.0,0.0085286666436094
2018-07-27 03:00:00,0.4010777027027027,0.0080521503564846,0.38622672,0.0,0.38622672,0.0,0.0080521503564846
2018-07-27 04:00:00,0.403597972972973,0.0101258570537855,0.19911879,0.0,0.19911879,0.0,0.0101258570537855
2018-07-27 05:00:00,0.4221824324324325,0.0140517308406585,0.017946527,0.0,0.017946527,0.0,0.0140517308406585
2018-07-27 06:00:00,0.4475861486486486,0.0202429789049174,0.0,0.0,0.0,0.15364246,0.0202429789049174
2018-07-27 07:00:00,0.5133614864864866,0.0313904660624966,0.0,0.0,0.0,0.27135908,0.0313904660624966
2018-07-27 08:00:00,0.5664662162162162,0.0334606415076609,0.0,0.0,0.0,0.34856993,0.0334606415076609
2018-07-27 09:00:00,0.630295608108108,0.032202282343168,0.0,0.0,0.0,0.43827155,0.032202282343168
2018-07-27 10:00:00,0.6561131756756756,0.0291990115367742,0.0,0.0,0.0,0.45395385,0.0291990115367742
2018-07-27 11:00:00,0.6355050675675674,0.0269847136957947,0.0,0.0,0.0,0.38927521,0.0269847136957947
2018-07-27 12:00:00,0.6298141891891891,0.0277163587258046,0.0,0.0,0.0,0.34621132,0.0277163587258046
2018-07-27 13:00:00,0.654152027027027,0.0242123259537401,0.0,0.0,0.0,0.17946226,0.0242123259537401
2018-07-27 14:00:00,0.5948682432432432,0.02074630905396,0.050385664,0.0,0.050385664,0.0,0.02074630905396
2018-07-27 15:00:00,0.6045337837837836,0.0185068869453865,0.31685324,0.0,0.31685324,0.0,0.0185068869453865
2018-07-27 16:00:00,0.6352956081081081,0.0204436013349185,0.59098493,0.0,0.59098493,0.0,0.0204436013349185
2018-07-27 17:00:00,0.6680320945945944,0.0262772298646145,0.73532095,0.0,0.73532095,0.0,0.0262772298646145
2018-07-27 18:00:00,0.7090202702702703,0.0283772942333658,0.75606926,0.0,0.75606926,0.0,0.0283772942333658
2018-07-27 19:00:00,0.7353209459459459,0.0307382150697596,0.76392568,0.0,0.76392568,0.0,0.0307382150697596
2018-07-27 20:00:00,0.7560692567567568,0.0293522408459943,0.71915372,0.0,0.71915372,0.0,0.0293522408459943
2018-07-27 21:00:00,0.7639256756756758,0.0261255887740586,0.56043412,0.0,0.56043412,0.0,0.0261255887740586
2018-07-27 22:00:00,0.7191537162162163,0.0250388248090849,0.45822128,0.0,0.45822128,0.0,0.0250388248090849
2018-07-27 23:00:00,0.5604341216216215,0.0221352062759053,0.41996622,0.0,0.41996622,0.0,0.0221352062759053
2018-07-28 00:00:00,0.4582212837837837,0.0164882779189828,0.40933277,0.0,0.40933277,0.0,0.0164882779189828
2018-07-28 01:00:00,0.4199662162162162,0.0106284944691553,0.39791216,0.0,0.39791216,0.0,0.0106284944691553
2018-07-28 02:00:00,0.4093327702702702,0.0092380259244891,0.40108277,0.0,0.40108277,0.0,0.0092380259244891
2018-07-28 03:00:00,0.3979121621621622,0.0101982392746146,0.39382972,0.0,0.39382972,0.0,0.0101982392746146
2018-07-28 04:00:00,0.4010827702702703,0.0125657326329277,0.20113721,0.0,0.20113721,0.0,0.0125657326329277
2018-07-28 05:00:00,0.4243716216216216,0.0148067429601655,0.0,0.0,0.0,0.012765104,0.0148067429601655
2018-07-28 06:00:00,0.4398766891891892,0.0204021724821003,0.0,0.0,0.0,0.17761257,0.0204021724821003
2018-07-28 07:00:00,0.4741908783783785,0.0271576098829432,0.0,0.0,0.0,0.29259957,0.0271576098829432
2018-07-28 08:00:00,0.5359222972972972,0.0318632145542795,0.0,0.0,0.0,0.3695556,0.0318632145542795
2018-07-28 09:00:00,0.6037010135135134,0.0341728899948342,0.0,0.0,0.0,0.38332227,0.0341728899948342
2018-07-28 10:00:00,0.6447331081081081,0.0340865010370613,0.0,0.0,0.0,0.39118875,0.0340865010370613
2018-07-28 11:00:00,0.7047381756756756,0.0291850385917168,0.0,0.0,0.0,0.36806201,0.0291850385917168
2018-07-28 12:00:00,0.7090591216216215,0.0268106685845061,0.0,0.0,0.0,0.28941175,0.0268106685845061
2018-07-28 13:00:00,0.6881351351351351,0.0268997777891403,0.0,0.0,0.0,0.12200233,0.0268997777891403
2018-07-28 14:00:00,0.6636233108108108,0.0245765686980524,0.12925491,0.0,0.12925491,0.0,0.0245765686980524
2018-07-28 15:00:00,0.6701554054054053,0.0225820701826485,0.3799416,0.0,0.3799416,0.0,0.0225820701826485
2018-07-28 16:00:00,0.7136655405405404,0.0225971582599594,0.63571949,0.0,0.63571949,0.0,0.0225971582599594
2018-07-28 17:00:00,0.7286131756756756,0.0253149383134707,0.72240034,0.0,0.72240034,0.0,0.0253149383134707
2018-07-28 18:00:00,0.750660472972973,0.0321151161720062,0.74039865,0.0,0.74039865,0.0,0.0321151161720062
2018-07-28 19:00:00,0.7224003378378379,0.0298849023524971,0.81379054,0.0,0.81379054,0.0,0.0298849023524971
2018-07-28 20:00:00,0.7403986486486486,0.0315500651423173,0.78816385,0.0,0.78816385,0.0,0.0315500651423173
2018-07-28 21:00:00,0.8137905405405406,0.0280393584726741,0.59929899,0.0,0.59929899,0.0,0.0280393584726741
2018-07-28 22:00:00,0.7881638513513514,0.0266386847782925,0.46142568,0.0,0.46142568,0.0,0.0266386847782925
2018-07-28 23:00:00,0.5992989864864865,0.0227472618196807,0.42248986,0.0,0.42248986,0.0,0.0227472618196807
2018-07-29 00:00:00,0.4614256756756757,0.0167509929403814,0.40954561,0.0,0.40954561,0.0,0.0167509929403814
2018-07-29 01:00:00,0.4224898648648648,0.0114409358997265,0.39785304,0.0,0.39785304,0.0,0.0114409358997265
2018-07-29 02:00:00,0.4095456081081081,0.0081926232285605,0.40315878,0.0,0.40315878,0.0,0.0081926232285605
2018-07-29 03:00:00,0.3978530405405405,0.0098866442894302,0.3940291,0.0,0.3940291,0.0,0.0098866442894302
2018-07-29 04:00:00,0.4031587837837838,0.011643366195654,0.25983777,0.0,0.25983777,0.0,0.011643366195654
2018-07-29 05:00:00,0.4233412162162162,0.013531470956492,0.0,0.0,0.0,0.0011541283,0.013531470956492
2018-07-29 06:00:00,0.4506537162162162,0.0170926964964149,0.0,0.0,0.0,0.16798418,0.0170926964964149
2018-07-29 07:00:00,0.4765371621621622,0.0253574822985425,0.0,0.0,0.0,0.25598695,0.0253574822985425
2018-07-29 08:00:00,0.5331402027027026,0.0309331942547192,0.0,0.0,0.0,0.29331576,0.0309331942547192
2018-07-29 09:00:00,0.6261452702702702,0.034205397789623,0.0,0.0,0.0,0.3625834,0.034205397789623
2018-07-29 10:00:00,0.6692837837837836,0.0325024218788376,0.0,0.0,0.0,0.38626942,0.0325024218788376
2018-07-29 11:00:00,0.6729189189189189,0.0282818659459608,0.0,0.0,0.0,0.34205977,0.0282818659459608
2018-07-29 12:00:00,0.6618614864864865,0.0271950343972141,0.0,0.0,0.0,0.28119793,0.0271950343972141
2018-07-29 13:00:00,0.6955168918918918,0.0289712204300473,0.0,0.0,0.0,0.14560242,0.0289712204300473
2018-07-29 14:00:00,0.6537111486486487,0.0245081908157706,0.10281331,0.0,0.10281331,0.0,0.0245081908157706
2018-07-29 15:00:00,0.631001689189189,0.0252607023356786,0.37266658,0.0,0.37266658,0.0,0.0252607023356786
2018-07-29 16:00:00,0.6784324324324325,0.021838276969451,0.61123974,0.0,0.61123974,0.0,0.021838276969451
2018-07-29 17:00:00,0.7126385135135135,0.0253911221215283,0.71975,0.0,0.71975,0.0,0.0253911221215283
2018-07-29 18:00:00,0.7213648648648648,0.0309398005685251,0.74900507,0.0,0.74900507,0.0,0.0309398005685251
2018-07-29 19:00:00,0.71975,0.0331054380929809,0.78712669,0.0,0.78712669,0.0,0.0331054380929809
2018-07-29 20:00:00,0.7490050675675675,0.0299081342744485,0.76859459,0.0,0.76859459,0.0,0.0299081342744485
2018-07-29 21:00:00,0.7871266891891893,0.0278647557952588,0.58394257,0.0,0.58394257,0.0,0.0278647557952588
2018-07-29 22:00:00,0.7685945945945947,0.0267958170504004,0.48106419,0.0,0.48106419,0.0,0.0267958170504004
2018-07-29 23:00:00,0.5839425675675675,0.0216844731981608,0.42088176,0.0,0.42088176,0.0,0.0216844731981608
2018-07-30 00:00:00,0.4810641891891892,0.016301408786777,0.40351351,0.0,0.40351351,0.0,0.016301408786777
2018-07-30 01:00:00,0.4208817567567567,0.0099944741991714,0.39891047,0.0,0.39891047,0.0,0.0099944741991714
2018-07-30 02:00:00,0.4035135135135135,0.0087986638165433,0.40202703,0.0,0.40202703,0.0,0.0087986638165433
2018-07-30 03:00:00,0.398910472972973,0.0092294427853244,0.3940174,0.0,0.3940174,0.0,0.0092294427853244
2018-07-30 04:00:00,0.4020270270270271,0.0099295261933667,0.27219019,0.0,0.27219019,0.0,0.0099295261933667
2018-07-30 05:00:00,0.4194222972972973,0.0149606481071152,0.040089507,0.0,0.040089507,0.0,0.0149606481071152
2018-07-30 06:00:00,0.455883445945946,0.0239779116372643,0.0,0.0,0.0,0.15156604,0.0239779116372643
2018-07-30 07:00:00,0.5133057432432433,0.0334744454932859,0.0,0.0,0.0,0.21160356,0.0334744454932859
2018-07-30 08:00:00,0.549858108108108,0.0357216059438623,0.0,0.0,0.0,0.32877645,0.0357216059438623
2018-07-30 09:00:00,0.6170979729729729,0.0332778949856051,0.0,0.0,0.0,0.3477431,0.0332778949856051
2018-07-30 10:00:00,0.6565152027027027,0.0284915108096507,0.0,0.0,0.0,0.39148489,0.0284915108096507
2018-07-30 11:00:00,0.7034729729729727,0.0267107628721431,0.0,0.0,0.0,0.3611576,0.0267107628721431
2018-07-30 12:00:00,0.668108108108108,0.026479457409223,0.0,0.0,0.0,0.28705193,0.026479457409223
2018-07-30 13:00:00,0.6250658783783782,0.023173428195958,0.0,0.0,0.0,0.12424625,0.023173428195958
2018-07-30 14:00:00,0.5992652027027027,0.0209760769860457,0.097504514,0.0,0.097504514,0.0,0.0209760769860457
2018-07-30 15:00:00,0.6081756756756755,0.0180467090353724,0.41495206,0.0,0.41495206,0.0,0.0180467090353724
2018-07-30 16:00:00,0.6337212837837837,0.0197500397609659,0.66391388,0.0,0.66391388,0.0,0.0197500397609659
2018-07-30 17:00:00,0.7256908783783783,0.0250037319349807,0.77657939,0.0,0.77657939,0.0,0.0250037319349807
2018-07-30 18:00:00,0.7561993243243244,0.0301081653464364,0.75283446,0.0,0.75283446,0.0,0.0301081653464364
2018-07-30 19:00:00,0.7765793918918918,0.0319799824179934,0.75109291,0.0,0.75109291,0.0,0.0319799824179934
2018-07-30 20:00:00,0.7528344594594594,0.0305282153912617,0.73430236,0.0,0.73430236,0.0,0.0305282153912617
2018-07-30 21:00:00,0.7510929054054054,0.0290034578897444,0.58430405,0.0,0.58430405,0.0,0.0290034578897444
2018-07-30 22:00:00,0.734302364864865,0.0248817094329201,0.46279561,0.0,0.46279561,0.0,0.0248817094329201
2018-07-30 23:00:00,0.584304054054054,0.021332851723447,0.41595101,0.0,0.41595101,0.0,0.021332851723447
2018-07-31 00:00:00,0.4627956081081081,0.0167541862736533,0.40709797,0.0,0.40709797,0.0,0.0167541862736533
2018-07-31 01:00:00,0.4159510135135135,0.0108200099857516,0.40574831,0.0,0.40574831,0.0,0.0108200099857516
2018-07-31 02:00:00,0.4070979729729729,0.0080749936717415,0.40445777,0.0,0.40445777,0.0,0.0080749936717415
2018-07-31 03:00:00,0.4057483108108108,0.0089526872350955,0.39168837,0.0,0.39168837,0.0,0.0089526872350955
2018-07-31 04:00:00,0.4044577702702702,0.0114425748062205,0.21740686,0.0,0.21740686,0.0,0.0114425748062205
2018-07-31 05:00:00,0.4156807432432433,0.0156702439312001,0.047761748,0.0,0.047761748,0.0,0.0156702439312001
2018-07-31 06:00:00,0.4467179054054053,0.0235220252968324,0.0,0.0,0.0,0.10274585,0.0235220252968324
2018-07-31 07:00:00,0.5201858108108108,0.0349053460301194,0.0,0.0,0.0,0.24130731,0.0349053460301194
2018-07-31 08:00:00,0.594581081081081,0.0367898857469342,0.0,0.0,0.0,0.33518766,0.0367898857469342
2018-07-31 09:00:00,0.6387550675675675,0.0355607903561284,0.0,0.0,0.0,0.446554,0.0355607903561284
2018-07-31 10:00:00,0.6802162162162161,0.0304582323943722,0.0,0.0,0.0,0.44784844,0.0304582323943722
2018-07-31 11:00:00,0.6393378378378377,0.028616287350459,0.0,0.0,0.0,0.3902178,0.028616287350459
2018-07-31 12:00:00,0.6479375,0.0261765131469762,0.0,0.0,0.0,0.30066909,0.0261765131469762
2018-07-31 13:00:00,0.6562499999999999,0.0239172552010419,0.0,0.0,0.0,0.16268237,0.0239172552010419
2018-07-31 14:00:00,0.640410472972973,0.0208346072533188,0.05335849,0.0,0.05335849,0.0,0.0208346072533188
2018-07-31 15:00:00,0.6169476351351351,0.0190884115197319,0.37800726,0.0,0.37800726,0.0,0.0190884115197319
2018-07-31 16:00:00,0.6281402027027027,0.0218168867053124,0.63103131,0.0,0.63103131,0.0,0.0218168867053124
2018-07-31 17:00:00,0.719456081081081,0.0245211162123472,0.72001182,0.0,0.72001182,0.0,0.0245211162123472
2018-07-31 18:00:00,0.7413530405405405,0.0311608670898435,0.72988007,0.0,0.72988007,0.0,0.0311608670898435
2018-07-31 19:00:00,0.7200118243243242,0.0332264637343905,0.75971284,0.0,0.75971284,0.0,0.0332264637343905
2018-07-31 20:00:00,0.7298800675675675,0.0287722031146538,0.80221115,0.0,0.80221115,0.0,0.0287722031146538
2018-07-31 21:00:00,0.7597128378378378,0.0256147906181051,0.61341047,0.0,0.61341047,0.0,0.0256147906181051
2018-07-31 22:00:00,0.8022111486486487,0.0253013370791646,0.44740034,0.0,0.44740034,0.0,0.0253013370791646
2018-07-31 23:00:00,0.6134104729729729,0.0228461030876194,0.41002872,0.0,0.41002872,0.0,0.0228461030876194
2018-08-01 00:00:00,0.4474003378378378,0.0171650787172441,0.4061875,0.0,0.4061875,0.0,0.0171650787172441
2018-08-01 01:00:00,0.4100287162162163,0.0114670232360851,0.39866723,0.0,0.39866723,0.0,0.0114670232360851
2018-08-01 02:00:00,0.4061875,0.0086960716492057,0.40229223,0.0,0.40229223,0.0,0.0086960716492057
2018-08-01 03:00:00,0.3986672297297297,0.0099605133532642,0.38617263,0.0,0.38617263,0.0,0.0099605133532642
2018-08-01 04:00:00,0.4022922297297297,0.011582236673021,0.20106374,0.0,0.20106374,0.0,0.011582236673021
2018-08-01 05:00:00,0.4167145270270271,0.0165013215871621,0.04694331,0.0,0.04694331,0.0,0.0165013215871621
2018-08-01 06:00:00,0.4474341216216216,0.0244005298654617,0.0,0.0,0.0,0.10258702,0.0244005298654617
2018-08-01 07:00:00,0.5418614864864865,0.0357295301412405,0.0,0.0,0.0,0.25751226,0.0357295301412405
2018-08-01 08:00:00,0.616385135135135,0.0393507024877699,0.0,0.0,0.0,0.38164751,0.0393507024877699
2018-08-01 09:00:00,0.6409104729729729,0.0356531435818642,0.0,0.0,0.0,0.45190438,0.0356531435818642
2018-08-01 10:00:00,0.640679054054054,0.0325217170460144,0.0,0.0,0.0,0.47589075,0.0325217170460144
2018-08-01 11:00:00,0.6411537162162162,0.0273121232838493,0.0,0.0,0.0,0.43618112,0.0273121232838493
2018-08-01 12:00:00,0.6302939189189187,0.0247587069661518,0.0,0.0,0.0,0.35826633,0.0247587069661518
2018-08-01 13:00:00,0.6213091216216216,0.0228619007945466,0.0,0.0,0.0,0.19192775,0.0228619007945466
2018-08-01 14:00:00,0.595125,0.0205221843669158,0.039568263,0.0,0.039568263,0.0,0.0205221843669158
2018-08-01 15:00:00,0.6011097972972972,0.0191623312713956,0.37075849,0.0,0.37075849,0.0,0.0191623312713956
2018-08-01 16:00:00,0.6256317567567568,0.0212381161697147,0.60650295,0.0,0.60650295,0.0,0.0212381161697147
2018-08-01 17:00:00,0.7207162162162162,0.0249771208243817,0.72604561,0.0,0.72604561,0.0,0.0249771208243817
2018-08-01 18:00:00,0.7193969594594595,0.0308420913287832,0.73958108,0.0,0.73958108,0.0,0.0308420913287832
2018-08-01 19:00:00,0.726045608108108,0.0328132058587465,0.77221284,0.0,0.77221284,0.0,0.0328132058587465
2018-08-01 20:00:00,0.739581081081081,0.0295498895899856,0.76286486,0.0,0.76286486,0.0,0.0295498895899856
2018-08-01 21:00:00,0.7722128378378379,0.0278236141734757,0.58186824,0.0,0.58186824,0.0,0.0278236141734757
2018-08-01 22:00:00,0.7628648648648649,0.0240741509299446,0.45261993,0.0,0.45261993,0.0,0.0240741509299446
2018-08-01 23:00:00,0.5818682432432432,0.0223783895869215,0.41856419,0.0,0.41856419,0.0,0.0223783895869215
2018-08-02 00:00:00,0.4526199324324325,0.0159023266075093,0.4086098,0.0,0.4086098,0.0,0.0159023266075093
2018-08-02 01:00:00,0.4185641891891892,0.0109979918518144,0.39843412,0.0,0.39843412,0.0,0.0109979918518144
2018-08-02 02:00:00,0.4086097972972972,0.0093828579499201,0.40120946,0.0,0.40120946,0.0,0.0093828579499201
2018-08-02 03:00:00,0.3984341216216216,0.0097737287007746,0.38726702,0.0,0.38726702,0.0,0.0097737287007746
2018-08-02 04:00:00,0.4012094594594594,0.0124039708723728,0.2055756,0.0,0.2055756,0.0,0.0124039708723728
2018-08-02 05:00:00,0.4151587837837838,0.0167114057453761,0.31326225,0.0,0.31326225,0.0,0.0167114057453761
2018-08-02 06:00:00,0.4468597972972973,0.0260487122323284,0.33419473,0.0,0.33419473,0.0,0.0260487122323284
2018-08-02 07:00:00,0.4983597972972973,0.0356611860508452,0.063905525,0.0,0.063905525,0.0,0.0356611860508452
2018-08-02 08:00:00,0.5789543918918918,0.039666758001969,0.0,0.0,0.0,0.39361112,0.039666758001969
2018-08-02 09:00:00,0.6378344594594593,0.0338276889785505,0.0,0.0,0.0,0.45227338,0.0338276889785505
2018-08-02 10:00:00,0.6342820945945945,0.029302127478352,0.0,0.0,0.0,0.47401282,0.029302127478352
2018-08-02 11:00:00,0.646010135135135,0.0299639922627913,0.0,0.0,0.0,0.42545196,0.0299639922627913
2018-08-02 12:00:00,0.6375202702702703,0.0264993946222432,0.0,0.0,0.0,0.36648307,0.0264993946222432
2018-08-02 13:00:00,0.6379628378378378,0.0235602101285489,0.0,0.0,0.0,0.21738506,0.0235602101285489
2018-08-02 14:00:00,0.5929307432432432,0.0212802208602623,0.015088208,0.0,0.015088208,0.0,0.0212802208602623
2018-08-02 15:00:00,0.5814222972972971,0.0182408603191134,0.32130546,0.0,0.32130546,0.0,0.0182408603191134
2018-08-02 16:00:00,0.6041503378378378,0.0217329307633656,0.64048631,0.0,0.64048631,0.0,0.0217329307633656
2018-08-02 17:00:00,0.6712398648648648,0.025558848150046,0.740875,0.0,0.740875,0.0,0.025558848150046
2018-08-02 18:00:00,0.7511756756756757,0.0308511982421882,0.76061824,0.0,0.76061824,0.0,0.0308511982421882
2018-08-02 19:00:00,0.740875,0.0320184206888585,0.83401351,0.0,0.83401351,0.0,0.0320184206888585
2018-08-02 20:00:00,0.7606182432432432,0.0299627081711055,0.77704561,0.0,0.77704561,0.0,0.0299627081711055
2018-08-02 21:00:00,0.8340135135135136,0.0276928564687614,0.60428041,0.0,0.60428041,0.0,0.0276928564687614
2018-08-02 22:00:00,0.7770456081081082,0.0246717266503655,0.50124831,0.0,0.50124831,0.0,0.0246717266503655
2018-08-02 23:00:00,0.6042804054054053,0.0227645294736693,0.42013682,0.0,0.42013682,0.0,0.0227645294736693
2018-08-03 00:00:00,0.5012483108108109,0.0173362853100687,0.41756588,0.0,0.41756588,0.0,0.0173362853100687
2018-08-03 01:00:00,0.4201368243243242,0.0110245015867539,0.40002196,0.0,0.40002196,0.0,0.0110245015867539
2018-08-03 02:00:00,0.4175658783783784,0.0081413271448916,0.40048649,0.0,0.40048649,0.0,0.0081413271448916
2018-08-03 03:00:00,0.4000219594594594,0.0092288176354246,0.39123567,0.0,0.39123567,0.0,0.0092288176354246
2018-08-03 04:00:00,0.4004864864864865,0.0109599421876438,0.29835656,0.0,0.29835656,0.0,0.0109599421876438
2018-08-03 05:00:00,0.4152280405405406,0.0162461252605042,0.017855794,0.0,0.017855794,0.0,0.0162461252605042
2018-08-03 06:00:00,0.4478429054054054,0.0255331156284954,0.0,0.0,0.0,0.14077051,0.0255331156284954
2018-08-03 07:00:00,0.4991942567567567,0.036857908814408,0.0,0.0,0.0,0.27983656,0.036857908814408
2018-08-03 08:00:00,0.5706993243243242,0.0383425553466797,0.0,0.0,0.0,0.38597075,0.0383425553466797
2018-08-03 09:00:00,0.6197263513513512,0.0321411359245918,0.0,0.0,0.0,0.48085988,0.0321411359245918
2018-08-03 10:00:00,0.6467905405405404,0.0279798002727622,0.0,0.0,0.0,0.48953063,0.0279798002727622
2018-08-03 11:00:00,0.6277010135135135,0.0257893426076908,0.0,0.0,0.0,0.42706647,0.0257893426076908
2018-08-03 12:00:00,0.6343547297297296,0.0256789783064641,0.0,0.0,0.0,0.33611891,0.0256789783064641
2018-08-03 13:00:00,0.6339138513513514,0.0224029224965021,0.0,0.0,0.0,0.18005796,0.0224029224965021
2018-08-03 14:00:00,0.6207212837837838,0.0210371727167921,0.078561362,0.0,0.078561362,0.0,0.0210371727167921
2018-08-03 15:00:00,0.6133445945945944,0.0187304878581906,0.35144705,0.0,0.35144705,0.0,0.0187304878581906
2018-08-03 16:00:00,0.6577043918918919,0.0204948636267009,0.68068013,0.0,0.68068013,0.0,0.0204948636267009
2018-08-03 17:00:00,0.688847972972973,0.023955676575964,0.74901858,0.0,0.74901858,0.0,0.023955676575964
2018-08-03 18:00:00,0.7807280405405406,0.0296848205926797,0.7769375,0.0,0.7769375,0.0,0.0296848205926797
2018-08-03 19:00:00,0.7490185810810811,0.0326605679075398,0.80534291,0.0,0.80534291,0.0,0.0326605679075398
2018-08-03 20:00:00,0.7769375,0.0285183077756252,0.76951182,0.0,0.76951182,0.0,0.0285183077756252
2018-08-03 21:00:00,0.8053429054054055,0.0271132242400586,0.5858598,0.0,0.5858598,0.0,0.0271132242400586
2018-08-03 22:00:00,0.7695118243243244,0.0245121613624315,0.44539527,0.0,0.44539527,0.0,0.0245121613624315
2018-08-03 23:00:00,0.5858597972972972,0.0224055075758175,0.41902534,0.0,0.41902534,0.0,0.0224055075758175
2018-08-04 00:00:00,0.4453952702702702,0.0162931973583637,0.40565034,0.0,0.40565034,0.0,0.0162931973583637
2018-08-04 01:00:00,0.4190253378378378,0.0111196257471806,0.39865709,0.0,0.39865709,0.0,0.0111196257471806
2018-08-04 02:00:00,0.4056503378378378,0.0068486523196835,0.40149662,0.0,0.40149662,0.0,0.0068486523196835
2018-08-04 03:00:00,0.3986570945945946,0.0067874383173344,0.39479618,0.0,0.39479618,0.0,0.0067874383173344
2018-08-04 04:00:00,0.4014966216216216,0.0076790879298024,0.27089207,0.0,0.27089207,0.0,0.0076790879298024
2018-08-04 05:00:00,0.4189442567567568,0.0071091708684612,0.14298942,0.0,0.14298942,0.0,0.0071091708684612
2018-08-04 06:00:00,0.4409020270270271,0.010281958673356,0.0,0.0,0.0,0.19780443,0.010281958673356
2018-08-04 07:00:00,0.4863260135135135,0.018589119501123,0.0,0.0,0.0,0.30948727,0.018589119501123
2018-08-04 08:00:00,0.5374222972972972,0.0227614206201136,0.0,0.0,0.0,0.36502747,0.0227614206201136
2018-08-04 09:00:00,0.6186064189189189,0.0287565236793295,0.0,0.0,0.0,0.46296073,0.0287565236793295
2018-08-04 10:00:00,0.7032347972972973,0.0266560875998269,0.0,0.0,0.0,0.46448246,0.0266560875998269
2018-08-04 11:00:00,0.6798834459459459,0.0273017660706448,0.0,0.0,0.0,0.41965324,0.0273017660706448
2018-08-04 12:00:00,0.6875253378378379,0.0266389551133843,0.0,0.0,0.0,0.34433421,0.0266389551133843
2018-08-04 13:00:00,0.6826739864864865,0.0284621963481337,0.0,0.0,0.0,0.19875825,0.0284621963481337
2018-08-04 14:00:00,0.6450050675675676,0.0247257936687253,0.049583635,0.0,0.049583635,0.0,0.0247257936687253
2018-08-04 15:00:00,0.6232466216216215,0.0224379815787198,0.36199955,0.0,0.36199955,0.0,0.0224379815787198
2018-08-04 16:00:00,0.6530945945945945,0.021824827798634,0.65380723,0.0,0.65380723,0.0,0.021824827798634
2018-08-04 17:00:00,0.7167668918918918,0.0252341757047959,0.73752872,0.0,0.73752872,0.0,0.0252341757047959
2018-08-04 18:00:00,0.762991554054054,0.0300186168472781,0.76246959,0.0,0.76246959,0.0,0.0300186168472781
2018-08-04 19:00:00,0.7375287162162162,0.0307577298841988,0.83552027,0.0,0.83552027,0.0,0.0307577298841988
2018-08-04 20:00:00,0.7624695945945946,0.029604632446075,0.8384223,0.0,0.8384223,0.0,0.029604632446075
2018-08-04 21:00:00,0.8355202702702704,0.0272762363004132,0.62477534,0.0,0.62477534,0.0,0.0272762363004132
2018-08-04 22:00:00,0.8384222972972974,0.0247787962426611,0.46155574,0.0,0.46155574,0.0,0.0247787962426611
2018-08-04 23:00:00,0.6247753378378378,0.021356337084547,0.44170946,0.0,0.44170946,0.0,0.021356337084547
2018-08-05 00:00:00,0.4615557432432432,0.0175535671401018,0.40619595,0.0,0.40619595,0.0,0.0175535671401018
2018-08-05 01:00:00,0.4417094594594595,0.0116239696528175,0.39755743,0.0,0.39755743,0.0,0.0116239696528175
2018-08-05 02:00:00,0.4061959459459459,0.0076840215452277,0.40017568,0.0,0.40017568,0.0,0.0076840215452277
2018-08-05 03:00:00,0.3975574324324324,0.0071211669881598,0.39276382,0.0,0.39276382,0.0,0.0071211669881598
2018-08-05 04:00:00,0.4001756756756757,0.0080511365998904,0.20760693,0.0,0.20760693,0.0,0.0080511365998904
2018-08-05 05:00:00,0.4155726351351352,0.0095535914563343,0.0,0.0,0.0,0.014850757,0.0095535914563343
2018-08-05 06:00:00,0.4428108108108108,0.0134543578715563,0.0,0.0,0.0,0.19519059,0.0134543578715563
2018-08-05 07:00:00,0.4766621621621622,0.0202689310737301,0.0,0.0,0.0,0.29189804,0.0202689310737301
2018-08-05 08:00:00,0.5291503378378377,0.0273680826478517,0.0,0.0,0.0,0.33700282,0.0273680826478517
2018-08-05 09:00:00,0.6207854729729729,0.0287131348970959,0.0,0.0,0.0,0.42558199,0.0287131348970959
2018-08-05 10:00:00,0.7100996621621621,0.0279610288798256,0.0,0.0,0.0,0.49550562,0.0279610288798256
2018-08-05 11:00:00,0.7004763513513512,0.027492217142817,0.0,0.0,0.0,0.43755453,0.027492217142817
2018-08-05 12:00:00,0.6446587837837836,0.0284773351132746,0.0,0.0,0.0,0.35640666,0.0284773351132746
2018-08-05 13:00:00,0.6566486486486486,0.0257732069818991,0.0,0.0,0.0,0.19254217,0.0257732069818991
2018-08-05 14:00:00,0.6331266891891892,0.024655253105709,0.062820996,0.0,0.062820996,0.0,0.024655253105709
2018-08-05 15:00:00,0.6335439189189187,0.0222543395716724,0.35524208,0.0,0.35524208,0.0,0.0222543395716724
2018-08-05 16:00:00,0.6737533783783783,0.0232218688652196,0.6847761,0.0,0.6847761,0.0,0.0232218688652196
2018-08-05 17:00:00,0.7186722972972972,0.0246948571966576,0.74140203,0.0,0.74140203,0.0,0.0246948571966576
2018-08-05 18:00:00,0.7975,0.0311002275495644,0.75543243,0.0,0.75543243,0.0,0.0311002275495644
2018-08-05 19:00:00,0.7414020270270271,0.0314012625702254,0.77858784,0.0,0.77858784,0.0,0.0314012625702254
2018-08-05 20:00:00,0.7554324324324324,0.0294884897322609,0.78346622,0.0,0.78346622,0.0,0.0294884897322609
2018-08-05 21:00:00,0.7785878378378379,0.0270216313317685,0.60912162,0.0,0.60912162,0.0,0.0270216313317685
2018-08-05 22:00:00,0.7834662162162163,0.0255159831420528,0.47183277,0.0,0.47183277,0.0,0.0255159831420528
2018-08-05 23:00:00,0.6091216216216215,0.0217168965132334,0.41333615,0.0,0.41333615,0.0,0.0217168965132334
2018-08-06 00:00:00,0.4718327702702702,0.0168795710684181,0.40691723,0.0,0.40691723,0.0,0.0168795710684181
2018-08-06 01:00:00,0.4133361486486486,0.0107839371469396,0.3981875,0.0,0.3981875,0.0,0.0107839371469396
2018-08-06 02:00:00,0.4069172297297297,0.0077425828844887,0.40025169,0.0,0.40025169,0.0,0.0077425828844887
2018-08-06 03:00:00,0.3981875,0.0069985193361994,0.39099692,0.0,0.39099692,0.0,0.0069985193361994
2018-08-06 04:00:00,0.4002516891891892,0.0088783957726805,0.21095916,0.0,0.21095916,0.0,0.0088783957726805
2018-08-06 05:00:00,0.4138057432432434,0.0125916848017403,0.01007275,0.0,0.01007275,0.0,0.0125916848017403
2018-08-06 06:00:00,0.4520861486486486,0.0220135385886526,0.0,0.0,0.0,0.15332878,0.0220135385886526
2018-08-06 07:00:00,0.5118074324324325,0.0335025265509466,0.0,0.0,0.0,0.30607989,0.0335025265509466
2018-08-06 08:00:00,0.5839391891891891,0.0343953588794412,0.0,0.0,0.0,0.41013812,0.0343953588794412
2018-08-06 09:00:00,0.620876689189189,0.0296257185832351,0.0,0.0,0.0,0.45683083,0.0296257185832351
2018-08-06 10:00:00,0.6537364864864864,0.0262388084896927,0.0,0.0,0.0,0.48990871,0.0262388084896927
2018-08-06 11:00:00,0.6752027027027026,0.0251491215265387,0.0,0.0,0.0,0.45671129,0.0251491215265387
2018-08-06 12:00:00,0.6500067567567567,0.0239841969281487,0.0,0.0,0.0,0.3771281,0.0239841969281487
2018-08-06 13:00:00,0.6344189189189188,0.0234167973623498,0.0,0.0,0.0,0.22805606,0.0234167973623498
2018-08-06 14:00:00,0.6055912162162163,0.0197439403254572,0.012103025,0.0,0.012103025,0.0,0.0197439403254572
2018-08-06 15:00:00,0.5873327702702701,0.0188481343109527,0.33972011,0.0,0.33972011,0.0,0.0188481343109527
2018-08-06 16:00:00,0.6125658783783783,0.0207404123697702,0.61474993,0.0,0.61474993,0.0,0.0207404123697702
2018-08-06 17:00:00,0.6920506756756756,0.0250837680180965,0.72210135,0.0,0.72210135,0.0,0.0250837680180965
2018-08-06 18:00:00,0.7200202702702703,0.0298550134289102,0.76044257,0.0,0.76044257,0.0,0.0298550134289102
2018-08-06 19:00:00,0.7221013513513513,0.03200287642108,0.77674493,0.0,0.77674493,0.0,0.03200287642108
2018-08-06 20:00:00,0.7604425675675675,0.0285743347234006,0.77189527,0.0,0.77189527,0.0,0.0285743347234006
2018-08-06 21:00:00,0.7767449324324325,0.0259168224994171,0.59607432,0.0,0.59607432,0.0,0.0259168224994171
2018-08-06 22:00:00,0.7718952702702704,0.0255866250807283,0.46735473,0.0,0.46735473,0.0,0.0255866250807283
2018-08-06 23:00:00,0.5960743243243242,0.0202992086040116,0.4240473,0.0,0.4240473,0.0,0.0202992086040116
2018-08-07 00:00:00,0.4673547297297298,0.016180214185935,0.41119257,0.0,0.41119257,0.0,0.016180214185935
2018-08-07 01:00:00,0.4240472972972973,0.0100957991707661,0.40537162,0.0,0.40537162,0.0,0.0100957991707661
2018-08-07 02:00:00,0.4111925675675675,0.0075360299784113,0.40287838,0.0,0.40287838,0.0,0.0075360299784113
2018-08-07 03:00:00,0.4053716216216216,0.0081795964563243,0.39476213,0.0,0.39476213,0.0,0.0081795964563243
2018-08-07 04:00:00,0.4028783783783783,0.0099377545177233,0.20104554,0.0,0.20104554,0.0,0.0099377545177233
2018-08-07 05:00:00,0.4162314189189189,0.013769737548026,0.0,0.0,0.0,0.0040007069,0.013769737548026
2018-08-07 06:00:00,0.4413766891891892,0.0229771649193121,0.0,0.0,0.0,0.16597743,0.0229771649193121
2018-08-07 07:00:00,0.495035472972973,0.0339219176539856,0.0,0.0,0.0,0.26800594,0.0339219176539856
2018-08-07 08:00:00,0.5617483108108108,0.036067111087124,0.0,0.0,0.0,0.36483587,0.036067111087124
2018-08-07 09:00:00,0.639839527027027,0.0316866350515053,0.0,0.0,0.0,0.44190189,0.0316866350515053
2018-08-07 10:00:00,0.6672533783783784,0.0290261322455689,0.0,0.0,0.0,0.46118094,0.0290261322455689
2018-08-07 11:00:00,0.6576486486486486,0.0255601660336185,0.0,0.0,0.0,0.43205903,0.0255601660336185
2018-08-07 12:00:00,0.6489493243243243,0.0260752050713247,0.0,0.0,0.0,0.33818573,0.0260752050713247
2018-08-07 13:00:00,0.6304797297297297,0.0246771502481448,0.0,0.0,0.0,0.20146933,0.0246771502481448
2018-08-07 14:00:00,0.6160219594594595,0.022404544507053,0.037454399,0.0,0.037454399,0.0,0.022404544507053
2018-08-07 15:00:00,0.5889763513513512,0.0182709688899625,0.36794665,0.0,0.36794665,0.0,0.0182709688899625
2018-08-07 16:00:00,0.6174679054054054,0.0225217009774611,0.63476909,0.0,0.63476909,0.0,0.0225217009774611
2018-08-07 17:00:00,0.7034543918918917,0.0262558227045327,0.75630068,0.0,0.75630068,0.0,0.0262558227045327
2018-08-07 18:00:00,0.7302837837837838,0.0306650387395983,0.78606081,0.0,0.78606081,0.0,0.0306650387395983
2018-08-07 19:00:00,0.7563006756756756,0.0315361090932033,0.79938851,0.0,0.79938851,0.0,0.0315361090932033
2018-08-07 20:00:00,0.7860608108108108,0.0295832590778795,0.8076098,0.0,0.8076098,0.0,0.0295832590778795
2018-08-07 21:00:00,0.7993885135135136,0.0275678940725773,0.61073986,0.0,0.61073986,0.0,0.0275678940725773
2018-08-07 22:00:00,0.8076097972972973,0.0262091392133677,0.47064865,0.0,0.47064865,0.0,0.0262091392133677
2018-08-07 23:00:00,0.6107398648648648,0.023646548398492,0.42231081,0.0,0.42231081,0.0,0.023646548398492
2018-08-08 00:00:00,0.4706486486486486,0.0171213013283158,0.4155473,0.0,0.4155473,0.0,0.0171213013283158
2018-08-08 01:00:00,0.4223108108108107,0.0114181770641857,0.40041892,0.0,0.40041892,0.0,0.0114181770641857
2018-08-08 02:00:00,0.4155472972972973,0.007748445776792,0.40168919,0.0,0.40168919,0.0,0.007748445776792
2018-08-08 03:00:00,0.4004189189189189,0.0089737057884829,0.40551699,0.0,0.40551699,0.0,0.0089737057884829
2018-08-08 04:00:00,0.4016891891891892,0.0112263743165545,0.21348035,0.0,0.21348035,0.0,0.0112263743165545
2018-08-08 05:00:00,0.4240641891891892,0.015413121467013,0.0033692944,0.0,0.0033692944,0.0,0.015413121467013
2018-08-08 06:00:00,0.4480996621621621,0.0240513076146876,0.0,0.0,0.0,0.13445536,0.0240513076146876
2018-08-08 07:00:00,0.4943648648648649,0.03481130321006,0.0,0.0,0.0,0.22635967,0.03481130321006
2018-08-08 08:00:00,0.5839847972972972,0.0370604235900518,0.0,0.0,0.0,0.33473617,0.0370604235900518
2018-08-08 09:00:00,0.673295608108108,0.0301414841465005,0.0,0.0,0.0,0.44337842,0.0301414841465005
2018-08-08 10:00:00,0.6848445945945946,0.0275237956607277,0.0,0.0,0.0,0.47205106,0.0275237956607277
2018-08-08 11:00:00,0.6470692567567566,0.027500192028025,0.0,0.0,0.0,0.42895683,0.027500192028025
2018-08-08 12:00:00,0.6276841216216216,0.0259021568206871,0.0,0.0,0.0,0.35541008,0.0259021568206871
2018-08-08 13:00:00,0.624108108108108,0.0248876568049398,0.0,0.0,0.0,0.2106321,0.0248876568049398
2018-08-08 14:00:00,0.5893614864864866,0.0191183004433189,0.054454737,0.0,0.054454737,0.0,0.0191183004433189
2018-08-08 15:00:00,0.5723091216216214,0.0179665377847108,0.35251255,0.0,0.35251255,0.0,0.0179665377847108
2018-08-08 16:00:00,0.628347972972973,0.0208952805854844,0.64251197,0.0,0.64251197,0.0,0.0208952805854844
2018-08-08 17:00:00,0.6845168918918918,0.0224661978039264,0.73848142,0.0,0.73848142,0.0,0.0224661978039264
2018-08-08 18:00:00,0.7345304054054054,0.0317429999181454,0.76319426,0.0,0.76319426,0.0,0.0317429999181454
2018-08-08 19:00:00,0.7384814189189189,0.0315927611908782,0.79564358,0.0,0.79564358,0.0,0.0315927611908782
2018-08-08 20:00:00,0.7631942567567567,0.0282709342706862,0.75048818,0.0,0.75048818,0.0,0.0282709342706862
2018-08-08 21:00:00,0.7956435810810811,0.0268898091826303,0.6186723,0.0,0.6186723,0.0,0.0268898091826303
2018-08-08 22:00:00,0.7504881756756757,0.025476936617231,0.46012838,0.0,0.46012838,0.0,0.025476936617231
2018-08-08 23:00:00,0.6186722972972972,0.0210105109183636,0.41291385,0.0,0.41291385,0.0,0.0210105109183636
2018-08-09 00:00:00,0.4601283783783784,0.0157810137350647,0.40975169,0.0,0.40975169,0.0,0.0157810137350647
2018-08-09 01:00:00,0.4129138513513514,0.0110558604574025,0.39823649,0.0,0.39823649,0.0,0.0110558604574025
2018-08-09 02:00:00,0.4097516891891892,0.0084142980038354,0.40039696,0.0,0.40039696,0.0,0.0084142980038354
2018-08-09 03:00:00,0.3982364864864864,0.0102740851638074,0.39762503,0.0,0.39762503,0.0,0.0102740851638074
2018-08-09 04:00:00,0.4003969594594594,0.0124218636762611,0.25775964,0.0,0.25775964,0.0,0.0124218636762611
2018-08-09 05:00:00,0.4145118243243243,0.0151822552986171,0.024402529,0.0,0.024402529,0.0,0.0151822552986171
2018-08-09 06:00:00,0.4485320945945946,0.0257731562940694,0.0,0.0,0.0,0.14171837,0.0257731562940694
2018-08-09 07:00:00,0.4998429054054055,0.0373762594569888,0.0,0.0,0.0,0.25827551,0.0373762594569888
2018-08-09 08:00:00,0.5586368243243242,0.0385024923453651,0.0,0.0,0.0,0.31640001,0.0385024923453651
2018-08-09 09:00:00,0.6196266891891892,0.0331487254995551,0.0,0.0,0.0,0.40551107,0.0331487254995551
2018-08-09 10:00:00,0.6854662162162161,0.0283165364214839,0.0,0.0,0.0,0.43006672,0.0283165364214839
2018-08-09 11:00:00,0.6663851351351351,0.0256175784487392,0.0,0.0,0.0,0.4153935,0.0256175784487392
2018-08-09 12:00:00,0.6058260135135134,0.0255321694556741,0.0,0.0,0.0,0.19940546,0.0255321694556741
2018-08-09 13:00:00,0.6099881756756756,0.0231647436811339,0.0,0.0,0.0,0.093470609,0.0231647436811339
2018-08-09 14:00:00,0.5943564189189189,0.0191787541282224,0.29750081,0.0,0.29750081,0.0,0.0191787541282224
2018-08-09 15:00:00,0.5918665540540539,0.0187179510683084,0.50175558,0.0,0.50175558,0.0,0.0187179510683084
2018-08-09 16:00:00,0.6201503378378378,0.0207622419284329,0.65330011,0.0,0.65330011,0.0,0.0207622419284329
2018-08-09 17:00:00,0.694089527027027,0.0240193573860257,0.73798986,0.0,0.73798986,0.0,0.0240193573860257
2018-08-09 18:00:00,0.7120523648648649,0.0292433802837156,0.78188176,0.0,0.78188176,0.0,0.0292433802837156
2018-08-09 19:00:00,0.7379898648648647,0.0296807486703595,0.81830574,0.0,0.81830574,0.0,0.0296807486703595
2018-08-09 20:00:00,0.7818817567567568,0.0289676046981945,0.78233953,0.0,0.78233953,0.0,0.0289676046981945
2018-08-09 21:00:00,0.8183057432432432,0.0275145704757201,0.55640034,0.0,0.55640034,0.0,0.0275145704757201
2018-08-09 22:00:00,0.782339527027027,0.0260073002754534,0.43138176,0.0,0.43138176,0.0,0.0260073002754534
2018-08-09 23:00:00,0.5564003378378378,0.02319128720796,0.41794932,0.0,0.41794932,0.0,0.02319128720796
2018-08-10 00:00:00,0.4313817567567568,0.0166778335061635,0.40750676,0.0,0.40750676,0.0,0.0166778335061635
2018-08-10 01:00:00,0.4179493243243243,0.0105990110482061,0.40104392,0.0,0.40104392,0.0,0.0105990110482061
2018-08-10 02:00:00,0.4075067567567567,0.007268077214609,0.40109966,0.0,0.40109966,0.0,0.007268077214609
2018-08-10 03:00:00,0.4010439189189189,0.0087086253350311,0.39965331,0.0,0.39965331,0.0,0.0087086253350311
2018-08-10 04:00:00,0.4010996621621621,0.0092019530856773,0.22043533,0.0,0.22043533,0.0,0.0092019530856773
2018-08-10 05:00:00,0.4140878378378378,0.0141821675224512,0.030862448,0.0,0.030862448,0.0,0.0141821675224512
2018-08-10 06:00:00,0.4439256756756756,0.0217795973585875,0.0,0.0,0.0,0.12631007,0.0217795973585875
2018-08-10 07:00:00,0.5061317567567568,0.0318353531438811,0.0,0.0,0.0,0.26304062,0.0318353531438811
2018-08-10 08:00:00,0.5758749999999999,0.0311846565779216,0.0,0.0,0.0,0.3483525,0.0311846565779216
2018-08-10 09:00:00,0.6186216216216216,0.0265822523278796,0.0,0.0,0.0,0.41098717,0.0265822523278796
2018-08-10 10:00:00,0.6563412162162162,0.0248684461174788,0.0,0.0,0.0,0.44680096,0.0248684461174788
2018-08-10 11:00:00,0.6635456081081079,0.0225943535333821,0.0,0.0,0.0,0.42230627,0.0225943535333821
2018-08-10 12:00:00,0.6360912162162162,0.0242860598500283,0.0,0.0,0.0,0.33378648,0.0242860598500283
2018-08-10 13:00:00,0.6051418918918918,0.0229919657655882,0.0,0.0,0.0,0.14199979,0.0229919657655882
2018-08-10 14:00:00,0.5887381756756757,0.0200377438824125,0.080693707,0.0,0.080693707,0.0,0.0200377438824125
2018-08-10 15:00:00,0.6187094594594593,0.018651735866761,0.36217417,0.0,0.36217417,0.0,0.018651735866761
2018-08-10 16:00:00,0.6344239864864863,0.0206948609068021,0.62520603,0.0,0.62520603,0.0,0.0206948609068021
2018-08-10 17:00:00,0.6798412162162161,0.0244620142029028,0.72422804,0.0,0.72422804,0.0,0.0244620142029028
2018-08-10 18:00:00,0.7093243243243244,0.028706815814325,0.73014865,0.0,0.73014865,0.0,0.028706815814325
2018-08-10 19:00:00,0.7242280405405405,0.0297651101149439,0.80098818,0.0,0.80098818,0.0,0.0297651101149439
2018-08-10 20:00:00,0.7301486486486486,0.0276491466636062,0.80705236,0.0,0.80705236,0.0,0.0276491466636062
2018-08-10 21:00:00,0.8009881756756758,0.0251957712258173,0.57061655,0.0,0.57061655,0.0,0.0251957712258173
2018-08-10 22:00:00,0.8070523648648649,0.0254790992979654,0.45288682,0.0,0.45288682,0.0,0.0254790992979654
2018-08-10 23:00:00,0.570616554054054,0.0218142002503377,0.42535473,0.0,0.42535473,0.0,0.0218142002503377
2018-08-11 00:00:00,0.4528868243243243,0.0166280073695563,0.4192973,0.0,0.4192973,0.0,0.0166280073695563
2018-08-11 01:00:00,0.4253547297297296,0.0105009638895994,0.40503716,0.0,0.40503716,0.0,0.0105009638895994
2018-08-11 02:00:00,0.4192972972972973,0.007354466172382,0.41777534,0.0,0.41777534,0.0,0.007354466172382
2018-08-11 03:00:00,0.4050371621621622,0.0076329113169345,0.40390895,0.0,0.40390895,0.0,0.0076329113169345
2018-08-11 04:00:00,0.4177753378378378,0.0070304864608045,0.21571987,0.0,0.21571987,0.0,0.0070304864608045
2018-08-11 05:00:00,0.4185337837837838,0.0079881485235013,0.0,0.0,0.0,0.0049291862,0.0079881485235013
2018-08-11 06:00:00,0.4435084459459459,0.0102370323602876,0.0,0.0,0.0,0.19171395,0.0102370323602876
2018-08-11 07:00:00,0.479410472972973,0.0163340517491117,0.0,0.0,0.0,0.27248733,0.0163340517491117
2018-08-11 08:00:00,0.5229594594594593,0.0219852885715596,0.0,0.0,0.0,0.31973769,0.0219852885715596
2018-08-11 09:00:00,0.6223023648648648,0.0257016695582319,0.0,0.0,0.0,0.39288839,0.0257016695582319
2018-08-11 10:00:00,0.6986283783783783,0.0270290824427361,0.0,0.0,0.0,0.3964172,0.0270290824427361
2018-08-11 11:00:00,0.6920236486486486,0.0242104842959272,0.0,0.0,0.0,0.37393344,0.0242104842959272
2018-08-11 12:00:00,0.6979239864864863,0.025299309565976,0.0,0.0,0.0,0.30196355,0.025299309565976
2018-08-11 13:00:00,0.6654020270270269,0.0258571460279025,0.0,0.0,0.0,0.14209642,0.0258571460279025
2018-08-11 14:00:00,0.6332635135135135,0.0249151634005302,0.089750588,0.0,0.089750588,0.0,0.0249151634005302
2018-08-11 15:00:00,0.6321165540540539,0.023113143470487,0.38032423,0.0,0.38032423,0.0,0.023113143470487
2018-08-11 16:00:00,0.6576908783783783,0.0223406778416155,0.69848309,0.0,0.69848309,0.0,0.0223406778416155
2018-08-11 17:00:00,0.7062449324324324,0.024488642209445,0.75832432,0.0,0.75832432,0.0,0.024488642209445
2018-08-11 18:00:00,0.7834577702702703,0.0316928865505032,0.7625,0.0,0.7625,0.0,0.0316928865505032
2018-08-11 19:00:00,0.7583243243243243,0.0309022915745381,0.80557432,0.0,0.80557432,0.0,0.0309022915745381
2018-08-11 20:00:00,0.7625,0.0281604348019136,0.79117568,0.0,0.79117568,0.0,0.0281604348019136
2018-08-11 21:00:00,0.8055743243243243,0.0301699031230259,0.58025845,0.0,0.58025845,0.0,0.0301699031230259
2018-08-11 22:00:00,0.7911756756756757,0.0262926727567333,0.46256081,0.0,0.46256081,0.0,0.0262926727567333
2018-08-11 23:00:00,0.5802584459459459,0.0227603223838031,0.40924155,0.0,0.40924155,0.0,0.0227603223838031
2018-08-12 00:00:00,0.4625608108108108,0.0162970158415353,0.40585811,0.0,0.40585811,0.0,0.0162970158415353
2018-08-12 01:00:00,0.409241554054054,0.0106908236037583,0.40541385,0.0,0.40541385,0.0,0.0106908236037583
2018-08-12 02:00:00,0.4058581081081081,0.0071075319619672,0.40777872,0.0,0.40777872,0.0,0.0071075319619672
2018-08-12 03:00:00,0.4054138513513513,0.0072018282211751,0.41625507,0.0,0.41625507,0.0,0.0072018282211751
2018-08-12 04:00:00,0.4077787162162162,0.0064283319397663,0.22648516,0.0,0.22648516,0.0,0.0064283319397663
2018-08-12 05:00:00,0.4162550675675676,0.0093400267338134,0.00024412601,0.0,0.00024412601,0.0,0.0093400267338134
2018-08-12 06:00:00,0.4404273648648648,0.0116037790006485,0.0,0.0,0.0,0.16443609,0.0116037790006485
2018-08-12 07:00:00,0.4686334459459459,0.017755473661789,0.0,0.0,0.0,0.26291876,0.017755473661789
2018-08-12 08:00:00,0.5349645270270269,0.0251820517199084,0.0,0.0,0.0,0.32138773,0.0251820517199084
2018-08-12 09:00:00,0.6203597972972973,0.0286191934526958,0.0,0.0,0.0,0.36728884,0.0286191934526958
2018-08-12 10:00:00,0.6925219594594595,0.0273293064581218,0.0,0.0,0.0,0.42021059,0.0273293064581218
2018-08-12 11:00:00,0.7151554054054053,0.0246285913072803,0.0,0.0,0.0,0.37321673,0.0246285913072803
2018-08-12 12:00:00,0.6708885135135134,0.0267069612849149,0.0,0.0,0.0,0.2963906,0.0267069612849149
2018-08-12 13:00:00,0.6652922297297297,0.0246952120114656,0.0,0.0,0.0,0.12997277,0.0246952120114656
2018-08-12 14:00:00,0.6322043918918919,0.0243417995667686,0.10760766,0.0,0.10760766,0.0,0.0243417995667686
2018-08-12 15:00:00,0.6364543918918917,0.0218303696680159,0.39510192,0.0,0.39510192,0.0,0.0218303696680159
2018-08-12 16:00:00,0.6662618243243242,0.0228288523295742,0.6950111,0.0,0.6950111,0.0,0.0228288523295742
2018-08-12 17:00:00,0.7112770270270269,0.0256982227858115,0.7365,0.0,0.7365,0.0,0.0256982227858115
2018-08-12 18:00:00,0.7735895270270271,0.0311345263143364,0.76855574,0.0,0.76855574,0.0,0.0311345263143364
2018-08-12 19:00:00,0.7365,0.0335863135334609,0.80847466,0.0,0.80847466,0.0,0.0335863135334609
2018-08-12 20:00:00,0.7685557432432433,0.0297992568162266,0.77588345,0.0,0.77588345,0.0,0.0297992568162266
2018-08-12 21:00:00,0.8084746621621621,0.0267473087973659,0.61474831,0.0,0.61474831,0.0,0.0267473087973659
2018-08-12 22:00:00,0.775883445945946,0.025036915567499,0.46555236,0.0,0.46555236,0.0,0.025036915567499
2018-08-12 23:00:00,0.6147483108108107,0.0228553958564002,0.42935304,0.0,0.42935304,0.0,0.0228553958564002
2018-08-13 00:00:00,0.4655523648648648,0.0187054818621991,0.42596959,0.0,0.42596959,0.0,0.0187054818621991
2018-08-13 01:00:00,0.4293530405405404,0.0112317134346176,0.40929392,0.0,0.40929392,0.0,0.0112317134346176
2018-08-13 02:00:00,0.4259695945945945,0.0079239101473125,0.40586655,0.0,0.40586655,0.0,0.0079239101473125
2018-08-13 03:00:00,0.4092939189189189,0.0080304559653678,0.42113007,0.0,0.42113007,0.0,0.0080304559653678
2018-08-13 04:00:00,0.405866554054054,0.008207255115404,0.28476672,0.0,0.28476672,0.0,0.008207255115404
2018-08-13 05:00:00,0.4211300675675676,0.0117470734952452,0.060481949,0.0,0.060481949,0.0,0.0117470734952452
2018-08-13 06:00:00,0.4433175675675675,0.0204327203474736,0.0,0.0,0.0,0.14034708,0.0204327203474736
2018-08-13 07:00:00,0.5240337837837838,0.0293660786235058,0.0,0.0,0.0,0.28782432,0.0293660786235058
2018-08-13 08:00:00,0.5533682432432432,0.0314583370664813,0.0,0.0,0.0,0.37339305,0.0314583370664813
2018-08-13 09:00:00,0.590097972972973,0.0284708301751281,0.0,0.0,0.0,0.37351522,0.0284708301751281
2018-08-13 10:00:00,0.6206858108108108,0.0261545315248244,0.0,0.0,0.0,0.40869405,0.0261545315248244
2018-08-13 11:00:00,0.6870878378378378,0.0291677371458417,0.0,0.0,0.0,0.37834034,0.0291677371458417
2018-08-13 12:00:00,0.6598277027027026,0.0258389490970359,0.0,0.0,0.0,0.2842779,0.0258389490970359
2018-08-13 13:00:00,0.6410354729729729,0.0228989198061797,0.0,0.0,0.0,0.12546896,0.0228989198061797
2018-08-13 14:00:00,0.63,0.0214998681223488,0.071036553,0.0,0.071036553,0.0,0.0214998681223488
2018-08-13 15:00:00,0.6267297297297296,0.0181820962285337,0.41536593,0.0,0.41536593,0.0,0.0181820962285337
2018-08-13 16:00:00,0.6142263513513514,0.0218207896682002,0.66964036,0.0,0.66964036,0.0,0.0218207896682002
2018-08-13 17:00:00,0.7190895270270269,0.0241763544905878,0.74098142,0.0,0.74098142,0.0,0.0241763544905878
2018-08-13 18:00:00,0.7410101351351351,0.0313882526939326,0.78747973,0.0,0.78747973,0.0,0.0313882526939326
2018-08-13 19:00:00,0.7409814189189189,0.0306765786688294,0.79254561,0.0,0.79254561,0.0,0.0306765786688294
2018-08-13 20:00:00,0.7874797297297298,0.02915395005616,0.7522027,0.0,0.7522027,0.0,0.02915395005616
2018-08-13 21:00:00,0.7925456081081081,0.0275558134731627,0.55608446,0.0,0.55608446,0.0,0.0275558134731627
2018-08-13 22:00:00,0.7522027027027027,0.0246198392086835,0.45750507,0.0,0.45750507,0.0,0.0246198392086835
2018-08-13 23:00:00,0.5560844594594594,0.0225480586489115,0.44622973,0.0,0.44622973,0.0,0.0225480586489115
2018-08-14 00:00:00,0.4575050675675676,0.0156119191351445,0.41164189,0.0,0.41164189,0.0,0.0156119191351445
2018-08-14 01:00:00,0.4462297297297297,0.011399692902284,0.39963682,0.0,0.39963682,0.0,0.011399692902284
2018-08-14 02:00:00,0.4116418918918919,0.0074896168223381,0.40109291,0.0,0.40109291,0.0,0.0074896168223381
2018-08-14 03:00:00,0.3996368243243243,0.0086697308736986,0.42126014,0.0,0.42126014,0.0,0.0086697308736986
2018-08-14 04:00:00,0.4010929054054055,0.0104438218095705,0.25180918,0.0,0.25180918,0.0,0.0104438218095705
2018-08-14 05:00:00,0.4212601351351351,0.0146942835619773,0.062818692,0.0,0.062818692,0.0,0.0146942835619773
2018-08-14 06:00:00,0.4580523648648649,0.0213625716876016,0.0,0.0,0.0,0.10406592,0.0213625716876016
2018-08-14 07:00:00,0.5215287162162163,0.0313537173859552,0.0,0.0,0.0,0.23873254,0.0313537173859552
2018-08-14 08:00:00,0.5864054054054052,0.0337449664404602,0.0,0.0,0.0,0.31108714,0.0337449664404602
2018-08-14 09:00:00,0.6348766891891892,0.0298217453166756,0.0,0.0,0.0,0.40433448,0.0298217453166756
2018-08-14 10:00:00,0.679893581081081,0.0320575685893395,0.0,0.0,0.0,0.41679602,0.0320575685893395
2018-08-14 11:00:00,0.656268581081081,0.0309049442376263,0.0,0.0,0.0,0.38171417,0.0309049442376263
2018-08-14 12:00:00,0.6537179054054054,0.0302815346199954,0.0,0.0,0.0,0.31489239,0.0302815346199954
2018-08-14 13:00:00,0.6356418918918918,0.0270581603610478,0.0,0.0,0.0,0.17121483,0.0270581603610478
2018-08-14 14:00:00,0.5938699324324324,0.022615355190826,0.071040667,0.0,0.071040667,0.0,0.022615355190826
2018-08-14 15:00:00,0.577716216216216,0.0196902112259622,0.39166723,0.0,0.39166723,0.0,0.0196902112259622
2018-08-14 16:00:00,0.6104020270270271,0.0209927363860778,0.65802374,0.0,0.65802374,0.0,0.0209927363860778
2018-08-14 17:00:00,0.6890726351351351,0.0248319508800859,0.73815709,0.0,0.73815709,0.0,0.0248319508800859
2018-08-14 18:00:00,0.7231554054054053,0.0296504880360212,0.74159797,0.0,0.74159797,0.0,0.0296504880360212
2018-08-14 19:00:00,0.7381570945945946,0.0299838449960954,0.76161655,0.0,0.76161655,0.0,0.0299838449960954
2018-08-14 20:00:00,0.7415979729729729,0.0282110043600231,0.78709291,0.0,0.78709291,0.0,0.0282110043600231
2018-08-14 21:00:00,0.761616554054054,0.0279449270459203,0.62255068,0.0,0.62255068,0.0,0.0279449270459203
2018-08-14 22:00:00,0.7870929054054054,0.0261890499368584,0.44865372,0.0,0.44865372,0.0,0.0261890499368584
2018-08-14 23:00:00,0.6225506756756757,0.019720015669833,0.41465034,0.0,0.41465034,0.0,0.019720015669833
2018-08-15 00:00:00,0.4486537162162162,0.0169670075746717,0.4057027,0.0,0.4057027,0.0,0.0169670075746717
2018-08-15 01:00:00,0.4146503378378378,0.0113226980889511,0.39808446,0.0,0.39808446,0.0,0.0113226980889511
2018-08-15 02:00:00,0.4057027027027027,0.0074553349535094,0.40395101,0.0,0.40395101,0.0,0.0074553349535094
2018-08-15 03:00:00,0.3980844594594594,0.0074192452187543,0.42080068,0.0,0.42080068,0.0,0.0074192452187543
2018-08-15 04:00:00,0.4039510135135135,0.0081345518716535,0.31835755,0.0,0.31835755,0.0,0.0081345518716535
2018-08-15 05:00:00,0.4208006756756757,0.0110595606689715,0.078773098,0.0,0.078773098,0.0,0.0110595606689715
2018-08-15 06:00:00,0.4548716216216216,0.0204772411579042,0.0,0.0,0.0,0.091702431,0.0204772411579042
2018-08-15 07:00:00,0.5122550675675676,0.0280477050686334,0.0,0.0,0.0,0.22605419,0.0280477050686334
2018-08-15 08:00:00,0.5746976351351349,0.0298796815060367,0.0,0.0,0.0,0.35150387,0.0298796815060367
2018-08-15 09:00:00,0.6301317567567567,0.027304418733733,0.0,0.0,0.0,0.39570944,0.027304418733733
2018-08-15 10:00:00,0.6348969594594595,0.0274513120642393,0.0,0.0,0.0,0.41239799,0.0274513120642393
2018-08-15 11:00:00,0.6669273648648648,0.0254815323137916,0.0,0.0,0.0,0.39008106,0.0254815323137916
2018-08-15 12:00:00,0.662331081081081,0.0277244011947855,0.0,0.0,0.0,0.32047962,0.0277244011947855
2018-08-15 13:00:00,0.6258716216216216,0.0239720825368473,0.0,0.0,0.0,0.13554924,0.0239720825368473
2018-08-15 14:00:00,0.5869864864864864,0.0206526379446519,0.12128653,0.0,0.12128653,0.0,0.0206526379446519
2018-08-15 15:00:00,0.6034898648648648,0.0182246233176623,0.43047275,0.0,0.43047275,0.0,0.0182246233176623
2018-08-15 16:00:00,0.6435033783783783,0.0210226253096648,0.67952833,0.0,0.67952833,0.0,0.0210226253096648
2018-08-15 17:00:00,0.7051266891891891,0.0266136787823011,0.73926014,0.0,0.73926014,0.0,0.0266136787823011
2018-08-15 18:00:00,0.7266469594594595,0.0313697347401444,0.77553041,0.0,0.77553041,0.0,0.0313697347401444
2018-08-15 19:00:00,0.739260135135135,0.0341419028349368,0.80443581,0.0,0.80443581,0.0,0.0341419028349368
2018-08-15 20:00:00,0.7755304054054054,0.0291167958769809,0.7842027,0.0,0.7842027,0.0,0.0291167958769809
2018-08-15 21:00:00,0.804435810810811,0.0287232555670951,0.59702365,0.0,0.59702365,0.0,0.0287232555670951
2018-08-15 22:00:00,0.7842027027027028,0.0267213904204396,0.45889189,0.0,0.45889189,0.0,0.0267213904204396
2018-08-15 23:00:00,0.5970236486486485,0.0218158898446614,0.41428547,0.0,0.41428547,0.0,0.0218158898446614
2018-08-16 00:00:00,0.4588918918918919,0.0163965329472037,0.40644426,0.0,0.40644426,0.0,0.0163965329472037
2018-08-16 01:00:00,0.414285472972973,0.0104763465003025,0.39942399,0.0,0.39942399,0.0,0.0104763465003025
2018-08-16 02:00:00,0.4064442567567567,0.0072469572855624,0.40129561,0.0,0.40129561,0.0,0.0072469572855624
2018-08-16 03:00:00,0.3994239864864864,0.0073504956257212,0.41521115,0.0,0.41521115,0.0,0.0073504956257212
2018-08-16 04:00:00,0.4012956081081081,0.0088166579960911,0.29172494,0.0,0.29172494,0.0,0.0088166579960911
2018-08-16 05:00:00,0.4152111486486486,0.0114342113143179,0.18875197,0.0,0.18875197,0.0,0.0114342113143179
2018-08-16 06:00:00,0.4644932432432432,0.0181563637069832,0.0,0.0,0.0,0.084689197,0.0181563637069832
2018-08-16 07:00:00,0.5085641891891892,0.0277151591138345,0.0,0.0,0.0,0.20606484,0.0277151591138345
2018-08-16 08:00:00,0.5655422297297296,0.0315541877524672,0.0,0.0,0.0,0.24250941,0.0315541877524672
2018-08-16 09:00:00,0.6299628378378378,0.0270630770805299,0.0,0.0,0.0,0.36804815,0.0270630770805299
2018-08-16 10:00:00,0.6815050675675675,0.0270379697088791,0.0,0.0,0.0,0.37773472,0.0270379697088791
2018-08-16 11:00:00,0.6256233108108108,0.0253574991944856,0.0,0.0,0.0,0.31509697,0.0253574991944856
2018-08-16 12:00:00,0.6266537162162162,0.0242788283863227,0.0,0.0,0.0,0.2540556,0.0242788283863227
2018-08-16 13:00:00,0.6499712837837838,0.0227382562819351,0.0,0.0,0.0,0.086517184,0.0227382562819351
2018-08-16 14:00:00,0.6067179054054054,0.0189096017524503,0.16015737,0.0,0.16015737,0.0,0.0189096017524503
2018-08-16 15:00:00,0.6166300675675674,0.0201199257503194,0.45850666,0.0,0.45850666,0.0,0.0201199257503194
2018-08-16 16:00:00,0.6601013513513513,0.0198819632857636,0.68168313,0.0,0.68168313,0.0,0.0198819632857636
2018-08-16 17:00:00,0.7253614864864865,0.0242394777345227,0.75417568,0.0,0.75417568,0.0,0.0242394777345227
2018-08-16 18:00:00,0.7304256756756757,0.0300435214676099,0.76665203,0.0,0.76665203,0.0,0.0300435214676099
2018-08-16 19:00:00,0.7541756756756756,0.0307365592673223,0.80636486,0.0,0.80636486,0.0,0.0307365592673223
2018-08-16 20:00:00,0.766652027027027,0.0289054107311377,0.78113176,0.0,0.78113176,0.0,0.0289054107311377
2018-08-16 21:00:00,0.8063648648648649,0.0270720319304457,0.57629054,0.0,0.57629054,0.0,0.0270720319304457
2018-08-16 22:00:00,0.7811317567567568,0.0265794476013021,0.44591723,0.0,0.44591723,0.0,0.0265794476013021
2018-08-16 23:00:00,0.5762905405405404,0.0224861350169464,0.41202027,0.0,0.41202027,0.0,0.0224861350169464
2018-08-17 00:00:00,0.4459172297297298,0.0143310376783161,0.40691385,0.0,0.40691385,0.0,0.0143310376783161
2018-08-17 01:00:00,0.4120202702702702,0.010897832700303,0.39765372,0.0,0.39765372,0.0,0.010897832700303
2018-08-17 02:00:00,0.4069138513513513,0.0079037870789167,0.40178041,0.0,0.40178041,0.0,0.0079037870789167
2018-08-17 03:00:00,0.3976537162162162,0.0075331069802311,0.41848311,0.0,0.41848311,0.0,0.0075331069802311
2018-08-17 04:00:00,0.4017804054054054,0.0090012630719031,0.33951709,0.0,0.33951709,0.0,0.0090012630719031
2018-08-17 05:00:00,0.4184831081081082,0.0115720822111354,0.048521256,0.0,0.048521256,0.0,0.0115720822111354
2018-08-17 06:00:00,0.4451334459459459,0.0194811070324559,0.035204667,0.0,0.035204667,0.0,0.0194811070324559
2018-08-17 07:00:00,0.511954391891892,0.0298629207303452,0.0,0.0,0.0,0.12304613,0.0298629207303452
2018-08-17 08:00:00,0.5863597972972971,0.0319899341285602,0.0,0.0,0.0,0.29505424,0.0319899341285602
2018-08-17 09:00:00,0.6703564189189188,0.0290756035673681,0.0,0.0,0.0,0.43267983,0.0290756035673681
2018-08-17 10:00:00,0.682804054054054,0.0273643824362827,0.0,0.0,0.0,0.47567732,0.0273643824362827
2018-08-17 11:00:00,0.6635777027027026,0.0274389273378461,0.0,0.0,0.0,0.4443576,0.0274389273378461
2018-08-17 12:00:00,0.6339070945945944,0.0270908202193257,0.0,0.0,0.0,0.33354276,0.0270908202193257
2018-08-17 13:00:00,0.615581081081081,0.0249022380039536,0.0,0.0,0.0,0.1253502,0.0249022380039536
2018-08-17 14:00:00,0.615777027027027,0.0199379057538227,0.19011645,0.0,0.19011645,0.0,0.0199379057538227
2018-08-17 15:00:00,0.655143581081081,0.0187064111390772,0.37712922,0.0,0.37712922,0.0,0.0187064111390772
2018-08-17 16:00:00,0.6269847972972973,0.0211862625199191,0.64331515,0.0,0.64331515,0.0,0.0211862625199191
2018-08-17 17:00:00,0.6791621621621621,0.0256599196824923,0.72882939,0.0,0.72882939,0.0,0.0256599196824923
2018-08-17 18:00:00,0.7016182432432433,0.0301482425237955,0.79247466,0.0,0.79247466,0.0,0.0301482425237955
2018-08-17 19:00:00,0.7288293918918919,0.0311902829270198,0.77322973,0.0,0.77322973,0.0,0.0311902829270198
2018-08-17 20:00:00,0.7924746621621621,0.0279630394970708,0.76070608,0.0,0.76070608,0.0,0.0279630394970708
2018-08-17 21:00:00,0.7732297297297298,0.0264578306018792,0.58194932,0.0,0.58194932,0.0,0.0264578306018792
2018-08-17 22:00:00,0.7607060810810812,0.0239853796441752,0.4670777,0.0,0.4670777,0.0,0.0239853796441752
2018-08-17 23:00:00,0.5819493243243242,0.0221388051118149,0.41542061,0.0,0.41542061,0.0,0.0221388051118149
2018-08-18 00:00:00,0.4670777027027027,0.0159304921448861,0.40695439,0.0,0.40695439,0.0,0.0159304921448861
2018-08-18 01:00:00,0.415420608108108,0.0109713807412155,0.40373142,0.0,0.40373142,0.0,0.0109713807412155
2018-08-18 02:00:00,0.4069543918918919,0.0086666220201429,0.40544595,0.0,0.40544595,0.0,0.0086666220201429
2018-08-18 03:00:00,0.4037314189189189,0.0074778572458447,0.41622297,0.0,0.41622297,0.0,0.0074778572458447
2018-08-18 04:00:00,0.4054459459459459,0.0088794433211614,0.34836527,0.0,0.34836527,0.0,0.0088794433211614
2018-08-18 05:00:00,0.416222972972973,0.0117633780804694,0.19377932,0.0,0.19377932,0.0,0.0117633780804694
2018-08-18 06:00:00,0.4424932432432432,0.0160091765525427,0.0,0.0,0.0,0.15051344,0.0160091765525427
2018-08-18 07:00:00,0.4727702702702703,0.0229381859782634,0.0,0.0,0.0,0.21502834,0.0229381859782634
2018-08-18 08:00:00,0.5310861486486486,0.0289110708721221,0.0,0.0,0.0,0.28442681,0.0289110708721221
2018-08-18 09:00:00,0.6582280405405404,0.0284680085526075,0.0,0.0,0.0,0.34392646,0.0284680085526075
2018-08-18 10:00:00,0.7067347972972972,0.0292061247288771,0.0,0.0,0.0,0.41846954,0.0292061247288771
2018-08-18 11:00:00,0.718581081081081,0.0260038703989763,0.0,0.0,0.0,0.33232449,0.0260038703989763
2018-08-18 12:00:00,0.6522702702702703,0.0260445220384054,0.0,0.0,0.0,0.24298593,0.0260445220384054
2018-08-18 13:00:00,0.6603091216216216,0.0275459969301416,0.0,0.0,0.0,0.072254832,0.0275459969301416
2018-08-18 14:00:00,0.6370777027027027,0.0216261315061621,0.18538967,0.0,0.18538967,0.0,0.0216261315061621
2018-08-18 15:00:00,0.6401722972972972,0.0219515135810282,0.47893517,0.0,0.47893517,0.0,0.0219515135810282
2018-08-18 16:00:00,0.684706081081081,0.0219053538641035,0.70072122,0.0,0.70072122,0.0,0.0219053538641035
2018-08-18 17:00:00,0.736662162162162,0.0247067857325831,0.71826351,0.0,0.71826351,0.0,0.0247067857325831
2018-08-18 18:00:00,0.7404003378378379,0.0298328290554394,0.74061486,0.0,0.74061486,0.0,0.0298328290554394
2018-08-18 19:00:00,0.7182635135135135,0.0308342854030074,0.77978547,0.0,0.77978547,0.0,0.0308342854030074
2018-08-18 20:00:00,0.7406148648648647,0.0293040198239948,0.77857264,0.0,0.77857264,0.0,0.0293040198239948
2018-08-18 21:00:00,0.779785472972973,0.0279350598150696,0.59715203,0.0,0.59715203,0.0,0.0279350598150696
2018-08-18 22:00:00,0.7785726351351352,0.0245708240773517,0.45935642,0.0,0.45935642,0.0,0.0245708240773517
2018-08-18 23:00:00,0.597152027027027,0.0230375003326129,0.42174155,0.0,0.42174155,0.0,0.0230375003326129
2018-08-19 00:00:00,0.459356418918919,0.0156636038255078,0.40466723,0.0,0.40466723,0.0,0.0156636038255078
2018-08-19 01:00:00,0.421741554054054,0.0111620514606497,0.39724662,0.0,0.39724662,0.0,0.0111620514606497
2018-08-19 02:00:00,0.4046672297297298,0.0086341142253541,0.40125,0.0,0.40125,0.0,0.0086341142253541
2018-08-19 03:00:00,0.3972466216216216,0.0088901384532306,0.41728885,0.0,0.41728885,0.0,0.0088901384532306
2018-08-19 04:00:00,0.40125,0.0107135655433558,0.42269851,0.0,0.42269851,0.0,0.0107135655433558
2018-08-19 05:00:00,0.4172888513513513,0.0131865402753001,0.33824332,0.0,0.33824332,0.0,0.0131865402753001
2018-08-19 06:00:00,0.4414273648648649,0.0173612575141735,0.25256738,0.0,0.25256738,0.0,0.0173612575141735
2018-08-19 07:00:00,0.4647753378378379,0.0233380284749769,0.19717738,0.0,0.19717738,0.0,0.0233380284749769
2018-08-19 08:00:00,0.5268344594594593,0.0320688719753654,0.0,0.0,0.0,0.10907494,0.0320688719753654
2018-08-19 09:00:00,0.6671756756756756,0.036540788855785,0.0,0.0,0.0,0.41692187,0.036540788855785
2018-08-19 10:00:00,0.7097989864864865,0.0333912329728416,0.0,0.0,0.0,0.45679277,0.0333912329728416
2018-08-19 11:00:00,0.7009070945945945,0.0311136260325516,0.0,0.0,0.0,0.39449751,0.0311136260325516
2018-08-19 12:00:00,0.6725506756756756,0.0280504253154947,0.0,0.0,0.0,0.27844082,0.0280504253154947
2018-08-19 13:00:00,0.6734070945945945,0.0266147094348385,0.0,0.0,0.0,0.17002852,0.0266147094348385
2018-08-19 14:00:00,0.6750405405405405,0.0236280811325337,0.12887413,0.0,0.12887413,0.0,0.0236280811325337
2018-08-19 15:00:00,0.6078395270270269,0.0217687839549156,0.44452653,0.0,0.44452653,0.0,0.0217687839549156
2018-08-19 16:00:00,0.6749121621621621,0.0235415232153284,0.70245358,0.0,0.70245358,0.0,0.0235415232153284
2018-08-19 17:00:00,0.7292077702702702,0.0273133904795922,0.74686318,0.0,0.74686318,0.0,0.0273133904795922
2018-08-19 18:00:00,0.7506621621621622,0.0304403057985974,0.77504054,0.0,0.77504054,0.0,0.0304403057985974
2018-08-19 19:00:00,0.7468631756756757,0.0340472517609208,0.82145439,0.0,0.82145439,0.0,0.0340472517609208
2018-08-19 20:00:00,0.7750405405405405,0.033048448076441,0.79830236,0.0,0.79830236,0.0,0.033048448076441
2018-08-19 21:00:00,0.821454391891892,0.0295742028523042,0.62723818,0.0,0.62723818,0.0,0.0295742028523042
2018-08-19 22:00:00,0.7983023648648648,0.025186292601661,0.48140034,0.0,0.48140034,0.0,0.025186292601661
2018-08-19 23:00:00,0.6272381756756756,0.0226242255610257,0.43237669,0.0,0.43237669,0.0,0.0226242255610257
2018-08-20 00:00:00,0.4814003378378378,0.0170016780501949,0.40500338,0.0,0.40500338,0.0,0.0170016780501949
2018-08-20 01:00:00,0.4323766891891892,0.0118613407593599,0.39922973,0.0,0.39922973,0.0,0.0118613407593599
2018-08-20 02:00:00,0.4050033783783784,0.0089264985230776,0.39997466,0.0,0.39997466,0.0,0.0089264985230776
2018-08-20 03:00:00,0.3992297297297297,0.0102706552873302,0.41458108,0.0,0.41458108,0.0,0.0102706552873302
2018-08-20 04:00:00,0.3999746621621621,0.0121072950050669,0.26480088,0.0,0.26480088,0.0,0.0121072950050669
2018-08-20 05:00:00,0.4145810810810811,0.0155214582550514,0.098228466,0.0,0.098228466,0.0,0.0155214582550514
2018-08-20 06:00:00,0.4490996621621622,0.0218468939005021,0.0,0.0,0.0,0.087482705,0.0218468939005021
2018-08-20 07:00:00,0.5358986486486487,0.0315915784748516,0.0,0.0,0.0,0.22999077,0.0315915784748516
2018-08-20 08:00:00,0.5883462837837837,0.0346200580285556,0.0,0.0,0.0,0.34716514,0.0346200580285556
2018-08-20 09:00:00,0.6364746621621621,0.0313567924476245,0.0,0.0,0.0,0.44899739,0.0313567924476245
2018-08-20 10:00:00,0.6666739864864865,0.0275943024318573,0.0,0.0,0.0,0.45421439,0.0275943024318573
2018-08-20 11:00:00,0.6370152027027027,0.0275298613043499,0.0,0.0,0.0,0.38618981,0.0275298613043499
2018-08-20 12:00:00,0.6419712837837837,0.0243913384723406,0.0,0.0,0.0,0.319057,0.0243913384723406
2018-08-20 13:00:00,0.6609121621621622,0.0227764580095949,0.0,0.0,0.0,0.17038269,0.0227764580095949
2018-08-20 14:00:00,0.618793918918919,0.0209706533882664,0.090961494,0.0,0.090961494,0.0,0.0209706533882664
2018-08-20 15:00:00,0.600653716216216,0.0188904248568759,0.39125311,0.0,0.39125311,0.0,0.0188904248568759
2018-08-20 16:00:00,0.6422770270270269,0.0229610968772933,0.68754398,0.0,0.68754398,0.0,0.0229610968772933
2018-08-20 17:00:00,0.686510135135135,0.0238434030331512,0.74828378,0.0,0.74828378,0.0,0.0238434030331512
2018-08-20 18:00:00,0.7390793918918919,0.0276595376686972,0.78519764,0.0,0.78519764,0.0,0.0276595376686972
2018-08-20 19:00:00,0.7482837837837838,0.030706078985722,0.80181081,0.0,0.80181081,0.0,0.030706078985722
2018-08-20 20:00:00,0.7851976351351352,0.031159261975236,0.78435135,0.0,0.78435135,0.0,0.031159261975236
2018-08-20 21:00:00,0.8018108108108108,0.0273463713607917,0.59265709,0.0,0.59265709,0.0,0.0273463713607917
2018-08-20 22:00:00,0.7843513513513515,0.0268792492181068,0.45553885,0.0,0.45553885,0.0,0.0268792492181068
2018-08-20 23:00:00,0.5926570945945945,0.0220441033499691,0.42004899,0.0,0.42004899,0.0,0.0220441033499691
2018-08-21 00:00:00,0.4555388513513513,0.0163957557338146,0.41267061,0.0,0.41267061,0.0,0.0163957557338146
2018-08-21 01:00:00,0.4200489864864864,0.0107583060010485,0.40116047,0.0,0.40116047,0.0,0.0107583060010485
2018-08-21 02:00:00,0.4126706081081081,0.0089533292809386,0.40741892,0.0,0.40741892,0.0,0.0089533292809386
2018-08-21 03:00:00,0.4011604729729729,0.0104198802580029,0.41896284,0.0,0.41896284,0.0,0.0104198802580029
2018-08-21 04:00:00,0.4074189189189189,0.0109166378851263,0.2647721,0.0,0.2647721,0.0,0.0109166378851263
2018-08-21 05:00:00,0.4189628378378379,0.0148749011951852,0.075683279,0.0,0.075683279,0.0,0.0148749011951852
2018-08-21 06:00:00,0.4503682432432432,0.022780377868426,0.0,0.0,0.0,0.10752983,0.022780377868426
2018-08-21 07:00:00,0.5194983108108109,0.0338336701424566,0.0,0.0,0.0,0.25306746,0.0338336701424566
2018-08-21 08:00:00,0.5776216216216216,0.0343634593386091,0.0,0.0,0.0,0.32493326,0.0343634593386091
2018-08-21 09:00:00,0.6222381756756755,0.0321893738425346,0.0,0.0,0.0,0.43727848,0.0321893738425346
2018-08-21 10:00:00,0.6804679054054054,0.0311758199996086,0.0,0.0,0.0,0.47403555,0.0311758199996086
2018-08-21 11:00:00,0.6404510135135134,0.0302051818525054,0.0,0.0,0.0,0.38273865,0.0302051818525054
2018-08-21 12:00:00,0.6109527027027026,0.0285500214610819,0.0,0.0,0.0,0.31086481,0.0285500214610819
2018-08-21 13:00:00,0.6454949324324323,0.0252000290035131,0.0,0.0,0.0,0.13775866,0.0252000290035131
2018-08-21 14:00:00,0.6047668918918919,0.021963813827705,0.11457812,0.0,0.11457812,0.0,0.021963813827705
2018-08-21 15:00:00,0.6053378378378377,0.0193873683393748,0.43123621,0.0,0.43123621,0.0,0.0193873683393748
2018-08-21 16:00:00,0.6394206081081081,0.0219140890667572,0.67868605,0.0,0.67868605,0.0,0.0219140890667572
2018-08-21 17:00:00,0.7049256756756755,0.0258328834534136,0.7566402,0.0,0.7566402,0.0,0.0258328834534136
2018-08-21 18:00:00,0.7211402027027026,0.0302122274608356,0.77996959,0.0,0.77996959,0.0,0.0302122274608356
2018-08-21 19:00:00,0.7566402027027026,0.0314687111756292,0.76786486,0.0,0.76786486,0.0,0.0314687111756292
2018-08-21 20:00:00,0.7799695945945946,0.0297628460585501,0.77405743,0.0,0.77405743,0.0,0.0297628460585501
2018-08-21 21:00:00,0.7678648648648649,0.0285477911965745,0.56092905,0.0,0.56092905,0.0,0.0285477911965745
2018-08-21 22:00:00,0.7740574324324325,0.024861704636127,0.45119088,0.0,0.45119088,0.0,0.024861704636127
2018-08-21 23:00:00,0.560929054054054,0.0211568973705725,0.41167736,0.0,0.41167736,0.0,0.0211568973705725
2018-08-22 00:00:00,0.4511908783783784,0.0167408215825524,0.41088851,0.0,0.41088851,0.0,0.0167408215825524
2018-08-22 01:00:00,0.4116773648648648,0.0106161435346489,0.40240541,0.0,0.40240541,0.0,0.0106161435346489
2018-08-22 02:00:00,0.4108885135135134,0.0083819253765926,0.40046453,0.0,0.40046453,0.0,0.0083819253765926
2018-08-22 03:00:00,0.4024054054054054,0.0067066250208298,0.42090372,0.0,0.42090372,0.0,0.0067066250208298
2018-08-22 04:00:00,0.400464527027027,0.007230855451657,0.26406994,0.0,0.26406994,0.0,0.007230855451657
2018-08-22 05:00:00,0.4209037162162163,0.0108452525249483,0.25841376,0.0,0.25841376,0.0,0.0108452525249483
2018-08-22 06:00:00,0.4450675675675676,0.0182396269152571,0.031104216,0.0,0.031104216,0.0,0.0182396269152571
2018-08-22 07:00:00,0.5089864864864865,0.026144326375109,0.0,0.0,0.0,0.25366055,0.026144326375109
2018-08-22 08:00:00,0.5884712837837837,0.0293431677244758,0.0,0.0,0.0,0.36149652,0.0293431677244758
2018-08-22 09:00:00,0.6279425675675675,0.0280642293011195,0.0,0.0,0.0,0.42937754,0.0280642293011195
2018-08-22 10:00:00,0.6443361486486486,0.0274102887140588,0.0,0.0,0.0,0.46746136,0.0274102887140588
2018-08-22 11:00:00,0.651018581081081,0.0265809851321367,0.0,0.0,0.0,0.42007726,0.0265809851321367
2018-08-22 12:00:00,0.625481418918919,0.0242986642236833,0.0,0.0,0.0,0.3433077,0.0242986642236833
2018-08-22 13:00:00,0.6209679054054054,0.0228088306368377,0.0,0.0,0.0,0.15211732,0.0228088306368377
2018-08-22 14:00:00,0.5825523648648648,0.0208618604097608,0.070055131,0.0,0.070055131,0.0,0.0208618604097608
2018-08-22 15:00:00,0.5963175675675674,0.0200448401785722,0.41111385,0.0,0.41111385,0.0,0.0200448401785722
2018-08-22 16:00:00,0.5955591216216216,0.0213995738032916,0.68866959,0.0,0.68866959,0.0,0.0213995738032916
2018-08-22 17:00:00,0.6782922297297296,0.0247519823807433,0.74229054,0.0,0.74229054,0.0,0.0247519823807433
2018-08-22 18:00:00,0.7260743243243244,0.0291780774631031,0.7756098,0.0,0.7756098,0.0,0.0291780774631031
2018-08-22 19:00:00,0.7422905405405404,0.0304054156758122,0.79027027,0.0,0.79027027,0.0,0.0304054156758122
2018-08-22 20:00:00,0.7756097972972973,0.0279431698678236,0.77835811,0.0,0.77835811,0.0,0.0279431698678236
2018-08-22 21:00:00,0.7902702702702702,0.0264313208669398,0.58001689,0.0,0.58001689,0.0,0.0264313208669398
2018-08-22 22:00:00,0.7783581081081081,0.0265062543751976,0.46368412,0.0,0.46368412,0.0,0.0265062543751976
2018-08-22 23:00:00,0.5800168918918919,0.0223801805569047,0.42262838,0.0,0.42262838,0.0,0.0223801805569047
2018-08-23 00:00:00,0.4636841216216216,0.0151027429897419,0.43229392,0.0,0.43229392,0.0,0.0151027429897419
2018-08-23 01:00:00,0.4226283783783783,0.0098970859823509,0.40813682,0.0,0.40813682,0.0,0.0098970859823509
2018-08-23 02:00:00,0.4322939189189189,0.0077737221078753,0.40057432,0.0,0.40057432,0.0,0.0077737221078753
2018-08-23 03:00:00,0.4081368243243243,0.0073007708647734,0.41428209,0.0,0.41428209,0.0,0.0073007708647734
2018-08-23 04:00:00,0.4005743243243244,0.0086164748606143,0.26100441,0.0,0.26100441,0.0,0.0086164748606143
2018-08-23 05:00:00,0.4142820945945947,0.0109369806007842,0.42791126,0.0,0.42791126,0.0,0.0109369806007842
2018-08-23 06:00:00,0.4425945945945946,0.018058502403752,0.38371652,0.0,0.38371652,0.0,0.018058502403752
2018-08-23 07:00:00,0.5011841216216216,0.0276686107902155,0.29503224,0.0,0.29503224,0.0,0.0276686107902155
2018-08-23 08:00:00,0.5511249999999999,0.0307198660754037,0.0,0.0,0.0,0.080766602,0.0307198660754037
2018-08-23 09:00:00,0.6207753378378378,0.0267424089738269,0.0,0.0,0.0,0.42513682,0.0267424089738269
2018-08-23 10:00:00,0.6590878378378376,0.0271506487543294,0.0,0.0,0.0,0.47365174,0.0271506487543294
2018-08-23 11:00:00,0.670402027027027,0.0271588263908564,0.0,0.0,0.0,0.40433279,0.0271588263908564
2018-08-23 12:00:00,0.6305270270270269,0.0271112136228132,0.0,0.0,0.0,0.32248893,0.0271112136228132
2018-08-23 13:00:00,0.6383885135135136,0.0238006056089309,0.0,0.0,0.0,0.15817542,0.0238006056089309
2018-08-23 14:00:00,0.6045033783783783,0.0202295804219301,0.10620956,0.0,0.10620956,0.0,0.0202295804219301
2018-08-23 15:00:00,0.590599662162162,0.0170207873619965,0.47664569,0.0,0.47664569,0.0,0.0170207873619965
2018-08-23 16:00:00,0.6033243243243243,0.0198417509408586,0.7003546,0.0,0.7003546,0.0,0.0198417509408586
2018-08-23 17:00:00,0.6706756756756757,0.0225967527573217,0.73165203,0.0,0.73165203,0.0,0.0225967527573217
2018-08-23 18:00:00,0.7350945945945946,0.0296307704702631,0.78478547,0.0,0.78478547,0.0,0.0296307704702631
2018-08-23 19:00:00,0.7316520270270269,0.0321468467534061,0.78174662,0.0,0.78174662,0.0,0.0321468467534061
2018-08-23 20:00:00,0.7847854729729729,0.0292950311821925,0.79285642,0.0,0.79285642,0.0,0.0292950311821925
2018-08-23 21:00:00,0.7817466216216217,0.0262652844327457,0.58412838,0.0,0.58412838,0.0,0.0262652844327457
2018-08-23 22:00:00,0.792856418918919,0.0267127903853318,0.44265372,0.0,0.44265372,0.0,0.0267127903853318
2018-08-23 23:00:00,0.5841283783783783,0.0213496969788546,0.41337669,0.0,0.41337669,0.0,0.0213496969788546
2018-08-24 00:00:00,0.4426537162162163,0.0154917213949536,0.40384122,0.0,0.40384122,0.0,0.0154917213949536
2018-08-24 01:00:00,0.4133766891891892,0.0114246820023321,0.40174831,0.0,0.40174831,0.0,0.0114246820023321
2018-08-24 02:00:00,0.4038412162162162,0.0082794683768007,0.40587669,0.0,0.40587669,0.0,0.0082794683768007
2018-08-24 03:00:00,0.4017483108108108,0.0078543326530609,0.41746115,0.0,0.41746115,0.0,0.0078543326530609
2018-08-24 04:00:00,0.4058766891891892,0.0080473857004917,0.27399394,0.0,0.27399394,0.0,0.0080473857004917
2018-08-24 05:00:00,0.4174611486486487,0.0119135323280203,0.34855085,0.0,0.34855085,0.0,0.0119135323280203
2018-08-24 06:00:00,0.454277027027027,0.0193855266815618,0.16954271,0.0,0.16954271,0.0,0.0193855266815618
2018-08-24 07:00:00,0.5185608108108108,0.0282526190682168,0.0,0.0,0.0,0.12911996,0.0282526190682168
2018-08-24 08:00:00,0.596135135135135,0.033695985101015,0.0,0.0,0.0,0.36242977,0.033695985101015
2018-08-24 09:00:00,0.6101503378378378,0.029947738365397,0.0,0.0,0.0,0.43223155,0.029947738365397
2018-08-24 10:00:00,0.6514577702702703,0.0305428979659351,0.0,0.0,0.0,0.45869098,0.0305428979659351
2018-08-24 11:00:00,0.6556317567567567,0.0288876530947952,0.0,0.0,0.0,0.40474037,0.0288876530947952
2018-08-24 12:00:00,0.6344459459459459,0.0251629255121636,0.0,0.0,0.0,0.31047007,0.0251629255121636
2018-08-24 13:00:00,0.6248733108108108,0.0235911634965598,0.0,0.0,0.0,0.1234471,0.0235911634965598
2018-08-24 14:00:00,0.6010489864864865,0.0199189822973968,0.11996064,0.0,0.11996064,0.0,0.0199189822973968
2018-08-24 15:00:00,0.6102787162162161,0.0184937250056046,0.44532493,0.0,0.44532493,0.0,0.0184937250056046
2018-08-24 16:00:00,0.628733108108108,0.020278527969489,0.70877567,0.0,0.70877567,0.0,0.020278527969489
2018-08-24 17:00:00,0.7009983108108108,0.024885612395808,0.73812162,0.0,0.73812162,0.0,0.024885612395808
2018-08-24 18:00:00,0.7393175675675676,0.0293945651838041,0.75032264,0.0,0.75032264,0.0,0.0293945651838041
2018-08-24 19:00:00,0.7381216216216215,0.0302739483414818,0.8093277,0.0,0.8093277,0.0,0.0302739483414818
2018-08-24 20:00:00,0.7503226351351351,0.0289559464973607,0.78272635,0.0,0.78272635,0.0,0.0289559464973607
2018-08-24 21:00:00,0.8093277027027028,0.0260773508561158,0.58998986,0.0,0.58998986,0.0,0.0260773508561158
2018-08-24 22:00:00,0.7827263513513515,0.0247893899990709,0.50765541,0.0,0.50765541,0.0,0.0247893899990709
2018-08-24 23:00:00,0.5899898648648648,0.0230115819556868,0.43490878,0.0,0.43490878,0.0,0.0230115819556868
2018-08-25 00:00:00,0.5076554054054054,0.0167082124121043,0.41286993,0.0,0.41286993,0.0,0.0167082124121043
2018-08-25 01:00:00,0.4349087837837837,0.0105685814544355,0.39802365,0.0,0.39802365,0.0,0.0105685814544355
2018-08-25 02:00:00,0.4128699324324324,0.0088338918581934,0.40225,0.0,0.40225,0.0,0.0088338918581934
2018-08-25 03:00:00,0.3980236486486486,0.008927883990423,0.42654392,0.0,0.42654392,0.0,0.008927883990423
2018-08-25 04:00:00,0.40225,0.0099943897194552,0.25620954,0.0,0.25620954,0.0,0.0099943897194552
2018-08-25 05:00:00,0.4265439189189189,0.0113845372412,0.13417502,0.0,0.13417502,0.0,0.0113845372412
2018-08-25 06:00:00,0.4424155405405405,0.0141421748248083,0.0,0.0,0.0,0.14509648,0.0141421748248083
2018-08-25 07:00:00,0.4723631756756757,0.0213788086890528,0.0,0.0,0.0,0.23200017,0.0213788086890528
2018-08-25 08:00:00,0.5470354729729728,0.0294664574222792,0.0,0.0,0.0,0.33104807,0.0294664574222792
2018-08-25 09:00:00,0.6521283783783783,0.0319353771278465,0.0,0.0,0.0,0.36973278,0.0319353771278465
2018-08-25 10:00:00,0.6833614864864864,0.030696549673736,0.0,0.0,0.0,0.38746772,0.030696549673736
2018-08-25 11:00:00,0.7121216216216216,0.0255171151702497,0.0,0.0,0.0,0.33023932,0.0255171151702497
2018-08-25 12:00:00,0.6944662162162161,0.0283434685550044,0.0,0.0,0.0,0.22585905,0.0283434685550044
2018-08-25 13:00:00,0.6892905405405404,0.0276008073700038,0.0,0.0,0.0,0.075576446,0.0276008073700038
2018-08-25 14:00:00,0.6743851351351351,0.025405128858472,0.12804598,0.0,0.12804598,0.0,0.025405128858472
2018-08-25 15:00:00,0.648420608108108,0.0214949345069235,0.45749039,0.0,0.45749039,0.0,0.0214949345069235
2018-08-25 16:00:00,0.629777027027027,0.021483935247876,0.73326248,0.0,0.73326248,0.0,0.021483935247876
2018-08-25 17:00:00,0.7072432432432432,0.0256507282893711,0.73960473,0.0,0.73960473,0.0,0.0256507282893711
2018-08-25 18:00:00,0.7608817567567567,0.0313259235593299,0.77215709,0.0,0.77215709,0.0,0.0313259235593299
2018-08-25 19:00:00,0.7396047297297297,0.032194797440314,0.80913345,0.0,0.80913345,0.0,0.032194797440314
2018-08-25 20:00:00,0.7721570945945946,0.030472509466408,0.78115372,0.0,0.78115372,0.0,0.030472509466408
2018-08-25 21:00:00,0.8091334459459459,0.0296880139259516,0.60274155,0.0,0.60274155,0.0,0.0296880139259516
2018-08-25 22:00:00,0.7811537162162163,0.0258162747412113,0.48377534,0.0,0.48377534,0.0,0.0258162747412113
2018-08-25 23:00:00,0.6027415540540539,0.0230234598037827,0.42597804,0.0,0.42597804,0.0,0.0230234598037827
2018-08-26 00:00:00,0.4837753378378378,0.0177614717216383,0.4050777,0.0,0.4050777,0.0,0.0177614717216383
2018-08-26 01:00:00,0.4259780405405404,0.0122695129560893,0.39715878,0.0,0.39715878,0.0,0.0122695129560893
2018-08-26 02:00:00,0.4050777027027027,0.0103540536631501,0.39992905,0.0,0.39992905,0.0,0.0103540536631501
2018-08-26 03:00:00,0.3971587837837837,0.0109189019415201,0.41588007,0.0,0.41588007,0.0,0.0109189019415201
2018-08-26 04:00:00,0.3999290540540541,0.0120979346525134,0.27078565,0.0,0.27078565,0.0,0.0120979346525134
2018-08-26 05:00:00,0.4158800675675677,0.0146186235281602,0.049043877,0.0,0.049043877,0.0,0.0146186235281602
2018-08-26 06:00:00,0.4407956081081082,0.0172890780446633,0.0,0.0,0.0,0.091027387,0.0172890780446633
2018-08-26 07:00:00,0.4768682432432433,0.0243707423175342,0.0,0.0,0.0,0.22759615,0.0243707423175342
2018-08-26 08:00:00,0.5719594594594594,0.0308421589125559,0.0,0.0,0.0,0.29420976,0.0308421589125559
2018-08-26 09:00:00,0.6200439189189189,0.0337096032312643,0.0,0.0,0.0,0.3524152,0.0337096032312643
2018-08-26 10:00:00,0.6833175675675675,0.0340884609664769,0.0,0.0,0.0,0.37577601,0.0340884609664769
2018-08-26 11:00:00,0.6891064189189189,0.0317143781903012,0.0,0.0,0.0,0.31181758,0.0317143781903012
2018-08-26 12:00:00,0.6727297297297297,0.0284475137734604,0.0,0.0,0.0,0.22893154,0.0284475137734604
2018-08-26 13:00:00,0.6814797297297297,0.0274427796129043,0.0,0.0,0.0,0.079049573,0.0274427796129043
2018-08-26 14:00:00,0.6506385135135135,0.0258885893782674,0.14832012,0.0,0.14832012,0.0,0.0258885893782674
2018-08-26 15:00:00,0.6267854729729728,0.0229035155027403,0.47051157,0.0,0.47051157,0.0,0.0229035155027403
2018-08-26 16:00:00,0.6360422297297297,0.0228202691904096,0.74065226,0.0,0.74065226,0.0,0.0228202691904096
2018-08-26 17:00:00,0.7115439189189189,0.0256654615518741,0.74529392,0.0,0.74529392,0.0,0.0256654615518741
2018-08-26 18:00:00,0.7640996621621622,0.0319883290139527,0.75685135,0.0,0.75685135,0.0,0.0319883290139527
2018-08-26 19:00:00,0.7452939189189188,0.0302721404755555,0.7700625,0.0,0.7700625,0.0,0.0302721404755555
2018-08-26 20:00:00,0.7568513513513513,0.0281123320515166,0.76123649,0.0,0.76123649,0.0,0.0281123320515166
2018-08-26 21:00:00,0.7700625000000001,0.0272908850832,0.60449831,0.0,0.60449831,0.0,0.0272908850832
2018-08-26 22:00:00,0.7612364864864865,0.0251617596920803,0.46966892,0.0,0.46966892,0.0,0.0251617596920803
2018-08-26 23:00:00,0.6044983108108107,0.0226033421751844,0.41355068,0.0,0.41355068,0.0,0.0226033421751844
2018-08-27 00:00:00,0.4696689189189189,0.0163981549577545,0.40765541,0.0,0.40765541,0.0,0.0163981549577545
2018-08-27 01:00:00,0.4135506756756756,0.0113018315990529,0.3997027,0.0,0.3997027,0.0,0.0113018315990529
2018-08-27 02:00:00,0.4076554054054053,0.0078917571673318,0.4003277,0.0,0.4003277,0.0,0.0078917571673318
2018-08-27 03:00:00,0.3997027027027027,0.0090277728068427,0.41868412,0.0,0.41868412,0.0,0.0090277728068427
2018-08-27 04:00:00,0.4003277027027027,0.0099078824900797,0.27768423,0.0,0.27768423,0.0,0.0099078824900797
2018-08-27 05:00:00,0.4186841216216217,0.0137098921170791,0.086075227,0.0,0.086075227,0.0,0.0137098921170791
2018-08-27 06:00:00,0.4505929054054055,0.0215554219837134,0.0,0.0,0.0,0.091500495,0.0215554219837134
2018-08-27 07:00:00,0.5163277027027028,0.0296956339963515,0.0,0.0,0.0,0.21278134,0.0296956339963515
2018-08-27 08:00:00,0.5735050675675675,0.0318091982237496,0.0,0.0,0.0,0.30419662,0.0318091982237496
2018-08-27 09:00:00,0.640483108108108,0.0276933971389449,0.0,0.0,0.0,0.3687036,0.0276933971389449
2018-08-27 10:00:00,0.6690692567567568,0.0265627544093835,0.0,0.0,0.0,0.4101098,0.0265627544093835
2018-08-27 11:00:00,0.6718226351351351,0.0270740425476909,0.0,0.0,0.0,0.34489872,0.0270740425476909
2018-08-27 12:00:00,0.637331081081081,0.0255756596135672,0.0,0.0,0.0,0.27524944,0.0255756596135672
2018-08-27 13:00:00,0.6337702702702702,0.0246337276740246,0.0,0.0,0.0,0.094408372,0.0246337276740246
2018-08-27 14:00:00,0.5904324324324324,0.0210264944806661,0.15084752,0.0,0.15084752,0.0,0.0210264944806661
2018-08-27 15:00:00,0.5986233108108107,0.0182480748868758,0.47167305,0.0,0.47167305,0.0,0.0182480748868758
2018-08-27 16:00:00,0.6258648648648648,0.0207392972375165,0.70200478,0.0,0.70200478,0.0,0.0207392972375165
2018-08-27 17:00:00,0.7012246621621621,0.0253330338686779,0.72534628,0.0,0.72534628,0.0,0.0253330338686779
2018-08-27 18:00:00,0.7214206081081082,0.0309099961246544,0.74915878,0.0,0.74915878,0.0,0.0309099961246544
2018-08-27 19:00:00,0.7253462837837837,0.0301489014655817,0.76884459,0.0,0.76884459,0.0,0.0301489014655817
2018-08-27 20:00:00,0.7491587837837838,0.0286673975787522,0.80709459,0.0,0.80709459,0.0,0.0286673975787522
2018-08-27 21:00:00,0.7688445945945946,0.0266312843551545,0.59811318,0.0,0.59811318,0.0,0.0266312843551545
2018-08-27 22:00:00,0.8070945945945946,0.0254818026488834,0.44890372,0.0,0.44890372,0.0,0.0254818026488834
2018-08-27 23:00:00,0.5981131756756756,0.0223739797457364,0.41725338,0.0,0.41725338,0.0,0.0223739797457364
2018-08-28 00:00:00,0.4489037162162162,0.0165338631738374,0.41804054,0.0,0.41804054,0.0,0.0165338631738374
2018-08-28 01:00:00,0.4172533783783783,0.0113065624631594,0.3988125,0.0,0.3988125,0.0,0.0113065624631594
2018-08-28 02:00:00,0.4180405405405405,0.0086417511916974,0.40058277,0.0,0.40058277,0.0,0.0086417511916974
2018-08-28 03:00:00,0.3988124999999999,0.0090684244462718,0.41704223,0.0,0.41704223,0.0,0.0090684244462718
2018-08-28 04:00:00,0.4005827702702703,0.0099675927534806,0.29691218,0.0,0.29691218,0.0,0.0099675927534806
2018-08-28 05:00:00,0.4170422297297298,0.0134554561078667,0.088275432,0.0,0.088275432,0.0,0.0134554561078667
2018-08-28 06:00:00,0.4588074324324324,0.0217460589112612,0.0,0.0,0.0,0.076623185,0.0217460589112612
2018-08-28 07:00:00,0.5032145270270271,0.0304439215304501,0.0,0.0,0.0,0.19947699,0.0304439215304501
2018-08-28 08:00:00,0.572510135135135,0.0328167709027696,0.0,0.0,0.0,0.26716505,0.0328167709027696
2018-08-28 09:00:00,0.635983108108108,0.0299874945198347,0.0,0.0,0.0,0.36290226,0.0299874945198347
2018-08-28 10:00:00,0.6914898648648647,0.0292282077266885,0.0,0.0,0.0,0.4095269,0.0292282077266885
2018-08-28 11:00:00,0.6658952702702703,0.0278755016151577,0.0,0.0,0.0,0.366999,0.0278755016151577
2018-08-28 12:00:00,0.6246064189189189,0.0270639218776918,0.0,0.0,0.0,0.26587766,0.0270639218776918
2018-08-28 13:00:00,0.609491554054054,0.0241670786177505,0.0,0.0,0.0,0.1069151,0.0241670786177505
2018-08-28 14:00:00,0.5970388513513514,0.0203857496252736,0.12874127,0.0,0.12874127,0.0,0.0203857496252736
2018-08-28 15:00:00,0.5825202702702701,0.0189920877473355,0.4486334,0.0,0.4486334,0.0,0.0189920877473355
2018-08-28 16:00:00,0.6009442567567567,0.0201605435978621,0.71179926,0.0,0.71179926,0.0,0.0201605435978621
2018-08-28 17:00:00,0.6746300675675675,0.0257587102626014,0.73165541,0.0,0.73165541,0.0,0.0257587102626014
2018-08-28 18:00:00,0.7288547297297298,0.0307489608896585,0.77058277,0.0,0.77058277,0.0,0.0307489608896585
2018-08-28 19:00:00,0.7316554054054053,0.0312539806330248,0.79616723,0.0,0.79616723,0.0,0.0312539806330248
2018-08-28 20:00:00,0.7705827702702703,0.027641948991787,0.78329561,0.0,0.78329561,0.0,0.027641948991787
2018-08-28 21:00:00,0.7961672297297298,0.0277557093776045,0.57854899,0.0,0.57854899,0.0,0.0277557093776045
2018-08-28 22:00:00,0.7832956081081082,0.0270236250530705,0.44635642,0.0,0.44635642,0.0,0.0270236250530705
2018-08-28 23:00:00,0.5785489864864863,0.0225614740278421,0.41433784,0.0,0.41433784,0.0,0.0225614740278421
2018-08-29 00:00:00,0.4463564189189189,0.0153858007267982,0.40397466,0.0,0.40397466,0.0,0.0153858007267982
2018-08-29 01:00:00,0.4143378378378378,0.010785745012866,0.39835304,0.0,0.39835304,0.0,0.010785745012866
2018-08-29 02:00:00,0.4039746621621621,0.0076574780184018,0.40155068,0.0,0.40155068,0.0,0.0076574780184018
2018-08-29 03:00:00,0.3983530405405405,0.0081875882374757,0.4169527,0.0,0.4169527,0.0,0.0081875882374757
2018-08-29 04:00:00,0.4015506756756757,0.0107953925964546,0.35569675,0.0,0.35569675,0.0,0.0107953925964546
2018-08-29 05:00:00,0.4169527027027028,0.0145847133700825,0.10644301,0.0,0.10644301,0.0,0.0145847133700825
2018-08-29 06:00:00,0.458356418918919,0.026036868176119,0.0,0.0,0.0,0.080234038,0.026036868176119
2018-08-29 07:00:00,0.5119121621621623,0.0350681215472686,0.0,0.0,0.0,0.20581084,0.0350681215472686
2018-08-29 08:00:00,0.5630168918918917,0.0364445664590478,0.0,0.0,0.0,0.30793242,0.0364445664590478
2018-08-29 09:00:00,0.6269054054054053,0.0301830650628077,0.0,0.0,0.0,0.39189458,0.0301830650628077
2018-08-29 10:00:00,0.6563986486486485,0.0258092629247678,0.0,0.0,0.0,0.38915866,0.0258092629247678
2018-08-29 11:00:00,0.6389594594594593,0.0274080077617217,0.0,0.0,0.0,0.19813344,0.0274080077617217
2018-08-29 12:00:00,0.6449746621621621,0.024452653850349,0.0,0.0,0.0,0.16183186,0.024452653850349
2018-08-29 13:00:00,0.6519087837837837,0.0229557408632872,0.0,0.0,0.0,0.027490007,0.0229557408632872
2018-08-29 14:00:00,0.605277027027027,0.0200568194023277,0.1400354,0.0,0.1400354,0.0,0.0200568194023277
2018-08-29 15:00:00,0.596545608108108,0.0186233675780653,0.46510157,0.0,0.46510157,0.0,0.0186233675780653
2018-08-29 16:00:00,0.6063124999999999,0.0204422496594596,0.71984053,0.0,0.71984053,0.0,0.0204422496594596
2018-08-29 17:00:00,0.6835760135135134,0.0250139877725257,0.72948142,0.0,0.72948142,0.0,0.0250139877725257
2018-08-29 18:00:00,0.7343226351351352,0.0282660175512041,0.75224324,0.0,0.75224324,0.0,0.0282660175512041
2018-08-29 19:00:00,0.7294814189189189,0.0293572927330223,0.78646115,0.0,0.78646115,0.0,0.0293572927330223
2018-08-29 20:00:00,0.7522432432432432,0.0291402305502512,0.78202196,0.0,0.78202196,0.0,0.0291402305502512
2018-08-29 21:00:00,0.7864611486486488,0.0258704938230602,0.59863345,0.0,0.59863345,0.0,0.0258704938230602
2018-08-29 22:00:00,0.7820219594594595,0.0264868240404746,0.47382601,0.0,0.47382601,0.0,0.0264868240404746
2018-08-29 23:00:00,0.5986334459459458,0.0225307572030365,0.4353902,0.0,0.4353902,0.0,0.0225307572030365
2018-08-30 00:00:00,0.4738260135135135,0.0165105129802832,0.42527872,0.0,0.42527872,0.0,0.0165105129802832
2018-08-30 01:00:00,0.4353902027027026,0.0111884429239866,0.40806419,0.0,0.40806419,0.0,0.0111884429239866
2018-08-30 02:00:00,0.4252787162162161,0.0081974047804966,0.40343243,0.0,0.40343243,0.0,0.0081974047804966
2018-08-30 03:00:00,0.4080641891891892,0.0070412322807034,0.42273818,0.0,0.42273818,0.0,0.0070412322807034
2018-08-30 04:00:00,0.4034324324324324,0.0079973230206792,0.31115234,0.0,0.31115234,0.0,0.0079973230206792
2018-08-30 05:00:00,0.4227381756756757,0.0104755185990838,0.24813727,0.0,0.24813727,0.0,0.0104755185990838
2018-08-30 06:00:00,0.4611317567567567,0.0161931226865685,0.0,0.0,0.0,0.058248,0.0161931226865685
2018-08-30 07:00:00,0.5088665540540541,0.0268592613172569,0.0,0.0,0.0,0.2171687,0.0268592613172569
2018-08-30 08:00:00,0.579268581081081,0.029192168679763,0.0,0.0,0.0,0.30089995,0.029192168679763
2018-08-30 09:00:00,0.6103412162162162,0.0258738392198211,0.0,0.0,0.0,0.383941,0.0258738392198211
2018-08-30 10:00:00,0.6556503378378379,0.0273227677280889,0.0,0.0,0.0,0.39365583,0.0273227677280889
2018-08-30 11:00:00,0.6399611486486485,0.0278754847192145,0.0,0.0,0.0,0.33285642,0.0278754847192145
2018-08-30 12:00:00,0.6345320945945945,0.0254997799324879,0.0,0.0,0.0,0.25896097,0.0254997799324879
2018-08-30 13:00:00,0.6342415540540539,0.0245152871119303,0.0,0.0,0.0,0.047030223,0.0245152871119303
2018-08-30 14:00:00,0.5933277027027026,0.0195079208943736,0.16929642,0.0,0.16929642,0.0,0.0195079208943736
2018-08-30 15:00:00,0.6307550675675675,0.018305588677656,0.45892602,0.0,0.45892602,0.0,0.018305588677656
2018-08-30 16:00:00,0.6276013513513513,0.0208997411144991,0.72241899,0.0,0.72241899,0.0,0.0208997411144991
2018-08-30 17:00:00,0.6721824324324324,0.0255060990152588,0.74670777,0.0,0.74670777,0.0,0.0255060990152588
2018-08-30 18:00:00,0.7341925675675676,0.031752799565223,0.76311993,0.0,0.76311993,0.0,0.031752799565223
2018-08-30 19:00:00,0.7467077702702701,0.0315339633084121,0.78432601,0.0,0.78432601,0.0,0.0315339633084121
2018-08-30 20:00:00,0.7631199324324324,0.0289312953161774,0.7830777,0.0,0.7830777,0.0,0.0289312953161774
2018-08-30 21:00:00,0.7843260135135135,0.0284020298942654,0.60564527,0.0,0.60564527,0.0,0.0284020298942654
2018-08-30 22:00:00,0.7830777027027027,0.0270676727770904,0.47290878,0.0,0.47290878,0.0,0.0270676727770904
2018-08-30 23:00:00,0.6056452702702702,0.0232858538022598,0.44340878,0.0,0.44340878,0.0,0.0232858538022598
2018-08-31 00:00:00,0.4729087837837837,0.0169344828839397,0.42088514,0.0,0.42088514,0.0,0.0169344828839397
2018-08-31 01:00:00,0.4434087837837838,0.0104101481946983,0.39898818,0.0,0.39898818,0.0,0.0104101481946983
2018-08-31 02:00:00,0.4208851351351351,0.0071678166874383,0.40091047,0.0,0.40091047,0.0,0.0071678166874383
2018-08-31 03:00:00,0.3989881756756757,0.0081876220293622,0.41492568,0.0,0.41492568,0.0,0.0081876220293622
2018-08-31 04:00:00,0.400910472972973,0.0087527068509375,0.36979802,0.0,0.36979802,0.0,0.0087527068509375
2018-08-31 05:00:00,0.4149256756756757,0.0119681400165636,0.30427469,0.0,0.30427469,0.0,0.0119681400165636
2018-08-31 06:00:00,0.4436689189189189,0.0192252686599549,0.0,0.0,0.0,0.053933022,0.0192252686599549
2018-08-31 07:00:00,0.5224324324324325,0.0319732916244713,0.0,0.0,0.0,0.19756845,0.0319732916244713
2018-08-31 08:00:00,0.5871604729729728,0.0362903233932336,0.0,0.0,0.0,0.28200012,0.0362903233932336
2018-08-31 09:00:00,0.6244459459459458,0.033237462993438,0.0,0.0,0.0,0.34077706,0.033237462993438
2018-08-31 10:00:00,0.6644679054054053,0.0297484000270819,0.0,0.0,0.0,0.35592807,0.0297484000270819
2018-08-31 11:00:00,0.6678006756756756,0.0293539135443748,0.0,0.0,0.0,0.31046817,0.0293539135443748
2018-08-31 12:00:00,0.6567364864864864,0.0263375990698018,0.0,0.0,0.0,0.20093423,0.0263375990698018
2018-08-31 13:00:00,0.6460371621621621,0.0240325362217509,0.0,0.0,0.0,0.069556461,0.0240325362217509
2018-08-31 14:00:00,0.6375861486486486,0.0211554950072838,0.14549172,0.0,0.14549172,0.0,0.0211554950072838
2018-08-31 15:00:00,0.5959020270270269,0.0180255046266093,0.48297934,0.0,0.48297934,0.0,0.0180255046266093
2018-08-31 16:00:00,0.6293445945945945,0.0205888726548739,0.7250625,0.0,0.7250625,0.0,0.0205888726548739
2018-08-31 17:00:00,0.7067212837837836,0.0243311044346992,0.75496453,0.0,0.75496453,0.0,0.0243311044346992
2018-08-31 18:00:00,0.7250625,0.0298475116301127,0.78754899,0.0,0.78754899,0.0,0.0298475116301127
2018-08-31 19:00:00,0.754964527027027,0.0315531402039866,0.79116554,0.0,0.79116554,0.0,0.0315531402039866
2018-08-31 20:00:00,0.7875489864864864,0.0297766838360615,0.76744426,0.0,0.76744426,0.0,0.0297766838360615
2018-08-31 21:00:00,0.7911655405405407,0.0279257163584593,0.60719088,0.0,0.60719088,0.0,0.0279257163584593
2018-08-31 22:00:00,0.7674442567567568,0.0255019088213359,0.4668598,0.0,0.4668598,0.0,0.0255019088213359
2018-08-31 23:00:00,0.6071908783783783,0.021639445509433,0.43286824,0.0,0.43286824,0.0,0.021639445509433
2018-09-01 00:00:00,0.4668597972972972,0.0172615038653,0.42047297,0.0,0.42047297,0.0,0.0172615038653
2018-09-01 01:00:00,0.4328682432432432,0.0111525897324368,0.39955574,0.0,0.39955574,0.0,0.0111525897324368
2018-09-01 02:00:00,0.4204729729729729,0.0080980735302039,0.4000625,0.0,0.4000625,0.0,0.0080980735302039
2018-09-01 03:00:00,0.3995557432432431,0.0093660126945125,0.4157348,0.0,0.4157348,0.0,0.0093660126945125
2018-09-01 04:00:00,0.4000625,0.0104902011737571,0.27914758,0.0,0.27914758,0.0,0.0104902011737571
2018-09-01 05:00:00,0.4157347972972973,0.0128340233155945,0.035258473,0.0,0.035258473,0.0,0.0128340233155945
2018-09-01 06:00:00,0.4460067567567568,0.0160619763751596,0.0,0.0,0.0,0.13765485,0.0160619763751596
2018-09-01 07:00:00,0.4711824324324324,0.0217533748546829,0.0,0.0,0.0,0.2719628,0.0217533748546829
2018-09-01 08:00:00,0.5437736486486485,0.0282860561398837,0.0,0.0,0.0,0.31805341,0.0282860561398837
2018-09-01 09:00:00,0.6037043918918917,0.0317478659497977,0.0,0.0,0.0,0.34733838,0.0317478659497977
2018-09-01 10:00:00,0.6887094594594594,0.0294522986218463,0.0,0.0,0.0,0.39486789,0.0294522986218463
2018-09-01 11:00:00,0.7305168918918917,0.0271734582776999,0.0,0.0,0.0,0.34436481,0.0271734582776999
2018-09-01 12:00:00,0.6869898648648648,0.0282330535659478,0.0,0.0,0.0,0.26500456,0.0282330535659478
2018-09-01 13:00:00,0.6746503378378377,0.0265931333153244,0.0,0.0,0.0,0.061959208,0.0265931333153244
2018-09-01 14:00:00,0.6306672297297298,0.0237021360517432,0.2059756,0.0,0.2059756,0.0,0.0237021360517432
2018-09-01 15:00:00,0.6523766891891891,0.0231793924639209,0.52054325,0.0,0.52054325,0.0,0.0231793924639209
2018-09-01 16:00:00,0.6890472972972974,0.0235203019106222,0.78097973,0.0,0.78097973,0.0,0.0235203019106222
2018-09-01 17:00:00,0.7442432432432432,0.0262280964616801,0.77805743,0.0,0.77805743,0.0,0.0262280964616801
2018-09-01 18:00:00,0.7809797297297297,0.0300335190692134,0.82247297,0.0,0.82247297,0.0,0.0300335190692134
2018-09-01 19:00:00,0.7780574324324323,0.0319475591029208,0.8514223,0.0,0.8514223,0.0,0.0319475591029208
2018-09-01 20:00:00,0.8224729729729728,0.0320746841798391,0.80371453,0.0,0.80371453,0.0,0.0320746841798391
2018-09-01 21:00:00,0.8514222972972975,0.0278703145605839,0.59288682,0.0,0.59288682,0.0,0.0278703145605839
2018-09-01 22:00:00,0.8037145270270272,0.0254558166881843,0.44544595,0.0,0.44544595,0.0,0.0254558166881843
2018-09-01 23:00:00,0.5928868243243243,0.0216800464610325,0.41170439,0.0,0.41170439,0.0,0.0216800464610325
2018-09-02 00:00:00,0.4454459459459459,0.0177845008922708,0.40643243,0.0,0.40643243,0.0,0.0177845008922708
2018-09-02 01:00:00,0.4117043918918918,0.0120331218142545,0.39910135,0.0,0.39910135,0.0,0.0120331218142545
2018-09-02 02:00:00,0.4064324324324324,0.0084822872794228,0.40047297,0.0,0.40047297,0.0,0.0084822872794228
2018-09-02 03:00:00,0.3991013513513513,0.009992598749472,0.4166402,0.0,0.4166402,0.0,0.009992598749472
2018-09-02 04:00:00,0.4004729729729729,0.011523033287917,0.29252963,0.0,0.29252963,0.0,0.011523033287917
2018-09-02 05:00:00,0.4166402027027027,0.013823686294783,0.060033806,0.0,0.060033806,0.0,0.013823686294783
2018-09-02 06:00:00,0.4500337837837838,0.0180776624033832,0.0,0.0,0.0,0.13497963,0.0180776624033832
2018-09-02 07:00:00,0.4781925675675675,0.0267663843172809,0.0,0.0,0.0,0.22067393,0.0267663843172809
2018-09-02 08:00:00,0.5209391891891891,0.0331298527309589,0.0,0.0,0.0,0.25311695,0.0331298527309589
2018-09-02 09:00:00,0.6208783783783782,0.0340069887281861,0.0,0.0,0.0,0.33653454,0.0340069887281861
2018-09-02 10:00:00,0.7154408783783783,0.0300619211497954,0.0,0.0,0.0,0.34105484,0.0300619211497954
2018-09-02 11:00:00,0.7009949324324323,0.0253294519287116,0.0,0.0,0.0,0.26823384,0.0253294519287116
2018-09-02 12:00:00,0.6994408783783783,0.0260233345255858,0.0,0.0,0.0,0.22859623,0.0260233345255858
2018-09-02 13:00:00,0.7084256756756755,0.0259489585834548,0.0,0.0,0.0,0.045226113,0.0259489585834548
2018-09-02 14:00:00,0.6287601351351352,0.0226755216446947,0.24329196,0.0,0.24329196,0.0,0.0226755216446947
2018-09-02 15:00:00,0.6336317567567566,0.0219236859625161,0.54241113,0.0,0.54241113,0.0,0.0219236859625161
2018-09-02 16:00:00,0.699785472972973,0.0233864860401819,0.75765541,0.0,0.75765541,0.0,0.0233864860401819
2018-09-02 17:00:00,0.7485506756756757,0.0252468814541104,0.75980236,0.0,0.75980236,0.0,0.0252468814541104
2018-09-02 18:00:00,0.7576554054054053,0.0312506014443774,0.82376182,0.0,0.82376182,0.0,0.0312506014443774
2018-09-02 19:00:00,0.7598023648648647,0.0307208798319979,0.86198142,0.0,0.86198142,0.0,0.0307208798319979
2018-09-02 20:00:00,0.8237618243243242,0.0310665201428058,0.82047466,0.0,0.82047466,0.0,0.0310665201428058
2018-09-02 21:00:00,0.8619814189189191,0.0285031352185981,0.61807264,0.0,0.61807264,0.0,0.0285031352185981
2018-09-02 22:00:00,0.8204746621621622,0.0268626911937341,0.46222297,0.0,0.46222297,0.0,0.0268626911937341
2018-09-02 23:00:00,0.6180726351351352,0.0225905012583239,0.42683953,0.0,0.42683953,0.0,0.0225905012583239
2018-09-03 00:00:00,0.4622229729729729,0.0172644775513097,0.41114189,0.0,0.41114189,0.0,0.0172644775513097
2018-09-03 01:00:00,0.426839527027027,0.011231814810277,0.40333277,0.0,0.40333277,0.0,0.011231814810277
2018-09-03 02:00:00,0.4111418918918919,0.0083356473880651,0.40074831,0.0,0.40074831,0.0,0.0083356473880651
2018-09-03 03:00:00,0.4033327702702702,0.0100240420998369,0.42594932,0.0,0.42594932,0.0,0.0100240420998369
2018-09-03 04:00:00,0.4007483108108108,0.0100763012522702,0.31002338,0.0,0.31002338,0.0,0.0100763012522702
2018-09-03 05:00:00,0.4259493243243243,0.0134986928266113,0.11098049,0.0,0.11098049,0.0,0.0134986928266113
2018-09-03 06:00:00,0.4588158783783784,0.0228593157152313,0.0,0.0,0.0,0.072891822,0.0228593157152313
2018-09-03 07:00:00,0.5166334459459458,0.0314670891650782,0.0,0.0,0.0,0.19766169,0.0314670891650782
2018-09-03 08:00:00,0.5670422297297296,0.0327762206389998,0.0,0.0,0.0,0.26738403,0.0327762206389998
2018-09-03 09:00:00,0.6270202702702701,0.0310628030352935,0.0,0.0,0.0,0.34220904,0.0310628030352935
2018-09-03 10:00:00,0.6826368243243243,0.0308127937632095,0.0,0.0,0.0,0.359488,0.0308127937632095
2018-09-03 11:00:00,0.6764222972972972,0.028570668303718,0.0,0.0,0.0,0.32999946,0.028570668303718
2018-09-03 12:00:00,0.6631047297297297,0.0277346063445009,0.0,0.0,0.0,0.25467081,0.0277346063445009
2018-09-03 13:00:00,0.6338800675675675,0.0250885495700325,0.0,0.0,0.0,0.093373783,0.0250885495700325
2018-09-03 14:00:00,0.591133445945946,0.0191890606535972,0.1763736,0.0,0.1763736,0.0,0.0191890606535972
2018-09-03 15:00:00,0.5764442567567566,0.0177836223032226,0.4782759,0.0,0.4782759,0.0,0.0177836223032226
2018-09-03 16:00:00,0.6215405405405406,0.020761887113625,0.7307027,0.0,0.7307027,0.0,0.020761887113625
2018-09-03 17:00:00,0.6756351351351351,0.0245120430908288,0.7554848,0.0,0.7554848,0.0,0.0245120430908288
2018-09-03 18:00:00,0.7307027027027027,0.0303121162772551,0.79569257,0.0,0.79569257,0.0,0.0303121162772551
2018-09-03 19:00:00,0.7554847972972971,0.0315463987226349,0.82430405,0.0,0.82430405,0.0,0.0315463987226349
2018-09-03 20:00:00,0.7956925675675676,0.0295478451808538,0.80301858,0.0,0.80301858,0.0,0.0295478451808538
2018-09-03 21:00:00,0.8243040540540542,0.027320993654049,0.60084628,0.0,0.60084628,0.0,0.027320993654049
2018-09-03 22:00:00,0.8030185810810813,0.0252602461452111,0.47842399,0.0,0.47842399,0.0,0.0252602461452111
2018-09-03 23:00:00,0.6008462837837838,0.0224281143478692,0.42369595,0.0,0.42369595,0.0,0.0224281143478692
2018-09-04 00:00:00,0.4784239864864864,0.0169982481737177,0.41127196,0.0,0.41127196,0.0,0.0169982481737177
2018-09-04 01:00:00,0.4236959459459458,0.0107811324203622,0.39932095,0.0,0.39932095,0.0,0.0107811324203622
2018-09-04 02:00:00,0.4112719594594594,0.0080904365638605,0.40388682,0.0,0.40388682,0.0,0.0080904365638605
2018-09-04 03:00:00,0.3993209459459458,0.0091405363320091,0.43569595,0.0,0.43569595,0.0,0.0091405363320091
2018-09-04 04:00:00,0.4038868243243243,0.0096250612962285,0.3075452,0.0,0.3075452,0.0,0.0096250612962285
2018-09-04 05:00:00,0.4356959459459459,0.0131586281770718,0.10152641,0.0,0.10152641,0.0,0.0131586281770718
2018-09-04 06:00:00,0.4553429054054054,0.0218220230720566,0.0,0.0,0.0,0.054586273,0.0218220230720566
2018-09-04 07:00:00,0.5033733108108108,0.0304518457278284,0.0,0.0,0.0,0.19256265,0.0304518457278284
2018-09-04 08:00:00,0.5796233108108108,0.0337963132119587,0.0,0.0,0.0,0.30939612,0.0337963132119587
2018-09-04 09:00:00,0.6238631756756755,0.0311155183781942,0.0,0.0,0.0,0.37187256,0.0311155183781942
2018-09-04 10:00:00,0.6339510135135136,0.0309149297400796,0.0,0.0,0.0,0.39088226,0.0309149297400796
2018-09-04 11:00:00,0.6388547297297297,0.0294494769993257,0.0,0.0,0.0,0.33240821,0.0294494769993257
2018-09-04 12:00:00,0.6218293918918918,0.0274548264204326,0.0,0.0,0.0,0.23131889,0.0274548264204326
2018-09-04 13:00:00,0.6227499999999999,0.0246334573389327,0.0,0.0,0.0,0.035931867,0.0246334573389327
2018-09-04 14:00:00,0.6060962837837838,0.0228622387134114,0.18657272,0.0,0.18657272,0.0,0.0228622387134114
2018-09-04 15:00:00,0.6248885135135134,0.0195937860779062,0.49788242,0.0,0.49788242,0.0,0.0195937860779062
2018-09-04 16:00:00,0.6232415540540542,0.0230410653766361,0.74260473,0.0,0.74260473,0.0,0.0230410653766361
2018-09-04 17:00:00,0.6872128378378378,0.0265088056626264,0.77554899,0.0,0.77554899,0.0,0.0265088056626264
2018-09-04 18:00:00,0.7426047297297297,0.0306172739080662,0.81719764,0.0,0.81719764,0.0,0.0306172739080662
2018-09-04 19:00:00,0.7755489864864864,0.0319766539171756,0.84096453,0.0,0.84096453,0.0,0.0319766539171756
2018-09-04 20:00:00,0.817197635135135,0.029764484965044,0.79030743,0.0,0.79030743,0.0,0.029764484965044
2018-09-04 21:00:00,0.8409645270270272,0.0291291637074306,0.58364358,0.0,0.58364358,0.0,0.0291291637074306
2018-09-04 22:00:00,0.7903074324324326,0.0267606228006369,0.44785811,0.0,0.44785811,0.0,0.0267606228006369
2018-09-04 23:00:00,0.583643581081081,0.0226880246426902,0.41748142,0.0,0.41748142,0.0,0.0226880246426902
2018-09-05 00:00:00,0.447858108108108,0.0168678114919248,0.40707601,0.0,0.40707601,0.0,0.0168678114919248
2018-09-05 01:00:00,0.4174814189189189,0.0099641121891737,0.39776014,0.0,0.39776014,0.0,0.0099641121891737
2018-09-05 02:00:00,0.4070760135135135,0.008058655294631,0.41655743,0.0,0.41655743,0.0,0.008058655294631
2018-09-05 03:00:00,0.3977601351351351,0.0094351171023535,0.42534628,0.0,0.42534628,0.0,0.0094351171023535
2018-09-05 04:00:00,0.4165574324324324,0.0102359341239773,0.30681143,0.0,0.30681143,0.0,0.0102359341239773
2018-09-05 05:00:00,0.4253462837837838,0.0136588156806723,0.12529893,0.0,0.12529893,0.0,0.0136588156806723
2018-09-05 06:00:00,0.4500084459459459,0.0211991541246093,0.0,0.0,0.0,0.041783781,0.0211991541246093
2018-09-05 07:00:00,0.5211402027027027,0.0307170951407126,0.0,0.0,0.0,0.17878224,0.0307170951407126
2018-09-05 08:00:00,0.587956081081081,0.0323535517229726,0.0,0.0,0.0,0.29506089,0.0323535517229726
2018-09-05 09:00:00,0.635393581081081,0.0296093295182948,0.0,0.0,0.0,0.37521244,0.0296093295182948
2018-09-05 10:00:00,0.6452432432432432,0.0282469758231755,0.0,0.0,0.0,0.38718781,0.0282469758231755
2018-09-05 11:00:00,0.6296148648648648,0.0272844815207129,0.0,0.0,0.0,0.33881685,0.0272844815207129
2018-09-05 12:00:00,0.6196097972972973,0.0260293832732648,0.0,0.0,0.0,0.24119408,0.0260293832732648
2018-09-05 13:00:00,0.6096503378378377,0.0244450675718356,0.0,0.0,0.0,0.075015341,0.0244450675718356
2018-09-05 14:00:00,0.5889020270270271,0.0207809457375968,0.1768952,0.0,0.1768952,0.0,0.0207809457375968
2018-09-05 15:00:00,0.5790168918918918,0.0185346131882392,0.50899097,0.0,0.50899097,0.0,0.0185346131882392
2018-09-05 16:00:00,0.6051081081081082,0.0199710049066249,0.76632432,0.0,0.76632432,0.0,0.0199710049066249
2018-09-05 17:00:00,0.6909662162162162,0.0259950000287766,0.79606419,0.0,0.79606419,0.0,0.0259950000287766
2018-09-05 18:00:00,0.7663243243243243,0.0294390690982914,0.79984122,0.0,0.79984122,0.0,0.0294390690982914
2018-09-05 19:00:00,0.7960641891891891,0.0309794046594737,0.80008446,0.0,0.80008446,0.0,0.0309794046594737
2018-09-05 20:00:00,0.7998412162162162,0.0300353269351398,0.77471959,0.0,0.77471959,0.0,0.0300353269351398
2018-09-05 21:00:00,0.8000844594594596,0.0281880765650499,0.5665473,0.0,0.5665473,0.0,0.0281880765650499
2018-09-05 22:00:00,0.7747195945945947,0.024924473065254,0.44748649,0.0,0.44748649,0.0,0.024924473065254
2018-09-05 23:00:00,0.5665472972972974,0.0223973468352338,0.41771791,0.0,0.41771791,0.0,0.0223973468352338
2018-09-06 00:00:00,0.4474864864864864,0.0159985659001896,0.40452196,0.0,0.40452196,0.0,0.0159985659001896
2018-09-06 01:00:00,0.4177179054054053,0.0110356698052339,0.40879899,0.0,0.40879899,0.0,0.0110356698052339
2018-09-06 02:00:00,0.4045219594594594,0.0089993031424876,0.41296622,0.0,0.41296622,0.0,0.0089993031424876
2018-09-06 03:00:00,0.4087989864864864,0.0100195984667655,0.41491385,0.0,0.41491385,0.0,0.0100195984667655
2018-09-06 04:00:00,0.4129662162162162,0.009815968558868,0.31539764,0.0,0.31539764,0.0,0.009815968558868
2018-09-06 05:00:00,0.4149138513513514,0.0139352839998662,0.12405334,0.0,0.12405334,0.0,0.0139352839998662
2018-09-06 06:00:00,0.4513935810810811,0.0223633690933834,0.0,0.0,0.0,0.042806391,0.0223633690933834
2018-09-06 07:00:00,0.506777027027027,0.0309343769707459,0.0,0.0,0.0,0.13912068,0.0309343769707459
2018-09-06 08:00:00,0.5721807432432432,0.0350147979504114,0.0,0.0,0.0,0.23222169,0.0350147979504114
2018-09-06 09:00:00,0.6588378378378378,0.0332104463802014,0.0,0.0,0.0,0.32126563,0.0332104463802014
2018-09-06 10:00:00,0.6902297297297297,0.0326410530931004,0.0,0.0,0.0,0.35980595,0.0326410530931004
2018-09-06 11:00:00,0.6617905405405404,0.0308603051555931,0.0,0.0,0.0,0.28778645,0.0308603051555931
2018-09-06 12:00:00,0.6253513513513513,0.0275208050787746,0.0,0.0,0.0,0.20946655,0.0275208050787746
2018-09-06 13:00:00,0.6422837837837838,0.0255932989783071,0.0,0.0,0.0,0.059183254,0.0255932989783071
2018-09-06 14:00:00,0.602991554054054,0.0212915918300612,0.2094854,0.0,0.2094854,0.0,0.0212915918300612
2018-09-06 15:00:00,0.5776655405405404,0.0200040702675403,0.53828085,0.0,0.53828085,0.0,0.0200040702675403
2018-09-06 16:00:00,0.6234189189189191,0.0209876169152768,0.75781081,0.0,0.75781081,0.0,0.0209876169152768
2018-09-06 17:00:00,0.7103902027027027,0.0249856870676032,0.74317905,0.0,0.74317905,0.0,0.0249856870676032
2018-09-06 18:00:00,0.7578108108108109,0.0299638401993023,0.79849155,0.0,0.79849155,0.0,0.0299638401993023
2018-09-06 19:00:00,0.7431790540540539,0.0315825560411629,0.85580068,0.0,0.85580068,0.0,0.0315825560411629
2018-09-06 20:00:00,0.7984915540540541,0.0284779095753446,0.80611318,0.0,0.80611318,0.0,0.0284779095753446
2018-09-06 21:00:00,0.8558006756756757,0.0273899966862306,0.59769257,0.0,0.59769257,0.0,0.0273899966862306
2018-09-06 22:00:00,0.8061131756756759,0.0258051403146178,0.46601014,0.0,0.46601014,0.0,0.0258051403146178
2018-09-06 23:00:00,0.5976925675675676,0.0224270667993885,0.42016216,0.0,0.42016216,0.0,0.0224270667993885
2018-09-07 00:00:00,0.466010135135135,0.0172272388924143,0.42637838,0.0,0.42637838,0.0,0.0172272388924143
2018-09-07 01:00:00,0.4201621621621622,0.0122964112977233,0.39853716,0.0,0.39853716,0.0,0.0122964112977233
2018-09-07 02:00:00,0.4263783783783783,0.0095025994996437,0.40116554,0.0,0.40116554,0.0,0.0095025994996437
2018-09-07 03:00:00,0.3985371621621621,0.0126975547820661,0.42903716,0.0,0.42903716,0.0,0.0126975547820661
2018-09-07 04:00:00,0.4011655405405405,0.0146646142856523,0.31701839,0.0,0.31701839,0.0,0.0146646142856523
2018-09-07 05:00:00,0.4290371621621622,0.0192137963144966,0.13638007,0.0,0.13638007,0.0,0.0192137963144966
2018-09-07 06:00:00,0.4487618243243243,0.0265887403700827,0.0,0.0,0.0,0.04248454,0.0265887403700827
2018-09-07 07:00:00,0.5193141891891891,0.0382262605693766,0.0,0.0,0.0,0.15643215,0.0382262605693766
2018-09-07 08:00:00,0.5734763513513511,0.0400407666014722,0.0,0.0,0.0,0.26925144,0.0400407666014722
2018-09-07 09:00:00,0.6442077702702701,0.0353059150523921,0.0,0.0,0.0,0.35231746,0.0353059150523921
2018-09-07 10:00:00,0.6622989864864866,0.0344122210307922,0.0,0.0,0.0,0.33362564,0.0344122210307922
2018-09-07 11:00:00,0.6432145270270269,0.0269758264296517,0.0,0.0,0.0,0.30181844,0.0269758264296517
2018-09-07 12:00:00,0.6640793918918918,0.0257323019033213,0.0,0.0,0.0,0.22986098,0.0257323019033213
2018-09-07 13:00:00,0.6420929054054054,0.0237538714299362,0.0,0.0,0.0,0.043682599,0.0237538714299362
2018-09-07 14:00:00,0.5960709459459459,0.0194324805078186,0.21810749,0.0,0.21810749,0.0,0.0194324805078186
2018-09-07 15:00:00,0.6059408783783783,0.0195311528163252,0.53538356,0.0,0.53538356,0.0,0.0195311528163252
2018-09-07 16:00:00,0.6367972972972974,0.0198416157733127,0.73723818,0.0,0.73723818,0.0,0.0198416157733127
2018-09-07 17:00:00,0.7035844594594594,0.0247500224513278,0.76527703,0.0,0.76527703,0.0,0.0247500224513278
2018-09-07 18:00:00,0.7372381756756757,0.0309054004280937,0.81541047,0.0,0.81541047,0.0,0.0309054004280937
2018-09-07 19:00:00,0.7652770270270268,0.0306196055482329,0.81928041,0.0,0.81928041,0.0,0.0306196055482329
2018-09-07 20:00:00,0.8154104729729729,0.0313412312839029,0.78348986,0.0,0.78348986,0.0,0.0313412312839029
2018-09-07 21:00:00,0.8192804054054057,0.0290166198295264,0.58417568,0.0,0.58417568,0.0,0.0290166198295264
2018-09-07 22:00:00,0.7834898648648649,0.0263279514862132,0.45716892,0.0,0.45716892,0.0,0.0263279514862132
2018-09-07 23:00:00,0.5841756756756756,0.0220789765768112,0.42666723,0.0,0.42666723,0.0,0.0220789765768112
2018-09-08 00:00:00,0.4571689189189188,0.0168203676833142,0.41282432,0.0,0.41282432,0.0,0.0168203676833142
2018-09-08 01:00:00,0.4266672297297296,0.0113470620390994,0.39882264,0.0,0.39882264,0.0,0.0113470620390994
2018-09-08 02:00:00,0.4128243243243243,0.0079297561436727,0.40845439,0.0,0.40845439,0.0,0.0079297561436727
2018-09-08 03:00:00,0.398822635135135,0.0081287903550095,0.41845439,0.0,0.41845439,0.0,0.0081287903550095
2018-09-08 04:00:00,0.4084543918918918,0.0093036666639665,0.41762999,0.0,0.41762999,0.0,0.0093036666639665
2018-09-08 05:00:00,0.4184543918918919,0.0113672864831547,0.17176222,0.0,0.17176222,0.0,0.0113672864831547
2018-09-08 06:00:00,0.4429527027027027,0.0151096872224125,0.0,0.0,0.0,0.094672624,0.0151096872224125
2018-09-08 07:00:00,0.4861672297297297,0.0227334409381124,0.0,0.0,0.0,0.22663887,0.0227334409381124
2018-09-08 08:00:00,0.5414746621621621,0.0308505224044585,0.0,0.0,0.0,0.29000435,0.0308505224044585
2018-09-08 09:00:00,0.6027635135135133,0.031177560281762,0.0,0.0,0.0,0.32675666,0.031177560281762
2018-09-08 10:00:00,0.672214527027027,0.0264488757519633,0.0,0.0,0.0,0.34299297,0.0264488757519633
2018-09-08 11:00:00,0.7030692567567567,0.0265325951507046,0.0,0.0,0.0,0.28228658,0.0265325951507046
2018-09-08 12:00:00,0.6890962837837838,0.025666019118001,0.0,0.0,0.0,0.21635683,0.025666019118001
2018-09-08 13:00:00,0.6853699324324323,0.0264291243943188,0.0,0.0,0.0,0.034036011,0.0264291243943188
2018-09-08 14:00:00,0.6284087837837837,0.0236560608145348,0.27517404,0.0,0.27517404,0.0,0.0236560608145348
2018-09-08 15:00:00,0.6260760135135134,0.0220486821505866,0.60060217,0.0,0.60060217,0.0,0.0220486821505866
2018-09-08 16:00:00,0.7054425675675676,0.0226350220687546,0.77894088,0.0,0.77894088,0.0,0.0226350220687546
2018-09-08 17:00:00,0.7755912162162162,0.025671425819837,0.79652196,0.0,0.79652196,0.0,0.025671425819837
2018-09-08 18:00:00,0.7789408783783784,0.0311182386250555,0.83249493,0.0,0.83249493,0.0,0.0311182386250555
2018-09-08 19:00:00,0.7965219594594594,0.0311852310399919,0.86185135,0.0,0.86185135,0.0,0.0311852310399919
2018-09-08 20:00:00,0.8324949324324323,0.0301800575849115,0.82869088,0.0,0.82869088,0.0,0.0301800575849115
2018-09-08 21:00:00,0.8618513513513515,0.0283595534929665,0.59531419,0.0,0.59531419,0.0,0.0283595534929665
2018-09-08 22:00:00,0.8286908783783784,0.0268114120060087,0.46670946,0.0,0.46670946,0.0,0.0268114120060087
2018-09-08 23:00:00,0.5953141891891891,0.0220024548498889,0.42587162,0.0,0.42587162,0.0,0.0220024548498889
2018-09-09 00:00:00,0.4667094594594594,0.0169542004496978,0.40320101,0.0,0.40320101,0.0,0.0169542004496978
2018-09-09 01:00:00,0.4258716216216215,0.0112335888843169,0.39986993,0.0,0.39986993,0.0,0.0112335888843169
2018-09-09 02:00:00,0.4032010135135134,0.0081847159271253,0.40052196,0.0,0.40052196,0.0,0.0081847159271253
2018-09-09 03:00:00,0.3998699324324323,0.0078101835533815,0.41602534,0.0,0.41602534,0.0,0.0078101835533815
2018-09-09 04:00:00,0.4005219594594594,0.0085834094996987,0.31582797,0.0,0.31582797,0.0,0.0085834094996987
2018-09-09 05:00:00,0.4160253378378378,0.0129963257463331,0.30414224,0.0,0.30414224,0.0,0.0129963257463331
2018-09-09 06:00:00,0.4506266891891892,0.0175715951115362,0.18877035,0.0,0.18877035,0.0,0.0175715951115362
2018-09-09 07:00:00,0.4975320945945946,0.0242863470810633,0.0,0.0,0.0,0.18986485,0.0242863470810633
2018-09-09 08:00:00,0.5311385135135135,0.0327023515751658,0.0,0.0,0.0,0.27138905,0.0327023515751658
2018-09-09 09:00:00,0.6529864864864864,0.0317642381187947,0.0,0.0,0.0,0.30742167,0.0317642381187947
2018-09-09 10:00:00,0.6967753378378378,0.030313670704033,0.0,0.0,0.0,0.31495349,0.030313670704033
2018-09-09 11:00:00,0.7276959459459458,0.0298665195662548,0.0,0.0,0.0,0.25737215,0.0298665195662548
2018-09-09 12:00:00,0.7131976351351351,0.0277248911771394,0.0,0.0,0.0,0.1526359,0.0277248911771394
2018-09-09 13:00:00,0.691947635135135,0.0273048073404275,0.042278616,0.0,0.042278616,0.0,0.0273048073404275
2018-09-09 14:00:00,0.6608614864864866,0.0264647241467201,0.34099416,0.0,0.34099416,0.0,0.0264647241467201
2018-09-09 15:00:00,0.6611891891891891,0.0239761882510542,0.61093393,0.0,0.61093393,0.0,0.0239761882510542
2018-09-09 16:00:00,0.7241030405405406,0.0229678045667587,0.75290203,0.0,0.75290203,0.0,0.0229678045667587
2018-09-09 17:00:00,0.7495861486486486,0.0253125390895311,0.76665709,0.0,0.76665709,0.0,0.0253125390895311
2018-09-09 18:00:00,0.752902027027027,0.0301023869338491,0.81337838,0.0,0.81337838,0.0,0.0301023869338491
2018-09-09 19:00:00,0.7666570945945945,0.0309898632483376,0.83013007,0.0,0.83013007,0.0,0.0309898632483376
2018-09-09 20:00:00,0.8133783783783782,0.0305933661483851,0.78986486,0.0,0.78986486,0.0,0.0305933661483851
2018-09-09 21:00:00,0.8301300675675677,0.0287358430448069,0.60578885,0.0,0.60578885,0.0,0.0287358430448069
2018-09-09 22:00:00,0.789864864864865,0.0262256972377403,0.45951351,0.0,0.45951351,0.0,0.0262256972377403
2018-09-09 23:00:00,0.6057888513513513,0.0217215597935669,0.41387331,0.0,0.41387331,0.0,0.0217215597935669
2018-09-10 00:00:00,0.4595135135135135,0.0160556572923888,0.40735473,0.0,0.40735473,0.0,0.0160556572923888
2018-09-10 01:00:00,0.4138733108108107,0.010963946526191,0.39896453,0.0,0.39896453,0.0,0.010963946526191
2018-09-10 02:00:00,0.4073547297297296,0.0083320485521556,0.40187669,0.0,0.40187669,0.0,0.0083320485521556
2018-09-10 03:00:00,0.3989645270270269,0.0075046373158762,0.41684291,0.0,0.41684291,0.0,0.0075046373158762
2018-09-10 04:00:00,0.4018766891891892,0.0095408857070197,0.36378617,0.0,0.36378617,0.0,0.0095408857070197
2018-09-10 05:00:00,0.4168429054054055,0.0139445598727034,0.14720727,0.0,0.14720727,0.0,0.0139445598727034
2018-09-10 06:00:00,0.4489712837837837,0.0222830795711191,0.0,0.0,0.0,0.0088694871,0.0222830795711191
2018-09-10 07:00:00,0.5042719594594595,0.0367742063116099,0.0,0.0,0.0,0.16173656,0.0367742063116099
2018-09-10 08:00:00,0.5867043918918918,0.038585248675342,0.0,0.0,0.0,0.26414787,0.038585248675342
2018-09-10 09:00:00,0.6283209459459459,0.0311189989425011,0.0,0.0,0.0,0.32440836,0.0311189989425011
2018-09-10 10:00:00,0.6560405405405405,0.0267682935588665,0.0,0.0,0.0,0.35346333,0.0267682935588665
2018-09-10 11:00:00,0.6620354729729729,0.0252282959165492,0.0,0.0,0.0,0.29843244,0.0252282959165492
2018-09-10 12:00:00,0.6329374999999998,0.0244937785761891,0.0,0.0,0.0,0.19402015,0.0244937785761891
2018-09-10 13:00:00,0.625875,0.0227655939180933,0.0,0.0,0.0,0.011290953,0.0227655939180933
2018-09-10 14:00:00,0.605222972972973,0.0211381597695222,0.27323675,0.0,0.27323675,0.0,0.0211381597695222
2018-09-10 15:00:00,0.6025591216216215,0.0185062786914301,0.55541109,0.0,0.55541109,0.0,0.0185062786914301
2018-09-10 16:00:00,0.660658783783784,0.0211115486589233,0.75911318,0.0,0.75911318,0.0,0.0211115486589233
2018-09-10 17:00:00,0.698608108108108,0.0248119460832929,0.79996959,0.0,0.79996959,0.0,0.0248119460832929
2018-09-10 18:00:00,0.7591131756756757,0.0305980294287186,0.82148986,0.0,0.82148986,0.0,0.0305980294287186
2018-09-10 19:00:00,0.7999695945945945,0.0327274251549302,0.83580912,0.0,0.83580912,0.0,0.0327274251549302
2018-09-10 20:00:00,0.8214898648648646,0.0298274054576602,0.80590878,0.0,0.80590878,0.0,0.0298274054576602
2018-09-10 21:00:00,0.8358091216216217,0.0259607350558913,0.60973311,0.0,0.60973311,0.0,0.0259607350558913
2018-09-10 22:00:00,0.8059087837837839,0.0256122393306763,0.45464696,0.0,0.45464696,0.0,0.0256122393306763
2018-09-10 23:00:00,0.609733108108108,0.0226137838681051,0.41520777,0.0,0.41520777,0.0,0.0226137838681051
2018-09-11 00:00:00,0.4546469594594594,0.0171284483123053,0.40996959,0.0,0.40996959,0.0,0.0171284483123053
2018-09-11 01:00:00,0.4152077702702701,0.0104414563775172,0.39760642,0.0,0.39760642,0.0,0.0104414563775172
2018-09-11 02:00:00,0.4099695945945946,0.0078852184372989,0.40041554,0.0,0.40041554,0.0,0.0078852184372989
2018-09-11 03:00:00,0.3976064189189188,0.0082013415352709,0.41410135,0.0,0.41410135,0.0,0.0082013415352709
2018-09-11 04:00:00,0.4004155405405405,0.0084892315120933,0.38833863,0.0,0.38833863,0.0,0.0084892315120933
2018-09-11 05:00:00,0.4141013513513513,0.0119609592406876,0.35591207,0.0,0.35591207,0.0,0.0119609592406876
2018-09-11 06:00:00,0.4455084459459459,0.0205710305388152,0.0,0.0,0.0,0.0029080718,0.0205710305388152
2018-09-11 07:00:00,0.5268226351351352,0.0312345502983017,0.0,0.0,0.0,0.16494749,0.0312345502983017
2018-09-11 08:00:00,0.6085945945945944,0.034583427623617,0.0,0.0,0.0,0.25698179,0.034583427623617
2018-09-11 09:00:00,0.6378564189189188,0.0303392680580375,0.0,0.0,0.0,0.3623431,0.0303392680580375
2018-09-11 10:00:00,0.6723597972972972,0.0251055975767591,0.0,0.0,0.0,0.36286093,0.0251055975767591
2018-09-11 11:00:00,0.629670608108108,0.0245135299338336,0.0,0.0,0.0,0.29236249,0.0245135299338336
2018-09-11 12:00:00,0.6326131756756755,0.0242684542771749,0.0,0.0,0.0,0.18528167,0.0242684542771749
2018-09-11 13:00:00,0.6323277027027026,0.0225513026700131,0.0021171942,0.0,0.0021171942,0.0,0.0225513026700131
2018-09-11 14:00:00,0.6148209459459459,0.0205164059543286,0.25692815,0.0,0.25692815,0.0,0.0205164059543286
2018-09-11 15:00:00,0.6228361486486486,0.0181704887155296,0.53953444,0.0,0.53953444,0.0,0.0181704887155296
2018-09-11 16:00:00,0.6476317567567569,0.0214453111216352,0.73705912,0.0,0.73705912,0.0,0.0214453111216352
2018-09-11 17:00:00,0.6835219594594594,0.0253470406056218,0.75628885,0.0,0.75628885,0.0,0.0253470406056218
2018-09-11 18:00:00,0.7370591216216216,0.02903125171637,0.79646115,0.0,0.79646115,0.0,0.02903125171637
2018-09-11 19:00:00,0.7562888513513513,0.0299713757899862,0.81370101,0.0,0.81370101,0.0,0.0299713757899862
2018-09-11 20:00:00,0.7964611486486485,0.0287890990578912,0.76197804,0.0,0.76197804,0.0,0.0287890990578912
2018-09-11 21:00:00,0.8137010135135136,0.027059951331031,0.58309122,0.0,0.58309122,0.0,0.027059951331031
2018-09-11 22:00:00,0.7619780405405407,0.0253716579949187,0.45736149,0.0,0.45736149,0.0,0.0253716579949187
2018-09-11 23:00:00,0.5830912162162162,0.0213235927465528,0.41371453,0.0,0.41371453,0.0,0.0213235927465528
2018-09-12 00:00:00,0.4573614864864864,0.0164695403179326,0.40978716,0.0,0.40978716,0.0,0.0164695403179326
2018-09-12 01:00:00,0.413714527027027,0.0112127899781917,0.403375,0.0,0.403375,0.0,0.0112127899781917
2018-09-12 02:00:00,0.4097871621621621,0.0073799621507272,0.40548649,0.0,0.40548649,0.0,0.0073799621507272
2018-09-12 03:00:00,0.4033749999999999,0.0080870911670995,0.41507939,0.0,0.41507939,0.0,0.0080870911670995
2018-09-12 04:00:00,0.4054864864864865,0.0105188397975446,0.33070674,0.0,0.33070674,0.0,0.0105188397975446
2018-09-12 05:00:00,0.4150793918918919,0.0130256571037934,0.34816403,0.0,0.34816403,0.0,0.0130256571037934
2018-09-12 06:00:00,0.448866554054054,0.0239270210562332,0.0,0.0,0.0,0.017199391,0.0239270210562332
2018-09-12 07:00:00,0.5266824324324324,0.034844824761443,0.0,0.0,0.0,0.15770895,0.034844824761443
2018-09-12 08:00:00,0.6021131756756756,0.0371292745587443,0.0,0.0,0.0,0.24424791,0.0371292745587443
2018-09-12 09:00:00,0.6582584459459458,0.0325886587731212,0.0,0.0,0.0,0.39167725,0.0325886587731212
2018-09-12 10:00:00,0.7150135135135135,0.0280877991419358,0.0,0.0,0.0,0.40113428,0.0280877991419358
2018-09-12 11:00:00,0.6396385135135135,0.0249577073856019,0.0,0.0,0.0,0.32797814,0.0249577073856019
2018-09-12 12:00:00,0.6326756756756756,0.0241073007705764,0.0,0.0,0.0,0.19797892,0.0241073007705764
2018-09-12 13:00:00,0.6371064189189188,0.0238031400004164,0.0,0.0,0.0,0.029985276,0.0238031400004164
2018-09-12 14:00:00,0.6391520270270271,0.0204707869075875,0.23158007,0.0,0.23158007,0.0,0.0204707869075875
2018-09-12 15:00:00,0.6168412162162161,0.0198610798999222,0.55911372,0.0,0.55911372,0.0,0.0198610798999222
2018-09-12 16:00:00,0.6404121621621622,0.0205102896228766,0.73308277,0.0,0.73308277,0.0,0.0205102896228766
2018-09-12 17:00:00,0.707304054054054,0.0265367853446276,0.74978716,0.0,0.74978716,0.0,0.0265367853446276
2018-09-12 18:00:00,0.7330827702702704,0.0311706836328644,0.79709797,0.0,0.79709797,0.0,0.0311706836328644
2018-09-12 19:00:00,0.749787162162162,0.0322379327833989,0.83344088,0.0,0.83344088,0.0,0.0322379327833989
2018-09-12 20:00:00,0.7970979729729729,0.0310501817656952,0.79846622,0.0,0.79846622,0.0,0.0310501817656952
2018-09-12 21:00:00,0.8334408783783785,0.0295831745981634,0.60325,0.0,0.60325,0.0,0.0295831745981634
2018-09-12 22:00:00,0.7984662162162164,0.0262947509577516,0.47309291,0.0,0.47309291,0.0,0.0262947509577516
2018-09-12 23:00:00,0.60325,0.0246505898253755,0.41320777,0.0,0.41320777,0.0,0.0246505898253755
2018-09-13 00:00:00,0.4730929054054053,0.017229840867673,0.40459459,0.0,0.40459459,0.0,0.017229840867673
2018-09-13 01:00:00,0.4132077702702702,0.011856947814118,0.39804392,0.0,0.39804392,0.0,0.011856947814118
2018-09-13 02:00:00,0.4045945945945945,0.0082382253793583,0.40077196,0.0,0.40077196,0.0,0.0082382253793583
2018-09-13 03:00:00,0.3980439189189188,0.0096046847886842,0.41472804,0.0,0.41472804,0.0,0.0096046847886842
2018-09-13 04:00:00,0.4007719594594594,0.0110490007044482,0.33741302,0.0,0.33741302,0.0,0.0110490007044482
2018-09-13 05:00:00,0.4147280405405406,0.0150906454943837,0.26587977,0.0,0.26587977,0.0,0.0150906454943837
2018-09-13 06:00:00,0.4493547297297297,0.0221316412318821,0.0,0.0,0.0,0.033163819,0.0221316412318821
2018-09-13 07:00:00,0.5070067567567568,0.0312354288873502,0.0,0.0,0.0,0.12667188,0.0312354288873502
2018-09-13 08:00:00,0.5644645270270269,0.0341750019877389,0.0,0.0,0.0,0.27722173,0.0341750019877389
2018-09-13 09:00:00,0.616037162162162,0.0301572649574842,0.0,0.0,0.0,0.3741207,0.0301572649574842
2018-09-13 10:00:00,0.6734070945945946,0.0254466252950631,0.0,0.0,0.0,0.37106247,0.0254466252950631
2018-09-13 11:00:00,0.6380709459459459,0.025336598912701,0.0,0.0,0.0,0.28993263,0.025336598912701
2018-09-13 12:00:00,0.6367398648648648,0.0230901311957976,0.0,0.0,0.0,0.18323149,0.0230901311957976
2018-09-13 13:00:00,0.649412162162162,0.0230983088323245,0.0,0.0,0.0,0.0041791959,0.0230983088323245
2018-09-13 14:00:00,0.6287567567567568,0.0214345484057929,0.25869233,0.0,0.25869233,0.0,0.0214345484057929
2018-09-13 15:00:00,0.6198564189189189,0.0206975980496066,0.5461284,0.0,0.5461284,0.0,0.0206975980496066
2018-09-13 16:00:00,0.6498750000000001,0.0227717102495452,0.75240541,0.0,0.75240541,0.0,0.0227717102495452
2018-09-13 17:00:00,0.6846858108108108,0.0257742376344366,0.73844764,0.0,0.73844764,0.0,0.0257742376344366
2018-09-13 18:00:00,0.7524054054054053,0.0332007650047263,0.7993277,0.0,0.7993277,0.0,0.0332007650047263
2018-09-13 19:00:00,0.738447635135135,0.0324028709812826,0.83798311,0.0,0.83798311,0.0,0.0324028709812826
2018-09-13 20:00:00,0.7993277027027027,0.0289289467800674,0.79708953,0.0,0.79708953,0.0,0.0289289467800674
2018-09-13 21:00:00,0.8379831081081083,0.0274893786243531,0.58159797,0.0,0.58159797,0.0,0.0274893786243531
2018-09-13 22:00:00,0.7970895270270271,0.0261105175926909,0.45338514,0.0,0.45338514,0.0,0.0261105175926909
2018-09-13 23:00:00,0.5815979729729729,0.0226748964947948,0.42089865,0.0,0.42089865,0.0,0.0226748964947948
2018-09-14 00:00:00,0.4533851351351351,0.0167329818648903,0.40870101,0.0,0.40870101,0.0,0.0167329818648903
2018-09-14 01:00:00,0.4208986486486485,0.0115772354738227,0.39893919,0.0,0.39893919,0.0,0.0115772354738227
2018-09-14 02:00:00,0.4087010135135134,0.0087084732715419,0.4080473,0.0,0.4080473,0.0,0.0087084732715419
2018-09-14 03:00:00,0.3989391891891891,0.0098969508148051,0.41651689,0.0,0.41651689,0.0,0.0098969508148051
2018-09-14 04:00:00,0.4080472972972973,0.0100229776554129,0.33636458,0.0,0.33636458,0.0,0.0100229776554129
2018-09-14 05:00:00,0.4165168918918918,0.0134209883836624,0.35871962,0.0,0.35871962,0.0,0.0134209883836624
2018-09-14 06:00:00,0.4443412162162162,0.0230681664695889,0.081316583,0.0,0.081316583,0.0,0.0230681664695889
2018-09-14 07:00:00,0.5159763513513513,0.0338140708483012,0.0,0.0,0.0,0.15578325,0.0338140708483012
2018-09-14 08:00:00,0.5666030405405406,0.0376687620263149,0.0,0.0,0.0,0.26527277,0.0376687620263149
2018-09-14 09:00:00,0.6331418918918917,0.0339306866485258,0.0,0.0,0.0,0.34899604,0.0339306866485258
2018-09-14 10:00:00,0.6610793918918919,0.0319517155049572,0.0,0.0,0.0,0.36002176,0.0319517155049572
2018-09-14 11:00:00,0.6384442567567566,0.02863899549817,0.0,0.0,0.0,0.26214478,0.02863899549817
2018-09-14 12:00:00,0.6268243243243242,0.0255381168276935,0.0,0.0,0.0,0.129022,0.0255381168276935
2018-09-14 13:00:00,0.6587111486486485,0.0246062379743772,0.00091028802,0.0,0.00091028802,0.0,0.0246062379743772
2018-09-14 14:00:00,0.6640388513513513,0.0199896242360724,0.24937558,0.0,0.24937558,0.0,0.0199896242360724
2018-09-14 15:00:00,0.6057567567567567,0.0197081716136235,0.56467889,0.0,0.56467889,0.0,0.0197081716136235
2018-09-14 16:00:00,0.619837837837838,0.0211183070362181,0.75497804,0.0,0.75497804,0.0,0.0211183070362181
2018-09-14 17:00:00,0.6887195945945945,0.026984950239,0.77950507,0.0,0.77950507,0.0,0.026984950239
2018-09-14 18:00:00,0.7549780405405405,0.0312908813730554,0.82521622,0.0,0.82521622,0.0,0.0312908813730554
2018-09-14 19:00:00,0.7795050675675674,0.0334132821787666,0.85320608,0.0,0.85320608,0.0,0.0334132821787666
2018-09-14 20:00:00,0.8252162162162161,0.0313361625009317,0.79166385,0.0,0.79166385,0.0,0.0313361625009317
2018-09-14 21:00:00,0.8532060810810812,0.0284114409346486,0.5875777,0.0,0.5875777,0.0,0.0284114409346486
2018-09-14 22:00:00,0.7916638513513515,0.0260889752650632,0.4757652,0.0,0.4757652,0.0,0.0260889752650632
2018-09-14 23:00:00,0.5875777027027027,0.0231045603313223,0.42452196,0.0,0.42452196,0.0,0.0231045603313223
2018-09-15 00:00:00,0.4757652027027026,0.0183045749210617,0.41051351,0.0,0.41051351,0.0,0.0183045749210617
2018-09-15 01:00:00,0.4245219594594593,0.0113057007700542,0.40060811,0.0,0.40060811,0.0,0.0113057007700542
2018-09-15 02:00:00,0.4105135135135134,0.0088247173610154,0.40699155,0.0,0.40699155,0.0,0.0088247173610154
2018-09-15 03:00:00,0.400608108108108,0.0093404829242808,0.422875,0.0,0.422875,0.0,0.0093404829242808
2018-09-15 04:00:00,0.406991554054054,0.0118769526109113,0.34026425,0.0,0.34026425,0.0,0.0118769526109113
2018-09-15 05:00:00,0.422875,0.0133976381901084,0.2727196,0.0,0.2727196,0.0,0.0133976381901084
2018-09-15 06:00:00,0.4465726351351352,0.0169663486328855,0.12933118,0.0,0.12933118,0.0,0.0169663486328855
2018-09-15 07:00:00,0.4802466216216215,0.025729142361936,0.0,0.0,0.0,0.15013669,0.025729142361936
2018-09-15 08:00:00,0.5469138513513513,0.0313629425709629,0.0,0.0,0.0,0.20332775,0.0313629425709629
2018-09-15 09:00:00,0.6309425675675675,0.0302487564901147,0.0,0.0,0.0,0.25738465,0.0302487564901147
2018-09-15 10:00:00,0.6994037162162161,0.0294089436314991,0.0,0.0,0.0,0.28372274,0.0294089436314991
2018-09-15 11:00:00,0.7060793918918917,0.0283496017823996,0.0,0.0,0.0,0.21474919,0.0283496017823996
2018-09-15 12:00:00,0.678224662162162,0.0280874781190142,0.0,0.0,0.0,0.09344006,0.0280874781190142
2018-09-15 13:00:00,0.6779239864864863,0.0270986261451012,0.058880079,0.0,0.058880079,0.0,0.0270986261451012
2018-09-15 14:00:00,0.6730658783783785,0.0242850798853205,0.30627239,0.0,0.30627239,0.0,0.0242850798853205
2018-09-15 15:00:00,0.6419273648648647,0.0237278685732938,0.62885728,0.0,0.62885728,0.0,0.0237278685732938
2018-09-15 16:00:00,0.6562500000000001,0.0248612146537731,0.75040541,0.0,0.75040541,0.0,0.0248612146537731
2018-09-15 17:00:00,0.741375,0.0250555348969467,0.77320777,0.0,0.77320777,0.0,0.0250555348969467
2018-09-15 18:00:00,0.7504054054054053,0.03037174206094,0.80331081,0.0,0.80331081,0.0,0.03037174206094
2018-09-15 19:00:00,0.7732077702702702,0.0322661321126622,0.82838682,0.0,0.82838682,0.0,0.0322661321126622
2018-09-15 20:00:00,0.8033108108108106,0.0313619288143686,0.80529223,0.0,0.80529223,0.0,0.0313619288143686
2018-09-15 21:00:00,0.8283868243243244,0.0269814020909202,0.62434459,0.0,0.62434459,0.0,0.0269814020909202
2018-09-15 22:00:00,0.8052922297297298,0.0272545757011827,0.47252703,0.0,0.47252703,0.0,0.0272545757011827
2018-09-15 23:00:00,0.6243445945945946,0.02397220080845,0.43091723,0.0,0.43091723,0.0,0.02397220080845
2018-09-16 00:00:00,0.472527027027027,0.0179571943281005,0.40609628,0.0,0.40609628,0.0,0.0179571943281005
2018-09-16 01:00:00,0.4309172297297296,0.0118955381484725,0.39751858,0.0,0.39751858,0.0,0.0118955381484725
2018-09-16 02:00:00,0.4060962837837837,0.0088496219813473,0.40147804,0.0,0.40147804,0.0,0.0088496219813473
2018-09-16 03:00:00,0.397518581081081,0.0101629436491916,0.41566554,0.0,0.41566554,0.0,0.0101629436491916
2018-09-16 04:00:00,0.4014780405405405,0.0118063444641221,0.34628176,0.0,0.34628176,0.0,0.0118063444641221
2018-09-16 05:00:00,0.4156655405405405,0.0138021777590418,0.29144787,0.0,0.29144787,0.0,0.0138021777590418
2018-09-16 06:00:00,0.4420371621621622,0.019823993304516,0.0,0.0,0.0,0.0070737403,0.019823993304516
2018-09-16 07:00:00,0.4893496621621621,0.0273906387320735,0.12894113,0.0,0.12894113,0.0,0.0273906387320735
2018-09-16 08:00:00,0.5630219594594593,0.0360423416343381,0.0,0.0,0.0,0.044088526,0.0360423416343381
2018-09-16 09:00:00,0.6190456081081079,0.0352682370989727,0.0,0.0,0.0,0.17291412,0.0352682370989727
2018-09-16 10:00:00,0.7347466216216216,0.0289508777143895,0.0,0.0,0.0,0.28663003,0.0289508777143895
2018-09-16 11:00:00,0.6951266891891892,0.0268829663256189,0.0,0.0,0.0,0.17983734,0.0268829663256189
2018-09-16 12:00:00,0.6727837837837838,0.0254989858231558,0.0,0.0,0.0,0.12228155,0.0254989858231558
2018-09-16 13:00:00,0.7152939189189187,0.0269878563412368,0.034094161,0.0,0.034094161,0.0,0.0269878563412368
2018-09-16 14:00:00,0.6470878378378379,0.0237562706538759,0.35320138,0.0,0.35320138,0.0,0.0237562706538759
2018-09-16 15:00:00,0.620831081081081,0.0222431037694195,0.63743995,0.0,0.63743995,0.0,0.0222431037694195
2018-09-16 16:00:00,0.710481418918919,0.0220271229270156,0.7529223,0.0,0.7529223,0.0,0.0220271229270156
2018-09-16 17:00:00,0.7514628378378378,0.0263448305335074,0.7628902,0.0,0.7628902,0.0,0.0263448305335074
2018-09-16 18:00:00,0.7529222972972973,0.0317408034455245,0.78872466,0.0,0.78872466,0.0,0.0317408034455245
2018-09-16 19:00:00,0.7628902027027025,0.0313160901203657,0.85009628,0.0,0.85009628,0.0,0.0313160901203657
2018-09-16 20:00:00,0.7887246621621621,0.0318118677827811,0.80990372,0.0,0.80990372,0.0,0.0318118677827811
2018-09-16 21:00:00,0.8500962837837839,0.0289678243454566,0.63699324,0.0,0.63699324,0.0,0.0289678243454566
2018-09-16 22:00:00,0.8099037162162164,0.0260256323738661,0.46948818,0.0,0.46948818,0.0,0.0260256323738661
2018-09-16 23:00:00,0.6369932432432432,0.0220599348487826,0.42526182,0.0,0.42526182,0.0,0.0220599348487826
2018-09-17 00:00:00,0.4694881756756756,0.0174785153602413,0.41128716,0.0,0.41128716,0.0,0.0174785153602413
2018-09-17 01:00:00,0.4252618243243242,0.0113078972426752,0.39710473,0.0,0.39710473,0.0,0.0113078972426752
2018-09-17 02:00:00,0.4112871621621621,0.0082849933502394,0.40071959,0.0,0.40071959,0.0,0.0082849933502394
2018-09-17 03:00:00,0.3971047297297296,0.0091662857495029,0.41655236,0.0,0.41655236,0.0,0.0091662857495029
2018-09-17 04:00:00,0.4007195945945945,0.0108013906563039,0.43225264,0.0,0.43225264,0.0,0.0108013906563039
2018-09-17 05:00:00,0.4165523648648648,0.0142657179617603,0.45068395,0.0,0.45068395,0.0,0.0142657179617603
2018-09-17 06:00:00,0.445679054054054,0.0231828561322844,0.31791977,0.0,0.31791977,0.0,0.0231828561322844
2018-09-17 07:00:00,0.5171131756756757,0.0347157904429389,0.15296109,0.0,0.15296109,0.0,0.0347157904429389
2018-09-17 08:00:00,0.5600084459459459,0.0362189549289988,0.0,0.0,0.0,0.29954454,0.0362189549289988
2018-09-17 09:00:00,0.6050540540540539,0.0303318676348996,0.0,0.0,0.0,0.37986194,0.0303318676348996
2018-09-17 10:00:00,0.6483277027027027,0.0288921981035259,0.0,0.0,0.0,0.348537,0.0288921981035259
2018-09-17 11:00:00,0.6382364864864865,0.0258495766453322,0.0,0.0,0.0,0.3142208,0.0258495766453322
2018-09-17 12:00:00,0.6690658783783784,0.0272088721747255,0.0,0.0,0.0,0.20179847,0.0272088721747255
2018-09-17 13:00:00,0.6333564189189189,0.0243138367807106,0.0,0.0,0.0,0.015165285,0.0243138367807106
2018-09-17 14:00:00,0.614168918918919,0.0226792218562635,0.25032052,0.0,0.25032052,0.0,0.0226792218562635
2018-09-17 15:00:00,0.6057398648648648,0.0195083095010682,0.57573487,0.0,0.57573487,0.0,0.0195083095010682
2018-09-17 16:00:00,0.629856418918919,0.0210386088719674,0.76419932,0.0,0.76419932,0.0,0.0210386088719674
2018-09-17 17:00:00,0.6957381756756755,0.0249866670323109,0.78363514,0.0,0.78363514,0.0,0.0249866670323109
2018-09-17 18:00:00,0.7641993243243244,0.0296960563949325,0.80988345,0.0,0.80988345,0.0,0.0296960563949325
2018-09-17 19:00:00,0.7836351351351349,0.0328874973211614,0.87047297,0.0,0.87047297,0.0,0.0328874973211614
2018-09-17 20:00:00,0.8098834459459457,0.030308264002197,0.81656081,0.0,0.81656081,0.0,0.030308264002197
2018-09-17 21:00:00,0.8704729729729732,0.0280736403415029,0.61823311,0.0,0.61823311,0.0,0.0280736403415029
2018-09-17 22:00:00,0.8165608108108109,0.0273483481861504,0.4656402,0.0,0.4656402,0.0,0.0273483481861504
2018-09-17 23:00:00,0.618233108108108,0.0225340688079109,0.42343074,0.0,0.42343074,0.0,0.0225340688079109
2018-09-18 00:00:00,0.4656402027027027,0.0172436617492411,0.40686824,0.0,0.40686824,0.0,0.0172436617492411
2018-09-18 01:00:00,0.4234307432432431,0.0111861450757062,0.39792568,0.0,0.39792568,0.0,0.0111861450757062
2018-09-18 02:00:00,0.4068682432432431,0.0077114774529886,0.40117905,0.0,0.40117905,0.0,0.0077114774529886
2018-09-18 03:00:00,0.3979256756756756,0.0091467033512908,0.41464358,0.0,0.41464358,0.0,0.0091467033512908
2018-09-18 04:00:00,0.401179054054054,0.0115518239751937,0.34249946,0.0,0.34249946,0.0,0.0115518239751937
2018-09-18 05:00:00,0.4146435810810811,0.0145685439524044,0.14729804,0.0,0.14729804,0.0,0.0145685439524044
2018-09-18 06:00:00,0.445518581081081,0.0222583101183332,0.0,0.0,0.0,0.0097426754,0.0222583101183332
2018-09-18 07:00:00,0.5042956081081081,0.0340200999801383,0.0,0.0,0.0,0.172964,0.0340200999801383
2018-09-18 08:00:00,0.597125,0.0345520180651386,0.0,0.0,0.0,0.30425791,0.0345520180651386
2018-09-18 09:00:00,0.6306689189189189,0.0313343039471755,0.0,0.0,0.0,0.35810152,0.0313343039471755
2018-09-18 10:00:00,0.640206081081081,0.0308553546442245,0.0,0.0,0.0,0.34851667,0.0308553546442245
2018-09-18 11:00:00,0.6515270270270269,0.0290092700942179,0.0,0.0,0.0,0.28231013,0.0290092700942179
2018-09-18 12:00:00,0.6584746621621621,0.025741172273521,0.0,0.0,0.0,0.18580772,0.025741172273521
2018-09-18 13:00:00,0.6562432432432432,0.0243585265505736,0.0,0.0,0.0,0.019237409,0.0243585265505736
2018-09-18 14:00:00,0.6221165540540541,0.022319507224739,0.25555266,0.0,0.25555266,0.0,0.022319507224739
2018-09-18 15:00:00,0.5938445945945945,0.0187032853895782,0.59423764,0.0,0.59423764,0.0,0.0187032853895782
2018-09-18 16:00:00,0.6276334459459461,0.0213288135930132,0.74383108,0.0,0.74383108,0.0,0.0213288135930132
2018-09-18 17:00:00,0.7086368243243243,0.0260899383338278,0.75136318,0.0,0.75136318,0.0,0.0260899383338278
2018-09-18 18:00:00,0.7438310810810812,0.0311688757669379,0.80394088,0.0,0.80394088,0.0,0.0311688757669379
2018-09-18 19:00:00,0.7513631756756756,0.0319972162800955,0.84775507,0.0,0.84775507,0.0,0.0319972162800955
2018-09-18 20:00:00,0.8039408783783782,0.0308618764783141,0.78438176,0.0,0.78438176,0.0,0.0308618764783141
2018-09-18 21:00:00,0.8477550675675677,0.0273163472696587,0.613625,0.0,0.613625,0.0,0.0273163472696587
2018-09-18 22:00:00,0.7843817567567569,0.0266791505623461,0.46515709,0.0,0.46515709,0.0,0.0266791505623461
2018-09-18 23:00:00,0.613625,0.0251983900970189,0.42209122,0.0,0.42209122,0.0,0.0251983900970189
2018-09-19 00:00:00,0.4651570945945945,0.0187605964290396,0.4083598,0.0,0.4083598,0.0,0.0187605964290396
2018-09-19 01:00:00,0.4220912162162161,0.0132963808022866,0.39792905,0.0,0.39792905,0.0,0.0132963808022866
2018-09-19 02:00:00,0.4083597972972973,0.0107481853310492,0.40074324,0.0,0.40074324,0.0,0.0107481853310492
2018-09-19 03:00:00,0.397929054054054,0.0144659517850669,0.41974324,0.0,0.41974324,0.0,0.0144659517850669
2018-09-19 04:00:00,0.4007432432432432,0.0166693517426581,0.35105108,0.0,0.35105108,0.0,0.0166693517426581
2018-09-19 05:00:00,0.4197432432432432,0.0224393332541788,0.17670616,0.0,0.17670616,0.0,0.0224393332541788
2018-09-19 06:00:00,0.4524138513513513,0.0344313641344802,0.0,0.0,0.0,0.017577152,0.0344313641344802
2018-09-19 07:00:00,0.5375388513513514,0.0442656816877043,0.0,0.0,0.0,0.18371746,0.0442656816877043
2018-09-19 08:00:00,0.5863175675675675,0.0469938696422498,0.0,0.0,0.0,0.27496742,0.0469938696422498
2018-09-19 09:00:00,0.6119847972972972,0.0432505058342274,0.0,0.0,0.0,0.34929267,0.0432505058342274
2018-09-19 10:00:00,0.6463986486486486,0.0379836686163738,0.0,0.0,0.0,0.34326387,0.0379836686163738
2018-09-19 11:00:00,0.6364307432432432,0.0308632619456596,0.0,0.0,0.0,0.25632997,0.0308632619456596
2018-09-19 12:00:00,0.6367195945945945,0.0262458709939657,0.0,0.0,0.0,0.14415618,0.0262458709939657
2018-09-19 13:00:00,0.6432195945945944,0.0258331031006758,0.011150862,0.0,0.011150862,0.0,0.0258331031006758
2018-09-19 14:00:00,0.6229408783783784,0.0214878888985934,0.27033004,0.0,0.27033004,0.0,0.0214878888985934
2018-09-19 15:00:00,0.587099662162162,0.0207605692300524,0.64780479,0.0,0.64780479,0.0,0.0207605692300524
2018-09-19 16:00:00,0.6128445945945947,0.0225862772725146,0.7769375,0.0,0.7769375,0.0,0.0225862772725146
2018-09-19 17:00:00,0.7183513513513513,0.0270087059351919,0.76405236,0.0,0.76405236,0.0,0.0270087059351919
2018-09-19 18:00:00,0.7769375,0.0319879235113149,0.78254561,0.0,0.78254561,0.0,0.0319879235113149
2018-09-19 19:00:00,0.7640523648648647,0.0329870482187163,0.83850676,0.0,0.83850676,0.0,0.0329870482187163
2018-09-19 20:00:00,0.782545608108108,0.0304280731356936,0.81199831,0.0,0.81199831,0.0,0.0304280731356936
2018-09-19 21:00:00,0.8385067567567569,0.0270699706253708,0.58441216,0.0,0.58441216,0.0,0.0270699706253708
2018-09-19 22:00:00,0.8119983108108109,0.0271177692487894,0.44678716,0.0,0.44678716,0.0,0.0271177692487894
2018-09-19 23:00:00,0.5844121621621622,0.0232273769427151,0.43036824,0.0,0.43036824,0.0,0.0232273769427151
2018-09-20 00:00:00,0.4467871621621621,0.0171633891229202,0.40635811,0.0,0.40635811,0.0,0.0171633891229202
2018-09-20 01:00:00,0.4303682432432431,0.0101306048138352,0.39807432,0.0,0.39807432,0.0,0.0101306048138352
2018-09-20 02:00:00,0.4063581081081081,0.0081029733537427,0.40047466,0.0,0.40047466,0.0,0.0081029733537427
2018-09-20 03:00:00,0.3980743243243242,0.0084732310538474,0.41474493,0.0,0.41474493,0.0,0.0084732310538474
2018-09-20 04:00:00,0.4004746621621621,0.0099120557880593,0.42567401,0.0,0.42567401,0.0,0.0099120557880593
2018-09-20 05:00:00,0.4147449324324325,0.0148588838409962,0.37894468,0.0,0.37894468,0.0,0.0148588838409962
2018-09-20 06:00:00,0.4429543918918918,0.0239128115679705,0.39854548,0.0,0.39854548,0.0,0.0239128115679705
2018-09-20 07:00:00,0.5024594594594595,0.0345846103396436,0.42276542,0.0,0.42276542,0.0,0.0345846103396436
2018-09-20 08:00:00,0.5637567567567566,0.0394954162415984,0.34852472,0.0,0.34852472,0.0,0.0394954162415984
2018-09-20 09:00:00,0.6432381756756755,0.0305885170126759,0.032573069,0.0,0.032573069,0.0,0.0305885170126759
2018-09-20 10:00:00,0.6529172297297298,0.0248859334187294,0.0,0.0,0.0,0.32429373,0.0248859334187294
2018-09-20 11:00:00,0.6504729729729729,0.0240052830653089,0.0,0.0,0.0,0.23576444,0.0240052830653089
2018-09-20 12:00:00,0.641125,0.0244914807279088,0.0,0.0,0.0,0.12618234,0.0244914807279088
2018-09-20 13:00:00,0.664893581081081,0.0232710022681541,0.042025226,0.0,0.042025226,0.0,0.0232710022681541
2018-09-20 14:00:00,0.6436655405405406,0.0211262988173696,0.27324233,0.0,0.27324233,0.0,0.0211262988173696
2018-09-20 15:00:00,0.6188192567567568,0.0196613867467992,0.57625168,0.0,0.57625168,0.0,0.0196613867467992
2018-09-20 16:00:00,0.6193969594594595,0.0220133189413906,0.72751351,0.0,0.72751351,0.0,0.0220133189413906
2018-09-20 17:00:00,0.6746689189189189,0.0252064156700568,0.73790541,0.0,0.73790541,0.0,0.0252064156700568
2018-09-20 18:00:00,0.7275135135135136,0.0294975628537794,0.81265034,0.0,0.81265034,0.0,0.0294975628537794
2018-09-20 19:00:00,0.7379054054054053,0.0299872579766293,0.82772635,0.0,0.82772635,0.0,0.0299872579766293
2018-09-20 20:00:00,0.8126503378378377,0.0286880782132748,0.82261824,0.0,0.82261824,0.0,0.0286880782132748
2018-09-20 21:00:00,0.8277263513513515,0.0274519879019687,0.59172635,0.0,0.59172635,0.0,0.0274519879019687
2018-09-20 22:00:00,0.8226182432432434,0.025440559651441,0.47333615,0.0,0.47333615,0.0,0.025440559651441
2018-09-20 23:00:00,0.5917263513513513,0.0243269480326628,0.42707264,0.0,0.42707264,0.0,0.0243269480326628
2018-09-21 00:00:00,0.4733361486486486,0.0178657365873564,0.40428547,0.0,0.40428547,0.0,0.0178657365873564
2018-09-21 01:00:00,0.427072635135135,0.0094135747747258,0.39813682,0.0,0.39813682,0.0,0.0094135747747258
2018-09-21 02:00:00,0.4042854729729729,0.0074975241237732,0.40063345,0.0,0.40063345,0.0,0.0074975241237732
2018-09-21 03:00:00,0.3981368243243242,0.0066098450579658,0.42364696,0.0,0.42364696,0.0,0.0066098450579658
2018-09-21 04:00:00,0.4006334459459459,0.0075602587610136,0.43971546,0.0,0.43971546,0.0,0.0075602587610136
2018-09-21 05:00:00,0.4236469594594594,0.0102893590964939,0.39757882,0.0,0.39757882,0.0,0.0102893590964939
2018-09-21 06:00:00,0.4663682432432432,0.0169756920894957,0.36698681,0.0,0.36698681,0.0,0.0169756920894957
2018-09-21 07:00:00,0.530195945945946,0.0274774669843707,0.0,0.0,0.0,0.13441259,0.0274774669843707
2018-09-21 08:00:00,0.6112685810810811,0.029184835840398,0.0,0.0,0.0,0.24454434,0.029184835840398
2018-09-21 09:00:00,0.636858108108108,0.0245355453478718,0.0,0.0,0.0,0.17141896,0.0245355453478718
2018-09-21 10:00:00,0.6637347972972973,0.0243002017545179,0.0,0.0,0.0,0.32447856,0.0243002017545179
2018-09-21 11:00:00,0.6517027027027027,0.0238957973531305,0.0,0.0,0.0,0.039462895,0.0238957973531305
2018-09-21 12:00:00,0.6476993243243243,0.0229142444266961,0.034191053,0.0,0.034191053,0.0,0.0229142444266961
2018-09-21 13:00:00,0.6496993243243243,0.0232495613161857,0.11240611,0.0,0.11240611,0.0,0.0232495613161857
2018-09-21 14:00:00,0.620660472972973,0.020075286668286,0.30710066,0.0,0.30710066,0.0,0.020075286668286
2018-09-21 15:00:00,0.601527027027027,0.0185760082491708,0.59421606,0.0,0.59421606,0.0,0.0185760082491708
2018-09-21 16:00:00,0.6135692567567569,0.0188679363564269,0.74892905,0.0,0.74892905,0.0,0.0188679363564269
2018-09-21 17:00:00,0.6848158783783783,0.0258753429587693,0.77508446,0.0,0.77508446,0.0,0.0258753429587693
2018-09-21 18:00:00,0.7489290540540541,0.0300935334595927,0.80616554,0.0,0.80616554,0.0,0.0300935334595927
2018-09-21 19:00:00,0.7750844594594593,0.0333193576303098,0.87063851,0.0,0.87063851,0.0,0.0333193576303098
2018-09-21 20:00:00,0.8061655405405405,0.0300288895807664,0.8212973,0.0,0.8212973,0.0,0.0300288895807664
2018-09-21 21:00:00,0.8706385135135137,0.026634021497959,0.60428547,0.0,0.60428547,0.0,0.026634021497959
2018-09-21 22:00:00,0.8212972972972974,0.0265395393833754,0.48541216,0.0,0.48541216,0.0,0.0265395393833754
2018-09-21 23:00:00,0.604285472972973,0.0227138247480137,0.42988007,0.0,0.42988007,0.0,0.0227138247480137
2018-09-22 00:00:00,0.4854121621621621,0.0157980279499047,0.43162162,0.0,0.43162162,0.0,0.0157980279499047
2018-09-22 01:00:00,0.4298800675675674,0.0114104556181262,0.39960135,0.0,0.39960135,0.0,0.0114104556181262
2018-09-22 02:00:00,0.4316216216216216,0.0084562506308939,0.40054899,0.0,0.40054899,0.0,0.0084562506308939
2018-09-22 03:00:00,0.3996013513513513,0.0107361385235209,0.41568581,0.0,0.41568581,0.0,0.0107361385235209
2018-09-22 04:00:00,0.4005489864864864,0.0117333708852797,0.35925543,0.0,0.35925543,0.0,0.0117333708852797
2018-09-22 05:00:00,0.4156858108108108,0.0141590538721025,0.13082257,0.0,0.13082257,0.0,0.0141590538721025
2018-09-22 06:00:00,0.446043918918919,0.0186968818270913,0.0,0.0,0.0,0.059686598,0.0186968818270913
2018-09-22 07:00:00,0.4703935810810811,0.0263579417854595,0.0,0.0,0.0,0.15214432,0.0263579417854595
2018-09-22 08:00:00,0.5211385135135134,0.0359875142985326,0.0,0.0,0.0,0.19644296,0.0359875142985326
2018-09-22 09:00:00,0.623322635135135,0.0404653616550286,0.0,0.0,0.0,0.26938839,0.0404653616550286
2018-09-22 10:00:00,0.7105929054054054,0.0399425842753197,0.0,0.0,0.0,0.29030795,0.0399425842753197
2018-09-22 11:00:00,0.700822635135135,0.0341723831165371,0.0,0.0,0.0,0.19252459,0.0341723831165371
2018-09-22 12:00:00,0.6773361486486486,0.0279399258467221,0.0,0.0,0.0,0.10808787,0.0279399258467221
2018-09-22 13:00:00,0.7077195945945944,0.0260764891630107,0.096824914,0.0,0.096824914,0.0,0.0260764891630107
2018-09-22 14:00:00,0.6573226351351351,0.0240109263103503,0.36920734,0.0,0.36920734,0.0,0.0240109263103503
2018-09-22 15:00:00,0.6695608108108108,0.0232545794113274,0.70514081,0.0,0.70514081,0.0,0.0232545794113274
2018-09-22 16:00:00,0.7046722972972974,0.0236381511147032,0.76916047,0.0,0.76916047,0.0,0.0236381511147032
2018-09-22 17:00:00,0.7929662162162162,0.0272952442365552,0.78240034,0.0,0.78240034,0.0,0.0272952442365552
2018-09-22 18:00:00,0.769160472972973,0.031331059926074,0.80070777,0.0,0.80070777,0.0,0.031331059926074
2018-09-22 19:00:00,0.7824003378378377,0.033647375472321,0.85183108,0.0,0.85183108,0.0,0.033647375472321
2018-09-22 20:00:00,0.8007077702702702,0.0300367461943718,0.80060642,0.0,0.80060642,0.0,0.0300367461943718
2018-09-22 21:00:00,0.8518310810810812,0.028829716905434,0.60012331,0.0,0.60012331,0.0,0.028829716905434
2018-09-22 22:00:00,0.800606418918919,0.0251350472058219,0.47905574,0.0,0.47905574,0.0,0.0251350472058219
2018-09-22 23:00:00,0.6001233108108108,0.0228309643224788,0.42173311,0.0,0.42173311,0.0,0.0228309643224788
2018-09-23 00:00:00,0.4790557432432432,0.0175855849525368,0.40800676,0.0,0.40800676,0.0,0.0175855849525368
2018-09-23 01:00:00,0.421733108108108,0.0120429721491621,0.39787669,0.0,0.39787669,0.0,0.0120429721491621
2018-09-23 02:00:00,0.4080067567567567,0.0095906611557971,0.40151858,0.0,0.40151858,0.0,0.0095906611557971
2018-09-23 03:00:00,0.3978766891891891,0.0118326514477427,0.42738682,0.0,0.42738682,0.0,0.0118326514477427
2018-09-23 04:00:00,0.401518581081081,0.0145499753107865,0.35939026,0.0,0.35939026,0.0,0.0145499753107865
2018-09-23 05:00:00,0.4273868243243243,0.0181793759816725,0.1423197,0.0,0.1423197,0.0,0.0181793759816725
2018-09-23 06:00:00,0.4463631756756757,0.0244154489833403,0.0,0.0,0.0,0.03001347,0.0244154489833403
2018-09-23 07:00:00,0.4809628378378379,0.033496579178927,0.0,0.0,0.0,0.13555381,0.033496579178927
2018-09-23 08:00:00,0.5462466216216216,0.0423715957629603,0.0,0.0,0.0,0.14415381,0.0423715957629603
2018-09-23 09:00:00,0.6282533783783782,0.038642255587825,0.0,0.0,0.0,0.24491879,0.038642255587825
2018-09-23 10:00:00,0.7462516891891892,0.0321775973700981,0.0,0.0,0.0,0.28021278,0.0321775973700981
2018-09-23 11:00:00,0.7098141891891891,0.0278312849317054,0.0,0.0,0.0,0.22935833,0.0278312849317054
2018-09-23 12:00:00,0.669885135135135,0.0279580214019293,0.0,0.0,0.0,0.12019854,0.0279580214019293
2018-09-23 13:00:00,0.6489864864864865,0.027831893185662,0.068613061,0.0,0.068613061,0.0,0.027831893185662
2018-09-23 14:00:00,0.6275439189189189,0.023118127773742,0.35967353,0.0,0.35967353,0.0,0.023118127773742
2018-09-23 15:00:00,0.625251689189189,0.0234890613115762,0.67109758,0.0,0.67109758,0.0,0.0234890613115762
2018-09-23 16:00:00,0.6820574324324326,0.0235776974297997,0.76567399,0.0,0.76567399,0.0,0.0235776974297997
2018-09-23 17:00:00,0.7519628378378378,0.026621569187793,0.76085135,0.0,0.76085135,0.0,0.026621569187793
2018-09-23 18:00:00,0.7656739864864864,0.0317608927220338,0.80337669,0.0,0.80337669,0.0,0.0317608927220338
2018-09-23 19:00:00,0.7608513513513513,0.0333642501514915,0.86036318,0.0,0.86036318,0.0,0.0333642501514915
2018-09-23 20:00:00,0.803376689189189,0.0306008848431258,0.85522297,0.0,0.85522297,0.0,0.0306008848431258
2018-09-23 21:00:00,0.8603631756756758,0.028749444279113,0.63103716,0.0,0.63103716,0.0,0.028749444279113
2018-09-23 22:00:00,0.8552229729729731,0.0269116049494065,0.47919595,0.0,0.47919595,0.0,0.0269116049494065
2018-09-23 23:00:00,0.6310371621621622,0.0231630202949238,0.41416892,0.0,0.41416892,0.0,0.0231630202949238
2018-09-24 00:00:00,0.4791959459459459,0.0172144655593269,0.40805236,0.0,0.40805236,0.0,0.0172144655593269
2018-09-24 01:00:00,0.4141689189189188,0.0124134494965289,0.3991402,0.0,0.3991402,0.0,0.0124134494965289
2018-09-24 02:00:00,0.4080523648648648,0.0089104135851155,0.4086723,0.0,0.4086723,0.0,0.0089104135851155
2018-09-24 03:00:00,0.3991402027027026,0.0123064136961198,0.43066723,0.0,0.43066723,0.0,0.0123064136961198
2018-09-24 04:00:00,0.4086722972972973,0.0150454826381103,0.37554438,0.0,0.37554438,0.0,0.0150454826381103
2018-09-24 05:00:00,0.4306672297297297,0.0216613764437552,0.17484086,0.0,0.17484086,0.0,0.0216613764437552
2018-09-24 06:00:00,0.4585895270270271,0.0324767062532301,0.0,0.0,0.0,0.012852601,0.0324767062532301
2018-09-24 07:00:00,0.5085135135135135,0.0483781711676344,0.0,0.0,0.0,0.12300393,0.0483781711676344
2018-09-24 08:00:00,0.5595844594594593,0.0508018604331551,0.0,0.0,0.0,0.22976604,0.0508018604331551
2018-09-24 09:00:00,0.6341925675675674,0.0409904875708476,0.0,0.0,0.0,0.29218466,0.0409904875708476
2018-09-24 10:00:00,0.6521993243243243,0.0312235172473678,0.0,0.0,0.0,0.28222973,0.0312235172473678
2018-09-24 11:00:00,0.6496807432432432,0.0267641709487168,0.0,0.0,0.0,0.23529825,0.0267641709487168
2018-09-24 12:00:00,0.6540152027027026,0.0242246093044738,0.0,0.0,0.0,0.13868079,0.0242246093044738
2018-09-24 13:00:00,0.6316959459459459,0.0231223010717216,0.064381256,0.0,0.064381256,0.0,0.0231223010717216
2018-09-24 14:00:00,0.5955405405405405,0.0221806901551005,0.31613021,0.0,0.31613021,0.0,0.0221806901551005
2018-09-24 15:00:00,0.6082466216216215,0.0186998386171578,0.62117351,0.0,0.62117351,0.0,0.0186998386171578
2018-09-24 16:00:00,0.628793918918919,0.0214311185293158,0.74356757,0.0,0.74356757,0.0,0.0214311185293158
2018-09-24 17:00:00,0.6946300675675675,0.0271281940457669,0.76450845,0.0,0.76450845,0.0,0.0271281940457669
2018-09-24 18:00:00,0.7435675675675676,0.0325019487924269,0.79180743,0.0,0.79180743,0.0,0.0325019487924269
2018-09-24 19:00:00,0.7645084459459459,0.0330243713573277,0.82251014,0.0,0.82251014,0.0,0.0330243713573277
2018-09-24 20:00:00,0.7918074324324323,0.0312374226086522,0.79682095,0.0,0.79682095,0.0,0.0312374226086522
2018-09-24 21:00:00,0.8225101351351354,0.0267975573325539,0.58432432,0.0,0.58432432,0.0,0.0267975573325539
2018-09-24 22:00:00,0.7968209459459461,0.0255795456805119,0.45306081,0.0,0.45306081,0.0,0.0255795456805119
2018-09-24 23:00:00,0.5843243243243242,0.0230967037177169,0.41045777,0.0,0.41045777,0.0,0.0230967037177169
2018-09-25 00:00:00,0.4530608108108107,0.0166714468396196,0.40557939,0.0,0.40557939,0.0,0.0166714468396196
2018-09-25 01:00:00,0.4104577702702702,0.0117869648172288,0.39840541,0.0,0.39840541,0.0,0.0117869648172288
2018-09-25 02:00:00,0.4055793918918918,0.0073531482888094,0.40080574,0.0,0.40080574,0.0,0.0073531482888094
2018-09-25 03:00:00,0.3984054054054053,0.0098842281695472,0.41726182,0.0,0.41726182,0.0,0.0098842281695472
2018-09-25 04:00:00,0.4008057432432432,0.0119884827322214,0.37686642,0.0,0.37686642,0.0,0.0119884827322214
2018-09-25 05:00:00,0.4172618243243243,0.016517254461635,0.17040161,0.0,0.17040161,0.0,0.016517254461635
2018-09-25 06:00:00,0.4588699324324324,0.0271374192307743,0.003768751,0.0,0.003768751,0.0,0.0271374192307743
2018-09-25 07:00:00,0.5014594594594595,0.038462837566587,0.0,0.0,0.0,0.069455247,0.038462837566587
2018-09-25 08:00:00,0.5723327702702702,0.0436759118930591,0.0,0.0,0.0,0.21757863,0.0436759118930591
2018-09-25 09:00:00,0.6854662162162161,0.0404721200323235,0.0,0.0,0.0,0.25404632,0.0404721200323235
2018-09-25 10:00:00,0.6613108108108108,0.0398128234312563,0.0,0.0,0.0,0.27759858,0.0398128234312563
2018-09-25 11:00:00,0.6851756756756755,0.035454430393449,0.0,0.0,0.0,0.22508972,0.035454430393449
2018-09-25 12:00:00,0.6580810810810811,0.0271745734099536,0.0,0.0,0.0,0.12468784,0.0271745734099536
2018-09-25 13:00:00,0.6408547297297298,0.0237522494193855,0.043739906,0.0,0.043739906,0.0,0.0237522494193855
2018-09-25 14:00:00,0.6106216216216217,0.021579025616416,0.34031895,0.0,0.34031895,0.0,0.021579025616416
2018-09-25 15:00:00,0.5898834459459459,0.0200877558743954,0.63411681,0.0,0.63411681,0.0,0.0200877558743954
2018-09-25 16:00:00,0.6541891891891892,0.0224400259878514,0.73853041,0.0,0.73853041,0.0,0.0224400259878514
2018-09-25 17:00:00,0.7062922297297297,0.027401198696597,0.77269932,0.0,0.77269932,0.0,0.027401198696597
2018-09-25 18:00:00,0.7385304054054055,0.0320082831229161,0.77585135,0.0,0.77585135,0.0,0.0320082831229161
2018-09-25 19:00:00,0.7726993243243241,0.0335736753679192,0.81122466,0.0,0.81122466,0.0,0.0335736753679192
2018-09-25 20:00:00,0.7758513513513513,0.0325615407842252,0.79794764,0.0,0.79794764,0.0,0.0325615407842252
2018-09-25 21:00:00,0.8112246621621624,0.0302089496478474,0.5798277,0.0,0.5798277,0.0,0.0302089496478474
2018-09-25 22:00:00,0.7979476351351353,0.027648859432571,0.44091047,0.0,0.44091047,0.0,0.027648859432571
2018-09-25 23:00:00,0.5798277027027027,0.0221829035236645,0.42759459,0.0,0.42759459,0.0,0.0221829035236645
2018-09-26 00:00:00,0.4409104729729729,0.0165453524152388,0.41697973,0.0,0.41697973,0.0,0.0165453524152388
2018-09-26 01:00:00,0.4275945945945945,0.0115646479961109,0.39873986,0.0,0.39873986,0.0,0.0115646479961109
2018-09-26 02:00:00,0.4169797297297297,0.0091485450091038,0.40090034,0.0,0.40090034,0.0,0.0091485450091038
2018-09-26 03:00:00,0.3987398648648648,0.0115402840459624,0.41980912,0.0,0.41980912,0.0,0.0115402840459624
2018-09-26 04:00:00,0.4009003378378378,0.0144255028969564,0.36696836,0.0,0.36696836,0.0,0.0144255028969564
2018-09-26 05:00:00,0.4198091216216216,0.0194434459749796,0.17812128,0.0,0.17812128,0.0,0.0194434459749796
2018-09-26 06:00:00,0.4500135135135135,0.0293477634210363,0.0,0.0,0.0,0.02401347,0.0293477634210363
2018-09-26 07:00:00,0.5156182432432432,0.0415300257262478,0.0,0.0,0.0,0.12601319,0.0415300257262478
2018-09-26 08:00:00,0.5522466216216216,0.0470826071361326,0.0,0.0,0.0,0.18634834,0.0470826071361326
2018-09-26 09:00:00,0.6344898648648648,0.0464011599534813,0.0,0.0,0.0,0.28999096,0.0464011599534813
2018-09-26 10:00:00,0.6912736486486487,0.03991669969028,0.0,0.0,0.0,0.27086459,0.03991669969028
2018-09-26 11:00:00,0.6477516891891891,0.0327597301984,0.0,0.0,0.0,0.20046413,0.0327597301984
2018-09-26 12:00:00,0.6581891891891891,0.0260800542070337,0.0,0.0,0.0,0.12001903,0.0260800542070337
2018-09-26 13:00:00,0.657072635135135,0.0244001074668808,0.05198598,0.0,0.05198598,0.0,0.0244001074668808
2018-09-26 14:00:00,0.6043969594594595,0.0198666724571337,0.31382844,0.0,0.31382844,0.0,0.0198666724571337
2018-09-26 15:00:00,0.5844442567567566,0.0186709465542219,0.60727489,0.0,0.60727489,0.0,0.0186709465542219
2018-09-26 16:00:00,0.6180388513513514,0.0220043134036451,0.76125845,0.0,0.76125845,0.0,0.0220043134036451
2018-09-26 17:00:00,0.6730405405405404,0.0246877271086113,0.78061993,0.0,0.78061993,0.0,0.0246877271086113
2018-09-26 18:00:00,0.761258445945946,0.0328011083633886,0.80753209,0.0,0.80753209,0.0,0.0328011083633886
2018-09-26 19:00:00,0.7806199324324323,0.0328670701257875,0.88139527,0.0,0.88139527,0.0,0.0328670701257875
2018-09-26 20:00:00,0.8075320945945944,0.0303622972286702,0.80508784,0.0,0.80508784,0.0,0.0303622972286702
2018-09-26 21:00:00,0.8813952702702704,0.0275404381648166,0.57601182,0.0,0.57601182,0.0,0.0275404381648166
2018-09-26 22:00:00,0.805087837837838,0.0266169059074594,0.43994764,0.0,0.43994764,0.0,0.0266169059074594
2018-09-26 23:00:00,0.5760118243243243,0.0227131151183978,0.41122466,0.0,0.41122466,0.0,0.0227131151183978
2018-09-27 00:00:00,0.4399476351351351,0.0181953595439751,0.40541892,0.0,0.40541892,0.0,0.0181953595439751
2018-09-27 01:00:00,0.4112246621621621,0.0118603945865386,0.39847804,0.0,0.39847804,0.0,0.0118603945865386
2018-09-27 02:00:00,0.4054189189189188,0.0097518315583389,0.40119595,0.0,0.40119595,0.0,0.0097518315583389
2018-09-27 03:00:00,0.3984780405405405,0.0124567031112167,0.41451351,0.0,0.41451351,0.0,0.0124567031112167
2018-09-27 04:00:00,0.4011959459459459,0.015232132123054,0.37020248,0.0,0.37020248,0.0,0.015232132123054
2018-09-27 05:00:00,0.4145135135135134,0.019730051860116,0.18788566,0.0,0.18788566,0.0,0.019730051860116
2018-09-27 06:00:00,0.4466959459459459,0.0307225525303784,0.034378495,0.0,0.034378495,0.0,0.0307225525303784
2018-09-27 07:00:00,0.5091131756756757,0.0438992424707713,0.0,0.0,0.0,0.10795181,0.0438992424707713
2018-09-27 08:00:00,0.5903952702702703,0.0454974635334848,0.0,0.0,0.0,0.19745267,0.0454974635334848
2018-09-27 09:00:00,0.6282466216216215,0.0439541542862927,0.0,0.0,0.0,0.2471441,0.0439541542862927
2018-09-27 10:00:00,0.6537837837837837,0.0413910734890634,0.0,0.0,0.0,0.26772182,0.0413910734890634
2018-09-27 11:00:00,0.6612905405405405,0.0371061440124521,0.0,0.0,0.0,0.16983511,0.0371061440124521
2018-09-27 12:00:00,0.6341807432432433,0.0304062773689173,0.0,0.0,0.0,0.089046319,0.0304062773689173
2018-09-27 13:00:00,0.6582567567567565,0.0258424465572861,0.065905069,0.0,0.065905069,0.0,0.0258424465572861
2018-09-27 14:00:00,0.6090033783783784,0.0215403339064024,0.3258229,0.0,0.3258229,0.0,0.0215403339064024
2018-09-27 15:00:00,0.5745152027027026,0.0198100203594587,0.64097366,0.0,0.64097366,0.0,0.0198100203594587
2018-09-27 16:00:00,0.6112888513513515,0.021550691119607,0.7530152,0.0,0.7530152,0.0,0.021550691119607
2018-09-27 17:00:00,0.6982601351351351,0.0252682210304193,0.77012162,0.0,0.77012162,0.0,0.0252682210304193
2018-09-27 18:00:00,0.7530152027027027,0.0325856006073953,0.80717736,0.0,0.80717736,0.0,0.0325856006073953
2018-09-27 19:00:00,0.7701216216216216,0.0329765220460793,0.8261723,0.0,0.8261723,0.0,0.0329765220460793
2018-09-27 20:00:00,0.8071773648648647,0.0284552183235767,0.77045946,0.0,0.77045946,0.0,0.0284552183235767
2018-09-27 21:00:00,0.8261722972972975,0.0273710056460318,0.5698598,0.0,0.5698598,0.0,0.0273710056460318
2018-09-27 22:00:00,0.7704594594594596,0.0265997396291302,0.45246959,0.0,0.45246959,0.0,0.0265997396291302
2018-09-27 23:00:00,0.5698597972972973,0.0232664234675368,0.41817736,0.0,0.41817736,0.0,0.0232664234675368
2018-09-28 00:00:00,0.4524695945945945,0.0188354792494677,0.40518243,0.0,0.40518243,0.0,0.0188354792494677
2018-09-28 01:00:00,0.4181773648648647,0.0129243659240851,0.41063851,0.0,0.41063851,0.0,0.0129243659240851
2018-09-28 02:00:00,0.4051824324324324,0.0111875136471085,0.40954899,0.0,0.40954899,0.0,0.0111875136471085
2018-09-28 03:00:00,0.4106385135135134,0.0133139694791966,0.41708953,0.0,0.41708953,0.0,0.0133139694791966
2018-09-28 04:00:00,0.4095489864864864,0.0147944427134888,0.3781051,0.0,0.3781051,0.0,0.0147944427134888
2018-09-28 05:00:00,0.417089527027027,0.0195257461144892,0.20770925,0.0,0.20770925,0.0,0.0195257461144892
2018-09-28 06:00:00,0.4451942567567568,0.029044920534449,0.038557562,0.0,0.038557562,0.0,0.029044920534449
2018-09-28 07:00:00,0.509197635135135,0.038647172307307,0.0,0.0,0.0,0.092760144,0.038647172307307
2018-09-28 08:00:00,0.5745641891891892,0.0437858031078752,0.0,0.0,0.0,0.18304645,0.0437858031078752
2018-09-28 09:00:00,0.6282837837837837,0.0402966894536895,0.0,0.0,0.0,0.23986093,0.0402966894536895
2018-09-28 10:00:00,0.6670692567567568,0.03970005990609,0.0,0.0,0.0,0.23734589,0.03970005990609
2018-09-28 11:00:00,0.6657837837837837,0.0395492805086393,0.0,0.0,0.0,0.15153277,0.0395492805086393
2018-09-28 12:00:00,0.6628108108108108,0.0324479831497265,0.0,0.0,0.0,0.095953408,0.0324479831497265
2018-09-28 13:00:00,0.668064189189189,0.0262876715575351,0.096901566,0.0,0.096901566,0.0,0.0262876715575351
2018-09-28 14:00:00,0.5930810810810812,0.022180233964633,0.35983079,0.0,0.35983079,0.0,0.022180233964633
2018-09-28 15:00:00,0.5984256756756756,0.0187930704319419,0.64779573,0.0,0.64779573,0.0,0.0187930704319419
2018-09-28 16:00:00,0.6346942567567568,0.0234444729173727,0.75131926,0.0,0.75131926,0.0,0.0234444729173727
2018-09-28 17:00:00,0.6970287162162161,0.0260395377351505,0.76620946,0.0,0.76620946,0.0,0.0260395377351505
2018-09-28 18:00:00,0.7513192567567568,0.0298297033059405,0.80264865,0.0,0.80264865,0.0,0.0298297033059405
2018-09-28 19:00:00,0.7662094594594593,0.031888440197533,0.85073311,0.0,0.85073311,0.0,0.031888440197533
2018-09-28 20:00:00,0.8026486486486485,0.0295288879325415,0.83071622,0.0,0.83071622,0.0,0.0295288879325415
2018-09-28 21:00:00,0.8507331081081082,0.0279464983686414,0.6004223,0.0,0.6004223,0.0,0.0279464983686414
2018-09-28 22:00:00,0.8307162162162164,0.0258817634171994,0.45264358,0.0,0.45264358,0.0,0.0258817634171994
2018-09-28 23:00:00,0.6004222972972973,0.0244029628812879,0.41731081,0.0,0.41731081,0.0,0.0244029628812879
2018-09-29 00:00:00,0.452643581081081,0.0162928256476123,0.40525507,0.0,0.40525507,0.0,0.0162928256476123
2018-09-29 01:00:00,0.4173108108108108,0.0115732818231052,0.39800507,0.0,0.39800507,0.0,0.0115732818231052
2018-09-29 02:00:00,0.4052550675675675,0.0078950687722064,0.40776351,0.0,0.40776351,0.0,0.0078950687722064
2018-09-29 03:00:00,0.3980050675675675,0.0106713256852622,0.41970946,0.0,0.41970946,0.0,0.0106713256852622
2018-09-29 04:00:00,0.4077635135135135,0.0125454406050996,0.43463685,0.0,0.43463685,0.0,0.0125454406050996
2018-09-29 05:00:00,0.4197094594594595,0.0140711780713246,0.33850449,0.0,0.33850449,0.0,0.0140711780713246
2018-09-29 06:00:00,0.4519172297297297,0.0187113109626161,0.14138472,0.0,0.14138472,0.0,0.0187113109626161
2018-09-29 07:00:00,0.4862060810810811,0.0254264684347809,0.0,0.0,0.0,0.073902296,0.0254264684347809
2018-09-29 08:00:00,0.546706081081081,0.0338812998064428,0.0,0.0,0.0,0.14318604,0.0338812998064428
2018-09-29 09:00:00,0.6487668918918917,0.0367889564700561,0.0,0.0,0.0,0.22289856,0.0367889564700561
2018-09-29 10:00:00,0.7040878378378378,0.0327336259660982,0.0,0.0,0.0,0.22014282,0.0327336259660982
2018-09-29 11:00:00,0.6838817567567567,0.0297151488107908,0.0,0.0,0.0,0.13826543,0.0297151488107908
2018-09-29 12:00:00,0.6832854729729728,0.0259029847219057,0.0,0.0,0.0,0.033241976,0.0259029847219057
2018-09-29 13:00:00,0.6893344594594595,0.0281644222445176,0.12455526,0.0,0.12455526,0.0,0.0281644222445176
2018-09-29 14:00:00,0.6648361486486487,0.0234717260738146,0.38397215,0.0,0.38397215,0.0,0.0234717260738146
2018-09-29 15:00:00,0.6362466216216215,0.0215180312613291,0.70068776,0.0,0.70068776,0.0,0.0215180312613291
2018-09-29 16:00:00,0.6648344594594596,0.0228012274623811,0.76935473,0.0,0.76935473,0.0,0.0228012274623811
2018-09-29 17:00:00,0.7492702702702703,0.0281065536389295,0.77419932,0.0,0.77419932,0.0,0.0281065536389295
2018-09-29 18:00:00,0.7693547297297297,0.0321414231556269,0.81743919,0.0,0.81743919,0.0,0.0321414231556269
2018-09-29 19:00:00,0.7741993243243241,0.0317319330753249,0.83357432,0.0,0.83357432,0.0,0.0317319330753249
2018-09-29 20:00:00,0.8174391891891891,0.0316957588608536,0.83754054,0.0,0.83754054,0.0,0.0316957588608536
2018-09-29 21:00:00,0.8335743243243244,0.0282714073570969,0.62643581,0.0,0.62643581,0.0,0.0282714073570969
2018-09-29 22:00:00,0.8375405405405407,0.0263974782926351,0.48156926,0.0,0.48156926,0.0,0.0263974782926351
2018-09-29 23:00:00,0.6264358108108108,0.0231588301010009,0.42133615,0.0,0.42133615,0.0,0.0231588301010009
2018-09-30 00:00:00,0.4815692567567566,0.0175695675983477,0.4060625,0.0,0.4060625,0.0,0.0175695675983477
2018-09-30 01:00:00,0.4213361486486486,0.0111843203138365,0.40194595,0.0,0.40194595,0.0,0.0111843203138365
2018-09-30 02:00:00,0.4060625,0.0085047419879852,0.40339189,0.0,0.40339189,0.0,0.0085047419879852
2018-09-30 03:00:00,0.4019459459459458,0.0088807274128474,0.42446284,0.0,0.42446284,0.0,0.0088807274128474
2018-09-30 04:00:00,0.4033918918918918,0.0094314675786142,0.38875044,0.0,0.38875044,0.0,0.0094314675786142
2018-09-30 05:00:00,0.4244628378378378,0.0105234017022187,0.17038064,0.0,0.17038064,0.0,0.0105234017022187
2018-09-30 06:00:00,0.452535472972973,0.0150784297274232,0.0,0.0,0.0,0.0029961387,0.0150784297274232
2018-09-30 07:00:00,0.4734256756756757,0.0210443534926681,0.0,0.0,0.0,0.10739595,0.0210443534926681
2018-09-30 08:00:00,0.5350506756756755,0.0286227753926622,0.0,0.0,0.0,0.13391444,0.0286227753926622
2018-09-30 09:00:00,0.6158091216216215,0.0297019530791223,0.0,0.0,0.0,0.21493917,0.0297019530791223
2018-09-30 10:00:00,0.7126402027027027,0.0291321204974973,0.0,0.0,0.0,0.22607084,0.0291321204974973
2018-09-30 11:00:00,0.6893614864864863,0.0258110707906941,0.0,0.0,0.0,0.13914788,0.0258110707906941
2018-09-30 12:00:00,0.6738091216216215,0.0264394816075233,0.0,0.0,0.0,0.042658044,0.0264394816075233
2018-09-30 13:00:00,0.6939510135135134,0.0271245445220275,0.15868076,0.0,0.15868076,0.0,0.0271245445220275
2018-09-30 14:00:00,0.659527027027027,0.0266019023098647,0.39558026,0.0,0.39558026,0.0,0.0266019023098647
2018-09-30 15:00:00,0.6707466216216216,0.0229257167721543,0.70753115,0.0,0.70753115,0.0,0.0229257167721543
2018-09-30 16:00:00,0.6582145270270271,0.0231119776504036,0.77653716,0.0,0.77653716,0.0,0.0231119776504036
2018-09-30 17:00:00,0.7484628378378377,0.0260580050011089,0.79469088,0.0,0.79469088,0.0,0.0260580050011089
2018-09-30 18:00:00,0.7765371621621622,0.0326450405357045,0.84564527,0.0,0.84564527,0.0,0.0326450405357045
2018-09-30 19:00:00,0.7946908783783784,0.0327360927738109,0.87420101,0.0,0.87420101,0.0,0.0327360927738109
2018-09-30 20:00:00,0.8456452702702703,0.0292691128052662,0.83618074,0.0,0.83618074,0.0,0.0292691128052662
2018-09-30 21:00:00,0.8742010135135136,0.0285217883399321,0.64343243,0.0,0.64343243,0.0,0.0285217883399321
2018-09-30 22:00:00,0.8361807432432434,0.0255681916066563,0.46038682,0.0,0.46038682,0.0,0.0255681916066563
2018-09-30 23:00:00,0.6434324324324324,0.0222346895896872,0.40662838,0.0,0.40662838,0.0,0.0222346895896872
2018-10-01 00:00:00,0.4603868243243242,0.0163421955937521,0.39815372,0.0,0.39815372,0.0,0.0163421955937521
2018-10-01 01:00:00,0.4066283783783784,0.0114953408369509,0.38671959,0.0,0.38671959,0.0,0.0114953408369509
2018-10-01 02:00:00,0.3981537162162162,0.0077736207322158,0.38750338,0.0,0.38750338,0.0,0.0077736207322158
2018-10-01 03:00:00,0.3867195945945946,0.0072735008123882,0.40371115,0.0,0.40371115,0.0,0.0072735008123882
2018-10-01 04:00:00,0.3875033783783784,0.0086157145431685,0.38120193,0.0,0.38120193,0.0,0.0086157145431685
2018-10-01 05:00:00,0.4037111486486486,0.0117979302843897,0.23824636,0.0,0.23824636,0.0,0.0117979302843897
2018-10-01 06:00:00,0.4383631756756757,0.0205895822844898,0.078924722,0.0,0.078924722,0.0,0.0205895822844898
2018-10-01 07:00:00,0.5317398648648648,0.0304688430467254,0.0,0.0,0.0,0.054751016,0.0304688430467254
2018-10-01 08:00:00,0.6039527027027026,0.033335459464215,0.0,0.0,0.0,0.14112857,0.033335459464215
2018-10-01 09:00:00,0.652579391891892,0.0293228756966478,0.0,0.0,0.0,0.19337277,0.0293228756966478
2018-10-01 10:00:00,0.6848530405405405,0.0272788382756717,0.0,0.0,0.0,0.19165855,0.0272788382756717
2018-10-01 11:00:00,0.6904172297297299,0.0278785766768269,0.0,0.0,0.0,0.15125873,0.0278785766768269
2018-10-01 12:00:00,0.6856875,0.0259441094477457,0.0,0.0,0.0,0.060618665,0.0259441094477457
2018-10-01 13:00:00,0.6601925675675675,0.0246148380094852,0.14370086,0.0,0.14370086,0.0,0.0246148380094852
2018-10-01 14:00:00,0.6178665540540541,0.0210556230868075,0.392577,0.0,0.392577,0.0,0.0210556230868075
2018-10-01 15:00:00,0.6333057432432431,0.0200265249761029,0.67310599,0.0,0.67310599,0.0,0.0200265249761029
2018-10-01 16:00:00,0.6545641891891891,0.0205223533263482,0.8044223,0.0,0.8044223,0.0,0.0205223533263482
2018-10-01 17:00:00,0.7112280405405407,0.0266243570184271,0.88229223,0.0,0.88229223,0.0,0.0266243570184271
2018-10-01 18:00:00,0.8044222972972974,0.0311921921686056,0.90473142,0.0,0.90473142,0.0,0.0311921921686056
2018-10-01 19:00:00,0.8822922297297298,0.0309562234253518,0.94956419,0.0,0.94956419,0.0,0.0309562234253518
2018-10-01 20:00:00,0.9047314189189188,0.030528164703432,0.80536486,0.0,0.80536486,0.0,0.030528164703432
2018-10-01 21:00:00,0.9495641891891892,0.0276696583386963,0.57248649,0.0,0.57248649,0.0,0.0276696583386963
2018-10-01 22:00:00,0.805364864864865,0.0273506460344307,0.45171453,0.0,0.45171453,0.0,0.0273506460344307
2018-10-01 23:00:00,0.5724864864864865,0.0236601665287414,0.41931588,0.0,0.41931588,0.0,0.0236601665287414
2018-10-02 00:00:00,0.451714527027027,0.0172346393155524,0.39983277,0.0,0.39983277,0.0,0.0172346393155524
2018-10-02 01:00:00,0.4193158783783784,0.0097586237275204,0.39479899,0.0,0.39479899,0.0,0.0097586237275204
2018-10-02 02:00:00,0.3998327702702703,0.0075508477206305,0.39140709,0.0,0.39140709,0.0,0.0075508477206305
2018-10-02 03:00:00,0.3947989864864865,0.0070800591582632,0.40003378,0.0,0.40003378,0.0,0.0070800591582632
2018-10-02 04:00:00,0.3914070945945946,0.0075074589383968,0.37686029,0.0,0.37686029,0.0,0.0075074589383968
2018-10-02 05:00:00,0.4000337837837837,0.009762374626919,0.23933148,0.0,0.23933148,0.0,0.009762374626919
2018-10-02 06:00:00,0.4351199324324324,0.0185112629946849,0.10044957,0.0,0.10044957,0.0,0.0185112629946849
2018-10-02 07:00:00,0.5355084459459459,0.0278945940310161,0.0,0.0,0.0,0.053346991,0.0278945940310161
2018-10-02 08:00:00,0.6294070945945945,0.0318638734960658,0.0,0.0,0.0,0.14487031,0.0318638734960658
2018-10-02 09:00:00,0.6579611486486486,0.0282343038657475,0.0,0.0,0.0,0.21247574,0.0282343038657475
2018-10-02 10:00:00,0.6895016891891891,0.028550105940798,0.0,0.0,0.0,0.19493388,0.028550105940798
2018-10-02 11:00:00,0.6760844594594595,0.0266139660133361,0.0,0.0,0.0,0.16827861,0.0266139660133361
2018-10-02 12:00:00,0.6871672297297298,0.0252585903427739,0.0,0.0,0.0,0.07004992,0.0252585903427739
2018-10-02 13:00:00,0.6431807432432433,0.0233398194449601,0.12831211,0.0,0.12831211,0.0,0.0233398194449601
2018-10-02 14:00:00,0.6105793918918919,0.0213959242795523,0.40438394,0.0,0.40438394,0.0,0.0213959242795523
2018-10-02 15:00:00,0.6190405405405406,0.019987241908076,0.6938257,0.0,0.6938257,0.0,0.019987241908076
2018-10-02 16:00:00,0.6651756756756757,0.0224550464813896,0.81978547,0.0,0.81978547,0.0,0.0224550464813896
2018-10-02 17:00:00,0.7294138513513515,0.0256659177423415,0.86525676,0.0,0.86525676,0.0,0.0256659177423415
2018-10-02 18:00:00,0.819785472972973,0.0327285233912406,0.94261486,0.0,0.94261486,0.0,0.0327285233912406
2018-10-02 19:00:00,0.8652567567567568,0.0339097356789115,0.95290709,0.0,0.95290709,0.0,0.0339097356789115
2018-10-02 20:00:00,0.9426148648648648,0.0311003458211671,0.85792061,0.0,0.85792061,0.0,0.0311003458211671
2018-10-02 21:00:00,0.9529070945945948,0.0297446322317401,0.58840709,0.0,0.58840709,0.0,0.0297446322317401
2018-10-02 22:00:00,0.8579206081081082,0.0274198180260447,0.45072973,0.0,0.45072973,0.0,0.0274198180260447
2018-10-02 23:00:00,0.5884070945945946,0.0227845511664057,0.40702365,0.0,0.40702365,0.0,0.0227845511664057
2018-10-03 00:00:00,0.4507297297297297,0.0154449703200158,0.39984966,0.0,0.39984966,0.0,0.0154449703200158
2018-10-03 01:00:00,0.4070236486486487,0.0101573341960368,0.38745608,0.0,0.38745608,0.0,0.0101573341960368
2018-10-03 02:00:00,0.3998496621621621,0.0080016990699776,0.38644932,0.0,0.38644932,0.0,0.0080016990699776
2018-10-03 03:00:00,0.3874560810810811,0.0058018810523527,0.40525338,0.0,0.40525338,0.0,0.0058018810523527
2018-10-03 04:00:00,0.3864493243243244,0.0071950698438802,0.39293226,0.0,0.39293226,0.0,0.0071950698438802
2018-10-03 05:00:00,0.4052533783783784,0.0098728740956917,0.24006294,0.0,0.24006294,0.0,0.0098728740956917
2018-10-03 06:00:00,0.4478699324324324,0.0169378451766439,0.058810178,0.0,0.058810178,0.0,0.0169378451766439
2018-10-03 07:00:00,0.5308445945945945,0.0278405270126563,0.0,0.0,0.0,0.035803518,0.0278405270126563
2018-10-03 08:00:00,0.581027027027027,0.029361043632421,0.0,0.0,0.0,0.12940038,0.029361043632421
2018-10-03 09:00:00,0.6700523648648649,0.0252492637821068,0.0,0.0,0.0,0.21867081,0.0252492637821068
2018-10-03 10:00:00,0.6974121621621622,0.0250896815982294,0.0,0.0,0.0,0.15476205,0.0250896815982294
2018-10-03 11:00:00,0.6638378378378379,0.0233352068524562,0.0,0.0,0.0,0.13809963,0.0233352068524562
2018-10-03 12:00:00,0.7235827702702703,0.0248633942304508,0.0,0.0,0.0,0.020222813,0.0248633942304508
2018-10-03 13:00:00,0.6696925675675676,0.0243908991778164,0.15433967,0.0,0.15433967,0.0,0.0243908991778164
2018-10-03 14:00:00,0.6526317567567568,0.0224979114893829,0.45286271,0.0,0.45286271,0.0,0.0224979114893829
2018-10-03 15:00:00,0.6356942567567566,0.0202816875108745,0.76144988,0.0,0.76144988,0.0,0.0202816875108745
2018-10-03 16:00:00,0.7020540540540541,0.0222019621476362,0.77993243,0.0,0.77993243,0.0,0.0222019621476362
2018-10-03 17:00:00,0.7911959459459461,0.0262649465138809,0.83316385,0.0,0.83316385,0.0,0.0262649465138809
2018-10-03 18:00:00,0.7799324324324324,0.0318755992806726,0.90906588,0.0,0.90906588,0.0,0.0318755992806726
2018-10-03 19:00:00,0.8331638513513514,0.0306766969404321,0.89367568,0.0,0.89367568,0.0,0.0306766969404321
2018-10-03 20:00:00,0.9090658783783784,0.0293112343917571,0.82278716,0.0,0.82278716,0.0,0.0293112343917571
2018-10-03 21:00:00,0.8936756756756756,0.0274595234926527,0.61904561,0.0,0.61904561,0.0,0.0274595234926527
2018-10-03 22:00:00,0.8227871621621623,0.0265162736695374,0.48910642,0.0,0.48910642,0.0,0.0265162736695374
2018-10-03 23:00:00,0.6190456081081082,0.0216090328116057,0.45457264,0.0,0.45457264,0.0,0.0216090328116057
2018-10-04 00:00:00,0.489106418918919,0.017206997552416,0.40150845,0.0,0.40150845,0.0,0.017206997552416
2018-10-04 01:00:00,0.4545726351351351,0.0107153565133389,0.38510135,0.0,0.38510135,0.0,0.0107153565133389
2018-10-04 02:00:00,0.401508445945946,0.007789148104051,0.38643243,0.0,0.38643243,0.0,0.007789148104051
2018-10-04 03:00:00,0.3851013513513513,0.0074131288873022,0.40111318,0.0,0.40111318,0.0,0.0074131288873022
2018-10-04 04:00:00,0.3864324324324324,0.008783204028481,0.3832708,0.0,0.3832708,0.0,0.008783204028481
2018-10-04 05:00:00,0.4011131756756756,0.0107399401107493,0.35456642,0.0,0.35456642,0.0,0.0107399401107493
2018-10-04 06:00:00,0.4351435810810811,0.018029965155624,0.062300531,0.0,0.062300531,0.0,0.018029965155624
2018-10-04 07:00:00,0.5027567567567567,0.0272911723142349,0.0,0.0,0.0,0.040757201,0.0272911723142349
2018-10-04 08:00:00,0.5920354729729729,0.0309143721739528,0.0,0.0,0.0,0.13075576,0.0309143721739528
2018-10-04 09:00:00,0.6798902027027027,0.0255349741822514,0.0,0.0,0.0,0.24991398,0.0255349741822514
2018-10-04 10:00:00,0.7215641891891892,0.0249303866453871,0.0,0.0,0.0,0.24170384,0.0249303866453871
2018-10-04 11:00:00,0.6648581081081081,0.0266993243185716,0.0,0.0,0.0,0.14964277,0.0266993243185716
2018-10-04 12:00:00,0.6654172297297298,0.0245406648186729,0.0,0.0,0.0,0.069206765,0.0245406648186729
2018-10-04 13:00:00,0.6874881756756757,0.0242675925840698,0.12030758,0.0,0.12030758,0.0,0.0242675925840698
2018-10-04 14:00:00,0.6292618243243244,0.0217175554550197,0.39714182,0.0,0.39714182,0.0,0.0217175554550197
2018-10-04 15:00:00,0.6189780405405405,0.0201962954137525,0.67565859,0.0,0.67565859,0.0,0.0201962954137525
2018-10-04 16:00:00,0.6557381756756756,0.0203598650402338,0.78835811,0.0,0.78835811,0.0,0.0203598650402338
2018-10-04 17:00:00,0.7047804054054055,0.0259853186533016,0.84692905,0.0,0.84692905,0.0,0.0259853186533016
2018-10-04 18:00:00,0.7883581081081081,0.0321184784647104,0.90644088,0.0,0.90644088,0.0,0.0321184784647104
2018-10-04 19:00:00,0.8469290540540542,0.0332197560449252,0.9252652,0.0,0.9252652,0.0,0.0332197560449252
2018-10-04 20:00:00,0.9064408783783784,0.0305061323934503,0.82791723,0.0,0.82791723,0.0,0.0305061323934503
2018-10-04 21:00:00,0.9252652027027028,0.0291448431427551,0.58004392,0.0,0.58004392,0.0,0.0291448431427551
2018-10-04 22:00:00,0.8279172297297299,0.0282077434429783,0.43956757,0.0,0.43956757,0.0,0.0282077434429783
2018-10-04 23:00:00,0.5800439189189189,0.0240543488844704,0.40452703,0.0,0.40452703,0.0,0.0240543488844704
2018-10-05 00:00:00,0.4395675675675676,0.0189301979072567,0.39431419,0.0,0.39431419,0.0,0.0189301979072567
2018-10-05 01:00:00,0.404527027027027,0.0117411092272825,0.38615034,0.0,0.38615034,0.0,0.0117411092272825
2018-10-05 02:00:00,0.3943141891891892,0.0083546384282641,0.38663345,0.0,0.38663345,0.0,0.0083546384282641
2018-10-05 03:00:00,0.3861503378378378,0.0106060397605929,0.40413514,0.0,0.40413514,0.0,0.0106060397605929
2018-10-05 04:00:00,0.3866334459459459,0.0112680735044644,0.43437748,0.0,0.43437748,0.0,0.0112680735044644
2018-10-05 05:00:00,0.4041351351351351,0.0147078172125105,0.38688644,0.0,0.38688644,0.0,0.0147078172125105
2018-10-05 06:00:00,0.4383952702702702,0.0241635642615571,0.067441279,0.0,0.067441279,0.0,0.0241635642615571
2018-10-05 07:00:00,0.5225472972972972,0.0329746972842096,0.0,0.0,0.0,0.075440971,0.0329746972842096
2018-10-05 08:00:00,0.6044476351351351,0.0384161878673084,0.0,0.0,0.0,0.17214247,0.0384161878673084
2018-10-05 09:00:00,0.6551537162162162,0.0321905058707315,0.0,0.0,0.0,0.25505131,0.0321905058707315
2018-10-05 10:00:00,0.6863192567567568,0.0275894364002051,0.0,0.0,0.0,0.084219594,0.0275894364002051
2018-10-05 11:00:00,0.6652888513513514,0.0259862817220661,0.010767177,0.0,0.010767177,0.0,0.0259862817220661
2018-10-05 12:00:00,0.6517719594594595,0.0236783296677217,0.15151854,0.0,0.15151854,0.0,0.0236783296677217
2018-10-05 13:00:00,0.6575608108108107,0.0242061758304017,0.30240006,0.0,0.30240006,0.0,0.0242061758304017
2018-10-05 14:00:00,0.6315320945945946,0.0204719020398412,0.44869389,0.0,0.44869389,0.0,0.0204719020398412
2018-10-05 15:00:00,0.6111554054054054,0.0195841047024313,0.69646631,0.0,0.69646631,0.0,0.0195841047024313
2018-10-05 16:00:00,0.6356891891891892,0.019750681806809,0.80816385,0.0,0.80816385,0.0,0.019750681806809
2018-10-05 17:00:00,0.7150135135135136,0.0267772653047258,0.87611824,0.0,0.87611824,0.0,0.0267772653047258
2018-10-05 18:00:00,0.8081638513513514,0.031902953812774,0.90153716,0.0,0.90153716,0.0,0.031902953812774
2018-10-05 19:00:00,0.8761182432432433,0.0302157587129721,0.88431588,0.0,0.88431588,0.0,0.0302157587129721
2018-10-05 20:00:00,0.9015371621621622,0.0311962471949826,0.83812162,0.0,0.83812162,0.0,0.0311962471949826
2018-10-05 21:00:00,0.8843158783783784,0.0280460999540259,0.61665541,0.0,0.61665541,0.0,0.0280460999540259
2018-10-05 22:00:00,0.8381216216216217,0.0299079653150162,0.46172466,0.0,0.46172466,0.0,0.0299079653150162
2018-10-05 23:00:00,0.6166554054054054,0.0230191344423139,0.41400676,0.0,0.41400676,0.0,0.0230191344423139
2018-10-06 00:00:00,0.4617246621621621,0.017010649796054,0.39167905,0.0,0.39167905,0.0,0.017010649796054
2018-10-06 01:00:00,0.4140067567567567,0.0108638380625094,0.38485304,0.0,0.38485304,0.0,0.0108638380625094
2018-10-06 02:00:00,0.3916790540540541,0.0084071848117324,0.38664865,0.0,0.38664865,0.0,0.0084071848117324
2018-10-06 03:00:00,0.3848530405405405,0.0087563732706201,0.40036655,0.0,0.40036655,0.0,0.0087563732706201
2018-10-06 04:00:00,0.3866486486486486,0.0108103624021629,0.37886297,0.0,0.37886297,0.0,0.0108103624021629
2018-10-06 05:00:00,0.4003665540540541,0.0136567881674839,0.37607709,0.0,0.37607709,0.0,0.0136567881674839
2018-10-06 06:00:00,0.4267601351351351,0.0188938209414665,0.013103464,0.0,0.013103464,0.0,0.0188938209414665
2018-10-06 07:00:00,0.4761249999999999,0.0260674160414923,0.25620995,0.0,0.25620995,0.0,0.0260674160414923
2018-10-06 08:00:00,0.5368125,0.0361253007156337,0.0,0.0,0.0,0.13499337,0.0361253007156337
2018-10-06 09:00:00,0.6796875,0.0366698231742892,0.098865951,0.0,0.098865951,0.0,0.0366698231742892
2018-10-06 10:00:00,0.7134391891891891,0.0317552156851059,0.021922908,0.0,0.021922908,0.0,0.0317552156851059
2018-10-06 11:00:00,0.7653158783783783,0.0285946267512287,0.0,0.0,0.0,0.094871894,0.0285946267512287
2018-10-06 12:00:00,0.7363462837837839,0.0283331958215161,0.0,0.0,0.0,0.032901582,0.0283331958215161
2018-10-06 13:00:00,0.7341942567567568,0.0275770178819255,0.17594811,0.0,0.17594811,0.0,0.0275770178819255
2018-10-06 14:00:00,0.6588699324324325,0.0258937933287846,0.4804496,0.0,0.4804496,0.0,0.0258937933287846
2018-10-06 15:00:00,0.6691621621621621,0.0213678770137781,0.72325455,0.0,0.72325455,0.0,0.0213678770137781
2018-10-06 16:00:00,0.7314847972972972,0.0232668120742312,0.83953547,0.0,0.83953547,0.0,0.0232668120742312
2018-10-06 17:00:00,0.7470912162162163,0.0268765120753024,0.85330405,0.0,0.85330405,0.0,0.0268765120753024
2018-10-06 18:00:00,0.8395354729729729,0.0314742023571814,0.90907264,0.0,0.90907264,0.0,0.0314742023571814
2018-10-06 19:00:00,0.8533040540540541,0.031835488311427,0.90864189,0.0,0.90864189,0.0,0.031835488311427
2018-10-06 20:00:00,0.9090726351351353,0.0309705849771037,0.82823986,0.0,0.82823986,0.0,0.0309705849771037
2018-10-06 21:00:00,0.908641891891892,0.0262176378728161,0.61142736,0.0,0.61142736,0.0,0.0262176378728161
2018-10-06 22:00:00,0.828239864864865,0.0263263970594354,0.46826689,0.0,0.46826689,0.0,0.0263263970594354
2018-10-06 23:00:00,0.6114273648648649,0.0216676448386962,0.40732601,0.0,0.40732601,0.0,0.0216676448386962
2018-10-07 00:00:00,0.4682668918918919,0.0175850104904667,0.39598818,0.0,0.39598818,0.0,0.0175850104904667
2018-10-07 01:00:00,0.4073260135135135,0.0108007655064041,0.38580236,0.0,0.38580236,0.0,0.0108007655064041
2018-10-07 02:00:00,0.3959881756756757,0.0076949363245591,0.38772804,0.0,0.38772804,0.0,0.0076949363245591
2018-10-07 03:00:00,0.3858023648648648,0.0071576115377228,0.40346959,0.0,0.40346959,0.0,0.0071576115377228
2018-10-07 04:00:00,0.3877280405405406,0.0072768968969789,0.3761374,0.0,0.3761374,0.0,0.0072768968969789
2018-10-07 05:00:00,0.4034695945945946,0.0082355389243835,0.17506381,0.0,0.17506381,0.0,0.0082355389243835
2018-10-07 06:00:00,0.4245016891891892,0.011770694023891,0.019733151,0.0,0.019733151,0.0,0.011770694023891
2018-10-07 07:00:00,0.4673986486486486,0.0175700068928718,0.0,0.0,0.0,0.063954985,0.0175700068928718
2018-10-07 08:00:00,0.5555270270270269,0.0255769099133667,0.0,0.0,0.0,0.1046589,0.0255769099133667
2018-10-07 09:00:00,0.6640878378378378,0.0292507807068536,0.0,0.0,0.0,0.17204794,0.0292507807068536
2018-10-07 10:00:00,0.7515760135135136,0.0280672029871295,0.0,0.0,0.0,0.16543606,0.0280672029871295
2018-10-07 11:00:00,0.7416993243243244,0.0275163107578735,0.0,0.0,0.0,0.11652422,0.0275163107578735
2018-10-07 12:00:00,0.7384831081081081,0.0292639088547491,0.0084935722,0.0,0.0084935722,0.0,0.0292639088547491
2018-10-07 13:00:00,0.7073496621621622,0.028556577087058,0.19132793,0.0,0.19132793,0.0,0.028556577087058
2018-10-07 14:00:00,0.6909543918918919,0.0246199912721725,0.46061722,0.0,0.46061722,0.0,0.0246199912721725
2018-10-07 15:00:00,0.6732753378378378,0.0229219996646421,0.73568591,0.0,0.73568591,0.0,0.0229219996646421
2018-10-07 16:00:00,0.7015557432432432,0.0226352417160167,0.82703716,0.0,0.82703716,0.0,0.0226352417160167
2018-10-07 17:00:00,0.7542331081081083,0.0265337947626747,0.8615473,0.0,0.8615473,0.0,0.0265337947626747
2018-10-07 18:00:00,0.8270371621621622,0.0313110551292808,0.93684291,0.0,0.93684291,0.0,0.0313110551292808
2018-10-07 19:00:00,0.8615472972972973,0.0341535779317139,0.91574493,0.0,0.91574493,0.0,0.0341535779317139
2018-10-07 20:00:00,0.9368429054054054,0.0305850364483691,0.84194764,0.0,0.84194764,0.0,0.0305850364483691
2018-10-07 21:00:00,0.9157449324324324,0.0281284338854219,0.61722804,0.0,0.61722804,0.0,0.0281284338854219
2018-10-07 22:00:00,0.8419476351351353,0.0257903394683419,0.46897635,0.0,0.46897635,0.0,0.0257903394683419
2018-10-07 23:00:00,0.6172280405405406,0.0230796895028769,0.42400845,0.0,0.42400845,0.0,0.0230796895028769
2018-10-08 00:00:00,0.4689763513513513,0.017467887811945,0.39526858,0.0,0.39526858,0.0,0.017467887811945
2018-10-08 01:00:00,0.4240084459459459,0.0119003197004086,0.38556588,0.0,0.38556588,0.0,0.0119003197004086
2018-10-08 02:00:00,0.3952685810810811,0.0076134471903251,0.3883125,0.0,0.3883125,0.0,0.0076134471903251
2018-10-08 03:00:00,0.3855658783783783,0.007288284762721,0.40064865,0.0,0.40064865,0.0,0.007288284762721
2018-10-08 04:00:00,0.3883125,0.0076752356547443,0.40164685,0.0,0.40164685,0.0,0.0076752356547443
2018-10-08 05:00:00,0.4006486486486486,0.0100399073905368,0.24179769,0.0,0.24179769,0.0,0.0100399073905368
2018-10-08 06:00:00,0.4431807432432432,0.0177920026910683,0.10605738,0.0,0.10605738,0.0,0.0177920026910683
2018-10-08 07:00:00,0.5178986486486487,0.029062289564097,0.0,0.0,0.0,0.016087843,0.029062289564097
2018-10-08 08:00:00,0.6206587837837837,0.0321716162061921,0.0,0.0,0.0,0.14282706,0.0321716162061921
2018-10-08 09:00:00,0.6911351351351351,0.0261379397085652,0.0,0.0,0.0,0.21126131,0.0261379397085652
2018-10-08 10:00:00,0.6966722972972973,0.0247275170549354,0.0,0.0,0.0,0.2230752,0.0247275170549354
2018-10-08 11:00:00,0.6904611486486487,0.0244900107808471,0.0,0.0,0.0,0.14968193,0.0244900107808471
2018-10-08 12:00:00,0.6699256756756757,0.0245790692976516,0.0,0.0,0.0,0.023907475,0.0245790692976516
2018-10-08 13:00:00,0.665616554054054,0.0248788202266264,0.15086705,0.0,0.15086705,0.0,0.0248788202266264
2018-10-08 14:00:00,0.6506790540540541,0.0214349201165442,0.4277618,0.0,0.4277618,0.0,0.0214349201165442
2018-10-08 15:00:00,0.624089527027027,0.0200928246573666,0.72517517,0.0,0.72517517,0.0,0.0200928246573666
2018-10-08 16:00:00,0.6606300675675675,0.0206241513843535,0.83135135,0.0,0.83135135,0.0,0.0206241513843535
2018-10-08 17:00:00,0.7410760135135137,0.0260848695508565,0.87473311,0.0,0.87473311,0.0,0.0260848695508565
2018-10-08 18:00:00,0.8313513513513513,0.0327950934075959,0.86576014,0.0,0.86576014,0.0,0.0327950934075959
2018-10-08 19:00:00,0.8747331081081082,0.0338574427345917,0.93965878,0.0,0.93965878,0.0,0.0338574427345917
2018-10-08 20:00:00,0.8657601351351352,0.0313033336832214,0.85550169,0.0,0.85550169,0.0,0.0313033336832214
2018-10-08 21:00:00,0.939658783783784,0.0285863308430991,0.62646791,0.0,0.62646791,0.0,0.0285863308430991
2018-10-08 22:00:00,0.8555016891891893,0.0262251396716134,0.48335135,0.0,0.48335135,0.0,0.0262251396716134
2018-10-08 23:00:00,0.6264679054054054,0.0224323383336785,0.42499155,0.0,0.42499155,0.0,0.0224323383336785
2018-10-09 00:00:00,0.4833513513513514,0.0152479805178106,0.39755743,0.0,0.39755743,0.0,0.0152479805178106
2018-10-09 01:00:00,0.424991554054054,0.0118376019591113,0.38582601,0.0,0.38582601,0.0,0.0118376019591113
2018-10-09 02:00:00,0.3975574324324324,0.0079817956488439,0.38675845,0.0,0.38675845,0.0,0.0079817956488439
2018-10-09 03:00:00,0.3858260135135135,0.0072657624703856,0.3997348,0.0,0.3997348,0.0,0.0072657624703856
2018-10-09 04:00:00,0.386758445945946,0.0087862959860935,0.39114138,0.0,0.39114138,0.0,0.0087862959860935
2018-10-09 05:00:00,0.3997347972972973,0.0108041953828812,0.23626905,0.0,0.23626905,0.0,0.0108041953828812
2018-10-09 06:00:00,0.431339527027027,0.0216387189838738,0.074079918,0.0,0.074079918,0.0,0.0216387189838738
2018-10-09 07:00:00,0.5136435810810811,0.0313212264871097,0.0,0.0,0.0,0.044310429,0.0313212264871097
2018-10-09 08:00:00,0.5881334459459459,0.0349741801028685,0.0,0.0,0.0,0.11347039,0.0349741801028685
2018-10-09 09:00:00,0.657964527027027,0.0299218368844141,0.0,0.0,0.0,0.19327339,0.0299218368844141
2018-10-09 10:00:00,0.713,0.0272843632491103,0.0,0.0,0.0,0.2201175,0.0272843632491103
2018-10-09 11:00:00,0.6942516891891892,0.0271658888951296,0.0,0.0,0.0,0.11329881,0.0271658888951296
2018-10-09 12:00:00,0.6608277027027026,0.0254511027200209,0.0,0.0,0.0,0.0079825958,0.0254511027200209
2018-10-09 13:00:00,0.6789847972972973,0.0245906768106556,0.17765444,0.0,0.17765444,0.0,0.0245906768106556
2018-10-09 14:00:00,0.642285472972973,0.0197277202199493,0.45162563,0.0,0.45162563,0.0,0.0197277202199493
2018-10-09 15:00:00,0.6287533783783783,0.0189509123336659,0.72875,0.0,0.72875,0.0,0.0189509123336659
2018-10-09 16:00:00,0.6685152027027026,0.021779563566701,0.76309122,0.0,0.76309122,0.0,0.021779563566701
2018-10-09 17:00:00,0.7287500000000001,0.0266593485168718,0.82628209,0.0,0.82628209,0.0,0.0266593485168718
2018-10-09 18:00:00,0.7630912162162162,0.0313169856053572,0.89122466,0.0,0.89122466,0.0,0.0313169856053572
2018-10-09 19:00:00,0.8262820945945946,0.0333699102924761,0.87940372,0.0,0.87940372,0.0,0.0333699102924761
2018-10-09 20:00:00,0.8912246621621621,0.0315633284577587,0.82110135,0.0,0.82110135,0.0,0.0315633284577587
2018-10-09 21:00:00,0.8794037162162162,0.0288675638182858,0.57717736,0.0,0.57717736,0.0,0.0288675638182858
2018-10-09 22:00:00,0.8211013513513514,0.0264094575163904,0.43902872,0.0,0.43902872,0.0,0.0264094575163904
2018-10-09 23:00:00,0.5771773648648648,0.0224649137122402,0.40274155,0.0,0.40274155,0.0,0.0224649137122402
2018-10-10 00:00:00,0.4390287162162162,0.0182453208481282,0.3953902,0.0,0.3953902,0.0,0.0182453208481282
2018-10-10 01:00:00,0.4027415540540541,0.0108777603197369,0.38819932,0.0,0.38819932,0.0,0.0108777603197369
2018-10-10 02:00:00,0.3953902027027027,0.0084460285852352,0.38969257,0.0,0.38969257,0.0,0.0084460285852352
2018-10-10 03:00:00,0.3881993243243243,0.0094691624279769,0.40397804,0.0,0.40397804,0.0,0.0094691624279769
2018-10-10 04:00:00,0.3896925675675676,0.0101180849198963,0.40850999,0.0,0.40850999,0.0,0.0101180849198963
2018-10-10 05:00:00,0.4039780405405405,0.0144548004625301,0.27117172,0.0,0.27117172,0.0,0.0144548004625301
2018-10-10 06:00:00,0.4420253378378378,0.0237472313242438,0.093873281,0.0,0.093873281,0.0,0.0237472313242438
2018-10-10 07:00:00,0.5264239864864865,0.0346979483268802,0.0,0.0,0.0,0.012774479,0.0346979483268802
2018-10-10 08:00:00,0.5858378378378377,0.0416796055117286,0.0,0.0,0.0,0.060237301,0.0416796055117286
2018-10-10 09:00:00,0.6677179054054053,0.035835738040431,0.0,0.0,0.0,0.15368981,0.035835738040431
2018-10-10 10:00:00,0.7422297297297297,0.0313866813712114,0.28307584,0.0,0.28307584,0.0,0.0313866813712114
2018-10-10 11:00:00,0.7094560810810812,0.0272181480475629,0.0,0.0,0.0,0.096417656,0.0272181480475629
2018-10-10 12:00:00,0.6913429054054056,0.027140730835649,0.039684067,0.0,0.039684067,0.0,0.027140730835649
2018-10-10 13:00:00,0.6801722972972972,0.0228272810068531,0.21344762,0.0,0.21344762,0.0,0.0228272810068531
2018-10-10 14:00:00,0.6469307432432433,0.0221691840177557,0.48669548,0.0,0.48669548,0.0,0.0221691840177557
2018-10-10 15:00:00,0.6147905405405405,0.0195805734502947,0.76095946,0.0,0.76095946,0.0,0.0195805734502947
2018-10-10 16:00:00,0.6908885135135134,0.0215855981383355,0.80130912,0.0,0.80130912,0.0,0.0215855981383355
2018-10-10 17:00:00,0.7609594594594595,0.0267423582859973,0.8475473,0.0,0.8475473,0.0,0.0267423582859973
2018-10-10 18:00:00,0.8013091216216217,0.0311225977784107,0.90214865,0.0,0.90214865,0.0,0.0311225977784107
2018-10-10 19:00:00,0.8475472972972974,0.0325009857236623,0.90818074,0.0,0.90818074,0.0,0.0325009857236623
2018-10-10 20:00:00,0.9021486486486489,0.0301201952580214,0.80526689,0.0,0.80526689,0.0,0.0301201952580214
2018-10-10 21:00:00,0.9081807432432432,0.0296508259548859,0.62337669,0.0,0.62337669,0.0,0.0296508259548859
2018-10-10 22:00:00,0.8052668918918922,0.0282256869346965,0.45269426,0.0,0.45269426,0.0,0.0282256869346965
2018-10-10 23:00:00,0.6233766891891892,0.0250287379309721,0.40828547,0.0,0.40828547,0.0,0.0250287379309721
2018-10-11 00:00:00,0.4526942567567567,0.0171852693694125,0.40210304,0.0,0.40210304,0.0,0.0171852693694125
2018-10-11 01:00:00,0.408285472972973,0.0126546728781295,0.3847973,0.0,0.3847973,0.0,0.0126546728781295
2018-10-11 02:00:00,0.4021030405405406,0.0102632210723057,0.38731588,0.0,0.38731588,0.0,0.0102632210723057
2018-10-11 03:00:00,0.3847972972972973,0.014642598871614,0.3999223,0.0,0.3999223,0.0,0.014642598871614
2018-10-11 04:00:00,0.3873158783783784,0.0169119267997178,0.42654329,0.0,0.42654329,0.0,0.0169119267997178
2018-10-11 05:00:00,0.3999222972972973,0.0226613121564318,0.28151236,0.0,0.28151236,0.0,0.0226613121564318
2018-10-11 06:00:00,0.4574831081081081,0.0338873992419515,0.37903844,0.0,0.37903844,0.0,0.0338873992419515
2018-10-11 07:00:00,0.5363209459459459,0.0450347343360418,0.45750363,0.0,0.45750363,0.0,0.0450347343360418
2018-10-11 08:00:00,0.589233108108108,0.0471947286154561,0.3672426,0.0,0.3672426,0.0,0.0471947286154561
2018-10-11 09:00:00,0.6418800675675675,0.042579094841859,0.39550477,0.0,0.39550477,0.0,0.042579094841859
2018-10-11 10:00:00,0.6895557432432432,0.039058723692684,0.53088622,0.0,0.53088622,0.0,0.039058723692684
2018-10-11 11:00:00,0.6955135135135136,0.0317779069368739,0.51235182,0.0,0.51235182,0.0,0.0317779069368739
2018-10-11 12:00:00,0.636410472972973,0.0267899879499834,0.55470165,0.0,0.55470165,0.0,0.0267899879499834
2018-10-11 13:00:00,0.6582770270270271,0.0243101872569713,0.50776345,0.0,0.50776345,0.0,0.0243101872569713
2018-10-11 14:00:00,0.6309442567567568,0.0208122877123021,0.59669796,0.0,0.59669796,0.0,0.0208122877123021
2018-10-11 15:00:00,0.6238462837837837,0.0187360635194589,0.70947128,0.0,0.70947128,0.0,0.0187360635194589
2018-10-11 16:00:00,0.6525439189189189,0.0212910511598776,0.77662331,0.0,0.77662331,0.0,0.0212910511598776
2018-10-11 17:00:00,0.7094712837837839,0.0278782894457918,0.82606757,0.0,0.82606757,0.0,0.0278782894457918
2018-10-11 18:00:00,0.7766233108108109,0.0308066098479846,0.89968074,0.0,0.89968074,0.0,0.0308066098479846
2018-10-11 19:00:00,0.8260675675675677,0.0324914733076196,0.93719764,0.0,0.93719764,0.0,0.0324914733076196
2018-10-11 20:00:00,0.8996807432432432,0.0294045844781438,0.87735811,0.0,0.87735811,0.0,0.0294045844781438
2018-10-11 21:00:00,0.9371976351351352,0.0276553136828876,0.59230574,0.0,0.59230574,0.0,0.0276553136828876
2018-10-11 22:00:00,0.8773581081081083,0.027113967661561,0.44483108,0.0,0.44483108,0.0,0.027113967661561
2018-10-11 23:00:00,0.5923057432432433,0.0244933730735513,0.41897973,0.0,0.41897973,0.0,0.0244933730735513
2018-10-12 00:00:00,0.4448310810810811,0.0176178055162906,0.40307264,0.0,0.40307264,0.0,0.0176178055162906
2018-10-12 01:00:00,0.4189797297297298,0.0125799759130769,0.40020439,0.0,0.40020439,0.0,0.0125799759130769
2018-10-12 02:00:00,0.4030726351351351,0.0102672929946259,0.38740372,0.0,0.38740372,0.0,0.0102672929946259
2018-10-12 03:00:00,0.4002043918918919,0.0130250488498368,0.41279223,0.0,0.41279223,0.0,0.0130250488498368
2018-10-12 04:00:00,0.3874037162162163,0.0148200569634366,0.42964428,0.0,0.42964428,0.0,0.0148200569634366
2018-10-12 05:00:00,0.4127922297297297,0.0204087450040198,0.43771339,0.0,0.43771339,0.0,0.0204087450040198
2018-10-12 06:00:00,0.4390456081081081,0.0330397466656738,0.44628916,0.0,0.44628916,0.0,0.0330397466656738
2018-10-12 07:00:00,0.5281858108108108,0.0458961571060581,0.28970948,0.0,0.28970948,0.0,0.0458961571060581
2018-10-12 08:00:00,0.6136976351351351,0.0527055770455445,0.0,0.0,0.0,0.13321217,0.0527055770455445
2018-10-12 09:00:00,0.6730608108108108,0.0426682885262093,0.39736259,0.0,0.39736259,0.0,0.0426682885262093
2018-10-12 10:00:00,0.6743986486486485,0.0320462820992569,0.10457221,0.0,0.10457221,0.0,0.0320462820992569
2018-10-12 11:00:00,0.6886114864864866,0.0283414072499294,0.28777902,0.0,0.28777902,0.0,0.0283414072499294
2018-10-12 12:00:00,0.6719493243243243,0.0268882209639658,0.11252521,0.0,0.11252521,0.0,0.0268882209639658
2018-10-12 13:00:00,0.6598597972972973,0.0245892406554804,0.44825513,0.0,0.44825513,0.0,0.0245892406554804
2018-10-12 14:00:00,0.6241621621621621,0.0203756627471609,0.60275884,0.0,0.60275884,0.0,0.0203756627471609
2018-10-12 15:00:00,0.6230253378378378,0.0209192728248815,0.69986824,0.0,0.69986824,0.0,0.0209192728248815
2018-10-12 16:00:00,0.6608716216216215,0.0210793787829992,0.76795101,0.0,0.76795101,0.0,0.0210793787829992
2018-10-12 17:00:00,0.6998682432432434,0.0261175294091345,0.84227534,0.0,0.84227534,0.0,0.0261175294091345
2018-10-12 18:00:00,0.7679510135135135,0.0293272855378327,0.92124324,0.0,0.92124324,0.0,0.0293272855378327
2018-10-12 19:00:00,0.8422753378378379,0.0308876596876945,0.89534291,0.0,0.89534291,0.0,0.0308876596876945
2018-10-12 20:00:00,0.9212432432432432,0.0292097573566732,0.81584291,0.0,0.81584291,0.0,0.0292097573566732
2018-10-12 21:00:00,0.8953429054054054,0.0290038296004956,0.60782095,0.0,0.60782095,0.0,0.0290038296004956
2018-10-12 22:00:00,0.8158429054054057,0.027012270979215,0.4596402,0.0,0.4596402,0.0,0.027012270979215
2018-10-12 23:00:00,0.6078209459459459,0.0223969075407096,0.40965709,0.0,0.40965709,0.0,0.0223969075407096
2018-10-13 00:00:00,0.4596402027027027,0.0184770825015158,0.393625,0.0,0.393625,0.0,0.0184770825015158
2018-10-13 01:00:00,0.4096570945945946,0.0109170264918207,0.38564189,0.0,0.38564189,0.0,0.0109170264918207
2018-10-13 02:00:00,0.393625,0.0085362360261798,0.38743412,0.0,0.38743412,0.0,0.0085362360261798
2018-10-13 03:00:00,0.3856418918918918,0.008314071268551,0.40420946,0.0,0.40420946,0.0,0.008314071268551
2018-10-13 04:00:00,0.3874341216216216,0.0089336961948968,0.40156964,0.0,0.40156964,0.0,0.0089336961948968
2018-10-13 05:00:00,0.4042094594594594,0.0130200645465818,0.21943437,0.0,0.21943437,0.0,0.0130200645465818
2018-10-13 06:00:00,0.4299155405405405,0.0175057685166832,0.060379696,0.0,0.060379696,0.0,0.0175057685166832
2018-10-13 07:00:00,0.4703800675675675,0.0265047337403062,0.0,0.0,0.0,0.035003545,0.0265047337403062
2018-10-13 08:00:00,0.5474527027027027,0.0352544838011774,0.0,0.0,0.0,0.065044111,0.0352544838011774
2018-10-13 09:00:00,0.6420118243243242,0.0357857429443914,0.0,0.0,0.0,0.12436818,0.0357857429443914
2018-10-13 10:00:00,0.7419273648648649,0.0306189297105033,0.0,0.0,0.0,0.13679157,0.0306189297105033
2018-10-13 11:00:00,0.7389831081081081,0.0288367118259343,0.0,0.0,0.0,0.059873459,0.0288367118259343
2018-10-13 12:00:00,0.7157567567567568,0.0271986163371804,0.037804604,0.0,0.037804604,0.0,0.0271986163371804
2018-10-13 13:00:00,0.7122770270270269,0.0284406371245629,0.23784513,0.0,0.23784513,0.0,0.0284406371245629
2018-10-13 14:00:00,0.6651554054054055,0.0244685529329357,0.52204157,0.0,0.52204157,0.0,0.0244685529329357
2018-10-13 15:00:00,0.667528716216216,0.0225490048217329,0.79168581,0.0,0.79168581,0.0,0.0225490048217329
2018-10-13 16:00:00,0.7172888513513513,0.0223189834504986,0.82344257,0.0,0.82344257,0.0,0.0223189834504986
2018-10-13 17:00:00,0.7916858108108109,0.0259563421106495,0.84251689,0.0,0.84251689,0.0,0.0259563421106495
2018-10-13 18:00:00,0.8234425675675676,0.0321597721499826,0.93553547,0.0,0.93553547,0.0,0.0321597721499826
2018-10-13 19:00:00,0.8425168918918919,0.0347235456808848,0.92723986,0.0,0.92723986,0.0,0.0347235456808848
2018-10-13 20:00:00,0.9355354729729728,0.0329474272318246,0.82795608,0.0,0.82795608,0.0,0.0329474272318246
2018-10-13 21:00:00,0.9272398648648648,0.029214724763985,0.60926182,0.0,0.60926182,0.0,0.029214724763985
2018-10-13 22:00:00,0.8279560810810812,0.0288719736594707,0.47970946,0.0,0.47970946,0.0,0.0288719736594707
2018-10-13 23:00:00,0.6092618243243243,0.0248080600163482,0.41372635,0.0,0.41372635,0.0,0.0248080600163482
2018-10-14 00:00:00,0.4797094594594594,0.0189193507116984,0.39392736,0.0,0.39392736,0.0,0.0189193507116984
2018-10-14 01:00:00,0.4137263513513514,0.012536367483581,0.38857264,0.0,0.38857264,0.0,0.012536367483581
2018-10-14 02:00:00,0.3939273648648649,0.0111064300155122,0.39391216,0.0,0.39391216,0.0,0.0111064300155122
2018-10-14 03:00:00,0.3885726351351351,0.0138035125385575,0.40431419,0.0,0.40431419,0.0,0.0138035125385575
2018-10-14 04:00:00,0.3939121621621622,0.0156068841440598,0.3991246,0.0,0.3991246,0.0,0.0156068841440598
2018-10-14 05:00:00,0.4043141891891892,0.019121510672534,0.21347093,0.0,0.21347093,0.0,0.019121510672534
2018-10-14 06:00:00,0.4272888513513513,0.0242535689511828,0.19299801,0.0,0.19299801,0.0,0.0242535689511828
2018-10-14 07:00:00,0.4653226351351351,0.0319847132820998,0.0,0.0,0.0,0.032370344,0.0319847132820998
2018-10-14 08:00:00,0.5228074324324323,0.0380774411013415,0.0,0.0,0.0,0.07708679,0.0380774411013415
2018-10-14 09:00:00,0.6410591216216216,0.0439635484307327,0.0,0.0,0.0,0.096171932,0.0439635484307327
2018-10-14 10:00:00,0.7207888513513513,0.0426986843280935,0.0,0.0,0.0,0.12649169,0.0426986843280935
2018-10-14 11:00:00,0.7556587837837839,0.0336774333553402,0.0,0.0,0.0,0.041305048,0.0336774333553402
2018-10-14 12:00:00,0.7146317567567567,0.0292325161922141,0.066341578,0.0,0.066341578,0.0,0.0292325161922141
2018-10-14 13:00:00,0.7197533783783784,0.0272325602871443,0.26628209,0.0,0.26628209,0.0,0.0272325602871443
2018-10-14 14:00:00,0.6846756756756757,0.0264416949760875,0.50886786,0.0,0.50886786,0.0,0.0264416949760875
2018-10-14 15:00:00,0.687027027027027,0.0243957483135256,0.75203209,0.0,0.75203209,0.0,0.0243957483135256
2018-10-14 16:00:00,0.6965202702702702,0.0225963641506274,0.84108277,0.0,0.84108277,0.0,0.0225963641506274
2018-10-14 17:00:00,0.7520320945945946,0.0251965484392062,0.86555574,0.0,0.86555574,0.0,0.0251965484392062
2018-10-14 18:00:00,0.8410827702702703,0.0324909495333793,0.90323142,0.0,0.90323142,0.0,0.0324909495333793
2018-10-14 19:00:00,0.8655557432432432,0.0337356060879068,0.93852703,0.0,0.93852703,0.0,0.0337356060879068
2018-10-14 20:00:00,0.9032314189189188,0.0319091546239421,0.84524662,0.0,0.84524662,0.0,0.0319091546239421
2018-10-14 21:00:00,0.9385270270270272,0.0286499778612744,0.60038851,0.0,0.60038851,0.0,0.0286499778612744
2018-10-14 22:00:00,0.8452466216216219,0.0267721289379816,0.45537162,0.0,0.45537162,0.0,0.0267721289379816
2018-10-14 23:00:00,0.6003885135135135,0.0238224182716504,0.41159122,0.0,0.41159122,0.0,0.0238224182716504
2018-10-15 00:00:00,0.4553716216216216,0.0183119753441997,0.39406419,0.0,0.39406419,0.0,0.0183119753441997
2018-10-15 01:00:00,0.4115912162162162,0.0109949167901453,0.38850507,0.0,0.38850507,0.0,0.0109949167901453
2018-10-15 02:00:00,0.3940641891891892,0.0078649264094708,0.38904561,0.0,0.38904561,0.0,0.0078649264094708
2018-10-15 03:00:00,0.3885050675675676,0.0079554379773937,0.40073986,0.0,0.40073986,0.0,0.0079554379773937
2018-10-15 04:00:00,0.3890456081081081,0.0093727203839777,0.41013079,0.0,0.41013079,0.0,0.0093727203839777
2018-10-15 05:00:00,0.4007398648648648,0.0144509312915287,0.28062035,0.0,0.28062035,0.0,0.0144509312915287
2018-10-15 06:00:00,0.4342010135135136,0.0247217555382915,0.13534756,0.0,0.13534756,0.0,0.0247217555382915
2018-10-15 07:00:00,0.5235135135135135,0.0400461733033083,0.0065503251,0.0,0.0065503251,0.0,0.0400461733033083
2018-10-15 08:00:00,0.6130388513513513,0.0433555986011641,0.0,0.0,0.0,0.085296708,0.0433555986011641
2018-10-15 09:00:00,0.669554054054054,0.0348245327336148,0.0,0.0,0.0,0.039731414,0.0348245327336148
2018-10-15 10:00:00,0.6979797297297298,0.0287350320395315,0.0,0.0,0.0,0.12966955,0.0287350320395315
2018-10-15 11:00:00,0.7191131756756757,0.0258596128356151,0.0,0.0,0.0,0.044892592,0.0258596128356151
2018-10-15 12:00:00,0.6931959459459459,0.0260215773474891,0.041740292,0.0,0.041740292,0.0,0.0260215773474891
2018-10-15 13:00:00,0.7039763513513513,0.0240515272619497,0.21947839,0.0,0.21947839,0.0,0.0240515272619497
2018-10-15 14:00:00,0.6463631756756756,0.0198088376434321,0.46150529,0.0,0.46150529,0.0,0.0198088376434321
2018-10-15 15:00:00,0.6306824324324324,0.0185132398200438,0.69625507,0.0,0.69625507,0.0,0.0185132398200438
2018-10-15 16:00:00,0.6422567567567568,0.0202834108970847,0.77069257,0.0,0.77069257,0.0,0.0202834108970847
2018-10-15 17:00:00,0.6962550675675677,0.0251691432192751,0.85300676,0.0,0.85300676,0.0,0.0251691432192751
2018-10-15 18:00:00,0.7706925675675675,0.0300399395276437,0.88591385,0.0,0.88591385,0.0,0.0300399395276437
2018-10-15 19:00:00,0.8530067567567569,0.0331199010203921,0.93956419,0.0,0.93956419,0.0,0.0331199010203921
2018-10-15 20:00:00,0.8859138513513514,0.0313291168926017,0.80971284,0.0,0.80971284,0.0,0.0313291168926017
2018-10-15 21:00:00,0.9395641891891892,0.0292159750637846,0.59101689,0.0,0.59101689,0.0,0.0292159750637846
2018-10-15 22:00:00,0.809712837837838,0.0264010264407151,0.45483784,0.0,0.45483784,0.0,0.0264010264407151
2018-10-15 23:00:00,0.5910168918918919,0.0240999679312114,0.41321959,0.0,0.41321959,0.0,0.0240999679312114
2018-10-16 00:00:00,0.4548378378378378,0.0160902939760255,0.40047466,0.0,0.40047466,0.0,0.0160902939760255
2018-10-16 01:00:00,0.4132195945945946,0.0109029859629904,0.39512838,0.0,0.39512838,0.0,0.0109029859629904
2018-10-16 02:00:00,0.4004746621621621,0.0091347410234787,0.39858446,0.0,0.39858446,0.0,0.0091347410234787
2018-10-16 03:00:00,0.3951283783783783,0.0114662967105259,0.41341385,0.0,0.41341385,0.0,0.0114662967105259
2018-10-16 04:00:00,0.3985844594594595,0.0142718511891554,0.41184082,0.0,0.41184082,0.0,0.0142718511891554
2018-10-16 05:00:00,0.4134138513513513,0.0214087145085829,0.26976113,0.0,0.26976113,0.0,0.0214087145085829
2018-10-16 06:00:00,0.4344290540540541,0.0325903821593315,0.1479575,0.0,0.1479575,0.0,0.0325903821593315
2018-10-16 07:00:00,0.5038986486486486,0.0471144221972487,0.020979598,0.0,0.020979598,0.0,0.0471144221972487
2018-10-16 08:00:00,0.6078783783783783,0.0523573178635348,0.0,0.0,0.0,0.077631709,0.0523573178635348
2018-10-16 09:00:00,0.6631891891891892,0.0445393452803207,0.0,0.0,0.0,0.13994256,0.0445393452803207
2018-10-16 10:00:00,0.6867145270270271,0.0322683285852831,0.0,0.0,0.0,0.14390489,0.0322683285852831
2018-10-16 11:00:00,0.6815726351351351,0.0271942064959954,0.0,0.0,0.0,0.05415069,0.0271942064959954
2018-10-16 12:00:00,0.6691722972972974,0.0262817748733453,0.027414068,0.0,0.027414068,0.0,0.0262817748733453
2018-10-16 13:00:00,0.6804780405405405,0.025181882760476,0.21115735,0.0,0.21115735,0.0,0.025181882760476
2018-10-16 14:00:00,0.6264577702702703,0.019929947764558,0.46846256,0.0,0.46846256,0.0,0.019929947764558
2018-10-16 15:00:00,0.6175844594594594,0.0195359174723182,0.7425473,0.0,0.7425473,0.0,0.0195359174723182
2018-10-16 16:00:00,0.6447939189189189,0.0210424442510823,0.80722466,0.0,0.80722466,0.0,0.0210424442510823
2018-10-16 17:00:00,0.7425472972972975,0.0277516374552843,0.84482601,0.0,0.84482601,0.0,0.0277516374552843
2018-10-16 18:00:00,0.8072246621621622,0.0301560822414575,0.89999831,0.0,0.89999831,0.0,0.0301560822414575
2018-10-16 19:00:00,0.8448260135135137,0.0323867184595477,0.9150473,0.0,0.9150473,0.0,0.0323867184595477
2018-10-16 20:00:00,0.8999983108108108,0.0301033331066704,0.83275169,0.0,0.83275169,0.0,0.0301033331066704
2018-10-16 21:00:00,0.9150472972972974,0.0288147977875553,0.59226014,0.0,0.59226014,0.0,0.0288147977875553
2018-10-16 22:00:00,0.8327516891891894,0.0278040317752635,0.46533615,0.0,0.46533615,0.0,0.0278040317752635
2018-10-16 23:00:00,0.5922601351351352,0.0229363105285641,0.41778716,0.0,0.41778716,0.0,0.0229363105285641
2018-10-17 00:00:00,0.4653361486486486,0.0166566459933437,0.39640709,0.0,0.39640709,0.0,0.0166566459933437
2018-10-17 01:00:00,0.4177871621621622,0.0123487887217593,0.3860625,0.0,0.3860625,0.0,0.0123487887217593
2018-10-17 02:00:00,0.3964070945945946,0.0109082743932237,0.39386486,0.0,0.39386486,0.0,0.0109082743932237
2018-10-17 03:00:00,0.3860625,0.0144423819442506,0.40522128,0.0,0.40522128,0.0,0.0144423819442506
2018-10-17 04:00:00,0.3938648648648649,0.0181605876927925,0.41198261,0.0,0.41198261,0.0,0.0181605876927925
2018-10-17 05:00:00,0.4052212837837837,0.0252867727760939,0.2737263,0.0,0.2737263,0.0,0.0252867727760939
2018-10-17 06:00:00,0.4347179054054054,0.038406844410698,0.11440705,0.0,0.11440705,0.0,0.038406844410698
2018-10-17 07:00:00,0.5247432432432432,0.0516812435908329,0.0,0.0,0.0,0.012964568,0.0516812435908329
2018-10-17 08:00:00,0.6033074324324325,0.0576316906720723,0.0,0.0,0.0,0.10235905,0.0576316906720723
2018-10-17 09:00:00,0.6660591216216216,0.049633590438004,0.0,0.0,0.0,0.19673249,0.049633590438004
2018-10-17 10:00:00,0.7012787162162162,0.0452762618446205,0.0,0.0,0.0,0.19995609,0.0452762618446205
2018-10-17 11:00:00,0.6618361486486487,0.036865951283389,0.0,0.0,0.0,0.085411095,0.036865951283389
2018-10-17 12:00:00,0.6468614864864866,0.0287997941899605,0.01533715,0.0,0.01533715,0.0,0.0287997941899605
2018-10-17 13:00:00,0.6772010135135135,0.0253065241337384,0.20548834,0.0,0.20548834,0.0,0.0253065241337384
2018-10-17 14:00:00,0.6326773648648649,0.019436991724663,0.45757,0.0,0.45757,0.0,0.019436991724663
2018-10-17 15:00:00,0.623,0.0203740745284965,0.70490034,0.0,0.70490034,0.0,0.0203740745284965
2018-10-17 16:00:00,0.6364577702702702,0.0230531628719942,0.80028885,0.0,0.80028885,0.0,0.0230531628719942
2018-10-17 17:00:00,0.704900337837838,0.0265344368085177,0.84354054,0.0,0.84354054,0.0,0.0265344368085177
2018-10-17 18:00:00,0.8002888513513513,0.0327397591934935,0.8842973,0.0,0.8842973,0.0,0.0327397591934935
2018-10-17 19:00:00,0.8435405405405405,0.0328374853291787,0.89595101,0.0,0.89595101,0.0,0.0328374853291787
2018-10-17 20:00:00,0.8842972972972971,0.0315367511390463,0.79124493,0.0,0.79124493,0.0,0.0315367511390463
2018-10-17 21:00:00,0.8959510135135136,0.0294612872636486,0.57744257,0.0,0.57744257,0.0,0.0294612872636486
2018-10-17 22:00:00,0.7912449324324327,0.0289907352444866,0.45208277,0.0,0.45208277,0.0,0.0289907352444866
2018-10-17 23:00:00,0.5774425675675676,0.0247595517633136,0.41180405,0.0,0.41180405,0.0,0.0247595517633136
2018-10-18 00:00:00,0.4520827702702703,0.01900771649483,0.41222635,0.0,0.41222635,0.0,0.01900771649483
2018-10-18 01:00:00,0.4118040540540541,0.0157673280210423,0.40277534,0.0,0.40277534,0.0,0.0157673280210423
2018-10-18 02:00:00,0.4122263513513514,0.0140241735572382,0.38669764,0.0,0.38669764,0.0,0.0140241735572382
2018-10-18 03:00:00,0.4027753378378378,0.0180983430379058,0.40509628,0.0,0.40509628,0.0,0.0180983430379058
2018-10-18 04:00:00,0.3866976351351351,0.0210802573720476,0.4214853,0.0,0.4214853,0.0,0.0210802573720476
2018-10-18 05:00:00,0.4050962837837838,0.0274848843034519,0.29585535,0.0,0.29585535,0.0,0.0274848843034519
2018-10-18 06:00:00,0.4387094594594594,0.0370437810859628,0.14848512,0.0,0.14848512,0.0,0.0370437810859628
2018-10-18 07:00:00,0.5304746621621621,0.0461026593243057,0.0,0.0,0.0,0.0043703857,0.0461026593243057
2018-10-18 08:00:00,0.6132432432432432,0.0499627572041554,0.0,0.0,0.0,0.11083056,0.0499627572041554
2018-10-18 09:00:00,0.6424037162162163,0.0481644374856811,0.0,0.0,0.0,0.15558648,0.0481644374856811
2018-10-18 10:00:00,0.655054054054054,0.0479663832390521,0.0,0.0,0.0,0.14087014,0.0479663832390521
2018-10-18 11:00:00,0.664831081081081,0.0408182334295419,0.0,0.0,0.0,0.07368012,0.0408182334295419
2018-10-18 12:00:00,0.6720743243243243,0.0303853263993028,0.026626092,0.0,0.026626092,0.0,0.0303853263993028
2018-10-18 13:00:00,0.6665253378378379,0.0257934483218976,0.23041406,0.0,0.23041406,0.0,0.0257934483218976
2018-10-18 14:00:00,0.6269324324324326,0.0231418158861608,0.49789251,0.0,0.49789251,0.0,0.0231418158861608
2018-10-18 15:00:00,0.6304442567567566,0.0180307592649562,0.73993074,0.0,0.73993074,0.0,0.0180307592649562
2018-10-18 16:00:00,0.6642702702702702,0.0220651556952429,0.80356757,0.0,0.80356757,0.0,0.0220651556952429
2018-10-18 17:00:00,0.7399307432432434,0.0276515289916025,0.86030236,0.0,0.86030236,0.0,0.0276515289916025
2018-10-18 18:00:00,0.8035675675675675,0.0322452149349343,0.89928041,0.0,0.89928041,0.0,0.0322452149349343
2018-10-18 19:00:00,0.8603023648648649,0.0342377535209228,0.90857432,0.0,0.90857432,0.0,0.0342377535209228
2018-10-18 20:00:00,0.8992804054054053,0.0305170133808952,0.82158277,0.0,0.82158277,0.0,0.0305170133808952
2018-10-18 21:00:00,0.9085743243243244,0.0283332296134025,0.57780236,0.0,0.57780236,0.0,0.0283332296134025
2018-10-18 22:00:00,0.8215827702702705,0.0264818397372195,0.45009797,0.0,0.45009797,0.0,0.0264818397372195
2018-10-18 23:00:00,0.5778023648648649,0.0216571524579458,0.40319764,0.0,0.40319764,0.0,0.0216571524579458
2018-10-19 00:00:00,0.450097972972973,0.0187590926900915,0.4045777,0.0,0.4045777,0.0,0.0187590926900915
2018-10-19 01:00:00,0.4031976351351351,0.0124656410651893,0.39123818,0.0,0.39123818,0.0,0.0124656410651893
2018-10-19 02:00:00,0.4045777027027027,0.0115084858807896,0.38704223,0.0,0.38704223,0.0,0.0115084858807896
2018-10-19 03:00:00,0.3912381756756756,0.0146652901233819,0.39909291,0.0,0.39909291,0.0,0.0146652901233819
2018-10-19 04:00:00,0.3870422297297298,0.0189645980476881,0.43020876,0.0,0.43020876,0.0,0.0189645980476881
2018-10-19 05:00:00,0.3990929054054054,0.0261741646108662,0.30878777,0.0,0.30878777,0.0,0.0261741646108662
2018-10-19 06:00:00,0.4434189189189189,0.0376461214623767,0.18888975,0.0,0.18888975,0.0,0.0376461214623767
2018-10-19 07:00:00,0.5231402027027027,0.0519848298989229,0.044900245,0.0,0.044900245,0.0,0.0519848298989229
2018-10-19 08:00:00,0.6303158783783783,0.0562048958494456,0.0,0.0,0.0,0.045892652,0.0562048958494456
2018-10-19 09:00:00,0.6698648648648649,0.0475465359455456,0.0,0.0,0.0,0.11694875,0.0475465359455456
2018-10-19 10:00:00,0.7079155405405405,0.0374404809372342,0.0,0.0,0.0,0.12637887,0.0374404809372342
2018-10-19 11:00:00,0.6936351351351352,0.0307789511889049,0.0,0.0,0.0,0.055401147,0.0307789511889049
2018-10-19 12:00:00,0.6736131756756757,0.028508829151469,0.049319786,0.0,0.049319786,0.0,0.028508829151469
2018-10-19 13:00:00,0.667875,0.0248794453765263,0.22164578,0.0,0.22164578,0.0,0.0248794453765263
2018-10-19 14:00:00,0.6342297297297298,0.0216485186309515,0.49996757,0.0,0.49996757,0.0,0.0216485186309515
2018-10-19 15:00:00,0.6114746621621621,0.020709577273362,0.71877196,0.0,0.71877196,0.0,0.020709577273362
2018-10-19 16:00:00,0.6579138513513513,0.020815261398312,0.77761318,0.0,0.77761318,0.0,0.020815261398312
2018-10-19 17:00:00,0.7187719594594596,0.026917974720007,0.81682095,0.0,0.81682095,0.0,0.026917974720007
2018-10-19 18:00:00,0.7776131756756754,0.0310974904067599,0.9145,0.0,0.9145,0.0,0.0310974904067599
2018-10-19 19:00:00,0.816820945945946,0.0315535457066242,0.92996115,0.0,0.92996115,0.0,0.0315535457066242
2018-10-19 20:00:00,0.9145,0.0302474386065423,0.83679392,0.0,0.83679392,0.0,0.0302474386065423
2018-10-19 21:00:00,0.9299611486486488,0.0288898326714728,0.59789189,0.0,0.59789189,0.0,0.0288898326714728
2018-10-19 22:00:00,0.8367939189189191,0.0251549506269556,0.4747973,0.0,0.4747973,0.0,0.0251549506269556
2018-10-19 23:00:00,0.5978918918918918,0.0236996523480873,0.41763007,0.0,0.41763007,0.0,0.0236996523480873
2018-10-20 00:00:00,0.4747972972972973,0.017291190037568,0.39401014,0.0,0.39401014,0.0,0.017291190037568
2018-10-20 01:00:00,0.4176300675675676,0.0109264037403176,0.38549155,0.0,0.38549155,0.0,0.0109264037403176
2018-10-20 02:00:00,0.3940101351351351,0.009050143035689,0.38695439,0.0,0.38695439,0.0,0.009050143035689
2018-10-20 03:00:00,0.385491554054054,0.0110973568939936,0.40483784,0.0,0.40483784,0.0,0.0110973568939936
2018-10-20 04:00:00,0.3869543918918919,0.0135548380459893,0.43710135,0.0,0.43710135,0.0,0.0135548380459893
2018-10-20 05:00:00,0.4048378378378378,0.0172187571289093,0.26150795,0.0,0.26150795,0.0,0.0172187571289093
2018-10-20 06:00:00,0.4371013513513514,0.0250049822347803,0.41128021,0.0,0.41128021,0.0,0.0250049822347803
2018-10-20 07:00:00,0.482589527027027,0.0345090178895993,0.16614221,0.0,0.16614221,0.0,0.0345090178895993
2018-10-20 08:00:00,0.5499324324324324,0.0466756514473163,0.0,0.0,0.0,0.020384478,0.0466756514473163
2018-10-20 09:00:00,0.6543074324324324,0.0496405853585043,0.0,0.0,0.0,0.076045303,0.0496405853585043
2018-10-20 10:00:00,0.7531638513513513,0.0475515709366304,0.0,0.0,0.0,0.088539721,0.0475515709366304
2018-10-20 11:00:00,0.7556233108108109,0.0388357310338368,0.00094066018,0.0,0.00094066018,0.0,0.0388357310338368
2018-10-20 12:00:00,0.7301131756756757,0.0324954438542805,0.088844971,0.0,0.088844971,0.0,0.0324954438542805
2018-10-20 13:00:00,0.7429628378378379,0.0292747898421938,0.29663362,0.0,0.29663362,0.0,0.0292747898421938
2018-10-20 14:00:00,0.6888344594594595,0.0260607083520268,0.534587,0.0,0.534587,0.0,0.0260607083520268
2018-10-20 15:00:00,0.6958141891891891,0.0247318086245178,0.73657939,0.0,0.73657939,0.0,0.0247318086245178
2018-10-20 16:00:00,0.697018581081081,0.0229992141252371,0.81759966,0.0,0.81759966,0.0,0.0229992141252371
2018-10-20 17:00:00,0.736579391891892,0.0286408033640966,0.86036655,0.0,0.86036655,0.0,0.0286408033640966
2018-10-20 18:00:00,0.8175996621621622,0.0306719491803824,0.8991875,0.0,0.8991875,0.0,0.0306719491803824
2018-10-20 19:00:00,0.8603665540540542,0.0322394703142336,0.90913176,0.0,0.90913176,0.0,0.0322394703142336
2018-10-20 20:00:00,0.8991875,0.0322058642831343,0.86916385,0.0,0.86916385,0.0,0.0322058642831343
2018-10-20 21:00:00,0.9091317567567568,0.0275921566470663,0.60515709,0.0,0.60515709,0.0,0.0275921566470663
2018-10-20 22:00:00,0.8691638513513515,0.0280476543808038,0.45542568,0.0,0.45542568,0.0,0.0280476543808038
2018-10-20 23:00:00,0.6051570945945947,0.0263652239369949,0.42020946,0.0,0.42020946,0.0,0.0263652239369949
2018-10-21 00:00:00,0.4554256756756756,0.0208613366355203,0.40676182,0.0,0.40676182,0.0,0.0208613366355203
2018-10-21 01:00:00,0.4202094594594595,0.015261885879095,0.39620777,0.0,0.39620777,0.0,0.015261885879095
2018-10-21 02:00:00,0.4067618243243244,0.0135185455599152,0.38925507,0.0,0.38925507,0.0,0.0135185455599152
2018-10-21 03:00:00,0.3962077702702702,0.018894209548161,0.39911824,0.0,0.39911824,0.0,0.018894209548161
2018-10-21 04:00:00,0.3892550675675676,0.0229213914106854,0.42695439,0.0,0.42695439,0.0,0.0229213914106854
2018-10-21 05:00:00,0.3991182432432432,0.0286555704184858,0.38433425,0.0,0.38433425,0.0,0.0286555704184858
2018-10-21 06:00:00,0.4269543918918919,0.0358257018501479,0.082482488,0.0,0.082482488,0.0,0.0358257018501479
2018-10-21 07:00:00,0.4886807432432432,0.0448436412180266,0.25392911,0.0,0.25392911,0.0,0.0448436412180266
2018-10-21 08:00:00,0.5460033783783783,0.0567530171440106,0.14041614,0.0,0.14041614,0.0,0.0567530171440106
2018-10-21 09:00:00,0.667258445945946,0.0596536450952371,0.084305917,0.0,0.084305917,0.0,0.0596536450952371
2018-10-21 10:00:00,0.7466858108108108,0.0621859245879446,0.1010566,0.0,0.1010566,0.0,0.0621859245879446
2018-10-21 11:00:00,0.7671283783783784,0.0569429106500558,0.46746857,0.0,0.46746857,0.0,0.0569429106500558
2018-10-21 12:00:00,0.7524003378378379,0.0451331025175699,0.62534865,0.0,0.62534865,0.0,0.0451331025175699
2018-10-21 13:00:00,0.7084070945945946,0.032521531190639,0.61889017,0.0,0.61889017,0.0,0.032521531190639
2018-10-21 14:00:00,0.6843868243243244,0.0284722325384166,0.60969263,0.0,0.60969263,0.0,0.0284722325384166
2018-10-21 15:00:00,0.6518648648648648,0.0241146674018279,0.73625169,0.0,0.73625169,0.0,0.0241146674018279
2018-10-21 16:00:00,0.6969510135135135,0.0255252083270603,0.8143902,0.0,0.8143902,0.0,0.0255252083270603
2018-10-21 17:00:00,0.7362516891891894,0.0267272702086863,0.87321959,0.0,0.87321959,0.0,0.0267272702086863
2018-10-21 18:00:00,0.8143902027027026,0.0325248258995703,0.92438851,0.0,0.92438851,0.0,0.0325248258995703
2018-10-21 19:00:00,0.8732195945945946,0.0326301721056556,0.89959797,0.0,0.89959797,0.0,0.0326301721056556
2018-10-21 20:00:00,0.9243885135135136,0.031214207582644,0.83272635,0.0,0.83272635,0.0,0.031214207582644
2018-10-21 21:00:00,0.8995979729729731,0.030299663967089,0.59109628,0.0,0.59109628,0.0,0.030299663967089
2018-10-21 22:00:00,0.8327263513513516,0.0278188157255961,0.45137162,0.0,0.45137162,0.0,0.0278188157255961
2018-10-21 23:00:00,0.5910962837837839,0.0270259229013509,0.40661149,0.0,0.40661149,0.0,0.0270259229013509
2018-10-22 00:00:00,0.4513716216216216,0.0228672061207231,0.39581926,0.0,0.39581926,0.0,0.0228672061207231
2018-10-22 01:00:00,0.4066114864864865,0.017664742446604,0.38707601,0.0,0.38707601,0.0,0.017664742446604
2018-10-22 02:00:00,0.3958192567567568,0.0151307733595727,0.3881875,0.0,0.3881875,0.0,0.0151307733595727
2018-10-22 03:00:00,0.3870760135135134,0.0198351615229959,0.41631926,0.0,0.41631926,0.0,0.0198351615229959
2018-10-22 04:00:00,0.3881875,0.020939733812142,0.43729054,0.0,0.43729054,0.0,0.020939733812142
2018-10-22 05:00:00,0.4163192567567568,0.026182190183904,0.50170296,0.0,0.50170296,0.0,0.026182190183904
2018-10-22 06:00:00,0.4372905405405405,0.0366111097715391,0.40831814,0.0,0.40831814,0.0,0.0366111097715391
2018-10-22 07:00:00,0.5231030405405405,0.0470805120391712,0.63441501,0.0,0.63441501,0.0,0.0470805120391712
2018-10-22 08:00:00,0.6036283783783783,0.051205994499451,0.16624408,0.0,0.16624408,0.0,0.051205994499451
2018-10-22 09:00:00,0.6756807432432432,0.0492720510446099,0.28193291,0.0,0.28193291,0.0,0.0492720510446099
2018-10-22 10:00:00,0.7002111486486486,0.0515464139637984,0.59067291,0.0,0.59067291,0.0,0.0515464139637984
2018-10-22 11:00:00,0.6565608108108109,0.049841326060108,0.10304511,0.0,0.10304511,0.0,0.049841326060108
2018-10-22 12:00:00,0.6674172297297297,0.0416722895683069,0.027846852,0.0,0.027846852,0.0,0.0416722895683069
2018-10-22 13:00:00,0.6967331081081081,0.0296585474009455,0.23542948,0.0,0.23542948,0.0,0.0296585474009455
2018-10-22 14:00:00,0.6347145270270271,0.0239889784800848,0.50059295,0.0,0.50059295,0.0,0.0239889784800848
2018-10-22 15:00:00,0.6325608108108107,0.0211810923612884,0.7009375,0.0,0.7009375,0.0,0.0211810923612884
2018-10-22 16:00:00,0.6541756756756756,0.0225084376620199,0.79455068,0.0,0.79455068,0.0,0.0225084376620199
2018-10-22 17:00:00,0.7009375000000002,0.0257680537192117,0.85617061,0.0,0.85617061,0.0,0.0257680537192117
2018-10-22 18:00:00,0.7945506756756755,0.0299490562489696,0.92151858,0.0,0.92151858,0.0,0.0299490562489696
2018-10-22 19:00:00,0.8561706081081082,0.0330098915339732,0.92880912,0.0,0.92880912,0.0,0.0330098915339732
2018-10-22 20:00:00,0.9215185810810812,0.0309560544659194,0.83063345,0.0,0.83063345,0.0,0.0309560544659194
2018-10-22 21:00:00,0.9288091216216215,0.0311410819403124,0.62189189,0.0,0.62189189,0.0,0.0311410819403124
2018-10-22 22:00:00,0.8306334459459461,0.0292749588016263,0.43309459,0.0,0.43309459,0.0,0.0292749588016263
2018-10-22 23:00:00,0.6218918918918919,0.0271503277314078,0.40714865,0.0,0.40714865,0.0,0.0271503277314078
2018-10-23 00:00:00,0.4330945945945946,0.0226054541680891,0.40401689,0.0,0.40401689,0.0,0.0226054541680891
2018-10-23 01:00:00,0.4071486486486486,0.0185302033470542,0.38611486,0.0,0.38611486,0.0,0.0185302033470542
2018-10-23 02:00:00,0.4040168918918919,0.017370465803238,0.38795946,0.0,0.38795946,0.0,0.017370465803238
2018-10-23 03:00:00,0.3861148648648648,0.0245795930718919,0.40350507,0.0,0.40350507,0.0,0.0245795930718919
2018-10-23 04:00:00,0.3879594594594595,0.0273582998967173,0.43952872,0.0,0.43952872,0.0,0.0273582998967173
2018-10-23 05:00:00,0.4035050675675675,0.0329823849383826,0.39325475,0.0,0.39325475,0.0,0.0329823849383826
2018-10-23 06:00:00,0.4395287162162162,0.0427192297950702,0.33047623,0.0,0.33047623,0.0,0.0427192297950702
2018-10-23 07:00:00,0.5188023648648648,0.0523701418844521,0.22255576,0.0,0.22255576,0.0,0.0523701418844521
2018-10-23 08:00:00,0.6016030405405405,0.0581575600093936,0.16883755,0.0,0.16883755,0.0,0.0581575600093936
2018-10-23 09:00:00,0.6472533783783784,0.0494543582721416,0.0,0.0,0.0,0.015538056,0.0494543582721416
2018-10-23 10:00:00,0.6869510135135134,0.0434987072403851,0.014909511,0.0,0.014909511,0.0,0.0434987072403851
2018-10-23 11:00:00,0.6932432432432433,0.0354359462315471,0.0,0.0,0.0,0.033992362,0.0354359462315471
2018-10-23 12:00:00,0.674258445945946,0.0305568878069356,0.05034624,0.0,0.05034624,0.0,0.0305568878069356
2018-10-23 13:00:00,0.7087043918918918,0.0258144161874551,0.21640368,0.0,0.21640368,0.0,0.0258144161874551
2018-10-23 14:00:00,0.6428344594594595,0.0229315627685144,0.49553214,0.0,0.49553214,0.0,0.0229315627685144
2018-10-23 15:00:00,0.6010439189189188,0.0197113142590657,0.70941892,0.0,0.70941892,0.0,0.0197113142590657
2018-10-23 16:00:00,0.6412601351351351,0.0221491454290762,0.79717905,0.0,0.79717905,0.0,0.0221491454290762
2018-10-23 17:00:00,0.7094189189189191,0.0280363678907212,0.85782939,0.0,0.85782939,0.0,0.0280363678907212
2018-10-23 18:00:00,0.797179054054054,0.0334207163937911,0.92864865,0.0,0.92864865,0.0,0.0334207163937911
2018-10-23 19:00:00,0.8578293918918919,0.0339976114796893,0.92415878,0.0,0.92415878,0.0,0.0339976114796893
2018-10-23 20:00:00,0.9286486486486488,0.0309558348186575,0.83812162,0.0,0.83812162,0.0,0.0309558348186575
2018-10-23 21:00:00,0.924158783783784,0.0275400664540654,0.58333446,0.0,0.58333446,0.0,0.0275400664540654
2018-10-23 22:00:00,0.8381216216216218,0.0292989341450803,0.45965034,0.0,0.45965034,0.0,0.0292989341450803
2018-10-23 23:00:00,0.5833344594594594,0.0264576954343333,0.40736318,0.0,0.40736318,0.0,0.0264576954343333
2018-10-24 00:00:00,0.4596503378378379,0.0231630033989805,0.39211318,0.0,0.39211318,0.0,0.0231630033989805
2018-10-24 01:00:00,0.4073631756756756,0.0194415705252804,0.385625,0.0,0.385625,0.0,0.0194415705252804
2018-10-24 02:00:00,0.3921131756756758,0.0166700106844445,0.38766723,0.0,0.38766723,0.0,0.0166700106844445
2018-10-24 03:00:00,0.385625,0.0231049489380167,0.4017348,0.0,0.4017348,0.0,0.0231049489380167
2018-10-24 04:00:00,0.3876672297297297,0.0252482331295694,0.44036318,0.0,0.44036318,0.0,0.0252482331295694
2018-10-24 05:00:00,0.4017347972972973,0.0331832270156458,0.30583701,0.0,0.30583701,0.0,0.0331832270156458
2018-10-24 06:00:00,0.4403631756756757,0.0447063109913929,0.34429949,0.0,0.34429949,0.0,0.0447063109913929
2018-10-24 07:00:00,0.5096064189189189,0.0587032482881325,0.43432616,0.0,0.43432616,0.0,0.0587032482881325
2018-10-24 08:00:00,0.5828547297297296,0.0655557697788175,0.38968717,0.0,0.38968717,0.0,0.0655557697788175
2018-10-24 09:00:00,0.6631148648648649,0.0572611964287622,0.41222109,0.0,0.41222109,0.0,0.0572611964287622
2018-10-24 10:00:00,0.6977837837837838,0.0443220803462307,0.10684126,0.0,0.10684126,0.0,0.0443220803462307
2018-10-24 11:00:00,0.685222972972973,0.0357980093991818,0.0,0.0,0.0,0.051407677,0.0357980093991818
2018-10-24 12:00:00,0.7154847972972973,0.0290969093517906,0.032308696,0.0,0.032308696,0.0,0.0290969093517906
2018-10-24 13:00:00,0.6861334459459459,0.0254963331600676,0.21497106,0.0,0.21497106,0.0,0.0254963331600676
2018-10-24 14:00:00,0.6203766891891893,0.0229131968782153,0.49916831,0.0,0.49916831,0.0,0.0229131968782153
2018-10-24 15:00:00,0.5945827702702702,0.0220109197174509,0.75095608,0.0,0.75095608,0.0,0.0220109197174509
2018-10-24 16:00:00,0.6391959459459459,0.0219387740398271,0.78622466,0.0,0.78622466,0.0,0.0219387740398271
2018-10-24 17:00:00,0.7509560810810813,0.0265198725054469,0.84726182,0.0,0.84726182,0.0,0.0265198725054469
2018-10-24 18:00:00,0.786224662162162,0.0315940452825643,0.92876858,0.0,0.92876858,0.0,0.0315940452825643
2018-10-24 19:00:00,0.8472618243243244,0.0333337867658345,0.93780743,0.0,0.93780743,0.0,0.0333337867658345
2018-10-24 20:00:00,0.9287685810810812,0.0320477520463187,0.82222466,0.0,0.82222466,0.0,0.0320477520463187
2018-10-24 21:00:00,0.9378074324324324,0.0292499697015783,0.60709966,0.0,0.60709966,0.0,0.0292499697015783
2018-10-24 22:00:00,0.8222246621621623,0.0270100407147076,0.44454223,0.0,0.44454223,0.0,0.0270100407147076
2018-10-24 23:00:00,0.6070996621621623,0.0252807409243581,0.40158108,0.0,0.40158108,0.0,0.0252807409243581
2018-10-25 00:00:00,0.4445422297297297,0.0178444983867069,0.39387669,0.0,0.39387669,0.0,0.0178444983867069
2018-10-25 01:00:00,0.4015810810810811,0.0118402377262563,0.38899493,0.0,0.38899493,0.0,0.0118402377262563
2018-10-25 02:00:00,0.3938766891891892,0.0089727765116049,0.38666047,0.0,0.38666047,0.0,0.0089727765116049
2018-10-25 03:00:00,0.3889949324324324,0.0113160410873155,0.40287331,0.0,0.40287331,0.0,0.0113160410873155
2018-10-25 04:00:00,0.386660472972973,0.0134593759666978,0.44577703,0.0,0.44577703,0.0,0.0134593759666978
2018-10-25 05:00:00,0.4028733108108108,0.0170195032703103,0.46866029,0.0,0.46866029,0.0,0.0170195032703103
2018-10-25 06:00:00,0.445777027027027,0.0282945885912185,0.49732201,0.0,0.49732201,0.0,0.0282945885912185
2018-10-25 07:00:00,0.5128648648648648,0.0402511210947782,0.071769924,0.0,0.071769924,0.0,0.0402511210947782
2018-10-25 08:00:00,0.6167972972972973,0.0461492076479249,0.14100295,0.0,0.14100295,0.0,0.0461492076479249
2018-10-25 09:00:00,0.6867195945945946,0.0420271043762927,0.15042883,0.0,0.15042883,0.0,0.0420271043762927
2018-10-25 10:00:00,0.7290709459459459,0.0435044856529722,0.0,0.0,0.0,0.12542719,0.0435044856529722
2018-10-25 11:00:00,0.6723429054054054,0.0391674997752466,0.0,0.0,0.0,0.037135979,0.0391674997752466
2018-10-25 12:00:00,0.6651689189189188,0.0311751948497087,0.045133089,0.0,0.045133089,0.0,0.0311751948497087
2018-10-25 13:00:00,0.6779949324324324,0.0268214144044051,0.26453761,0.0,0.26453761,0.0,0.0268214144044051
2018-10-25 14:00:00,0.6160827702702703,0.0224599463049285,0.54480517,0.0,0.54480517,0.0,0.0224599463049285
2018-10-25 15:00:00,0.6316824324324324,0.0209605496142105,0.75009459,0.0,0.75009459,0.0,0.0209605496142105
2018-10-25 16:00:00,0.6774222972972973,0.0220244364720409,0.78912331,0.0,0.78912331,0.0,0.0220244364720409
2018-10-25 17:00:00,0.7500945945945947,0.0276750819364755,0.86177872,0.0,0.86177872,0.0,0.0276750819364755
2018-10-25 18:00:00,0.7891233108108107,0.0346682621546121,0.91941554,0.0,0.91941554,0.0,0.0346682621546121
2018-10-25 19:00:00,0.8617787162162163,0.0328229379220513,0.93629223,0.0,0.93629223,0.0,0.0328229379220513
2018-10-25 20:00:00,0.9194155405405406,0.0309032377473594,0.83295777,0.0,0.83295777,0.0,0.0309032377473594
2018-10-25 21:00:00,0.9362922297297298,0.0298249386499475,0.57817905,0.0,0.57817905,0.0,0.0298249386499475
2018-10-25 22:00:00,0.8329577702702704,0.0266871085516109,0.44385473,0.0,0.44385473,0.0,0.0266871085516109
2018-10-25 23:00:00,0.5781790540540541,0.0227741263694282,0.41286318,0.0,0.41286318,0.0,0.0227741263694282
2018-10-26 00:00:00,0.4438547297297296,0.0169148666938411,0.39471284,0.0,0.39471284,0.0,0.0169148666938411
2018-10-26 01:00:00,0.4128631756756757,0.0124325081205007,0.38484291,0.0,0.38484291,0.0,0.0124325081205007
2018-10-26 02:00:00,0.3947128378378378,0.0095698115618422,0.38688007,0.0,0.38688007,0.0,0.0095698115618422
2018-10-26 03:00:00,0.3848429054054054,0.0125316366194745,0.39939358,0.0,0.39939358,0.0,0.0125316366194745
2018-10-26 04:00:00,0.3868800675675676,0.0158168669266142,0.43883446,0.0,0.43883446,0.0,0.0158168669266142
2018-10-26 05:00:00,0.3993935810810811,0.022082524724891,0.30705397,0.0,0.30705397,0.0,0.022082524724891
2018-10-26 06:00:00,0.4388344594594594,0.0321631851305166,0.14411362,0.0,0.14411362,0.0,0.0321631851305166
2018-10-26 07:00:00,0.5082212837837837,0.0440730510388545,0.045363261,0.0,0.045363261,0.0,0.0440730510388545
2018-10-26 08:00:00,0.5802314189189188,0.0516472658489825,0.0,0.0,0.0,0.052987093,0.0516472658489825
2018-10-26 09:00:00,0.6689577702702703,0.0456054286107718,0.0,0.0,0.0,0.09487197,0.0456054286107718
2018-10-26 10:00:00,0.6961097972972973,0.0356283065453051,0.0,0.0,0.0,0.10312671,0.0356283065453051
2018-10-26 11:00:00,0.7053412162162163,0.0305227917934824,0.0,0.0,0.0,0.041741595,0.0305227917934824
2018-10-26 12:00:00,0.6829983108108109,0.0260893807677007,0.068455427,0.0,0.068455427,0.0,0.0260893807677007
2018-10-26 13:00:00,0.6601503378378377,0.0250996671006828,0.25958855,0.0,0.25958855,0.0,0.0250996671006828
2018-10-26 14:00:00,0.6232972972972973,0.0213055140872888,0.51399742,0.0,0.51399742,0.0,0.0213055140872888
2018-10-26 15:00:00,0.6131993243243243,0.0199377198984471,0.72014358,0.0,0.72014358,0.0,0.0199377198984471
2018-10-26 16:00:00,0.6392837837837837,0.0223683702925817,0.78663176,0.0,0.78663176,0.0,0.0223683702925817
2018-10-26 17:00:00,0.7201435810810812,0.0265265126111392,0.85067905,0.0,0.85067905,0.0,0.0265265126111392
2018-10-26 18:00:00,0.7866317567567567,0.0342852987051929,0.9298902,0.0,0.9298902,0.0,0.0342852987051929
2018-10-26 19:00:00,0.8506790540540541,0.033094202290728,0.89112838,0.0,0.89112838,0.0,0.033094202290728
2018-10-26 20:00:00,0.9298902027027028,0.0334498112080458,0.82240541,0.0,0.82240541,0.0,0.0334498112080458
2018-10-26 21:00:00,0.8911283783783785,0.0290164339741507,0.58000845,0.0,0.58000845,0.0,0.0290164339741507
2018-10-26 22:00:00,0.8224054054054055,0.0299114120874366,0.43457432,0.0,0.43457432,0.0,0.0299114120874366
2018-10-26 23:00:00,0.580008445945946,0.0242154348072959,0.39869764,0.0,0.39869764,0.0,0.0242154348072959
2018-10-27 00:00:00,0.4345743243243243,0.0190755030190986,0.39353716,0.0,0.39353716,0.0,0.0190755030190986
2018-10-27 01:00:00,0.3986976351351351,0.0128864176355738,0.39086824,0.0,0.39086824,0.0,0.0128864176355738
2018-10-27 02:00:00,0.3935371621621622,0.0091065079023291,0.394625,0.0,0.394625,0.0,0.0091065079023291
2018-10-27 03:00:00,0.3908682432432432,0.0123514751767341,0.39877365,0.0,0.39877365,0.0,0.0123514751767341
2018-10-27 04:00:00,0.394625,0.0137760228389103,0.42236318,0.0,0.42236318,0.0,0.0137760228389103
2018-10-27 05:00:00,0.3987736486486486,0.0173556987488485,0.27350832,0.0,0.27350832,0.0,0.0173556987488485
2018-10-27 06:00:00,0.4223631756756756,0.0228154369506436,0.12873861,0.0,0.12873861,0.0,0.0228154369506436
2018-10-27 07:00:00,0.4629949324324324,0.0316767340287683,0.11810717,0.0,0.11810717,0.0,0.0316767340287683
2018-10-27 08:00:00,0.5440557432432432,0.0435786250518979,0.027054064,0.0,0.027054064,0.0,0.0435786250518979
2018-10-27 09:00:00,0.7169222972972973,0.0437551200749559,0.0,0.0,0.0,0.036075474,0.0437551200749559
2018-10-27 10:00:00,0.7482989864864865,0.0381378778903018,0.0,0.0,0.0,0.04222025,0.0381378778903018
2018-10-27 11:00:00,0.7383023648648649,0.031905944394727,0.054162127,0.0,0.054162127,0.0,0.031905944394727
2018-10-27 12:00:00,0.7182635135135135,0.0309899646239969,0.1456472,0.0,0.1456472,0.0,0.0309899646239969
2018-10-27 13:00:00,0.7348412162162161,0.0299465049615407,0.3253051,0.0,0.3253051,0.0,0.0299465049615407
2018-10-27 14:00:00,0.6865219594594596,0.0255422901256733,0.60355354,0.0,0.60355354,0.0,0.0255422901256733
2018-10-27 15:00:00,0.6716452702702702,0.0232790447371351,0.7722652,0.0,0.7722652,0.0,0.0232790447371351
2018-10-27 16:00:00,0.7250354729729729,0.0243815557212061,0.86585135,0.0,0.86585135,0.0,0.0243815557212061
2018-10-27 17:00:00,0.7722652027027028,0.0275354538615615,0.88228547,0.0,0.88228547,0.0,0.0275354538615615
2018-10-27 18:00:00,0.8658513513513513,0.0333956935018564,0.90973986,0.0,0.90973986,0.0,0.0333956935018564
2018-10-27 19:00:00,0.8822854729729731,0.0339196029097622,0.94125169,0.0,0.94125169,0.0,0.0339196029097622
2018-10-27 20:00:00,0.9097398648648648,0.0304079331713546,0.86479392,0.0,0.86479392,0.0,0.0304079331713546
2018-10-27 21:00:00,0.9412516891891892,0.028800605195236,0.60150845,0.0,0.60150845,0.0,0.028800605195236
2018-10-27 22:00:00,0.8647939189189191,0.0274657918875937,0.45915878,0.0,0.45915878,0.0,0.0274657918875937
2018-10-27 23:00:00,0.601508445945946,0.0247996289406728,0.41187669,0.0,0.41187669,0.0,0.0247996289406728
2018-10-28 00:00:00,0.4591587837837838,0.01861900842471,0.39462669,0.0,0.39462669,0.0,0.01861900842471
2018-10-28 01:00:00,0.4118766891891892,0.0133049301495647,0.39345439,0.0,0.39345439,0.0,0.0133049301495647
2018-10-28 02:00:00,0.3946266891891892,0.0090423033180269,0.39294426,0.0,0.39294426,0.0,0.0090423033180269
2018-10-28 03:00:00,0.3934543918918919,0.0098774022084793,0.39880574,0.0,0.39880574,0.0,0.0098774022084793
2018-10-28 04:00:00,0.3929442567567567,0.0103377828698124,0.42645946,0.0,0.42645946,0.0,0.0103377828698124
2018-10-28 05:00:00,0.3988057432432432,0.0134697162839592,0.28730951,0.0,0.28730951,0.0,0.0134697162839592
2018-10-28 06:00:00,0.4264594594594594,0.0169770775568413,0.13080092,0.0,0.13080092,0.0,0.0169770775568413
2018-10-28 07:00:00,0.4697094594594594,0.0244575367779448,0.048600825,0.0,0.048600825,0.0,0.0244575367779448
2018-10-28 08:00:00,0.5388817567567568,0.0328751294907116,0.015622882,0.0,0.015622882,0.0,0.0328751294907116
2018-10-28 09:00:00,0.6412466216216216,0.0334556403084627,0.00028572576,0.0,0.00028572576,0.0,0.0334556403084627
2018-10-28 10:00:00,0.7297736486486486,0.0337632647469863,0.0,0.0,0.0,0.042935986,0.0337632647469863
2018-10-28 11:00:00,0.7657685810810811,0.0308350964082828,0.042634659,0.0,0.042634659,0.0,0.0308350964082828
2018-10-28 12:00:00,0.7098479729729731,0.0289546455097315,0.1493645,0.0,0.1493645,0.0,0.0289546455097315
2018-10-28 13:00:00,0.7152533783783783,0.0277987433450302,0.35184792,0.0,0.35184792,0.0,0.0277987433450302
2018-10-28 14:00:00,0.6813648648648649,0.0259321302239902,0.59305154,0.0,0.59305154,0.0,0.0259321302239902
2018-10-28 15:00:00,0.6884763513513512,0.0229769790639366,0.77408615,0.0,0.77408615,0.0,0.0229769790639366
2018-10-28 16:00:00,0.7055692567567566,0.0234111710132517,0.81829223,0.0,0.81829223,0.0,0.0234111710132517
2018-10-28 17:00:00,0.7740861486486488,0.0276991586555889,0.88316216,0.0,0.88316216,0.0,0.0276991586555889
2018-10-28 18:00:00,0.8182922297297297,0.0315889089158202,0.91518412,0.0,0.91518412,0.0,0.0315889089158202
2018-10-28 19:00:00,0.8831621621621621,0.0337172401976076,0.93365709,0.0,0.93365709,0.0,0.0337172401976076
2018-10-28 20:00:00,0.9151841216216215,0.033514370607156,0.84455236,0.0,0.84455236,0.0,0.033514370607156
2018-10-28 21:00:00,0.9336570945945946,0.0311976833501578,0.60454054,0.0,0.60454054,0.0,0.0311976833501578
2018-10-28 22:00:00,0.844552364864865,0.0291468030721706,0.45255912,0.0,0.45255912,0.0,0.0291468030721706
2018-10-28 23:00:00,0.6045405405405406,0.0244715097230021,0.40824662,0.0,0.40824662,0.0,0.0244715097230021
2018-10-29 00:00:00,0.4525591216216216,0.0206467243645188,0.39708446,0.0,0.39708446,0.0,0.0206467243645188
2018-10-29 01:00:00,0.4082466216216216,0.0130791834519695,0.38470439,0.0,0.38470439,0.0,0.0130791834519695
2018-10-29 02:00:00,0.3970844594594594,0.0107273695289807,0.3864848,0.0,0.3864848,0.0,0.0107273695289807
2018-10-29 03:00:00,0.3847043918918919,0.0148768273327143,0.39960811,0.0,0.39960811,0.0,0.0148768273327143
2018-10-29 04:00:00,0.3864847972972973,0.0188249361808875,0.44250169,0.0,0.44250169,0.0,0.0188249361808875
2018-10-29 05:00:00,0.3996081081081081,0.0270262270283291,0.32908313,0.0,0.32908313,0.0,0.0270262270283291
2018-10-29 06:00:00,0.4425016891891892,0.0398333520022899,0.18823451,0.0,0.18823451,0.0,0.0398333520022899
2018-10-29 07:00:00,0.5191925675675675,0.0552306419704897,0.035646733,0.0,0.035646733,0.0,0.0552306419704897
2018-10-29 08:00:00,0.6100861486486486,0.0623317534740268,0.0,0.0,0.0,0.048411209,0.0623317534740268
2018-10-29 09:00:00,0.6445523648648649,0.0588432311778544,0.0,0.0,0.0,0.11048421,0.0588432311778544
2018-10-29 10:00:00,0.683375,0.0541853237542773,0.0,0.0,0.0,0.094186691,0.0541853237542773
2018-10-29 11:00:00,0.6727922297297299,0.043651716902343,0.0,0.0,0.0,0.022058917,0.043651716902343
2018-10-29 12:00:00,0.6735067567567569,0.0323579615641574,0.068646773,0.0,0.068646773,0.0,0.0323579615641574
2018-10-29 13:00:00,0.6606570945945945,0.0273585871277522,0.27957262,0.0,0.27957262,0.0,0.0273585871277522
2018-10-29 14:00:00,0.6076097972972974,0.0199738941129183,0.55766342,0.0,0.55766342,0.0,0.0199738941129183
2018-10-29 15:00:00,0.6222398648648648,0.0208192995287457,0.6971402,0.0,0.6971402,0.0,0.0208192995287457
2018-10-29 16:00:00,0.6705574324324324,0.021665989036259,0.80191554,0.0,0.80191554,0.0,0.021665989036259
2018-10-29 17:00:00,0.6971402027027028,0.0263501358596839,0.85145777,0.0,0.85145777,0.0,0.0263501358596839
2018-10-29 18:00:00,0.8019155405405405,0.0313029619724701,0.8892652,0.0,0.8892652,0.0,0.0313029619724701
2018-10-29 19:00:00,0.8514577702702704,0.0323802135214012,0.90004223,0.0,0.90004223,0.0,0.0323802135214012
2018-10-29 20:00:00,0.8892652027027027,0.0297811612610193,0.86084966,0.0,0.86084966,0.0,0.0297811612610193
2018-10-29 21:00:00,0.9000422297297297,0.0296393874013142,0.58350676,0.0,0.58350676,0.0,0.0296393874013142
2018-10-29 22:00:00,0.8608496621621623,0.0273649737942961,0.43838851,0.0,0.43838851,0.0,0.0273649737942961
2018-10-29 23:00:00,0.5835067567567568,0.025109720186909,0.40802703,0.0,0.40802703,0.0,0.025109720186909
2018-10-30 00:00:00,0.4383885135135135,0.0222412452156633,0.39327872,0.0,0.39327872,0.0,0.0222412452156633
2018-10-30 01:00:00,0.408027027027027,0.0171060611875157,0.3842973,0.0,0.3842973,0.0,0.0171060611875157
2018-10-30 02:00:00,0.3932787162162162,0.0157524089031637,0.38643074,0.0,0.38643074,0.0,0.0157524089031637
2018-10-30 03:00:00,0.3842972972972972,0.0223103665194474,0.40008953,0.0,0.40008953,0.0,0.0223103665194474
2018-10-30 04:00:00,0.3864307432432433,0.0289028932355953,0.42950507,0.0,0.42950507,0.0,0.0289028932355953
2018-10-30 05:00:00,0.400089527027027,0.0386717221128311,0.33643818,0.0,0.33643818,0.0,0.0386717221128311
2018-10-30 06:00:00,0.4295050675675675,0.0546620596886642,0.43075353,0.0,0.43075353,0.0,0.0546620596886642
2018-10-30 07:00:00,0.5174358108108108,0.0721821559652128,0.36391384,0.0,0.36391384,0.0,0.0721821559652128
2018-10-30 08:00:00,0.582831081081081,0.0824222126993402,0.084807312,0.0,0.084807312,0.0,0.0824222126993402
2018-10-30 09:00:00,0.6523733108108108,0.0726756695712346,0.0,0.0,0.0,0.12363869,0.0726756695712346
2018-10-30 10:00:00,0.6894915540540539,0.0544175247021891,0.0,0.0,0.0,0.11506272,0.0544175247021891
2018-10-30 11:00:00,0.6557280405405407,0.0388245290234703,0.0,0.0,0.0,0.0082237796,0.0388245290234703
2018-10-30 12:00:00,0.651410472972973,0.0285082715853422,0.085875576,0.0,0.085875576,0.0,0.0285082715853422
2018-10-30 13:00:00,0.6718192567567567,0.0255571247638358,0.28135789,0.0,0.28135789,0.0,0.0255571247638358
2018-10-30 14:00:00,0.6207027027027028,0.0202219772474733,0.53843751,0.0,0.53843751,0.0,0.0202219772474733
2018-10-30 15:00:00,0.6165624999999999,0.0199009374300192,0.73660135,0.0,0.73660135,0.0,0.0199009374300192
2018-10-30 16:00:00,0.6481993243243243,0.0211030837913613,0.7830625,0.0,0.7830625,0.0,0.0211030837913613
2018-10-30 17:00:00,0.7366013513513514,0.026397681043954,0.83825676,0.0,0.83825676,0.0,0.026397681043954
2018-10-30 18:00:00,0.7830625,0.0314488922342117,0.87015372,0.0,0.87015372,0.0,0.0314488922342117
2018-10-30 19:00:00,0.8382567567567568,0.0345726649077748,0.90835642,0.0,0.90835642,0.0,0.0345726649077748
2018-10-30 20:00:00,0.8701537162162163,0.0328311155585781,0.84458953,0.0,0.84458953,0.0,0.0328311155585781
2018-10-30 21:00:00,0.9083564189189188,0.0314330438394549,0.61176689,0.0,0.61176689,0.0,0.0314330438394549
2018-10-30 22:00:00,0.8445895270270272,0.0296884363245324,0.47477872,0.0,0.47477872,0.0,0.0296884363245324
2018-10-30 23:00:00,0.6117668918918919,0.0259986495525159,0.41741554,0.0,0.41741554,0.0,0.0259986495525159
2018-10-31 00:00:00,0.4747787162162161,0.0198467859319432,0.39795101,0.0,0.39795101,0.0,0.0198467859319432
2018-10-31 01:00:00,0.4174155405405406,0.0174068427690282,0.38698649,0.0,0.38698649,0.0,0.0174068427690282
2018-10-31 02:00:00,0.3979510135135136,0.015912345901849,0.38958277,0.0,0.38958277,0.0,0.015912345901849
2018-10-31 03:00:00,0.3869864864864864,0.0238562777418982,0.41327534,0.0,0.41327534,0.0,0.0238562777418982
2018-10-31 04:00:00,0.3895827702702703,0.0294174422909475,0.444875,0.0,0.444875,0.0,0.0294174422909475
2018-10-31 05:00:00,0.4132753378378379,0.0398434726722891,0.4880657,0.0,0.4880657,0.0,0.0398434726722891
2018-10-31 06:00:00,0.444875,0.0544743288633532,0.57018597,0.0,0.57018597,0.0,0.0544743288633532
2018-10-31 07:00:00,0.5174729729729729,0.0710638810661013,0.30238926,0.0,0.30238926,0.0,0.0710638810661013
2018-10-31 08:00:00,0.6074695945945945,0.0768159021899606,0.1730293,0.0,0.1730293,0.0,0.0768159021899606
2018-10-31 09:00:00,0.6619662162162162,0.0686449226646871,0.33944636,0.0,0.33944636,0.0,0.0686449226646871
2018-10-31 10:00:00,0.7209358108108107,0.052263393315078,0.24217042,0.0,0.24217042,0.0,0.052263393315078
2018-10-31 11:00:00,0.7015743243243243,0.0374492330358312,0.33990164,0.0,0.33990164,0.0,0.0374492330358312
2018-10-31 12:00:00,0.6936503378378379,0.0291132815207875,0.42148839,0.0,0.42148839,0.0,0.0291132815207875
2018-10-31 13:00:00,0.6708226351351351,0.0247743526095896,0.49902704,0.0,0.49902704,0.0,0.0247743526095896
2018-10-31 14:00:00,0.6597466216216217,0.0209471511312232,0.52858778,0.0,0.52858778,0.0,0.0209471511312232
2018-10-31 15:00:00,0.6498091216216215,0.0207305958267493,0.70361655,0.0,0.70361655,0.0,0.0207305958267493
2018-10-31 16:00:00,0.6403800675675675,0.0203744800311343,0.76201689,0.0,0.76201689,0.0,0.0203744800311343
2018-10-31 17:00:00,0.7036165540540542,0.025702244020302,0.82147973,0.0,0.82147973,0.0,0.025702244020302
2018-10-31 18:00:00,0.7620168918918919,0.0294898245117765,0.90677027,0.0,0.90677027,0.0,0.0294898245117765
2018-10-31 19:00:00,0.8214797297297298,0.0335073756866557,0.92745608,0.0,0.92745608,0.0,0.0335073756866557
2018-10-31 20:00:00,0.9067702702702702,0.029977559705211,0.83345946,0.0,0.83345946,0.0,0.029977559705211
2018-10-31 21:00:00,0.9274560810810812,0.0297687765346263,0.58039527,0.0,0.58039527,0.0,0.0297687765346263
2018-10-31 22:00:00,0.8334594594594597,0.0271509190894212,0.45777534,0.0,0.45777534,0.0,0.0271509190894212
2018-10-31 23:00:00,0.5803952702702703,0.0231314417770129,0.40169257,0.0,0.40169257,0.0,0.0231314417770129
2018-11-01 00:00:00,0.4577753378378378,0.0176667868557358,0.39234966,0.0,0.39234966,0.0,0.0176667868557358
2018-11-01 01:00:00,0.4016925675675675,0.0108963289613549,0.3915625,0.0,0.3915625,0.0,0.0108963289613549
2018-11-01 02:00:00,0.3923496621621622,0.0089255861421428,0.39869257,0.0,0.39869257,0.0,0.0089255861421428
2018-11-01 03:00:00,0.3915624999999999,0.0112942115286528,0.40053041,0.0,0.40053041,0.0,0.0112942115286528
2018-11-01 04:00:00,0.3986925675675675,0.0129962243706738,0.43744932,0.0,0.43744932,0.0,0.0129962243706738
2018-11-01 05:00:00,0.4005304054054054,0.0181850868104868,0.41586493,0.0,0.41586493,0.0,0.0181850868104868
2018-11-01 06:00:00,0.4374493243243244,0.0287106005056102,0.29772581,0.0,0.29772581,0.0,0.0287106005056102
2018-11-01 07:00:00,0.5178851351351351,0.0436853398293856,0.046516626,0.0,0.046516626,0.0,0.0436853398293856
2018-11-01 08:00:00,0.5984121621621623,0.0474828213435973,0.0,0.0,0.0,0.036035232,0.0474828213435973
2018-11-01 09:00:00,0.6521875,0.0438594187325606,0.0,0.0,0.0,0.11366797,0.0438594187325606
2018-11-01 10:00:00,0.6977753378378379,0.0359643837522406,0.037089945,0.0,0.037089945,0.0,0.0359643837522406
2018-11-01 11:00:00,0.6780625,0.0302114333515034,0.0093720516,0.0,0.0093720516,0.0,0.0302114333515034
2018-11-01 12:00:00,0.6640152027027028,0.0259777492707313,0.12001753,0.0,0.12001753,0.0,0.0259777492707313
2018-11-01 13:00:00,0.7012820945945946,0.0255180106552411,0.28006801,0.0,0.28006801,0.0,0.0255180106552411
2018-11-01 14:00:00,0.6621452702702704,0.0223664779469391,0.59674405,0.0,0.59674405,0.0,0.0223664779469391
2018-11-01 15:00:00,0.6187111486486486,0.0184661001384115,0.7581402,0.0,0.7581402,0.0,0.0184661001384115
2018-11-01 16:00:00,0.6994037162162163,0.0226342617513089,0.85395101,0.0,0.85395101,0.0,0.0226342617513089
2018-11-01 17:00:00,0.7581402027027027,0.027403902047515,0.937125,0.0,0.937125,0.0,0.027403902047515
2018-11-01 18:00:00,0.8539510135135135,0.0339054441093292,0.94312162,0.0,0.94312162,0.0,0.0339054441093292
2018-11-01 19:00:00,0.937125,0.0353020458813908,0.89397973,0.0,0.89397973,0.0,0.0353020458813908
2018-11-01 20:00:00,0.9431216216216216,0.0321535037550416,0.77385304,0.0,0.77385304,0.0,0.0321535037550416
2018-11-01 21:00:00,0.8939797297297296,0.0292946256795548,0.62373311,0.0,0.62373311,0.0,0.0292946256795548
2018-11-01 22:00:00,0.7738530405405407,0.0280421463033084,0.49453209,0.0,0.49453209,0.0,0.0280421463033084
2018-11-01 23:00:00,0.6237331081081081,0.0240907427462037,0.41969088,0.0,0.41969088,0.0,0.0240907427462037
2018-11-02 00:00:00,0.4945320945945946,0.0185986995009387,0.3965,0.0,0.3965,0.0,0.0185986995009387
2018-11-02 01:00:00,0.4196908783783783,0.0124929787013474,0.38799324,0.0,0.38799324,0.0,0.0124929787013474
2018-11-02 02:00:00,0.3965,0.0087093180687038,0.38769764,0.0,0.38769764,0.0,0.0087093180687038
2018-11-02 03:00:00,0.3879932432432432,0.0077627228488277,0.40951858,0.0,0.40951858,0.0,0.0077627228488277
2018-11-02 04:00:00,0.3876976351351351,0.0102100495389375,0.43722466,0.0,0.43722466,0.0,0.0102100495389375
2018-11-02 05:00:00,0.4095185810810811,0.0138844610026079,0.43906535,0.0,0.43906535,0.0,0.0138844610026079
2018-11-02 06:00:00,0.4372246621621622,0.0235232249088022,0.24144586,0.0,0.24144586,0.0,0.0235232249088022
2018-11-02 07:00:00,0.5400777027027026,0.0368644137525545,0.12410151,0.0,0.12410151,0.0,0.0368644137525545
2018-11-02 08:00:00,0.618570945945946,0.0400585918215878,0.04734074,0.0,0.04734074,0.0,0.0400585918215878
2018-11-02 09:00:00,0.650185810810811,0.0357363392063652,0.0,0.0,0.0,0.0027952508,0.0357363392063652
2018-11-02 10:00:00,0.6879256756756756,0.0308349950326234,0.041857542,0.0,0.041857542,0.0,0.0308349950326234
2018-11-02 11:00:00,0.686918918918919,0.0285688435418484,0.12593516,0.0,0.12593516,0.0,0.0285688435418484
2018-11-02 12:00:00,0.6781182432432432,0.0257129729442577,0.10836779,0.0,0.10836779,0.0,0.0257129729442577
2018-11-02 13:00:00,0.7106368243243243,0.0257930597152031,0.41410741,0.0,0.41410741,0.0,0.0257930597152031
2018-11-02 14:00:00,0.6397972972972974,0.0214194772244252,0.62722796,0.0,0.62722796,0.0,0.0214194772244252
2018-11-02 15:00:00,0.6348006756756758,0.0204266715997947,0.74965203,0.0,0.74965203,0.0,0.0204266715997947
2018-11-02 16:00:00,0.6932246621621622,0.0238804727326141,0.90321284,0.0,0.90321284,0.0,0.0238804727326141
2018-11-02 17:00:00,0.749652027027027,0.0285156720084802,0.95940203,0.0,0.95940203,0.0,0.0285156720084802
2018-11-02 18:00:00,0.903212837837838,0.0332988628511628,0.94704899,0.0,0.94704899,0.0,0.0332988628511628
2018-11-02 19:00:00,0.9594020270270268,0.0338083769154303,0.88552365,0.0,0.88552365,0.0,0.0338083769154303
2018-11-02 20:00:00,0.9470489864864864,0.0328896600018958,0.74434291,0.0,0.74434291,0.0,0.0328896600018958
2018-11-02 21:00:00,0.8855236486486485,0.0295367445461469,0.61361824,0.0,0.61361824,0.0,0.0295367445461469
2018-11-02 22:00:00,0.7443429054054056,0.0290614616628783,0.47920777,0.0,0.47920777,0.0,0.0290614616628783
2018-11-02 23:00:00,0.6136182432432433,0.0244648358254233,0.42168581,0.0,0.42168581,0.0,0.0244648358254233
2018-11-03 00:00:00,0.4792077702702702,0.0170491725466354,0.40618919,0.0,0.40618919,0.0,0.0170491725466354
2018-11-03 01:00:00,0.4216858108108108,0.0113022371016905,0.39787331,0.0,0.39787331,0.0,0.0113022371016905
2018-11-03 02:00:00,0.4061891891891891,0.008573626748564,0.38930743,0.0,0.38930743,0.0,0.008573626748564
2018-11-03 03:00:00,0.3978733108108108,0.0109212166857436,0.39921622,0.0,0.39921622,0.0,0.0109212166857436
2018-11-03 04:00:00,0.3893074324324324,0.0133419829530843,0.43274324,0.0,0.43274324,0.0,0.0133419829530843
2018-11-03 05:00:00,0.3992162162162162,0.0154925999840019,0.39680305,0.0,0.39680305,0.0,0.0154925999840019
2018-11-03 06:00:00,0.4327432432432433,0.0224429658819748,0.19340279,0.0,0.19340279,0.0,0.0224429658819748
2018-11-03 07:00:00,0.4761385135135135,0.0334627535005657,0.078775295,0.0,0.078775295,0.0,0.0334627535005657
2018-11-03 08:00:00,0.5401908783783784,0.0441580376333387,0.018112576,0.0,0.018112576,0.0,0.0441580376333387
2018-11-03 09:00:00,0.6712635135135137,0.0471558003622371,0.0,0.0,0.0,0.019080401,0.0471558003622371
2018-11-03 10:00:00,0.7334425675675675,0.0368783022178956,0.0,0.0,0.0,0.021653022,0.0368783022178956
2018-11-03 11:00:00,0.7512601351351352,0.0309916880102072,0.16757261,0.0,0.16757261,0.0,0.0309916880102072
2018-11-03 12:00:00,0.7358091216216216,0.0272678728085105,0.2488805,0.0,0.2488805,0.0,0.0272678728085105
2018-11-03 13:00:00,0.7356689189189188,0.0287232724630383,0.3720422,0.0,0.3720422,0.0,0.0287232724630383
2018-11-03 14:00:00,0.6944746621621622,0.0240196615130039,0.61474985,0.0,0.61474985,0.0,0.0240196615130039
2018-11-03 15:00:00,0.6985168918918919,0.0249305556048195,0.81425338,0.0,0.81425338,0.0,0.0249305556048195
2018-11-03 16:00:00,0.7118648648648649,0.0243390117361343,0.93142399,0.0,0.93142399,0.0,0.0243390117361343
2018-11-03 17:00:00,0.8142533783783783,0.0298255300079607,0.9625625,0.0,0.9625625,0.0,0.0298255300079607
2018-11-03 18:00:00,0.9314239864864864,0.0334521259522693,0.99445946,0.0,0.99445946,0.0,0.0334521259522693
2018-11-03 19:00:00,0.9625624999999998,0.0365478513600584,0.86513345,0.0,0.86513345,0.0,0.0365478513600584
2018-11-03 20:00:00,0.9944594594594596,0.0339369719394103,0.75562331,0.0,0.75562331,0.0,0.0339369719394103
2018-11-03 21:00:00,0.8651334459459458,0.0276097453239765,0.62779223,0.0,0.62779223,0.0,0.0276097453239765
2018-11-03 22:00:00,0.755623310810811,0.0265311252036431,0.46830743,0.0,0.46830743,0.0,0.0265311252036431
2018-11-03 23:00:00,0.6277922297297298,0.0239332387633446,0.52109291,0.0,0.52109291,0.0,0.0239332387633446
2018-11-04 00:00:00,0.4683074324324324,0.0179712855447605,0.6929375,0.0,0.6929375,0.0,0.0179712855447605
2018-11-04 01:00:00,0.5210929054054053,0.0138743910204385,0.38761655,0.0,0.38761655,0.0,0.0138743910204385
2018-11-04 02:00:00,0.6929375000000001,0.0165811211270725,0.40163514,0.0,0.40163514,0.0,0.0165811211270725
2018-11-04 03:00:00,0.387616554054054,0.0117363445712895,0.42475845,0.0,0.42475845,0.0,0.0117363445712895
2018-11-04 04:00:00,0.4016351351351352,0.0142204199379407,0.46913345,0.0,0.46913345,0.0,0.0142204199379407
2018-11-04 05:00:00,0.424758445945946,0.0220151099113738,0.36443239,0.0,0.36443239,0.0,0.0220151099113738
2018-11-04 06:00:00,0.4691334459459458,0.0311503240212633,0.2754246,0.0,0.2754246,0.0,0.0311503240212633
2018-11-04 07:00:00,0.5306182432432432,0.0446242304991455,0.21974663,0.0,0.21974663,0.0,0.0446242304991455
2018-11-04 08:00:00,0.6740304054054055,0.049803107436505,0.045576993,0.0,0.045576993,0.0,0.049803107436505
2018-11-04 09:00:00,0.8094442567567567,0.0449928323968129,0.0,0.0,0.0,0.036893514,0.0449928323968129
2018-11-04 10:00:00,0.76125,0.0349848921308813,0.0,0.0,0.0,0.017649282,0.0349848921308813
2018-11-04 11:00:00,0.7386790540540541,0.0297447505033428,0.0,0.0,0.0,0.0072185594,0.0297447505033428
2018-11-04 12:00:00,0.7448986486486486,0.0301060533535315,0.15249692,0.0,0.15249692,0.0,0.0301060533535315
2018-11-04 13:00:00,0.6697381756756757,0.026684489680409,0.39683002,0.0,0.39683002,0.0,0.026684489680409
2018-11-04 14:00:00,0.6809898648648649,0.0250001837869009,0.73524276,0.0,0.73524276,0.0,0.0250001837869009
2018-11-04 15:00:00,0.721793918918919,0.0270263115080452,0.92010642,0.0,0.92010642,0.0,0.0270263115080452
2018-11-04 16:00:00,0.8277516891891892,0.028418723086184,0.99904223,0.0,0.99904223,0.0,0.028418723086184
2018-11-04 17:00:00,0.920106418918919,0.0335489566029631,1.0032568,0.0,1.0032568,0.0,0.0335489566029631
2018-11-04 18:00:00,0.9990422297297296,0.0350648944221104,0.86451182,0.0,0.86451182,0.0,0.0350648944221104
2018-11-04 19:00:00,1.0032567567567567,0.0324982823727443,0.75798818,0.0,0.75798818,0.0,0.0324982823727443
2018-11-04 20:00:00,0.8645118243243242,0.0301054788914616,0.60515541,0.0,0.60515541,0.0,0.0301054788914616
2018-11-04 21:00:00,0.7579881756756759,0.0272906654359378,0.46951014,0.0,0.46951014,0.0,0.0272906654359378
2018-11-04 22:00:00,0.6051554054054055,0.0249132372630012,0.42024662,0.0,0.42024662,0.0,0.0249132372630012
2018-11-04 23:00:00,0.4695101351351351,0.0201127449744435,0.42024662,0.0,0.42024662,0.0,0.0201127449744435
2018-11-05 00:00:00,0.4202466216216216,0.015125603200942,0.4042348,0.0,0.4042348,0.0,0.015125603200942
2018-11-05 01:00:00,0.4202466216216216,0.0175579431894003,0.40233108,0.0,0.40233108,0.0,0.0175579431894003
2018-11-05 02:00:00,0.4042347972972972,0.0162129247320426,0.38821622,0.0,0.38821622,0.0,0.0162129247320426
2018-11-05 03:00:00,0.402331081081081,0.0209412544470333,0.4042027,0.0,0.4042027,0.0,0.0209412544470333
2018-11-05 04:00:00,0.3882162162162161,0.0253638689650862,0.44049493,0.0,0.44049493,0.0,0.0253638689650862
2018-11-05 05:00:00,0.4042027027027027,0.0327039228978868,0.37837552,0.0,0.37837552,0.0,0.0327039228978868
2018-11-05 06:00:00,0.4404949324324324,0.0472523775737822,0.19242911,0.0,0.19242911,0.0,0.0472523775737822
2018-11-05 07:00:00,0.5087297297297297,0.0598452450915493,0.17115142,0.0,0.17115142,0.0,0.0598452450915493
2018-11-05 08:00:00,0.5885118243243244,0.0578595155706857,0.11310256,0.0,0.11310256,0.0,0.0578595155706857
2018-11-05 09:00:00,0.6557770270270271,0.0420243503375449,0.0,0.0,0.0,0.064058867,0.0420243503375449
2018-11-05 10:00:00,0.7255523648648649,0.0330062926980636,0.0,0.0,0.0,0.061734772,0.0330062926980636
2018-11-05 11:00:00,0.6972381756756757,0.0293961365065251,0.030520274,0.0,0.030520274,0.0,0.0293961365065251
2018-11-05 12:00:00,0.6855692567567567,0.0273104843773553,0.13811682,0.0,0.13811682,0.0,0.0273104843773553
2018-11-05 13:00:00,0.6946216216216217,0.025056345902222,0.32124103,0.0,0.32124103,0.0,0.025056345902222
2018-11-05 14:00:00,0.6558344594594595,0.0215991993726416,0.56985606,0.0,0.56985606,0.0,0.0215991993726416
2018-11-05 15:00:00,0.6353462837837838,0.0208038228447403,0.75769088,0.0,0.75769088,0.0,0.0208038228447403
2018-11-05 16:00:00,0.6591520270270271,0.0229885189931678,0.8591098,0.0,0.8591098,0.0,0.0229885189931678
2018-11-05 17:00:00,0.7576908783783783,0.0268119019883625,0.93038007,0.0,0.93038007,0.0,0.0268119019883625
2018-11-05 18:00:00,0.8591097972972973,0.0343675988447023,0.93544088,0.0,0.93544088,0.0,0.0343675988447023
2018-11-05 19:00:00,0.9303800675675676,0.0341228273150218,0.84043243,0.0,0.84043243,0.0,0.0341228273150218
2018-11-05 20:00:00,0.9354408783783784,0.0317380831986632,0.75898986,0.0,0.75898986,0.0,0.0317380831986632
2018-11-05 21:00:00,0.8404324324324324,0.0302306947267939,0.60955236,0.0,0.60955236,0.0,0.0302306947267939
2018-11-05 22:00:00,0.758989864864865,0.029458752872163,0.4704223,0.0,0.4704223,0.0,0.029458752872163
2018-11-05 23:00:00,0.6095523648648649,0.0283897296475884,0.403,0.0,0.403,0.0,0.0283897296475884
2018-11-06 00:00:00,0.4704222972972973,0.0232274783183745,0.39961655,0.0,0.39961655,0.0,0.0232274783183745
2018-11-06 01:00:00,0.403,0.018895916038428,0.39182432,0.0,0.39182432,0.0,0.018895916038428
2018-11-06 02:00:00,0.3996165540540541,0.0190696570227383,0.38880068,0.0,0.38880068,0.0,0.0190696570227383
2018-11-06 03:00:00,0.3918243243243243,0.028365568448759,0.40061318,0.0,0.40061318,0.0,0.028365568448759
2018-11-06 04:00:00,0.3888006756756756,0.0335628450683041,0.43223142,0.0,0.43223142,0.0,0.0335628450683041
2018-11-06 05:00:00,0.4006131756756757,0.0472046465341365,0.36108228,0.0,0.36108228,0.0,0.0472046465341365
2018-11-06 06:00:00,0.432231418918919,0.0609461171691264,0.24812034,0.0,0.24812034,0.0,0.0609461171691264
2018-11-06 07:00:00,0.5143513513513513,0.0781070225883909,0.37215974,0.0,0.37215974,0.0,0.0781070225883909
2018-11-06 08:00:00,0.6025101351351352,0.0734391972461334,0.12103473,0.0,0.12103473,0.0,0.0734391972461334
2018-11-06 09:00:00,0.672677364864865,0.0506933715816277,0.094312092,0.0,0.094312092,0.0,0.0506933715816277
2018-11-06 10:00:00,0.7498125,0.0351850752663581,0.084460374,0.0,0.084460374,0.0,0.0351850752663581
2018-11-06 11:00:00,0.7128682432432434,0.0284174220985546,0.17403967,0.0,0.17403967,0.0,0.0284174220985546
2018-11-06 12:00:00,0.6900777027027027,0.0266946441422947,0.40799321,0.0,0.40799321,0.0,0.0266946441422947
2018-11-06 13:00:00,0.6634138513513513,0.0251998600440807,0.58994827,0.0,0.58994827,0.0,0.0251998600440807
2018-11-06 14:00:00,0.6408614864864866,0.0214208795877139,0.61252712,0.0,0.61252712,0.0,0.0214208795877139
2018-11-06 15:00:00,0.6426266891891893,0.0206898428116607,0.76441723,0.0,0.76441723,0.0,0.0206898428116607
2018-11-06 16:00:00,0.6668716216216217,0.0210834676012627,0.89790034,0.0,0.89790034,0.0,0.0210834676012627
2018-11-06 17:00:00,0.7644172297297298,0.0259501244035381,0.95366892,0.0,0.95366892,0.0,0.0259501244035381
2018-11-06 18:00:00,0.8979003378378378,0.0338159294020574,0.95728378,0.0,0.95728378,0.0,0.0338159294020574
2018-11-06 19:00:00,0.9536689189189188,0.033248360876826,0.87234122,0.0,0.87234122,0.0,0.033248360876826
2018-11-06 20:00:00,0.9572837837837838,0.0323578263966117,0.76924493,0.0,0.76924493,0.0,0.0323578263966117
2018-11-06 21:00:00,0.8723412162162161,0.0283799637923972,0.63988176,0.0,0.63988176,0.0,0.0283799637923972
2018-11-06 22:00:00,0.7692449324324326,0.0258540033824605,0.45649662,0.0,0.45649662,0.0,0.0258540033824605
2018-11-06 23:00:00,0.6398817567567567,0.0245415940955509,0.41920439,0.0,0.41920439,0.0,0.0245415940955509
2018-11-07 00:00:00,0.4564966216216216,0.0208781649949848,0.39950676,0.0,0.39950676,0.0,0.0208781649949848
2018-11-07 01:00:00,0.4192043918918919,0.0178023599042728,0.38509628,0.0,0.38509628,0.0,0.0178023599042728
2018-11-07 02:00:00,0.3995067567567568,0.0144903495271015,0.38630743,0.0,0.38630743,0.0,0.0144903495271015
2018-11-07 03:00:00,0.3850962837837837,0.0204632682128469,0.40864358,0.0,0.40864358,0.0,0.0204632682128469
2018-11-07 04:00:00,0.3863074324324324,0.025240663746999,0.43635473,0.0,0.43635473,0.0,0.025240663746999
2018-11-07 05:00:00,0.4086435810810811,0.0358845166285573,0.44834131,0.0,0.44834131,0.0,0.0358845166285573
2018-11-07 06:00:00,0.4363547297297297,0.0504730484818116,0.39403353,0.0,0.39403353,0.0,0.0504730484818116
2018-11-07 07:00:00,0.5187347972972972,0.0657815671642423,0.12262081,0.0,0.12262081,0.0,0.0657815671642423
2018-11-07 08:00:00,0.605410472972973,0.0613832321166215,0.48744863,0.0,0.48744863,0.0,0.0613832321166215
2018-11-07 09:00:00,0.6751925675675676,0.0426900842929855,0.0,0.0,0.0,0.025101818,0.0426900842929855
2018-11-07 10:00:00,0.7081418918918919,0.0324320164833672,0.54177887,0.0,0.54177887,0.0,0.0324320164833672
2018-11-07 11:00:00,0.7075557432432433,0.0300431835487451,0.31370653,0.0,0.31370653,0.0,0.0300431835487451
2018-11-07 12:00:00,0.7000405405405407,0.0274034120651612,0.34809039,0.0,0.34809039,0.0,0.0274034120651612
2018-11-07 13:00:00,0.6808513513513513,0.0257472886049729,0.57078854,0.0,0.57078854,0.0,0.0257472886049729
2018-11-07 14:00:00,0.6362567567567569,0.0218705989088641,0.63282343,0.0,0.63282343,0.0,0.0218705989088641
2018-11-07 15:00:00,0.6260895270270271,0.0199110412040752,0.75531588,0.0,0.75531588,0.0,0.0199110412040752
2018-11-07 16:00:00,0.6407787162162162,0.0230468944770531,0.87628041,0.0,0.87628041,0.0,0.0230468944770531
2018-11-07 17:00:00,0.7553158783783783,0.0274649301944885,0.95670608,0.0,0.95670608,0.0,0.0274649301944885
2018-11-07 18:00:00,0.8762804054054054,0.0313261601025351,0.95364358,0.0,0.95364358,0.0,0.0313261601025351
2018-11-07 19:00:00,0.956706081081081,0.0336975733196793,0.87082432,0.0,0.87082432,0.0,0.0336975733196793
2018-11-07 20:00:00,0.953643581081081,0.0315851073285917,0.74771959,0.0,0.74771959,0.0,0.0315851073285917
2018-11-07 21:00:00,0.8708243243243242,0.0292756177434127,0.60351689,0.0,0.60351689,0.0,0.0292756177434127
2018-11-07 22:00:00,0.7477195945945947,0.0295884461324532,0.47154054,0.0,0.47154054,0.0,0.0295884461324532
2018-11-07 23:00:00,0.603516891891892,0.0266275841435854,0.42268074,0.0,0.42268074,0.0,0.0266275841435854
2018-11-08 00:00:00,0.4715405405405405,0.0227245198800832,0.40807939,0.0,0.40807939,0.0,0.0227245198800832
2018-11-08 01:00:00,0.4226807432432433,0.0194381913366329,0.39431926,0.0,0.39431926,0.0,0.0194381913366329
2018-11-08 02:00:00,0.4080793918918919,0.0175448826252778,0.3851723,0.0,0.3851723,0.0,0.0175448826252778
2018-11-08 03:00:00,0.3943192567567568,0.0258582273682698,0.39905405,0.0,0.39905405,0.0,0.0258582273682698
2018-11-08 04:00:00,0.3851722972972972,0.0322218816373233,0.43176858,0.0,0.43176858,0.0,0.0322218816373233
2018-11-08 05:00:00,0.3990540540540541,0.045930591038376,0.4856446,0.0,0.4856446,0.0,0.045930591038376
2018-11-08 06:00:00,0.4317685810810811,0.0627558078573995,0.52951357,0.0,0.52951357,0.0,0.0627558078573995
2018-11-08 07:00:00,0.5108851351351351,0.0826684879679688,0.51331573,0.0,0.51331573,0.0,0.0826684879679688
2018-11-08 08:00:00,0.5836807432432433,0.0785650547136139,0.63343314,0.0,0.63343314,0.0,0.0785650547136139
2018-11-08 09:00:00,0.6550219594594595,0.0545035250532675,0.65327178,0.0,0.65327178,0.0,0.0545035250532675
2018-11-08 10:00:00,0.7135945945945946,0.037813239236938,0.48215385,0.0,0.48215385,0.0,0.037813239236938
2018-11-08 11:00:00,0.7046385135135136,0.031172288747472,0.42999694,0.0,0.42999694,0.0,0.031172288747472
2018-11-08 12:00:00,0.6614695945945946,0.0283145933880116,0.56963206,0.0,0.56963206,0.0,0.0283145933880116
2018-11-08 13:00:00,0.6742787162162162,0.0257094923799507,0.62281606,0.0,0.62281606,0.0,0.0257094923799507
2018-11-08 14:00:00,0.6393378378378379,0.0220190466661481,0.66587564,0.0,0.66587564,0.0,0.0220190466661481
2018-11-08 15:00:00,0.6320962837837838,0.0219638645155348,0.75803716,0.0,0.75803716,0.0,0.0219638645155348
2018-11-08 16:00:00,0.6791722972972973,0.0215985235349122,0.8817973,0.0,0.8817973,0.0,0.0215985235349122
2018-11-08 17:00:00,0.7580371621621622,0.0269761305566302,0.95241723,0.0,0.95241723,0.0,0.0269761305566302
2018-11-08 18:00:00,0.8817972972972973,0.0323415893951605,0.94712838,0.0,0.94712838,0.0,0.0323415893951605
2018-11-08 19:00:00,0.9524172297297296,0.0336645586465934,0.88678716,0.0,0.88678716,0.0,0.0336645586465934
2018-11-08 20:00:00,0.9471283783783784,0.0308501675896506,0.75261486,0.0,0.75261486,0.0,0.0308501675896506
2018-11-08 21:00:00,0.886787162162162,0.0286893116171311,0.62347128,0.0,0.62347128,0.0,0.0286893116171311
2018-11-08 22:00:00,0.7526148648648651,0.0290064822635838,0.45426014,0.0,0.45426014,0.0,0.0290064822635838
2018-11-08 23:00:00,0.6234712837837839,0.026666191373883,0.40353716,0.0,0.40353716,0.0,0.026666191373883
2018-11-09 00:00:00,0.4542601351351351,0.0211769359592522,0.39424493,0.0,0.39424493,0.0,0.0211769359592522
2018-11-09 01:00:00,0.4035371621621622,0.0175960604373439,0.38488176,0.0,0.38488176,0.0,0.0175960604373439
2018-11-09 02:00:00,0.3942449324324324,0.013762979170731,0.38546115,0.0,0.38546115,0.0,0.013762979170731
2018-11-09 03:00:00,0.3848817567567567,0.0187287306800939,0.39983277,0.0,0.39983277,0.0,0.0187287306800939
2018-11-09 04:00:00,0.3854611486486486,0.0208220535674934,0.43787331,0.0,0.43787331,0.0,0.0208220535674934
2018-11-09 05:00:00,0.3998327702702703,0.0315752400977411,0.38318043,0.0,0.38318043,0.0,0.0315752400977411
2018-11-09 06:00:00,0.4378733108108108,0.0447003636193732,0.23991677,0.0,0.23991677,0.0,0.0447003636193732
2018-11-09 07:00:00,0.5188614864864864,0.0604512856795323,0.11305939,0.0,0.11305939,0.0,0.0604512856795323
2018-11-09 08:00:00,0.5994358108108109,0.0646211537826966,0.058661427,0.0,0.058661427,0.0,0.0646211537826966
2018-11-09 09:00:00,0.6621756756756757,0.0499504400615353,0.0,0.0,0.0,0.029007235,0.0499504400615353
2018-11-09 10:00:00,0.7309729729729729,0.0351301127630067,0.0,0.0,0.0,0.044410273,0.0351301127630067
2018-11-09 11:00:00,0.7064645270270271,0.0296219169960068,0.046804027,0.0,0.046804027,0.0,0.0296219169960068
2018-11-09 12:00:00,0.680589527027027,0.0268219888664752,0.17289431,0.0,0.17289431,0.0,0.0268219888664752
2018-11-09 13:00:00,0.6872398648648649,0.0243710464445124,0.3319823,0.0,0.3319823,0.0,0.0243710464445124
2018-11-09 14:00:00,0.6660810810810811,0.0250521388123559,0.57524847,0.0,0.57524847,0.0,0.0250521388123559
2018-11-09 15:00:00,0.6220777027027027,0.0191906319763183,0.74273649,0.0,0.74273649,0.0,0.0191906319763183
2018-11-09 16:00:00,0.6469628378378379,0.0218280718197356,0.89414696,0.0,0.89414696,0.0,0.0218280718197356
2018-11-09 17:00:00,0.7427364864864865,0.0291940948172922,0.95432432,0.0,0.95432432,0.0,0.0291940948172922
2018-11-09 18:00:00,0.8941469594594595,0.0344547988077505,0.96736824,0.0,0.96736824,0.0,0.0344547988077505
2018-11-09 19:00:00,0.9543243243243242,0.0353669769912521,0.89403885,0.0,0.89403885,0.0,0.0353669769912521
2018-11-09 20:00:00,0.9673682432432432,0.0338284830878827,0.75262331,0.0,0.75262331,0.0,0.0338284830878827
2018-11-09 21:00:00,0.8940388513513513,0.0331374896973022,0.58345608,0.0,0.58345608,0.0,0.0331374896973022
2018-11-09 22:00:00,0.7526233108108109,0.0323297791308376,0.44361318,0.0,0.44361318,0.0,0.0323297791308376
2018-11-09 23:00:00,0.5834560810810812,0.0332524327991463,0.40694932,0.0,0.40694932,0.0,0.0332524327991463
2018-11-10 00:00:00,0.4436131756756756,0.031593960802848,0.39553378,0.0,0.39553378,0.0,0.031593960802848
2018-11-10 01:00:00,0.4069493243243243,0.0311674902995925,0.38563176,0.0,0.38563176,0.0,0.0311674902995925
2018-11-10 02:00:00,0.3955337837837838,0.0332219356216028,0.385375,0.0,0.385375,0.0,0.0332219356216028
2018-11-10 03:00:00,0.3856317567567567,0.046203223978455,0.39808615,0.0,0.39808615,0.0,0.046203223978455
2018-11-10 04:00:00,0.3853749999999999,0.0548681564042741,0.42396791,0.0,0.42396791,0.0,0.0548681564042741
2018-11-10 05:00:00,0.3980861486486487,0.0699402163610971,0.4224508,0.0,0.4224508,0.0,0.0699402163610971
2018-11-10 06:00:00,0.4239679054054054,0.0839950053674815,0.52331745,0.0,0.52331745,0.0,0.0839950053674815
2018-11-10 07:00:00,0.4890962837837838,0.097954856068815,0.51598872,0.0,0.51598872,0.0,0.097954856068815
2018-11-10 08:00:00,0.5379898648648649,0.111488101099347,0.65009789,0.0,0.65009789,0.0,0.111488101099347
2018-11-10 09:00:00,0.6641790540540541,0.1013834146624378,0.6833783,0.0,0.6833783,0.0,0.1013834146624378
2018-11-10 10:00:00,0.7796875,0.0757145401300297,0.4144542,0.0,0.4144542,0.0,0.0757145401300297
2018-11-10 11:00:00,0.7821199324324325,0.0511503561583701,0.56081265,0.0,0.56081265,0.0,0.0511503561583701
2018-11-10 12:00:00,0.7513817567567568,0.0374829742344763,0.35869498,0.0,0.35869498,0.0,0.0374829742344763
2018-11-10 13:00:00,0.7896013513513513,0.0344806158090173,0.47761495,0.0,0.47761495,0.0,0.0344806158090173
2018-11-10 14:00:00,0.6830016891891894,0.0287185753908183,0.70098193,0.0,0.70098193,0.0,0.0287185753908183
2018-11-10 15:00:00,0.6729358108108108,0.0269728020558123,0.81193074,0.0,0.81193074,0.0,0.0269728020558123
2018-11-10 16:00:00,0.7316233108108108,0.0260914927606056,0.93610473,0.0,0.93610473,0.0,0.0260914927606056
2018-11-10 17:00:00,0.8119307432432432,0.0278787794281458,1.0015253,0.0,1.0015253,0.0,0.0278787794281458
2018-11-10 18:00:00,0.9361047297297298,0.0341648813177397,0.99016554,0.0,0.99016554,0.0,0.0341648813177397
2018-11-10 19:00:00,1.0015253378378377,0.0385645004570464,0.89047297,0.0,0.89047297,0.0,0.0385645004570464
2018-11-10 20:00:00,0.9901655405405404,0.0384265281845698,0.77346791,0.0,0.77346791,0.0,0.0384265281845698
2018-11-10 21:00:00,0.8904729729729729,0.038203231398744,0.60848311,0.0,0.60848311,0.0,0.038203231398744
2018-11-10 22:00:00,0.7734679054054057,0.0407214703626213,0.46774493,0.0,0.46774493,0.0,0.0407214703626213
2018-11-10 23:00:00,0.6084831081081082,0.0446369700403464,0.41972128,0.0,0.41972128,0.0,0.0446369700403464
2018-11-11 00:00:00,0.4677449324324325,0.0474275378173245,0.39440709,0.0,0.39440709,0.0,0.0474275378173245
2018-11-11 01:00:00,0.4197212837837838,0.045551986742312,0.38546453,0.0,0.38546453,0.0,0.045551986742312
2018-11-11 02:00:00,0.3944070945945946,0.046867285235515,0.38817061,0.0,0.38817061,0.0,0.046867285235515
2018-11-11 03:00:00,0.385464527027027,0.066953081180495,0.40542061,0.0,0.40542061,0.0,0.066953081180495
2018-11-11 04:00:00,0.3881706081081081,0.0761194683056575,0.42522973,0.0,0.42522973,0.0,0.0761194683056575
2018-11-11 05:00:00,0.4054206081081081,0.0933986284316406,0.34547033,0.0,0.34547033,0.0,0.0933986284316406
2018-11-11 06:00:00,0.4252297297297298,0.1125474598443898,0.18753464,0.0,0.18753464,0.0,0.1125474598443898
2018-11-11 07:00:00,0.471831081081081,0.1309497609011367,0.12393275,0.0,0.12393275,0.0,0.1309497609011367
2018-11-11 08:00:00,0.5342010135135136,0.1333651035706983,0.089015213,0.0,0.089015213,0.0,0.1333651035706983
2018-11-11 09:00:00,0.6584898648648649,0.0942656268629254,0.026528449,0.0,0.026528449,0.0,0.0942656268629254
2018-11-11 10:00:00,0.7495439189189189,0.05991852279737,0.036141236,0.0,0.036141236,0.0,0.05991852279737
2018-11-11 11:00:00,0.7441722972972973,0.0389326968520762,0.099975406,0.0,0.099975406,0.0,0.0389326968520762
2018-11-11 12:00:00,0.7408902027027028,0.0312719579166295,0.21535143,0.0,0.21535143,0.0,0.0312719579166295
2018-11-11 13:00:00,0.7244020270270269,0.0291100881875157,0.39729303,0.0,0.39729303,0.0,0.0291100881875157
2018-11-11 14:00:00,0.692195945945946,0.0285021383579469,0.69408519,0.0,0.69408519,0.0,0.0285021383579469
2018-11-11 15:00:00,0.6782027027027028,0.0258356037002749,0.83971959,0.0,0.83971959,0.0,0.0258356037002749
2018-11-11 16:00:00,0.7587685810810811,0.0254096400753165,0.92272973,0.0,0.92272973,0.0,0.0254096400753165
2018-11-11 17:00:00,0.8397195945945946,0.0276357312846756,0.95280574,0.0,0.95280574,0.0,0.0276357312846756
2018-11-11 18:00:00,0.9227297297297296,0.0332566398890124,0.95638345,0.0,0.95638345,0.0,0.0332566398890124
2018-11-11 19:00:00,0.9528057432432432,0.034010536876266,0.8681723,0.0,0.8681723,0.0,0.034010536876266
2018-11-11 20:00:00,0.956383445945946,0.0355699986451929,0.79761824,0.0,0.79761824,0.0,0.0355699986451929
2018-11-11 21:00:00,0.8681722972972972,0.0337156350830001,0.62524155,0.0,0.62524155,0.0,0.0337156350830001
2018-11-11 22:00:00,0.7976182432432434,0.0319885655571579,0.45444764,0.0,0.45444764,0.0,0.0319885655571579
2018-11-11 23:00:00,0.6252415540540541,0.0319659756810495,0.42136993,0.0,0.42136993,0.0,0.0319659756810495
2018-11-12 00:00:00,0.4544476351351351,0.0307104043471908,0.39813345,0.0,0.39813345,0.0,0.0307104043471908
2018-11-12 01:00:00,0.4213699324324324,0.029148898169132,0.3944848,0.0,0.3944848,0.0,0.029148898169132
2018-11-12 02:00:00,0.398133445945946,0.0317843273953041,0.39019764,0.0,0.39019764,0.0,0.0317843273953041
2018-11-12 03:00:00,0.3944847972972973,0.046247221014645,0.39844257,0.0,0.39844257,0.0,0.046247221014645
2018-11-12 04:00:00,0.390197635135135,0.0570911049681912,0.43991047,0.0,0.43991047,0.0,0.0570911049681912
2018-11-12 05:00:00,0.3984425675675676,0.0733371457489794,0.42212573,0.0,0.42212573,0.0,0.0733371457489794
2018-11-12 06:00:00,0.439910472972973,0.0968951763008507,0.36306971,0.0,0.36306971,0.0,0.0968951763008507
2018-11-12 07:00:00,0.5304527027027026,0.1163250041455813,0.21754445,0.0,0.21754445,0.0,0.1163250041455813
2018-11-12 08:00:00,0.6031993243243244,0.1203818721803739,0.14445995,0.0,0.14445995,0.0,0.1203818721803739
2018-11-12 09:00:00,0.6934780405405406,0.0944576999456483,0.091492897,0.0,0.091492897,0.0,0.0944576999456483
2018-11-12 10:00:00,0.720420608108108,0.065513394753178,0.092819801,0.0,0.092819801,0.0,0.065513394753178
2018-11-12 11:00:00,0.7064425675675676,0.0454480260035721,0.12305475,0.0,0.12305475,0.0,0.0454480260035721
2018-11-12 12:00:00,0.6769020270270271,0.0324276911218984,0.28667032,0.0,0.28667032,0.0,0.0324276911218984
2018-11-12 13:00:00,0.6811351351351351,0.0273340542181716,0.42362718,0.0,0.42362718,0.0,0.0273340542181716
2018-11-12 14:00:00,0.6387837837837839,0.0242018166770465,0.62858839,0.0,0.62858839,0.0,0.0242018166770465
2018-11-12 15:00:00,0.6382787162162162,0.0203223898381333,0.79666723,0.0,0.79666723,0.0,0.0203223898381333
2018-11-12 16:00:00,0.668527027027027,0.0233991579976099,0.9009375,0.0,0.9009375,0.0,0.0233991579976099
2018-11-12 17:00:00,0.7966672297297297,0.028065530288749,0.93714358,0.0,0.93714358,0.0,0.028065530288749
2018-11-12 18:00:00,0.9009375,0.0332629927636697,0.97822973,0.0,0.97822973,0.0,0.0332629927636697
2018-11-12 19:00:00,0.9371435810810808,0.0338806408646567,0.86690878,0.0,0.86690878,0.0,0.0338806408646567
2018-11-12 20:00:00,0.9782297297297295,0.0338194099663642,0.72624831,0.0,0.72624831,0.0,0.0338194099663642
2018-11-12 21:00:00,0.8669087837837837,0.0338672254857261,0.57624662,0.0,0.57624662,0.0,0.0338672254857261
2018-11-12 22:00:00,0.7262483108108109,0.0330873594337167,0.45897973,0.0,0.45897973,0.0,0.0330873594337167
2018-11-12 23:00:00,0.5762466216216218,0.0322326105612792,0.40938007,0.0,0.40938007,0.0,0.0322326105612792
2018-11-13 00:00:00,0.4589797297297296,0.0316773422827247,0.3921875,0.0,0.3921875,0.0,0.0316773422827247
2018-11-13 01:00:00,0.4093800675675675,0.0286103230824962,0.38876014,0.0,0.38876014,0.0,0.0286103230824962
2018-11-13 02:00:00,0.3921875,0.0281710285583234,0.38520608,0.0,0.38520608,0.0,0.0281710285583234
2018-11-13 03:00:00,0.3887601351351351,0.0366997965775924,0.40090709,0.0,0.40090709,0.0,0.0366997965775924
2018-11-13 04:00:00,0.385206081081081,0.0447996779737228,0.46673311,0.0,0.46673311,0.0,0.0447996779737228
2018-11-13 05:00:00,0.4009070945945946,0.0594958707772861,0.4790425,0.0,0.4790425,0.0,0.0594958707772861
2018-11-13 06:00:00,0.4667331081081081,0.078578013902077,0.25184361,0.0,0.25184361,0.0,0.078578013902077
2018-11-13 07:00:00,0.5367702702702701,0.1010481991486074,0.25499057,0.0,0.25499057,0.0,0.1010481991486074
2018-11-13 08:00:00,0.5910202702702704,0.1086153514544623,0.17917781,0.0,0.17917781,0.0,0.1086153514544623
2018-11-13 09:00:00,0.6782652027027027,0.1010937844034621,0.1657651,0.0,0.1657651,0.0,0.1010937844034621
2018-11-13 10:00:00,0.7307128378378378,0.0919692654256419,0.17628147,0.0,0.17628147,0.0,0.0919692654256419
2018-11-13 11:00:00,0.7166233108108109,0.0791649789701449,0.2134532,0.0,0.2134532,0.0,0.0791649789701449
2018-11-13 12:00:00,0.7204510135135135,0.0580639057960285,0.29601076,0.0,0.29601076,0.0,0.0580639057960285
2018-11-13 13:00:00,0.6798108108108109,0.0435784391965224,0.37197679,0.0,0.37197679,0.0,0.0435784391965224
2018-11-13 14:00:00,0.6432736486486488,0.0312820110028557,0.62474853,0.0,0.62474853,0.0,0.0312820110028557
2018-11-13 15:00:00,0.6386486486486488,0.0252290055461652,0.75367905,0.0,0.75367905,0.0,0.0252290055461652
2018-11-13 16:00:00,0.6633597972972973,0.0256549860670669,0.88714189,0.0,0.88714189,0.0,0.0256549860670669
2018-11-13 17:00:00,0.7536790540540541,0.0306513023377462,0.97612331,0.0,0.97612331,0.0,0.0306513023377462
2018-11-13 18:00:00,0.8871418918918919,0.0374388420307402,0.97277534,0.0,0.97277534,0.0,0.0374388420307402
2018-11-13 19:00:00,0.9761233108108108,0.0369802016515605,0.87866216,0.0,0.87866216,0.0,0.0369802016515605
2018-11-13 20:00:00,0.9727753378378378,0.0419510050479514,0.73092399,0.0,0.73092399,0.0,0.0419510050479514
2018-11-13 21:00:00,0.8786621621621621,0.0414758911241152,0.5800473,0.0,0.5800473,0.0,0.0414758911241152
2018-11-13 22:00:00,0.7309239864864867,0.0443635091990489,0.44891554,0.0,0.44891554,0.0,0.0443635091990489
2018-11-13 23:00:00,0.5800472972972974,0.0458420900876984,0.40637162,0.0,0.40637162,0.0,0.0458420900876984
2018-11-14 00:00:00,0.4489155405405405,0.0455427615573043,0.39106757,0.0,0.39106757,0.0,0.0455427615573043
2018-11-14 01:00:00,0.4063716216216216,0.0446642569886749,0.38380236,0.0,0.38380236,0.0,0.0446642569886749
2018-11-14 02:00:00,0.3910675675675675,0.0447145393157494,0.3849375,0.0,0.3849375,0.0,0.0447145393157494
2018-11-14 03:00:00,0.3838023648648648,0.0605640154128123,0.40011655,0.0,0.40011655,0.0,0.0605640154128123
2018-11-14 04:00:00,0.3849374999999999,0.0698388744935589,0.44689696,0.0,0.44689696,0.0,0.0698388744935589
2018-11-14 05:00:00,0.4001165540540541,0.0883852472582915,0.39749789,0.0,0.39749789,0.0,0.0883852472582915
2018-11-14 06:00:00,0.4468969594594595,0.1103307965713568,0.24010809,0.0,0.24010809,0.0,0.1103307965713568
2018-11-14 07:00:00,0.5215929054054053,0.1298839816976639,0.1344392,0.0,0.1344392,0.0,0.1298839816976639
2018-11-14 08:00:00,0.5943006756756757,0.1376134871220869,0.043974296,0.0,0.043974296,0.0,0.1376134871220869
2018-11-14 09:00:00,0.6799864864864865,0.1128018451657723,0.0,0.0,0.0,0.014338741,0.1128018451657723
2018-11-14 10:00:00,0.719793918918919,0.0797630953607494,0.0,0.0,0.0,0.025233791,0.0797630953607494
2018-11-14 11:00:00,0.7171655405405406,0.0546357189131571,0.049908142,0.0,0.049908142,0.0,0.0546357189131571
2018-11-14 12:00:00,0.6956554054054054,0.0382062895644701,0.13703543,0.0,0.13703543,0.0,0.0382062895644701
2018-11-14 13:00:00,0.6885,0.0283087642875948,0.33224602,0.0,0.33224602,0.0,0.0283087642875948
2018-11-14 14:00:00,0.6295472972972974,0.0235613252608026,0.60987314,0.0,0.60987314,0.0,0.0235613252608026
2018-11-14 15:00:00,0.6219628378378379,0.0210224394542891,0.73834291,0.0,0.73834291,0.0,0.0210224394542891
2018-11-14 16:00:00,0.676302364864865,0.0234035340469083,0.84348986,0.0,0.84348986,0.0,0.0234035340469083
2018-11-14 17:00:00,0.7383429054054054,0.0296187236627348,0.94663007,0.0,0.94663007,0.0,0.0296187236627348
2018-11-14 18:00:00,0.8434898648648648,0.0360463459728852,0.97176858,0.0,0.97176858,0.0,0.0360463459728852
2018-11-14 19:00:00,0.9466300675675674,0.0361648203268661,0.85716723,0.0,0.85716723,0.0,0.0361648203268661
2018-11-14 20:00:00,0.971768581081081,0.0376408499280867,0.69943243,0.0,0.69943243,0.0,0.0376408499280867
2018-11-14 21:00:00,0.8571672297297296,0.0363716773599218,0.5850473,0.0,0.5850473,0.0,0.0363716773599218
2018-11-14 22:00:00,0.6994324324324326,0.0399767140806593,0.47538682,0.0,0.47538682,0.0,0.0399767140806593
2018-11-14 23:00:00,0.5850472972972974,0.0447991710954257,0.41974831,0.0,0.41974831,0.0,0.0447991710954257
2018-11-15 00:00:00,0.4753868243243243,0.0459525557645845,0.39963345,0.0,0.39963345,0.0,0.0459525557645845
2018-11-15 01:00:00,0.4197483108108108,0.0459580638420799,0.38536486,0.0,0.38536486,0.0,0.0459580638420799
2018-11-15 02:00:00,0.3996334459459459,0.0468675048827771,0.39602196,0.0,0.39602196,0.0,0.0468675048827771
2018-11-15 03:00:00,0.3853648648648649,0.0621688596852749,0.4026723,0.0,0.4026723,0.0,0.0621688596852749
2018-11-15 04:00:00,0.3960219594594594,0.0715192943201226,0.42881926,0.0,0.42881926,0.0,0.0715192943201226
2018-11-15 05:00:00,0.4026722972972973,0.0887688020657239,0.46314694,0.0,0.46314694,0.0,0.0887688020657239
2018-11-15 06:00:00,0.4288192567567568,0.110281122498239,0.45251178,0.0,0.45251178,0.0,0.110281122498239
2018-11-15 07:00:00,0.5118226351351352,0.1286497668360572,0.34568128,0.0,0.34568128,0.0,0.1286497668360572
2018-11-15 08:00:00,0.6354087837837838,0.1354231477286182,0.12252565,0.0,0.12252565,0.0,0.1354231477286182
2018-11-15 09:00:00,0.6849983108108109,0.1214053439419801,0.10361481,0.0,0.10361481,0.0,0.1214053439419801
2018-11-15 10:00:00,0.7216672297297297,0.0939189727955233,0.0,0.0,0.0,0.010305299,0.0939189727955233
2018-11-15 11:00:00,0.696554054054054,0.0653396537688677,0.078639676,0.0,0.078639676,0.0,0.0653396537688677
2018-11-15 12:00:00,0.6814662162162163,0.0436848836389181,0.28456902,0.0,0.28456902,0.0,0.0436848836389181
2018-11-15 13:00:00,0.6802668918918918,0.0318146218215287,0.36505328,0.0,0.36505328,0.0,0.0318146218215287
2018-11-15 14:00:00,0.6515979729729731,0.023533531434177,0.62650317,0.0,0.62650317,0.0,0.023533531434177
2018-11-15 15:00:00,0.6303057432432433,0.0203237584095356,0.74126182,0.0,0.74126182,0.0,0.0203237584095356
2018-11-15 16:00:00,0.6829290540540541,0.0238955608099251,0.8568125,0.0,0.8568125,0.0,0.0238955608099251
2018-11-15 17:00:00,0.7412618243243243,0.0293347028569139,0.9513125,0.0,0.9513125,0.0,0.0293347028569139
2018-11-15 18:00:00,0.8568125,0.0346002390871382,0.94231419,0.0,0.94231419,0.0,0.0346002390871382
2018-11-15 19:00:00,0.9513125,0.0383910298078279,0.88062162,0.0,0.88062162,0.0,0.0383910298078279
2018-11-15 20:00:00,0.9423141891891892,0.0376214195933636,0.72421791,0.0,0.72421791,0.0,0.0376214195933636
2018-11-15 21:00:00,0.8806216216216215,0.0395696739121268,0.5745152,0.0,0.5745152,0.0,0.0395696739121268
2018-11-15 22:00:00,0.7242179054054055,0.0436324386311092,0.43800169,0.0,0.43800169,0.0,0.0436324386311092
2018-11-15 23:00:00,0.5745152027027027,0.048332518329007,0.40393243,0.0,0.40393243,0.0,0.048332518329007
2018-11-16 00:00:00,0.4380016891891891,0.049447126808436,0.40120777,0.0,0.40120777,0.0,0.049447126808436
2018-11-16 01:00:00,0.4039324324324324,0.0499624530771772,0.39178716,0.0,0.39178716,0.0,0.0499624530771772
2018-11-16 02:00:00,0.4012077702702702,0.0491766396531481,0.38521115,0.0,0.38521115,0.0,0.0491766396531481
2018-11-16 03:00:00,0.3917871621621621,0.0684719926856522,0.39945439,0.0,0.39945439,0.0,0.0684719926856522
2018-11-16 04:00:00,0.3852111486486486,0.075721754697792,0.43513345,0.0,0.43513345,0.0,0.075721754697792
2018-11-16 05:00:00,0.3994543918918919,0.0936739985145239,0.45941073,0.0,0.45941073,0.0,0.0936739985145239
2018-11-16 06:00:00,0.4351334459459459,0.1138688577731014,0.36152753,0.0,0.36152753,0.0,0.1138688577731014
2018-11-16 07:00:00,0.522483108108108,0.1303893224639516,0.32850088,0.0,0.32850088,0.0,0.1303893224639516
2018-11-16 08:00:00,0.6000827702702703,0.1361773657387931,0.15730429,0.0,0.15730429,0.0,0.1361773657387931
2018-11-16 09:00:00,0.6844256756756757,0.1168530023717507,0.15271843,0.0,0.15271843,0.0,0.1168530023717507
2018-11-16 10:00:00,0.721106418918919,0.0865710791450607,0.060276033,0.0,0.060276033,0.0,0.0865710791450607
2018-11-16 11:00:00,0.7157618243243243,0.0604163110770307,0.21985134,0.0,0.21985134,0.0,0.0604163110770307
2018-11-16 12:00:00,0.6708226351351352,0.0395997486910894,0.22823432,0.0,0.22823432,0.0,0.0395997486910894
2018-11-16 13:00:00,0.6712905405405406,0.0316124449647498,0.42208252,0.0,0.42208252,0.0,0.0316124449647498
2018-11-16 14:00:00,0.6286435810810812,0.0249924285489549,0.61900619,0.0,0.61900619,0.0,0.0249924285489549
2018-11-16 15:00:00,0.6334594594594595,0.0220695824323712,0.75538007,0.0,0.75538007,0.0,0.0220695824323712
2018-11-16 16:00:00,0.6643986486486487,0.0241904794991342,0.85290203,0.0,0.85290203,0.0,0.0241904794991342
2018-11-16 17:00:00,0.7553800675675675,0.0273744524184522,0.94504561,0.0,0.94504561,0.0,0.0273744524184522
2018-11-16 18:00:00,0.8529020270270271,0.034585353761146,0.95780574,0.0,0.95780574,0.0,0.034585353761146
2018-11-16 19:00:00,0.945045608108108,0.0350440448281553,0.87178716,0.0,0.87178716,0.0,0.0350440448281553
2018-11-16 20:00:00,0.9578057432432432,0.0342628946844599,0.79046791,0.0,0.79046791,0.0,0.0342628946844599
2018-11-16 21:00:00,0.8717871621621621,0.0351116117051618,0.59732601,0.0,0.59732601,0.0,0.0351116117051618
2018-11-16 22:00:00,0.7904679054054056,0.0374905098251602,0.46746284,0.0,0.46746284,0.0,0.0374905098251602
2018-11-16 23:00:00,0.5973260135135137,0.0398409720726899,0.43110473,0.0,0.43110473,0.0,0.0398409720726899
2018-11-17 00:00:00,0.4674628378378378,0.0431617007565716,0.40312838,0.0,0.40312838,0.0,0.0431617007565716
2018-11-17 01:00:00,0.4311047297297297,0.0432009162408257,0.38885473,0.0,0.38885473,0.0,0.0432009162408257
2018-11-17 02:00:00,0.4031283783783783,0.0449084540562852,0.39025676,0.0,0.39025676,0.0,0.0449084540562852
2018-11-17 03:00:00,0.3888547297297297,0.0612249509203734,0.40881419,0.0,0.40881419,0.0,0.0612249509203734
2018-11-17 04:00:00,0.3902567567567567,0.0697303856420316,0.4296402,0.0,0.4296402,0.0,0.0697303856420316
2018-11-17 05:00:00,0.4088141891891892,0.0858801026504233,0.35992437,0.0,0.35992437,0.0,0.0858801026504233
2018-11-17 06:00:00,0.4296402027027027,0.1042363622618484,0.21815886,0.0,0.21815886,0.0,0.1042363622618484
2018-11-17 07:00:00,0.4679628378378378,0.1250431756885417,0.15059347,0.0,0.15059347,0.0,0.1250431756885417
2018-11-17 08:00:00,0.5506317567567568,0.1372684212733492,0.095720116,0.0,0.095720116,0.0,0.1372684212733492
2018-11-17 09:00:00,0.6741385135135136,0.1225070946086057,0.047433846,0.0,0.047433846,0.0,0.1225070946086057
2018-11-17 10:00:00,0.7502381756756756,0.0911369543658233,0.086166609,0.0,0.086166609,0.0,0.0911369543658233
2018-11-17 11:00:00,0.7642736486486487,0.0612465101439444,0.15462615,0.0,0.15462615,0.0,0.0612465101439444
2018-11-17 12:00:00,0.7912077702702703,0.042165684902726,0.24897968,0.0,0.24897968,0.0,0.042165684902726
2018-11-17 13:00:00,0.7765152027027027,0.0342830515447421,0.44000273,0.0,0.44000273,0.0,0.0342830515447421
2018-11-17 14:00:00,0.7242381756756757,0.0281933987871697,0.69083218,0.0,0.69083218,0.0,0.0281933987871697
2018-11-17 15:00:00,0.7139172297297297,0.0257127195051092,0.845,0.0,0.845,0.0,0.0257127195051092
2018-11-17 16:00:00,0.7468597972972973,0.0247168219228662,0.88712162,0.0,0.88712162,0.0,0.0247168219228662
2018-11-17 17:00:00,0.845,0.029013967166438,0.92244088,0.0,0.92244088,0.0,0.029013967166438
2018-11-17 18:00:00,0.8871216216216216,0.036269507591165,0.94827703,0.0,0.94827703,0.0,0.036269507591165
2018-11-17 19:00:00,0.9224408783783782,0.0406053614406939,0.87655236,0.0,0.87655236,0.0,0.0406053614406939
2018-11-17 20:00:00,0.9482770270270268,0.0427320031281576,0.78321622,0.0,0.78321622,0.0,0.0427320031281576
2018-11-17 21:00:00,0.8765523648648649,0.0483863825960477,0.59926014,0.0,0.59926014,0.0,0.0483863825960477
2018-11-17 22:00:00,0.7832162162162164,0.0538099972712014,0.44322635,0.0,0.44322635,0.0,0.0538099972712014
2018-11-17 23:00:00,0.5992601351351352,0.0614382453078026,0.41434459,0.0,0.41434459,0.0,0.0614382453078026
2018-11-18 00:00:00,0.4432263513513513,0.0627618566050784,0.39393412,0.0,0.39393412,0.0,0.0627618566050784
2018-11-18 01:00:00,0.4143445945945946,0.0611341352254723,0.38667736,0.0,0.38667736,0.0,0.0611341352254723
2018-11-18 02:00:00,0.3939341216216216,0.0613270024175273,0.38498142,0.0,0.38498142,0.0,0.0613270024175273
2018-11-18 03:00:00,0.3866773648648648,0.0800463389531813,0.39817905,0.0,0.39817905,0.0,0.0800463389531813
2018-11-18 04:00:00,0.3849814189189188,0.0892497788818636,0.4250625,0.0,0.4250625,0.0,0.0892497788818636
2018-11-18 05:00:00,0.3981790540540541,0.1055569829771713,0.3674083,0.0,0.3674083,0.0,0.1055569829771713
2018-11-18 06:00:00,0.4250625,0.121704503512942,0.26089161,0.0,0.26089161,0.0,0.121704503512942
2018-11-18 07:00:00,0.4727668918918918,0.1334566119992721,0.14504237,0.0,0.14504237,0.0,0.1334566119992721
2018-11-18 08:00:00,0.5574206081081082,0.138477021885008,0.11812066,0.0,0.11812066,0.0,0.138477021885008
2018-11-18 09:00:00,0.670356418918919,0.1346678652740192,0.091367217,0.0,0.091367217,0.0,0.1346678652740192
2018-11-18 10:00:00,0.7772719594594594,0.1317800782396532,0.28463992,0.0,0.28463992,0.0,0.1317800782396532
2018-11-18 11:00:00,0.7648243243243243,0.1142539670073119,0.10920267,0.0,0.10920267,0.0,0.1142539670073119
2018-11-18 12:00:00,0.7149273648648649,0.086772512580337,0.21696279,0.0,0.21696279,0.0,0.086772512580337
2018-11-18 13:00:00,0.7332500000000001,0.0661442047939469,0.40429279,0.0,0.40429279,0.0,0.0661442047939469
2018-11-18 14:00:00,0.6922212837837839,0.0432715750754445,0.66628973,0.0,0.66628973,0.0,0.0432715750754445
2018-11-18 15:00:00,0.6769375000000001,0.0339512152195593,0.78358784,0.0,0.78358784,0.0,0.0339512152195593
2018-11-18 16:00:00,0.6971300675675676,0.0320585823459338,0.90156926,0.0,0.90156926,0.0,0.0320585823459338
2018-11-18 17:00:00,0.7835878378378378,0.0326531167965719,0.94562838,0.0,0.94562838,0.0,0.0326531167965719
2018-11-18 18:00:00,0.9015692567567568,0.0383080707265323,0.98323986,0.0,0.98323986,0.0,0.0383080707265323
2018-11-18 19:00:00,0.9456283783783784,0.0434583259360477,0.95441385,0.0,0.95441385,0.0,0.0434583259360477
2018-11-18 20:00:00,0.9832398648648648,0.0483957936364311,0.81604899,0.0,0.81604899,0.0,0.0483957936364311
2018-11-18 21:00:00,0.9544138513513512,0.0552219405597224,0.63886655,0.0,0.63886655,0.0,0.0552219405597224
2018-11-18 22:00:00,0.8160489864864866,0.0654205515450885,0.48505236,0.0,0.48505236,0.0,0.0654205515450885
2018-11-18 23:00:00,0.6388665540540541,0.0725470745472545,0.41626351,0.0,0.41626351,0.0,0.0725470745472545
2018-11-19 00:00:00,0.4850523648648648,0.0739022643624411,0.39898986,0.0,0.39898986,0.0,0.0739022643624411
2018-11-19 01:00:00,0.4162635135135135,0.0717364240866666,0.38983277,0.0,0.38983277,0.0,0.0717364240866666
2018-11-19 02:00:00,0.3989898648648648,0.0700056036614258,0.39948986,0.0,0.39948986,0.0,0.0700056036614258
2018-11-19 03:00:00,0.3898327702702702,0.089585856088799,0.40013682,0.0,0.40013682,0.0,0.089585856088799
2018-11-19 04:00:00,0.3994898648648648,0.0981462533138084,0.43355236,0.0,0.43355236,0.0,0.0981462533138084
2018-11-19 05:00:00,0.4001368243243243,0.1150517258632096,0.41863785,0.0,0.41863785,0.0,0.1150517258632096
2018-11-19 06:00:00,0.4335523648648649,0.1372311995103972,0.2607434,0.0,0.2607434,0.0,0.1372311995103972
2018-11-19 07:00:00,0.5202989864864864,0.1557637851854479,0.13032472,0.0,0.13032472,0.0,0.1557637851854479
2018-11-19 08:00:00,0.5853141891891893,0.159518790298361,0.076201463,0.0,0.076201463,0.0,0.159518790298361
2018-11-19 09:00:00,0.6445658783783784,0.1379120046472056,0.024750194,0.0,0.024750194,0.0,0.1379120046472056
2018-11-19 10:00:00,0.7176587837837837,0.1063275900522864,0.00016844719,0.0,0.00016844719,0.0,0.1063275900522864
2018-11-19 11:00:00,0.7215304054054055,0.0773632631670799,0.082292118,0.0,0.082292118,0.0,0.0773632631670799
2018-11-19 12:00:00,0.6840878378378379,0.0517194791103792,0.18086131,0.0,0.18086131,0.0,0.0517194791103792
2018-11-19 13:00:00,0.684375,0.0344398796898719,0.39830412,0.0,0.39830412,0.0,0.0344398796898719
2018-11-19 14:00:00,0.6387145270270271,0.0263299789994017,0.66597411,0.0,0.66597411,0.0,0.0263299789994017
2018-11-19 15:00:00,0.6599070945945947,0.0231108963100363,0.76591047,0.0,0.76591047,0.0,0.0231108963100363
2018-11-19 16:00:00,0.7165219594594595,0.0266687257653687,0.87667399,0.0,0.87667399,0.0,0.0266687257653687
2018-11-19 17:00:00,0.765910472972973,0.0304617298546225,0.96057264,0.0,0.96057264,0.0,0.0304617298546225
2018-11-19 18:00:00,0.8766739864864864,0.0377850905955045,0.9493902,0.0,0.9493902,0.0,0.0377850905955045
2018-11-19 19:00:00,0.960572635135135,0.0414353915481752,0.85981081,0.0,0.85981081,0.0,0.0414353915481752
2018-11-19 20:00:00,0.9493902027027028,0.0405955786895594,0.73229899,0.0,0.73229899,0.0,0.0405955786895594
2018-11-19 21:00:00,0.8598108108108108,0.0435399164459411,0.62024662,0.0,0.62024662,0.0,0.0435399164459411
2018-11-19 22:00:00,0.7322989864864866,0.047645411005371,0.46294088,0.0,0.46294088,0.0,0.047645411005371
2018-11-19 23:00:00,0.6202466216216217,0.0501936740603813,0.40117061,0.0,0.40117061,0.0,0.0501936740603813
2018-11-20 00:00:00,0.4629408783783783,0.0516326170661955,0.38971791,0.0,0.38971791,0.0,0.0516326170661955
2018-11-20 01:00:00,0.4011706081081082,0.0512472543928367,0.38418243,0.0,0.38418243,0.0,0.0512472543928367
2018-11-20 02:00:00,0.3897179054054054,0.0528805852255975,0.38616892,0.0,0.38616892,0.0,0.0528805852255975
2018-11-20 03:00:00,0.3841824324324323,0.0715541506510214,0.39957095,0.0,0.39957095,0.0,0.0715541506510214
2018-11-20 04:00:00,0.3861689189189188,0.0796838195950793,0.4338598,0.0,0.4338598,0.0,0.0796838195950793
2018-11-20 05:00:00,0.3995709459459459,0.0991482503315602,0.41245623,0.0,0.41245623,0.0,0.0991482503315602
2018-11-20 06:00:00,0.4338597972972974,0.1236486859093849,0.25062908,0.0,0.25062908,0.0,0.1236486859093849
2018-11-20 07:00:00,0.5088344594594595,0.1412073387284015,0.12789681,0.0,0.12789681,0.0,0.1412073387284015
2018-11-20 08:00:00,0.5645962837837839,0.1453571682428861,0.086924242,0.0,0.086924242,0.0,0.1453571682428861
2018-11-20 09:00:00,0.6279273648648649,0.1215215373436241,0.02067094,0.0,0.02067094,0.0,0.1215215373436241
2018-11-20 10:00:00,0.7078293918918919,0.0894825036040158,0.036055137,0.0,0.036055137,0.0,0.0894825036040158
2018-11-20 11:00:00,0.6962550675675676,0.0580250958144123,0.088274681,0.0,0.088274681,0.0,0.0580250958144123
2018-11-20 12:00:00,0.7000979729729729,0.0393136834761367,0.21622527,0.0,0.21622527,0.0,0.0393136834761367
2018-11-20 13:00:00,0.671785472972973,0.0312743402446259,0.38166725,0.0,0.38166725,0.0,0.0312743402446259
2018-11-20 14:00:00,0.6602753378378379,0.0248442173348763,0.61245377,0.0,0.61245377,0.0,0.0248442173348763
2018-11-20 15:00:00,0.6351621621621623,0.0212792915833843,0.73927872,0.0,0.73927872,0.0,0.0212792915833843
2018-11-20 16:00:00,0.6607162162162163,0.0247226341273399,0.86461149,0.0,0.86461149,0.0,0.0247226341273399
2018-11-20 17:00:00,0.7392787162162162,0.0280346614004542,1.0018361,0.0,1.0018361,0.0,0.0280346614004542
2018-11-20 18:00:00,0.8646114864864864,0.0338589126816533,0.97076182,0.0,0.97076182,0.0,0.0338589126816533
2018-11-20 19:00:00,1.001836148648649,0.0378755683715409,0.91048142,0.0,0.91048142,0.0,0.0378755683715409
2018-11-20 20:00:00,0.9707618243243242,0.0377357206493648,0.77130068,0.0,0.77130068,0.0,0.0377357206493648
2018-11-20 21:00:00,0.9104814189189188,0.0364006539025739,0.59979054,0.0,0.59979054,0.0,0.0364006539025739
2018-11-20 22:00:00,0.7713006756756758,0.0382042789472248,0.46428041,0.0,0.46428041,0.0,0.0382042789472248
2018-11-20 23:00:00,0.5997905405405406,0.0382914958062164,0.42697635,0.0,0.42697635,0.0,0.0382914958062164
2018-11-21 00:00:00,0.4642804054054054,0.0379615856185625,0.39346284,0.0,0.39346284,0.0,0.0379615856185625
2018-11-21 01:00:00,0.4269763513513513,0.0291642058937051,0.38496959,0.0,0.38496959,0.0,0.0291642058937051
2018-11-21 02:00:00,0.3934628378378378,0.0263753783988807,0.38642568,0.0,0.38642568,0.0,0.0263753783988807
2018-11-21 03:00:00,0.3849695945945945,0.0345972654011284,0.40345101,0.0,0.40345101,0.0,0.0345972654011284
2018-11-21 04:00:00,0.3864256756756756,0.0349499513202662,0.45628716,0.0,0.45628716,0.0,0.0349499513202662
2018-11-21 05:00:00,0.4034510135135136,0.041356386117597,0.4396467,0.0,0.4396467,0.0,0.041356386117597
2018-11-21 06:00:00,0.4562871621621622,0.0480425670471096,0.3826676,0.0,0.3826676,0.0,0.0480425670471096
2018-11-21 07:00:00,0.5205996621621621,0.0567196138642302,0.39794699,0.0,0.39794699,0.0,0.0567196138642302
2018-11-21 08:00:00,0.5966097972972975,0.0596188732440545,0.25908243,0.0,0.25908243,0.0,0.0596188732440545
2018-11-21 09:00:00,0.6829307432432432,0.0586759951316905,0.17264385,0.0,0.17264385,0.0,0.0586759951316905
2018-11-21 10:00:00,0.6953716216216216,0.0597271593442629,0.42243823,0.0,0.42243823,0.0,0.0597271593442629
2018-11-21 11:00:00,0.6725878378378378,0.0630886072513468,0.17213619,0.0,0.17213619,0.0,0.0630886072513468
2018-11-21 12:00:00,0.6979763513513514,0.0554764272567643,0.19593352,0.0,0.19593352,0.0,0.0554764272567643
2018-11-21 13:00:00,0.6803141891891892,0.0480259583349072,0.3628295,0.0,0.3628295,0.0,0.0480259583349072
2018-11-21 14:00:00,0.6336722972972975,0.0416237644193291,0.66679766,0.0,0.66679766,0.0,0.0416237644193291
2018-11-21 15:00:00,0.6113344594594595,0.0393898165963644,0.77155912,0.0,0.77155912,0.0,0.0393898165963644
2018-11-21 16:00:00,0.7010878378378379,0.0414207258694451,0.86786149,0.0,0.86786149,0.0,0.0414207258694451
2018-11-21 17:00:00,0.7715591216216217,0.0443183463427754,0.94100676,0.0,0.94100676,0.0,0.0443183463427754
2018-11-21 18:00:00,0.8678614864864864,0.0496913069801031,0.97170608,0.0,0.97170608,0.0,0.0496913069801031
2018-11-21 19:00:00,0.9410067567567566,0.0520714891917875,0.88139865,0.0,0.88139865,0.0,0.0520714891917875
2018-11-21 20:00:00,0.971706081081081,0.0509916525635411,0.72367399,0.0,0.72367399,0.0,0.0509916525635411
2018-11-21 21:00:00,0.8813986486486486,0.0541886860469816,0.58989696,0.0,0.58989696,0.0,0.0541886860469816
2018-11-21 22:00:00,0.7236739864864866,0.0523869871398596,0.46868243,0.0,0.46868243,0.0,0.0523869871398596
2018-11-21 23:00:00,0.5898969594594595,0.0514537566110843,0.42966216,0.0,0.42966216,0.0,0.0514537566110843
2018-11-22 00:00:00,0.4686824324324324,0.0445051478912081,0.40000338,0.0,0.40000338,0.0,0.0445051478912081
2018-11-22 01:00:00,0.4296621621621622,0.0385466245491013,0.38689527,0.0,0.38689527,0.0,0.0385466245491013
2018-11-22 02:00:00,0.4000033783783784,0.032591987273939,0.38722804,0.0,0.38722804,0.0,0.032591987273939
2018-11-22 03:00:00,0.3868952702702702,0.0404046545309765,0.40265878,0.0,0.40265878,0.0,0.0404046545309765
2018-11-22 04:00:00,0.3872280405405405,0.0417959509768617,0.43937838,0.0,0.43937838,0.0,0.0417959509768617
2018-11-22 05:00:00,0.4026587837837838,0.0485131021703284,0.47274028,0.0,0.47274028,0.0,0.0485131021703284
2018-11-22 06:00:00,0.4393783783783784,0.0605831078286705,0.41117529,0.0,0.41117529,0.0,0.0605831078286705
2018-11-22 07:00:00,0.5199172297297296,0.0773753944543244,0.46430709,0.0,0.46430709,0.0,0.0773753944543244
2018-11-22 08:00:00,0.5770625,0.0781566628696224,0.4803296,0.0,0.4803296,0.0,0.0781566628696224
2018-11-22 09:00:00,0.6505861486486486,0.064258448569219,0.37485203,0.0,0.37485203,0.0,0.064258448569219
2018-11-22 10:00:00,0.6891402027027027,0.0522717399110373,0.393382,0.0,0.393382,0.0,0.0522717399110373
2018-11-22 11:00:00,0.673106418918919,0.0433940537679725,0.33146421,0.0,0.33146421,0.0,0.0433940537679725
2018-11-22 12:00:00,0.6790236486486487,0.032647642510963,0.32183586,0.0,0.32183586,0.0,0.032647642510963
2018-11-22 13:00:00,0.689883445945946,0.0285409990273931,0.39709658,0.0,0.39709658,0.0,0.0285409990273931
2018-11-22 14:00:00,0.6349797297297298,0.0233803697087299,0.60737556,0.0,0.60737556,0.0,0.0233803697087299
2018-11-22 15:00:00,0.6425506756756757,0.022042954425829,0.76384797,0.0,0.76384797,0.0,0.022042954425829
2018-11-22 16:00:00,0.6502449324324324,0.024234239992119,0.88566385,0.0,0.88566385,0.0,0.024234239992119
2018-11-22 17:00:00,0.7638479729729729,0.0269738833961795,0.9483902,0.0,0.9483902,0.0,0.0269738833961795
2018-11-22 18:00:00,0.8856638513513513,0.0337875780093049,0.98565372,0.0,0.98565372,0.0,0.0337875780093049
2018-11-22 19:00:00,0.9483902027027028,0.0365718098075689,0.92302196,0.0,0.92302196,0.0,0.0365718098075689
2018-11-22 20:00:00,0.9856537162162162,0.0382565212037148,0.83276182,0.0,0.83276182,0.0,0.0382565212037148
2018-11-22 21:00:00,0.9230219594594594,0.0394394737735392,0.64811993,0.0,0.64811993,0.0,0.0394394737735392
2018-11-22 22:00:00,0.8327618243243244,0.0407251198863606,0.47811149,0.0,0.47811149,0.0,0.0407251198863606
2018-11-22 23:00:00,0.6481199324324325,0.0394509968068272,0.41510642,0.0,0.41510642,0.0,0.0394509968068272
2018-11-23 00:00:00,0.4781114864864865,0.0354030836219506,0.40749831,0.0,0.40749831,0.0,0.0354030836219506
2018-11-23 01:00:00,0.415106418918919,0.0277996726219083,0.39339865,0.0,0.39339865,0.0,0.0277996726219083
2018-11-23 02:00:00,0.4074983108108108,0.0234043281562406,0.38649662,0.0,0.38649662,0.0,0.0234043281562406
2018-11-23 03:00:00,0.3933986486486486,0.0307969284725094,0.40133277,0.0,0.40133277,0.0,0.0307969284725094
2018-11-23 04:00:00,0.3864966216216216,0.0328877676562533,0.44055405,0.0,0.44055405,0.0,0.0328877676562533
2018-11-23 05:00:00,0.4013327702702702,0.0401276962294289,0.44973191,0.0,0.44973191,0.0,0.0401276962294289
2018-11-23 06:00:00,0.4405540540540541,0.0526137813859357,0.56734166,0.0,0.56734166,0.0,0.0526137813859357
2018-11-23 07:00:00,0.5221469594594594,0.0663148031328151,0.58252715,0.0,0.58252715,0.0,0.0663148031328151
2018-11-23 08:00:00,0.624883445945946,0.0733942371411787,0.53535994,0.0,0.53535994,0.0,0.0733942371411787
2018-11-23 09:00:00,0.7016131756756757,0.0748851689643346,0.53277179,0.0,0.53277179,0.0,0.0748851689643346
2018-11-23 10:00:00,0.7009222972972973,0.0784442318235232,0.50198265,0.0,0.50198265,0.0,0.0784442318235232
2018-11-23 11:00:00,0.6913226351351351,0.0791253410873098,0.26521542,0.0,0.26521542,0.0,0.0791253410873098
2018-11-23 12:00:00,0.6818952702702703,0.0716617778094438,0.25164301,0.0,0.25164301,0.0,0.0716617778094438
2018-11-23 13:00:00,0.6819425675675675,0.0684702017156689,0.45540168,0.0,0.45540168,0.0,0.0684702017156689
2018-11-23 14:00:00,0.6722567567567568,0.0575926610431938,0.6616391,0.0,0.6616391,0.0,0.0575926610431938
2018-11-23 15:00:00,0.6416807432432433,0.0496099361174717,0.79598142,0.0,0.79598142,0.0,0.0496099361174717
2018-11-23 16:00:00,0.6817685810810812,0.0461910420033808,0.85630068,0.0,0.85630068,0.0,0.0461910420033808
2018-11-23 17:00:00,0.7959814189189189,0.0521219573742375,0.92365878,0.0,0.92365878,0.0,0.0521219573742375
2018-11-23 18:00:00,0.8563006756756757,0.0529327261064282,0.9478277,0.0,0.9478277,0.0,0.0529327261064282
2018-11-23 19:00:00,0.9236587837837836,0.0523743320783749,0.89628547,0.0,0.89628547,0.0,0.0523743320783749
2018-11-23 20:00:00,0.9478277027027028,0.0490441923541101,0.76929899,0.0,0.76929899,0.0,0.0490441923541101
2018-11-23 21:00:00,0.8962854729729729,0.0494175589077705,0.58698142,0.0,0.58698142,0.0,0.0494175589077705
2018-11-23 22:00:00,0.7692989864864865,0.047803472554357,0.44402872,0.0,0.44402872,0.0,0.047803472554357
2018-11-23 23:00:00,0.5869814189189191,0.0439783154851222,0.4033902,0.0,0.4033902,0.0,0.0439783154851222
2018-11-24 00:00:00,0.4440287162162162,0.0360413109818006,0.39047804,0.0,0.39047804,0.0,0.0360413109818006
2018-11-24 01:00:00,0.4033902027027027,0.0283438233698124,0.38571284,0.0,0.38571284,0.0,0.0283438233698124
2018-11-24 02:00:00,0.3904780405405405,0.0219736134747827,0.38606081,0.0,0.38606081,0.0,0.0219736134747827
2018-11-24 03:00:00,0.3857128378378379,0.028780110416089,0.39927703,0.0,0.39927703,0.0,0.028780110416089
2018-11-24 04:00:00,0.3860608108108108,0.0299675066189849,0.43302703,0.0,0.43302703,0.0,0.0299675066189849
2018-11-24 05:00:00,0.3992770270270271,0.0349447811616355,0.39298138,0.0,0.39298138,0.0,0.0349447811616355
2018-11-24 06:00:00,0.433027027027027,0.0426220612255118,0.50910735,0.0,0.50910735,0.0,0.0426220612255118
2018-11-24 07:00:00,0.4669679054054053,0.0508026376465441,0.5219939,0.0,0.5219939,0.0,0.0508026376465441
2018-11-24 08:00:00,0.5547939189189189,0.0594745312009772,0.31084532,0.0,0.31084532,0.0,0.0594745312009772
2018-11-24 09:00:00,0.6729594594594595,0.0577998728910576,0.22915516,0.0,0.22915516,0.0,0.0577998728910576
2018-11-24 10:00:00,0.7415675675675676,0.0483918906735431,0.23247641,0.0,0.23247641,0.0,0.0483918906735431
2018-11-24 11:00:00,0.7382060810810811,0.0395619017782376,0.15868144,0.0,0.15868144,0.0,0.0395619017782376
2018-11-24 12:00:00,0.7373682432432432,0.0331116558000922,0.24409221,0.0,0.24409221,0.0,0.0331116558000922
2018-11-24 13:00:00,0.7383699324324325,0.03131767833903,0.46932812,0.0,0.46932812,0.0,0.03131767833903
2018-11-24 14:00:00,0.6820118243243244,0.0284734490463298,0.70720766,0.0,0.70720766,0.0,0.0284734490463298
2018-11-24 15:00:00,0.7122212837837839,0.0260389294811939,0.77144088,0.0,0.77144088,0.0,0.0260389294811939
2018-11-24 16:00:00,0.7487415540540541,0.0270618098847869,0.92468581,0.0,0.92468581,0.0,0.0270618098847869
2018-11-24 17:00:00,0.7714408783783784,0.0290558691056668,0.95499155,0.0,0.95499155,0.0,0.0290558691056668
2018-11-24 18:00:00,0.9246858108108108,0.0360566356023168,0.97653209,0.0,0.97653209,0.0,0.0360566356023168
2018-11-24 19:00:00,0.954991554054054,0.0401425984513644,0.89992905,0.0,0.89992905,0.0,0.0401425984513644
2018-11-24 20:00:00,0.9765320945945946,0.0407895272219817,0.76361486,0.0,0.76361486,0.0,0.0407895272219817
2018-11-24 21:00:00,0.899929054054054,0.0416738102031982,0.60744257,0.0,0.60744257,0.0,0.0416738102031982
2018-11-24 22:00:00,0.7636148648648651,0.0427104945924163,0.45019764,0.0,0.45019764,0.0,0.0427104945924163
2018-11-24 23:00:00,0.6074425675675676,0.0446923211503923,0.39901689,0.0,0.39901689,0.0,0.0446923211503923
2018-11-25 00:00:00,0.4501976351351351,0.0419372686460993,0.39207601,0.0,0.39207601,0.0,0.0419372686460993
2018-11-25 01:00:00,0.3990168918918919,0.0403093276192311,0.38780743,0.0,0.38780743,0.0,0.0403093276192311
2018-11-25 02:00:00,0.3920760135135135,0.037346809827926,0.39640034,0.0,0.39640034,0.0,0.037346809827926
2018-11-25 03:00:00,0.3878074324324324,0.0490807044874461,0.40722635,0.0,0.40722635,0.0,0.0490807044874461
2018-11-25 04:00:00,0.3964003378378378,0.0533293414779833,0.42783446,0.0,0.42783446,0.0,0.0533293414779833
2018-11-25 05:00:00,0.4072263513513514,0.0665167434463887,0.39141945,0.0,0.39141945,0.0,0.0665167434463887
2018-11-25 06:00:00,0.4278344594594594,0.0810137330791828,0.23190456,0.0,0.23190456,0.0,0.0810137330791828
2018-11-25 07:00:00,0.4744831081081081,0.0953112829980025,0.1436906,0.0,0.1436906,0.0,0.0953112829980025
2018-11-25 08:00:00,0.5456418918918919,0.1034381303195399,0.10102095,0.0,0.10102095,0.0,0.1034381303195399
2018-11-25 09:00:00,0.6547162162162162,0.0938410993931421,0.072847071,0.0,0.072847071,0.0,0.0938410993931421
2018-11-25 10:00:00,0.7446841216216217,0.0883344411569767,0.020379154,0.0,0.020379154,0.0,0.0883344411569767
2018-11-25 11:00:00,0.7780067567567568,0.0796238221006433,0.10639094,0.0,0.10639094,0.0,0.0796238221006433
2018-11-25 12:00:00,0.7137618243243243,0.0646410065160005,0.25458744,0.0,0.25458744,0.0,0.0646410065160005
2018-11-25 13:00:00,0.7129324324324324,0.0457514940400594,0.42514124,0.0,0.42514124,0.0,0.0457514940400594
2018-11-25 14:00:00,0.7112246621621623,0.0301709675674498,0.67052261,0.0,0.67052261,0.0,0.0301709675674498
2018-11-25 15:00:00,0.680402027027027,0.0269123990587386,0.79385473,0.0,0.79385473,0.0,0.0269123990587386
2018-11-25 16:00:00,0.7145844594594596,0.0260947874695368,0.8853598,0.0,0.8853598,0.0,0.0260947874695368
2018-11-25 17:00:00,0.7938547297297298,0.0304074093971141,0.99370439,0.0,0.99370439,0.0,0.0304074093971141
2018-11-25 18:00:00,0.8853597972972973,0.038046808756252,0.94550845,0.0,0.94550845,0.0,0.038046808756252
2018-11-25 19:00:00,0.9937043918918916,0.0401932693851333,0.87200338,0.0,0.87200338,0.0,0.0401932693851333
2018-11-25 20:00:00,0.945508445945946,0.0390943065491422,0.75660473,0.0,0.75660473,0.0,0.0390943065491422
2018-11-25 21:00:00,0.8720033783783783,0.0380273953174722,0.63007939,0.0,0.63007939,0.0,0.0380273953174722
2018-11-25 22:00:00,0.7566047297297298,0.0429954615710587,0.48520946,0.0,0.48520946,0.0,0.0429954615710587
2018-11-25 23:00:00,0.630079391891892,0.0430224274964654,0.42082601,0.0,0.42082601,0.0,0.0430224274964654
2018-11-26 00:00:00,0.4852094594594594,0.045639102225644,0.40671791,0.0,0.40671791,0.0,0.045639102225644
2018-11-26 01:00:00,0.4208260135135135,0.0450158277755591,0.38875,0.0,0.38875,0.0,0.0450158277755591
2018-11-26 02:00:00,0.4067179054054054,0.044654305278108,0.38569932,0.0,0.38569932,0.0,0.044654305278108
2018-11-26 03:00:00,0.38875,0.0610592861969306,0.39853547,0.0,0.39853547,0.0,0.0610592861969306
2018-11-26 04:00:00,0.3856993243243243,0.0674237852631461,0.43078378,0.0,0.43078378,0.0,0.0674237852631461
2018-11-26 05:00:00,0.398535472972973,0.0823975277262705,0.43508298,0.0,0.43508298,0.0,0.0823975277262705
2018-11-26 06:00:00,0.4307837837837839,0.1015889707078642,0.35875696,0.0,0.35875696,0.0,0.1015889707078642
2018-11-26 07:00:00,0.5154391891891892,0.1192651517080402,0.16254663,0.0,0.16254663,0.0,0.1192651517080402
2018-11-26 08:00:00,0.6195304054054055,0.1269841478557695,0.084653019,0.0,0.084653019,0.0,0.1269841478557695
2018-11-26 09:00:00,0.661989864864865,0.113943757489473,0.027463498,0.0,0.027463498,0.0,0.113943757489473
2018-11-26 10:00:00,0.7130168918918919,0.0937253114941361,0.016204407,0.0,0.016204407,0.0,0.0937253114941361
2018-11-26 11:00:00,0.716106418918919,0.0718320720213336,0.078111538,0.0,0.078111538,0.0,0.0718320720213336
2018-11-26 12:00:00,0.6954831081081082,0.0488512237863956,0.18369819,0.0,0.18369819,0.0,0.0488512237863956
2018-11-26 13:00:00,0.6754780405405406,0.0375999786413953,0.37351376,0.0,0.37351376,0.0,0.0375999786413953
2018-11-26 14:00:00,0.6366858108108109,0.0274158136874973,0.60485687,0.0,0.60485687,0.0,0.0274158136874973
2018-11-26 15:00:00,0.6283530405405405,0.0233568336598001,0.74115878,0.0,0.74115878,0.0,0.0233568336598001
2018-11-26 16:00:00,0.6475878378378379,0.0250890395523864,0.87745608,0.0,0.87745608,0.0,0.0250890395523864
2018-11-26 17:00:00,0.7411587837837837,0.0307601291081383,0.94305236,0.0,0.94305236,0.0,0.0307601291081383
2018-11-26 18:00:00,0.877456081081081,0.0355751519078802,0.97888345,0.0,0.97888345,0.0,0.0355751519078802
2018-11-26 19:00:00,0.9430523648648648,0.0387654270140258,0.94928041,0.0,0.94928041,0.0,0.0387654270140258
2018-11-26 20:00:00,0.978883445945946,0.0393540140926444,0.74679561,0.0,0.74679561,0.0,0.0393540140926444
2018-11-26 21:00:00,0.9492804054054051,0.0389241475047981,0.61118919,0.0,0.61118919,0.0,0.0389241475047981
2018-11-26 22:00:00,0.7467956081081083,0.0402125138644808,0.46456757,0.0,0.46456757,0.0,0.0402125138644808
2018-11-26 23:00:00,0.6111891891891892,0.0394774220620505,0.40579899,0.0,0.40579899,0.0,0.0394774220620505
2018-11-27 00:00:00,0.4645675675675675,0.0370395739960968,0.39321115,0.0,0.39321115,0.0,0.0370395739960968
2018-11-27 01:00:00,0.4057989864864864,0.0338903391360749,0.3841723,0.0,0.3841723,0.0,0.0338903391360749
2018-11-27 02:00:00,0.3932111486486486,0.0338725983956756,0.38535811,0.0,0.38535811,0.0,0.0338725983956756
2018-11-27 03:00:00,0.3841722972972973,0.0464761441495688,0.40003885,0.0,0.40003885,0.0,0.0464761441495688
2018-11-27 04:00:00,0.3853581081081081,0.0526707038187025,0.4478277,0.0,0.4478277,0.0,0.0526707038187025
2018-11-27 05:00:00,0.4000388513513514,0.0663654064828112,0.46513267,0.0,0.46513267,0.0,0.0663654064828112
2018-11-27 06:00:00,0.4478277027027028,0.0847295564997282,0.32165802,0.0,0.32165802,0.0,0.0847295564997282
2018-11-27 07:00:00,0.5414256756756756,0.0990518251835042,0.19844091,0.0,0.19844091,0.0,0.0990518251835042
2018-11-27 08:00:00,0.6165760135135137,0.1035243503178805,0.10988878,0.0,0.10988878,0.0,0.1035243503178805
2018-11-27 09:00:00,0.6830472972972974,0.1029145250386125,0.029094052,0.0,0.029094052,0.0,0.1029145250386125
2018-11-27 10:00:00,0.7158682432432433,0.1008695583407584,0.045043156,0.0,0.045043156,0.0,0.1008695583407584
2018-11-27 11:00:00,0.6967516891891892,0.090888482624574,0.096258782,0.0,0.096258782,0.0,0.090888482624574
2018-11-27 12:00:00,0.7045506756756758,0.0751618400348473,0.28867913,0.0,0.28867913,0.0,0.0751618400348473
2018-11-27 13:00:00,0.6759003378378379,0.0676549386625772,0.41123609,0.0,0.41123609,0.0,0.0676549386625772
2018-11-27 14:00:00,0.6422077702702703,0.0537062730756669,0.65948628,0.0,0.65948628,0.0,0.0537062730756669
2018-11-27 15:00:00,0.6537922297297297,0.0469359841407183,0.76379899,0.0,0.76379899,0.0,0.0469359841407183
2018-11-27 16:00:00,0.698222972972973,0.0453495395504413,0.88070608,0.0,0.88070608,0.0,0.0453495395504413
2018-11-27 17:00:00,0.7637989864864865,0.0496422242649983,0.9486723,0.0,0.9486723,0.0,0.0496422242649983
2018-11-27 18:00:00,0.8807060810810812,0.0553544723384766,0.95324831,0.0,0.95324831,0.0,0.0553544723384766
2018-11-27 19:00:00,0.9486722972972972,0.0566061069175612,0.87558953,0.0,0.87558953,0.0,0.0566061069175612
2018-11-27 20:00:00,0.9532483108108109,0.0491064370089967,0.74406419,0.0,0.74406419,0.0,0.0491064370089967
2018-11-27 21:00:00,0.875589527027027,0.0491122154215839,0.54920101,0.0,0.54920101,0.0,0.0491122154215839
2018-11-27 22:00:00,0.7440641891891894,0.0491293479080267,0.44217905,0.0,0.44217905,0.0,0.0491293479080267
2018-11-27 23:00:00,0.5492010135135136,0.0443307310691684,0.41713682,0.0,0.41713682,0.0,0.0443307310691684
2018-11-28 00:00:00,0.442179054054054,0.0361856699208211,0.39364527,0.0,0.39364527,0.0,0.0361856699208211
2018-11-28 01:00:00,0.4171368243243243,0.0292813792600565,0.38623649,0.0,0.38623649,0.0,0.0292813792600565
2018-11-28 02:00:00,0.3936452702702702,0.0228041842524475,0.38601014,0.0,0.38601014,0.0,0.0228041842524475
2018-11-28 03:00:00,0.3862364864864864,0.0298505697958386,0.40835135,0.0,0.40835135,0.0,0.0298505697958386
2018-11-28 04:00:00,0.3860101351351351,0.0292667811650995,0.44144932,0.0,0.44144932,0.0,0.0292667811650995
2018-11-28 05:00:00,0.4083513513513513,0.0347434322060753,0.45211983,0.0,0.45211983,0.0,0.0347434322060753
2018-11-28 06:00:00,0.4414493243243244,0.0471627952827373,0.32899462,0.0,0.32899462,0.0,0.0471627952827373
2018-11-28 07:00:00,0.5211942567567566,0.0603577328418266,0.1834084,0.0,0.1834084,0.0,0.0603577328418266
2018-11-28 08:00:00,0.6190827702702704,0.0638963009218681,0.081639871,0.0,0.081639871,0.0,0.0638963009218681
2018-11-28 09:00:00,0.6663885135135135,0.0598082260799161,0.017345847,0.0,0.017345847,0.0,0.0598082260799161
2018-11-28 10:00:00,0.6947668918918919,0.058905188601706,0.04199218,0.0,0.04199218,0.0,0.058905188601706
2018-11-28 11:00:00,0.6896554054054054,0.053123582681238,0.097470398,0.0,0.097470398,0.0,0.053123582681238
2018-11-28 12:00:00,0.7061554054054054,0.0410946172690196,0.19111262,0.0,0.19111262,0.0,0.0410946172690196
2018-11-28 13:00:00,0.683027027027027,0.0306352173997842,0.38100378,0.0,0.38100378,0.0,0.0306352173997842
2018-11-28 14:00:00,0.6331368243243245,0.0233105049834431,0.62190983,0.0,0.62190983,0.0,0.0233105049834431
2018-11-28 15:00:00,0.628195945945946,0.0232391703110948,0.73930068,0.0,0.73930068,0.0,0.0232391703110948
2018-11-28 16:00:00,0.6607719594594595,0.0247228706705451,0.84380405,0.0,0.84380405,0.0,0.0247228706705451
2018-11-28 17:00:00,0.7393006756756756,0.0286331832936964,0.91562162,0.0,0.91562162,0.0,0.0286331832936964
2018-11-28 18:00:00,0.8438040540540541,0.0355730230190323,0.93342905,0.0,0.93342905,0.0,0.0355730230190323
2018-11-28 19:00:00,0.9156216216216214,0.0335827315934945,0.86695101,0.0,0.86695101,0.0,0.0335827315934945
2018-11-28 20:00:00,0.933429054054054,0.0337148240777245,0.74586318,0.0,0.74586318,0.0,0.0337148240777245
2018-11-28 21:00:00,0.8669510135135133,0.0334743272216833,0.62864865,0.0,0.62864865,0.0,0.0334743272216833
2018-11-28 22:00:00,0.7458631756756758,0.0359315718304736,0.4549848,0.0,0.4549848,0.0,0.0359315718304736
2018-11-28 23:00:00,0.6286486486486487,0.0326581517876566,0.39953209,0.0,0.39953209,0.0,0.0326581517876566
2018-11-29 00:00:00,0.4549847972972973,0.0281004879953072,0.39166047,0.0,0.39166047,0.0,0.0281004879953072
2018-11-29 01:00:00,0.3995320945945946,0.0241461107521927,0.39179054,0.0,0.39179054,0.0,0.0241461107521927
2018-11-29 02:00:00,0.391660472972973,0.0192283099297377,0.39243581,0.0,0.39243581,0.0,0.0192283099297377
2018-11-29 03:00:00,0.3917905405405404,0.0229246185358438,0.39926182,0.0,0.39926182,0.0,0.0229246185358438
2018-11-29 04:00:00,0.3924358108108108,0.0238032920639056,0.43380743,0.0,0.43380743,0.0,0.0238032920639056
2018-11-29 05:00:00,0.3992618243243243,0.0307018381039693,0.4962367,0.0,0.4962367,0.0,0.0307018381039693
2018-11-29 06:00:00,0.4338074324324324,0.0446441508162224,0.43458443,0.0,0.43458443,0.0,0.0446441508162224
2018-11-29 07:00:00,0.5152077702702702,0.0569030362240155,0.26917502,0.0,0.26917502,0.0,0.0569030362240155
2018-11-29 08:00:00,0.5996976351351353,0.0672350406812408,0.11807552,0.0,0.11807552,0.0,0.0672350406812408
2018-11-29 09:00:00,0.6676385135135137,0.0693960994050792,0.32098364,0.0,0.32098364,0.0,0.0693960994050792
2018-11-29 10:00:00,0.7045608108108108,0.0672694070297858,0.11932116,0.0,0.11932116,0.0,0.0672694070297858
2018-11-29 11:00:00,0.7115557432432433,0.0620910369707232,0.12511258,0.0,0.12511258,0.0,0.0620910369707232
2018-11-29 12:00:00,0.6740456081081082,0.0510802210979917,0.23590645,0.0,0.23590645,0.0,0.0510802210979917
2018-11-29 13:00:00,0.6929037162162163,0.0431631200158035,0.4088908,0.0,0.4088908,0.0,0.0431631200158035
2018-11-29 14:00:00,0.6632787162162164,0.0308253812409213,0.64382852,0.0,0.64382852,0.0,0.0308253812409213
2018-11-29 15:00:00,0.6442972972972973,0.0272056957373969,0.76386993,0.0,0.76386993,0.0,0.0272056957373969
2018-11-29 16:00:00,0.6808699324324325,0.030379429715113,0.85852703,0.0,0.85852703,0.0,0.030379429715113
2018-11-29 17:00:00,0.7638699324324324,0.0394318874950256,0.95560473,0.0,0.95560473,0.0,0.0394318874950256
2018-11-29 18:00:00,0.858527027027027,0.0470972559189195,0.97622466,0.0,0.97622466,0.0,0.0470972559189195
2018-11-29 19:00:00,0.9556047297297297,0.0543027167678908,0.87977365,0.0,0.87977365,0.0,0.0543027167678908
2018-11-29 20:00:00,0.9762246621621622,0.0524656039637434,0.73937162,0.0,0.73937162,0.0,0.0524656039637434
2018-11-29 21:00:00,0.8797736486486485,0.0510068420165115,0.57975507,0.0,0.57975507,0.0,0.0510068420165115
2018-11-29 22:00:00,0.7393716216216217,0.0562762812096236,0.45938345,0.0,0.45938345,0.0,0.0562762812096236
2018-11-29 23:00:00,0.5797550675675676,0.0585347619421689,0.43297297,0.0,0.43297297,0.0,0.0585347619421689
2018-11-30 00:00:00,0.4593834459459459,0.0532371910035665,0.40980405,0.0,0.40980405,0.0,0.0532371910035665
2018-11-30 01:00:00,0.432972972972973,0.0429521065807114,0.40183615,0.0,0.40183615,0.0,0.0429521065807114
2018-11-30 02:00:00,0.409804054054054,0.0367284689932662,0.39415709,0.0,0.39415709,0.0,0.0367284689932662
2018-11-30 03:00:00,0.4018361486486486,0.0461795696579225,0.41419764,0.0,0.41419764,0.0,0.0461795696579225
2018-11-30 04:00:00,0.3941570945945946,0.0502590951525964,0.43493243,0.0,0.43493243,0.0,0.0502590951525964
2018-11-30 05:00:00,0.4141976351351352,0.0635250632570558,0.48689329,0.0,0.48689329,0.0,0.0635250632570558
2018-11-30 06:00:00,0.4349324324324324,0.077610163585608,0.60032647,0.0,0.60032647,0.0,0.077610163585608
2018-11-30 07:00:00,0.5194864864864865,0.091510337815427,0.29824991,0.0,0.29824991,0.0,0.091510337815427
2018-11-30 08:00:00,0.6151891891891892,0.1047031295897252,0.30394686,0.0,0.30394686,0.0,0.1047031295897252
2018-11-30 09:00:00,0.6917601351351352,0.0959587355428603,0.32434556,0.0,0.32434556,0.0,0.0959587355428603
2018-11-30 10:00:00,0.7147871621621622,0.0816192498929253,0.36643323,0.0,0.36643323,0.0,0.0816192498929253
2018-11-30 11:00:00,0.6739527027027027,0.0602981408500283,0.41649631,0.0,0.41649631,0.0,0.0602981408500283
2018-11-30 12:00:00,0.6785304054054054,0.0420145675864105,0.454099,0.0,0.454099,0.0,0.0420145675864105
2018-11-30 13:00:00,0.678972972972973,0.0333769390048628,0.53292235,0.0,0.53292235,0.0,0.0333769390048628
2018-11-30 14:00:00,0.6468378378378379,0.0253119984193475,0.63972682,0.0,0.63972682,0.0,0.0253119984193475
2018-11-30 15:00:00,0.6537128378378378,0.0211449181468171,0.74425338,0.0,0.74425338,0.0,0.0211449181468171
2018-11-30 16:00:00,0.6765000000000001,0.0219935168959163,0.89365372,0.0,0.89365372,0.0,0.0219935168959163
2018-11-30 17:00:00,0.7442533783783785,0.0314582863786516,0.94628885,0.0,0.94628885,0.0,0.0314582863786516
2018-11-30 18:00:00,0.8936537162162163,0.0396055102077333,0.92802196,0.0,0.92802196,0.0,0.0396055102077333
2018-11-30 19:00:00,0.9462888513513512,0.0424057593601864,0.87610642,0.0,0.87610642,0.0,0.0424057593601864
2018-11-30 20:00:00,0.9280219594594594,0.0448658255914971,0.72066216,0.0,0.72066216,0.0,0.0448658255914971
2018-11-30 21:00:00,0.8761064189189188,0.0487100919725334,0.58746959,0.0,0.58746959,0.0,0.0487100919725334
2018-11-30 22:00:00,0.7206621621621623,0.0558428664736974,0.45042568,0.0,0.45042568,0.0,0.0558428664736974
2018-11-30 23:00:00,0.5874695945945947,0.0641218955559742,0.44512331,0.0,0.44512331,0.0,0.0641218955559742
2018-12-01 00:00:00,0.4504256756756756,0.0680488675791575,0.40439527,0.0,0.40439527,0.0,0.0680488675791575
2018-12-01 01:00:00,0.4451233108108109,0.0657052988764686,0.38009291,0.0,0.38009291,0.0,0.0657052988764686
2018-12-01 02:00:00,0.4043952702702703,0.0645056024268959,0.38239189,0.0,0.38239189,0.0,0.0645056024268959
2018-12-01 03:00:00,0.3800929054054054,0.0784653179606835,0.3971875,0.0,0.3971875,0.0,0.0784653179606835
2018-12-01 04:00:00,0.3823918918918919,0.0819430944369569,0.42419257,0.0,0.42419257,0.0,0.0819430944369569
2018-12-01 05:00:00,0.3971875,0.0962265531391166,0.41993387,0.0,0.41993387,0.0,0.0962265531391166
2018-12-01 06:00:00,0.4241925675675677,0.1062732864907215,0.32249425,0.0,0.32249425,0.0,0.1062732864907215
2018-12-01 07:00:00,0.4736621621621622,0.1103189694110909,0.26422484,0.0,0.26422484,0.0,0.1103189694110909
2018-12-01 08:00:00,0.5893006756756756,0.1142433901468454,0.23556893,0.0,0.23556893,0.0,0.1142433901468454
2018-12-01 09:00:00,0.7253868243243243,0.1052829138819172,0.16890706,0.0,0.16890706,0.0,0.1052829138819172
2018-12-01 10:00:00,0.8353226351351352,0.1017260812872359,0.15462324,0.0,0.15462324,0.0,0.1017260812872359
2018-12-01 11:00:00,0.8348445945945946,0.0943923464372059,0.23070822,0.0,0.23070822,0.0,0.0943923464372059
2018-12-01 12:00:00,0.8135033783783783,0.0748767040967727,0.33215905,0.0,0.33215905,0.0,0.0748767040967727
2018-12-01 13:00:00,0.8098412162162163,0.057323170748557,0.50135804,0.0,0.50135804,0.0,0.057323170748557
2018-12-01 14:00:00,0.768481418918919,0.0423786413712903,0.75617239,0.0,0.75617239,0.0,0.0423786413712903
2018-12-01 15:00:00,0.7417584459459458,0.0353110683150795,0.86493412,0.0,0.86493412,0.0,0.0353110683150795
2018-12-01 16:00:00,0.7914746621621622,0.0338970806174266,1.0189392,0.0,1.0189392,0.0,0.0338970806174266
2018-12-01 17:00:00,0.8649341216216216,0.0373297111333697,1.0650389,0.0,1.0650389,0.0,0.0373297111333697
2018-12-01 18:00:00,1.0189391891891892,0.0476358479014986,1.0525152,0.0,1.0525152,0.0,0.0476358479014986
2018-12-01 19:00:00,1.0650388513513511,0.0535139972416251,0.98737331,0.0,0.98737331,0.0,0.0535139972416251
2018-12-01 20:00:00,1.0525152027027027,0.0572396541011345,0.85472128,0.0,0.85472128,0.0,0.0572396541011345
2018-12-01 21:00:00,0.9873733108108108,0.0616955536273652,0.6472973,0.0,0.6472973,0.0,0.0616955536273652
2018-12-01 22:00:00,0.8547212837837838,0.0682555218608944,0.48799493,0.0,0.48799493,0.0,0.0682555218608944
2018-12-01 23:00:00,0.6472972972972972,0.0692616752806824,0.41873649,0.0,0.41873649,0.0,0.0692616752806824
2018-12-02 00:00:00,0.4879949324324324,0.0682406534308454,0.39075676,0.0,0.39075676,0.0,0.0682406534308454
2018-12-02 01:00:00,0.4187364864864864,0.0648740353651311,0.39349662,0.0,0.39349662,0.0,0.0648740353651311
2018-12-02 02:00:00,0.3907567567567568,0.0670687001200685,0.38459797,0.0,0.38459797,0.0,0.0670687001200685
2018-12-02 03:00:00,0.3934966216216216,0.09212519808578,0.3974375,0.0,0.3974375,0.0,0.09212519808578
2018-12-02 04:00:00,0.384597972972973,0.1048140345611356,0.42485473,0.0,0.42485473,0.0,0.1048140345611356
2018-12-02 05:00:00,0.3974375,0.1257211254109431,0.41950094,0.0,0.41950094,0.0,0.1257211254109431
2018-12-02 06:00:00,0.4248547297297297,0.1518668372533976,0.31620713,0.0,0.31620713,0.0,0.1518668372533976
2018-12-02 07:00:00,0.4694222972972974,0.1729985427726031,0.25025223,0.0,0.25025223,0.0,0.1729985427726031
2018-12-02 08:00:00,0.5745878378378377,0.1852595063814148,0.20396547,0.0,0.20396547,0.0,0.1852595063814148
2018-12-02 09:00:00,0.7014847972972973,0.1646013096714376,0.19069378,0.0,0.19069378,0.0,0.1646013096714376
2018-12-02 10:00:00,0.7975810810810812,0.121869120687904,0.18480364,0.0,0.18480364,0.0,0.121869120687904
2018-12-02 11:00:00,0.8506148648648649,0.0840145708697505,0.21639895,0.0,0.21639895,0.0,0.0840145708697505
2018-12-02 12:00:00,0.8400844594594594,0.054638489847848,0.35188557,0.0,0.35188557,0.0,0.054638489847848
2018-12-02 13:00:00,0.7935726351351352,0.0446585968476904,0.56556969,0.0,0.56556969,0.0,0.0446585968476904
2018-12-02 14:00:00,0.7880033783783784,0.0363361451912934,0.77799913,0.0,0.77799913,0.0,0.0363361451912934
2018-12-02 15:00:00,0.8064864864864864,0.0297117189343136,0.905625,0.0,0.905625,0.0,0.0297117189343136
2018-12-02 16:00:00,0.8134138513513514,0.0305217442450017,0.98092736,0.0,0.98092736,0.0,0.0305217442450017
2018-12-02 17:00:00,0.905625,0.0342407778947621,1.045228,0.0,1.045228,0.0,0.0342407778947621
2018-12-02 18:00:00,0.980927364864865,0.0423316875450336,1.0320861,0.0,1.0320861,0.0,0.0423316875450336
2018-12-02 19:00:00,1.0452280405405407,0.0514756030656904,0.97528716,0.0,0.97528716,0.0,0.0514756030656904
2018-12-02 20:00:00,1.0320861486486488,0.0564716996891076,0.84154223,0.0,0.84154223,0.0,0.0564716996891076
2018-12-02 21:00:00,0.9752871621621622,0.0636648602914021,0.65018074,0.0,0.65018074,0.0,0.0636648602914021
2018-12-02 22:00:00,0.8415422297297298,0.0695619330879545,0.48166216,0.0,0.48166216,0.0,0.0695619330879545
2018-12-02 23:00:00,0.6501807432432433,0.0739539490528045,0.41620101,0.0,0.41620101,0.0,0.0739539490528045
2018-12-03 00:00:00,0.4816621621621622,0.0741975378664583,0.39852027,0.0,0.39852027,0.0,0.0741975378664583
2018-12-03 01:00:00,0.4162010135135135,0.0701241287032363,0.38142399,0.0,0.38142399,0.0,0.0701241287032363
2018-12-03 02:00:00,0.3985202702702702,0.0667026833017164,0.38184628,0.0,0.38184628,0.0,0.0667026833017164
2018-12-03 03:00:00,0.3814239864864864,0.080925215232562,0.40758615,0.0,0.40758615,0.0,0.080925215232562
2018-12-03 04:00:00,0.3818462837837838,0.0835392204027091,0.44117061,0.0,0.44117061,0.0,0.0835392204027091
2018-12-03 05:00:00,0.4075861486486486,0.0952379208124657,0.49687093,0.0,0.49687093,0.0,0.0952379208124657
2018-12-03 06:00:00,0.4411706081081081,0.1124169893707104,0.38737097,0.0,0.38737097,0.0,0.1124169893707104
2018-12-03 07:00:00,0.5481739864864865,0.1303795735047035,0.25574706,0.0,0.25574706,0.0,0.1303795735047035
2018-12-03 08:00:00,0.6550337837837836,0.1410414205658098,0.16298281,0.0,0.16298281,0.0,0.1410414205658098
2018-12-03 09:00:00,0.7222381756756756,0.1344077860197656,0.10313907,0.0,0.10313907,0.0,0.1344077860197656
2018-12-03 10:00:00,0.7717179054054054,0.109736414184208,0.081686642,0.0,0.081686642,0.0,0.109736414184208
2018-12-03 11:00:00,0.7752871621621623,0.0788837628909013,0.1463264,0.0,0.1463264,0.0,0.0788837628909013
2018-12-03 12:00:00,0.7491587837837838,0.0548022960175348,0.26174548,0.0,0.26174548,0.0,0.0548022960175348
2018-12-03 13:00:00,0.7384341216216217,0.0404279033488714,0.44243001,0.0,0.44243001,0.0,0.0404279033488714
2018-12-03 14:00:00,0.7100760135135136,0.0295688806301845,0.69565464,0.0,0.69565464,0.0,0.0295688806301845
2018-12-03 15:00:00,0.691616554054054,0.028142322350763,0.81239696,0.0,0.81239696,0.0,0.028142322350763
2018-12-03 16:00:00,0.7321942567567568,0.0345381464957407,0.95897973,0.0,0.95897973,0.0,0.0345381464957407
2018-12-03 17:00:00,0.8123969594594594,0.0456988293849884,1.0432838,0.0,1.0432838,0.0,0.0456988293849884
2018-12-03 18:00:00,0.95897972972973,0.0539152421016273,1.0341723,0.0,1.0341723,0.0,0.0539152421016273
2018-12-03 19:00:00,1.0432837837837838,0.0625810869083813,0.93309291,0.0,0.93309291,0.0,0.0625810869083813
2018-12-03 20:00:00,1.0341722972972975,0.0647484478190473,0.7976875,0.0,0.7976875,0.0,0.0647484478190473
2018-12-03 21:00:00,0.9330929054054056,0.0665597943097576,0.6276875,0.0,0.6276875,0.0,0.0665597943097576
2018-12-03 22:00:00,0.7976875000000001,0.0706153275650345,0.48566554,0.0,0.48566554,0.0,0.0706153275650345
2018-12-03 23:00:00,0.6276875,0.0703935176222136,0.41865372,0.0,0.41865372,0.0,0.0703935176222136
2018-12-04 00:00:00,0.4856655405405405,0.0652135086566571,0.39602027,0.0,0.39602027,0.0,0.0652135086566571
2018-12-04 01:00:00,0.4186537162162162,0.0571020704353523,0.3799848,0.0,0.3799848,0.0,0.0571020704353523
2018-12-04 02:00:00,0.3960202702702703,0.0508183508737549,0.38189527,0.0,0.38189527,0.0,0.0508183508737549
2018-12-04 03:00:00,0.3799847972972973,0.0643517817596625,0.40720439,0.0,0.40720439,0.0,0.0643517817596625
2018-12-04 04:00:00,0.3818952702702702,0.0702421637626929,0.44653716,0.0,0.44653716,0.0,0.0702421637626929
2018-12-04 05:00:00,0.4072043918918919,0.0820095292857664,0.51539552,0.0,0.51539552,0.0,0.0820095292857664
2018-12-04 06:00:00,0.4465371621621621,0.0994511270100341,0.40717463,0.0,0.40717463,0.0,0.0994511270100341
2018-12-04 07:00:00,0.5621114864864865,0.1142698491939551,0.39444676,0.0,0.39444676,0.0,0.1142698491939551
2018-12-04 08:00:00,0.6652212837837836,0.120457887028999,0.49528263,0.0,0.49528263,0.0,0.120457887028999
2018-12-04 09:00:00,0.7381216216216215,0.1253685239715214,0.38125973,0.0,0.38125973,0.0,0.1253685239715214
2018-12-04 10:00:00,0.7599645270270271,0.1263947328759322,0.28710973,0.0,0.28710973,0.0,0.1263947328759322
2018-12-04 11:00:00,0.7470777027027028,0.1254768776555029,0.41847322,0.0,0.41847322,0.0,0.1254768776555029
2018-12-04 12:00:00,0.7105608108108108,0.1135672313944272,0.2691608,0.0,0.2691608,0.0,0.1135672313944272
2018-12-04 13:00:00,0.7500287162162164,0.1070603840064366,0.5707194,0.0,0.5707194,0.0,0.1070603840064366
2018-12-04 14:00:00,0.6967043918918919,0.0934717033861425,0.70426521,0.0,0.70426521,0.0,0.0934717033861425
2018-12-04 15:00:00,0.6940185810810809,0.0828546305746155,0.79953209,0.0,0.79953209,0.0,0.0828546305746155
2018-12-04 16:00:00,0.7219391891891893,0.0834384361012978,0.93410304,0.0,0.93410304,0.0,0.0834384361012978
2018-12-04 17:00:00,0.7995320945945946,0.0916139268434157,1.0032956,0.0,1.0032956,0.0,0.0916139268434157
2018-12-04 18:00:00,0.9341030405405408,0.0961477166679709,1.0389916,0.0,1.0389916,0.0,0.0961477166679709
2018-12-04 19:00:00,1.003295608108108,0.095085570092294,0.95678716,0.0,0.95678716,0.0,0.095085570092294
2018-12-04 20:00:00,1.0389915540540542,0.0916325123809768,0.8176875,0.0,0.8176875,0.0,0.0916325123809768
2018-12-04 21:00:00,0.9567871621621622,0.0915553992960413,0.6433277,0.0,0.6433277,0.0,0.0915553992960413
2018-12-04 22:00:00,0.8176875000000001,0.089195289464923,0.49916216,0.0,0.49916216,0.0,0.089195289464923
2018-12-04 23:00:00,0.6433277027027027,0.0844770973158746,0.42528547,0.0,0.42528547,0.0,0.0844770973158746
2018-12-05 00:00:00,0.4991621621621622,0.0748640997231175,0.41345946,0.0,0.41345946,0.0,0.0748640997231175
2018-12-05 01:00:00,0.4252854729729729,0.0714983940383379,0.38779561,0.0,0.38779561,0.0,0.0714983940383379
2018-12-05 02:00:00,0.4134594594594594,0.0680156332588096,0.3822973,0.0,0.3822973,0.0,0.0680156332588096
2018-12-05 03:00:00,0.3877956081081081,0.0818939441380792,0.39926858,0.0,0.39926858,0.0,0.0818939441380792
2018-12-05 04:00:00,0.3822972972972973,0.0829823639054903,0.46013514,0.0,0.46013514,0.0,0.0829823639054903
2018-12-05 05:00:00,0.3992685810810811,0.0942530224892703,0.51754348,0.0,0.51754348,0.0,0.0942530224892703
2018-12-05 06:00:00,0.4601351351351351,0.1045362652543123,0.42222096,0.0,0.42222096,0.0,0.1045362652543123
2018-12-05 07:00:00,0.5547837837837838,0.1156470037353503,0.30319451,0.0,0.30319451,0.0,0.1156470037353503
2018-12-05 08:00:00,0.645295608108108,0.1215208784018377,0.19017341,0.0,0.19017341,0.0,0.1215208784018377
2018-12-05 09:00:00,0.7135472972972973,0.1215446509939727,0.1158371,0.0,0.1158371,0.0,0.1215446509939727
2018-12-05 10:00:00,0.7393952702702703,0.126078238067209,0.097469167,0.0,0.097469167,0.0,0.126078238067209
2018-12-05 11:00:00,0.7370929054054055,0.1256218955363097,0.16239609,0.0,0.16239609,0.0,0.1256218955363097
2018-12-05 12:00:00,0.7178310810810811,0.1059007647342229,0.29285262,0.0,0.29285262,0.0,0.1059007647342229
2018-12-05 13:00:00,0.7122381756756756,0.0938460330085673,0.4669321,0.0,0.4669321,0.0,0.0938460330085673
2018-12-05 14:00:00,0.7026908783783784,0.0705534884127855,0.69610972,0.0,0.69610972,0.0,0.0705534884127855
2018-12-05 15:00:00,0.6909374999999999,0.0608945676463091,0.82832939,0.0,0.82832939,0.0,0.0608945676463091
2018-12-05 16:00:00,0.727347972972973,0.0588347156224627,0.95144088,0.0,0.95144088,0.0,0.0588347156224627
2018-12-05 17:00:00,0.828329391891892,0.062989698399635,1.0710625,0.0,1.0710625,0.0,0.062989698399635
2018-12-05 18:00:00,0.9514408783783784,0.0706555905977692,1.0497551,0.0,1.0497551,0.0,0.0706555905977692
2018-12-05 19:00:00,1.0710624999999998,0.0736355112106089,0.94521959,0.0,0.94521959,0.0,0.0736355112106089
2018-12-05 20:00:00,1.0497550675675675,0.0710885153513415,0.81934797,0.0,0.81934797,0.0,0.0710885153513415
2018-12-05 21:00:00,0.9452195945945948,0.0735071696257775,0.64719595,0.0,0.64719595,0.0,0.0735071696257775
2018-12-05 22:00:00,0.8193479729729731,0.0737513666933878,0.49531588,0.0,0.49531588,0.0,0.0737513666933878
2018-12-05 23:00:00,0.647195945945946,0.0723909729276842,0.43283277,0.0,0.43283277,0.0,0.0723909729276842
2018-12-06 00:00:00,0.4953158783783783,0.0675245019807844,0.40354561,0.0,0.40354561,0.0,0.0675245019807844
2018-12-06 01:00:00,0.4328327702702702,0.0574475248907844,0.38528209,0.0,0.38528209,0.0,0.0574475248907844
2018-12-06 02:00:00,0.4035456081081081,0.0524889034694678,0.38257095,0.0,0.38257095,0.0,0.0524889034694678
2018-12-06 03:00:00,0.3852820945945946,0.0646500120537462,0.39957264,0.0,0.39957264,0.0,0.0646500120537462
2018-12-06 04:00:00,0.382570945945946,0.0690698725330513,0.44312162,0.0,0.44312162,0.0,0.0690698725330513
2018-12-06 05:00:00,0.3995726351351351,0.0795027119795176,0.50519242,0.0,0.50519242,0.0,0.0795027119795176
2018-12-06 06:00:00,0.4431216216216217,0.0930082476631403,0.47012025,0.0,0.47012025,0.0,0.0930082476631403
2018-12-06 07:00:00,0.5407195945945947,0.1067897447876595,0.44664402,0.0,0.44664402,0.0,0.1067897447876595
2018-12-06 08:00:00,0.6785439189189189,0.1130812533790893,0.27327505,0.0,0.27327505,0.0,0.1130812533790893
2018-12-06 09:00:00,0.7082652027027027,0.0977730388236371,0.21000579,0.0,0.21000579,0.0,0.0977730388236371
2018-12-06 10:00:00,0.7539966216216216,0.0761344719032524,0.27186216,0.0,0.27186216,0.0,0.0761344719032524
2018-12-06 11:00:00,0.7469476351351352,0.054388412991991,0.28046282,0.0,0.28046282,0.0,0.054388412991991
2018-12-06 12:00:00,0.7543665540540541,0.0387320237342454,0.54650809,0.0,0.54650809,0.0,0.0387320237342454
2018-12-06 13:00:00,0.7555033783783786,0.0319058937068972,0.59903223,0.0,0.59903223,0.0,0.0319058937068972
2018-12-06 14:00:00,0.7076756756756757,0.0254933425781146,0.7022821,0.0,0.7022821,0.0,0.0254933425781146
2018-12-06 15:00:00,0.6810405405405404,0.0243950217879664,0.82306588,0.0,0.82306588,0.0,0.0243950217879664
2018-12-06 16:00:00,0.7130945945945946,0.0218399327718883,0.95114696,0.0,0.95114696,0.0,0.0218399327718883
2018-12-06 17:00:00,0.8230658783783785,0.0272161712222041,1.0451166,0.0,1.0451166,0.0,0.0272161712222041
2018-12-06 18:00:00,0.9511469594594596,0.0330367560837208,1.0581875,0.0,1.0581875,0.0,0.0330367560837208
2018-12-06 19:00:00,1.045116554054054,0.0373974469698084,0.95217061,0.0,0.95217061,0.0,0.0373974469698084
2018-12-06 20:00:00,1.0581875,0.0399542424761536,0.78929392,0.0,0.78929392,0.0,0.0399542424761536
2018-12-06 21:00:00,0.9521706081081082,0.0431166899637871,0.59978378,0.0,0.59978378,0.0,0.0431166899637871
2018-12-06 22:00:00,0.7892939189189191,0.0465652026663733,0.46472128,0.0,0.46472128,0.0,0.0465652026663733
2018-12-06 23:00:00,0.5997837837837838,0.050520036099955,0.41522973,0.0,0.41522973,0.0,0.050520036099955
2018-12-07 00:00:00,0.4647212837837838,0.0525873899225988,0.39506419,0.0,0.39506419,0.0,0.0525873899225988
2018-12-07 01:00:00,0.4152297297297298,0.0543706891475349,0.38665878,0.0,0.38665878,0.0,0.0543706891475349
2018-12-07 02:00:00,0.3950641891891892,0.0551414482861395,0.38430574,0.0,0.38430574,0.0,0.0551414482861395
2018-12-07 03:00:00,0.3866587837837838,0.0752875120606472,0.41003378,0.0,0.41003378,0.0,0.0752875120606472
2018-12-07 04:00:00,0.3843057432432433,0.0850297805151138,0.45975,0.0,0.45975,0.0,0.0850297805151138
2018-12-07 05:00:00,0.4100337837837838,0.1018476138069427,0.5135562,0.0,0.5135562,0.0,0.1018476138069427
2018-12-07 06:00:00,0.4597500000000001,0.1248977185132109,0.53763689,0.0,0.53763689,0.0,0.1248977185132109
2018-12-07 07:00:00,0.528418918918919,0.1418849674278811,0.33636712,0.0,0.33636712,0.0,0.1418849674278811
2018-12-07 08:00:00,0.6396570945945944,0.1526028076448761,0.26116207,0.0,0.26116207,0.0,0.1526028076448761
2018-12-07 09:00:00,0.75525,0.1422032194147011,0.17332445,0.0,0.17332445,0.0,0.1422032194147011
2018-12-07 10:00:00,0.8134510135135136,0.1193245916363495,0.27269185,0.0,0.27269185,0.0,0.1193245916363495
2018-12-07 11:00:00,0.7987972972972974,0.0901507381590556,0.21145712,0.0,0.21145712,0.0,0.0901507381590556
2018-12-07 12:00:00,0.7601891891891891,0.0584293650482539,0.29993167,0.0,0.29993167,0.0,0.0584293650482539
2018-12-07 13:00:00,0.7667550675675677,0.0410209509565045,0.47026428,0.0,0.47026428,0.0,0.0410209509565045
2018-12-07 14:00:00,0.7172905405405406,0.026360678928264,0.68315859,0.0,0.68315859,0.0,0.026360678928264
2018-12-07 15:00:00,0.6974324324324322,0.0222444216529919,0.79146453,0.0,0.79146453,0.0,0.0222444216529919
2018-12-07 16:00:00,0.7168902027027027,0.023767168537264,0.92322804,0.0,0.92322804,0.0,0.023767168537264
2018-12-07 17:00:00,0.7914645270270271,0.0298514821767734,1.0317247,0.0,1.0317247,0.0,0.0298514821767734
2018-12-07 18:00:00,0.9232280405405408,0.0378589427633952,1.0414409,0.0,1.0414409,0.0,0.0378589427633952
2018-12-07 19:00:00,1.0317246621621623,0.0418864456488412,0.91733953,0.0,0.91733953,0.0,0.0418864456488412
2018-12-07 20:00:00,1.0414408783783784,0.0441088028547449,0.81441216,0.0,0.81441216,0.0,0.0441088028547449
2018-12-07 21:00:00,0.917339527027027,0.0461152299060745,0.64392905,0.0,0.64392905,0.0,0.0461152299060745
2018-12-07 22:00:00,0.8144121621621622,0.053760576637232,0.4815625,0.0,0.4815625,0.0,0.053760576637232
2018-12-07 23:00:00,0.6439290540540541,0.0578155861182684,0.4186098,0.0,0.4186098,0.0,0.0578155861182684
2018-12-08 00:00:00,0.4815625,0.0609743840821626,0.3964375,0.0,0.3964375,0.0,0.0609743840821626
2018-12-08 01:00:00,0.4186097972972972,0.0601488820874689,0.38317399,0.0,0.38317399,0.0,0.0601488820874689
2018-12-08 02:00:00,0.3964375,0.0603306824367035,0.38195777,0.0,0.38195777,0.0,0.0603306824367035
2018-12-08 03:00:00,0.3831739864864865,0.0793198133939726,0.4013125,0.0,0.4013125,0.0,0.0793198133939726
2018-12-08 04:00:00,0.3819577702702703,0.0875141938006298,0.43077872,0.0,0.43077872,0.0,0.0875141938006298
2018-12-08 05:00:00,0.4013125,0.1063783285698285,0.48769883,0.0,0.48769883,0.0,0.1063783285698285
2018-12-08 06:00:00,0.4307787162162163,0.1243499351375105,0.55844309,0.0,0.55844309,0.0,0.1243499351375105
2018-12-08 07:00:00,0.4930726351351352,0.1406465285804651,0.67094041,0.0,0.67094041,0.0,0.1406465285804651
2018-12-08 08:00:00,0.5998429054054053,0.1549767890453924,0.79287661,0.0,0.79287661,0.0,0.1549767890453924
2018-12-08 09:00:00,0.7175118243243243,0.1399834303921695,0.76904254,0.0,0.76904254,0.0,0.1399834303921695
2018-12-08 10:00:00,0.8181993243243243,0.1079666992976345,0.74711739,0.0,0.74711739,0.0,0.1079666992976345
2018-12-08 11:00:00,0.8315050675675677,0.0766801939738777,0.76169788,0.0,0.76169788,0.0,0.0766801939738777
2018-12-08 12:00:00,0.7817449324324324,0.0513201603879062,0.75596217,0.0,0.75596217,0.0,0.0513201603879062
2018-12-08 13:00:00,0.8015067567567568,0.0399339673442687,0.67286635,0.0,0.67286635,0.0,0.0399339673442687
2018-12-08 14:00:00,0.7812027027027029,0.0313134712491637,0.79351306,0.0,0.79351306,0.0,0.0313134712491637
2018-12-08 15:00:00,0.7643614864864864,0.0283646560678241,0.88886318,0.0,0.88886318,0.0,0.0283646560678241
2018-12-08 16:00:00,0.8055591216216216,0.0277282365739005,1.0230557,0.0,1.0230557,0.0,0.0277282365739005
2018-12-08 17:00:00,0.8888631756756757,0.0314124476846485,1.0785372,0.0,1.0785372,0.0,0.0314124476846485
2018-12-08 18:00:00,1.0230557432432434,0.0370885384395988,1.0668108,0.0,1.0668108,0.0,0.0370885384395988
2018-12-08 19:00:00,1.078537162162162,0.0413883194503157,0.95957939,0.0,0.95957939,0.0,0.0413883194503157
2018-12-08 20:00:00,1.066810810810811,0.0434315796579028,0.79871791,0.0,0.79871791,0.0,0.0434315796579028
2018-12-08 21:00:00,0.959579391891892,0.0437557283289126,0.65113345,0.0,0.65113345,0.0,0.0437557283289126
2018-12-08 22:00:00,0.7987179054054054,0.0489520418796932,0.50741216,0.0,0.50741216,0.0,0.0489520418796932
2018-12-08 23:00:00,0.6511334459459459,0.0522369173720251,0.41860473,0.0,0.41860473,0.0,0.0522369173720251
2018-12-09 00:00:00,0.5074121621621621,0.0553705234845521,0.40099155,0.0,0.40099155,0.0,0.0553705234845521
2018-12-09 01:00:00,0.4186047297297298,0.0529012827560635,0.38916554,0.0,0.38916554,0.0,0.0529012827560635
2018-12-09 02:00:00,0.400991554054054,0.0557666657696967,0.39081081,0.0,0.39081081,0.0,0.0557666657696967
2018-12-09 03:00:00,0.3891655405405405,0.0735441886374107,0.40777703,0.0,0.40777703,0.0,0.0735441886374107
2018-12-09 04:00:00,0.3908108108108108,0.0829499405904177,0.42726014,0.0,0.42726014,0.0,0.0829499405904177
2018-12-09 05:00:00,0.407777027027027,0.0993022568541691,0.43329715,0.0,0.43329715,0.0,0.0993022568541691
2018-12-09 06:00:00,0.4272601351351352,0.1177856415425126,0.48807919,0.0,0.48807919,0.0,0.1177856415425126
2018-12-09 07:00:00,0.4668125000000001,0.1340346053214808,0.58737113,0.0,0.58737113,0.0,0.1340346053214808
2018-12-09 08:00:00,0.5795743243243242,0.1493737056611712,0.69416231,0.0,0.69416231,0.0,0.1493737056611712
2018-12-09 09:00:00,0.7523885135135134,0.1512257544791402,0.65083638,0.0,0.65083638,0.0,0.1512257544791402
2018-12-09 10:00:00,0.8341081081081081,0.1329155025211507,0.34045435,0.0,0.34045435,0.0,0.1329155025211507
2018-12-09 11:00:00,0.8493327702702703,0.1143952508846632,0.54748381,0.0,0.54748381,0.0,0.1143952508846632
2018-12-09 12:00:00,0.8157128378378378,0.1014118505349065,0.63724641,0.0,0.63724641,0.0,0.1014118505349065
2018-12-09 13:00:00,0.8157888513513515,0.0986124799715017,0.56041916,0.0,0.56041916,0.0,0.0986124799715017
2018-12-09 14:00:00,0.7914037162162163,0.076222905270157,0.7486272,0.0,0.7486272,0.0,0.076222905270157
2018-12-09 15:00:00,0.775643581081081,0.0564433145044687,0.86463345,0.0,0.86463345,0.0,0.0564433145044687
2018-12-09 16:00:00,0.7792685810810811,0.0493395841297298,0.99373818,0.0,0.99373818,0.0,0.0493395841297298
2018-12-09 17:00:00,0.864633445945946,0.0591535251754095,1.0374003,0.0,1.0374003,0.0,0.0591535251754095
2018-12-09 18:00:00,0.993738175675676,0.0717407156562489,1.0393024,0.0,1.0393024,0.0,0.0717407156562489
2018-12-09 19:00:00,1.0374003378378378,0.078598728328486,0.98744257,0.0,0.98744257,0.0,0.078598728328486
2018-12-09 20:00:00,1.039302364864865,0.0824000114299263,0.86595608,0.0,0.86595608,0.0,0.0824000114299263
2018-12-09 21:00:00,0.9874425675675677,0.0892061028685949,0.68487669,0.0,0.68487669,0.0,0.0892061028685949
2018-12-09 22:00:00,0.8659560810810812,0.0963543878456509,0.4863125,0.0,0.4863125,0.0,0.0963543878456509
2018-12-09 23:00:00,0.6848766891891891,0.0965563281592244,0.42390709,0.0,0.42390709,0.0,0.0965563281592244
2018-12-10 00:00:00,0.4863125,0.0949694442744231,0.39054561,0.0,0.39054561,0.0,0.0949694442744231
2018-12-10 01:00:00,0.4239070945945946,0.0909509300307794,0.380625,0.0,0.380625,0.0,0.0909509300307794
2018-12-10 02:00:00,0.3905456081081081,0.0853986527478733,0.38378716,0.0,0.38378716,0.0,0.0853986527478733
2018-12-10 03:00:00,0.380625,0.1015917923303848,0.40504054,0.0,0.40504054,0.0,0.1015917923303848
2018-12-10 04:00:00,0.3837871621621622,0.1047844159726405,0.44905405,0.0,0.44905405,0.0,0.1047844159726405
2018-12-10 05:00:00,0.4050405405405405,0.1196786799187759,0.51303476,0.0,0.51303476,0.0,0.1196786799187759
2018-12-10 06:00:00,0.4490540540540541,0.1380764021749057,0.51282394,0.0,0.51282394,0.0,0.1380764021749057
2018-12-10 07:00:00,0.5305962837837839,0.1498669996199307,0.50825776,0.0,0.50825776,0.0,0.1498669996199307
2018-12-10 08:00:00,0.6458716216216215,0.1593600867035318,0.33572199,0.0,0.33572199,0.0,0.1593600867035318
2018-12-10 09:00:00,0.7365152027027025,0.1529525874617771,0.4112698,0.0,0.4112698,0.0,0.1529525874617771
2018-12-10 10:00:00,0.7589966216216216,0.1463470001815069,0.10997986,0.0,0.10997986,0.0,0.1463470001815069
2018-12-10 11:00:00,0.743302364864865,0.1365761268951394,0.16912313,0.0,0.16912313,0.0,0.1365761268951394
2018-12-10 12:00:00,0.7290557432432432,0.1197591215045293,0.27299738,0.0,0.27299738,0.0,0.1197591215045293
2018-12-10 13:00:00,0.7192956081081082,0.0960660754702475,0.45788037,0.0,0.45788037,0.0,0.0960660754702475
2018-12-10 14:00:00,0.6870844594594595,0.0580724213514202,0.69615361,0.0,0.69615361,0.0,0.0580724213514202
2018-12-10 15:00:00,0.685912162162162,0.0398410396564629,0.81430068,0.0,0.81430068,0.0,0.0398410396564629
2018-12-10 16:00:00,0.7294527027027027,0.0365304316425805,0.93912669,0.0,0.93912669,0.0,0.0365304316425805
2018-12-10 17:00:00,0.8143006756756757,0.0415083482310743,1.0315828,0.0,1.0315828,0.0,0.0415083482310743
2018-12-10 18:00:00,0.9391266891891892,0.0505542503850108,1.0323767,0.0,1.0323767,0.0,0.0505542503850108
2018-12-10 19:00:00,1.0315827702702702,0.0603112183100941,0.96372973,0.0,0.96372973,0.0,0.0603112183100941
2018-12-10 20:00:00,1.0323766891891892,0.065814074959031,0.82594088,0.0,0.82594088,0.0,0.065814074959031
2018-12-10 21:00:00,0.9637297297297296,0.0742279843561721,0.67135642,0.0,0.67135642,0.0,0.0742279843561721
2018-12-10 22:00:00,0.8259408783783785,0.0833565414644261,0.49905912,0.0,0.49905912,0.0,0.0833565414644261
2018-12-10 23:00:00,0.671356418918919,0.0908726342298173,0.42889189,0.0,0.42889189,0.0,0.0908726342298173
2018-12-11 00:00:00,0.4990591216216216,0.0943042847810526,0.40735811,0.0,0.40735811,0.0,0.0943042847810526
2018-12-11 01:00:00,0.4288918918918919,0.0925892451667955,0.38240372,0.0,0.38240372,0.0,0.0925892451667955
2018-12-11 02:00:00,0.4073581081081081,0.0889906626963746,0.38357264,0.0,0.38357264,0.0,0.0889906626963746
2018-12-11 03:00:00,0.3824037162162162,0.1116667419071964,0.40576351,0.0,0.40576351,0.0,0.1116667419071964
2018-12-11 04:00:00,0.3835726351351352,0.1216348922268037,0.45125676,0.0,0.45125676,0.0,0.1216348922268037
2018-12-11 05:00:00,0.4057635135135135,0.1384391749721562,0.5489469,0.0,0.5489469,0.0,0.1384391749721562
2018-12-11 06:00:00,0.4512567567567568,0.1627433303773919,0.60704003,0.0,0.60704003,0.0,0.1627433303773919
2018-12-11 07:00:00,0.5571097972972974,0.1809818759522821,0.66221923,0.0,0.66221923,0.0,0.1809818759522821
2018-12-11 08:00:00,0.6754527027027025,0.1861108422733181,0.56168465,0.0,0.56168465,0.0,0.1861108422733181
2018-12-11 09:00:00,0.7908952702702702,0.1725890189004149,0.41428141,0.0,0.41428141,0.0,0.1725890189004149
2018-12-11 10:00:00,0.8076013513513515,0.165795447355685,0.45825553,0.0,0.45825553,0.0,0.165795447355685
2018-12-11 11:00:00,0.8124645270270271,0.1554624291418655,0.37650832,0.0,0.37650832,0.0,0.1554624291418655
2018-12-11 12:00:00,0.7542550675675674,0.127466763578403,0.28544317,0.0,0.28544317,0.0,0.127466763578403
2018-12-11 13:00:00,0.7522922297297298,0.0967700111533482,0.45141297,0.0,0.45141297,0.0,0.0967700111533482
2018-12-11 14:00:00,0.7032195945945946,0.0555162678909182,0.67853437,0.0,0.67853437,0.0,0.0555162678909182
2018-12-11 15:00:00,0.6825118243243241,0.0357547895763804,0.81268243,0.0,0.81268243,0.0,0.0357547895763804
2018-12-11 16:00:00,0.7143733108108108,0.03155133233806,0.95770777,0.0,0.95770777,0.0,0.03155133233806
2018-12-11 17:00:00,0.8126824324324325,0.0367322536845513,1.0756655,0.0,1.0756655,0.0,0.0367322536845513
2018-12-11 18:00:00,0.9577077702702704,0.0473833042379289,1.0693733,0.0,1.0693733,0.0,0.0473833042379289
2018-12-11 19:00:00,1.0756655405405404,0.0507774795870635,1.0535557,0.0,1.0535557,0.0,0.0507774795870635
2018-12-11 20:00:00,1.0693733108108108,0.0587419568940894,0.8855777,0.0,0.8855777,0.0,0.0587419568940894
2018-12-11 21:00:00,1.0535557432432432,0.0649415515543077,0.64205743,0.0,0.64205743,0.0,0.0649415515543077
2018-12-11 22:00:00,0.8855777027027029,0.0742035866141372,0.48312669,0.0,0.48312669,0.0,0.0742035866141372
2018-12-11 23:00:00,0.6420574324324324,0.0803912527384301,0.41418243,0.0,0.41418243,0.0,0.0803912527384301
2018-12-12 00:00:00,0.4831266891891892,0.0788190683242452,0.39599324,0.0,0.39599324,0.0,0.0788190683242452
2018-12-12 01:00:00,0.4141824324324324,0.0722815379033354,0.38197973,0.0,0.38197973,0.0,0.0722815379033354
2018-12-12 02:00:00,0.3959932432432432,0.0643796093781745,0.38418412,0.0,0.38418412,0.0,0.0643796093781745
2018-12-12 03:00:00,0.3819797297297297,0.0763538319343037,0.39816216,0.0,0.39816216,0.0,0.0763538319343037
2018-12-12 04:00:00,0.3841841216216217,0.0783788783150809,0.44299155,0.0,0.44299155,0.0,0.0783788783150809
2018-12-12 05:00:00,0.3981621621621622,0.0907220068958558,0.52907251,0.0,0.52907251,0.0,0.0907220068958558
2018-12-12 06:00:00,0.4429915540540541,0.1033041623856104,0.54573563,0.0,0.54573563,0.0,0.1033041623856104
2018-12-12 07:00:00,0.5372094594594595,0.1136288002115843,0.47431985,0.0,0.47431985,0.0,0.1136288002115843
2018-12-12 08:00:00,0.6086047297297297,0.1203260479839174,0.50001593,0.0,0.50001593,0.0,0.1203260479839174
2018-12-12 09:00:00,0.6826131756756757,0.1074236298900977,0.36378646,0.0,0.36378646,0.0,0.1074236298900977
2018-12-12 10:00:00,0.7591148648648649,0.0907997958185209,0.16496567,0.0,0.16496567,0.0,0.0907997958185209
2018-12-12 11:00:00,0.7909763513513515,0.0694617570404998,0.41473304,0.0,0.41473304,0.0,0.0694617570404998
2018-12-12 12:00:00,0.786831081081081,0.0460933327636386,0.51142581,0.0,0.51142581,0.0,0.0460933327636386
2018-12-12 13:00:00,0.7628969594594596,0.0346862225422733,0.45149673,0.0,0.45149673,0.0,0.0346862225422733
2018-12-12 14:00:00,0.6970219594594596,0.0244157869022052,0.70607057,0.0,0.70607057,0.0,0.0244157869022052
2018-12-12 15:00:00,0.6805067567567566,0.0222728744214036,0.80964696,0.0,0.80964696,0.0,0.0222728744214036
2018-12-12 16:00:00,0.741035472972973,0.0222910206644407,0.96982264,0.0,0.96982264,0.0,0.0222910206644407
2018-12-12 17:00:00,0.8096469594594595,0.0293358855729405,1.0504189,0.0,1.0504189,0.0,0.0293358855729405
2018-12-12 18:00:00,0.9698226351351352,0.0381703856850905,1.0543074,0.0,1.0543074,0.0,0.0381703856850905
2018-12-12 19:00:00,1.0504189189189188,0.0412436056964872,0.98233615,0.0,0.98233615,0.0,0.0412436056964872
2018-12-12 20:00:00,1.0543074324324324,0.0441225730484833,0.84630405,0.0,0.84630405,0.0,0.0441225730484833
2018-12-12 21:00:00,0.9823361486486488,0.050748401668752,0.64488514,0.0,0.64488514,0.0,0.050748401668752
2018-12-12 22:00:00,0.8463040540540542,0.0584857468108372,0.48929899,0.0,0.48929899,0.0,0.0584857468108372
2018-12-12 23:00:00,0.6448851351351351,0.066025223561669,0.43623142,0.0,0.43623142,0.0,0.066025223561669
2018-12-13 00:00:00,0.4892989864864865,0.0682976772392716,0.40694764,0.0,0.40694764,0.0,0.0682976772392716
2018-12-13 01:00:00,0.4362314189189189,0.0662706709290789,0.38350845,0.0,0.38350845,0.0,0.0662706709290789
2018-12-13 02:00:00,0.4069476351351352,0.0640655982731071,0.38258784,0.0,0.38258784,0.0,0.0640655982731071
2018-12-13 03:00:00,0.3835084459459459,0.0852809049194514,0.40107095,0.0,0.40107095,0.0,0.0852809049194514
2018-12-13 04:00:00,0.3825878378378379,0.0960647068988454,0.4503277,0.0,0.4503277,0.0,0.0960647068988454
2018-12-13 05:00:00,0.401070945945946,0.1167631666415571,0.52784953,0.0,0.52784953,0.0,0.1167631666415571
2018-12-13 06:00:00,0.4503277027027028,0.1386421121463808,0.54964802,0.0,0.54964802,0.0,0.1386421121463808
2018-12-13 07:00:00,0.5547618243243244,0.1573970822263224,0.31937238,0.0,0.31937238,0.0,0.1573970822263224
2018-12-13 08:00:00,0.6655523648648647,0.1644374866058074,0.23170373,0.0,0.23170373,0.0,0.1644374866058074
2018-12-13 09:00:00,0.7240929054054054,0.141822131414981,0.16248439,0.0,0.16248439,0.0,0.141822131414981
2018-12-13 10:00:00,0.7699222972972973,0.1064287291685057,0.12861694,0.0,0.12861694,0.0,0.1064287291685057
2018-12-13 11:00:00,0.7720388513513514,0.0712249331970404,0.48865585,0.0,0.48865585,0.0,0.0712249331970404
2018-12-13 12:00:00,0.7408192567567567,0.047277637008922,0.52044158,0.0,0.52044158,0.0,0.047277637008922
2018-12-13 13:00:00,0.7493851351351353,0.0347923290658043,0.5668293,0.0,0.5668293,0.0,0.0347923290658043
2018-12-13 14:00:00,0.7170371621621623,0.0255613487496452,0.68513527,0.0,0.68513527,0.0,0.0255613487496452
2018-12-13 15:00:00,0.71420777027027,0.0218410141122554,0.81876858,0.0,0.81876858,0.0,0.0218410141122554
2018-12-13 16:00:00,0.7212077702702704,0.0253183175021182,0.92269088,0.0,0.92269088,0.0,0.0253183175021182
2018-12-13 17:00:00,0.8187685810810811,0.0303432386046985,1.0114628,0.0,1.0114628,0.0,0.0303432386046985
2018-12-13 18:00:00,0.9226908783783786,0.0366037262443445,1.0264105,0.0,1.0264105,0.0,0.0366037262443445
2018-12-13 19:00:00,1.011462837837838,0.0406034353031648,0.95799662,0.0,0.95799662,0.0,0.0406034353031648
2018-12-13 20:00:00,1.026410472972973,0.0419752000386674,0.83136993,0.0,0.83136993,0.0,0.0419752000386674
2018-12-13 21:00:00,0.9579966216216216,0.0432580752167978,0.67406757,0.0,0.67406757,0.0,0.0432580752167978
2018-12-13 22:00:00,0.8313699324324325,0.049642764935182,0.46400338,0.0,0.46400338,0.0,0.049642764935182
2018-12-13 23:00:00,0.6740675675675676,0.0539213753290224,0.41584291,0.0,0.41584291,0.0,0.0539213753290224
2018-12-14 00:00:00,0.4640033783783784,0.053514064825398,0.38964696,0.0,0.38964696,0.0,0.053514064825398
2018-12-14 01:00:00,0.4158429054054054,0.049440723245949,0.38039189,0.0,0.38039189,0.0,0.049440723245949
2018-12-14 02:00:00,0.3896469594594595,0.0496506722366171,0.38158784,0.0,0.38158784,0.0,0.0496506722366171
2018-12-14 03:00:00,0.3803918918918919,0.0636722945064266,0.40099155,0.0,0.40099155,0.0,0.0636722945064266
2018-12-14 04:00:00,0.3815878378378379,0.0681057224281514,0.44368412,0.0,0.44368412,0.0,0.0681057224281514
2018-12-14 05:00:00,0.4009915540540541,0.0842858352384272,0.55994595,0.0,0.55994595,0.0,0.0842858352384272
2018-12-14 06:00:00,0.4436841216216216,0.103668151690774,0.62085752,0.0,0.62085752,0.0,0.103668151690774
2018-12-14 07:00:00,0.559945945945946,0.119135188112658,0.60768589,0.0,0.60768589,0.0,0.119135188112658
2018-12-14 08:00:00,0.6289425675675674,0.124781170296759,0.41928816,0.0,0.41928816,0.0,0.124781170296759
2018-12-14 09:00:00,0.6955152027027026,0.11631586344029,0.54069402,0.0,0.54069402,0.0,0.11631586344029
2018-12-14 10:00:00,0.7472111486486487,0.1116606593676308,0.59947082,0.0,0.59947082,0.0,0.1116606593676308
2018-12-14 11:00:00,0.7411756756756758,0.1006928943582679,0.61861375,0.0,0.61861375,0.0,0.1006928943582679
2018-12-14 12:00:00,0.7246976351351352,0.0762769047047437,0.66055333,0.0,0.66055333,0.0,0.0762769047047437
2018-12-14 13:00:00,0.7633902027027027,0.0557766174802634,0.65628931,0.0,0.65628931,0.0,0.0557766174802634
2018-12-14 14:00:00,0.7188564189189189,0.0414027485858405,0.73662699,0.0,0.73662699,0.0,0.0414027485858405
2018-12-14 15:00:00,0.6990202702702701,0.0334641051760246,0.81473649,0.0,0.81473649,0.0,0.0334641051760246
2018-12-14 16:00:00,0.7433868243243243,0.0345005530220374,0.92547466,0.0,0.92547466,0.0,0.0345005530220374
2018-12-14 17:00:00,0.8147364864864866,0.0400468829329244,1.0519662,0.0,1.0519662,0.0,0.0400468829329244
2018-12-14 18:00:00,0.9254746621621625,0.0477784158705359,1.0915304,0.0,1.0915304,0.0,0.0477784158705359
2018-12-14 19:00:00,1.0519662162162162,0.0454835243803139,0.96813514,0.0,0.96813514,0.0,0.0454835243803139
2018-12-14 20:00:00,1.0915304054054054,0.0460173179150136,0.82065203,0.0,0.82065203,0.0,0.0460173179150136
2018-12-14 21:00:00,0.9681351351351352,0.0477679065938422,0.59567568,0.0,0.59567568,0.0,0.0477679065938422
2018-12-14 22:00:00,0.8206520270270271,0.0528408459671033,0.49218412,0.0,0.49218412,0.0,0.0528408459671033
2018-12-14 23:00:00,0.5956756756756756,0.0503473426641255,0.41259628,0.0,0.41259628,0.0,0.0503473426641255
2018-12-15 00:00:00,0.4921841216216217,0.0462088841194395,0.39373311,0.0,0.39373311,0.0,0.0462088841194395
2018-12-15 01:00:00,0.4125962837837838,0.0420432568980275,0.37999662,0.0,0.37999662,0.0,0.0420432568980275
2018-12-15 02:00:00,0.3937331081081081,0.0384253285725998,0.38153547,0.0,0.38153547,0.0,0.0384253285725998
2018-12-15 03:00:00,0.3799966216216217,0.0528399673780548,0.40102027,0.0,0.40102027,0.0,0.0528399673780548
2018-12-15 04:00:00,0.381535472972973,0.0596842267524967,0.42972804,0.0,0.42972804,0.0,0.0596842267524967
2018-12-15 05:00:00,0.4010202702702702,0.0730563858602031,0.45606208,0.0,0.45606208,0.0,0.0730563858602031
2018-12-15 06:00:00,0.4297280405405405,0.0866383925829185,0.35432921,0.0,0.35432921,0.0,0.0866383925829185
2018-12-15 07:00:00,0.4820422297297299,0.10024454360852,0.32575902,0.0,0.32575902,0.0,0.10024454360852
2018-12-15 08:00:00,0.5812584459459458,0.1143560691922956,0.24928817,0.0,0.24928817,0.0,0.1143560691922956
2018-12-15 09:00:00,0.7512280405405405,0.1186656667460336,0.17773848,0.0,0.17773848,0.0,0.1186656667460336
2018-12-15 10:00:00,0.812027027027027,0.1017562405459147,0.18991239,0.0,0.18991239,0.0,0.1017562405459147
2018-12-15 11:00:00,0.8128192567567569,0.0789679215841668,0.2490347,0.0,0.2490347,0.0,0.0789679215841668
2018-12-15 12:00:00,0.8276064189189187,0.0618675881214086,0.32754306,0.0,0.32754306,0.0,0.0618675881214086
2018-12-15 13:00:00,0.8162652027027028,0.0526545006091377,0.51233078,0.0,0.51233078,0.0,0.0526545006091377
2018-12-15 14:00:00,0.7580523648648648,0.0397054159200962,0.75613156,0.0,0.75613156,0.0,0.0397054159200962
2018-12-15 15:00:00,0.75345777027027,0.0366367240214871,0.95715541,0.0,0.95715541,0.0,0.0366367240214871
2018-12-15 16:00:00,0.7964594594594595,0.0320962771952965,1.041826,0.0,1.041826,0.0,0.0320962771952965
2018-12-15 17:00:00,0.9571554054054056,0.0341688011765707,1.0669696,0.0,1.0669696,0.0,0.0341688011765707
2018-12-15 18:00:00,1.0418260135135136,0.0419072952427961,1.0596554,0.0,1.0596554,0.0,0.0419072952427961
2018-12-15 19:00:00,1.0669695945945945,0.0436744588419407,0.99727703,0.0,0.99727703,0.0,0.0436744588419407
2018-12-15 20:00:00,1.0596554054054057,0.0458803931910175,0.83413514,0.0,0.83413514,0.0,0.0458803931910175
2018-12-15 21:00:00,0.9972770270270268,0.0467687480945544,0.67498311,0.0,0.67498311,0.0,0.0467687480945544
2018-12-15 22:00:00,0.8341351351351353,0.0482574834450895,0.48372297,0.0,0.48372297,0.0,0.0482574834450895
2018-12-15 23:00:00,0.6749831081081081,0.0442839462023439,0.41837331,0.0,0.41837331,0.0,0.0442839462023439
2018-12-16 00:00:00,0.483722972972973,0.041689726181728,0.39102703,0.0,0.39102703,0.0,0.041689726181728
2018-12-16 01:00:00,0.4183733108108108,0.0351323261315709,0.38052365,0.0,0.38052365,0.0,0.0351323261315709
2018-12-16 02:00:00,0.391027027027027,0.0319162340241586,0.383,0.0,0.383,0.0,0.0319162340241586
2018-12-16 03:00:00,0.3805236486486487,0.0411158723656124,0.39699324,0.0,0.39699324,0.0,0.0411158723656124
2018-12-16 04:00:00,0.383,0.0435382606435039,0.42394257,0.0,0.42394257,0.0,0.0435382606435039
2018-12-16 05:00:00,0.3969932432432432,0.0507816359890999,0.45382332,0.0,0.45382332,0.0,0.0507816359890999
2018-12-16 06:00:00,0.4239425675675676,0.0583285976427859,0.39553047,0.0,0.39553047,0.0,0.0583285976427859
2018-12-16 07:00:00,0.4757770270270271,0.0690781684411808,0.30610425,0.0,0.30610425,0.0,0.0690781684411808
2018-12-16 08:00:00,0.5986570945945944,0.0814315866513874,0.24686793,0.0,0.24686793,0.0,0.0814315866513874
2018-12-16 09:00:00,0.7252229729729729,0.0869463887321933,0.23880607,0.0,0.23880607,0.0,0.0869463887321933
2018-12-16 10:00:00,0.8065793918918919,0.0900227513890322,0.19381817,0.0,0.19381817,0.0,0.0900227513890322
2018-12-16 11:00:00,0.8714864864864865,0.0927305966279198,0.27839769,0.0,0.27839769,0.0,0.0927305966279198
2018-12-16 12:00:00,0.8259577702702703,0.0859588039540231,0.3418834,0.0,0.3418834,0.0,0.0859588039540231
2018-12-16 13:00:00,0.8405557432432432,0.0797279011109858,0.495172,0.0,0.495172,0.0,0.0797279011109858
2018-12-16 14:00:00,0.7697077702702704,0.0693317258613447,0.73464169,0.0,0.73464169,0.0,0.0693317258613447
2018-12-16 15:00:00,0.7362989864864864,0.0624898995027291,0.88822297,0.0,0.88822297,0.0,0.0624898995027291
2018-12-16 16:00:00,0.7749695945945946,0.06014163372782,1.008049,0.0,1.008049,0.0,0.06014163372782
2018-12-16 17:00:00,0.888222972972973,0.0663212404871885,1.036451,0.0,1.036451,0.0,0.0663212404871885
2018-12-16 18:00:00,1.0080489864864866,0.0705201020289482,1.0897111,0.0,1.0897111,0.0,0.0705201020289482
2018-12-16 19:00:00,1.0364510135135137,0.0689298389554996,1.0178159,0.0,1.0178159,0.0,0.0689298389554996
2018-12-16 20:00:00,1.0897111486486486,0.0645482308916839,0.80767399,0.0,0.80767399,0.0,0.0645482308916839
2018-12-16 21:00:00,1.0178158783783784,0.0570675013354885,0.6474527,0.0,0.6474527,0.0,0.0570675013354885
2018-12-16 22:00:00,0.8076739864864866,0.0567269298076519,0.48529899,0.0,0.48529899,0.0,0.0567269298076519
2018-12-16 23:00:00,0.6474527027027027,0.0608702543839903,0.41661655,0.0,0.41661655,0.0,0.0608702543839903
2018-12-17 00:00:00,0.4852989864864864,0.0577398247087918,0.39198142,0.0,0.39198142,0.0,0.0577398247087918
2018-12-17 01:00:00,0.4166165540540541,0.0496919152340596,0.38155236,0.0,0.38155236,0.0,0.0496919152340596
2018-12-17 02:00:00,0.3919814189189189,0.0460694587958443,0.38382432,0.0,0.38382432,0.0,0.0460694587958443
2018-12-17 03:00:00,0.3815523648648649,0.0593400732846937,0.40824493,0.0,0.40824493,0.0,0.0593400732846937
2018-12-17 04:00:00,0.3838243243243243,0.0646065387917962,0.46222635,0.0,0.46222635,0.0,0.0646065387917962
2018-12-17 05:00:00,0.4082449324324324,0.0755114846842025,0.54459292,0.0,0.54459292,0.0,0.0755114846842025
2018-12-17 06:00:00,0.4622263513513513,0.0948614791971361,0.42693025,0.0,0.42693025,0.0,0.0948614791971361
2018-12-17 07:00:00,0.5678429054054055,0.1120571733635263,0.3325336,0.0,0.3325336,0.0,0.1120571733635263
2018-12-17 08:00:00,0.6510861486486486,0.1226371426837041,0.20789412,0.0,0.20789412,0.0,0.1226371426837041
2018-12-17 09:00:00,0.7563108108108108,0.1161223879942782,0.14237906,0.0,0.14237906,0.0,0.1161223879942782
2018-12-17 10:00:00,0.779,0.0924752313418293,0.13101938,0.0,0.13101938,0.0,0.0924752313418293
2018-12-17 11:00:00,0.788589527027027,0.0652222945471406,0.29935149,0.0,0.29935149,0.0,0.0652222945471406
2018-12-17 12:00:00,0.7785557432432432,0.0444265310673244,0.28198192,0.0,0.28198192,0.0,0.0444265310673244
2018-12-17 13:00:00,0.7603361486486487,0.0337383939185408,0.47156695,0.0,0.47156695,0.0,0.0337383939185408
2018-12-17 14:00:00,0.7236030405405406,0.0284960220264949,0.73818865,0.0,0.73818865,0.0,0.0284960220264949
2018-12-17 15:00:00,0.6811570945945945,0.023054582131226,0.87440878,0.0,0.87440878,0.0,0.023054582131226
2018-12-17 16:00:00,0.7746114864864865,0.02622105085335,0.99219257,0.0,0.99219257,0.0,0.02622105085335
2018-12-17 17:00:00,0.8744087837837838,0.0339613865773883,1.0643378,0.0,1.0643378,0.0,0.0339613865773883
2018-12-17 18:00:00,0.9921925675675676,0.0422756774932015,1.0653598,0.0,1.0653598,0.0,0.0422756774932015
2018-12-17 19:00:00,1.064337837837838,0.0463956180840993,0.98055405,0.0,0.98055405,0.0,0.0463956180840993
2018-12-17 20:00:00,1.0653597972972972,0.0499915985792617,0.79676351,0.0,0.79676351,0.0,0.0499915985792617
2018-12-17 21:00:00,0.9805540540540542,0.0499394408024878,0.61325169,0.0,0.61325169,0.0,0.0499394408024878
2018-12-17 22:00:00,0.7967635135135136,0.0552683368198523,0.46323986,0.0,0.46323986,0.0,0.0552683368198523
2018-12-17 23:00:00,0.6132516891891892,0.0630108183286818,0.41328885,0.0,0.41328885,0.0,0.0630108183286818
2018-12-18 00:00:00,0.4632398648648649,0.0640641790138752,0.39236993,0.0,0.39236993,0.0,0.0640641790138752
2018-12-18 01:00:00,0.4132888513513514,0.0633195747954021,0.38073986,0.0,0.38073986,0.0,0.0633195747954021
2018-12-18 02:00:00,0.3923699324324324,0.0626382458843535,0.38179054,0.0,0.38179054,0.0,0.0626382458843535
2018-12-18 03:00:00,0.3807398648648649,0.0782577512980119,0.40474155,0.0,0.40474155,0.0,0.0782577512980119
2018-12-18 04:00:00,0.3817905405405406,0.086002496863235,0.45213345,0.0,0.45213345,0.0,0.086002496863235
2018-12-18 05:00:00,0.404741554054054,0.1017067861200588,0.5411167,0.0,0.5411167,0.0,0.1017067861200588
2018-12-18 06:00:00,0.452133445945946,0.1216241126150182,0.430527,0.0,0.430527,0.0,0.1216241126150182
2018-12-18 07:00:00,0.5617652027027027,0.1403350180749968,0.35111096,0.0,0.35111096,0.0,0.1403350180749968
2018-12-18 08:00:00,0.6455658783783783,0.1503790987635135,0.26476874,0.0,0.26476874,0.0,0.1503790987635135
2018-12-18 09:00:00,0.7612466216216215,0.1372721045889749,0.16936934,0.0,0.16936934,0.0,0.1372721045889749
2018-12-18 10:00:00,0.8152381756756757,0.1065877706821994,0.095962155,0.0,0.095962155,0.0,0.1065877706821994
2018-12-18 11:00:00,0.7924375,0.0754673186885798,0.17956827,0.0,0.17956827,0.0,0.0754673186885798
2018-12-18 12:00:00,0.7216976351351352,0.0489504029731991,0.2731794,0.0,0.2731794,0.0,0.0489504029731991
2018-12-18 13:00:00,0.7383530405405406,0.0356831169851674,0.46206319,0.0,0.46206319,0.0,0.0356831169851674
2018-12-18 14:00:00,0.7001790540540541,0.0249524189553687,0.67569457,0.0,0.67569457,0.0,0.0249524189553687
2018-12-18 15:00:00,0.7026959459459459,0.0218112434602711,0.81437838,0.0,0.81437838,0.0,0.0218112434602711
2018-12-18 16:00:00,0.7174966216216216,0.0258248578803759,0.95103716,0.0,0.95103716,0.0,0.0258248578803759
2018-12-18 17:00:00,0.8143783783783785,0.0295091872627267,1.0393311,0.0,1.0393311,0.0,0.0295091872627267
2018-12-18 18:00:00,0.9510371621621622,0.0368486836294005,1.0736436,0.0,1.0736436,0.0,0.0368486836294005
2018-12-18 19:00:00,1.0393310810810812,0.039751440469475,0.98868412,0.0,0.98868412,0.0,0.039751440469475
2018-12-18 20:00:00,1.0736435810810812,0.0403994843723459,0.85181081,0.0,0.85181081,0.0,0.0403994843723459
2018-12-18 21:00:00,0.9886841216216216,0.0403973216916117,0.69000169,0.0,0.69000169,0.0,0.0403973216916117
2018-12-18 22:00:00,0.851810810810811,0.0437138094937405,0.4607348,0.0,0.4607348,0.0,0.0437138094937405
2018-12-18 23:00:00,0.6900016891891891,0.0467641523979939,0.41814696,0.0,0.41814696,0.0,0.0467641523979939
2018-12-19 00:00:00,0.4607347972972973,0.0442781339978703,0.39671284,0.0,0.39671284,0.0,0.0442781339978703
2018-12-19 01:00:00,0.4181469594594594,0.0411970235809817,0.38209122,0.0,0.38209122,0.0,0.0411970235809817
2018-12-19 02:00:00,0.3967128378378379,0.0369701654612775,0.38319426,0.0,0.38319426,0.0,0.0369701654612775
2018-12-19 03:00:00,0.3820912162162162,0.0498000830626656,0.40075338,0.0,0.40075338,0.0,0.0498000830626656
2018-12-19 04:00:00,0.3831942567567568,0.0554328864110416,0.44165372,0.0,0.44165372,0.0,0.0554328864110416
2018-12-19 05:00:00,0.4007533783783784,0.0664138302561296,0.54885143,0.0,0.54885143,0.0,0.0664138302561296
2018-12-19 06:00:00,0.4416537162162162,0.078121772746837,0.54549417,0.0,0.54549417,0.0,0.078121772746837
2018-12-19 07:00:00,0.5681858108108109,0.0901151721985407,0.5171691,0.0,0.5171691,0.0,0.0901151721985407
2018-12-19 08:00:00,0.654224662162162,0.0953252052552302,0.2001752,0.0,0.2001752,0.0,0.0953252052552302
2018-12-19 09:00:00,0.7281959459459458,0.0967012784562584,0.12862815,0.0,0.12862815,0.0,0.0967012784562584
2018-12-19 10:00:00,0.7481875000000001,0.0975031768182492,0.12282164,0.0,0.12282164,0.0,0.0975031768182492
2018-12-19 11:00:00,0.7492905405405407,0.0960816028420827,0.17847908,0.0,0.17847908,0.0,0.0960816028420827
2018-12-19 12:00:00,0.7461621621621621,0.0747160912603578,0.24794115,0.0,0.24794115,0.0,0.0747160912603578
2018-12-19 13:00:00,0.7336402027027028,0.058035959905914,0.43420436,0.0,0.43420436,0.0,0.058035959905914
2018-12-19 14:00:00,0.6710304054054055,0.0389793296554115,0.67988243,0.0,0.67988243,0.0,0.0389793296554115
2018-12-19 15:00:00,0.674045608108108,0.0282941492966945,0.7970625,0.0,0.7970625,0.0,0.0282941492966945
2018-12-19 16:00:00,0.7228902027027028,0.0259373003826209,0.95877365,0.0,0.95877365,0.0,0.0259373003826209
2018-12-19 17:00:00,0.7970625,0.0305195646683241,1.0277956,0.0,1.0277956,0.0,0.0305195646683241
2018-12-19 18:00:00,0.9587736486486488,0.0400135134450305,1.0233412,0.0,1.0233412,0.0,0.0400135134450305
2018-12-19 19:00:00,1.0277956081081083,0.0432559632238931,0.93598142,0.0,0.93598142,0.0,0.0432559632238931
2018-12-19 20:00:00,1.0233412162162163,0.0472932319645303,0.7755152,0.0,0.7755152,0.0,0.0472932319645303
2018-12-19 21:00:00,0.935981418918919,0.0501511300753094,0.59604561,0.0,0.59604561,0.0,0.0501511300753094
2018-12-19 22:00:00,0.7755152027027028,0.0574220458083826,0.45392736,0.0,0.45392736,0.0,0.0574220458083826
2018-12-19 23:00:00,0.5960456081081081,0.0612644367397193,0.41834966,0.0,0.41834966,0.0,0.0612644367397193
2018-12-20 00:00:00,0.4539273648648649,0.0636256279112048,0.40017399,0.0,0.40017399,0.0,0.0636256279112048
2018-12-20 01:00:00,0.4183496621621622,0.0614200652728792,0.39005912,0.0,0.39005912,0.0,0.0614200652728792
2018-12-20 02:00:00,0.4001739864864865,0.0601309723876374,0.38522973,0.0,0.38522973,0.0,0.0601309723876374
2018-12-20 03:00:00,0.3900591216216216,0.0791077693063431,0.4037973,0.0,0.4037973,0.0,0.0791077693063431
2018-12-20 04:00:00,0.3852297297297298,0.086009610055338,0.46773986,0.0,0.46773986,0.0,0.086009610055338
2018-12-20 05:00:00,0.4037972972972973,0.1021043645603783,0.54080335,0.0,0.54080335,0.0,0.1021043645603783
2018-12-20 06:00:00,0.4677398648648649,0.1222420648429836,0.40661977,0.0,0.40661977,0.0,0.1222420648429836
2018-12-20 07:00:00,0.5599560810810812,0.1362520289119592,0.46385094,0.0,0.46385094,0.0,0.1362520289119592
2018-12-20 08:00:00,0.6203361486486485,0.1466778903338684,0.22745535,0.0,0.22745535,0.0,0.1466778903338684
2018-12-20 09:00:00,0.7154898648648648,0.1476936068575289,0.11380512,0.0,0.11380512,0.0,0.1476936068575289
2018-12-20 10:00:00,0.781008445945946,0.1475490789590762,0.24170355,0.0,0.24170355,0.0,0.1475490789590762
2018-12-20 11:00:00,0.7426165540540542,0.1399871643956249,0.31068243,0.0,0.31068243,0.0,0.1399871643956249
2018-12-20 12:00:00,0.7259172297297296,0.1157256712470639,0.52131424,0.0,0.52131424,0.0,0.1157256712470639
2018-12-20 13:00:00,0.7204037162162162,0.0988751105131841,0.42820145,0.0,0.42820145,0.0,0.0988751105131841
2018-12-20 14:00:00,0.6748969594594595,0.0754387814404517,0.66241691,0.0,0.66241691,0.0,0.0754387814404517
2018-12-20 15:00:00,0.6704172297297296,0.0676608522427104,0.81944257,0.0,0.81944257,0.0,0.0676608522427104
2018-12-20 16:00:00,0.7043530405405405,0.0670350602970829,0.95665709,0.0,0.95665709,0.0,0.0670350602970829
2018-12-20 17:00:00,0.8194425675675676,0.0673502710141201,1.0639088,0.0,1.0639088,0.0,0.0673502710141201
2018-12-20 18:00:00,0.9566570945945948,0.070247654944245,1.0554713,0.0,1.0554713,0.0,0.070247654944245
2018-12-20 19:00:00,1.063908783783784,0.0735569281786117,0.94482264,0.0,0.94482264,0.0,0.0735569281786117
2018-12-20 20:00:00,1.055471283783784,0.0783579949292394,0.79622804,0.0,0.79622804,0.0,0.0783579949292394
2018-12-20 21:00:00,0.9448226351351352,0.0787160368623834,0.62698311,0.0,0.62698311,0.0,0.0787160368623834
2018-12-20 22:00:00,0.7962280405405406,0.0813000010454544,0.48290878,0.0,0.48290878,0.0,0.0813000010454544
2018-12-20 23:00:00,0.6269831081081081,0.0789843951288233,0.41107264,0.0,0.41107264,0.0,0.0789843951288233
2018-12-21 00:00:00,0.4829087837837838,0.0714918215164187,0.40776182,0.0,0.40776182,0.0,0.0714918215164187
2018-12-21 01:00:00,0.4110726351351351,0.0625942995359931,0.38603209,0.0,0.38603209,0.0,0.0625942995359931
2018-12-21 02:00:00,0.4077618243243243,0.0565368504462311,0.38496115,0.0,0.38496115,0.0,0.0565368504462311
2018-12-21 03:00:00,0.3860320945945946,0.0697907210553324,0.3990777,0.0,0.3990777,0.0,0.0697907210553324
2018-12-21 04:00:00,0.3849611486486487,0.0744096833297473,0.43890034,0.0,0.43890034,0.0,0.0744096833297473
2018-12-21 05:00:00,0.3990777027027027,0.0835606613546773,0.52620278,0.0,0.52620278,0.0,0.0835606613546773
2018-12-21 06:00:00,0.4389003378378379,0.0983574863961626,0.42371502,0.0,0.42371502,0.0,0.0983574863961626
2018-12-21 07:00:00,0.5455371621621622,0.1109009839677899,0.31479618,0.0,0.31479618,0.0,0.1109009839677899
2018-12-21 08:00:00,0.6460760135135133,0.1153358311487468,0.21944625,0.0,0.21944625,0.0,0.1153358311487468
2018-12-21 09:00:00,0.7402652027027027,0.1073789570161778,0.0858803,0.0,0.0858803,0.0,0.1073789570161778
2018-12-21 10:00:00,0.7895337837837838,0.1008343471950515,0.089994408,0.0,0.089994408,0.0,0.1008343471950515
2018-12-21 11:00:00,0.7307364864864866,0.0970347030001055,0.16450316,0.0,0.16450316,0.0,0.0970347030001055
2018-12-21 12:00:00,0.7397668918918918,0.0807361327317922,0.23619115,0.0,0.23619115,0.0,0.0807361327317922
2018-12-21 13:00:00,0.747383445945946,0.0718770997100613,0.4085295,0.0,0.4085295,0.0,0.0718770997100613
2018-12-21 14:00:00,0.685489864864865,0.0507023264315435,0.66975592,0.0,0.66975592,0.0,0.0507023264315435
2018-12-21 15:00:00,0.6693412162162161,0.0374128898619273,0.84743581,0.0,0.84743581,0.0,0.0374128898619273
2018-12-21 16:00:00,0.7197787162162163,0.0368019325544625,0.95007095,0.0,0.95007095,0.0,0.0368019325544625
2018-12-21 17:00:00,0.8474358108108109,0.040273237884476,1.0414628,0.0,1.0414628,0.0,0.040273237884476
2018-12-21 18:00:00,0.950070945945946,0.0459818195382718,1.0425557,0.0,1.0425557,0.0,0.0459818195382718
2018-12-21 19:00:00,1.041462837837838,0.0516456945262614,0.94959797,0.0,0.94959797,0.0,0.0516456945262614
2018-12-21 20:00:00,1.0425557432432433,0.0591108122309054,0.80372128,0.0,0.80372128,0.0,0.0591108122309054
2018-12-21 21:00:00,0.9495979729729732,0.0646357856695403,0.62374155,0.0,0.62374155,0.0,0.0646357856695403
2018-12-21 22:00:00,0.8037212837837838,0.0714326857150876,0.47715878,0.0,0.47715878,0.0,0.0714326857150876
2018-12-21 23:00:00,0.6237415540540541,0.0764380413153991,0.41162162,0.0,0.41162162,0.0,0.0764380413153991
2018-12-22 00:00:00,0.4771587837837838,0.0776005160020196,0.38899662,0.0,0.38899662,0.0,0.0776005160020196
2018-12-22 01:00:00,0.4116216216216216,0.0745899630440905,0.38028378,0.0,0.38028378,0.0,0.0745899630440905
2018-12-22 02:00:00,0.3889966216216216,0.0724989211090279,0.38205068,0.0,0.38205068,0.0,0.0724989211090279
2018-12-22 03:00:00,0.3802837837837838,0.094589049008376,0.40138176,0.0,0.40138176,0.0,0.094589049008376
2018-12-22 04:00:00,0.3820506756756757,0.1029467962901958,0.44394088,0.0,0.44394088,0.0,0.1029467962901958
2018-12-22 05:00:00,0.4013817567567567,0.1190486808832824,0.47838007,0.0,0.47838007,0.0,0.1190486808832824
2018-12-22 06:00:00,0.4439408783783784,0.1357828961520291,0.36237328,0.0,0.36237328,0.0,0.1357828961520291
2018-12-22 07:00:00,0.4783800675675676,0.1492315094028849,0.30097511,0.0,0.30097511,0.0,0.1492315094028849
2018-12-22 08:00:00,0.5774121621621621,0.169297672261823,0.23503222,0.0,0.23503222,0.0,0.169297672261823
2018-12-22 09:00:00,0.7161807432432432,0.1595747496623631,0.2072728,0.0,0.2072728,0.0,0.1595747496623631
2018-12-22 10:00:00,0.792866554054054,0.1336677437059669,0.20047274,0.0,0.20047274,0.0,0.1336677437059669
2018-12-22 11:00:00,0.8421114864864866,0.100875590192494,0.24996512,0.0,0.24996512,0.0,0.100875590192494
2018-12-22 12:00:00,0.839152027027027,0.0717528638394367,0.31661306,0.0,0.31661306,0.0,0.0717528638394367
2018-12-22 13:00:00,0.8227618243243244,0.0574065184365473,0.48466176,0.0,0.48466176,0.0,0.0574065184365473
2018-12-22 14:00:00,0.7599763513513514,0.0438438744647822,0.75966132,0.0,0.75966132,0.0,0.0438438744647822
2018-12-22 15:00:00,0.7424442567567566,0.0388584391815478,0.88705574,0.0,0.88705574,0.0,0.0388584391815478
2018-12-22 16:00:00,0.8096841216216216,0.0372881133211192,1.0070676,0.0,1.0070676,0.0,0.0372881133211192
2018-12-22 17:00:00,0.8870557432432433,0.0447591446058963,1.0651909,0.0,1.0651909,0.0,0.0447591446058963
2018-12-22 18:00:00,1.0070675675675675,0.0526501076638959,1.0497618,0.0,1.0497618,0.0,0.0526501076638959
2018-12-22 19:00:00,1.0651908783783783,0.0607755019343149,0.97772635,0.0,0.97772635,0.0,0.0607755019343149
2018-12-22 20:00:00,1.0497618243243243,0.0599162080531464,0.85571959,0.0,0.85571959,0.0,0.0599162080531464
2018-12-22 21:00:00,0.9777263513513514,0.0619024782441937,0.67945946,0.0,0.67945946,0.0,0.0619024782441937
2018-12-22 22:00:00,0.8557195945945947,0.068161698688097,0.49116385,0.0,0.49116385,0.0,0.068161698688097
2018-12-22 23:00:00,0.6794594594594594,0.0710742044874195,0.41740203,0.0,0.41740203,0.0,0.0710742044874195
2018-12-23 00:00:00,0.4911638513513514,0.0713709310425549,0.39826351,0.0,0.39826351,0.0,0.0713709310425549
2018-12-23 01:00:00,0.417402027027027,0.0680396423941499,0.38161824,0.0,0.38161824,0.0,0.0680396423941499
2018-12-23 02:00:00,0.3982635135135135,0.0677268646929389,0.38332939,0.0,0.38332939,0.0,0.0677268646929389
2018-12-23 03:00:00,0.3816182432432433,0.0873758836092882,0.40314358,0.0,0.40314358,0.0,0.0873758836092882
2018-12-23 04:00:00,0.3833293918918919,0.0924783401953852,0.43103547,0.0,0.43103547,0.0,0.0924783401953852
2018-12-23 05:00:00,0.403143581081081,0.1060235475537293,0.47938682,0.0,0.47938682,0.0,0.1060235475537293
2018-12-23 06:00:00,0.431035472972973,0.1225601647663145,0.46409958,0.0,0.46409958,0.0,0.1225601647663145
2018-12-23 07:00:00,0.4793868243243244,0.1342122999565086,0.34611206,0.0,0.34611206,0.0,0.1342122999565086
2018-12-23 08:00:00,0.5947837837837836,0.1492155934243553,0.27781449,0.0,0.27781449,0.0,0.1492155934243553
2018-12-23 09:00:00,0.7715810810810809,0.1503966874404236,0.19806994,0.0,0.19806994,0.0,0.1503966874404236
2018-12-23 10:00:00,0.8479020270270271,0.1314336776113997,0.15680801,0.0,0.15680801,0.0,0.1314336776113997
2018-12-23 11:00:00,0.8417331081081082,0.1058631036767467,0.23063419,0.0,0.23063419,0.0,0.1058631036767467
2018-12-23 12:00:00,0.804206081081081,0.0748073124578966,0.34931451,0.0,0.34931451,0.0,0.0748073124578966
2018-12-23 13:00:00,0.8111097972972974,0.0571825120211056,0.55858525,0.0,0.55858525,0.0,0.0571825120211056
2018-12-23 14:00:00,0.7973766891891892,0.0446663013978066,0.7861132,0.0,0.7861132,0.0,0.0446663013978066
2018-12-23 15:00:00,0.8193969594594592,0.0349658335069094,0.87146791,0.0,0.87146791,0.0,0.0349658335069094
2018-12-23 16:00:00,0.8388293918918919,0.0346914095968472,0.96048986,0.0,0.96048986,0.0,0.0346914095968472
2018-12-23 17:00:00,0.8714679054054054,0.0384536461734658,1.054174,0.0,1.054174,0.0,0.0384536461734658
2018-12-23 18:00:00,0.9604898648648652,0.0468798558172836,1.0531723,0.0,1.0531723,0.0,0.0468798558172836
2018-12-23 19:00:00,1.0541739864864863,0.0526428086164175,0.9951402,0.0,0.9951402,0.0,0.0526428086164175
2018-12-23 20:00:00,1.0531722972972972,0.057779057088989,0.82607939,0.0,0.82607939,0.0,0.057779057088989
2018-12-23 21:00:00,0.9951402027027028,0.062548967720287,0.65539865,0.0,0.65539865,0.0,0.062548967720287
2018-12-23 22:00:00,0.826079391891892,0.066121868356987,0.49747804,0.0,0.49747804,0.0,0.066121868356987
2018-12-23 23:00:00,0.6553986486486487,0.069636258342256,0.41905912,0.0,0.41905912,0.0,0.069636258342256
2018-12-24 00:00:00,0.4974780405405405,0.0694662175695146,0.39343243,0.0,0.39343243,0.0,0.0694662175695146
2018-12-24 01:00:00,0.4190591216216216,0.0639454681166891,0.38083784,0.0,0.38083784,0.0,0.0639454681166891
2018-12-24 02:00:00,0.3934324324324325,0.0582692590901362,0.38560304,0.0,0.38560304,0.0,0.0582692590901362
2018-12-24 03:00:00,0.3808378378378378,0.0684729219625302,0.40275338,0.0,0.40275338,0.0,0.0684729219625302
2018-12-24 04:00:00,0.3856030405405406,0.0731909958399757,0.44317061,0.0,0.44317061,0.0,0.0731909958399757
2018-12-24 05:00:00,0.4027533783783784,0.0865522908561804,0.55510642,0.0,0.55510642,0.0,0.0865522908561804
2018-12-24 06:00:00,0.4431706081081081,0.1011899730083125,0.42552059,0.0,0.42552059,0.0,0.1011899730083125
2018-12-24 07:00:00,0.555106418918919,0.1169267362680385,0.28460852,0.0,0.28460852,0.0,0.1169267362680385
2018-12-24 08:00:00,0.6359425675675675,0.1241276690042224,0.21185531,0.0,0.21185531,0.0,0.1241276690042224
2018-12-24 09:00:00,0.6960979729729729,0.1262790632485289,0.16329494,0.0,0.16329494,0.0,0.1262790632485289
2018-12-24 10:00:00,0.7684628378378379,0.1258566815635368,0.15774226,0.0,0.15774226,0.0,0.1258566815635368
2018-12-24 11:00:00,0.7971756756756757,0.1196646900777753,0.18946572,0.0,0.18946572,0.0,0.1196646900777753
2018-12-24 12:00:00,0.799018581081081,0.1023470409930973,0.25302755,0.0,0.25302755,0.0,0.1023470409930973
2018-12-24 13:00:00,0.7658885135135136,0.088770998538345,0.42612281,0.0,0.42612281,0.0,0.088770998538345
2018-12-24 14:00:00,0.698875,0.0766049394426981,0.67928019,0.0,0.67928019,0.0,0.0766049394426981
2018-12-24 15:00:00,0.6843530405405405,0.0753741713535119,0.83916723,0.0,0.83916723,0.0,0.0753741713535119
2018-12-24 16:00:00,0.7318277027027027,0.0769615114287806,0.94774324,0.0,0.94774324,0.0,0.0769615114287806
2018-12-24 17:00:00,0.8391672297297298,0.0872151693972141,1.0346943,0.0,1.0346943,0.0,0.0872151693972141
2018-12-24 18:00:00,0.9477432432432434,0.08617600130434,1.0719375,0.0,1.0719375,0.0,0.08617600130434
2018-12-24 19:00:00,1.0346942567567567,0.084383037599872,0.95317905,0.0,0.95317905,0.0,0.084383037599872
2018-12-24 20:00:00,1.0719375,0.0821371443450386,0.80909291,0.0,0.80909291,0.0,0.0821371443450386
2018-12-24 21:00:00,0.9531790540540542,0.0810314400276956,0.64010642,0.0,0.64010642,0.0,0.0810314400276956
2018-12-24 22:00:00,0.8090929054054056,0.081134082882863,0.45272466,0.0,0.45272466,0.0,0.081134082882863
2018-12-24 23:00:00,0.6401064189189188,0.079187974348891,0.39846453,0.0,0.39846453,0.0,0.079187974348891
2018-12-25 00:00:00,0.4527246621621622,0.0732463807419079,0.41510811,0.0,0.41510811,0.0,0.0732463807419079
2018-12-25 01:00:00,0.398464527027027,0.0656708142563209,0.38983446,0.0,0.38983446,0.0,0.0656708142563209
2018-12-25 02:00:00,0.4151081081081081,0.0631327394550829,0.39727196,0.0,0.39727196,0.0,0.0631327394550829
2018-12-25 03:00:00,0.3898344594594595,0.078871141621303,0.41893074,0.0,0.41893074,0.0,0.078871141621303
2018-12-25 04:00:00,0.3972719594594595,0.0849926939197076,0.47375169,0.0,0.47375169,0.0,0.0849926939197076
2018-12-25 05:00:00,0.4189307432432432,0.0995620150855012,0.52950676,0.0,0.52950676,0.0,0.0995620150855012
2018-12-25 06:00:00,0.4737516891891892,0.1190615386960861,0.42495918,0.0,0.42495918,0.0,0.1190615386960861
2018-12-25 07:00:00,0.5295067567567568,0.1352375457921552,0.31531306,0.0,0.31531306,0.0,0.1352375457921552
2018-12-25 08:00:00,0.6294104729729728,0.1497624137312911,0.24514972,0.0,0.24514972,0.0,0.1497624137312911
2018-12-25 09:00:00,0.7165658783783783,0.1329830693981571,0.1768288,0.0,0.1768288,0.0,0.1329830693981571
2018-12-25 10:00:00,0.7888699324324324,0.1097494409564439,0.1904147,0.0,0.1904147,0.0,0.1097494409564439
2018-12-25 11:00:00,0.7998969594594596,0.0852031666846162,0.26889112,0.0,0.26889112,0.0,0.0852031666846162
2018-12-25 12:00:00,0.7704611486486486,0.061566874123669,0.44759696,0.0,0.44759696,0.0,0.061566874123669
2018-12-25 13:00:00,0.748168918918919,0.0464787461248274,0.47479004,0.0,0.47479004,0.0,0.0464787461248274
2018-12-25 14:00:00,0.7345016891891892,0.0317971852081077,0.70600359,0.0,0.70600359,0.0,0.0317971852081077
2018-12-25 15:00:00,0.6739966216216215,0.025720542326828,0.84652027,0.0,0.84652027,0.0,0.025720542326828
2018-12-25 16:00:00,0.7249746621621622,0.0256076943219453,0.98135473,0.0,0.98135473,0.0,0.0256076943219453
2018-12-25 17:00:00,0.8465202702702703,0.0328849291377894,1.0419797,0.0,1.0419797,0.0,0.0328849291377894
2018-12-25 18:00:00,0.98135472972973,0.0414852007888389,1.0536014,0.0,1.0536014,0.0,0.0414852007888389
2018-12-25 19:00:00,1.0419797297297295,0.0455995488225253,0.93155068,0.0,0.93155068,0.0,0.0455995488225253
2018-12-25 20:00:00,1.0536013513513514,0.0513751735790872,0.79196284,0.0,0.79196284,0.0,0.0513751735790872
2018-12-25 21:00:00,0.9315506756756758,0.0569058240546498,0.60961486,0.0,0.60961486,0.0,0.0569058240546498
2018-12-25 22:00:00,0.7919628378378379,0.0635124757793439,0.47196115,0.0,0.47196115,0.0,0.0635124757793439
2018-12-25 23:00:00,0.6096148648648648,0.0706332879526958,0.40454899,0.0,0.40454899,0.0,0.0706332879526958
2018-12-26 00:00:00,0.4719611486486487,0.076871303987836,0.39178041,0.0,0.39178041,0.0,0.076871303987836
2018-12-26 01:00:00,0.4045489864864865,0.07322546356418,0.38339189,0.0,0.38339189,0.0,0.07322546356418
2018-12-26 02:00:00,0.3917804054054054,0.0712707549951001,0.38135811,0.0,0.38135811,0.0,0.0712707549951001
2018-12-26 03:00:00,0.3833918918918919,0.0946964227276498,0.40118074,0.0,0.40118074,0.0,0.0946964227276498
2018-12-26 04:00:00,0.3813581081081081,0.1074595675613637,0.45130236,0.0,0.45130236,0.0,0.1074595675613637
2018-12-26 05:00:00,0.4011807432432432,0.1276540720051331,0.54541892,0.0,0.54541892,0.0,0.1276540720051331
2018-12-26 06:00:00,0.4513023648648649,0.1546355923676561,0.59971257,0.0,0.59971257,0.0,0.1546355923676561
2018-12-26 07:00:00,0.5454189189189189,0.1756594003933476,0.50984052,0.0,0.50984052,0.0,0.1756594003933476
2018-12-26 08:00:00,0.6308513513513513,0.1928266755832123,0.59048786,0.0,0.59048786,0.0,0.1928266755832123
2018-12-26 09:00:00,0.7103547297297296,0.1949333462657697,0.43410896,0.0,0.43410896,0.0,0.1949333462657697
2018-12-26 10:00:00,0.7642314189189189,0.1745936887736475,0.11644202,0.0,0.11644202,0.0,0.1745936887736475
2018-12-26 11:00:00,0.7529408783783784,0.1345268855236462,0.40467048,0.0,0.40467048,0.0,0.1345268855236462
2018-12-26 12:00:00,0.7383074324324324,0.0871527219910086,0.51352907,0.0,0.51352907,0.0,0.0871527219910086
2018-12-26 13:00:00,0.7691807432432433,0.0599070335559685,0.59648012,0.0,0.59648012,0.0,0.0599070335559685
2018-12-26 14:00:00,0.7036385135135136,0.0377015908440253,0.70538334,0.0,0.70538334,0.0,0.0377015908440253
2018-12-26 15:00:00,0.7057787162162161,0.0301435961394052,0.81630743,0.0,0.81630743,0.0,0.0301435961394052
2018-12-26 16:00:00,0.7255777027027027,0.0306604768349241,0.94146959,0.0,0.94146959,0.0,0.0306604768349241
2018-12-26 17:00:00,0.8163074324324325,0.0338300882024903,1.0291943,0.0,1.0291943,0.0,0.0338300882024903
2018-12-26 18:00:00,0.9414695945945948,0.0434509424088529,1.0754747,0.0,1.0754747,0.0,0.0434509424088529
2018-12-26 19:00:00,1.029194256756757,0.0512166220477472,0.97169595,0.0,0.97169595,0.0,0.0512166220477472
2018-12-26 20:00:00,1.075474662162162,0.0580074226577859,0.78827534,0.0,0.78827534,0.0,0.0580074226577859
2018-12-26 21:00:00,0.971695945945946,0.0629457520512744,0.6059527,0.0,0.6059527,0.0,0.0629457520512744
2018-12-26 22:00:00,0.7882753378378379,0.0734919801728071,0.48049662,0.0,0.48049662,0.0,0.0734919801728071
2018-12-26 23:00:00,0.6059527027027027,0.0816774057295486,0.4182652,0.0,0.4182652,0.0,0.0816774057295486
2018-12-27 00:00:00,0.4804966216216216,0.0835929326062606,0.39132095,0.0,0.39132095,0.0,0.0835929326062606
2018-12-27 01:00:00,0.4182652027027027,0.0813519729668527,0.38105068,0.0,0.38105068,0.0,0.0813519729668527
2018-12-27 02:00:00,0.391320945945946,0.0796727527522589,0.38324155,0.0,0.38324155,0.0,0.0796727527522589
2018-12-27 03:00:00,0.3810506756756757,0.0996860651007504,0.39963007,0.0,0.39963007,0.0,0.0996860651007504
2018-12-27 04:00:00,0.3832415540540541,0.1130831457247319,0.4400473,0.0,0.4400473,0.0,0.1130831457247319
2018-12-27 05:00:00,0.3996300675675676,0.1350311280536235,0.53687838,0.0,0.53687838,0.0,0.1350311280536235
2018-12-27 06:00:00,0.4400472972972973,0.1568384854469503,0.56727847,0.0,0.56727847,0.0,0.1568384854469503
2018-12-27 07:00:00,0.5368783783783784,0.1798931182660062,0.67568461,0.0,0.67568461,0.0,0.1798931182660062
2018-12-27 08:00:00,0.6596689189189188,0.1900494049135625,0.71694643,0.0,0.71694643,0.0,0.1900494049135625
2018-12-27 09:00:00,0.7480996621621622,0.1636619966030967,0.43736954,0.0,0.43736954,0.0,0.1636619966030967
2018-12-27 10:00:00,0.7851385135135136,0.1219062410751966,0.63252734,0.0,0.63252734,0.0,0.1219062410751966
2018-12-27 11:00:00,0.7930253378378379,0.0831355256309375,0.71729387,0.0,0.71729387,0.0,0.0831355256309375
2018-12-27 12:00:00,0.7572618243243243,0.0579529163449021,0.65014727,0.0,0.65014727,0.0,0.0579529163449021
2018-12-27 13:00:00,0.7280371621621622,0.0431752513030479,0.62930667,0.0,0.62930667,0.0,0.0431752513030479
2018-12-27 14:00:00,0.6716165540540541,0.0316191864461016,0.71867959,0.0,0.71867959,0.0,0.0316191864461016
2018-12-27 15:00:00,0.6749932432432431,0.0255218122424695,0.82277872,0.0,0.82277872,0.0,0.0255218122424695
2018-12-27 16:00:00,0.7200320945945946,0.0267395197675334,0.95766892,0.0,0.95766892,0.0,0.0267395197675334
2018-12-27 17:00:00,0.8227787162162162,0.0333302217218113,1.0234611,0.0,1.0234611,0.0,0.0333302217218113
2018-12-27 18:00:00,0.957668918918919,0.0422526483225689,1.0215456,0.0,1.0215456,0.0,0.0422526483225689
2018-12-27 19:00:00,1.023461148648649,0.0483375702160349,0.93681081,0.0,0.93681081,0.0,0.0483375702160349
2018-12-27 20:00:00,1.0215456081081082,0.0543741866077851,0.83880236,0.0,0.83880236,0.0,0.0543741866077851
2018-12-27 21:00:00,0.9368108108108107,0.0581602464643684,0.63942568,0.0,0.63942568,0.0,0.0581602464643684
2018-12-27 22:00:00,0.838802364864865,0.0629471544145632,0.45565203,0.0,0.45565203,0.0,0.0629471544145632
2018-12-27 23:00:00,0.6394256756756755,0.0642913111788159,0.43241216,0.0,0.43241216,0.0,0.0642913111788159
2018-12-28 00:00:00,0.455652027027027,0.0615583585682774,0.40663345,0.0,0.40663345,0.0,0.0615583585682774
2018-12-28 01:00:00,0.4324121621621623,0.0561077441758304,0.38161824,0.0,0.38161824,0.0,0.0561077441758304
2018-12-28 02:00:00,0.4066334459459459,0.0525015247390662,0.38233108,0.0,0.38233108,0.0,0.0525015247390662
2018-12-28 03:00:00,0.3816182432432432,0.067233401774747,0.40212838,0.0,0.40212838,0.0,0.067233401774747
2018-12-28 04:00:00,0.3823310810810811,0.0733587218684937,0.4551098,0.0,0.4551098,0.0,0.0733587218684937
2018-12-28 05:00:00,0.4021283783783784,0.0878510144290677,0.53746453,0.0,0.53746453,0.0,0.0878510144290677
2018-12-28 06:00:00,0.4551097972972973,0.1050268727580972,0.63164484,0.0,0.63164484,0.0,0.1050268727580972
2018-12-28 07:00:00,0.5374645270270271,0.1217854350810491,0.51209451,0.0,0.51209451,0.0,0.1217854350810491
2018-12-28 08:00:00,0.6452010135135133,0.1368897662894556,0.63647469,0.0,0.63647469,0.0,0.1368897662894556
2018-12-28 09:00:00,0.7198175675675675,0.1280465309746517,0.62245444,0.0,0.62245444,0.0,0.1280465309746517
2018-12-28 10:00:00,0.7580523648648649,0.1020625639968089,0.65449928,0.0,0.65449928,0.0,0.1020625639968089
2018-12-28 11:00:00,0.7849375000000001,0.0767775483988116,0.59155907,0.0,0.59155907,0.0,0.0767775483988116
2018-12-28 12:00:00,0.7941283783783784,0.0519408835505623,0.61173393,0.0,0.61173393,0.0,0.0519408835505623
2018-12-28 13:00:00,0.741704391891892,0.0394920708448373,0.71300717,0.0,0.71300717,0.0,0.0394920708448373
2018-12-28 14:00:00,0.7094408783783784,0.0299107869375367,0.71082767,0.0,0.71082767,0.0,0.0299107869375367
2018-12-28 15:00:00,0.7346148648648647,0.0252038812785711,0.80101182,0.0,0.80101182,0.0,0.0252038812785711
2018-12-28 16:00:00,0.7162533783783784,0.0253594760198444,0.9433902,0.0,0.9433902,0.0,0.0253594760198444
2018-12-28 17:00:00,0.8010118243243244,0.0310978790134543,1.0288429,0.0,1.0288429,0.0,0.0310978790134543
2018-12-28 18:00:00,0.9433902027027028,0.0380238640653357,1.0791976,0.0,1.0791976,0.0,0.0380238640653357
2018-12-28 19:00:00,1.0288429054054056,0.0457930411644801,0.95838851,0.0,0.95838851,0.0,0.0457930411644801
2018-12-28 20:00:00,1.0791976351351351,0.0478418770333356,0.8488277,0.0,0.8488277,0.0,0.0478418770333356
2018-12-28 21:00:00,0.9583885135135136,0.0605677494162677,0.64801689,0.0,0.64801689,0.0,0.0605677494162677
2018-12-28 22:00:00,0.8488277027027028,0.0745053988481871,0.46619426,0.0,0.46619426,0.0,0.0745053988481871
2018-12-28 23:00:00,0.6480168918918918,0.0831440242903858,0.42297128,0.0,0.42297128,0.0,0.0831440242903858
2018-12-29 00:00:00,0.4661942567567568,0.0905508847827473,0.39695101,0.0,0.39695101,0.0,0.0905508847827473
2018-12-29 01:00:00,0.4229712837837838,0.0950184256138684,0.38186655,0.0,0.38186655,0.0,0.0950184256138684
2018-12-29 02:00:00,0.3969510135135135,0.0958412242576442,0.38241723,0.0,0.38241723,0.0,0.0958412242576442
2018-12-29 03:00:00,0.381866554054054,0.1189619371107015,0.39706588,0.0,0.39706588,0.0,0.1189619371107015
2018-12-29 04:00:00,0.3824172297297297,0.1305241351950431,0.42632264,0.0,0.42632264,0.0,0.1305241351950431
2018-12-29 05:00:00,0.3970658783783784,0.1501187153822818,0.48288176,0.0,0.48288176,0.0,0.1501187153822818
2018-12-29 06:00:00,0.4263226351351352,0.1740810996477108,0.47060814,0.0,0.47060814,0.0,0.1740810996477108
2018-12-29 07:00:00,0.4828817567567567,0.1945878749143942,0.48412036,0.0,0.48412036,0.0,0.1945878749143942
2018-12-29 08:00:00,0.567920608108108,0.2072543411609035,0.73295407,0.0,0.73295407,0.0,0.2072543411609035
2018-12-29 09:00:00,0.7362432432432432,0.1920431431115206,0.82707264,0.0,0.82707264,0.0,0.1920431431115206
2018-12-29 10:00:00,0.8067027027027027,0.1539837299816134,0.43669581,0.0,0.43669581,0.0,0.1539837299816134
2018-12-29 11:00:00,0.852641891891892,0.1095142156346927,0.21451788,0.0,0.21451788,0.0,0.1095142156346927
2018-12-29 12:00:00,0.8074881756756755,0.0698320823243775,0.31787118,0.0,0.31787118,0.0,0.0698320823243775
2018-12-29 13:00:00,0.7943885135135136,0.0511668465989698,0.62701867,0.0,0.62701867,0.0,0.0511668465989698
2018-12-29 14:00:00,0.7694628378378379,0.0370726055651259,0.74088809,0.0,0.74088809,0.0,0.0370726055651259
2018-12-29 15:00:00,0.7768192567567567,0.0304762096779769,0.8359375,0.0,0.8359375,0.0,0.0304762096779769
2018-12-29 16:00:00,0.7544442567567569,0.0291353138307692,1.0151824,0.0,1.0151824,0.0,0.0291353138307692
2018-12-29 17:00:00,0.8359375000000001,0.0338246983965975,1.0890169,0.0,1.0890169,0.0,0.0338246983965975
2018-12-29 18:00:00,1.0151824324324323,0.0422316297691816,1.0889645,0.0,1.0889645,0.0,0.0422316297691816
2018-12-29 19:00:00,1.0890168918918917,0.0474624955238826,0.99766385,0.0,0.99766385,0.0,0.0474624955238826
2018-12-29 20:00:00,1.088964527027027,0.0541745103506054,0.8214223,0.0,0.8214223,0.0,0.0541745103506054
2018-12-29 21:00:00,0.9976638513513514,0.0667303588567393,0.6655777,0.0,0.6655777,0.0,0.0667303588567393
2018-12-29 22:00:00,0.8214222972972974,0.0773923241894482,0.48630574,0.0,0.48630574,0.0,0.0773923241894482
2018-12-29 23:00:00,0.6655777027027027,0.0858565497055502,0.44109291,0.0,0.44109291,0.0,0.0858565497055502
2018-12-30 00:00:00,0.4863057432432432,0.09196899509055,0.39311149,0.0,0.39311149,0.0,0.09196899509055
2018-12-30 01:00:00,0.4410929054054054,0.0904988114856895,0.38564865,0.0,0.38564865,0.0,0.0904988114856895
2018-12-30 02:00:00,0.3931114864864865,0.0877057600050555,0.38671453,0.0,0.38671453,0.0,0.0877057600050555
2018-12-30 03:00:00,0.3856486486486487,0.1033216834787476,0.4025777,0.0,0.4025777,0.0,0.1033216834787476
2018-12-30 04:00:00,0.3867145270270271,0.104256198099209,0.43059291,0.0,0.43059291,0.0,0.104256198099209
2018-12-30 05:00:00,0.4025777027027027,0.1164504396281759,0.47309966,0.0,0.47309966,0.0,0.1164504396281759
2018-12-30 06:00:00,0.4305929054054054,0.1321041593268899,0.56560738,0.0,0.56560738,0.0,0.1321041593268899
2018-12-30 07:00:00,0.4730996621621621,0.1464075214501832,0.51517166,0.0,0.51517166,0.0,0.1464075214501832
2018-12-30 08:00:00,0.5750692567567567,0.1628099172896907,0.67700197,0.0,0.67700197,0.0,0.1628099172896907
2018-12-30 09:00:00,0.6986655405405405,0.159435459506314,0.58284564,0.0,0.58284564,0.0,0.159435459506314
2018-12-30 10:00:00,0.8337111486486487,0.1428651686788566,0.7774242,0.0,0.7774242,0.0,0.1428651686788566
2018-12-30 11:00:00,0.8578361486486488,0.1125659271103481,0.36773471,0.0,0.36773471,0.0,0.1125659271103481
2018-12-30 12:00:00,0.8042499999999999,0.0788931908272278,0.55482328,0.0,0.55482328,0.0,0.0788931908272278
2018-12-30 13:00:00,0.8090675675675677,0.060468992628045,0.75021456,0.0,0.75021456,0.0,0.060468992628045
2018-12-30 14:00:00,0.7507736486486486,0.0408729424937449,0.80546216,0.0,0.80546216,0.0,0.0408729424937449
2018-12-30 15:00:00,0.7582736486486485,0.0325684174331228,0.91843919,0.0,0.91843919,0.0,0.0325684174331228
2018-12-30 16:00:00,0.8202297297297299,0.0292203680090263,1.0319679,0.0,1.0319679,0.0,0.0292203680090263
2018-12-30 17:00:00,0.9184391891891892,0.0356839786782725,1.0586419,0.0,1.0586419,0.0,0.0356839786782725
2018-12-30 18:00:00,1.0319679054054054,0.0451125232587068,1.0547517,0.0,1.0547517,0.0,0.0451125232587068
2018-12-30 19:00:00,1.0586418918918918,0.0538110448196821,0.96394088,0.0,0.96394088,0.0,0.0538110448196821
2018-12-30 20:00:00,1.0547516891891893,0.0543484878781211,0.80963851,0.0,0.80963851,0.0,0.0543484878781211
2018-12-30 21:00:00,0.9639408783783784,0.0592775582947154,0.65373142,0.0,0.65373142,0.0,0.0592775582947154
2018-12-30 22:00:00,0.8096385135135137,0.0691721436774674,0.49005236,0.0,0.49005236,0.0,0.0691721436774674
2018-12-30 23:00:00,0.6537314189189188,0.0764125960248834,0.43881419,0.0,0.43881419,0.0,0.0764125960248834
2018-12-31 00:00:00,0.4900523648648648,0.0792648170987348,0.40819764,0.0,0.40819764,0.0,0.0792648170987348
2018-12-31 01:00:00,0.4388141891891892,0.0803590659665628,0.38439527,0.0,0.38439527,0.0,0.0803590659665628
2018-12-31 02:00:00,0.4081976351351352,0.0778584663674251,0.3834375,0.0,0.3834375,0.0,0.0778584663674251
2018-12-31 03:00:00,0.3843952702702702,0.0967728327758687,0.40304054,0.0,0.40304054,0.0,0.0967728327758687
2018-12-31 04:00:00,0.3834375,0.108033134146444,0.4591402,0.0,0.4591402,0.0,0.108033134146444
2018-12-31 05:00:00,0.4030405405405405,0.1333885720358549,0.56118581,0.0,0.56118581,0.0,0.1333885720358549
2018-12-31 06:00:00,0.4591402027027027,0.1606691336977373,0.58802208,0.0,0.58802208,0.0,0.1606691336977373
2018-12-31 07:00:00,0.5611858108108109,0.184185904356223,0.55745316,0.0,0.55745316,0.0,0.184185904356223
2018-12-31 08:00:00,0.6769932432432433,0.1960276120295406,0.42956568,0.0,0.42956568,0.0,0.1960276120295406
2018-12-31 09:00:00,0.7415439189189189,0.1719622131981932,0.75013346,0.0,0.75013346,0.0,0.1719622131981932
2018-12-31 10:00:00,0.7748243243243244,0.1363516473932869,0.085489165,0.0,0.085489165,0.0,0.1363516473932869
2018-12-31 11:00:00,0.7877804054054055,0.1090113585720608,0.14349642,0.0,0.14349642,0.0,0.1090113585720608
2018-12-31 12:00:00,0.7331317567567567,0.0873850243145798,0.24636946,0.0,0.24636946,0.0,0.0873850243145798
2018-12-31 13:00:00,0.7314493243243244,0.0684986882759673,0.50077446,0.0,0.50077446,0.0,0.0684986882759673
2018-12-31 14:00:00,0.7070101351351352,0.0469623080202823,0.6402834,0.0,0.6402834,0.0,0.0469623080202823
2018-12-31 15:00:00,0.6664239864864863,0.0358585475638014,0.84958784,0.0,0.84958784,0.0,0.0358585475638014
2018-12-31 16:00:00,0.704168918918919,0.0372147511355823,0.98276351,0.0,0.98276351,0.0,0.0372147511355823
2018-12-31 17:00:00,0.849587837837838,0.0432159367343637,1.061125,0.0,1.061125,0.0,0.0432159367343637
2018-12-31 18:00:00,0.9827635135135137,0.0570036853578809,1.0589848,0.0,1.0589848,0.0,0.0570036853578809
2018-12-31 19:00:00,1.061125,0.0653197334517908,0.97068074,0.0,0.97068074,0.0,0.0653197334517908
2018-12-31 20:00:00,1.0589847972972972,0.0697503566469382,0.80865709,0.0,0.80865709,0.0,0.0697503566469382
2018-12-31 21:00:00,0.9706807432432432,0.0731448699149376,0.61408615,0.0,0.61408615,0.0,0.0731448699149376
