utility,billing_year,nbt_vintage,service_type,customer_segment,month,day_type,hour_start,component,rate_usd_per_kwh,source_id
PG&E,2026,2024,bundled,all,1,weekday,0,delivery,0.003950,pge_nbt2024
PG&E,2026,2024,bundled,all,1,weekday,1,delivery,0.003950,pge_nbt2024
PG&E,2026,2024,bundled,all,1,weekday,2,delivery,0.003450,pge_nbt2024
PG&E,2026,2024,bundled,all,1,weekday,3,delivery,0.003410,pge_nbt2024
PG&E,2026,2024,bundled,all,1,weekday,4,delivery,0.003470,pge_nbt2024
PG&E,2026,2024,bundled,all,1,weekday,5,delivery,0.003530,pge_nbt2024
PG&E,2026,2024,bundled,all,1,weekday,6,delivery,0.003810,pge_nbt2024
PG&E,2026,2024,bundled,all,1,weekday,7,delivery,0.004430,pge_nbt2024
PG&E,2026,2024,bundled,all,1,weekday,8,delivery,0.004350,pge_nbt2024
PG&E,2026,2024,bundled,all,1,weekday,9,delivery,0.004210,pge_nbt2024
PG&E,2026,2024,bundled,all,1,weekday,10,delivery,0.004120,pge_nbt2024
PG&E,2026,2024,bundled,all,1,weekday,11,delivery,0.003820,pge_nbt2024
PG&E,2026,2024,bundled,all,1,weekday,12,delivery,0.003940,pge_nbt2024
PG&E,2026,2024,bundled,all,1,weekday,13,delivery,0.003780,pge_nbt2024
PG&E,2026,2024,bundled,all,1,weekday,14,delivery,0.003820,pge_nbt2024
PG&E,2026,2024,bundled,all,1,weekday,15,delivery,0.003910,pge_nbt2024
PG&E,2026,2024,bundled,all,1,weekday,16,delivery,0.004530,pge_nbt2024
PG&E,2026,2024,bundled,all,1,weekday,17,delivery,0.005150,pge_nbt2024
PG&E,2026,2024,bundled,all,1,weekday,18,delivery,0.006050,pge_nbt2024
PG&E,2026,2024,bundled,all,1,weekday,19,delivery,0.006000,pge_nbt2024
PG&E,2026,2024,bundled,all,1,weekday,20,delivery,0.005340,pge_nbt2024
PG&E,2026,2024,bundled,all,1,weekday,21,delivery,0.004720,pge_nbt2024
PG&E,2026,2024,bundled,all,1,weekday,22,delivery,0.003710,pge_nbt2024
PG&E,2026,2024,bundled,all,1,weekday,23,delivery,0.003560,pge_nbt2024
PG&E,2026,2024,bundled,all,1,weekend_holiday,0,delivery,0.003400,pge_nbt2024
PG&E,2026,2024,bundled,all,1,weekend_holiday,1,delivery,0.003290,pge_nbt2024
PG&E,2026,2024,bundled,all,1,weekend_holiday,2,delivery,0.003330,pge_nbt2024
PG&E,2026,2024,bundled,all,1,weekend_holiday,3,delivery,0.003240,pge_nbt2024
PG&E,2026,2024,bundled,all,1,weekend_holiday,4,delivery,0.003210,pge_nbt2024
PG&E,2026,2024,bundled,all,1,weekend_holiday,5,delivery,0.003010,pge_nbt2024
PG&E,2026,2024,bundled,all,1,weekend_holiday,6,delivery,0.003120,pge_nbt2024
PG&E,2026,2024,bundled,all,1,weekend_holiday,7,delivery,0.003240,pge_nbt2024
PG&E,2026,2024,bundled,all,1,weekend_holiday,8,delivery,0.002900,pge_nbt2024
PG&E,2026,2024,bundled,all,1,weekend_holiday,9,delivery,0.002800,pge_nbt2024
PG&E,2026,2024,bundled,all,1,weekend_holiday,10,delivery,0.002770,pge_nbt2024
PG&E,2026,2024,bundled,all,1,weekend_holiday,11,delivery,0.002600,pge_nbt2024
PG&E,2026,2024,bundled,all,1,weekend_holiday,12,delivery,0.002560,pge_nbt2024
PG&E,2026,2024,bundled,all,1,weekend_holiday,13,delivery,0.002470,pge_nbt2024
PG&E,2026,2024,bundled,all,1,weekend_holiday,14,delivery,0.002880,pge_nbt2024
PG&E,2026,2024,bundled,all,1,weekend_holiday,15,delivery,0.002830,pge_nbt2024
PG&E,2026,2024,bundled,all,1,weekend_holiday,16,delivery,0.003950,pge_nbt2024
PG&E,2026,2024,bundled,all,1,weekend_holiday,17,delivery,0.005070,pge_nbt2024
PG&E,2026,2024,bundled,all,1,weekend_holiday,18,delivery,0.005900,pge_nbt2024
PG&E,2026,2024,bundled,all,1,weekend_holiday,19,delivery,0.005570,pge_nbt2024
PG&E,2026,2024,bundled,all,1,weekend_holiday,20,delivery,0.005130,pge_nbt2024
PG&E,2026,2024,bundled,all,1,weekend_holiday,21,delivery,0.004470,pge_nbt2024
PG&E,2026,2024,bundled,all,1,weekend_holiday,22,delivery,0.003680,pge_nbt2024
PG&E,2026,2024,bundled,all,1,weekend_holiday,23,delivery,0.003500,pge_nbt2024
PG&E,2026,2024,bundled,all,2,weekday,0,delivery,0.003640,pge_nbt2024
PG&E,2026,2024,bundled,all,2,weekday,1,delivery,0.003610,pge_nbt2024
PG&E,2026,2024,bundled,all,2,weekday,2,delivery,0.003550,pge_nbt2024
PG&E,2026,2024,bundled,all,2,weekday,3,delivery,0.003530,pge_nbt2024
PG&E,2026,2024,bundled,all,2,weekday,4,delivery,0.003600,pge_nbt2024
PG&E,2026,2024,bundled,all,2,weekday,5,delivery,0.003680,pge_nbt2024
PG&E,2026,2024,bundled,all,2,weekday,6,delivery,0.004060,pge_nbt2024
PG&E,2026,2024,bundled,all,2,weekday,7,delivery,0.004680,pge_nbt2024
PG&E,2026,2024,bundled,all,2,weekday,8,delivery,0.003990,pge_nbt2024
PG&E,2026,2024,bundled,all,2,weekday,9,delivery,0.003560,pge_nbt2024
PG&E,2026,2024,bundled,all,2,weekday,10,delivery,0.003270,pge_nbt2024
PG&E,2026,2024,bundled,all,2,weekday,11,delivery,0.002930,pge_nbt2024
PG&E,2026,2024,bundled,all,2,weekday,12,delivery,0.002790,pge_nbt2024
PG&E,2026,2024,bundled,all,2,weekday,13,delivery,0.002650,pge_nbt2024
PG&E,2026,2024,bundled,all,2,weekday,14,delivery,0.003230,pge_nbt2024
PG&E,2026,2024,bundled,all,2,weekday,15,delivery,0.003130,pge_nbt2024
PG&E,2026,2024,bundled,all,2,weekday,16,delivery,0.004510,pge_nbt2024
PG&E,2026,2024,bundled,all,2,weekday,17,delivery,0.005350,pge_nbt2024
PG&E,2026,2024,bundled,all,2,weekday,18,delivery,0.006080,pge_nbt2024
PG&E,2026,2024,bundled,all,2,weekday,19,delivery,0.006090,pge_nbt2024
PG&E,2026,2024,bundled,all,2,weekday,20,delivery,0.005470,pge_nbt2024
PG&E,2026,2024,bundled,all,2,weekday,21,delivery,0.005160,pge_nbt2024
PG&E,2026,2024,bundled,all,2,weekday,22,delivery,0.004040,pge_nbt2024
PG&E,2026,2024,bundled,all,2,weekday,23,delivery,0.003750,pge_nbt2024
PG&E,2026,2024,bundled,all,2,weekend_holiday,0,delivery,0.003540,pge_nbt2024
PG&E,2026,2024,bundled,all,2,weekend_holiday,1,delivery,0.003520,pge_nbt2024
PG&E,2026,2024,bundled,all,2,weekend_holiday,2,delivery,0.003420,pge_nbt2024
PG&E,2026,2024,bundled,all,2,weekend_holiday,3,delivery,0.003380,pge_nbt2024
PG&E,2026,2024,bundled,all,2,weekend_holiday,4,delivery,0.003400,pge_nbt2024
PG&E,2026,2024,bundled,all,2,weekend_holiday,5,delivery,0.003460,pge_nbt2024
PG&E,2026,2024,bundled,all,2,weekend_holiday,6,delivery,0.003820,pge_nbt2024
PG&E,2026,2024,bundled,all,2,weekend_holiday,7,delivery,0.003020,pge_nbt2024
PG&E,2026,2024,bundled,all,2,weekend_holiday,8,delivery,0.001450,pge_nbt2024
PG&E,2026,2024,bundled,all,2,weekend_holiday,9,delivery,0.001240,pge_nbt2024
PG&E,2026,2024,bundled,all,2,weekend_holiday,10,delivery,0.001170,pge_nbt2024
PG&E,2026,2024,bundled,all,2,weekend_holiday,11,delivery,0.001070,pge_nbt2024
PG&E,2026,2024,bundled,all,2,weekend_holiday,12,delivery,0.001040,pge_nbt2024
PG&E,2026,2024,bundled,all,2,weekend_holiday,13,delivery,0.001070,pge_nbt2024
PG&E,2026,2024,bundled,all,2,weekend_holiday,14,delivery,0.001220,pge_nbt2024
PG&E,2026,2024,bundled,all,2,weekend_holiday,15,delivery,0.001060,pge_nbt2024
PG&E,2026,2024,bundled,all,2,weekend_holiday,16,delivery,0.003900,pge_nbt2024
PG&E,2026,2024,bundled,all,2,weekend_holiday,17,delivery,0.005500,pge_nbt2024
PG&E,2026,2024,bundled,all,2,weekend_holiday,18,delivery,0.006640,pge_nbt2024
PG&E,2026,2024,bundled,all,2,weekend_holiday,19,delivery,0.006470,pge_nbt2024
PG&E,2026,2024,bundled,all,2,weekend_holiday,20,delivery,0.005880,pge_nbt2024
PG&E,2026,2024,bundled,all,2,weekend_holiday,21,delivery,0.005190,pge_nbt2024
PG&E,2026,2024,bundled,all,2,weekend_holiday,22,delivery,0.003940,pge_nbt2024
PG&E,2026,2024,bundled,all,2,weekend_holiday,23,delivery,0.004050,pge_nbt2024
PG&E,2026,2024,bundled,all,3,weekday,0,delivery,0.003440,pge_nbt2024
PG&E,2026,2024,bundled,all,3,weekday,1,delivery,0.003100,pge_nbt2024
PG&E,2026,2024,bundled,all,3,weekday,2,delivery,0.003300,pge_nbt2024
PG&E,2026,2024,bundled,all,3,weekday,3,delivery,0.003230,pge_nbt2024
PG&E,2026,2024,bundled,all,3,weekday,4,delivery,0.003250,pge_nbt2024
PG&E,2026,2024,bundled,all,3,weekday,5,delivery,0.003580,pge_nbt2024
PG&E,2026,2024,bundled,all,3,weekday,6,delivery,0.004080,pge_nbt2024
PG&E,2026,2024,bundled,all,3,weekday,7,delivery,0.003870,pge_nbt2024
PG&E,2026,2024,bundled,all,3,weekday,8,delivery,0.003390,pge_nbt2024
PG&E,2026,2024,bundled,all,3,weekday,9,delivery,0.003760,pge_nbt2024
PG&E,2026,2024,bundled,all,3,weekday,10,delivery,0.002390,pge_nbt2024
PG&E,2026,2024,bundled,all,3,weekday,11,delivery,0.002230,pge_nbt2024
PG&E,2026,2024,bundled,all,3,weekday,12,delivery,0.002080,pge_nbt2024
PG&E,2026,2024,bundled,all,3,weekday,13,delivery,0.001990,pge_nbt2024
PG&E,2026,2024,bundled,all,3,weekday,14,delivery,0.002140,pge_nbt2024
PG&E,2026,2024,bundled,all,3,weekday,15,delivery,0.002290,pge_nbt2024
PG&E,2026,2024,bundled,all,3,weekday,16,delivery,0.002710,pge_nbt2024
PG&E,2026,2024,bundled,all,3,weekday,17,delivery,0.003940,pge_nbt2024
PG&E,2026,2024,bundled,all,3,weekday,18,delivery,0.005080,pge_nbt2024
PG&E,2026,2024,bundled,all,3,weekday,19,delivery,0.005290,pge_nbt2024
PG&E,2026,2024,bundled,all,3,weekday,20,delivery,0.005430,pge_nbt2024
PG&E,2026,2024,bundled,all,3,weekday,21,delivery,0.005810,pge_nbt2024
PG&E,2026,2024,bundled,all,3,weekday,22,delivery,0.005130,pge_nbt2024
PG&E,2026,2024,bundled,all,3,weekday,23,delivery,0.003580,pge_nbt2024
PG&E,2026,2024,bundled,all,3,weekend_holiday,0,delivery,0.003120,pge_nbt2024
PG&E,2026,2024,bundled,all,3,weekend_holiday,1,delivery,0.003640,pge_nbt2024
PG&E,2026,2024,bundled,all,3,weekend_holiday,2,delivery,0.003430,pge_nbt2024
PG&E,2026,2024,bundled,all,3,weekend_holiday,3,delivery,0.003140,pge_nbt2024
PG&E,2026,2024,bundled,all,3,weekend_holiday,4,delivery,0.003720,pge_nbt2024
PG&E,2026,2024,bundled,all,3,weekend_holiday,5,delivery,0.002940,pge_nbt2024
PG&E,2026,2024,bundled,all,3,weekend_holiday,6,delivery,0.003710,pge_nbt2024
PG&E,2026,2024,bundled,all,3,weekend_holiday,7,delivery,0.001930,pge_nbt2024
PG&E,2026,2024,bundled,all,3,weekend_holiday,8,delivery,0.000820,pge_nbt2024
PG&E,2026,2024,bundled,all,3,weekend_holiday,9,delivery,0.000000,pge_nbt2024
PG&E,2026,2024,bundled,all,3,weekend_holiday,10,delivery,0.000050,pge_nbt2024
PG&E,2026,2024,bundled,all,3,weekend_holiday,11,delivery,0.000000,pge_nbt2024
PG&E,2026,2024,bundled,all,3,weekend_holiday,12,delivery,0.000000,pge_nbt2024
PG&E,2026,2024,bundled,all,3,weekend_holiday,13,delivery,0.000000,pge_nbt2024
PG&E,2026,2024,bundled,all,3,weekend_holiday,14,delivery,0.000000,pge_nbt2024
PG&E,2026,2024,bundled,all,3,weekend_holiday,15,delivery,0.000000,pge_nbt2024
PG&E,2026,2024,bundled,all,3,weekend_holiday,16,delivery,0.000000,pge_nbt2024
PG&E,2026,2024,bundled,all,3,weekend_holiday,17,delivery,0.002860,pge_nbt2024
PG&E,2026,2024,bundled,all,3,weekend_holiday,18,delivery,0.005570,pge_nbt2024
PG&E,2026,2024,bundled,all,3,weekend_holiday,19,delivery,0.005750,pge_nbt2024
PG&E,2026,2024,bundled,all,3,weekend_holiday,20,delivery,0.005870,pge_nbt2024
PG&E,2026,2024,bundled,all,3,weekend_holiday,21,delivery,0.006070,pge_nbt2024
PG&E,2026,2024,bundled,all,3,weekend_holiday,22,delivery,0.005220,pge_nbt2024
PG&E,2026,2024,bundled,all,3,weekend_holiday,23,delivery,0.004550,pge_nbt2024
PG&E,2026,2024,bundled,all,4,weekday,0,delivery,0.004150,pge_nbt2024
PG&E,2026,2024,bundled,all,4,weekday,1,delivery,0.003520,pge_nbt2024
PG&E,2026,2024,bundled,all,4,weekday,2,delivery,0.003210,pge_nbt2024
PG&E,2026,2024,bundled,all,4,weekday,3,delivery,0.003090,pge_nbt2024
PG&E,2026,2024,bundled,all,4,weekday,4,delivery,0.003220,pge_nbt2024
PG&E,2026,2024,bundled,all,4,weekday,5,delivery,0.003530,pge_nbt2024
PG&E,2026,2024,bundled,all,4,weekday,6,delivery,0.003820,pge_nbt2024
PG&E,2026,2024,bundled,all,4,weekday,7,delivery,0.002870,pge_nbt2024
PG&E,2026,2024,bundled,all,4,weekday,8,delivery,0.000000,pge_nbt2024
PG&E,2026,2024,bundled,all,4,weekday,9,delivery,0.000000,pge_nbt2024
PG&E,2026,2024,bundled,all,4,weekday,10,delivery,0.000000,pge_nbt2024
PG&E,2026,2024,bundled,all,4,weekday,11,delivery,0.000000,pge_nbt2024
PG&E,2026,2024,bundled,all,4,weekday,12,delivery,0.000000,pge_nbt2024
PG&E,2026,2024,bundled,all,4,weekday,13,delivery,0.000000,pge_nbt2024
PG&E,2026,2024,bundled,all,4,weekday,14,delivery,0.000000,pge_nbt2024
PG&E,2026,2024,bundled,all,4,weekday,15,delivery,0.000000,pge_nbt2024
PG&E,2026,2024,bundled,all,4,weekday,16,delivery,0.000000,pge_nbt2024
PG&E,2026,2024,bundled,all,4,weekday,17,delivery,0.001300,pge_nbt2024
PG&E,2026,2024,bundled,all,4,weekday,18,delivery,0.004910,pge_nbt2024
PG&E,2026,2024,bundled,all,4,weekday,19,delivery,0.004600,pge_nbt2024
PG&E,2026,2024,bundled,all,4,weekday,20,delivery,0.004470,pge_nbt2024
PG&E,2026,2024,bundled,all,4,weekday,21,delivery,0.005070,pge_nbt2024
PG&E,2026,2024,bundled,all,4,weekday,22,delivery,0.004810,pge_nbt2024
PG&E,2026,2024,bundled,all,4,weekday,23,delivery,0.003890,pge_nbt2024
PG&E,2026,2024,bundled,all,4,weekend_holiday,0,delivery,0.003380,pge_nbt2024
PG&E,2026,2024,bundled,all,4,weekend_holiday,1,delivery,0.003020,pge_nbt2024
PG&E,2026,2024,bundled,all,4,weekend_holiday,2,delivery,0.002250,pge_nbt2024
PG&E,2026,2024,bundled,all,4,weekend_holiday,3,delivery,0.001920,pge_nbt2024
PG&E,2026,2024,bundled,all,4,weekend_holiday,4,delivery,0.001930,pge_nbt2024
PG&E,2026,2024,bundled,all,4,weekend_holiday,5,delivery,0.002480,pge_nbt2024
PG&E,2026,2024,bundled,all,4,weekend_holiday,6,delivery,0.003350,pge_nbt2024
PG&E,2026,2024,bundled,all,4,weekend_holiday,7,delivery,0.000560,pge_nbt2024
PG&E,2026,2024,bundled,all,4,weekend_holiday,8,delivery,0.000000,pge_nbt2024
PG&E,2026,2024,bundled,all,4,weekend_holiday,9,delivery,0.000000,pge_nbt2024
PG&E,2026,2024,bundled,all,4,weekend_holiday,10,delivery,0.000000,pge_nbt2024
PG&E,2026,2024,bundled,all,4,weekend_holiday,11,delivery,0.000000,pge_nbt2024
PG&E,2026,2024,bundled,all,4,weekend_holiday,12,delivery,0.000000,pge_nbt2024
PG&E,2026,2024,bundled,all,4,weekend_holiday,13,delivery,0.000000,pge_nbt2024
PG&E,2026,2024,bundled,all,4,weekend_holiday,14,delivery,0.000000,pge_nbt2024
PG&E,2026,2024,bundled,all,4,weekend_holiday,15,delivery,0.000000,pge_nbt2024
PG&E,2026,2024,bundled,all,4,weekend_holiday,16,delivery,0.000000,pge_nbt2024
PG&E,2026,2024,bundled,all,4,weekend_holiday,17,delivery,0.000000,pge_nbt2024
PG&E,2026,2024,bundled,all,4,weekend_holiday,18,delivery,0.005050,pge_nbt2024
PG&E,2026,2024,bundled,all,4,weekend_holiday,19,delivery,0.003850,pge_nbt2024
PG&E,2026,2024,bundled,all,4,weekend_holiday,20,delivery,0.003780,pge_nbt2024
PG&E,2026,2024,bundled,all,4,weekend_holiday,21,delivery,0.004480,pge_nbt2024
PG&E,2026,2024,bundled,all,4,weekend_holiday,22,delivery,0.004480,pge_nbt2024
PG&E,2026,2024,bundled,all,4,weekend_holiday,23,delivery,0.004300,pge_nbt2024
PG&E,2026,2024,bundled,all,5,weekday,0,delivery,0.004230,pge_nbt2024
PG&E,2026,2024,bundled,all,5,weekday,1,delivery,0.003760,pge_nbt2024
PG&E,2026,2024,bundled,all,5,weekday,2,delivery,0.003680,pge_nbt2024
PG&E,2026,2024,bundled,all,5,weekday,3,delivery,0.003640,pge_nbt2024
PG&E,2026,2024,bundled,all,5,weekday,4,delivery,0.003750,pge_nbt2024
PG&E,2026,2024,bundled,all,5,weekday,5,delivery,0.004050,pge_nbt2024
PG&E,2026,2024,bundled,all,5,weekday,6,delivery,0.004250,pge_nbt2024
PG&E,2026,2024,bundled,all,5,weekday,7,delivery,0.002660,pge_nbt2024
PG&E,2026,2024,bundled,all,5,weekday,8,delivery,0.001450,pge_nbt2024
PG&E,2026,2024,bundled,all,5,weekday,9,delivery,0.001970,pge_nbt2024
PG&E,2026,2024,bundled,all,5,weekday,10,delivery,0.001690,pge_nbt2024
PG&E,2026,2024,bundled,all,5,weekday,11,delivery,0.001290,pge_nbt2024
PG&E,2026,2024,bundled,all,5,weekday,12,delivery,0.001170,pge_nbt2024
PG&E,2026,2024,bundled,all,5,weekday,13,delivery,0.001090,pge_nbt2024
PG&E,2026,2024,bundled,all,5,weekday,14,delivery,0.001320,pge_nbt2024
PG&E,2026,2024,bundled,all,5,weekday,15,delivery,0.001310,pge_nbt2024
PG&E,2026,2024,bundled,all,5,weekday,16,delivery,0.001580,pge_nbt2024
PG&E,2026,2024,bundled,all,5,weekday,17,delivery,0.002870,pge_nbt2024
PG&E,2026,2024,bundled,all,5,weekday,18,delivery,0.004640,pge_nbt2024
PG&E,2026,2024,bundled,all,5,weekday,19,delivery,0.004530,pge_nbt2024
PG&E,2026,2024,bundled,all,5,weekday,20,delivery,0.004530,pge_nbt2024
PG&E,2026,2024,bundled,all,5,weekday,21,delivery,0.005040,pge_nbt2024
PG&E,2026,2024,bundled,all,5,weekday,22,delivery,0.004870,pge_nbt2024
PG&E,2026,2024,bundled,all,5,weekday,23,delivery,0.004190,pge_nbt2024
PG&E,2026,2024,bundled,all,5,weekend_holiday,0,delivery,0.003980,pge_nbt2024
PG&E,2026,2024,bundled,all,5,weekend_holiday,1,delivery,0.003650,pge_nbt2024
PG&E,2026,2024,bundled,all,5,weekend_holiday,2,delivery,0.003510,pge_nbt2024
PG&E,2026,2024,bundled,all,5,weekend_holiday,3,delivery,0.003360,pge_nbt2024
PG&E,2026,2024,bundled,all,5,weekend_holiday,4,delivery,0.003530,pge_nbt2024
PG&E,2026,2024,bundled,all,5,weekend_holiday,5,delivery,0.003610,pge_nbt2024
PG&E,2026,2024,bundled,all,5,weekend_holiday,6,delivery,0.002850,pge_nbt2024
PG&E,2026,2024,bundled,all,5,weekend_holiday,7,delivery,0.000000,pge_nbt2024
PG&E,2026,2024,bundled,all,5,weekend_holiday,8,delivery,0.000000,pge_nbt2024
PG&E,2026,2024,bundled,all,5,weekend_holiday,9,delivery,0.000000,pge_nbt2024
PG&E,2026,2024,bundled,all,5,weekend_holiday,10,delivery,0.000000,pge_nbt2024
PG&E,2026,2024,bundled,all,5,weekend_holiday,11,delivery,0.000000,pge_nbt2024
PG&E,2026,2024,bundled,all,5,weekend_holiday,12,delivery,0.000000,pge_nbt2024
PG&E,2026,2024,bundled,all,5,weekend_holiday,13,delivery,0.000000,pge_nbt2024
PG&E,2026,2024,bundled,all,5,weekend_holiday,14,delivery,0.000000,pge_nbt2024
PG&E,2026,2024,bundled,all,5,weekend_holiday,15,delivery,0.000000,pge_nbt2024
PG&E,2026,2024,bundled,all,5,weekend_holiday,16,delivery,0.000000,pge_nbt2024
PG&E,2026,2024,bundled,all,5,weekend_holiday,17,delivery,0.000000,pge_nbt2024
PG&E,2026,2024,bundled,all,5,weekend_holiday,18,delivery,0.004010,pge_nbt2024
PG&E,2026,2024,bundled,all,5,weekend_holiday,19,delivery,0.004290,pge_nbt2024
PG&E,2026,2024,bundled,all,5,weekend_holiday,20,delivery,0.004340,pge_nbt2024
PG&E,2026,2024,bundled,all,5,weekend_holiday,21,delivery,0.005020,pge_nbt2024
PG&E,2026,2024,bundled,all,5,weekend_holiday,22,delivery,0.005040,pge_nbt2024
PG&E,2026,2024,bundled,all,5,weekend_holiday,23,delivery,0.004210,pge_nbt2024
PG&E,2026,2024,bundled,all,6,weekday,0,delivery,0.003690,pge_nbt2024
PG&E,2026,2024,bundled,all,6,weekday,1,delivery,0.003210,pge_nbt2024
PG&E,2026,2024,bundled,all,6,weekday,2,delivery,0.003220,pge_nbt2024
PG&E,2026,2024,bundled,all,6,weekday,3,delivery,0.003270,pge_nbt2024
PG&E,2026,2024,bundled,all,6,weekday,4,delivery,0.003220,pge_nbt2024
PG&E,2026,2024,bundled,all,6,weekday,5,delivery,0.003330,pge_nbt2024
PG&E,2026,2024,bundled,all,6,weekday,6,delivery,0.003470,pge_nbt2024
PG&E,2026,2024,bundled,all,6,weekday,7,delivery,0.003750,pge_nbt2024
PG&E,2026,2024,bundled,all,6,weekday,8,delivery,0.004500,pge_nbt2024
PG&E,2026,2024,bundled,all,6,weekday,9,delivery,0.005320,pge_nbt2024
PG&E,2026,2024,bundled,all,6,weekday,10,delivery,0.005720,pge_nbt2024
PG&E,2026,2024,bundled,all,6,weekday,11,delivery,0.007100,pge_nbt2024
PG&E,2026,2024,bundled,all,6,weekday,12,delivery,0.008440,pge_nbt2024
PG&E,2026,2024,bundled,all,6,weekday,13,delivery,0.009470,pge_nbt2024
PG&E,2026,2024,bundled,all,6,weekday,14,delivery,0.059570,pge_nbt2024
PG&E,2026,2024,bundled,all,6,weekday,15,delivery,0.113580,pge_nbt2024
PG&E,2026,2024,bundled,all,6,weekday,16,delivery,0.169170,pge_nbt2024
PG&E,2026,2024,bundled,all,6,weekday,17,delivery,0.177600,pge_nbt2024
PG&E,2026,2024,bundled,all,6,weekday,18,delivery,0.232530,pge_nbt2024
PG&E,2026,2024,bundled,all,6,weekday,19,delivery,0.183110,pge_nbt2024
PG&E,2026,2024,bundled,all,6,weekday,20,delivery,0.124490,pge_nbt2024
PG&E,2026,2024,bundled,all,6,weekday,21,delivery,0.018700,pge_nbt2024
PG&E,2026,2024,bundled,all,6,weekday,22,delivery,0.010940,pge_nbt2024
PG&E,2026,2024,bundled,all,6,weekday,23,delivery,0.004820,pge_nbt2024
PG&E,2026,2024,bundled,all,6,weekend_holiday,0,delivery,0.003670,pge_nbt2024
PG&E,2026,2024,bundled,all,6,weekend_holiday,1,delivery,0.003370,pge_nbt2024
PG&E,2026,2024,bundled,all,6,weekend_holiday,2,delivery,0.003440,pge_nbt2024
PG&E,2026,2024,bundled,all,6,weekend_holiday,3,delivery,0.003560,pge_nbt2024
PG&E,2026,2024,bundled,all,6,weekend_holiday,4,delivery,0.003540,pge_nbt2024
PG&E,2026,2024,bundled,all,6,weekend_holiday,5,delivery,0.003540,pge_nbt2024
PG&E,2026,2024,bundled,all,6,weekend_holiday,6,delivery,0.003760,pge_nbt2024
PG&E,2026,2024,bundled,all,6,weekend_holiday,7,delivery,0.002810,pge_nbt2024
PG&E,2026,2024,bundled,all,6,weekend_holiday,8,delivery,0.002350,pge_nbt2024
PG&E,2026,2024,bundled,all,6,weekend_holiday,9,delivery,0.002970,pge_nbt2024
PG&E,2026,2024,bundled,all,6,weekend_holiday,10,delivery,0.003100,pge_nbt2024
PG&E,2026,2024,bundled,all,6,weekend_holiday,11,delivery,0.003390,pge_nbt2024
PG&E,2026,2024,bundled,all,6,weekend_holiday,12,delivery,0.003390,pge_nbt2024
PG&E,2026,2024,bundled,all,6,weekend_holiday,13,delivery,0.003280,pge_nbt2024
PG&E,2026,2024,bundled,all,6,weekend_holiday,14,delivery,0.004520,pge_nbt2024
PG&E,2026,2024,bundled,all,6,weekend_holiday,15,delivery,0.006550,pge_nbt2024
PG&E,2026,2024,bundled,all,6,weekend_holiday,16,delivery,0.010910,pge_nbt2024
PG&E,2026,2024,bundled,all,6,weekend_holiday,17,delivery,0.021450,pge_nbt2024
PG&E,2026,2024,bundled,all,6,weekend_holiday,18,delivery,0.031310,pge_nbt2024
PG&E,2026,2024,bundled,all,6,weekend_holiday,19,delivery,0.033950,pge_nbt2024
PG&E,2026,2024,bundled,all,6,weekend_holiday,20,delivery,0.023640,pge_nbt2024
PG&E,2026,2024,bundled,all,6,weekend_holiday,21,delivery,0.013420,pge_nbt2024
PG&E,2026,2024,bundled,all,6,weekend_holiday,22,delivery,0.008260,pge_nbt2024
PG&E,2026,2024,bundled,all,6,weekend_holiday,23,delivery,0.005240,pge_nbt2024
PG&E,2026,2024,bundled,all,7,weekday,0,delivery,0.003850,pge_nbt2024
PG&E,2026,2024,bundled,all,7,weekday,1,delivery,0.003470,pge_nbt2024
PG&E,2026,2024,bundled,all,7,weekday,2,delivery,0.003430,pge_nbt2024
PG&E,2026,2024,bundled,all,7,weekday,3,delivery,0.003450,pge_nbt2024
PG&E,2026,2024,bundled,all,7,weekday,4,delivery,0.003470,pge_nbt2024
PG&E,2026,2024,bundled,all,7,weekday,5,delivery,0.003480,pge_nbt2024
PG&E,2026,2024,bundled,all,7,weekday,6,delivery,0.003560,pge_nbt2024
PG&E,2026,2024,bundled,all,7,weekday,7,delivery,0.003860,pge_nbt2024
PG&E,2026,2024,bundled,all,7,weekday,8,delivery,0.004700,pge_nbt2024
PG&E,2026,2024,bundled,all,7,weekday,9,delivery,0.005480,pge_nbt2024
PG&E,2026,2024,bundled,all,7,weekday,10,delivery,0.005630,pge_nbt2024
PG&E,2026,2024,bundled,all,7,weekday,11,delivery,0.006270,pge_nbt2024
PG&E,2026,2024,bundled,all,7,weekday,12,delivery,0.006540,pge_nbt2024
PG&E,2026,2024,bundled,all,7,weekday,13,delivery,0.006440,pge_nbt2024
PG&E,2026,2024,bundled,all,7,weekday,14,delivery,0.008410,pge_nbt2024
PG&E,2026,2024,bundled,all,7,weekday,15,delivery,0.011450,pge_nbt2024
PG&E,2026,2024,bundled,all,7,weekday,16,delivery,0.016750,pge_nbt2024
PG&E,2026,2024,bundled,all,7,weekday,17,delivery,0.155720,pge_nbt2024
PG&E,2026,2024,bundled,all,7,weekday,18,delivery,0.160170,pge_nbt2024
PG&E,2026,2024,bundled,all,7,weekday,19,delivery,0.072880,pge_nbt2024
PG&E,2026,2024,bundled,all,7,weekday,20,delivery,0.021980,pge_nbt2024
PG&E,2026,2024,bundled,all,7,weekday,21,delivery,0.014320,pge_nbt2024
PG&E,2026,2024,bundled,all,7,weekday,22,delivery,0.008860,pge_nbt2024
PG&E,2026,2024,bundled,all,7,weekday,23,delivery,0.004480,pge_nbt2024
PG&E,2026,2024,bundled,all,7,weekend_holiday,0,delivery,0.004010,pge_nbt2024
PG&E,2026,2024,bundled,all,7,weekend_holiday,1,delivery,0.003610,pge_nbt2024
PG&E,2026,2024,bundled,all,7,weekend_holiday,2,delivery,0.003560,pge_nbt2024
PG&E,2026,2024,bundled,all,7,weekend_holiday,3,delivery,0.003560,pge_nbt2024
PG&E,2026,2024,bundled,all,7,weekend_holiday,4,delivery,0.003520,pge_nbt2024
PG&E,2026,2024,bundled,all,7,weekend_holiday,5,delivery,0.003510,pge_nbt2024
PG&E,2026,2024,bundled,all,7,weekend_holiday,6,delivery,0.003510,pge_nbt2024
PG&E,2026,2024,bundled,all,7,weekend_holiday,7,delivery,0.002330,pge_nbt2024
PG&E,2026,2024,bundled,all,7,weekend_holiday,8,delivery,0.002620,pge_nbt2024
PG&E,2026,2024,bundled,all,7,weekend_holiday,9,delivery,0.002940,pge_nbt2024
PG&E,2026,2024,bundled,all,7,weekend_holiday,10,delivery,0.002850,pge_nbt2024
PG&E,2026,2024,bundled,all,7,weekend_holiday,11,delivery,0.002590,pge_nbt2024
PG&E,2026,2024,bundled,all,7,weekend_holiday,12,delivery,0.002470,pge_nbt2024
PG&E,2026,2024,bundled,all,7,weekend_holiday,13,delivery,0.002330,pge_nbt2024
PG&E,2026,2024,bundled,all,7,weekend_holiday,14,delivery,0.003190,pge_nbt2024
PG&E,2026,2024,bundled,all,7,weekend_holiday,15,delivery,0.004770,pge_nbt2024
PG&E,2026,2024,bundled,all,7,weekend_holiday,16,delivery,0.008190,pge_nbt2024
PG&E,2026,2024,bundled,all,7,weekend_holiday,17,delivery,0.144320,pge_nbt2024
PG&E,2026,2024,bundled,all,7,weekend_holiday,18,delivery,0.152990,pge_nbt2024
PG&E,2026,2024,bundled,all,7,weekend_holiday,19,delivery,0.028450,pge_nbt2024
PG&E,2026,2024,bundled,all,7,weekend_holiday,20,delivery,0.021210,pge_nbt2024
PG&E,2026,2024,bundled,all,7,weekend_holiday,21,delivery,0.012250,pge_nbt2024
PG&E,2026,2024,bundled,all,7,weekend_holiday,22,delivery,0.007750,pge_nbt2024
PG&E,2026,2024,bundled,all,7,weekend_holiday,23,delivery,0.005160,pge_nbt2024
PG&E,2026,2024,bundled,all,8,weekday,0,delivery,0.004150,pge_nbt2024
PG&E,2026,2024,bundled,all,8,weekday,1,delivery,0.003810,pge_nbt2024
PG&E,2026,2024,bundled,all,8,weekday,2,delivery,0.003760,pge_nbt2024
PG&E,2026,2024,bundled,all,8,weekday,3,delivery,0.003730,pge_nbt2024
PG&E,2026,2024,bundled,all,8,weekday,4,delivery,0.003770,pge_nbt2024
PG&E,2026,2024,bundled,all,8,weekday,5,delivery,0.003900,pge_nbt2024
PG&E,2026,2024,bundled,all,8,weekday,6,delivery,0.003930,pge_nbt2024
PG&E,2026,2024,bundled,all,8,weekday,7,delivery,0.004180,pge_nbt2024
PG&E,2026,2024,bundled,all,8,weekday,8,delivery,0.005230,pge_nbt2024
PG&E,2026,2024,bundled,all,8,weekday,9,delivery,0.006450,pge_nbt2024
PG&E,2026,2024,bundled,all,8,weekday,10,delivery,0.006740,pge_nbt2024
PG&E,2026,2024,bundled,all,8,weekday,11,delivery,0.007370,pge_nbt2024
PG&E,2026,2024,bundled,all,8,weekday,12,delivery,0.008040,pge_nbt2024
PG&E,2026,2024,bundled,all,8,weekday,13,delivery,0.008640,pge_nbt2024
PG&E,2026,2024,bundled,all,8,weekday,14,delivery,0.012120,pge_nbt2024
PG&E,2026,2024,bundled,all,8,weekday,15,delivery,0.065320,pge_nbt2024
PG&E,2026,2024,bundled,all,8,weekday,16,delivery,0.074870,pge_nbt2024
PG&E,2026,2024,bundled,all,8,weekday,17,delivery,0.229520,pge_nbt2024
PG&E,2026,2024,bundled,all,8,weekday,18,delivery,0.332510,pge_nbt2024
PG&E,2026,2024,bundled,all,8,weekday,19,delivery,0.236290,pge_nbt2024
PG&E,2026,2024,bundled,all,8,weekday,20,delivery,0.129910,pge_nbt2024
PG&E,2026,2024,bundled,all,8,weekday,21,delivery,0.067580,pge_nbt2024
PG&E,2026,2024,bundled,all,8,weekday,22,delivery,0.011030,pge_nbt2024
PG&E,2026,2024,bundled,all,8,weekday,23,delivery,0.004920,pge_nbt2024
PG&E,2026,2024,bundled,all,8,weekend_holiday,0,delivery,0.004100,pge_nbt2024
PG&E,2026,2024,bundled,all,8,weekend_holiday,1,delivery,0.003860,pge_nbt2024
PG&E,2026,2024,bundled,all,8,weekend_holiday,2,delivery,0.003630,pge_nbt2024
PG&E,2026,2024,bundled,all,8,weekend_holiday,3,delivery,0.003640,pge_nbt2024
PG&E,2026,2024,bundled,all,8,weekend_holiday,4,delivery,0.003590,pge_nbt2024
PG&E,2026,2024,bundled,all,8,weekend_holiday,5,delivery,0.003560,pge_nbt2024
PG&E,2026,2024,bundled,all,8,weekend_holiday,6,delivery,0.004810,pge_nbt2024
PG&E,2026,2024,bundled,all,8,weekend_holiday,7,delivery,0.007800,pge_nbt2024
PG&E,2026,2024,bundled,all,8,weekend_holiday,8,delivery,0.007150,pge_nbt2024
PG&E,2026,2024,bundled,all,8,weekend_holiday,9,delivery,0.004860,pge_nbt2024
PG&E,2026,2024,bundled,all,8,weekend_holiday,10,delivery,0.006610,pge_nbt2024
PG&E,2026,2024,bundled,all,8,weekend_holiday,11,delivery,0.006130,pge_nbt2024
PG&E,2026,2024,bundled,all,8,weekend_holiday,12,delivery,0.006570,pge_nbt2024
PG&E,2026,2024,bundled,all,8,weekend_holiday,13,delivery,0.007230,pge_nbt2024
PG&E,2026,2024,bundled,all,8,weekend_holiday,14,delivery,0.009090,pge_nbt2024
PG&E,2026,2024,bundled,all,8,weekend_holiday,15,delivery,0.011210,pge_nbt2024
PG&E,2026,2024,bundled,all,8,weekend_holiday,16,delivery,0.016190,pge_nbt2024
PG&E,2026,2024,bundled,all,8,weekend_holiday,17,delivery,0.127420,pge_nbt2024
PG&E,2026,2024,bundled,all,8,weekend_holiday,18,delivery,0.143020,pge_nbt2024
PG&E,2026,2024,bundled,all,8,weekend_holiday,19,delivery,0.145310,pge_nbt2024
PG&E,2026,2024,bundled,all,8,weekend_holiday,20,delivery,0.128310,pge_nbt2024
PG&E,2026,2024,bundled,all,8,weekend_holiday,21,delivery,0.016990,pge_nbt2024
PG&E,2026,2024,bundled,all,8,weekend_holiday,22,delivery,0.010180,pge_nbt2024
PG&E,2026,2024,bundled,all,8,weekend_holiday,23,delivery,0.004920,pge_nbt2024
PG&E,2026,2024,bundled,all,9,weekday,0,delivery,0.004120,pge_nbt2024
PG&E,2026,2024,bundled,all,9,weekday,1,delivery,0.003840,pge_nbt2024
PG&E,2026,2024,bundled,all,9,weekday,2,delivery,0.003790,pge_nbt2024
PG&E,2026,2024,bundled,all,9,weekday,3,delivery,0.003750,pge_nbt2024
PG&E,2026,2024,bundled,all,9,weekday,4,delivery,0.003730,pge_nbt2024
PG&E,2026,2024,bundled,all,9,weekday,5,delivery,0.003760,pge_nbt2024
PG&E,2026,2024,bundled,all,9,weekday,6,delivery,0.003940,pge_nbt2024
PG&E,2026,2024,bundled,all,9,weekday,7,delivery,0.004110,pge_nbt2024
PG&E,2026,2024,bundled,all,9,weekday,8,delivery,0.004910,pge_nbt2024
PG&E,2026,2024,bundled,all,9,weekday,9,delivery,0.005080,pge_nbt2024
PG&E,2026,2024,bundled,all,9,weekday,10,delivery,0.005380,pge_nbt2024
PG&E,2026,2024,bundled,all,9,weekday,11,delivery,0.006150,pge_nbt2024
PG&E,2026,2024,bundled,all,9,weekday,12,delivery,0.007240,pge_nbt2024
PG&E,2026,2024,bundled,all,9,weekday,13,delivery,0.008300,pge_nbt2024
PG&E,2026,2024,bundled,all,9,weekday,14,delivery,0.010880,pge_nbt2024
PG&E,2026,2024,bundled,all,9,weekday,15,delivery,0.013680,pge_nbt2024
PG&E,2026,2024,bundled,all,9,weekday,16,delivery,0.065980,pge_nbt2024
PG&E,2026,2024,bundled,all,9,weekday,17,delivery,0.070040,pge_nbt2024
PG&E,2026,2024,bundled,all,9,weekday,18,delivery,0.069450,pge_nbt2024
PG&E,2026,2024,bundled,all,9,weekday,19,delivery,0.066850,pge_nbt2024
PG&E,2026,2024,bundled,all,9,weekday,20,delivery,0.016440,pge_nbt2024
PG&E,2026,2024,bundled,all,9,weekday,21,delivery,0.012570,pge_nbt2024
PG&E,2026,2024,bundled,all,9,weekday,22,delivery,0.007070,pge_nbt2024
PG&E,2026,2024,bundled,all,9,weekday,23,delivery,0.004260,pge_nbt2024
PG&E,2026,2024,bundled,all,9,weekend_holiday,0,delivery,0.003970,pge_nbt2024
PG&E,2026,2024,bundled,all,9,weekend_holiday,1,delivery,0.003900,pge_nbt2024
PG&E,2026,2024,bundled,all,9,weekend_holiday,2,delivery,0.003800,pge_nbt2024
PG&E,2026,2024,bundled,all,9,weekend_holiday,3,delivery,0.003790,pge_nbt2024
PG&E,2026,2024,bundled,all,9,weekend_holiday,4,delivery,0.003700,pge_nbt2024
PG&E,2026,2024,bundled,all,9,weekend_holiday,5,delivery,0.003680,pge_nbt2024
PG&E,2026,2024,bundled,all,9,weekend_holiday,6,delivery,0.003590,pge_nbt2024
PG&E,2026,2024,bundled,all,9,weekend_holiday,7,delivery,0.003460,pge_nbt2024
PG&E,2026,2024,bundled,all,9,weekend_holiday,8,delivery,0.003280,pge_nbt2024
PG&E,2026,2024,bundled,all,9,weekend_holiday,9,delivery,0.003470,pge_nbt2024
PG&E,2026,2024,bundled,all,9,weekend_holiday,10,delivery,0.004020,pge_nbt2024
PG&E,2026,2024,bundled,all,9,weekend_holiday,11,delivery,0.004450,pge_nbt2024
PG&E,2026,2024,bundled,all,9,weekend_holiday,12,delivery,0.004810,pge_nbt2024
PG&E,2026,2024,bundled,all,9,weekend_holiday,13,delivery,0.004950,pge_nbt2024
PG&E,2026,2024,bundled,all,9,weekend_holiday,14,delivery,0.006150,pge_nbt2024
PG&E,2026,2024,bundled,all,9,weekend_holiday,15,delivery,0.008370,pge_nbt2024
PG&E,2026,2024,bundled,all,9,weekend_holiday,16,delivery,0.013420,pge_nbt2024
PG&E,2026,2024,bundled,all,9,weekend_holiday,17,delivery,0.017750,pge_nbt2024
PG&E,2026,2024,bundled,all,9,weekend_holiday,18,delivery,0.019800,pge_nbt2024
PG&E,2026,2024,bundled,all,9,weekend_holiday,19,delivery,0.018170,pge_nbt2024
PG&E,2026,2024,bundled,all,9,weekend_holiday,20,delivery,0.015890,pge_nbt2024
PG&E,2026,2024,bundled,all,9,weekend_holiday,21,delivery,0.011930,pge_nbt2024
PG&E,2026,2024,bundled,all,9,weekend_holiday,22,delivery,0.006510,pge_nbt2024
PG&E,2026,2024,bundled,all,9,weekend_holiday,23,delivery,0.004100,pge_nbt2024
PG&E,2026,2024,bundled,all,10,weekday,0,delivery,0.004300,pge_nbt2024
PG&E,2026,2024,bundled,all,10,weekday,1,delivery,0.003840,pge_nbt2024
PG&E,2026,2024,bundled,all,10,weekday,2,delivery,0.003860,pge_nbt2024
PG&E,2026,2024,bundled,all,10,weekday,3,delivery,0.003820,pge_nbt2024
PG&E,2026,2024,bundled,all,10,weekday,4,delivery,0.003780,pge_nbt2024
PG&E,2026,2024,bundled,all,10,weekday,5,delivery,0.003840,pge_nbt2024
PG&E,2026,2024,bundled,all,10,weekday,6,delivery,0.003930,pge_nbt2024
PG&E,2026,2024,bundled,all,10,weekday,7,delivery,0.004250,pge_nbt2024
PG&E,2026,2024,bundled,all,10,weekday,8,delivery,0.004640,pge_nbt2024
PG&E,2026,2024,bundled,all,10,weekday,9,delivery,0.005050,pge_nbt2024
PG&E,2026,2024,bundled,all,10,weekday,10,delivery,0.005490,pge_nbt2024
PG&E,2026,2024,bundled,all,10,weekday,11,delivery,0.006510,pge_nbt2024
PG&E,2026,2024,bundled,all,10,weekday,12,delivery,0.007670,pge_nbt2024
PG&E,2026,2024,bundled,all,10,weekday,13,delivery,0.008740,pge_nbt2024
PG&E,2026,2024,bundled,all,10,weekday,14,delivery,0.011350,pge_nbt2024
PG&E,2026,2024,bundled,all,10,weekday,15,delivery,0.060960,pge_nbt2024
PG&E,2026,2024,bundled,all,10,weekday,16,delivery,0.067580,pge_nbt2024
PG&E,2026,2024,bundled,all,10,weekday,17,delivery,0.117620,pge_nbt2024
PG&E,2026,2024,bundled,all,10,weekday,18,delivery,0.070680,pge_nbt2024
PG&E,2026,2024,bundled,all,10,weekday,19,delivery,0.071360,pge_nbt2024
PG&E,2026,2024,bundled,all,10,weekday,20,delivery,0.017710,pge_nbt2024
PG&E,2026,2024,bundled,all,10,weekday,21,delivery,0.013680,pge_nbt2024
PG&E,2026,2024,bundled,all,10,weekday,22,delivery,0.007480,pge_nbt2024
PG&E,2026,2024,bundled,all,10,weekday,23,delivery,0.004390,pge_nbt2024
PG&E,2026,2024,bundled,all,10,weekend_holiday,0,delivery,0.003970,pge_nbt2024
PG&E,2026,2024,bundled,all,10,weekend_holiday,1,delivery,0.003800,pge_nbt2024
PG&E,2026,2024,bundled,all,10,weekend_holiday,2,delivery,0.003650,pge_nbt2024
PG&E,2026,2024,bundled,all,10,weekend_holiday,3,delivery,0.003640,pge_nbt2024
PG&E,2026,2024,bundled,all,10,weekend_holiday,4,delivery,0.003530,pge_nbt2024
PG&E,2026,2024,bundled,all,10,weekend_holiday,5,delivery,0.003500,pge_nbt2024
PG&E,2026,2024,bundled,all,10,weekend_holiday,6,delivery,0.003480,pge_nbt2024
PG&E,2026,2024,bundled,all,10,weekend_holiday,7,delivery,0.003210,pge_nbt2024
PG&E,2026,2024,bundled,all,10,weekend_holiday,8,delivery,0.003060,pge_nbt2024
PG&E,2026,2024,bundled,all,10,weekend_holiday,9,delivery,0.003780,pge_nbt2024
PG&E,2026,2024,bundled,all,10,weekend_holiday,10,delivery,0.004680,pge_nbt2024
PG&E,2026,2024,bundled,all,10,weekend_holiday,11,delivery,0.006160,pge_nbt2024
PG&E,2026,2024,bundled,all,10,weekend_holiday,12,delivery,0.008460,pge_nbt2024
PG&E,2026,2024,bundled,all,10,weekend_holiday,13,delivery,0.010810,pge_nbt2024
PG&E,2026,2024,bundled,all,10,weekend_holiday,14,delivery,0.015740,pge_nbt2024
PG&E,2026,2024,bundled,all,10,weekend_holiday,15,delivery,0.025520,pge_nbt2024
PG&E,2026,2024,bundled,all,10,weekend_holiday,16,delivery,0.037480,pge_nbt2024
PG&E,2026,2024,bundled,all,10,weekend_holiday,17,delivery,0.049110,pge_nbt2024
PG&E,2026,2024,bundled,all,10,weekend_holiday,18,delivery,0.166400,pge_nbt2024
PG&E,2026,2024,bundled,all,10,weekend_holiday,19,delivery,0.046680,pge_nbt2024
PG&E,2026,2024,bundled,all,10,weekend_holiday,20,delivery,0.036720,pge_nbt2024
PG&E,2026,2024,bundled,all,10,weekend_holiday,21,delivery,0.027050,pge_nbt2024
PG&E,2026,2024,bundled,all,10,weekend_holiday,22,delivery,0.014100,pge_nbt2024
PG&E,2026,2024,bundled,all,10,weekend_holiday,23,delivery,0.006360,pge_nbt2024
PG&E,2026,2024,bundled,all,11,weekday,0,delivery,0.003680,pge_nbt2024
PG&E,2026,2024,bundled,all,11,weekday,1,delivery,0.007580,pge_nbt2024
PG&E,2026,2024,bundled,all,11,weekday,2,delivery,0.003870,pge_nbt2024
PG&E,2026,2024,bundled,all,11,weekday,3,delivery,0.003620,pge_nbt2024
PG&E,2026,2024,bundled,all,11,weekday,4,delivery,0.003630,pge_nbt2024
PG&E,2026,2024,bundled,all,11,weekday,5,delivery,0.003750,pge_nbt2024
PG&E,2026,2024,bundled,all,11,weekday,6,delivery,0.004080,pge_nbt2024
PG&E,2026,2024,bundled,all,11,weekday,7,delivery,0.004540,pge_nbt2024
PG&E,2026,2024,bundled,all,11,weekday,8,delivery,0.004620,pge_nbt2024
PG&E,2026,2024,bundled,all,11,weekday,9,delivery,0.004520,pge_nbt2024
PG&E,2026,2024,bundled,all,11,weekday,10,delivery,0.004540,pge_nbt2024
PG&E,2026,2024,bundled,all,11,weekday,11,delivery,0.004550,pge_nbt2024
PG&E,2026,2024,bundled,all,11,weekday,12,delivery,0.004560,pge_nbt2024
PG&E,2026,2024,bundled,all,11,weekday,13,delivery,0.005010,pge_nbt2024
PG&E,2026,2024,bundled,all,11,weekday,14,delivery,0.005440,pge_nbt2024
PG&E,2026,2024,bundled,all,11,weekday,15,delivery,0.006440,pge_nbt2024
PG&E,2026,2024,bundled,all,11,weekday,16,delivery,0.007780,pge_nbt2024
PG&E,2026,2024,bundled,all,11,weekday,17,delivery,0.008220,pge_nbt2024
PG&E,2026,2024,bundled,all,11,weekday,18,delivery,0.008350,pge_nbt2024
PG&E,2026,2024,bundled,all,11,weekday,19,delivery,0.008260,pge_nbt2024
PG&E,2026,2024,bundled,all,11,weekday,20,delivery,0.006930,pge_nbt2024
PG&E,2026,2024,bundled,all,11,weekday,21,delivery,0.005230,pge_nbt2024
PG&E,2026,2024,bundled,all,11,weekday,22,delivery,0.003940,pge_nbt2024
PG&E,2026,2024,bundled,all,11,weekday,23,delivery,0.003830,pge_nbt2024
PG&E,2026,2024,bundled,all,11,weekend_holiday,0,delivery,0.003640,pge_nbt2024
PG&E,2026,2024,bundled,all,11,weekend_holiday,1,delivery,0.006750,pge_nbt2024
PG&E,2026,2024,bundled,all,11,weekend_holiday,2,delivery,0.003440,pge_nbt2024
PG&E,2026,2024,bundled,all,11,weekend_holiday,3,delivery,0.003390,pge_nbt2024
PG&E,2026,2024,bundled,all,11,weekend_holiday,4,delivery,0.003310,pge_nbt2024
PG&E,2026,2024,bundled,all,11,weekend_holiday,5,delivery,0.003270,pge_nbt2024
PG&E,2026,2024,bundled,all,11,weekend_holiday,6,delivery,0.003270,pge_nbt2024
PG&E,2026,2024,bundled,all,11,weekend_holiday,7,delivery,0.002590,pge_nbt2024
PG&E,2026,2024,bundled,all,11,weekend_holiday,8,delivery,0.002580,pge_nbt2024
PG&E,2026,2024,bundled,all,11,weekend_holiday,9,delivery,0.002690,pge_nbt2024
PG&E,2026,2024,bundled,all,11,weekend_holiday,10,delivery,0.002740,pge_nbt2024
PG&E,2026,2024,bundled,all,11,weekend_holiday,11,delivery,0.002670,pge_nbt2024
PG&E,2026,2024,bundled,all,11,weekend_holiday,12,delivery,0.002730,pge_nbt2024
PG&E,2026,2024,bundled,all,11,weekend_holiday,13,delivery,0.002800,pge_nbt2024
PG&E,2026,2024,bundled,all,11,weekend_holiday,14,delivery,0.003130,pge_nbt2024
PG&E,2026,2024,bundled,all,11,weekend_holiday,15,delivery,0.003820,pge_nbt2024
PG&E,2026,2024,bundled,all,11,weekend_holiday,16,delivery,0.005530,pge_nbt2024
PG&E,2026,2024,bundled,all,11,weekend_holiday,17,delivery,0.006550,pge_nbt2024
PG&E,2026,2024,bundled,all,11,weekend_holiday,18,delivery,0.007290,pge_nbt2024
PG&E,2026,2024,bundled,all,11,weekend_holiday,19,delivery,0.008850,pge_nbt2024
PG&E,2026,2024,bundled,all,11,weekend_holiday,20,delivery,0.008020,pge_nbt2024
PG&E,2026,2024,bundled,all,11,weekend_holiday,21,delivery,0.005720,pge_nbt2024
PG&E,2026,2024,bundled,all,11,weekend_holiday,22,delivery,0.004260,pge_nbt2024
PG&E,2026,2024,bundled,all,11,weekend_holiday,23,delivery,0.004080,pge_nbt2024
PG&E,2026,2024,bundled,all,12,weekday,0,delivery,0.003670,pge_nbt2024
PG&E,2026,2024,bundled,all,12,weekday,1,delivery,0.003660,pge_nbt2024
PG&E,2026,2024,bundled,all,12,weekday,2,delivery,0.003610,pge_nbt2024
PG&E,2026,2024,bundled,all,12,weekday,3,delivery,0.003560,pge_nbt2024
PG&E,2026,2024,bundled,all,12,weekday,4,delivery,0.003650,pge_nbt2024
PG&E,2026,2024,bundled,all,12,weekday,5,delivery,0.003730,pge_nbt2024
PG&E,2026,2024,bundled,all,12,weekday,6,delivery,0.003990,pge_nbt2024
PG&E,2026,2024,bundled,all,12,weekday,7,delivery,0.004320,pge_nbt2024
PG&E,2026,2024,bundled,all,12,weekday,8,delivery,0.004510,pge_nbt2024
PG&E,2026,2024,bundled,all,12,weekday,9,delivery,0.004480,pge_nbt2024
PG&E,2026,2024,bundled,all,12,weekday,10,delivery,0.004380,pge_nbt2024
PG&E,2026,2024,bundled,all,12,weekday,11,delivery,0.004180,pge_nbt2024
PG&E,2026,2024,bundled,all,12,weekday,12,delivery,0.004130,pge_nbt2024
PG&E,2026,2024,bundled,all,12,weekday,13,delivery,0.003990,pge_nbt2024
PG&E,2026,2024,bundled,all,12,weekday,14,delivery,0.004050,pge_nbt2024
PG&E,2026,2024,bundled,all,12,weekday,15,delivery,0.004150,pge_nbt2024
PG&E,2026,2024,bundled,all,12,weekday,16,delivery,0.004760,pge_nbt2024
PG&E,2026,2024,bundled,all,12,weekday,17,delivery,0.005420,pge_nbt2024
PG&E,2026,2024,bundled,all,12,weekday,18,delivery,0.006510,pge_nbt2024
PG&E,2026,2024,bundled,all,12,weekday,19,delivery,0.006520,pge_nbt2024
PG&E,2026,2024,bundled,all,12,weekday,20,delivery,0.005940,pge_nbt2024
PG&E,2026,2024,bundled,all,12,weekday,21,delivery,0.004960,pge_nbt2024
PG&E,2026,2024,bundled,all,12,weekday,22,delivery,0.003880,pge_nbt2024
PG&E,2026,2024,bundled,all,12,weekday,23,delivery,0.003800,pge_nbt2024
PG&E,2026,2024,bundled,all,12,weekend_holiday,0,delivery,0.003780,pge_nbt2024
PG&E,2026,2024,bundled,all,12,weekend_holiday,1,delivery,0.003730,pge_nbt2024
PG&E,2026,2024,bundled,all,12,weekend_holiday,2,delivery,0.003720,pge_nbt2024
PG&E,2026,2024,bundled,all,12,weekend_holiday,3,delivery,0.003700,pge_nbt2024
PG&E,2026,2024,bundled,all,12,weekend_holiday,4,delivery,0.003670,pge_nbt2024
PG&E,2026,2024,bundled,all,12,weekend_holiday,5,delivery,0.003670,pge_nbt2024
PG&E,2026,2024,bundled,all,12,weekend_holiday,6,delivery,0.003700,pge_nbt2024
PG&E,2026,2024,bundled,all,12,weekend_holiday,7,delivery,0.003700,pge_nbt2024
PG&E,2026,2024,bundled,all,12,weekend_holiday,8,delivery,0.003530,pge_nbt2024
PG&E,2026,2024,bundled,all,12,weekend_holiday,9,delivery,0.003460,pge_nbt2024
PG&E,2026,2024,bundled,all,12,weekend_holiday,10,delivery,0.003480,pge_nbt2024
PG&E,2026,2024,bundled,all,12,weekend_holiday,11,delivery,0.003380,pge_nbt2024
PG&E,2026,2024,bundled,all,12,weekend_holiday,12,delivery,0.003190,pge_nbt2024
PG&E,2026,2024,bundled,all,12,weekend_holiday,13,delivery,0.003160,pge_nbt2024
PG&E,2026,2024,bundled,all,12,weekend_holiday,14,delivery,0.003170,pge_nbt2024
PG&E,2026,2024,bundled,all,12,weekend_holiday,15,delivery,0.003270,pge_nbt2024
PG&E,2026,2024,bundled,all,12,weekend_holiday,16,delivery,0.003980,pge_nbt2024
PG&E,2026,2024,bundled,all,12,weekend_holiday,17,delivery,0.004920,pge_nbt2024
PG&E,2026,2024,bundled,all,12,weekend_holiday,18,delivery,0.005990,pge_nbt2024
PG&E,2026,2024,bundled,all,12,weekend_holiday,19,delivery,0.005920,pge_nbt2024
PG&E,2026,2024,bundled,all,12,weekend_holiday,20,delivery,0.005200,pge_nbt2024
PG&E,2026,2024,bundled,all,12,weekend_holiday,21,delivery,0.004310,pge_nbt2024
PG&E,2026,2024,bundled,all,12,weekend_holiday,22,delivery,0.003880,pge_nbt2024
PG&E,2026,2024,bundled,all,12,weekend_holiday,23,delivery,0.003910,pge_nbt2024
PG&E,2026,2024,bundled,all,1,weekday,0,generation,0.055550,pge_nbt2024
PG&E,2026,2024,bundled,all,1,weekday,1,generation,0.055850,pge_nbt2024
PG&E,2026,2024,bundled,all,1,weekday,2,generation,0.055140,pge_nbt2024
PG&E,2026,2024,bundled,all,1,weekday,3,generation,0.054760,pge_nbt2024
PG&E,2026,2024,bundled,all,1,weekday,4,generation,0.055270,pge_nbt2024
PG&E,2026,2024,bundled,all,1,weekday,5,generation,0.055920,pge_nbt2024
PG&E,2026,2024,bundled,all,1,weekday,6,generation,0.058250,pge_nbt2024
PG&E,2026,2024,bundled,all,1,weekday,7,generation,0.059420,pge_nbt2024
PG&E,2026,2024,bundled,all,1,weekday,8,generation,0.058840,pge_nbt2024
PG&E,2026,2024,bundled,all,1,weekday,9,generation,0.059650,pge_nbt2024
PG&E,2026,2024,bundled,all,1,weekday,10,generation,0.058240,pge_nbt2024
PG&E,2026,2024,bundled,all,1,weekday,11,generation,0.057190,pge_nbt2024
PG&E,2026,2024,bundled,all,1,weekday,12,generation,0.056870,pge_nbt2024
PG&E,2026,2024,bundled,all,1,weekday,13,generation,0.056240,pge_nbt2024
PG&E,2026,2024,bundled,all,1,weekday,14,generation,0.056320,pge_nbt2024
PG&E,2026,2024,bundled,all,1,weekday,15,generation,0.057510,pge_nbt2024
PG&E,2026,2024,bundled,all,1,weekday,16,generation,0.062720,pge_nbt2024
PG&E,2026,2024,bundled,all,1,weekday,17,generation,0.062530,pge_nbt2024
PG&E,2026,2024,bundled,all,1,weekday,18,generation,0.062050,pge_nbt2024
PG&E,2026,2024,bundled,all,1,weekday,19,generation,0.062520,pge_nbt2024
PG&E,2026,2024,bundled,all,1,weekday,20,generation,0.062400,pge_nbt2024
PG&E,2026,2024,bundled,all,1,weekday,21,generation,0.061980,pge_nbt2024
PG&E,2026,2024,bundled,all,1,weekday,22,generation,0.057200,pge_nbt2024
PG&E,2026,2024,bundled,all,1,weekday,23,generation,0.056120,pge_nbt2024
PG&E,2026,2024,bundled,all,1,weekend_holiday,0,generation,0.054630,pge_nbt2024
PG&E,2026,2024,bundled,all,1,weekend_holiday,1,generation,0.053620,pge_nbt2024
PG&E,2026,2024,bundled,all,1,weekend_holiday,2,generation,0.054030,pge_nbt2024
PG&E,2026,2024,bundled,all,1,weekend_holiday,3,generation,0.053140,pge_nbt2024
PG&E,2026,2024,bundled,all,1,weekend_holiday,4,generation,0.052870,pge_nbt2024
PG&E,2026,2024,bundled,all,1,weekend_holiday,5,generation,0.050810,pge_nbt2024
PG&E,2026,2024,bundled,all,1,weekend_holiday,6,generation,0.051920,pge_nbt2024
PG&E,2026,2024,bundled,all,1,weekend_holiday,7,generation,0.053050,pge_nbt2024
PG&E,2026,2024,bundled,all,1,weekend_holiday,8,generation,0.048180,pge_nbt2024
PG&E,2026,2024,bundled,all,1,weekend_holiday,9,generation,0.046200,pge_nbt2024
PG&E,2026,2024,bundled,all,1,weekend_holiday,10,generation,0.046110,pge_nbt2024
PG&E,2026,2024,bundled,all,1,weekend_holiday,11,generation,0.045530,pge_nbt2024
PG&E,2026,2024,bundled,all,1,weekend_holiday,12,generation,0.043950,pge_nbt2024
PG&E,2026,2024,bundled,all,1,weekend_holiday,13,generation,0.045190,pge_nbt2024
PG&E,2026,2024,bundled,all,1,weekend_holiday,14,generation,0.047490,pge_nbt2024
PG&E,2026,2024,bundled,all,1,weekend_holiday,15,generation,0.048680,pge_nbt2024
PG&E,2026,2024,bundled,all,1,weekend_holiday,16,generation,0.057050,pge_nbt2024
PG&E,2026,2024,bundled,all,1,weekend_holiday,17,generation,0.061770,pge_nbt2024
PG&E,2026,2024,bundled,all,1,weekend_holiday,18,generation,0.062050,pge_nbt2024
PG&E,2026,2024,bundled,all,1,weekend_holiday,19,generation,0.062200,pge_nbt2024
PG&E,2026,2024,bundled,all,1,weekend_holiday,20,generation,0.062410,pge_nbt2024
PG&E,2026,2024,bundled,all,1,weekend_holiday,21,generation,0.061180,pge_nbt2024
PG&E,2026,2024,bundled,all,1,weekend_holiday,22,generation,0.056910,pge_nbt2024
PG&E,2026,2024,bundled,all,1,weekend_holiday,23,generation,0.055610,pge_nbt2024
PG&E,2026,2024,bundled,all,2,weekday,0,generation,0.057780,pge_nbt2024
PG&E,2026,2024,bundled,all,2,weekday,1,generation,0.057510,pge_nbt2024
PG&E,2026,2024,bundled,all,2,weekday,2,generation,0.056930,pge_nbt2024
PG&E,2026,2024,bundled,all,2,weekday,3,generation,0.056770,pge_nbt2024
PG&E,2026,2024,bundled,all,2,weekday,4,generation,0.057390,pge_nbt2024
PG&E,2026,2024,bundled,all,2,weekday,5,generation,0.058190,pge_nbt2024
PG&E,2026,2024,bundled,all,2,weekday,6,generation,0.061520,pge_nbt2024
PG&E,2026,2024,bundled,all,2,weekday,7,generation,0.063440,pge_nbt2024
PG&E,2026,2024,bundled,all,2,weekday,8,generation,0.055880,pge_nbt2024
PG&E,2026,2024,bundled,all,2,weekday,9,generation,0.054110,pge_nbt2024
PG&E,2026,2024,bundled,all,2,weekday,10,generation,0.052210,pge_nbt2024
PG&E,2026,2024,bundled,all,2,weekday,11,generation,0.049630,pge_nbt2024
PG&E,2026,2024,bundled,all,2,weekday,12,generation,0.048750,pge_nbt2024
PG&E,2026,2024,bundled,all,2,weekday,13,generation,0.047260,pge_nbt2024
PG&E,2026,2024,bundled,all,2,weekday,14,generation,0.048230,pge_nbt2024
PG&E,2026,2024,bundled,all,2,weekday,15,generation,0.052240,pge_nbt2024
PG&E,2026,2024,bundled,all,2,weekday,16,generation,0.065660,pge_nbt2024
PG&E,2026,2024,bundled,all,2,weekday,17,generation,0.067110,pge_nbt2024
PG&E,2026,2024,bundled,all,2,weekday,18,generation,0.063940,pge_nbt2024
PG&E,2026,2024,bundled,all,2,weekday,19,generation,0.064800,pge_nbt2024
PG&E,2026,2024,bundled,all,2,weekday,20,generation,0.064230,pge_nbt2024
PG&E,2026,2024,bundled,all,2,weekday,21,generation,0.067020,pge_nbt2024
PG&E,2026,2024,bundled,all,2,weekday,22,generation,0.061110,pge_nbt2024
PG&E,2026,2024,bundled,all,2,weekday,23,generation,0.058780,pge_nbt2024
PG&E,2026,2024,bundled,all,2,weekend_holiday,0,generation,0.056800,pge_nbt2024
PG&E,2026,2024,bundled,all,2,weekend_holiday,1,generation,0.056520,pge_nbt2024
PG&E,2026,2024,bundled,all,2,weekend_holiday,2,generation,0.055620,pge_nbt2024
PG&E,2026,2024,bundled,all,2,weekend_holiday,3,generation,0.055180,pge_nbt2024
PG&E,2026,2024,bundled,all,2,weekend_holiday,4,generation,0.055410,pge_nbt2024
PG&E,2026,2024,bundled,all,2,weekend_holiday,5,generation,0.055920,pge_nbt2024
PG&E,2026,2024,bundled,all,2,weekend_holiday,6,generation,0.059440,pge_nbt2024
PG&E,2026,2024,bundled,all,2,weekend_holiday,7,generation,0.051280,pge_nbt2024
PG&E,2026,2024,bundled,all,2,weekend_holiday,8,generation,0.034690,pge_nbt2024
PG&E,2026,2024,bundled,all,2,weekend_holiday,9,generation,0.032430,pge_nbt2024
PG&E,2026,2024,bundled,all,2,weekend_holiday,10,generation,0.032300,pge_nbt2024
PG&E,2026,2024,bundled,all,2,weekend_holiday,11,generation,0.031550,pge_nbt2024
PG&E,2026,2024,bundled,all,2,weekend_holiday,12,generation,0.031320,pge_nbt2024
PG&E,2026,2024,bundled,all,2,weekend_holiday,13,generation,0.031880,pge_nbt2024
PG&E,2026,2024,bundled,all,2,weekend_holiday,14,generation,0.032490,pge_nbt2024
PG&E,2026,2024,bundled,all,2,weekend_holiday,15,generation,0.031830,pge_nbt2024
PG&E,2026,2024,bundled,all,2,weekend_holiday,16,generation,0.059180,pge_nbt2024
PG&E,2026,2024,bundled,all,2,weekend_holiday,17,generation,0.068550,pge_nbt2024
PG&E,2026,2024,bundled,all,2,weekend_holiday,18,generation,0.068720,pge_nbt2024
PG&E,2026,2024,bundled,all,2,weekend_holiday,19,generation,0.068090,pge_nbt2024
PG&E,2026,2024,bundled,all,2,weekend_holiday,20,generation,0.068270,pge_nbt2024
PG&E,2026,2024,bundled,all,2,weekend_holiday,21,generation,0.068340,pge_nbt2024
PG&E,2026,2024,bundled,all,2,weekend_holiday,22,generation,0.060340,pge_nbt2024
PG&E,2026,2024,bundled,all,2,weekend_holiday,23,generation,0.061910,pge_nbt2024
PG&E,2026,2024,bundled,all,3,weekday,0,generation,0.051330,pge_nbt2024
PG&E,2026,2024,bundled,all,3,weekday,1,generation,0.048460,pge_nbt2024
PG&E,2026,2024,bundled,all,3,weekday,2,generation,0.050350,pge_nbt2024
PG&E,2026,2024,bundled,all,3,weekday,3,generation,0.049750,pge_nbt2024
PG&E,2026,2024,bundled,all,3,weekday,4,generation,0.049780,pge_nbt2024
PG&E,2026,2024,bundled,all,3,weekday,5,generation,0.049640,pge_nbt2024
PG&E,2026,2024,bundled,all,3,weekday,6,generation,0.054030,pge_nbt2024
PG&E,2026,2024,bundled,all,3,weekday,7,generation,0.054390,pge_nbt2024
PG&E,2026,2024,bundled,all,3,weekday,8,generation,0.047500,pge_nbt2024
PG&E,2026,2024,bundled,all,3,weekday,9,generation,0.040560,pge_nbt2024
PG&E,2026,2024,bundled,all,3,weekday,10,generation,0.038940,pge_nbt2024
PG&E,2026,2024,bundled,all,3,weekday,11,generation,0.037110,pge_nbt2024
PG&E,2026,2024,bundled,all,3,weekday,12,generation,0.035580,pge_nbt2024
PG&E,2026,2024,bundled,all,3,weekday,13,generation,0.034400,pge_nbt2024
PG&E,2026,2024,bundled,all,3,weekday,14,generation,0.034570,pge_nbt2024
PG&E,2026,2024,bundled,all,3,weekday,15,generation,0.034820,pge_nbt2024
PG&E,2026,2024,bundled,all,3,weekday,16,generation,0.039200,pge_nbt2024
PG&E,2026,2024,bundled,all,3,weekday,17,generation,0.051630,pge_nbt2024
PG&E,2026,2024,bundled,all,3,weekday,18,generation,0.062990,pge_nbt2024
PG&E,2026,2024,bundled,all,3,weekday,19,generation,0.063510,pge_nbt2024
PG&E,2026,2024,bundled,all,3,weekday,20,generation,0.060950,pge_nbt2024
PG&E,2026,2024,bundled,all,3,weekday,21,generation,0.060360,pge_nbt2024
PG&E,2026,2024,bundled,all,3,weekday,22,generation,0.059120,pge_nbt2024
PG&E,2026,2024,bundled,all,3,weekday,23,generation,0.051570,pge_nbt2024
PG&E,2026,2024,bundled,all,3,weekend_holiday,0,generation,0.048530,pge_nbt2024
PG&E,2026,2024,bundled,all,3,weekend_holiday,1,generation,0.048510,pge_nbt2024
PG&E,2026,2024,bundled,all,3,weekend_holiday,2,generation,0.051520,pge_nbt2024
PG&E,2026,2024,bundled,all,3,weekend_holiday,3,generation,0.048880,pge_nbt2024
PG&E,2026,2024,bundled,all,3,weekend_holiday,4,generation,0.048010,pge_nbt2024
PG&E,2026,2024,bundled,all,3,weekend_holiday,5,generation,0.047030,pge_nbt2024
PG&E,2026,2024,bundled,all,3,weekend_holiday,6,generation,0.045940,pge_nbt2024
PG&E,2026,2024,bundled,all,3,weekend_holiday,7,generation,0.037460,pge_nbt2024
PG&E,2026,2024,bundled,all,3,weekend_holiday,8,generation,0.019190,pge_nbt2024
PG&E,2026,2024,bundled,all,3,weekend_holiday,9,generation,0.015650,pge_nbt2024
PG&E,2026,2024,bundled,all,3,weekend_holiday,10,generation,0.013570,pge_nbt2024
PG&E,2026,2024,bundled,all,3,weekend_holiday,11,generation,0.013060,pge_nbt2024
PG&E,2026,2024,bundled,all,3,weekend_holiday,12,generation,0.012370,pge_nbt2024
PG&E,2026,2024,bundled,all,3,weekend_holiday,13,generation,0.008540,pge_nbt2024
PG&E,2026,2024,bundled,all,3,weekend_holiday,14,generation,0.007340,pge_nbt2024
PG&E,2026,2024,bundled,all,3,weekend_holiday,15,generation,0.008420,pge_nbt2024
PG&E,2026,2024,bundled,all,3,weekend_holiday,16,generation,0.012360,pge_nbt2024
PG&E,2026,2024,bundled,all,3,weekend_holiday,17,generation,0.044570,pge_nbt2024
PG&E,2026,2024,bundled,all,3,weekend_holiday,18,generation,0.065400,pge_nbt2024
PG&E,2026,2024,bundled,all,3,weekend_holiday,19,generation,0.066530,pge_nbt2024
PG&E,2026,2024,bundled,all,3,weekend_holiday,20,generation,0.064830,pge_nbt2024
PG&E,2026,2024,bundled,all,3,weekend_holiday,21,generation,0.063240,pge_nbt2024
PG&E,2026,2024,bundled,all,3,weekend_holiday,22,generation,0.061290,pge_nbt2024
PG&E,2026,2024,bundled,all,3,weekend_holiday,23,generation,0.056760,pge_nbt2024
PG&E,2026,2024,bundled,all,4,weekday,0,generation,0.058170,pge_nbt2024
PG&E,2026,2024,bundled,all,4,weekday,1,generation,0.051970,pge_nbt2024
PG&E,2026,2024,bundled,all,4,weekday,2,generation,0.049210,pge_nbt2024
PG&E,2026,2024,bundled,all,4,weekday,3,generation,0.048080,pge_nbt2024
PG&E,2026,2024,bundled,all,4,weekday,4,generation,0.049310,pge_nbt2024
PG&E,2026,2024,bundled,all,4,weekday,5,generation,0.052170,pge_nbt2024
PG&E,2026,2024,bundled,all,4,weekday,6,generation,0.054710,pge_nbt2024
PG&E,2026,2024,bundled,all,4,weekday,7,generation,0.045500,pge_nbt2024
PG&E,2026,2024,bundled,all,4,weekday,8,generation,0.014440,pge_nbt2024
PG&E,2026,2024,bundled,all,4,weekday,9,generation,0.013070,pge_nbt2024
PG&E,2026,2024,bundled,all,4,weekday,10,generation,0.011770,pge_nbt2024
PG&E,2026,2024,bundled,all,4,weekday,11,generation,0.011040,pge_nbt2024
PG&E,2026,2024,bundled,all,4,weekday,12,generation,0.010530,pge_nbt2024
PG&E,2026,2024,bundled,all,4,weekday,13,generation,0.009690,pge_nbt2024
PG&E,2026,2024,bundled,all,4,weekday,14,generation,0.008370,pge_nbt2024
PG&E,2026,2024,bundled,all,4,weekday,15,generation,0.006940,pge_nbt2024
PG&E,2026,2024,bundled,all,4,weekday,16,generation,0.010860,pge_nbt2024
PG&E,2026,2024,bundled,all,4,weekday,17,generation,0.025740,pge_nbt2024
PG&E,2026,2024,bundled,all,4,weekday,18,generation,0.062040,pge_nbt2024
PG&E,2026,2024,bundled,all,4,weekday,19,generation,0.058120,pge_nbt2024
PG&E,2026,2024,bundled,all,4,weekday,20,generation,0.055580,pge_nbt2024
PG&E,2026,2024,bundled,all,4,weekday,21,generation,0.055660,pge_nbt2024
PG&E,2026,2024,bundled,all,4,weekday,22,generation,0.055210,pge_nbt2024
PG&E,2026,2024,bundled,all,4,weekday,23,generation,0.054320,pge_nbt2024
PG&E,2026,2024,bundled,all,4,weekend_holiday,0,generation,0.050610,pge_nbt2024
PG&E,2026,2024,bundled,all,4,weekend_holiday,1,generation,0.047700,pge_nbt2024
PG&E,2026,2024,bundled,all,4,weekend_holiday,2,generation,0.040620,pge_nbt2024
PG&E,2026,2024,bundled,all,4,weekend_holiday,3,generation,0.037660,pge_nbt2024
PG&E,2026,2024,bundled,all,4,weekend_holiday,4,generation,0.037720,pge_nbt2024
PG&E,2026,2024,bundled,all,4,weekend_holiday,5,generation,0.042750,pge_nbt2024
PG&E,2026,2024,bundled,all,4,weekend_holiday,6,generation,0.050630,pge_nbt2024
PG&E,2026,2024,bundled,all,4,weekend_holiday,7,generation,0.024730,pge_nbt2024
PG&E,2026,2024,bundled,all,4,weekend_holiday,8,generation,0.005880,pge_nbt2024
PG&E,2026,2024,bundled,all,4,weekend_holiday,9,generation,0.005790,pge_nbt2024
PG&E,2026,2024,bundled,all,4,weekend_holiday,10,generation,0.005790,pge_nbt2024
PG&E,2026,2024,bundled,all,4,weekend_holiday,11,generation,0.005790,pge_nbt2024
PG&E,2026,2024,bundled,all,4,weekend_holiday,12,generation,0.008770,pge_nbt2024
PG&E,2026,2024,bundled,all,4,weekend_holiday,13,generation,0.006350,pge_nbt2024
PG&E,2026,2024,bundled,all,4,weekend_holiday,14,generation,0.003210,pge_nbt2024
PG&E,2026,2024,bundled,all,4,weekend_holiday,15,generation,0.000970,pge_nbt2024
PG&E,2026,2024,bundled,all,4,weekend_holiday,16,generation,0.000310,pge_nbt2024
PG&E,2026,2024,bundled,all,4,weekend_holiday,17,generation,0.003440,pge_nbt2024
PG&E,2026,2024,bundled,all,4,weekend_holiday,18,generation,0.066240,pge_nbt2024
PG&E,2026,2024,bundled,all,4,weekend_holiday,19,generation,0.054590,pge_nbt2024
PG&E,2026,2024,bundled,all,4,weekend_holiday,20,generation,0.052370,pge_nbt2024
PG&E,2026,2024,bundled,all,4,weekend_holiday,21,generation,0.052670,pge_nbt2024
PG&E,2026,2024,bundled,all,4,weekend_holiday,22,generation,0.053180,pge_nbt2024
PG&E,2026,2024,bundled,all,4,weekend_holiday,23,generation,0.058120,pge_nbt2024
PG&E,2026,2024,bundled,all,5,weekday,0,generation,0.061450,pge_nbt2024
PG&E,2026,2024,bundled,all,5,weekday,1,generation,0.056340,pge_nbt2024
PG&E,2026,2024,bundled,all,5,weekday,2,generation,0.055640,pge_nbt2024
PG&E,2026,2024,bundled,all,5,weekday,3,generation,0.055290,pge_nbt2024
PG&E,2026,2024,bundled,all,5,weekday,4,generation,0.056320,pge_nbt2024
PG&E,2026,2024,bundled,all,5,weekday,5,generation,0.059130,pge_nbt2024
PG&E,2026,2024,bundled,all,5,weekday,6,generation,0.060940,pge_nbt2024
PG&E,2026,2024,bundled,all,5,weekday,7,generation,0.044910,pge_nbt2024
PG&E,2026,2024,bundled,all,5,weekday,8,generation,0.030790,pge_nbt2024
PG&E,2026,2024,bundled,all,5,weekday,9,generation,0.030400,pge_nbt2024
PG&E,2026,2024,bundled,all,5,weekday,10,generation,0.028630,pge_nbt2024
PG&E,2026,2024,bundled,all,5,weekday,11,generation,0.027710,pge_nbt2024
PG&E,2026,2024,bundled,all,5,weekday,12,generation,0.025830,pge_nbt2024
PG&E,2026,2024,bundled,all,5,weekday,13,generation,0.025910,pge_nbt2024
PG&E,2026,2024,bundled,all,5,weekday,14,generation,0.026290,pge_nbt2024
PG&E,2026,2024,bundled,all,5,weekday,15,generation,0.025010,pge_nbt2024
PG&E,2026,2024,bundled,all,5,weekday,16,generation,0.027850,pge_nbt2024
PG&E,2026,2024,bundled,all,5,weekday,17,generation,0.040590,pge_nbt2024
PG&E,2026,2024,bundled,all,5,weekday,18,generation,0.059420,pge_nbt2024
PG&E,2026,2024,bundled,all,5,weekday,19,generation,0.059510,pge_nbt2024
PG&E,2026,2024,bundled,all,5,weekday,20,generation,0.058570,pge_nbt2024
PG&E,2026,2024,bundled,all,5,weekday,21,generation,0.058270,pge_nbt2024
PG&E,2026,2024,bundled,all,5,weekday,22,generation,0.058870,pge_nbt2024
PG&E,2026,2024,bundled,all,5,weekday,23,generation,0.059050,pge_nbt2024
PG&E,2026,2024,bundled,all,5,weekend_holiday,0,generation,0.058260,pge_nbt2024
PG&E,2026,2024,bundled,all,5,weekend_holiday,1,generation,0.055470,pge_nbt2024
PG&E,2026,2024,bundled,all,5,weekend_holiday,2,generation,0.054140,pge_nbt2024
PG&E,2026,2024,bundled,all,5,weekend_holiday,3,generation,0.052750,pge_nbt2024
PG&E,2026,2024,bundled,all,5,weekend_holiday,4,generation,0.054260,pge_nbt2024
PG&E,2026,2024,bundled,all,5,weekend_holiday,5,generation,0.055100,pge_nbt2024
PG&E,2026,2024,bundled,all,5,weekend_holiday,6,generation,0.047790,pge_nbt2024
PG&E,2026,2024,bundled,all,5,weekend_holiday,7,generation,0.011700,pge_nbt2024
PG&E,2026,2024,bundled,all,5,weekend_holiday,8,generation,0.009200,pge_nbt2024
PG&E,2026,2024,bundled,all,5,weekend_holiday,9,generation,0.009140,pge_nbt2024
PG&E,2026,2024,bundled,all,5,weekend_holiday,10,generation,0.009080,pge_nbt2024
PG&E,2026,2024,bundled,all,5,weekend_holiday,11,generation,0.009060,pge_nbt2024
PG&E,2026,2024,bundled,all,5,weekend_holiday,12,generation,0.009280,pge_nbt2024
PG&E,2026,2024,bundled,all,5,weekend_holiday,13,generation,0.009790,pge_nbt2024
PG&E,2026,2024,bundled,all,5,weekend_holiday,14,generation,0.007560,pge_nbt2024
PG&E,2026,2024,bundled,all,5,weekend_holiday,15,generation,0.006500,pge_nbt2024
PG&E,2026,2024,bundled,all,5,weekend_holiday,16,generation,0.004310,pge_nbt2024
PG&E,2026,2024,bundled,all,5,weekend_holiday,17,generation,0.012880,pge_nbt2024
PG&E,2026,2024,bundled,all,5,weekend_holiday,18,generation,0.057400,pge_nbt2024
PG&E,2026,2024,bundled,all,5,weekend_holiday,19,generation,0.059020,pge_nbt2024
PG&E,2026,2024,bundled,all,5,weekend_holiday,20,generation,0.057980,pge_nbt2024
PG&E,2026,2024,bundled,all,5,weekend_holiday,21,generation,0.058640,pge_nbt2024
PG&E,2026,2024,bundled,all,5,weekend_holiday,22,generation,0.060500,pge_nbt2024
PG&E,2026,2024,bundled,all,5,weekend_holiday,23,generation,0.059430,pge_nbt2024
PG&E,2026,2024,bundled,all,6,weekday,0,generation,0.052510,pge_nbt2024
PG&E,2026,2024,bundled,all,6,weekday,1,generation,0.048860,pge_nbt2024
PG&E,2026,2024,bundled,all,6,weekday,2,generation,0.049440,pge_nbt2024
PG&E,2026,2024,bundled,all,6,weekday,3,generation,0.050030,pge_nbt2024
PG&E,2026,2024,bundled,all,6,weekday,4,generation,0.049580,pge_nbt2024
PG&E,2026,2024,bundled,all,6,weekday,5,generation,0.050320,pge_nbt2024
PG&E,2026,2024,bundled,all,6,weekday,6,generation,0.050790,pge_nbt2024
PG&E,2026,2024,bundled,all,6,weekday,7,generation,0.051740,pge_nbt2024
PG&E,2026,2024,bundled,all,6,weekday,8,generation,0.051700,pge_nbt2024
PG&E,2026,2024,bundled,all,6,weekday,9,generation,0.052720,pge_nbt2024
PG&E,2026,2024,bundled,all,6,weekday,10,generation,0.051350,pge_nbt2024
PG&E,2026,2024,bundled,all,6,weekday,11,generation,0.050400,pge_nbt2024
PG&E,2026,2024,bundled,all,6,weekday,12,generation,0.049920,pge_nbt2024
PG&E,2026,2024,bundled,all,6,weekday,13,generation,0.049700,pge_nbt2024
PG&E,2026,2024,bundled,all,6,weekday,14,generation,0.049530,pge_nbt2024
PG&E,2026,2024,bundled,all,6,weekday,15,generation,0.049970,pge_nbt2024
PG&E,2026,2024,bundled,all,6,weekday,16,generation,0.050940,pge_nbt2024
PG&E,2026,2024,bundled,all,6,weekday,17,generation,0.060420,pge_nbt2024
PG&E,2026,2024,bundled,all,6,weekday,18,generation,0.062970,pge_nbt2024
PG&E,2026,2024,bundled,all,6,weekday,19,generation,0.064700,pge_nbt2024
PG&E,2026,2024,bundled,all,6,weekday,20,generation,0.065180,pge_nbt2024
PG&E,2026,2024,bundled,all,6,weekday,21,generation,0.062510,pge_nbt2024
PG&E,2026,2024,bundled,all,6,weekday,22,generation,0.063200,pge_nbt2024
PG&E,2026,2024,bundled,all,6,weekday,23,generation,0.055790,pge_nbt2024
PG&E,2026,2024,bundled,all,6,weekend_holiday,0,generation,0.053680,pge_nbt2024
PG&E,2026,2024,bundled,all,6,weekend_holiday,1,generation,0.050450,pge_nbt2024
PG&E,2026,2024,bundled,all,6,weekend_holiday,2,generation,0.051570,pge_nbt2024
PG&E,2026,2024,bundled,all,6,weekend_holiday,3,generation,0.052870,pge_nbt2024
PG&E,2026,2024,bundled,all,6,weekend_holiday,4,generation,0.052820,pge_nbt2024
PG&E,2026,2024,bundled,all,6,weekend_holiday,5,generation,0.052600,pge_nbt2024
PG&E,2026,2024,bundled,all,6,weekend_holiday,6,generation,0.054500,pge_nbt2024
PG&E,2026,2024,bundled,all,6,weekend_holiday,7,generation,0.044890,pge_nbt2024
PG&E,2026,2024,bundled,all,6,weekend_holiday,8,generation,0.036750,pge_nbt2024
PG&E,2026,2024,bundled,all,6,weekend_holiday,9,generation,0.037620,pge_nbt2024
PG&E,2026,2024,bundled,all,6,weekend_holiday,10,generation,0.038640,pge_nbt2024
PG&E,2026,2024,bundled,all,6,weekend_holiday,11,generation,0.037030,pge_nbt2024
PG&E,2026,2024,bundled,all,6,weekend_holiday,12,generation,0.034780,pge_nbt2024
PG&E,2026,2024,bundled,all,6,weekend_holiday,13,generation,0.032620,pge_nbt2024
PG&E,2026,2024,bundled,all,6,weekend_holiday,14,generation,0.032680,pge_nbt2024
PG&E,2026,2024,bundled,all,6,weekend_holiday,15,generation,0.033830,pge_nbt2024
PG&E,2026,2024,bundled,all,6,weekend_holiday,16,generation,0.034560,pge_nbt2024
PG&E,2026,2024,bundled,all,6,weekend_holiday,17,generation,0.058370,pge_nbt2024
PG&E,2026,2024,bundled,all,6,weekend_holiday,18,generation,0.065950,pge_nbt2024
PG&E,2026,2024,bundled,all,6,weekend_holiday,19,generation,0.067290,pge_nbt2024
PG&E,2026,2024,bundled,all,6,weekend_holiday,20,generation,0.067350,pge_nbt2024
PG&E,2026,2024,bundled,all,6,weekend_holiday,21,generation,0.066010,pge_nbt2024
PG&E,2026,2024,bundled,all,6,weekend_holiday,22,generation,0.065950,pge_nbt2024
PG&E,2026,2024,bundled,all,6,weekend_holiday,23,generation,0.064350,pge_nbt2024
PG&E,2026,2024,bundled,all,7,weekday,0,generation,0.058810,pge_nbt2024
PG&E,2026,2024,bundled,all,7,weekday,1,generation,0.051500,pge_nbt2024
PG&E,2026,2024,bundled,all,7,weekday,2,generation,0.051760,pge_nbt2024
PG&E,2026,2024,bundled,all,7,weekday,3,generation,0.052150,pge_nbt2024
PG&E,2026,2024,bundled,all,7,weekday,4,generation,0.052330,pge_nbt2024
PG&E,2026,2024,bundled,all,7,weekday,5,generation,0.052360,pge_nbt2024
PG&E,2026,2024,bundled,all,7,weekday,6,generation,0.052650,pge_nbt2024
PG&E,2026,2024,bundled,all,7,weekday,7,generation,0.054050,pge_nbt2024
PG&E,2026,2024,bundled,all,7,weekday,8,generation,0.055250,pge_nbt2024
PG&E,2026,2024,bundled,all,7,weekday,9,generation,0.057950,pge_nbt2024
PG&E,2026,2024,bundled,all,7,weekday,10,generation,0.057500,pge_nbt2024
PG&E,2026,2024,bundled,all,7,weekday,11,generation,0.056580,pge_nbt2024
PG&E,2026,2024,bundled,all,7,weekday,12,generation,0.056060,pge_nbt2024
PG&E,2026,2024,bundled,all,7,weekday,13,generation,0.056330,pge_nbt2024
PG&E,2026,2024,bundled,all,7,weekday,14,generation,0.056030,pge_nbt2024
PG&E,2026,2024,bundled,all,7,weekday,15,generation,0.055680,pge_nbt2024
PG&E,2026,2024,bundled,all,7,weekday,16,generation,0.058390,pge_nbt2024
PG&E,2026,2024,bundled,all,7,weekday,17,generation,0.076140,pge_nbt2024
PG&E,2026,2024,bundled,all,7,weekday,18,generation,0.074060,pge_nbt2024
PG&E,2026,2024,bundled,all,7,weekday,19,generation,0.435880,pge_nbt2024
PG&E,2026,2024,bundled,all,7,weekday,20,generation,0.169780,pge_nbt2024
PG&E,2026,2024,bundled,all,7,weekday,21,generation,0.068080,pge_nbt2024
PG&E,2026,2024,bundled,all,7,weekday,22,generation,0.067700,pge_nbt2024
PG&E,2026,2024,bundled,all,7,weekday,23,generation,0.055370,pge_nbt2024
PG&E,2026,2024,bundled,all,7,weekend_holiday,0,generation,0.055790,pge_nbt2024
PG&E,2026,2024,bundled,all,7,weekend_holiday,1,generation,0.053180,pge_nbt2024
PG&E,2026,2024,bundled,all,7,weekend_holiday,2,generation,0.053210,pge_nbt2024
PG&E,2026,2024,bundled,all,7,weekend_holiday,3,generation,0.053190,pge_nbt2024
PG&E,2026,2024,bundled,all,7,weekend_holiday,4,generation,0.053010,pge_nbt2024
PG&E,2026,2024,bundled,all,7,weekend_holiday,5,generation,0.052720,pge_nbt2024
PG&E,2026,2024,bundled,all,7,weekend_holiday,6,generation,0.052680,pge_nbt2024
PG&E,2026,2024,bundled,all,7,weekend_holiday,7,generation,0.041100,pge_nbt2024
PG&E,2026,2024,bundled,all,7,weekend_holiday,8,generation,0.039730,pge_nbt2024
PG&E,2026,2024,bundled,all,7,weekend_holiday,9,generation,0.039180,pge_nbt2024
PG&E,2026,2024,bundled,all,7,weekend_holiday,10,generation,0.037960,pge_nbt2024
PG&E,2026,2024,bundled,all,7,weekend_holiday,11,generation,0.034320,pge_nbt2024
PG&E,2026,2024,bundled,all,7,weekend_holiday,12,generation,0.032850,pge_nbt2024
PG&E,2026,2024,bundled,all,7,weekend_holiday,13,generation,0.030860,pge_nbt2024
PG&E,2026,2024,bundled,all,7,weekend_holiday,14,generation,0.032150,pge_nbt2024
PG&E,2026,2024,bundled,all,7,weekend_holiday,15,generation,0.032400,pge_nbt2024
PG&E,2026,2024,bundled,all,7,weekend_holiday,16,generation,0.033150,pge_nbt2024
PG&E,2026,2024,bundled,all,7,weekend_holiday,17,generation,0.061760,pge_nbt2024
PG&E,2026,2024,bundled,all,7,weekend_holiday,18,generation,0.104800,pge_nbt2024
PG&E,2026,2024,bundled,all,7,weekend_holiday,19,generation,0.778900,pge_nbt2024
PG&E,2026,2024,bundled,all,7,weekend_holiday,20,generation,0.260870,pge_nbt2024
PG&E,2026,2024,bundled,all,7,weekend_holiday,21,generation,0.070660,pge_nbt2024
PG&E,2026,2024,bundled,all,7,weekend_holiday,22,generation,0.069930,pge_nbt2024
PG&E,2026,2024,bundled,all,7,weekend_holiday,23,generation,0.066740,pge_nbt2024
PG&E,2026,2024,bundled,all,8,weekday,0,generation,0.057620,pge_nbt2024
PG&E,2026,2024,bundled,all,8,weekday,1,generation,0.055350,pge_nbt2024
PG&E,2026,2024,bundled,all,8,weekday,2,generation,0.055190,pge_nbt2024
PG&E,2026,2024,bundled,all,8,weekday,3,generation,0.055030,pge_nbt2024
PG&E,2026,2024,bundled,all,8,weekday,4,generation,0.055240,pge_nbt2024
PG&E,2026,2024,bundled,all,8,weekday,5,generation,0.055720,pge_nbt2024
PG&E,2026,2024,bundled,all,8,weekday,6,generation,0.055930,pge_nbt2024
PG&E,2026,2024,bundled,all,8,weekday,7,generation,0.056630,pge_nbt2024
PG&E,2026,2024,bundled,all,8,weekday,8,generation,0.058630,pge_nbt2024
PG&E,2026,2024,bundled,all,8,weekday,9,generation,0.068500,pge_nbt2024
PG&E,2026,2024,bundled,all,8,weekday,10,generation,0.066380,pge_nbt2024
PG&E,2026,2024,bundled,all,8,weekday,11,generation,0.063960,pge_nbt2024
PG&E,2026,2024,bundled,all,8,weekday,12,generation,0.062920,pge_nbt2024
PG&E,2026,2024,bundled,all,8,weekday,13,generation,0.062830,pge_nbt2024
PG&E,2026,2024,bundled,all,8,weekday,14,generation,0.063320,pge_nbt2024
PG&E,2026,2024,bundled,all,8,weekday,15,generation,0.063410,pge_nbt2024
PG&E,2026,2024,bundled,all,8,weekday,16,generation,0.062760,pge_nbt2024
PG&E,2026,2024,bundled,all,8,weekday,17,generation,0.224260,pge_nbt2024
PG&E,2026,2024,bundled,all,8,weekday,18,generation,0.538850,pge_nbt2024
PG&E,2026,2024,bundled,all,8,weekday,19,generation,1.590970,pge_nbt2024
PG&E,2026,2024,bundled,all,8,weekday,20,generation,0.583700,pge_nbt2024
PG&E,2026,2024,bundled,all,8,weekday,21,generation,0.814490,pge_nbt2024
PG&E,2026,2024,bundled,all,8,weekday,22,generation,0.618310,pge_nbt2024
PG&E,2026,2024,bundled,all,8,weekday,23,generation,0.056200,pge_nbt2024
PG&E,2026,2024,bundled,all,8,weekend_holiday,0,generation,0.054990,pge_nbt2024
PG&E,2026,2024,bundled,all,8,weekend_holiday,1,generation,0.055050,pge_nbt2024
PG&E,2026,2024,bundled,all,8,weekend_holiday,2,generation,0.053590,pge_nbt2024
PG&E,2026,2024,bundled,all,8,weekend_holiday,3,generation,0.054000,pge_nbt2024
PG&E,2026,2024,bundled,all,8,weekend_holiday,4,generation,0.053670,pge_nbt2024
PG&E,2026,2024,bundled,all,8,weekend_holiday,5,generation,0.053290,pge_nbt2024
PG&E,2026,2024,bundled,all,8,weekend_holiday,6,generation,0.052130,pge_nbt2024
PG&E,2026,2024,bundled,all,8,weekend_holiday,7,generation,0.048920,pge_nbt2024
PG&E,2026,2024,bundled,all,8,weekend_holiday,8,generation,0.051580,pge_nbt2024
PG&E,2026,2024,bundled,all,8,weekend_holiday,9,generation,0.052460,pge_nbt2024
PG&E,2026,2024,bundled,all,8,weekend_holiday,10,generation,0.052820,pge_nbt2024
PG&E,2026,2024,bundled,all,8,weekend_holiday,11,generation,0.052890,pge_nbt2024
PG&E,2026,2024,bundled,all,8,weekend_holiday,12,generation,0.051840,pge_nbt2024
PG&E,2026,2024,bundled,all,8,weekend_holiday,13,generation,0.051170,pge_nbt2024
PG&E,2026,2024,bundled,all,8,weekend_holiday,14,generation,0.050910,pge_nbt2024
PG&E,2026,2024,bundled,all,8,weekend_holiday,15,generation,0.050980,pge_nbt2024
PG&E,2026,2024,bundled,all,8,weekend_holiday,16,generation,0.053720,pge_nbt2024
PG&E,2026,2024,bundled,all,8,weekend_holiday,17,generation,0.205450,pge_nbt2024
PG&E,2026,2024,bundled,all,8,weekend_holiday,18,generation,0.504440,pge_nbt2024
PG&E,2026,2024,bundled,all,8,weekend_holiday,19,generation,1.470610,pge_nbt2024
PG&E,2026,2024,bundled,all,8,weekend_holiday,20,generation,0.545020,pge_nbt2024
PG&E,2026,2024,bundled,all,8,weekend_holiday,21,generation,0.760670,pge_nbt2024
PG&E,2026,2024,bundled,all,8,weekend_holiday,22,generation,0.577460,pge_nbt2024
PG&E,2026,2024,bundled,all,8,weekend_holiday,23,generation,0.061430,pge_nbt2024
PG&E,2026,2024,bundled,all,9,weekday,0,generation,0.064300,pge_nbt2024
PG&E,2026,2024,bundled,all,9,weekday,1,generation,0.052270,pge_nbt2024
PG&E,2026,2024,bundled,all,9,weekday,2,generation,0.052200,pge_nbt2024
PG&E,2026,2024,bundled,all,9,weekday,3,generation,0.051910,pge_nbt2024
PG&E,2026,2024,bundled,all,9,weekday,4,generation,0.051760,pge_nbt2024
PG&E,2026,2024,bundled,all,9,weekday,5,generation,0.052110,pge_nbt2024
PG&E,2026,2024,bundled,all,9,weekday,6,generation,0.053550,pge_nbt2024
PG&E,2026,2024,bundled,all,9,weekday,7,generation,0.054830,pge_nbt2024
PG&E,2026,2024,bundled,all,9,weekday,8,generation,0.052440,pge_nbt2024
PG&E,2026,2024,bundled,all,9,weekday,9,generation,0.055630,pge_nbt2024
PG&E,2026,2024,bundled,all,9,weekday,10,generation,0.054450,pge_nbt2024
PG&E,2026,2024,bundled,all,9,weekday,11,generation,0.053680,pge_nbt2024
PG&E,2026,2024,bundled,all,9,weekday,12,generation,0.053030,pge_nbt2024
PG&E,2026,2024,bundled,all,9,weekday,13,generation,0.053820,pge_nbt2024
PG&E,2026,2024,bundled,all,9,weekday,14,generation,0.053260,pge_nbt2024
PG&E,2026,2024,bundled,all,9,weekday,15,generation,0.053200,pge_nbt2024
PG&E,2026,2024,bundled,all,9,weekday,16,generation,0.056650,pge_nbt2024
PG&E,2026,2024,bundled,all,9,weekday,17,generation,0.079080,pge_nbt2024
PG&E,2026,2024,bundled,all,9,weekday,18,generation,2.161720,pge_nbt2024
PG&E,2026,2024,bundled,all,9,weekday,19,generation,2.454540,pge_nbt2024
PG&E,2026,2024,bundled,all,9,weekday,20,generation,0.145070,pge_nbt2024
PG&E,2026,2024,bundled,all,9,weekday,21,generation,0.063560,pge_nbt2024
PG&E,2026,2024,bundled,all,9,weekday,22,generation,0.062300,pge_nbt2024
PG&E,2026,2024,bundled,all,9,weekday,23,generation,0.053550,pge_nbt2024
PG&E,2026,2024,bundled,all,9,weekend_holiday,0,generation,0.053790,pge_nbt2024
PG&E,2026,2024,bundled,all,9,weekend_holiday,1,generation,0.053210,pge_nbt2024
PG&E,2026,2024,bundled,all,9,weekend_holiday,2,generation,0.052420,pge_nbt2024
PG&E,2026,2024,bundled,all,9,weekend_holiday,3,generation,0.052410,pge_nbt2024
PG&E,2026,2024,bundled,all,9,weekend_holiday,4,generation,0.051610,pge_nbt2024
PG&E,2026,2024,bundled,all,9,weekend_holiday,5,generation,0.051420,pge_nbt2024
PG&E,2026,2024,bundled,all,9,weekend_holiday,6,generation,0.050580,pge_nbt2024
PG&E,2026,2024,bundled,all,9,weekend_holiday,7,generation,0.047260,pge_nbt2024
PG&E,2026,2024,bundled,all,9,weekend_holiday,8,generation,0.043890,pge_nbt2024
PG&E,2026,2024,bundled,all,9,weekend_holiday,9,generation,0.045570,pge_nbt2024
PG&E,2026,2024,bundled,all,9,weekend_holiday,10,generation,0.046670,pge_nbt2024
PG&E,2026,2024,bundled,all,9,weekend_holiday,11,generation,0.046060,pge_nbt2024
PG&E,2026,2024,bundled,all,9,weekend_holiday,12,generation,0.043480,pge_nbt2024
PG&E,2026,2024,bundled,all,9,weekend_holiday,13,generation,0.040930,pge_nbt2024
PG&E,2026,2024,bundled,all,9,weekend_holiday,14,generation,0.041240,pge_nbt2024
PG&E,2026,2024,bundled,all,9,weekend_holiday,15,generation,0.043660,pge_nbt2024
PG&E,2026,2024,bundled,all,9,weekend_holiday,16,generation,0.048140,pge_nbt2024
PG&E,2026,2024,bundled,all,9,weekend_holiday,17,generation,0.071070,pge_nbt2024
PG&E,2026,2024,bundled,all,9,weekend_holiday,18,generation,1.901240,pge_nbt2024
PG&E,2026,2024,bundled,all,9,weekend_holiday,19,generation,2.157900,pge_nbt2024
PG&E,2026,2024,bundled,all,9,weekend_holiday,20,generation,0.136890,pge_nbt2024
PG&E,2026,2024,bundled,all,9,weekend_holiday,21,generation,0.065490,pge_nbt2024
PG&E,2026,2024,bundled,all,9,weekend_holiday,22,generation,0.063400,pge_nbt2024
PG&E,2026,2024,bundled,all,9,weekend_holiday,23,generation,0.053430,pge_nbt2024
PG&E,2026,2024,bundled,all,10,weekday,0,generation,0.063300,pge_nbt2024
PG&E,2026,2024,bundled,all,10,weekday,1,generation,0.052640,pge_nbt2024
PG&E,2026,2024,bundled,all,10,weekday,2,generation,0.052980,pge_nbt2024
PG&E,2026,2024,bundled,all,10,weekday,3,generation,0.052800,pge_nbt2024
PG&E,2026,2024,bundled,all,10,weekday,4,generation,0.052710,pge_nbt2024
PG&E,2026,2024,bundled,all,10,weekday,5,generation,0.053190,pge_nbt2024
PG&E,2026,2024,bundled,all,10,weekday,6,generation,0.053650,pge_nbt2024
PG&E,2026,2024,bundled,all,10,weekday,7,generation,0.055250,pge_nbt2024
PG&E,2026,2024,bundled,all,10,weekday,8,generation,0.052910,pge_nbt2024
PG&E,2026,2024,bundled,all,10,weekday,9,generation,0.053920,pge_nbt2024
PG&E,2026,2024,bundled,all,10,weekday,10,generation,0.054410,pge_nbt2024
PG&E,2026,2024,bundled,all,10,weekday,11,generation,0.053800,pge_nbt2024
PG&E,2026,2024,bundled,all,10,weekday,12,generation,0.053480,pge_nbt2024
PG&E,2026,2024,bundled,all,10,weekday,13,generation,0.053030,pge_nbt2024
PG&E,2026,2024,bundled,all,10,weekday,14,generation,0.054720,pge_nbt2024
PG&E,2026,2024,bundled,all,10,weekday,15,generation,0.055770,pge_nbt2024
PG&E,2026,2024,bundled,all,10,weekday,16,generation,0.057980,pge_nbt2024
PG&E,2026,2024,bundled,all,10,weekday,17,generation,0.062910,pge_nbt2024
PG&E,2026,2024,bundled,all,10,weekday,18,generation,0.056010,pge_nbt2024
PG&E,2026,2024,bundled,all,10,weekday,19,generation,0.055920,pge_nbt2024
PG&E,2026,2024,bundled,all,10,weekday,20,generation,0.056220,pge_nbt2024
PG&E,2026,2024,bundled,all,10,weekday,21,generation,0.056600,pge_nbt2024
PG&E,2026,2024,bundled,all,10,weekday,22,generation,0.054730,pge_nbt2024
PG&E,2026,2024,bundled,all,10,weekday,23,generation,0.053300,pge_nbt2024
PG&E,2026,2024,bundled,all,10,weekend_holiday,0,generation,0.052680,pge_nbt2024
PG&E,2026,2024,bundled,all,10,weekend_holiday,1,generation,0.052530,pge_nbt2024
PG&E,2026,2024,bundled,all,10,weekend_holiday,2,generation,0.051390,pge_nbt2024
PG&E,2026,2024,bundled,all,10,weekend_holiday,3,generation,0.051460,pge_nbt2024
PG&E,2026,2024,bundled,all,10,weekend_holiday,4,generation,0.050480,pge_nbt2024
PG&E,2026,2024,bundled,all,10,weekend_holiday,5,generation,0.050200,pge_nbt2024
PG&E,2026,2024,bundled,all,10,weekend_holiday,6,generation,0.049750,pge_nbt2024
PG&E,2026,2024,bundled,all,10,weekend_holiday,7,generation,0.046510,pge_nbt2024
PG&E,2026,2024,bundled,all,10,weekend_holiday,8,generation,0.040850,pge_nbt2024
PG&E,2026,2024,bundled,all,10,weekend_holiday,9,generation,0.041020,pge_nbt2024
PG&E,2026,2024,bundled,all,10,weekend_holiday,10,generation,0.041240,pge_nbt2024
PG&E,2026,2024,bundled,all,10,weekend_holiday,11,generation,0.041910,pge_nbt2024
PG&E,2026,2024,bundled,all,10,weekend_holiday,12,generation,0.041850,pge_nbt2024
PG&E,2026,2024,bundled,all,10,weekend_holiday,13,generation,0.039800,pge_nbt2024
PG&E,2026,2024,bundled,all,10,weekend_holiday,14,generation,0.039820,pge_nbt2024
PG&E,2026,2024,bundled,all,10,weekend_holiday,15,generation,0.042620,pge_nbt2024
PG&E,2026,2024,bundled,all,10,weekend_holiday,16,generation,0.046580,pge_nbt2024
PG&E,2026,2024,bundled,all,10,weekend_holiday,17,generation,0.075500,pge_nbt2024
PG&E,2026,2024,bundled,all,10,weekend_holiday,18,generation,0.067910,pge_nbt2024
PG&E,2026,2024,bundled,all,10,weekend_holiday,19,generation,0.066600,pge_nbt2024
PG&E,2026,2024,bundled,all,10,weekend_holiday,20,generation,0.065860,pge_nbt2024
PG&E,2026,2024,bundled,all,10,weekend_holiday,21,generation,0.065600,pge_nbt2024
PG&E,2026,2024,bundled,all,10,weekend_holiday,22,generation,0.063620,pge_nbt2024
PG&E,2026,2024,bundled,all,10,weekend_holiday,23,generation,0.061990,pge_nbt2024
PG&E,2026,2024,bundled,all,11,weekday,0,generation,0.051250,pge_nbt2024
PG&E,2026,2024,bundled,all,11,weekday,1,generation,0.051400,pge_nbt2024
PG&E,2026,2024,bundled,all,11,weekday,2,generation,0.051010,pge_nbt2024
PG&E,2026,2024,bundled,all,11,weekday,3,generation,0.050900,pge_nbt2024
PG&E,2026,2024,bundled,all,11,weekday,4,generation,0.051080,pge_nbt2024
PG&E,2026,2024,bundled,all,11,weekday,5,generation,0.052040,pge_nbt2024
PG&E,2026,2024,bundled,all,11,weekday,6,generation,0.054260,pge_nbt2024
PG&E,2026,2024,bundled,all,11,weekday,7,generation,0.053730,pge_nbt2024
PG&E,2026,2024,bundled,all,11,weekday,8,generation,0.054690,pge_nbt2024
PG&E,2026,2024,bundled,all,11,weekday,9,generation,0.054710,pge_nbt2024
PG&E,2026,2024,bundled,all,11,weekday,10,generation,0.054050,pge_nbt2024
PG&E,2026,2024,bundled,all,11,weekday,11,generation,0.053420,pge_nbt2024
PG&E,2026,2024,bundled,all,11,weekday,12,generation,0.052700,pge_nbt2024
PG&E,2026,2024,bundled,all,11,weekday,13,generation,0.054360,pge_nbt2024
PG&E,2026,2024,bundled,all,11,weekday,14,generation,0.054100,pge_nbt2024
PG&E,2026,2024,bundled,all,11,weekday,15,generation,0.057410,pge_nbt2024
PG&E,2026,2024,bundled,all,11,weekday,16,generation,0.061140,pge_nbt2024
PG&E,2026,2024,bundled,all,11,weekday,17,generation,0.058220,pge_nbt2024
PG&E,2026,2024,bundled,all,11,weekday,18,generation,0.057190,pge_nbt2024
PG&E,2026,2024,bundled,all,11,weekday,19,generation,0.058360,pge_nbt2024
PG&E,2026,2024,bundled,all,11,weekday,20,generation,0.059540,pge_nbt2024
PG&E,2026,2024,bundled,all,11,weekday,21,generation,0.058780,pge_nbt2024
PG&E,2026,2024,bundled,all,11,weekday,22,generation,0.053110,pge_nbt2024
PG&E,2026,2024,bundled,all,11,weekday,23,generation,0.052560,pge_nbt2024
PG&E,2026,2024,bundled,all,11,weekend_holiday,0,generation,0.051140,pge_nbt2024
PG&E,2026,2024,bundled,all,11,weekend_holiday,1,generation,0.050150,pge_nbt2024
PG&E,2026,2024,bundled,all,11,weekend_holiday,2,generation,0.049400,pge_nbt2024
PG&E,2026,2024,bundled,all,11,weekend_holiday,3,generation,0.048930,pge_nbt2024
PG&E,2026,2024,bundled,all,11,weekend_holiday,4,generation,0.048160,pge_nbt2024
PG&E,2026,2024,bundled,all,11,weekend_holiday,5,generation,0.047840,pge_nbt2024
PG&E,2026,2024,bundled,all,11,weekend_holiday,6,generation,0.047470,pge_nbt2024
PG&E,2026,2024,bundled,all,11,weekend_holiday,7,generation,0.039630,pge_nbt2024
PG&E,2026,2024,bundled,all,11,weekend_holiday,8,generation,0.039180,pge_nbt2024
PG&E,2026,2024,bundled,all,11,weekend_holiday,9,generation,0.038920,pge_nbt2024
PG&E,2026,2024,bundled,all,11,weekend_holiday,10,generation,0.039290,pge_nbt2024
PG&E,2026,2024,bundled,all,11,weekend_holiday,11,generation,0.039130,pge_nbt2024
PG&E,2026,2024,bundled,all,11,weekend_holiday,12,generation,0.039320,pge_nbt2024
PG&E,2026,2024,bundled,all,11,weekend_holiday,13,generation,0.038800,pge_nbt2024
PG&E,2026,2024,bundled,all,11,weekend_holiday,14,generation,0.041190,pge_nbt2024
PG&E,2026,2024,bundled,all,11,weekend_holiday,15,generation,0.047010,pge_nbt2024
PG&E,2026,2024,bundled,all,11,weekend_holiday,16,generation,0.059760,pge_nbt2024
PG&E,2026,2024,bundled,all,11,weekend_holiday,17,generation,0.062990,pge_nbt2024
PG&E,2026,2024,bundled,all,11,weekend_holiday,18,generation,0.061330,pge_nbt2024
PG&E,2026,2024,bundled,all,11,weekend_holiday,19,generation,0.062520,pge_nbt2024
PG&E,2026,2024,bundled,all,11,weekend_holiday,20,generation,0.061820,pge_nbt2024
PG&E,2026,2024,bundled,all,11,weekend_holiday,21,generation,0.059010,pge_nbt2024
PG&E,2026,2024,bundled,all,11,weekend_holiday,22,generation,0.055570,pge_nbt2024
PG&E,2026,2024,bundled,all,11,weekend_holiday,23,generation,0.054820,pge_nbt2024
PG&E,2026,2024,bundled,all,12,weekday,0,generation,0.054830,pge_nbt2024
PG&E,2026,2024,bundled,all,12,weekday,1,generation,0.054780,pge_nbt2024
PG&E,2026,2024,bundled,all,12,weekday,2,generation,0.054190,pge_nbt2024
PG&E,2026,2024,bundled,all,12,weekday,3,generation,0.053830,pge_nbt2024
PG&E,2026,2024,bundled,all,12,weekday,4,generation,0.054490,pge_nbt2024
PG&E,2026,2024,bundled,all,12,weekday,5,generation,0.055300,pge_nbt2024
PG&E,2026,2024,bundled,all,12,weekday,6,generation,0.057490,pge_nbt2024
PG&E,2026,2024,bundled,all,12,weekday,7,generation,0.059140,pge_nbt2024
PG&E,2026,2024,bundled,all,12,weekday,8,generation,0.059890,pge_nbt2024
PG&E,2026,2024,bundled,all,12,weekday,9,generation,0.060850,pge_nbt2024
PG&E,2026,2024,bundled,all,12,weekday,10,generation,0.059100,pge_nbt2024
PG&E,2026,2024,bundled,all,12,weekday,11,generation,0.058280,pge_nbt2024
PG&E,2026,2024,bundled,all,12,weekday,12,generation,0.057010,pge_nbt2024
PG&E,2026,2024,bundled,all,12,weekday,13,generation,0.056440,pge_nbt2024
PG&E,2026,2024,bundled,all,12,weekday,14,generation,0.056610,pge_nbt2024
PG&E,2026,2024,bundled,all,12,weekday,15,generation,0.058450,pge_nbt2024
PG&E,2026,2024,bundled,all,12,weekday,16,generation,0.063200,pge_nbt2024
PG&E,2026,2024,bundled,all,12,weekday,17,generation,0.062300,pge_nbt2024
PG&E,2026,2024,bundled,all,12,weekday,18,generation,0.061990,pge_nbt2024
PG&E,2026,2024,bundled,all,12,weekday,19,generation,0.063690,pge_nbt2024
PG&E,2026,2024,bundled,all,12,weekday,20,generation,0.064480,pge_nbt2024
PG&E,2026,2024,bundled,all,12,weekday,21,generation,0.062330,pge_nbt2024
PG&E,2026,2024,bundled,all,12,weekday,22,generation,0.056430,pge_nbt2024
PG&E,2026,2024,bundled,all,12,weekday,23,generation,0.056260,pge_nbt2024
PG&E,2026,2024,bundled,all,12,weekend_holiday,0,generation,0.056100,pge_nbt2024
PG&E,2026,2024,bundled,all,12,weekend_holiday,1,generation,0.055670,pge_nbt2024
PG&E,2026,2024,bundled,all,12,weekend_holiday,2,generation,0.055580,pge_nbt2024
PG&E,2026,2024,bundled,all,12,weekend_holiday,3,generation,0.055360,pge_nbt2024
PG&E,2026,2024,bundled,all,12,weekend_holiday,4,generation,0.055050,pge_nbt2024
PG&E,2026,2024,bundled,all,12,weekend_holiday,5,generation,0.055020,pge_nbt2024
PG&E,2026,2024,bundled,all,12,weekend_holiday,6,generation,0.055260,pge_nbt2024
PG&E,2026,2024,bundled,all,12,weekend_holiday,7,generation,0.053490,pge_nbt2024
PG&E,2026,2024,bundled,all,12,weekend_holiday,8,generation,0.052020,pge_nbt2024
PG&E,2026,2024,bundled,all,12,weekend_holiday,9,generation,0.052000,pge_nbt2024
PG&E,2026,2024,bundled,all,12,weekend_holiday,10,generation,0.052430,pge_nbt2024
PG&E,2026,2024,bundled,all,12,weekend_holiday,11,generation,0.051810,pge_nbt2024
PG&E,2026,2024,bundled,all,12,weekend_holiday,12,generation,0.050310,pge_nbt2024
PG&E,2026,2024,bundled,all,12,weekend_holiday,13,generation,0.050250,pge_nbt2024
PG&E,2026,2024,bundled,all,12,weekend_holiday,14,generation,0.050260,pge_nbt2024
PG&E,2026,2024,bundled,all,12,weekend_holiday,15,generation,0.051100,pge_nbt2024
PG&E,2026,2024,bundled,all,12,weekend_holiday,16,generation,0.057520,pge_nbt2024
PG&E,2026,2024,bundled,all,12,weekend_holiday,17,generation,0.061830,pge_nbt2024
PG&E,2026,2024,bundled,all,12,weekend_holiday,18,generation,0.063450,pge_nbt2024
PG&E,2026,2024,bundled,all,12,weekend_holiday,19,generation,0.063530,pge_nbt2024
PG&E,2026,2024,bundled,all,12,weekend_holiday,20,generation,0.061010,pge_nbt2024
PG&E,2026,2024,bundled,all,12,weekend_holiday,21,generation,0.057640,pge_nbt2024
PG&E,2026,2024,bundled,all,12,weekend_holiday,22,generation,0.056820,pge_nbt2024
PG&E,2026,2024,bundled,all,12,weekend_holiday,23,generation,0.057310,pge_nbt2024
PG&E,2026,2024,bundled,all,1,weekday,0,total,0.059500,pge_nbt2024
PG&E,2026,2024,bundled,all,1,weekday,1,total,0.059800,pge_nbt2024
PG&E,2026,2024,bundled,all,1,weekday,2,total,0.058590,pge_nbt2024
PG&E,2026,2024,bundled,all,1,weekday,3,total,0.058170,pge_nbt2024
PG&E,2026,2024,bundled,all,1,weekday,4,total,0.058740,pge_nbt2024
PG&E,2026,2024,bundled,all,1,weekday,5,total,0.059450,pge_nbt2024
PG&E,2026,2024,bundled,all,1,weekday,6,total,0.062060,pge_nbt2024
PG&E,2026,2024,bundled,all,1,weekday,7,total,0.063850,pge_nbt2024
PG&E,2026,2024,bundled,all,1,weekday,8,total,0.063190,pge_nbt2024
PG&E,2026,2024,bundled,all,1,weekday,9,total,0.063860,pge_nbt2024
PG&E,2026,2024,bundled,all,1,weekday,10,total,0.062360,pge_nbt2024
PG&E,2026,2024,bundled,all,1,weekday,11,total,0.061010,pge_nbt2024
PG&E,2026,2024,bundled,all,1,weekday,12,total,0.060810,pge_nbt2024
PG&E,2026,2024,bundled,all,1,weekday,13,total,0.060020,pge_nbt2024
PG&E,2026,2024,bundled,all,1,weekday,14,total,0.060140,pge_nbt2024
PG&E,2026,2024,bundled,all,1,weekday,15,total,0.061420,pge_nbt2024
PG&E,2026,2024,bundled,all,1,weekday,16,total,0.067250,pge_nbt2024
PG&E,2026,2024,bundled,all,1,weekday,17,total,0.067680,pge_nbt2024
PG&E,2026,2024,bundled,all,1,weekday,18,total,0.068100,pge_nbt2024
PG&E,2026,2024,bundled,all,1,weekday,19,total,0.068520,pge_nbt2024
PG&E,2026,2024,bundled,all,1,weekday,20,total,0.067740,pge_nbt2024
PG&E,2026,2024,bundled,all,1,weekday,21,total,0.066700,pge_nbt2024
PG&E,2026,2024,bundled,all,1,weekday,22,total,0.060910,pge_nbt2024
PG&E,2026,2024,bundled,all,1,weekday,23,total,0.059680,pge_nbt2024
PG&E,2026,2024,bundled,all,1,weekend_holiday,0,total,0.058030,pge_nbt2024
PG&E,2026,2024,bundled,all,1,weekend_holiday,1,total,0.056910,pge_nbt2024
PG&E,2026,2024,bundled,all,1,weekend_holiday,2,total,0.057360,pge_nbt2024
PG&E,2026,2024,bundled,all,1,weekend_holiday,3,total,0.056380,pge_nbt2024
PG&E,2026,2024,bundled,all,1,weekend_holiday,4,total,0.056080,pge_nbt2024
PG&E,2026,2024,bundled,all,1,weekend_holiday,5,total,0.053820,pge_nbt2024
PG&E,2026,2024,bundled,all,1,weekend_holiday,6,total,0.055040,pge_nbt2024
PG&E,2026,2024,bundled,all,1,weekend_holiday,7,total,0.056290,pge_nbt2024
PG&E,2026,2024,bundled,all,1,weekend_holiday,8,total,0.051080,pge_nbt2024
PG&E,2026,2024,bundled,all,1,weekend_holiday,9,total,0.049000,pge_nbt2024
PG&E,2026,2024,bundled,all,1,weekend_holiday,10,total,0.048880,pge_nbt2024
PG&E,2026,2024,bundled,all,1,weekend_holiday,11,total,0.048130,pge_nbt2024
PG&E,2026,2024,bundled,all,1,weekend_holiday,12,total,0.046510,pge_nbt2024
PG&E,2026,2024,bundled,all,1,weekend_holiday,13,total,0.047660,pge_nbt2024
PG&E,2026,2024,bundled,all,1,weekend_holiday,14,total,0.050370,pge_nbt2024
PG&E,2026,2024,bundled,all,1,weekend_holiday,15,total,0.051510,pge_nbt2024
PG&E,2026,2024,bundled,all,1,weekend_holiday,16,total,0.061000,pge_nbt2024
PG&E,2026,2024,bundled,all,1,weekend_holiday,17,total,0.066840,pge_nbt2024
PG&E,2026,2024,bundled,all,1,weekend_holiday,18,total,0.067950,pge_nbt2024
PG&E,2026,2024,bundled,all,1,weekend_holiday,19,total,0.067770,pge_nbt2024
PG&E,2026,2024,bundled,all,1,weekend_holiday,20,total,0.067540,pge_nbt2024
PG&E,2026,2024,bundled,all,1,weekend_holiday,21,total,0.065650,pge_nbt2024
PG&E,2026,2024,bundled,all,1,weekend_holiday,22,total,0.060590,pge_nbt2024
PG&E,2026,2024,bundled,all,1,weekend_holiday,23,total,0.059110,pge_nbt2024
PG&E,2026,2024,bundled,all,2,weekday,0,total,0.061420,pge_nbt2024
PG&E,2026,2024,bundled,all,2,weekday,1,total,0.061120,pge_nbt2024
PG&E,2026,2024,bundled,all,2,weekday,2,total,0.060480,pge_nbt2024
PG&E,2026,2024,bundled,all,2,weekday,3,total,0.060300,pge_nbt2024
PG&E,2026,2024,bundled,all,2,weekday,4,total,0.060990,pge_nbt2024
PG&E,2026,2024,bundled,all,2,weekday,5,total,0.061870,pge_nbt2024
PG&E,2026,2024,bundled,all,2,weekday,6,total,0.065580,pge_nbt2024
PG&E,2026,2024,bundled,all,2,weekday,7,total,0.068120,pge_nbt2024
PG&E,2026,2024,bundled,all,2,weekday,8,total,0.059870,pge_nbt2024
PG&E,2026,2024,bundled,all,2,weekday,9,total,0.057670,pge_nbt2024
PG&E,2026,2024,bundled,all,2,weekday,10,total,0.055480,pge_nbt2024
PG&E,2026,2024,bundled,all,2,weekday,11,total,0.052560,pge_nbt2024
PG&E,2026,2024,bundled,all,2,weekday,12,total,0.051540,pge_nbt2024
PG&E,2026,2024,bundled,all,2,weekday,13,total,0.049910,pge_nbt2024
PG&E,2026,2024,bundled,all,2,weekday,14,total,0.051460,pge_nbt2024
PG&E,2026,2024,bundled,all,2,weekday,15,total,0.055370,pge_nbt2024
PG&E,2026,2024,bundled,all,2,weekday,16,total,0.070170,pge_nbt2024
PG&E,2026,2024,bundled,all,2,weekday,17,total,0.072460,pge_nbt2024
PG&E,2026,2024,bundled,all,2,weekday,18,total,0.070020,pge_nbt2024
PG&E,2026,2024,bundled,all,2,weekday,19,total,0.070890,pge_nbt2024
PG&E,2026,2024,bundled,all,2,weekday,20,total,0.069700,pge_nbt2024
PG&E,2026,2024,bundled,all,2,weekday,21,total,0.072180,pge_nbt2024
PG&E,2026,2024,bundled,all,2,weekday,22,total,0.065150,pge_nbt2024
PG&E,2026,2024,bundled,all,2,weekday,23,total,0.062530,pge_nbt2024
PG&E,2026,2024,bundled,all,2,weekend_holiday,0,total,0.060340,pge_nbt2024
PG&E,2026,2024,bundled,all,2,weekend_holiday,1,total,0.060040,pge_nbt2024
PG&E,2026,2024,bundled,all,2,weekend_holiday,2,total,0.059040,pge_nbt2024
PG&E,2026,2024,bundled,all,2,weekend_holiday,3,total,0.058560,pge_nbt2024
PG&E,2026,2024,bundled,all,2,weekend_holiday,4,total,0.058810,pge_nbt2024
PG&E,2026,2024,bundled,all,2,weekend_holiday,5,total,0.059380,pge_nbt2024
PG&E,2026,2024,bundled,all,2,weekend_holiday,6,total,0.063260,pge_nbt2024
PG&E,2026,2024,bundled,all,2,weekend_holiday,7,total,0.054300,pge_nbt2024
PG&E,2026,2024,bundled,all,2,weekend_holiday,8,total,0.036140,pge_nbt2024
PG&E,2026,2024,bundled,all,2,weekend_holiday,9,total,0.033670,pge_nbt2024
PG&E,2026,2024,bundled,all,2,weekend_holiday,10,total,0.033470,pge_nbt2024
PG&E,2026,2024,bundled,all,2,weekend_holiday,11,total,0.032620,pge_nbt2024
PG&E,2026,2024,bundled,all,2,weekend_holiday,12,total,0.032360,pge_nbt2024
PG&E,2026,2024,bundled,all,2,weekend_holiday,13,total,0.032950,pge_nbt2024
PG&E,2026,2024,bundled,all,2,weekend_holiday,14,total,0.033710,pge_nbt2024
PG&E,2026,2024,bundled,all,2,weekend_holiday,15,total,0.032890,pge_nbt2024
PG&E,2026,2024,bundled,all,2,weekend_holiday,16,total,0.063080,pge_nbt2024
PG&E,2026,2024,bundled,all,2,weekend_holiday,17,total,0.074050,pge_nbt2024
PG&E,2026,2024,bundled,all,2,weekend_holiday,18,total,0.075360,pge_nbt2024
PG&E,2026,2024,bundled,all,2,weekend_holiday,19,total,0.074560,pge_nbt2024
PG&E,2026,2024,bundled,all,2,weekend_holiday,20,total,0.074150,pge_nbt2024
PG&E,2026,2024,bundled,all,2,weekend_holiday,21,total,0.073530,pge_nbt2024
PG&E,2026,2024,bundled,all,2,weekend_holiday,22,total,0.064280,pge_nbt2024
PG&E,2026,2024,bundled,all,2,weekend_holiday,23,total,0.065960,pge_nbt2024
PG&E,2026,2024,bundled,all,3,weekday,0,total,0.054770,pge_nbt2024
PG&E,2026,2024,bundled,all,3,weekday,1,total,0.051560,pge_nbt2024
PG&E,2026,2024,bundled,all,3,weekday,2,total,0.053650,pge_nbt2024
PG&E,2026,2024,bundled,all,3,weekday,3,total,0.052980,pge_nbt2024
PG&E,2026,2024,bundled,all,3,weekday,4,total,0.053030,pge_nbt2024
PG&E,2026,2024,bundled,all,3,weekday,5,total,0.053220,pge_nbt2024
PG&E,2026,2024,bundled,all,3,weekday,6,total,0.058110,pge_nbt2024
PG&E,2026,2024,bundled,all,3,weekday,7,total,0.058260,pge_nbt2024
PG&E,2026,2024,bundled,all,3,weekday,8,total,0.050890,pge_nbt2024
PG&E,2026,2024,bundled,all,3,weekday,9,total,0.044320,pge_nbt2024
PG&E,2026,2024,bundled,all,3,weekday,10,total,0.041330,pge_nbt2024
PG&E,2026,2024,bundled,all,3,weekday,11,total,0.039340,pge_nbt2024
PG&E,2026,2024,bundled,all,3,weekday,12,total,0.037660,pge_nbt2024
PG&E,2026,2024,bundled,all,3,weekday,13,total,0.036390,pge_nbt2024
PG&E,2026,2024,bundled,all,3,weekday,14,total,0.036710,pge_nbt2024
PG&E,2026,2024,bundled,all,3,weekday,15,total,0.037110,pge_nbt2024
PG&E,2026,2024,bundled,all,3,weekday,16,total,0.041910,pge_nbt2024
PG&E,2026,2024,bundled,all,3,weekday,17,total,0.055570,pge_nbt2024
PG&E,2026,2024,bundled,all,3,weekday,18,total,0.068070,pge_nbt2024
PG&E,2026,2024,bundled,all,3,weekday,19,total,0.068800,pge_nbt2024
PG&E,2026,2024,bundled,all,3,weekday,20,total,0.066380,pge_nbt2024
PG&E,2026,2024,bundled,all,3,weekday,21,total,0.066170,pge_nbt2024
PG&E,2026,2024,bundled,all,3,weekday,22,total,0.064250,pge_nbt2024
PG&E,2026,2024,bundled,all,3,weekday,23,total,0.055150,pge_nbt2024
PG&E,2026,2024,bundled,all,3,weekend_holiday,0,total,0.051650,pge_nbt2024
PG&E,2026,2024,bundled,all,3,weekend_holiday,1,total,0.052150,pge_nbt2024
PG&E,2026,2024,bundled,all,3,weekend_holiday,2,total,0.054950,pge_nbt2024
PG&E,2026,2024,bundled,all,3,weekend_holiday,3,total,0.052020,pge_nbt2024
PG&E,2026,2024,bundled,all,3,weekend_holiday,4,total,0.051730,pge_nbt2024
PG&E,2026,2024,bundled,all,3,weekend_holiday,5,total,0.049970,pge_nbt2024
PG&E,2026,2024,bundled,all,3,weekend_holiday,6,total,0.049650,pge_nbt2024
PG&E,2026,2024,bundled,all,3,weekend_holiday,7,total,0.039390,pge_nbt2024
PG&E,2026,2024,bundled,all,3,weekend_holiday,8,total,0.020010,pge_nbt2024
PG&E,2026,2024,bundled,all,3,weekend_holiday,9,total,0.015650,pge_nbt2024
PG&E,2026,2024,bundled,all,3,weekend_holiday,10,total,0.013620,pge_nbt2024
PG&E,2026,2024,bundled,all,3,weekend_holiday,11,total,0.013060,pge_nbt2024
PG&E,2026,2024,bundled,all,3,weekend_holiday,12,total,0.012370,pge_nbt2024
PG&E,2026,2024,bundled,all,3,weekend_holiday,13,total,0.008540,pge_nbt2024
PG&E,2026,2024,bundled,all,3,weekend_holiday,14,total,0.007340,pge_nbt2024
PG&E,2026,2024,bundled,all,3,weekend_holiday,15,total,0.008420,pge_nbt2024
PG&E,2026,2024,bundled,all,3,weekend_holiday,16,total,0.012360,pge_nbt2024
PG&E,2026,2024,bundled,all,3,weekend_holiday,17,total,0.047430,pge_nbt2024
PG&E,2026,2024,bundled,all,3,weekend_holiday,18,total,0.070970,pge_nbt2024
PG&E,2026,2024,bundled,all,3,weekend_holiday,19,total,0.072280,pge_nbt2024
PG&E,2026,2024,bundled,all,3,weekend_holiday,20,total,0.070700,pge_nbt2024
PG&E,2026,2024,bundled,all,3,weekend_holiday,21,total,0.069310,pge_nbt2024
PG&E,2026,2024,bundled,all,3,weekend_holiday,22,total,0.066510,pge_nbt2024
PG&E,2026,2024,bundled,all,3,weekend_holiday,23,total,0.061310,pge_nbt2024
PG&E,2026,2024,bundled,all,4,weekday,0,total,0.062320,pge_nbt2024
PG&E,2026,2024,bundled,all,4,weekday,1,total,0.055490,pge_nbt2024
PG&E,2026,2024,bundled,all,4,weekday,2,total,0.052420,pge_nbt2024
PG&E,2026,2024,bundled,all,4,weekday,3,total,0.051170,pge_nbt2024
PG&E,2026,2024,bundled,all,4,weekday,4,total,0.052530,pge_nbt2024
PG&E,2026,2024,bundled,all,4,weekday,5,total,0.055700,pge_nbt2024
PG&E,2026,2024,bundled,all,4,weekday,6,total,0.058530,pge_nbt2024
PG&E,2026,2024,bundled,all,4,weekday,7,total,0.048370,pge_nbt2024
PG&E,2026,2024,bundled,all,4,weekday,8,total,0.014440,pge_nbt2024
PG&E,2026,2024,bundled,all,4,weekday,9,total,0.013070,pge_nbt2024
PG&E,2026,2024,bundled,all,4,weekday,10,total,0.011770,pge_nbt2024
PG&E,2026,2024,bundled,all,4,weekday,11,total,0.011040,pge_nbt2024
PG&E,2026,2024,bundled,all,4,weekday,12,total,0.010530,pge_nbt2024
PG&E,2026,2024,bundled,all,4,weekday,13,total,0.009690,pge_nbt2024
PG&E,2026,2024,bundled,all,4,weekday,14,total,0.008370,pge_nbt2024
PG&E,2026,2024,bundled,all,4,weekday,15,total,0.006940,pge_nbt2024
PG&E,2026,2024,bundled,all,4,weekday,16,total,0.010860,pge_nbt2024
PG&E,2026,2024,bundled,all,4,weekday,17,total,0.027040,pge_nbt2024
PG&E,2026,2024,bundled,all,4,weekday,18,total,0.066950,pge_nbt2024
PG&E,2026,2024,bundled,all,4,weekday,19,total,0.062720,pge_nbt2024
PG&E,2026,2024,bundled,all,4,weekday,20,total,0.060050,pge_nbt2024
PG&E,2026,2024,bundled,all,4,weekday,21,total,0.060730,pge_nbt2024
PG&E,2026,2024,bundled,all,4,weekday,22,total,0.060020,pge_nbt2024
PG&E,2026,2024,bundled,all,4,weekday,23,total,0.058210,pge_nbt2024
PG&E,2026,2024,bundled,all,4,weekend_holiday,0,total,0.053990,pge_nbt2024
PG&E,2026,2024,bundled,all,4,weekend_holiday,1,total,0.050720,pge_nbt2024
PG&E,2026,2024,bundled,all,4,weekend_holiday,2,total,0.042870,pge_nbt2024
PG&E,2026,2024,bundled,all,4,weekend_holiday,3,total,0.039580,pge_nbt2024
PG&E,2026,2024,bundled,all,4,weekend_holiday,4,total,0.039650,pge_nbt2024
PG&E,2026,2024,bundled,all,4,weekend_holiday,5,total,0.045230,pge_nbt2024
PG&E,2026,2024,bundled,all,4,weekend_holiday,6,total,0.053980,pge_nbt2024
PG&E,2026,2024,bundled,all,4,weekend_holiday,7,total,0.025290,pge_nbt2024
PG&E,2026,2024,bundled,all,4,weekend_holiday,8,total,0.005880,pge_nbt2024
PG&E,2026,2024,bundled,all,4,weekend_holiday,9,total,0.005790,pge_nbt2024
PG&E,2026,2024,bundled,all,4,weekend_holiday,10,total,0.005790,pge_nbt2024
PG&E,2026,2024,bundled,all,4,weekend_holiday,11,total,0.005790,pge_nbt2024
PG&E,2026,2024,bundled,all,4,weekend_holiday,12,total,0.008770,pge_nbt2024
PG&E,2026,2024,bundled,all,4,weekend_holiday,13,total,0.006350,pge_nbt2024
PG&E,2026,2024,bundled,all,4,weekend_holiday,14,total,0.003210,pge_nbt2024
PG&E,2026,2024,bundled,all,4,weekend_holiday,15,total,0.000970,pge_nbt2024
PG&E,2026,2024,bundled,all,4,weekend_holiday,16,total,0.000310,pge_nbt2024
PG&E,2026,2024,bundled,all,4,weekend_holiday,17,total,0.003440,pge_nbt2024
PG&E,2026,2024,bundled,all,4,weekend_holiday,18,total,0.071290,pge_nbt2024
PG&E,2026,2024,bundled,all,4,weekend_holiday,19,total,0.058440,pge_nbt2024
PG&E,2026,2024,bundled,all,4,weekend_holiday,20,total,0.056150,pge_nbt2024
PG&E,2026,2024,bundled,all,4,weekend_holiday,21,total,0.057150,pge_nbt2024
PG&E,2026,2024,bundled,all,4,weekend_holiday,22,total,0.057660,pge_nbt2024
PG&E,2026,2024,bundled,all,4,weekend_holiday,23,total,0.062420,pge_nbt2024
PG&E,2026,2024,bundled,all,5,weekday,0,total,0.065680,pge_nbt2024
PG&E,2026,2024,bundled,all,5,weekday,1,total,0.060100,pge_nbt2024
PG&E,2026,2024,bundled,all,5,weekday,2,total,0.059320,pge_nbt2024
PG&E,2026,2024,bundled,all,5,weekday,3,total,0.058930,pge_nbt2024
PG&E,2026,2024,bundled,all,5,weekday,4,total,0.060070,pge_nbt2024
PG&E,2026,2024,bundled,all,5,weekday,5,total,0.063180,pge_nbt2024
PG&E,2026,2024,bundled,all,5,weekday,6,total,0.065190,pge_nbt2024
PG&E,2026,2024,bundled,all,5,weekday,7,total,0.047570,pge_nbt2024
PG&E,2026,2024,bundled,all,5,weekday,8,total,0.032240,pge_nbt2024
PG&E,2026,2024,bundled,all,5,weekday,9,total,0.032370,pge_nbt2024
PG&E,2026,2024,bundled,all,5,weekday,10,total,0.030320,pge_nbt2024
PG&E,2026,2024,bundled,all,5,weekday,11,total,0.029000,pge_nbt2024
PG&E,2026,2024,bundled,all,5,weekday,12,total,0.027000,pge_nbt2024
PG&E,2026,2024,bundled,all,5,weekday,13,total,0.027000,pge_nbt2024
PG&E,2026,2024,bundled,all,5,weekday,14,total,0.027610,pge_nbt2024
PG&E,2026,2024,bundled,all,5,weekday,15,total,0.026320,pge_nbt2024
PG&E,2026,2024,bundled,all,5,weekday,16,total,0.029430,pge_nbt2024
PG&E,2026,2024,bundled,all,5,weekday,17,total,0.043460,pge_nbt2024
PG&E,2026,2024,bundled,all,5,weekday,18,total,0.064060,pge_nbt2024
PG&E,2026,2024,bundled,all,5,weekday,19,total,0.064040,pge_nbt2024
PG&E,2026,2024,bundled,all,5,weekday,20,total,0.063100,pge_nbt2024
PG&E,2026,2024,bundled,all,5,weekday,21,total,0.063310,pge_nbt2024
PG&E,2026,2024,bundled,all,5,weekday,22,total,0.063740,pge_nbt2024
PG&E,2026,2024,bundled,all,5,weekday,23,total,0.063240,pge_nbt2024
PG&E,2026,2024,bundled,all,5,weekend_holiday,0,total,0.062240,pge_nbt2024
PG&E,2026,2024,bundled,all,5,weekend_holiday,1,total,0.059120,pge_nbt2024
PG&E,2026,2024,bundled,all,5,weekend_holiday,2,total,0.057650,pge_nbt2024
PG&E,2026,2024,bundled,all,5,weekend_holiday,3,total,0.056110,pge_nbt2024
PG&E,2026,2024,bundled,all,5,weekend_holiday,4,total,0.057790,pge_nbt2024
PG&E,2026,2024,bundled,all,5,weekend_holiday,5,total,0.058710,pge_nbt2024
PG&E,2026,2024,bundled,all,5,weekend_holiday,6,total,0.050640,pge_nbt2024
PG&E,2026,2024,bundled,all,5,weekend_holiday,7,total,0.011700,pge_nbt2024
PG&E,2026,2024,bundled,all,5,weekend_holiday,8,total,0.009200,pge_nbt2024
PG&E,2026,2024,bundled,all,5,weekend_holiday,9,total,0.009140,pge_nbt2024
PG&E,2026,2024,bundled,all,5,weekend_holiday,10,total,0.009080,pge_nbt2024
PG&E,2026,2024,bundled,all,5,weekend_holiday,11,total,0.009060,pge_nbt2024
PG&E,2026,2024,bundled,all,5,weekend_holiday,12,total,0.009280,pge_nbt2024
PG&E,2026,2024,bundled,all,5,weekend_holiday,13,total,0.009790,pge_nbt2024
PG&E,2026,2024,bundled,all,5,weekend_holiday,14,total,0.007560,pge_nbt2024
PG&E,2026,2024,bundled,all,5,weekend_holiday,15,total,0.006500,pge_nbt2024
PG&E,2026,2024,bundled,all,5,weekend_holiday,16,total,0.004310,pge_nbt2024
PG&E,2026,2024,bundled,all,5,weekend_holiday,17,total,0.012880,pge_nbt2024
PG&E,2026,2024,bundled,all,5,weekend_holiday,18,total,0.061410,pge_nbt2024
PG&E,2026,2024,bundled,all,5,weekend_holiday,19,total,0.063310,pge_nbt2024
PG&E,2026,2024,bundled,all,5,weekend_holiday,20,total,0.062320,pge_nbt2024
PG&E,2026,2024,bundled,all,5,weekend_holiday,21,total,0.063660,pge_nbt2024
PG&E,2026,2024,bundled,all,5,weekend_holiday,22,total,0.065540,pge_nbt2024
PG&E,2026,2024,bundled,all,5,weekend_holiday,23,total,0.063640,pge_nbt2024
PG&E,2026,2024,bundled,all,6,weekday,0,total,0.056200,pge_nbt2024
PG&E,2026,2024,bundled,all,6,weekday,1,total,0.052070,pge_nbt2024
PG&E,2026,2024,bundled,all,6,weekday,2,total,0.052660,pge_nbt2024
PG&E,2026,2024,bundled,all,6,weekday,3,total,0.053300,pge_nbt2024
PG&E,2026,2024,bundled,all,6,weekday,4,total,0.052800,pge_nbt2024
PG&E,2026,2024,bundled,all,6,weekday,5,total,0.053650,pge_nbt2024
PG&E,2026,2024,bundled,all,6,weekday,6,total,0.054260,pge_nbt2024
PG&E,2026,2024,bundled,all,6,weekday,7,total,0.055490,pge_nbt2024
PG&E,2026,2024,bundled,all,6,weekday,8,total,0.056200,pge_nbt2024
PG&E,2026,2024,bundled,all,6,weekday,9,total,0.058040,pge_nbt2024
PG&E,2026,2024,bundled,all,6,weekday,10,total,0.057070,pge_nbt2024
PG&E,2026,2024,bundled,all,6,weekday,11,total,0.057500,pge_nbt2024
PG&E,2026,2024,bundled,all,6,weekday,12,total,0.058360,pge_nbt2024
PG&E,2026,2024,bundled,all,6,weekday,13,total,0.059170,pge_nbt2024
PG&E,2026,2024,bundled,all,6,weekday,14,total,0.109100,pge_nbt2024
PG&E,2026,2024,bundled,all,6,weekday,15,total,0.163550,pge_nbt2024
PG&E,2026,2024,bundled,all,6,weekday,16,total,0.220110,pge_nbt2024
PG&E,2026,2024,bundled,all,6,weekday,17,total,0.238020,pge_nbt2024
PG&E,2026,2024,bundled,all,6,weekday,18,total,0.295500,pge_nbt2024
PG&E,2026,2024,bundled,all,6,weekday,19,total,0.247810,pge_nbt2024
PG&E,2026,2024,bundled,all,6,weekday,20,total,0.189670,pge_nbt2024
PG&E,2026,2024,bundled,all,6,weekday,21,total,0.081210,pge_nbt2024
PG&E,2026,2024,bundled,all,6,weekday,22,total,0.074140,pge_nbt2024
PG&E,2026,2024,bundled,all,6,weekday,23,total,0.060610,pge_nbt2024
PG&E,2026,2024,bundled,all,6,weekend_holiday,0,total,0.057350,pge_nbt2024
PG&E,2026,2024,bundled,all,6,weekend_holiday,1,total,0.053820,pge_nbt2024
PG&E,2026,2024,bundled,all,6,weekend_holiday,2,total,0.055010,pge_nbt2024
PG&E,2026,2024,bundled,all,6,weekend_holiday,3,total,0.056430,pge_nbt2024
PG&E,2026,2024,bundled,all,6,weekend_holiday,4,total,0.056360,pge_nbt2024
PG&E,2026,2024,bundled,all,6,weekend_holiday,5,total,0.056140,pge_nbt2024
PG&E,2026,2024,bundled,all,6,weekend_holiday,6,total,0.058260,pge_nbt2024
PG&E,2026,2024,bundled,all,6,weekend_holiday,7,total,0.047700,pge_nbt2024
PG&E,2026,2024,bundled,all,6,weekend_holiday,8,total,0.039100,pge_nbt2024
PG&E,2026,2024,bundled,all,6,weekend_holiday,9,total,0.040590,pge_nbt2024
PG&E,2026,2024,bundled,all,6,weekend_holiday,10,total,0.041740,pge_nbt2024
PG&E,2026,2024,bundled,all,6,weekend_holiday,11,total,0.040420,pge_nbt2024
PG&E,2026,2024,bundled,all,6,weekend_holiday,12,total,0.038170,pge_nbt2024
PG&E,2026,2024,bundled,all,6,weekend_holiday,13,total,0.035900,pge_nbt2024
PG&E,2026,2024,bundled,all,6,weekend_holiday,14,total,0.037200,pge_nbt2024
PG&E,2026,2024,bundled,all,6,weekend_holiday,15,total,0.040380,pge_nbt2024
PG&E,2026,2024,bundled,all,6,weekend_holiday,16,total,0.045470,pge_nbt2024
PG&E,2026,2024,bundled,all,6,weekend_holiday,17,total,0.079820,pge_nbt2024
PG&E,2026,2024,bundled,all,6,weekend_holiday,18,total,0.097260,pge_nbt2024
PG&E,2026,2024,bundled,all,6,weekend_holiday,19,total,0.101240,pge_nbt2024
PG&E,2026,2024,bundled,all,6,weekend_holiday,20,total,0.090990,pge_nbt2024
PG&E,2026,2024,bundled,all,6,weekend_holiday,21,total,0.079430,pge_nbt2024
PG&E,2026,2024,bundled,all,6,weekend_holiday,22,total,0.074210,pge_nbt2024
PG&E,2026,2024,bundled,all,6,weekend_holiday,23,total,0.069590,pge_nbt2024
PG&E,2026,2024,bundled,all,7,weekday,0,total,0.062660,pge_nbt2024
PG&E,2026,2024,bundled,all,7,weekday,1,total,0.054970,pge_nbt2024
PG&E,2026,2024,bundled,all,7,weekday,2,total,0.055190,pge_nbt2024
PG&E,2026,2024,bundled,all,7,weekday,3,total,0.055600,pge_nbt2024
PG&E,2026,2024,bundled,all,7,weekday,4,total,0.055800,pge_nbt2024
PG&E,2026,2024,bundled,all,7,weekday,5,total,0.055840,pge_nbt2024
PG&E,2026,2024,bundled,all,7,weekday,6,total,0.056210,pge_nbt2024
PG&E,2026,2024,bundled,all,7,weekday,7,total,0.057910,pge_nbt2024
PG&E,2026,2024,bundled,all,7,weekday,8,total,0.059950,pge_nbt2024
PG&E,2026,2024,bundled,all,7,weekday,9,total,0.063430,pge_nbt2024
PG&E,2026,2024,bundled,all,7,weekday,10,total,0.063130,pge_nbt2024
PG&E,2026,2024,bundled,all,7,weekday,11,total,0.062850,pge_nbt2024
PG&E,2026,2024,bundled,all,7,weekday,12,total,0.062600,pge_nbt2024
PG&E,2026,2024,bundled,all,7,weekday,13,total,0.062770,pge_nbt2024
PG&E,2026,2024,bundled,all,7,weekday,14,total,0.064440,pge_nbt2024
PG&E,2026,2024,bundled,all,7,weekday,15,total,0.067130,pge_nbt2024
PG&E,2026,2024,bundled,all,7,weekday,16,total,0.075140,pge_nbt2024
PG&E,2026,2024,bundled,all,7,weekday,17,total,0.231860,pge_nbt2024
PG&E,2026,2024,bundled,all,7,weekday,18,total,0.234230,pge_nbt2024
PG&E,2026,2024,bundled,all,7,weekday,19,total,0.508760,pge_nbt2024
PG&E,2026,2024,bundled,all,7,weekday,20,total,0.191760,pge_nbt2024
PG&E,2026,2024,bundled,all,7,weekday,21,total,0.082400,pge_nbt2024
PG&E,2026,2024,bundled,all,7,weekday,22,total,0.076560,pge_nbt2024
PG&E,2026,2024,bundled,all,7,weekday,23,total,0.059850,pge_nbt2024
PG&E,2026,2024,bundled,all,7,weekend_holiday,0,total,0.059800,pge_nbt2024
PG&E,2026,2024,bundled,all,7,weekend_holiday,1,total,0.056790,pge_nbt2024
PG&E,2026,2024,bundled,all,7,weekend_holiday,2,total,0.056770,pge_nbt2024
PG&E,2026,2024,bundled,all,7,weekend_holiday,3,total,0.056750,pge_nbt2024
PG&E,2026,2024,bundled,all,7,weekend_holiday,4,total,0.056530,pge_nbt2024
PG&E,2026,2024,bundled,all,7,weekend_holiday,5,total,0.056230,pge_nbt2024
PG&E,2026,2024,bundled,all,7,weekend_holiday,6,total,0.056190,pge_nbt2024
PG&E,2026,2024,bundled,all,7,weekend_holiday,7,total,0.043430,pge_nbt2024
PG&E,2026,2024,bundled,all,7,weekend_holiday,8,total,0.042350,pge_nbt2024
PG&E,2026,2024,bundled,all,7,weekend_holiday,9,total,0.042120,pge_nbt2024
PG&E,2026,2024,bundled,all,7,weekend_holiday,10,total,0.040810,pge_nbt2024
PG&E,2026,2024,bundled,all,7,weekend_holiday,11,total,0.036910,pge_nbt2024
PG&E,2026,2024,bundled,all,7,weekend_holiday,12,total,0.035320,pge_nbt2024
PG&E,2026,2024,bundled,all,7,weekend_holiday,13,total,0.033190,pge_nbt2024
PG&E,2026,2024,bundled,all,7,weekend_holiday,14,total,0.035340,pge_nbt2024
PG&E,2026,2024,bundled,all,7,weekend_holiday,15,total,0.037170,pge_nbt2024
PG&E,2026,2024,bundled,all,7,weekend_holiday,16,total,0.041340,pge_nbt2024
PG&E,2026,2024,bundled,all,7,weekend_holiday,17,total,0.206080,pge_nbt2024
PG&E,2026,2024,bundled,all,7,weekend_holiday,18,total,0.257790,pge_nbt2024
PG&E,2026,2024,bundled,all,7,weekend_holiday,19,total,0.807350,pge_nbt2024
PG&E,2026,2024,bundled,all,7,weekend_holiday,20,total,0.282080,pge_nbt2024
PG&E,2026,2024,bundled,all,7,weekend_holiday,21,total,0.082910,pge_nbt2024
PG&E,2026,2024,bundled,all,7,weekend_holiday,22,total,0.077680,pge_nbt2024
PG&E,2026,2024,bundled,all,7,weekend_holiday,23,total,0.071900,pge_nbt2024
PG&E,2026,2024,bundled,all,8,weekday,0,total,0.061770,pge_nbt2024
PG&E,2026,2024,bundled,all,8,weekday,1,total,0.059160,pge_nbt2024
PG&E,2026,2024,bundled,all,8,weekday,2,total,0.058950,pge_nbt2024
PG&E,2026,2024,bundled,all,8,weekday,3,total,0.058760,pge_nbt2024
PG&E,2026,2024,bundled,all,8,weekday,4,total,0.059010,pge_nbt2024
PG&E,2026,2024,bundled,all,8,weekday,5,total,0.059620,pge_nbt2024
PG&E,2026,2024,bundled,all,8,weekday,6,total,0.059860,pge_nbt2024
PG&E,2026,2024,bundled,all,8,weekday,7,total,0.060810,pge_nbt2024
PG&E,2026,2024,bundled,all,8,weekday,8,total,0.063860,pge_nbt2024
PG&E,2026,2024,bundled,all,8,weekday,9,total,0.074950,pge_nbt2024
PG&E,2026,2024,bundled,all,8,weekday,10,total,0.073120,pge_nbt2024
PG&E,2026,2024,bundled,all,8,weekday,11,total,0.071330,pge_nbt2024
PG&E,2026,2024,bundled,all,8,weekday,12,total,0.070960,pge_nbt2024
PG&E,2026,2024,bundled,all,8,weekday,13,total,0.071470,pge_nbt2024
PG&E,2026,2024,bundled,all,8,weekday,14,total,0.075440,pge_nbt2024
PG&E,2026,2024,bundled,all,8,weekday,15,total,0.128730,pge_nbt2024
PG&E,2026,2024,bundled,all,8,weekday,16,total,0.137630,pge_nbt2024
PG&E,2026,2024,bundled,all,8,weekday,17,total,0.453780,pge_nbt2024
PG&E,2026,2024,bundled,all,8,weekday,18,total,0.871360,pge_nbt2024
PG&E,2026,2024,bundled,all,8,weekday,19,total,1.827260,pge_nbt2024
PG&E,2026,2024,bundled,all,8,weekday,20,total,0.713610,pge_nbt2024
PG&E,2026,2024,bundled,all,8,weekday,21,total,0.882070,pge_nbt2024
PG&E,2026,2024,bundled,all,8,weekday,22,total,0.629340,pge_nbt2024
PG&E,2026,2024,bundled,all,8,weekday,23,total,0.061120,pge_nbt2024
PG&E,2026,2024,bundled,all,8,weekend_holiday,0,total,0.059090,pge_nbt2024
PG&E,2026,2024,bundled,all,8,weekend_holiday,1,total,0.058910,pge_nbt2024
PG&E,2026,2024,bundled,all,8,weekend_holiday,2,total,0.057220,pge_nbt2024
PG&E,2026,2024,bundled,all,8,weekend_holiday,3,total,0.057640,pge_nbt2024
PG&E,2026,2024,bundled,all,8,weekend_holiday,4,total,0.057260,pge_nbt2024
PG&E,2026,2024,bundled,all,8,weekend_holiday,5,total,0.056850,pge_nbt2024
PG&E,2026,2024,bundled,all,8,weekend_holiday,6,total,0.056940,pge_nbt2024
PG&E,2026,2024,bundled,all,8,weekend_holiday,7,total,0.056720,pge_nbt2024
PG&E,2026,2024,bundled,all,8,weekend_holiday,8,total,0.058730,pge_nbt2024
PG&E,2026,2024,bundled,all,8,weekend_holiday,9,total,0.057320,pge_nbt2024
PG&E,2026,2024,bundled,all,8,weekend_holiday,10,total,0.059430,pge_nbt2024
PG&E,2026,2024,bundled,all,8,weekend_holiday,11,total,0.059020,pge_nbt2024
PG&E,2026,2024,bundled,all,8,weekend_holiday,12,total,0.058410,pge_nbt2024
PG&E,2026,2024,bundled,all,8,weekend_holiday,13,total,0.058400,pge_nbt2024
PG&E,2026,2024,bundled,all,8,weekend_holiday,14,total,0.060000,pge_nbt2024
PG&E,2026,2024,bundled,all,8,weekend_holiday,15,total,0.062190,pge_nbt2024
PG&E,2026,2024,bundled,all,8,weekend_holiday,16,total,0.069910,pge_nbt2024
PG&E,2026,2024,bundled,all,8,weekend_holiday,17,total,0.332870,pge_nbt2024
PG&E,2026,2024,bundled,all,8,weekend_holiday,18,total,0.647460,pge_nbt2024
PG&E,2026,2024,bundled,all,8,weekend_holiday,19,total,1.615920,pge_nbt2024
PG&E,2026,2024,bundled,all,8,weekend_holiday,20,total,0.673330,pge_nbt2024
PG&E,2026,2024,bundled,all,8,weekend_holiday,21,total,0.777660,pge_nbt2024
PG&E,2026,2024,bundled,all,8,weekend_holiday,22,total,0.587640,pge_nbt2024
PG&E,2026,2024,bundled,all,8,weekend_holiday,23,total,0.066350,pge_nbt2024
PG&E,2026,2024,bundled,all,9,weekday,0,total,0.068420,pge_nbt2024
PG&E,2026,2024,bundled,all,9,weekday,1,total,0.056110,pge_nbt2024
PG&E,2026,2024,bundled,all,9,weekday,2,total,0.055990,pge_nbt2024
PG&E,2026,2024,bundled,all,9,weekday,3,total,0.055660,pge_nbt2024
PG&E,2026,2024,bundled,all,9,weekday,4,total,0.055490,pge_nbt2024
PG&E,2026,2024,bundled,all,9,weekday,5,total,0.055870,pge_nbt2024
PG&E,2026,2024,bundled,all,9,weekday,6,total,0.057490,pge_nbt2024
PG&E,2026,2024,bundled,all,9,weekday,7,total,0.058940,pge_nbt2024
PG&E,2026,2024,bundled,all,9,weekday,8,total,0.057350,pge_nbt2024
PG&E,2026,2024,bundled,all,9,weekday,9,total,0.060710,pge_nbt2024
PG&E,2026,2024,bundled,all,9,weekday,10,total,0.059830,pge_nbt2024
PG&E,2026,2024,bundled,all,9,weekday,11,total,0.059830,pge_nbt2024
PG&E,2026,2024,bundled,all,9,weekday,12,total,0.060270,pge_nbt2024
PG&E,2026,2024,bundled,all,9,weekday,13,total,0.062120,pge_nbt2024
PG&E,2026,2024,bundled,all,9,weekday,14,total,0.064140,pge_nbt2024
PG&E,2026,2024,bundled,all,9,weekday,15,total,0.066880,pge_nbt2024
PG&E,2026,2024,bundled,all,9,weekday,16,total,0.122630,pge_nbt2024
PG&E,2026,2024,bundled,all,9,weekday,17,total,0.149120,pge_nbt2024
PG&E,2026,2024,bundled,all,9,weekday,18,total,2.231170,pge_nbt2024
PG&E,2026,2024,bundled,all,9,weekday,19,total,2.521390,pge_nbt2024
PG&E,2026,2024,bundled,all,9,weekday,20,total,0.161510,pge_nbt2024
PG&E,2026,2024,bundled,all,9,weekday,21,total,0.076130,pge_nbt2024
PG&E,2026,2024,bundled,all,9,weekday,22,total,0.069370,pge_nbt2024
PG&E,2026,2024,bundled,all,9,weekday,23,total,0.057810,pge_nbt2024
PG&E,2026,2024,bundled,all,9,weekend_holiday,0,total,0.057760,pge_nbt2024
PG&E,2026,2024,bundled,all,9,weekend_holiday,1,total,0.057110,pge_nbt2024
PG&E,2026,2024,bundled,all,9,weekend_holiday,2,total,0.056220,pge_nbt2024
PG&E,2026,2024,bundled,all,9,weekend_holiday,3,total,0.056200,pge_nbt2024
PG&E,2026,2024,bundled,all,9,weekend_holiday,4,total,0.055310,pge_nbt2024
PG&E,2026,2024,bundled,all,9,weekend_holiday,5,total,0.055100,pge_nbt2024
PG&E,2026,2024,bundled,all,9,weekend_holiday,6,total,0.054170,pge_nbt2024
PG&E,2026,2024,bundled,all,9,weekend_holiday,7,total,0.050720,pge_nbt2024
PG&E,2026,2024,bundled,all,9,weekend_holiday,8,total,0.047170,pge_nbt2024
PG&E,2026,2024,bundled,all,9,weekend_holiday,9,total,0.049040,pge_nbt2024
PG&E,2026,2024,bundled,all,9,weekend_holiday,10,total,0.050690,pge_nbt2024
PG&E,2026,2024,bundled,all,9,weekend_holiday,11,total,0.050510,pge_nbt2024
PG&E,2026,2024,bundled,all,9,weekend_holiday,12,total,0.048290,pge_nbt2024
PG&E,2026,2024,bundled,all,9,weekend_holiday,13,total,0.045880,pge_nbt2024
PG&E,2026,2024,bundled,all,9,weekend_holiday,14,total,0.047390,pge_nbt2024
PG&E,2026,2024,bundled,all,9,weekend_holiday,15,total,0.052030,pge_nbt2024
PG&E,2026,2024,bundled,all,9,weekend_holiday,16,total,0.061560,pge_nbt2024
PG&E,2026,2024,bundled,all,9,weekend_holiday,17,total,0.088820,pge_nbt2024
PG&E,2026,2024,bundled,all,9,weekend_holiday,18,total,1.921040,pge_nbt2024
PG&E,2026,2024,bundled,all,9,weekend_holiday,19,total,2.176070,pge_nbt2024
PG&E,2026,2024,bundled,all,9,weekend_holiday,20,total,0.152780,pge_nbt2024
PG&E,2026,2024,bundled,all,9,weekend_holiday,21,total,0.077420,pge_nbt2024
PG&E,2026,2024,bundled,all,9,weekend_holiday,22,total,0.069910,pge_nbt2024
PG&E,2026,2024,bundled,all,9,weekend_holiday,23,total,0.057530,pge_nbt2024
PG&E,2026,2024,bundled,all,10,weekday,0,total,0.067600,pge_nbt2024
PG&E,2026,2024,bundled,all,10,weekday,1,total,0.056480,pge_nbt2024
PG&E,2026,2024,bundled,all,10,weekday,2,total,0.056840,pge_nbt2024
PG&E,2026,2024,bundled,all,10,weekday,3,total,0.056620,pge_nbt2024
PG&E,2026,2024,bundled,all,10,weekday,4,total,0.056490,pge_nbt2024
PG&E,2026,2024,bundled,all,10,weekday,5,total,0.057030,pge_nbt2024
PG&E,2026,2024,bundled,all,10,weekday,6,total,0.057580,pge_nbt2024
PG&E,2026,2024,bundled,all,10,weekday,7,total,0.059500,pge_nbt2024
PG&E,2026,2024,bundled,all,10,weekday,8,total,0.057550,pge_nbt2024
PG&E,2026,2024,bundled,all,10,weekday,9,total,0.058970,pge_nbt2024
PG&E,2026,2024,bundled,all,10,weekday,10,total,0.059900,pge_nbt2024
PG&E,2026,2024,bundled,all,10,weekday,11,total,0.060310,pge_nbt2024
PG&E,2026,2024,bundled,all,10,weekday,12,total,0.061150,pge_nbt2024
PG&E,2026,2024,bundled,all,10,weekday,13,total,0.061770,pge_nbt2024
PG&E,2026,2024,bundled,all,10,weekday,14,total,0.066070,pge_nbt2024
PG&E,2026,2024,bundled,all,10,weekday,15,total,0.116730,pge_nbt2024
PG&E,2026,2024,bundled,all,10,weekday,16,total,0.125560,pge_nbt2024
PG&E,2026,2024,bundled,all,10,weekday,17,total,0.180530,pge_nbt2024
PG&E,2026,2024,bundled,all,10,weekday,18,total,0.126690,pge_nbt2024
PG&E,2026,2024,bundled,all,10,weekday,19,total,0.127280,pge_nbt2024
PG&E,2026,2024,bundled,all,10,weekday,20,total,0.073930,pge_nbt2024
PG&E,2026,2024,bundled,all,10,weekday,21,total,0.070280,pge_nbt2024
PG&E,2026,2024,bundled,all,10,weekday,22,total,0.062210,pge_nbt2024
PG&E,2026,2024,bundled,all,10,weekday,23,total,0.057690,pge_nbt2024
PG&E,2026,2024,bundled,all,10,weekend_holiday,0,total,0.056650,pge_nbt2024
PG&E,2026,2024,bundled,all,10,weekend_holiday,1,total,0.056330,pge_nbt2024
PG&E,2026,2024,bundled,all,10,weekend_holiday,2,total,0.055040,pge_nbt2024
PG&E,2026,2024,bundled,all,10,weekend_holiday,3,total,0.055100,pge_nbt2024
PG&E,2026,2024,bundled,all,10,weekend_holiday,4,total,0.054010,pge_nbt2024
PG&E,2026,2024,bundled,all,10,weekend_holiday,5,total,0.053700,pge_nbt2024
PG&E,2026,2024,bundled,all,10,weekend_holiday,6,total,0.053230,pge_nbt2024
PG&E,2026,2024,bundled,all,10,weekend_holiday,7,total,0.049720,pge_nbt2024
PG&E,2026,2024,bundled,all,10,weekend_holiday,8,total,0.043910,pge_nbt2024
PG&E,2026,2024,bundled,all,10,weekend_holiday,9,total,0.044800,pge_nbt2024
PG&E,2026,2024,bundled,all,10,weekend_holiday,10,total,0.045920,pge_nbt2024
PG&E,2026,2024,bundled,all,10,weekend_holiday,11,total,0.048070,pge_nbt2024
PG&E,2026,2024,bundled,all,10,weekend_holiday,12,total,0.050310,pge_nbt2024
PG&E,2026,2024,bundled,all,10,weekend_holiday,13,total,0.050610,pge_nbt2024
PG&E,2026,2024,bundled,all,10,weekend_holiday,14,total,0.055560,pge_nbt2024
PG&E,2026,2024,bundled,all,10,weekend_holiday,15,total,0.068140,pge_nbt2024
PG&E,2026,2024,bundled,all,10,weekend_holiday,16,total,0.084060,pge_nbt2024
PG&E,2026,2024,bundled,all,10,weekend_holiday,17,total,0.124610,pge_nbt2024
PG&E,2026,2024,bundled,all,10,weekend_holiday,18,total,0.234310,pge_nbt2024
PG&E,2026,2024,bundled,all,10,weekend_holiday,19,total,0.113280,pge_nbt2024
PG&E,2026,2024,bundled,all,10,weekend_holiday,20,total,0.102580,pge_nbt2024
PG&E,2026,2024,bundled,all,10,weekend_holiday,21,total,0.092650,pge_nbt2024
PG&E,2026,2024,bundled,all,10,weekend_holiday,22,total,0.077720,pge_nbt2024
PG&E,2026,2024,bundled,all,10,weekend_holiday,23,total,0.068350,pge_nbt2024
PG&E,2026,2024,bundled,all,11,weekday,0,total,0.054930,pge_nbt2024
PG&E,2026,2024,bundled,all,11,weekday,1,total,0.058980,pge_nbt2024
PG&E,2026,2024,bundled,all,11,weekday,2,total,0.054880,pge_nbt2024
PG&E,2026,2024,bundled,all,11,weekday,3,total,0.054520,pge_nbt2024
PG&E,2026,2024,bundled,all,11,weekday,4,total,0.054710,pge_nbt2024
PG&E,2026,2024,bundled,all,11,weekday,5,total,0.055790,pge_nbt2024
PG&E,2026,2024,bundled,all,11,weekday,6,total,0.058340,pge_nbt2024
PG&E,2026,2024,bundled,all,11,weekday,7,total,0.058270,pge_nbt2024
PG&E,2026,2024,bundled,all,11,weekday,8,total,0.059310,pge_nbt2024
PG&E,2026,2024,bundled,all,11,weekday,9,total,0.059230,pge_nbt2024
PG&E,2026,2024,bundled,all,11,weekday,10,total,0.058590,pge_nbt2024
PG&E,2026,2024,bundled,all,11,weekday,11,total,0.057970,pge_nbt2024
PG&E,2026,2024,bundled,all,11,weekday,12,total,0.057260,pge_nbt2024
PG&E,2026,2024,bundled,all,11,weekday,13,total,0.059370,pge_nbt2024
PG&E,2026,2024,bundled,all,11,weekday,14,total,0.059540,pge_nbt2024
PG&E,2026,2024,bundled,all,11,weekday,15,total,0.063850,pge_nbt2024
PG&E,2026,2024,bundled,all,11,weekday,16,total,0.068920,pge_nbt2024
PG&E,2026,2024,bundled,all,11,weekday,17,total,0.066440,pge_nbt2024
PG&E,2026,2024,bundled,all,11,weekday,18,total,0.065540,pge_nbt2024
PG&E,2026,2024,bundled,all,11,weekday,19,total,0.066620,pge_nbt2024
PG&E,2026,2024,bundled,all,11,weekday,20,total,0.066470,pge_nbt2024
PG&E,2026,2024,bundled,all,11,weekday,21,total,0.064010,pge_nbt2024
PG&E,2026,2024,bundled,all,11,weekday,22,total,0.057050,pge_nbt2024
PG&E,2026,2024,bundled,all,11,weekday,23,total,0.056390,pge_nbt2024
PG&E,2026,2024,bundled,all,11,weekend_holiday,0,total,0.054780,pge_nbt2024
PG&E,2026,2024,bundled,all,11,weekend_holiday,1,total,0.056900,pge_nbt2024
PG&E,2026,2024,bundled,all,11,weekend_holiday,2,total,0.052840,pge_nbt2024
PG&E,2026,2024,bundled,all,11,weekend_holiday,3,total,0.052320,pge_nbt2024
PG&E,2026,2024,bundled,all,11,weekend_holiday,4,total,0.051470,pge_nbt2024
PG&E,2026,2024,bundled,all,11,weekend_holiday,5,total,0.051110,pge_nbt2024
PG&E,2026,2024,bundled,all,11,weekend_holiday,6,total,0.050740,pge_nbt2024
PG&E,2026,2024,bundled,all,11,weekend_holiday,7,total,0.042220,pge_nbt2024
PG&E,2026,2024,bundled,all,11,weekend_holiday,8,total,0.041760,pge_nbt2024
PG&E,2026,2024,bundled,all,11,weekend_holiday,9,total,0.041610,pge_nbt2024
PG&E,2026,2024,bundled,all,11,weekend_holiday,10,total,0.042030,pge_nbt2024
PG&E,2026,2024,bundled,all,11,weekend_holiday,11,total,0.041800,pge_nbt2024
PG&E,2026,2024,bundled,all,11,weekend_holiday,12,total,0.042050,pge_nbt2024
PG&E,2026,2024,bundled,all,11,weekend_holiday,13,total,0.041600,pge_nbt2024
PG&E,2026,2024,bundled,all,11,weekend_holiday,14,total,0.044320,pge_nbt2024
PG&E,2026,2024,bundled,all,11,weekend_holiday,15,total,0.050830,pge_nbt2024
PG&E,2026,2024,bundled,all,11,weekend_holiday,16,total,0.065290,pge_nbt2024
PG&E,2026,2024,bundled,all,11,weekend_holiday,17,total,0.069540,pge_nbt2024
PG&E,2026,2024,bundled,all,11,weekend_holiday,18,total,0.068620,pge_nbt2024
PG&E,2026,2024,bundled,all,11,weekend_holiday,19,total,0.071370,pge_nbt2024
PG&E,2026,2024,bundled,all,11,weekend_holiday,20,total,0.069840,pge_nbt2024
PG&E,2026,2024,bundled,all,11,weekend_holiday,21,total,0.064730,pge_nbt2024
PG&E,2026,2024,bundled,all,11,weekend_holiday,22,total,0.059830,pge_nbt2024
PG&E,2026,2024,bundled,all,11,weekend_holiday,23,total,0.058900,pge_nbt2024
PG&E,2026,2024,bundled,all,12,weekday,0,total,0.058500,pge_nbt2024
PG&E,2026,2024,bundled,all,12,weekday,1,total,0.058440,pge_nbt2024
PG&E,2026,2024,bundled,all,12,weekday,2,total,0.057800,pge_nbt2024
PG&E,2026,2024,bundled,all,12,weekday,3,total,0.057390,pge_nbt2024
PG&E,2026,2024,bundled,all,12,weekday,4,total,0.058140,pge_nbt2024
PG&E,2026,2024,bundled,all,12,weekday,5,total,0.059030,pge_nbt2024
PG&E,2026,2024,bundled,all,12,weekday,6,total,0.061480,pge_nbt2024
PG&E,2026,2024,bundled,all,12,weekday,7,total,0.063460,pge_nbt2024
PG&E,2026,2024,bundled,all,12,weekday,8,total,0.064400,pge_nbt2024
PG&E,2026,2024,bundled,all,12,weekday,9,total,0.065330,pge_nbt2024
PG&E,2026,2024,bundled,all,12,weekday,10,total,0.063480,pge_nbt2024
PG&E,2026,2024,bundled,all,12,weekday,11,total,0.062460,pge_nbt2024
PG&E,2026,2024,bundled,all,12,weekday,12,total,0.061140,pge_nbt2024
PG&E,2026,2024,bundled,all,12,weekday,13,total,0.060430,pge_nbt2024
PG&E,2026,2024,bundled,all,12,weekday,14,total,0.060660,pge_nbt2024
PG&E,2026,2024,bundled,all,12,weekday,15,total,0.062600,pge_nbt2024
PG&E,2026,2024,bundled,all,12,weekday,16,total,0.067960,pge_nbt2024
PG&E,2026,2024,bundled,all,12,weekday,17,total,0.067720,pge_nbt2024
PG&E,2026,2024,bundled,all,12,weekday,18,total,0.068500,pge_nbt2024
PG&E,2026,2024,bundled,all,12,weekday,19,total,0.070210,pge_nbt2024
PG&E,2026,2024,bundled,all,12,weekday,20,total,0.070420,pge_nbt2024
PG&E,2026,2024,bundled,all,12,weekday,21,total,0.067290,pge_nbt2024
PG&E,2026,2024,bundled,all,12,weekday,22,total,0.060310,pge_nbt2024
PG&E,2026,2024,bundled,all,12,weekday,23,total,0.060060,pge_nbt2024
PG&E,2026,2024,bundled,all,12,weekend_holiday,0,total,0.059880,pge_nbt2024
PG&E,2026,2024,bundled,all,12,weekend_holiday,1,total,0.059400,pge_nbt2024
PG&E,2026,2024,bundled,all,12,weekend_holiday,2,total,0.059300,pge_nbt2024
PG&E,2026,2024,bundled,all,12,weekend_holiday,3,total,0.059060,pge_nbt2024
PG&E,2026,2024,bundled,all,12,weekend_holiday,4,total,0.058720,pge_nbt2024
PG&E,2026,2024,bundled,all,12,weekend_holiday,5,total,0.058690,pge_nbt2024
PG&E,2026,2024,bundled,all,12,weekend_holiday,6,total,0.058960,pge_nbt2024
PG&E,2026,2024,bundled,all,12,weekend_holiday,7,total,0.057190,pge_nbt2024
PG&E,2026,2024,bundled,all,12,weekend_holiday,8,total,0.055550,pge_nbt2024
PG&E,2026,2024,bundled,all,12,weekend_holiday,9,total,0.055460,pge_nbt2024
PG&E,2026,2024,bundled,all,12,weekend_holiday,10,total,0.055910,pge_nbt2024
PG&E,2026,2024,bundled,all,12,weekend_holiday,11,total,0.055190,pge_nbt2024
PG&E,2026,2024,bundled,all,12,weekend_holiday,12,total,0.053500,pge_nbt2024
PG&E,2026,2024,bundled,all,12,weekend_holiday,13,total,0.053410,pge_nbt2024
PG&E,2026,2024,bundled,all,12,weekend_holiday,14,total,0.053430,pge_nbt2024
PG&E,2026,2024,bundled,all,12,weekend_holiday,15,total,0.054370,pge_nbt2024
PG&E,2026,2024,bundled,all,12,weekend_holiday,16,total,0.061500,pge_nbt2024
PG&E,2026,2024,bundled,all,12,weekend_holiday,17,total,0.066750,pge_nbt2024
PG&E,2026,2024,bundled,all,12,weekend_holiday,18,total,0.069440,pge_nbt2024
PG&E,2026,2024,bundled,all,12,weekend_holiday,19,total,0.069450,pge_nbt2024
PG&E,2026,2024,bundled,all,12,weekend_holiday,20,total,0.066210,pge_nbt2024
PG&E,2026,2024,bundled,all,12,weekend_holiday,21,total,0.061950,pge_nbt2024
PG&E,2026,2024,bundled,all,12,weekend_holiday,22,total,0.060700,pge_nbt2024
PG&E,2026,2024,bundled,all,12,weekend_holiday,23,total,0.061220,pge_nbt2024
PG&E,2026,2026,bundled,all,1,weekday,0,delivery,0.000890,pge_nbt2026
PG&E,2026,2026,bundled,all,1,weekday,1,delivery,0.000870,pge_nbt2026
PG&E,2026,2026,bundled,all,1,weekday,2,delivery,0.000830,pge_nbt2026
PG&E,2026,2026,bundled,all,1,weekday,3,delivery,0.000820,pge_nbt2026
PG&E,2026,2026,bundled,all,1,weekday,4,delivery,0.000840,pge_nbt2026
PG&E,2026,2026,bundled,all,1,weekday,5,delivery,0.000860,pge_nbt2026
PG&E,2026,2026,bundled,all,1,weekday,6,delivery,0.000870,pge_nbt2026
PG&E,2026,2026,bundled,all,1,weekday,7,delivery,0.000850,pge_nbt2026
PG&E,2026,2026,bundled,all,1,weekday,8,delivery,0.000740,pge_nbt2026
PG&E,2026,2026,bundled,all,1,weekday,9,delivery,0.000650,pge_nbt2026
PG&E,2026,2026,bundled,all,1,weekday,10,delivery,0.000650,pge_nbt2026
PG&E,2026,2026,bundled,all,1,weekday,11,delivery,0.000630,pge_nbt2026
PG&E,2026,2026,bundled,all,1,weekday,12,delivery,0.000630,pge_nbt2026
PG&E,2026,2026,bundled,all,1,weekday,13,delivery,0.000610,pge_nbt2026
PG&E,2026,2026,bundled,all,1,weekday,14,delivery,0.000600,pge_nbt2026
PG&E,2026,2026,bundled,all,1,weekday,15,delivery,0.000620,pge_nbt2026
PG&E,2026,2026,bundled,all,1,weekday,16,delivery,0.000770,pge_nbt2026
PG&E,2026,2026,bundled,all,1,weekday,17,delivery,0.001050,pge_nbt2026
PG&E,2026,2026,bundled,all,1,weekday,18,delivery,0.001050,pge_nbt2026
PG&E,2026,2026,bundled,all,1,weekday,19,delivery,0.000970,pge_nbt2026
PG&E,2026,2026,bundled,all,1,weekday,20,delivery,0.000930,pge_nbt2026
PG&E,2026,2026,bundled,all,1,weekday,21,delivery,0.000900,pge_nbt2026
PG&E,2026,2026,bundled,all,1,weekday,22,delivery,0.000890,pge_nbt2026
PG&E,2026,2026,bundled,all,1,weekday,23,delivery,0.000880,pge_nbt2026
PG&E,2026,2026,bundled,all,1,weekend_holiday,0,delivery,0.000830,pge_nbt2026
PG&E,2026,2026,bundled,all,1,weekend_holiday,1,delivery,0.000830,pge_nbt2026
PG&E,2026,2026,bundled,all,1,weekend_holiday,2,delivery,0.000840,pge_nbt2026
PG&E,2026,2026,bundled,all,1,weekend_holiday,3,delivery,0.000830,pge_nbt2026
PG&E,2026,2026,bundled,all,1,weekend_holiday,4,delivery,0.000830,pge_nbt2026
PG&E,2026,2026,bundled,all,1,weekend_holiday,5,delivery,0.000840,pge_nbt2026
PG&E,2026,2026,bundled,all,1,weekend_holiday,6,delivery,0.000860,pge_nbt2026
PG&E,2026,2026,bundled,all,1,weekend_holiday,7,delivery,0.000780,pge_nbt2026
PG&E,2026,2026,bundled,all,1,weekend_holiday,8,delivery,0.000650,pge_nbt2026
PG&E,2026,2026,bundled,all,1,weekend_holiday,9,delivery,0.000560,pge_nbt2026
PG&E,2026,2026,bundled,all,1,weekend_holiday,10,delivery,0.000550,pge_nbt2026
PG&E,2026,2026,bundled,all,1,weekend_holiday,11,delivery,0.000540,pge_nbt2026
PG&E,2026,2026,bundled,all,1,weekend_holiday,12,delivery,0.000550,pge_nbt2026
PG&E,2026,2026,bundled,all,1,weekend_holiday,13,delivery,0.000530,pge_nbt2026
PG&E,2026,2026,bundled,all,1,weekend_holiday,14,delivery,0.000530,pge_nbt2026
PG&E,2026,2026,bundled,all,1,weekend_holiday,15,delivery,0.000540,pge_nbt2026
PG&E,2026,2026,bundled,all,1,weekend_holiday,16,delivery,0.000800,pge_nbt2026
PG&E,2026,2026,bundled,all,1,weekend_holiday,17,delivery,0.001040,pge_nbt2026
PG&E,2026,2026,bundled,all,1,weekend_holiday,18,delivery,0.001040,pge_nbt2026
PG&E,2026,2026,bundled,all,1,weekend_holiday,19,delivery,0.000960,pge_nbt2026
PG&E,2026,2026,bundled,all,1,weekend_holiday,20,delivery,0.000910,pge_nbt2026
PG&E,2026,2026,bundled,all,1,weekend_holiday,21,delivery,0.000870,pge_nbt2026
PG&E,2026,2026,bundled,all,1,weekend_holiday,22,delivery,0.000870,pge_nbt2026
PG&E,2026,2026,bundled,all,1,weekend_holiday,23,delivery,0.000860,pge_nbt2026
PG&E,2026,2026,bundled,all,2,weekday,0,delivery,0.000870,pge_nbt2026
PG&E,2026,2026,bundled,all,2,weekday,1,delivery,0.000860,pge_nbt2026
PG&E,2026,2026,bundled,all,2,weekday,2,delivery,0.000870,pge_nbt2026
PG&E,2026,2026,bundled,all,2,weekday,3,delivery,0.000870,pge_nbt2026
PG&E,2026,2026,bundled,all,2,weekday,4,delivery,0.000880,pge_nbt2026
PG&E,2026,2026,bundled,all,2,weekday,5,delivery,0.000860,pge_nbt2026
PG&E,2026,2026,bundled,all,2,weekday,6,delivery,0.000830,pge_nbt2026
PG&E,2026,2026,bundled,all,2,weekday,7,delivery,0.000810,pge_nbt2026
PG&E,2026,2026,bundled,all,2,weekday,8,delivery,0.000640,pge_nbt2026
PG&E,2026,2026,bundled,all,2,weekday,9,delivery,0.000520,pge_nbt2026
PG&E,2026,2026,bundled,all,2,weekday,10,delivery,0.000490,pge_nbt2026
PG&E,2026,2026,bundled,all,2,weekday,11,delivery,0.000480,pge_nbt2026
PG&E,2026,2026,bundled,all,2,weekday,12,delivery,0.000440,pge_nbt2026
PG&E,2026,2026,bundled,all,2,weekday,13,delivery,0.000400,pge_nbt2026
PG&E,2026,2026,bundled,all,2,weekday,14,delivery,0.000350,pge_nbt2026
PG&E,2026,2026,bundled,all,2,weekday,15,delivery,0.000320,pge_nbt2026
PG&E,2026,2026,bundled,all,2,weekday,16,delivery,0.000630,pge_nbt2026
PG&E,2026,2026,bundled,all,2,weekday,17,delivery,0.001050,pge_nbt2026
PG&E,2026,2026,bundled,all,2,weekday,18,delivery,0.001010,pge_nbt2026
PG&E,2026,2026,bundled,all,2,weekday,19,delivery,0.000940,pge_nbt2026
PG&E,2026,2026,bundled,all,2,weekday,20,delivery,0.000900,pge_nbt2026
PG&E,2026,2026,bundled,all,2,weekday,21,delivery,0.000870,pge_nbt2026
PG&E,2026,2026,bundled,all,2,weekday,22,delivery,0.000880,pge_nbt2026
PG&E,2026,2026,bundled,all,2,weekday,23,delivery,0.000850,pge_nbt2026
PG&E,2026,2026,bundled,all,2,weekend_holiday,0,delivery,0.000790,pge_nbt2026
PG&E,2026,2026,bundled,all,2,weekend_holiday,1,delivery,0.000810,pge_nbt2026
PG&E,2026,2026,bundled,all,2,weekend_holiday,2,delivery,0.000840,pge_nbt2026
PG&E,2026,2026,bundled,all,2,weekend_holiday,3,delivery,0.000860,pge_nbt2026
PG&E,2026,2026,bundled,all,2,weekend_holiday,4,delivery,0.000830,pge_nbt2026
PG&E,2026,2026,bundled,all,2,weekend_holiday,5,delivery,0.000800,pge_nbt2026
PG&E,2026,2026,bundled,all,2,weekend_holiday,6,delivery,0.000760,pge_nbt2026
PG&E,2026,2026,bundled,all,2,weekend_holiday,7,delivery,0.000690,pge_nbt2026
PG&E,2026,2026,bundled,all,2,weekend_holiday,8,delivery,0.000470,pge_nbt2026
PG&E,2026,2026,bundled,all,2,weekend_holiday,9,delivery,0.000280,pge_nbt2026
PG&E,2026,2026,bundled,all,2,weekend_holiday,10,delivery,0.000290,pge_nbt2026
PG&E,2026,2026,bundled,all,2,weekend_holiday,11,delivery,0.000250,pge_nbt2026
PG&E,2026,2026,bundled,all,2,weekend_holiday,12,delivery,0.000260,pge_nbt2026
PG&E,2026,2026,bundled,all,2,weekend_holiday,13,delivery,0.000240,pge_nbt2026
PG&E,2026,2026,bundled,all,2,weekend_holiday,14,delivery,0.000280,pge_nbt2026
PG&E,2026,2026,bundled,all,2,weekend_holiday,15,delivery,0.000220,pge_nbt2026
PG&E,2026,2026,bundled,all,2,weekend_holiday,16,delivery,0.000570,pge_nbt2026
PG&E,2026,2026,bundled,all,2,weekend_holiday,17,delivery,0.000990,pge_nbt2026
PG&E,2026,2026,bundled,all,2,weekend_holiday,18,delivery,0.001100,pge_nbt2026
PG&E,2026,2026,bundled,all,2,weekend_holiday,19,delivery,0.000960,pge_nbt2026
PG&E,2026,2026,bundled,all,2,weekend_holiday,20,delivery,0.000900,pge_nbt2026
PG&E,2026,2026,bundled,all,2,weekend_holiday,21,delivery,0.000850,pge_nbt2026
PG&E,2026,2026,bundled,all,2,weekend_holiday,22,delivery,0.000840,pge_nbt2026
PG&E,2026,2026,bundled,all,2,weekend_holiday,23,delivery,0.000870,pge_nbt2026
PG&E,2026,2026,bundled,all,3,weekday,0,delivery,0.000800,pge_nbt2026
PG&E,2026,2026,bundled,all,3,weekday,1,delivery,0.000770,pge_nbt2026
PG&E,2026,2026,bundled,all,3,weekday,2,delivery,0.000730,pge_nbt2026
PG&E,2026,2026,bundled,all,3,weekday,3,delivery,0.000730,pge_nbt2026
PG&E,2026,2026,bundled,all,3,weekday,4,delivery,0.000750,pge_nbt2026
PG&E,2026,2026,bundled,all,3,weekday,5,delivery,0.000800,pge_nbt2026
PG&E,2026,2026,bundled,all,3,weekday,6,delivery,0.000810,pge_nbt2026
PG&E,2026,2026,bundled,all,3,weekday,7,delivery,0.000730,pge_nbt2026
PG&E,2026,2026,bundled,all,3,weekday,8,delivery,0.000540,pge_nbt2026
PG&E,2026,2026,bundled,all,3,weekday,9,delivery,0.000350,pge_nbt2026
PG&E,2026,2026,bundled,all,3,weekday,10,delivery,0.000230,pge_nbt2026
PG&E,2026,2026,bundled,all,3,weekday,11,delivery,0.000210,pge_nbt2026
PG&E,2026,2026,bundled,all,3,weekday,12,delivery,0.000210,pge_nbt2026
PG&E,2026,2026,bundled,all,3,weekday,13,delivery,0.000190,pge_nbt2026
PG&E,2026,2026,bundled,all,3,weekday,14,delivery,0.000200,pge_nbt2026
PG&E,2026,2026,bundled,all,3,weekday,15,delivery,0.000210,pge_nbt2026
PG&E,2026,2026,bundled,all,3,weekday,16,delivery,0.000290,pge_nbt2026
PG&E,2026,2026,bundled,all,3,weekday,17,delivery,0.000650,pge_nbt2026
PG&E,2026,2026,bundled,all,3,weekday,18,delivery,0.000880,pge_nbt2026
PG&E,2026,2026,bundled,all,3,weekday,19,delivery,0.000870,pge_nbt2026
PG&E,2026,2026,bundled,all,3,weekday,20,delivery,0.000850,pge_nbt2026
PG&E,2026,2026,bundled,all,3,weekday,21,delivery,0.000840,pge_nbt2026
PG&E,2026,2026,bundled,all,3,weekday,22,delivery,0.000800,pge_nbt2026
PG&E,2026,2026,bundled,all,3,weekday,23,delivery,0.000770,pge_nbt2026
PG&E,2026,2026,bundled,all,3,weekend_holiday,0,delivery,0.000670,pge_nbt2026
PG&E,2026,2026,bundled,all,3,weekend_holiday,1,delivery,0.000710,pge_nbt2026
PG&E,2026,2026,bundled,all,3,weekend_holiday,2,delivery,0.000670,pge_nbt2026
PG&E,2026,2026,bundled,all,3,weekend_holiday,3,delivery,0.000720,pge_nbt2026
PG&E,2026,2026,bundled,all,3,weekend_holiday,4,delivery,0.000770,pge_nbt2026
PG&E,2026,2026,bundled,all,3,weekend_holiday,5,delivery,0.000740,pge_nbt2026
PG&E,2026,2026,bundled,all,3,weekend_holiday,6,delivery,0.000790,pge_nbt2026
PG&E,2026,2026,bundled,all,3,weekend_holiday,7,delivery,0.000670,pge_nbt2026
PG&E,2026,2026,bundled,all,3,weekend_holiday,8,delivery,0.000150,pge_nbt2026
PG&E,2026,2026,bundled,all,3,weekend_holiday,9,delivery,0.000040,pge_nbt2026
PG&E,2026,2026,bundled,all,3,weekend_holiday,10,delivery,0.000090,pge_nbt2026
PG&E,2026,2026,bundled,all,3,weekend_holiday,11,delivery,0.000070,pge_nbt2026
PG&E,2026,2026,bundled,all,3,weekend_holiday,12,delivery,0.000130,pge_nbt2026
PG&E,2026,2026,bundled,all,3,weekend_holiday,13,delivery,0.000030,pge_nbt2026
PG&E,2026,2026,bundled,all,3,weekend_holiday,14,delivery,0.000040,pge_nbt2026
PG&E,2026,2026,bundled,all,3,weekend_holiday,15,delivery,0.000080,pge_nbt2026
PG&E,2026,2026,bundled,all,3,weekend_holiday,16,delivery,0.000210,pge_nbt2026
PG&E,2026,2026,bundled,all,3,weekend_holiday,17,delivery,0.000350,pge_nbt2026
PG&E,2026,2026,bundled,all,3,weekend_holiday,18,delivery,0.000790,pge_nbt2026
PG&E,2026,2026,bundled,all,3,weekend_holiday,19,delivery,0.000800,pge_nbt2026
PG&E,2026,2026,bundled,all,3,weekend_holiday,20,delivery,0.000800,pge_nbt2026
PG&E,2026,2026,bundled,all,3,weekend_holiday,21,delivery,0.000800,pge_nbt2026
PG&E,2026,2026,bundled,all,3,weekend_holiday,22,delivery,0.000770,pge_nbt2026
PG&E,2026,2026,bundled,all,3,weekend_holiday,23,delivery,0.000730,pge_nbt2026
PG&E,2026,2026,bundled,all,4,weekday,0,delivery,0.000770,pge_nbt2026
PG&E,2026,2026,bundled,all,4,weekday,1,delivery,0.000770,pge_nbt2026
PG&E,2026,2026,bundled,all,4,weekday,2,delivery,0.000800,pge_nbt2026
PG&E,2026,2026,bundled,all,4,weekday,3,delivery,0.000790,pge_nbt2026
PG&E,2026,2026,bundled,all,4,weekday,4,delivery,0.000770,pge_nbt2026
PG&E,2026,2026,bundled,all,4,weekday,5,delivery,0.000760,pge_nbt2026
PG&E,2026,2026,bundled,all,4,weekday,6,delivery,0.000710,pge_nbt2026
PG&E,2026,2026,bundled,all,4,weekday,7,delivery,0.000620,pge_nbt2026
PG&E,2026,2026,bundled,all,4,weekday,8,delivery,0.000190,pge_nbt2026
PG&E,2026,2026,bundled,all,4,weekday,9,delivery,0.000100,pge_nbt2026
PG&E,2026,2026,bundled,all,4,weekday,10,delivery,0.000110,pge_nbt2026
PG&E,2026,2026,bundled,all,4,weekday,11,delivery,0.000110,pge_nbt2026
PG&E,2026,2026,bundled,all,4,weekday,12,delivery,0.000120,pge_nbt2026
PG&E,2026,2026,bundled,all,4,weekday,13,delivery,0.000080,pge_nbt2026
PG&E,2026,2026,bundled,all,4,weekday,14,delivery,0.000070,pge_nbt2026
PG&E,2026,2026,bundled,all,4,weekday,15,delivery,0.000060,pge_nbt2026
PG&E,2026,2026,bundled,all,4,weekday,16,delivery,0.000070,pge_nbt2026
PG&E,2026,2026,bundled,all,4,weekday,17,delivery,0.000110,pge_nbt2026
PG&E,2026,2026,bundled,all,4,weekday,18,delivery,0.000810,pge_nbt2026
PG&E,2026,2026,bundled,all,4,weekday,19,delivery,0.000810,pge_nbt2026
PG&E,2026,2026,bundled,all,4,weekday,20,delivery,0.000780,pge_nbt2026
PG&E,2026,2026,bundled,all,4,weekday,21,delivery,0.000800,pge_nbt2026
PG&E,2026,2026,bundled,all,4,weekday,22,delivery,0.000770,pge_nbt2026
PG&E,2026,2026,bundled,all,4,weekday,23,delivery,0.000770,pge_nbt2026
PG&E,2026,2026,bundled,all,4,weekend_holiday,0,delivery,0.000660,pge_nbt2026
PG&E,2026,2026,bundled,all,4,weekend_holiday,1,delivery,0.000670,pge_nbt2026
PG&E,2026,2026,bundled,all,4,weekend_holiday,2,delivery,0.000720,pge_nbt2026
PG&E,2026,2026,bundled,all,4,weekend_holiday,3,delivery,0.000760,pge_nbt2026
PG&E,2026,2026,bundled,all,4,weekend_holiday,4,delivery,0.000750,pge_nbt2026
PG&E,2026,2026,bundled,all,4,weekend_holiday,5,delivery,0.000750,pge_nbt2026
PG&E,2026,2026,bundled,all,4,weekend_holiday,6,delivery,0.000680,pge_nbt2026
PG&E,2026,2026,bundled,all,4,weekend_holiday,7,delivery,0.000470,pge_nbt2026
PG&E,2026,2026,bundled,all,4,weekend_holiday,8,delivery,0.000050,pge_nbt2026
PG&E,2026,2026,bundled,all,4,weekend_holiday,9,delivery,0.000070,pge_nbt2026
PG&E,2026,2026,bundled,all,4,weekend_holiday,10,delivery,0.000080,pge_nbt2026
PG&E,2026,2026,bundled,all,4,weekend_holiday,11,delivery,0.000120,pge_nbt2026
PG&E,2026,2026,bundled,all,4,weekend_holiday,12,delivery,0.000110,pge_nbt2026
PG&E,2026,2026,bundled,all,4,weekend_holiday,13,delivery,0.000040,pge_nbt2026
PG&E,2026,2026,bundled,all,4,weekend_holiday,14,delivery,0.000020,pge_nbt2026
PG&E,2026,2026,bundled,all,4,weekend_holiday,15,delivery,0.000020,pge_nbt2026
PG&E,2026,2026,bundled,all,4,weekend_holiday,16,delivery,0.000020,pge_nbt2026
PG&E,2026,2026,bundled,all,4,weekend_holiday,17,delivery,0.000070,pge_nbt2026
PG&E,2026,2026,bundled,all,4,weekend_holiday,18,delivery,0.000730,pge_nbt2026
PG&E,2026,2026,bundled,all,4,weekend_holiday,19,delivery,0.000820,pge_nbt2026
PG&E,2026,2026,bundled,all,4,weekend_holiday,20,delivery,0.000710,pge_nbt2026
PG&E,2026,2026,bundled,all,4,weekend_holiday,21,delivery,0.000750,pge_nbt2026
PG&E,2026,2026,bundled,all,4,weekend_holiday,22,delivery,0.000730,pge_nbt2026
PG&E,2026,2026,bundled,all,4,weekend_holiday,23,delivery,0.000720,pge_nbt2026
PG&E,2026,2026,bundled,all,5,weekday,0,delivery,0.000760,pge_nbt2026
PG&E,2026,2026,bundled,all,5,weekday,1,delivery,0.000720,pge_nbt2026
PG&E,2026,2026,bundled,all,5,weekday,2,delivery,0.000740,pge_nbt2026
PG&E,2026,2026,bundled,all,5,weekday,3,delivery,0.000780,pge_nbt2026
PG&E,2026,2026,bundled,all,5,weekday,4,delivery,0.000790,pge_nbt2026
PG&E,2026,2026,bundled,all,5,weekday,5,delivery,0.000740,pge_nbt2026
PG&E,2026,2026,bundled,all,5,weekday,6,delivery,0.000680,pge_nbt2026
PG&E,2026,2026,bundled,all,5,weekday,7,delivery,0.000630,pge_nbt2026
PG&E,2026,2026,bundled,all,5,weekday,8,delivery,0.000270,pge_nbt2026
PG&E,2026,2026,bundled,all,5,weekday,9,delivery,0.000190,pge_nbt2026
PG&E,2026,2026,bundled,all,5,weekday,10,delivery,0.000190,pge_nbt2026
PG&E,2026,2026,bundled,all,5,weekday,11,delivery,0.000150,pge_nbt2026
PG&E,2026,2026,bundled,all,5,weekday,12,delivery,0.000160,pge_nbt2026
PG&E,2026,2026,bundled,all,5,weekday,13,delivery,0.000180,pge_nbt2026
PG&E,2026,2026,bundled,all,5,weekday,14,delivery,0.000160,pge_nbt2026
PG&E,2026,2026,bundled,all,5,weekday,15,delivery,0.000170,pge_nbt2026
PG&E,2026,2026,bundled,all,5,weekday,16,delivery,0.000190,pge_nbt2026
PG&E,2026,2026,bundled,all,5,weekday,17,delivery,0.000380,pge_nbt2026
PG&E,2026,2026,bundled,all,5,weekday,18,delivery,0.000830,pge_nbt2026
PG&E,2026,2026,bundled,all,5,weekday,19,delivery,0.000880,pge_nbt2026
PG&E,2026,2026,bundled,all,5,weekday,20,delivery,0.000780,pge_nbt2026
PG&E,2026,2026,bundled,all,5,weekday,21,delivery,0.000780,pge_nbt2026
PG&E,2026,2026,bundled,all,5,weekday,22,delivery,0.000770,pge_nbt2026
PG&E,2026,2026,bundled,all,5,weekday,23,delivery,0.000740,pge_nbt2026
PG&E,2026,2026,bundled,all,5,weekend_holiday,0,delivery,0.000660,pge_nbt2026
PG&E,2026,2026,bundled,all,5,weekend_holiday,1,delivery,0.000700,pge_nbt2026
PG&E,2026,2026,bundled,all,5,weekend_holiday,2,delivery,0.000760,pge_nbt2026
PG&E,2026,2026,bundled,all,5,weekend_holiday,3,delivery,0.000780,pge_nbt2026
PG&E,2026,2026,bundled,all,5,weekend_holiday,4,delivery,0.000750,pge_nbt2026
PG&E,2026,2026,bundled,all,5,weekend_holiday,5,delivery,0.000660,pge_nbt2026
PG&E,2026,2026,bundled,all,5,weekend_holiday,6,delivery,0.000680,pge_nbt2026
PG&E,2026,2026,bundled,all,5,weekend_holiday,7,delivery,0.000350,pge_nbt2026
PG&E,2026,2026,bundled,all,5,weekend_holiday,8,delivery,0.000040,pge_nbt2026
PG&E,2026,2026,bundled,all,5,weekend_holiday,9,delivery,0.000070,pge_nbt2026
PG&E,2026,2026,bundled,all,5,weekend_holiday,10,delivery,0.000060,pge_nbt2026
PG&E,2026,2026,bundled,all,5,weekend_holiday,11,delivery,0.000060,pge_nbt2026
PG&E,2026,2026,bundled,all,5,weekend_holiday,12,delivery,0.000090,pge_nbt2026
PG&E,2026,2026,bundled,all,5,weekend_holiday,13,delivery,0.000080,pge_nbt2026
PG&E,2026,2026,bundled,all,5,weekend_holiday,14,delivery,0.000030,pge_nbt2026
PG&E,2026,2026,bundled,all,5,weekend_holiday,15,delivery,0.000010,pge_nbt2026
PG&E,2026,2026,bundled,all,5,weekend_holiday,16,delivery,0.000040,pge_nbt2026
PG&E,2026,2026,bundled,all,5,weekend_holiday,17,delivery,0.000050,pge_nbt2026
PG&E,2026,2026,bundled,all,5,weekend_holiday,18,delivery,0.000610,pge_nbt2026
PG&E,2026,2026,bundled,all,5,weekend_holiday,19,delivery,0.000840,pge_nbt2026
PG&E,2026,2026,bundled,all,5,weekend_holiday,20,delivery,0.000750,pge_nbt2026
PG&E,2026,2026,bundled,all,5,weekend_holiday,21,delivery,0.000770,pge_nbt2026
PG&E,2026,2026,bundled,all,5,weekend_holiday,22,delivery,0.000750,pge_nbt2026
PG&E,2026,2026,bundled,all,5,weekend_holiday,23,delivery,0.000720,pge_nbt2026
PG&E,2026,2026,bundled,all,6,weekday,0,delivery,0.000770,pge_nbt2026
PG&E,2026,2026,bundled,all,6,weekday,1,delivery,0.000750,pge_nbt2026
PG&E,2026,2026,bundled,all,6,weekday,2,delivery,0.000740,pge_nbt2026
PG&E,2026,2026,bundled,all,6,weekday,3,delivery,0.000760,pge_nbt2026
PG&E,2026,2026,bundled,all,6,weekday,4,delivery,0.000740,pge_nbt2026
PG&E,2026,2026,bundled,all,6,weekday,5,delivery,0.000740,pge_nbt2026
PG&E,2026,2026,bundled,all,6,weekday,6,delivery,0.000720,pge_nbt2026
PG&E,2026,2026,bundled,all,6,weekday,7,delivery,0.000670,pge_nbt2026
PG&E,2026,2026,bundled,all,6,weekday,8,delivery,0.000520,pge_nbt2026
PG&E,2026,2026,bundled,all,6,weekday,9,delivery,0.000490,pge_nbt2026
PG&E,2026,2026,bundled,all,6,weekday,10,delivery,0.000510,pge_nbt2026
PG&E,2026,2026,bundled,all,6,weekday,11,delivery,0.000540,pge_nbt2026
PG&E,2026,2026,bundled,all,6,weekday,12,delivery,0.000610,pge_nbt2026
PG&E,2026,2026,bundled,all,6,weekday,13,delivery,0.000660,pge_nbt2026
PG&E,2026,2026,bundled,all,6,weekday,14,delivery,0.000880,pge_nbt2026
PG&E,2026,2026,bundled,all,6,weekday,15,delivery,0.001050,pge_nbt2026
PG&E,2026,2026,bundled,all,6,weekday,16,delivery,0.088650,pge_nbt2026
PG&E,2026,2026,bundled,all,6,weekday,17,delivery,0.179580,pge_nbt2026
PG&E,2026,2026,bundled,all,6,weekday,18,delivery,0.183580,pge_nbt2026
PG&E,2026,2026,bundled,all,6,weekday,19,delivery,0.180250,pge_nbt2026
PG&E,2026,2026,bundled,all,6,weekday,20,delivery,0.090170,pge_nbt2026
PG&E,2026,2026,bundled,all,6,weekday,21,delivery,0.001430,pge_nbt2026
PG&E,2026,2026,bundled,all,6,weekday,22,delivery,0.001060,pge_nbt2026
PG&E,2026,2026,bundled,all,6,weekday,23,delivery,0.000780,pge_nbt2026
PG&E,2026,2026,bundled,all,6,weekend_holiday,0,delivery,0.000710,pge_nbt2026
PG&E,2026,2026,bundled,all,6,weekend_holiday,1,delivery,0.000690,pge_nbt2026
PG&E,2026,2026,bundled,all,6,weekend_holiday,2,delivery,0.000700,pge_nbt2026
PG&E,2026,2026,bundled,all,6,weekend_holiday,3,delivery,0.000700,pge_nbt2026
PG&E,2026,2026,bundled,all,6,weekend_holiday,4,delivery,0.000680,pge_nbt2026
PG&E,2026,2026,bundled,all,6,weekend_holiday,5,delivery,0.000770,pge_nbt2026
PG&E,2026,2026,bundled,all,6,weekend_holiday,6,delivery,0.000720,pge_nbt2026
PG&E,2026,2026,bundled,all,6,weekend_holiday,7,delivery,0.000610,pge_nbt2026
PG&E,2026,2026,bundled,all,6,weekend_holiday,8,delivery,0.000240,pge_nbt2026
PG&E,2026,2026,bundled,all,6,weekend_holiday,9,delivery,0.000240,pge_nbt2026
PG&E,2026,2026,bundled,all,6,weekend_holiday,10,delivery,0.000240,pge_nbt2026
PG&E,2026,2026,bundled,all,6,weekend_holiday,11,delivery,0.000210,pge_nbt2026
PG&E,2026,2026,bundled,all,6,weekend_holiday,12,delivery,0.000290,pge_nbt2026
PG&E,2026,2026,bundled,all,6,weekend_holiday,13,delivery,0.000250,pge_nbt2026
PG&E,2026,2026,bundled,all,6,weekend_holiday,14,delivery,0.000300,pge_nbt2026
PG&E,2026,2026,bundled,all,6,weekend_holiday,15,delivery,0.000390,pge_nbt2026
PG&E,2026,2026,bundled,all,6,weekend_holiday,16,delivery,0.000550,pge_nbt2026
PG&E,2026,2026,bundled,all,6,weekend_holiday,17,delivery,0.000970,pge_nbt2026
PG&E,2026,2026,bundled,all,6,weekend_holiday,18,delivery,0.001750,pge_nbt2026
PG&E,2026,2026,bundled,all,6,weekend_holiday,19,delivery,0.002070,pge_nbt2026
PG&E,2026,2026,bundled,all,6,weekend_holiday,20,delivery,0.001570,pge_nbt2026
PG&E,2026,2026,bundled,all,6,weekend_holiday,21,delivery,0.001150,pge_nbt2026
PG&E,2026,2026,bundled,all,6,weekend_holiday,22,delivery,0.000940,pge_nbt2026
PG&E,2026,2026,bundled,all,6,weekend_holiday,23,delivery,0.000760,pge_nbt2026
PG&E,2026,2026,bundled,all,7,weekday,0,delivery,0.000720,pge_nbt2026
PG&E,2026,2026,bundled,all,7,weekday,1,delivery,0.000730,pge_nbt2026
PG&E,2026,2026,bundled,all,7,weekday,2,delivery,0.000710,pge_nbt2026
PG&E,2026,2026,bundled,all,7,weekday,3,delivery,0.000720,pge_nbt2026
PG&E,2026,2026,bundled,all,7,weekday,4,delivery,0.000690,pge_nbt2026
PG&E,2026,2026,bundled,all,7,weekday,5,delivery,0.000700,pge_nbt2026
PG&E,2026,2026,bundled,all,7,weekday,6,delivery,0.000750,pge_nbt2026
PG&E,2026,2026,bundled,all,7,weekday,7,delivery,0.000730,pge_nbt2026
PG&E,2026,2026,bundled,all,7,weekday,8,delivery,0.000740,pge_nbt2026
PG&E,2026,2026,bundled,all,7,weekday,9,delivery,0.000700,pge_nbt2026
PG&E,2026,2026,bundled,all,7,weekday,10,delivery,0.000740,pge_nbt2026
PG&E,2026,2026,bundled,all,7,weekday,11,delivery,0.000780,pge_nbt2026
PG&E,2026,2026,bundled,all,7,weekday,12,delivery,0.000770,pge_nbt2026
PG&E,2026,2026,bundled,all,7,weekday,13,delivery,0.000750,pge_nbt2026
PG&E,2026,2026,bundled,all,7,weekday,14,delivery,0.000930,pge_nbt2026
PG&E,2026,2026,bundled,all,7,weekday,15,delivery,0.001190,pge_nbt2026
PG&E,2026,2026,bundled,all,7,weekday,16,delivery,0.086480,pge_nbt2026
PG&E,2026,2026,bundled,all,7,weekday,17,delivery,0.259320,pge_nbt2026
PG&E,2026,2026,bundled,all,7,weekday,18,delivery,0.268400,pge_nbt2026
PG&E,2026,2026,bundled,all,7,weekday,19,delivery,0.350380,pge_nbt2026
PG&E,2026,2026,bundled,all,7,weekday,20,delivery,0.173240,pge_nbt2026
PG&E,2026,2026,bundled,all,7,weekday,21,delivery,0.001680,pge_nbt2026
PG&E,2026,2026,bundled,all,7,weekday,22,delivery,0.001200,pge_nbt2026
PG&E,2026,2026,bundled,all,7,weekday,23,delivery,0.000800,pge_nbt2026
PG&E,2026,2026,bundled,all,7,weekend_holiday,0,delivery,0.000790,pge_nbt2026
PG&E,2026,2026,bundled,all,7,weekend_holiday,1,delivery,0.000730,pge_nbt2026
PG&E,2026,2026,bundled,all,7,weekend_holiday,2,delivery,0.000700,pge_nbt2026
PG&E,2026,2026,bundled,all,7,weekend_holiday,3,delivery,0.000720,pge_nbt2026
PG&E,2026,2026,bundled,all,7,weekend_holiday,4,delivery,0.000700,pge_nbt2026
PG&E,2026,2026,bundled,all,7,weekend_holiday,5,delivery,0.000690,pge_nbt2026
PG&E,2026,2026,bundled,all,7,weekend_holiday,6,delivery,0.000670,pge_nbt2026
PG&E,2026,2026,bundled,all,7,weekend_holiday,7,delivery,0.000660,pge_nbt2026
PG&E,2026,2026,bundled,all,7,weekend_holiday,8,delivery,0.000310,pge_nbt2026
PG&E,2026,2026,bundled,all,7,weekend_holiday,9,delivery,0.000340,pge_nbt2026
PG&E,2026,2026,bundled,all,7,weekend_holiday,10,delivery,0.000360,pge_nbt2026
PG&E,2026,2026,bundled,all,7,weekend_holiday,11,delivery,0.000370,pge_nbt2026
PG&E,2026,2026,bundled,all,7,weekend_holiday,12,delivery,0.000410,pge_nbt2026
PG&E,2026,2026,bundled,all,7,weekend_holiday,13,delivery,0.000440,pge_nbt2026
PG&E,2026,2026,bundled,all,7,weekend_holiday,14,delivery,0.000490,pge_nbt2026
PG&E,2026,2026,bundled,all,7,weekend_holiday,15,delivery,0.000670,pge_nbt2026
PG&E,2026,2026,bundled,all,7,weekend_holiday,16,delivery,0.001010,pge_nbt2026
PG&E,2026,2026,bundled,all,7,weekend_holiday,17,delivery,0.001720,pge_nbt2026
PG&E,2026,2026,bundled,all,7,weekend_holiday,18,delivery,0.002710,pge_nbt2026
PG&E,2026,2026,bundled,all,7,weekend_holiday,19,delivery,0.002870,pge_nbt2026
PG&E,2026,2026,bundled,all,7,weekend_holiday,20,delivery,0.002170,pge_nbt2026
PG&E,2026,2026,bundled,all,7,weekend_holiday,21,delivery,0.001390,pge_nbt2026
PG&E,2026,2026,bundled,all,7,weekend_holiday,22,delivery,0.001010,pge_nbt2026
PG&E,2026,2026,bundled,all,7,weekend_holiday,23,delivery,0.000790,pge_nbt2026
PG&E,2026,2026,bundled,all,8,weekday,0,delivery,0.000910,pge_nbt2026
PG&E,2026,2026,bundled,all,8,weekday,1,delivery,0.000900,pge_nbt2026
PG&E,2026,2026,bundled,all,8,weekday,2,delivery,0.000880,pge_nbt2026
PG&E,2026,2026,bundled,all,8,weekday,3,delivery,0.000850,pge_nbt2026
PG&E,2026,2026,bundled,all,8,weekday,4,delivery,0.000850,pge_nbt2026
PG&E,2026,2026,bundled,all,8,weekday,5,delivery,0.000860,pge_nbt2026
PG&E,2026,2026,bundled,all,8,weekday,6,delivery,0.000830,pge_nbt2026
PG&E,2026,2026,bundled,all,8,weekday,7,delivery,0.000750,pge_nbt2026
PG&E,2026,2026,bundled,all,8,weekday,8,delivery,0.000750,pge_nbt2026
PG&E,2026,2026,bundled,all,8,weekday,9,delivery,0.000780,pge_nbt2026
PG&E,2026,2026,bundled,all,8,weekday,10,delivery,0.000800,pge_nbt2026
PG&E,2026,2026,bundled,all,8,weekday,11,delivery,0.000840,pge_nbt2026
PG&E,2026,2026,bundled,all,8,weekday,12,delivery,0.000890,pge_nbt2026
PG&E,2026,2026,bundled,all,8,weekday,13,delivery,0.000930,pge_nbt2026
PG&E,2026,2026,bundled,all,8,weekday,14,delivery,0.001150,pge_nbt2026
PG&E,2026,2026,bundled,all,8,weekday,15,delivery,0.001480,pge_nbt2026
PG&E,2026,2026,bundled,all,8,weekday,16,delivery,0.081620,pge_nbt2026
PG&E,2026,2026,bundled,all,8,weekday,17,delivery,0.164900,pge_nbt2026
PG&E,2026,2026,bundled,all,8,weekday,18,delivery,0.246450,pge_nbt2026
PG&E,2026,2026,bundled,all,8,weekday,19,delivery,0.240870,pge_nbt2026
PG&E,2026,2026,bundled,all,8,weekday,20,delivery,0.082170,pge_nbt2026
PG&E,2026,2026,bundled,all,8,weekday,21,delivery,0.001830,pge_nbt2026
PG&E,2026,2026,bundled,all,8,weekday,22,delivery,0.001280,pge_nbt2026
PG&E,2026,2026,bundled,all,8,weekday,23,delivery,0.000960,pge_nbt2026
PG&E,2026,2026,bundled,all,8,weekend_holiday,0,delivery,0.000860,pge_nbt2026
PG&E,2026,2026,bundled,all,8,weekend_holiday,1,delivery,0.000830,pge_nbt2026
PG&E,2026,2026,bundled,all,8,weekend_holiday,2,delivery,0.000840,pge_nbt2026
PG&E,2026,2026,bundled,all,8,weekend_holiday,3,delivery,0.000800,pge_nbt2026
PG&E,2026,2026,bundled,all,8,weekend_holiday,4,delivery,0.000790,pge_nbt2026
PG&E,2026,2026,bundled,all,8,weekend_holiday,5,delivery,0.000790,pge_nbt2026
PG&E,2026,2026,bundled,all,8,weekend_holiday,6,delivery,0.000840,pge_nbt2026
PG&E,2026,2026,bundled,all,8,weekend_holiday,7,delivery,0.000990,pge_nbt2026
PG&E,2026,2026,bundled,all,8,weekend_holiday,8,delivery,0.000720,pge_nbt2026
PG&E,2026,2026,bundled,all,8,weekend_holiday,9,delivery,0.000480,pge_nbt2026
PG&E,2026,2026,bundled,all,8,weekend_holiday,10,delivery,0.000610,pge_nbt2026
PG&E,2026,2026,bundled,all,8,weekend_holiday,11,delivery,0.000550,pge_nbt2026
PG&E,2026,2026,bundled,all,8,weekend_holiday,12,delivery,0.000550,pge_nbt2026
PG&E,2026,2026,bundled,all,8,weekend_holiday,13,delivery,0.000560,pge_nbt2026
PG&E,2026,2026,bundled,all,8,weekend_holiday,14,delivery,0.000650,pge_nbt2026
PG&E,2026,2026,bundled,all,8,weekend_holiday,15,delivery,0.000810,pge_nbt2026
PG&E,2026,2026,bundled,all,8,weekend_holiday,16,delivery,0.001080,pge_nbt2026
PG&E,2026,2026,bundled,all,8,weekend_holiday,17,delivery,0.001680,pge_nbt2026
PG&E,2026,2026,bundled,all,8,weekend_holiday,18,delivery,0.002560,pge_nbt2026
PG&E,2026,2026,bundled,all,8,weekend_holiday,19,delivery,0.227040,pge_nbt2026
PG&E,2026,2026,bundled,all,8,weekend_holiday,20,delivery,0.001870,pge_nbt2026
PG&E,2026,2026,bundled,all,8,weekend_holiday,21,delivery,0.001280,pge_nbt2026
PG&E,2026,2026,bundled,all,8,weekend_holiday,22,delivery,0.001020,pge_nbt2026
PG&E,2026,2026,bundled,all,8,weekend_holiday,23,delivery,0.000890,pge_nbt2026
PG&E,2026,2026,bundled,all,9,weekday,0,delivery,0.000940,pge_nbt2026
PG&E,2026,2026,bundled,all,9,weekday,1,delivery,0.000920,pge_nbt2026
PG&E,2026,2026,bundled,all,9,weekday,2,delivery,0.000890,pge_nbt2026
PG&E,2026,2026,bundled,all,9,weekday,3,delivery,0.000860,pge_nbt2026
PG&E,2026,2026,bundled,all,9,weekday,4,delivery,0.000850,pge_nbt2026
PG&E,2026,2026,bundled,all,9,weekday,5,delivery,0.000870,pge_nbt2026
PG&E,2026,2026,bundled,all,9,weekday,6,delivery,0.000850,pge_nbt2026
PG&E,2026,2026,bundled,all,9,weekday,7,delivery,0.000760,pge_nbt2026
PG&E,2026,2026,bundled,all,9,weekday,8,delivery,0.000740,pge_nbt2026
PG&E,2026,2026,bundled,all,9,weekday,9,delivery,0.000700,pge_nbt2026
PG&E,2026,2026,bundled,all,9,weekday,10,delivery,0.000710,pge_nbt2026
PG&E,2026,2026,bundled,all,9,weekday,11,delivery,0.000760,pge_nbt2026
PG&E,2026,2026,bundled,all,9,weekday,12,delivery,0.000830,pge_nbt2026
PG&E,2026,2026,bundled,all,9,weekday,13,delivery,0.000890,pge_nbt2026
PG&E,2026,2026,bundled,all,9,weekday,14,delivery,0.001080,pge_nbt2026
PG&E,2026,2026,bundled,all,9,weekday,15,delivery,0.001290,pge_nbt2026
PG&E,2026,2026,bundled,all,9,weekday,16,delivery,0.001590,pge_nbt2026
PG&E,2026,2026,bundled,all,9,weekday,17,delivery,0.002030,pge_nbt2026
PG&E,2026,2026,bundled,all,9,weekday,18,delivery,0.002160,pge_nbt2026
PG&E,2026,2026,bundled,all,9,weekday,19,delivery,0.001930,pge_nbt2026
PG&E,2026,2026,bundled,all,9,weekday,20,delivery,0.001770,pge_nbt2026
PG&E,2026,2026,bundled,all,9,weekday,21,delivery,0.001440,pge_nbt2026
PG&E,2026,2026,bundled,all,9,weekday,22,delivery,0.001060,pge_nbt2026
PG&E,2026,2026,bundled,all,9,weekday,23,delivery,0.000930,pge_nbt2026
PG&E,2026,2026,bundled,all,9,weekend_holiday,0,delivery,0.000790,pge_nbt2026
PG&E,2026,2026,bundled,all,9,weekend_holiday,1,delivery,0.000820,pge_nbt2026
PG&E,2026,2026,bundled,all,9,weekend_holiday,2,delivery,0.000810,pge_nbt2026
PG&E,2026,2026,bundled,all,9,weekend_holiday,3,delivery,0.000780,pge_nbt2026
PG&E,2026,2026,bundled,all,9,weekend_holiday,4,delivery,0.000780,pge_nbt2026
PG&E,2026,2026,bundled,all,9,weekend_holiday,5,delivery,0.000800,pge_nbt2026
PG&E,2026,2026,bundled,all,9,weekend_holiday,6,delivery,0.000790,pge_nbt2026
PG&E,2026,2026,bundled,all,9,weekend_holiday,7,delivery,0.000670,pge_nbt2026
PG&E,2026,2026,bundled,all,9,weekend_holiday,8,delivery,0.000440,pge_nbt2026
PG&E,2026,2026,bundled,all,9,weekend_holiday,9,delivery,0.000330,pge_nbt2026
PG&E,2026,2026,bundled,all,9,weekend_holiday,10,delivery,0.000350,pge_nbt2026
PG&E,2026,2026,bundled,all,9,weekend_holiday,11,delivery,0.000380,pge_nbt2026
PG&E,2026,2026,bundled,all,9,weekend_holiday,12,delivery,0.000400,pge_nbt2026
PG&E,2026,2026,bundled,all,9,weekend_holiday,13,delivery,0.000460,pge_nbt2026
PG&E,2026,2026,bundled,all,9,weekend_holiday,14,delivery,0.000610,pge_nbt2026
PG&E,2026,2026,bundled,all,9,weekend_holiday,15,delivery,0.000790,pge_nbt2026
PG&E,2026,2026,bundled,all,9,weekend_holiday,16,delivery,0.001200,pge_nbt2026
PG&E,2026,2026,bundled,all,9,weekend_holiday,17,delivery,0.001840,pge_nbt2026
PG&E,2026,2026,bundled,all,9,weekend_holiday,18,delivery,0.002440,pge_nbt2026
PG&E,2026,2026,bundled,all,9,weekend_holiday,19,delivery,0.002360,pge_nbt2026
PG&E,2026,2026,bundled,all,9,weekend_holiday,20,delivery,0.002070,pge_nbt2026
PG&E,2026,2026,bundled,all,9,weekend_holiday,21,delivery,0.001660,pge_nbt2026
PG&E,2026,2026,bundled,all,9,weekend_holiday,22,delivery,0.001170,pge_nbt2026
PG&E,2026,2026,bundled,all,9,weekend_holiday,23,delivery,0.000910,pge_nbt2026
PG&E,2026,2026,bundled,all,10,weekday,0,delivery,0.000890,pge_nbt2026
PG&E,2026,2026,bundled,all,10,weekday,1,delivery,0.000880,pge_nbt2026
PG&E,2026,2026,bundled,all,10,weekday,2,delivery,0.000860,pge_nbt2026
PG&E,2026,2026,bundled,all,10,weekday,3,delivery,0.000850,pge_nbt2026
PG&E,2026,2026,bundled,all,10,weekday,4,delivery,0.000840,pge_nbt2026
PG&E,2026,2026,bundled,all,10,weekday,5,delivery,0.000830,pge_nbt2026
PG&E,2026,2026,bundled,all,10,weekday,6,delivery,0.000840,pge_nbt2026
PG&E,2026,2026,bundled,all,10,weekday,7,delivery,0.000770,pge_nbt2026
PG&E,2026,2026,bundled,all,10,weekday,8,delivery,0.000700,pge_nbt2026
PG&E,2026,2026,bundled,all,10,weekday,9,delivery,0.000660,pge_nbt2026
PG&E,2026,2026,bundled,all,10,weekday,10,delivery,0.000690,pge_nbt2026
PG&E,2026,2026,bundled,all,10,weekday,11,delivery,0.000740,pge_nbt2026
PG&E,2026,2026,bundled,all,10,weekday,12,delivery,0.000810,pge_nbt2026
PG&E,2026,2026,bundled,all,10,weekday,13,delivery,0.000870,pge_nbt2026
PG&E,2026,2026,bundled,all,10,weekday,14,delivery,0.001030,pge_nbt2026
PG&E,2026,2026,bundled,all,10,weekday,15,delivery,0.001220,pge_nbt2026
PG&E,2026,2026,bundled,all,10,weekday,16,delivery,0.001490,pge_nbt2026
PG&E,2026,2026,bundled,all,10,weekday,17,delivery,0.001980,pge_nbt2026
PG&E,2026,2026,bundled,all,10,weekday,18,delivery,0.001990,pge_nbt2026
PG&E,2026,2026,bundled,all,10,weekday,19,delivery,0.002170,pge_nbt2026
PG&E,2026,2026,bundled,all,10,weekday,20,delivery,0.001670,pge_nbt2026
PG&E,2026,2026,bundled,all,10,weekday,21,delivery,0.001400,pge_nbt2026
PG&E,2026,2026,bundled,all,10,weekday,22,delivery,0.001080,pge_nbt2026
PG&E,2026,2026,bundled,all,10,weekday,23,delivery,0.000920,pge_nbt2026
PG&E,2026,2026,bundled,all,10,weekend_holiday,0,delivery,0.000770,pge_nbt2026
PG&E,2026,2026,bundled,all,10,weekend_holiday,1,delivery,0.000790,pge_nbt2026
PG&E,2026,2026,bundled,all,10,weekend_holiday,2,delivery,0.000760,pge_nbt2026
PG&E,2026,2026,bundled,all,10,weekend_holiday,3,delivery,0.000740,pge_nbt2026
PG&E,2026,2026,bundled,all,10,weekend_holiday,4,delivery,0.000780,pge_nbt2026
PG&E,2026,2026,bundled,all,10,weekend_holiday,5,delivery,0.000780,pge_nbt2026
PG&E,2026,2026,bundled,all,10,weekend_holiday,6,delivery,0.000770,pge_nbt2026
PG&E,2026,2026,bundled,all,10,weekend_holiday,7,delivery,0.000700,pge_nbt2026
PG&E,2026,2026,bundled,all,10,weekend_holiday,8,delivery,0.000460,pge_nbt2026
PG&E,2026,2026,bundled,all,10,weekend_holiday,9,delivery,0.000300,pge_nbt2026
PG&E,2026,2026,bundled,all,10,weekend_holiday,10,delivery,0.000360,pge_nbt2026
PG&E,2026,2026,bundled,all,10,weekend_holiday,11,delivery,0.000460,pge_nbt2026
PG&E,2026,2026,bundled,all,10,weekend_holiday,12,delivery,0.000640,pge_nbt2026
PG&E,2026,2026,bundled,all,10,weekend_holiday,13,delivery,0.000800,pge_nbt2026
PG&E,2026,2026,bundled,all,10,weekend_holiday,14,delivery,0.001180,pge_nbt2026
PG&E,2026,2026,bundled,all,10,weekend_holiday,15,delivery,0.001880,pge_nbt2026
PG&E,2026,2026,bundled,all,10,weekend_holiday,16,delivery,0.002880,pge_nbt2026
PG&E,2026,2026,bundled,all,10,weekend_holiday,17,delivery,0.003980,pge_nbt2026
PG&E,2026,2026,bundled,all,10,weekend_holiday,18,delivery,0.004340,pge_nbt2026
PG&E,2026,2026,bundled,all,10,weekend_holiday,19,delivery,0.003840,pge_nbt2026
PG&E,2026,2026,bundled,all,10,weekend_holiday,20,delivery,0.003090,pge_nbt2026
PG&E,2026,2026,bundled,all,10,weekend_holiday,21,delivery,0.002370,pge_nbt2026
PG&E,2026,2026,bundled,all,10,weekend_holiday,22,delivery,0.001590,pge_nbt2026
PG&E,2026,2026,bundled,all,10,weekend_holiday,23,delivery,0.000990,pge_nbt2026
PG&E,2026,2026,bundled,all,11,weekday,0,delivery,0.000820,pge_nbt2026
PG&E,2026,2026,bundled,all,11,weekday,1,delivery,0.001070,pge_nbt2026
PG&E,2026,2026,bundled,all,11,weekday,2,delivery,0.000830,pge_nbt2026
PG&E,2026,2026,bundled,all,11,weekday,3,delivery,0.000800,pge_nbt2026
PG&E,2026,2026,bundled,all,11,weekday,4,delivery,0.000810,pge_nbt2026
PG&E,2026,2026,bundled,all,11,weekday,5,delivery,0.000820,pge_nbt2026
PG&E,2026,2026,bundled,all,11,weekday,6,delivery,0.000790,pge_nbt2026
PG&E,2026,2026,bundled,all,11,weekday,7,delivery,0.000730,pge_nbt2026
PG&E,2026,2026,bundled,all,11,weekday,8,delivery,0.000630,pge_nbt2026
PG&E,2026,2026,bundled,all,11,weekday,9,delivery,0.000600,pge_nbt2026
PG&E,2026,2026,bundled,all,11,weekday,10,delivery,0.000600,pge_nbt2026
PG&E,2026,2026,bundled,all,11,weekday,11,delivery,0.000590,pge_nbt2026
PG&E,2026,2026,bundled,all,11,weekday,12,delivery,0.000590,pge_nbt2026
PG&E,2026,2026,bundled,all,11,weekday,13,delivery,0.000550,pge_nbt2026
PG&E,2026,2026,bundled,all,11,weekday,14,delivery,0.000600,pge_nbt2026
PG&E,2026,2026,bundled,all,11,weekday,15,delivery,0.000770,pge_nbt2026
PG&E,2026,2026,bundled,all,11,weekday,16,delivery,0.001090,pge_nbt2026
PG&E,2026,2026,bundled,all,11,weekday,17,delivery,0.001170,pge_nbt2026
PG&E,2026,2026,bundled,all,11,weekday,18,delivery,0.001090,pge_nbt2026
PG&E,2026,2026,bundled,all,11,weekday,19,delivery,0.001080,pge_nbt2026
PG&E,2026,2026,bundled,all,11,weekday,20,delivery,0.001000,pge_nbt2026
PG&E,2026,2026,bundled,all,11,weekday,21,delivery,0.000890,pge_nbt2026
PG&E,2026,2026,bundled,all,11,weekday,22,delivery,0.000840,pge_nbt2026
PG&E,2026,2026,bundled,all,11,weekday,23,delivery,0.000850,pge_nbt2026
PG&E,2026,2026,bundled,all,11,weekend_holiday,0,delivery,0.000790,pge_nbt2026
PG&E,2026,2026,bundled,all,11,weekend_holiday,1,delivery,0.000990,pge_nbt2026
PG&E,2026,2026,bundled,all,11,weekend_holiday,2,delivery,0.000740,pge_nbt2026
PG&E,2026,2026,bundled,all,11,weekend_holiday,3,delivery,0.000760,pge_nbt2026
PG&E,2026,2026,bundled,all,11,weekend_holiday,4,delivery,0.000780,pge_nbt2026
PG&E,2026,2026,bundled,all,11,weekend_holiday,5,delivery,0.000800,pge_nbt2026
PG&E,2026,2026,bundled,all,11,weekend_holiday,6,delivery,0.000790,pge_nbt2026
PG&E,2026,2026,bundled,all,11,weekend_holiday,7,delivery,0.000620,pge_nbt2026
PG&E,2026,2026,bundled,all,11,weekend_holiday,8,delivery,0.000430,pge_nbt2026
PG&E,2026,2026,bundled,all,11,weekend_holiday,9,delivery,0.000360,pge_nbt2026
PG&E,2026,2026,bundled,all,11,weekend_holiday,10,delivery,0.000320,pge_nbt2026
PG&E,2026,2026,bundled,all,11,weekend_holiday,11,delivery,0.000290,pge_nbt2026
PG&E,2026,2026,bundled,all,11,weekend_holiday,12,delivery,0.000280,pge_nbt2026
PG&E,2026,2026,bundled,all,11,weekend_holiday,13,delivery,0.000260,pge_nbt2026
PG&E,2026,2026,bundled,all,11,weekend_holiday,14,delivery,0.000230,pge_nbt2026
PG&E,2026,2026,bundled,all,11,weekend_holiday,15,delivery,0.000450,pge_nbt2026
PG&E,2026,2026,bundled,all,11,weekend_holiday,16,delivery,0.000820,pge_nbt2026
PG&E,2026,2026,bundled,all,11,weekend_holiday,17,delivery,0.000980,pge_nbt2026
PG&E,2026,2026,bundled,all,11,weekend_holiday,18,delivery,0.000990,pge_nbt2026
PG&E,2026,2026,bundled,all,11,weekend_holiday,19,delivery,0.001060,pge_nbt2026
PG&E,2026,2026,bundled,all,11,weekend_holiday,20,delivery,0.001020,pge_nbt2026
PG&E,2026,2026,bundled,all,11,weekend_holiday,21,delivery,0.000880,pge_nbt2026
PG&E,2026,2026,bundled,all,11,weekend_holiday,22,delivery,0.000840,pge_nbt2026
PG&E,2026,2026,bundled,all,11,weekend_holiday,23,delivery,0.000810,pge_nbt2026
PG&E,2026,2026,bundled,all,12,weekday,0,delivery,0.000850,pge_nbt2026
PG&E,2026,2026,bundled,all,12,weekday,1,delivery,0.000840,pge_nbt2026
PG&E,2026,2026,bundled,all,12,weekday,2,delivery,0.000820,pge_nbt2026
PG&E,2026,2026,bundled,all,12,weekday,3,delivery,0.000830,pge_nbt2026
PG&E,2026,2026,bundled,all,12,weekday,4,delivery,0.000840,pge_nbt2026
PG&E,2026,2026,bundled,all,12,weekday,5,delivery,0.000870,pge_nbt2026
PG&E,2026,2026,bundled,all,12,weekday,6,delivery,0.000900,pge_nbt2026
PG&E,2026,2026,bundled,all,12,weekday,7,delivery,0.000830,pge_nbt2026
PG&E,2026,2026,bundled,all,12,weekday,8,delivery,0.000730,pge_nbt2026
PG&E,2026,2026,bundled,all,12,weekday,9,delivery,0.000670,pge_nbt2026
PG&E,2026,2026,bundled,all,12,weekday,10,delivery,0.000670,pge_nbt2026
PG&E,2026,2026,bundled,all,12,weekday,11,delivery,0.000630,pge_nbt2026
PG&E,2026,2026,bundled,all,12,weekday,12,delivery,0.000610,pge_nbt2026
PG&E,2026,2026,bundled,all,12,weekday,13,delivery,0.000600,pge_nbt2026
PG&E,2026,2026,bundled,all,12,weekday,14,delivery,0.000610,pge_nbt2026
PG&E,2026,2026,bundled,all,12,weekday,15,delivery,0.000680,pge_nbt2026
PG&E,2026,2026,bundled,all,12,weekday,16,delivery,0.000890,pge_nbt2026
PG&E,2026,2026,bundled,all,12,weekday,17,delivery,0.000980,pge_nbt2026
PG&E,2026,2026,bundled,all,12,weekday,18,delivery,0.001010,pge_nbt2026
PG&E,2026,2026,bundled,all,12,weekday,19,delivery,0.000960,pge_nbt2026
PG&E,2026,2026,bundled,all,12,weekday,20,delivery,0.000920,pge_nbt2026
PG&E,2026,2026,bundled,all,12,weekday,21,delivery,0.000900,pge_nbt2026
PG&E,2026,2026,bundled,all,12,weekday,22,delivery,0.000870,pge_nbt2026
PG&E,2026,2026,bundled,all,12,weekday,23,delivery,0.000860,pge_nbt2026
PG&E,2026,2026,bundled,all,12,weekend_holiday,0,delivery,0.000790,pge_nbt2026
PG&E,2026,2026,bundled,all,12,weekend_holiday,1,delivery,0.000760,pge_nbt2026
PG&E,2026,2026,bundled,all,12,weekend_holiday,2,delivery,0.000730,pge_nbt2026
PG&E,2026,2026,bundled,all,12,weekend_holiday,3,delivery,0.000690,pge_nbt2026
PG&E,2026,2026,bundled,all,12,weekend_holiday,4,delivery,0.000700,pge_nbt2026
PG&E,2026,2026,bundled,all,12,weekend_holiday,5,delivery,0.000710,pge_nbt2026
PG&E,2026,2026,bundled,all,12,weekend_holiday,6,delivery,0.000740,pge_nbt2026
PG&E,2026,2026,bundled,all,12,weekend_holiday,7,delivery,0.000650,pge_nbt2026
PG&E,2026,2026,bundled,all,12,weekend_holiday,8,delivery,0.000430,pge_nbt2026
PG&E,2026,2026,bundled,all,12,weekend_holiday,9,delivery,0.000220,pge_nbt2026
PG&E,2026,2026,bundled,all,12,weekend_holiday,10,delivery,0.000190,pge_nbt2026
PG&E,2026,2026,bundled,all,12,weekend_holiday,11,delivery,0.000200,pge_nbt2026
PG&E,2026,2026,bundled,all,12,weekend_holiday,12,delivery,0.000210,pge_nbt2026
PG&E,2026,2026,bundled,all,12,weekend_holiday,13,delivery,0.000150,pge_nbt2026
PG&E,2026,2026,bundled,all,12,weekend_holiday,14,delivery,0.000150,pge_nbt2026
PG&E,2026,2026,bundled,all,12,weekend_holiday,15,delivery,0.000400,pge_nbt2026
PG&E,2026,2026,bundled,all,12,weekend_holiday,16,delivery,0.000820,pge_nbt2026
PG&E,2026,2026,bundled,all,12,weekend_holiday,17,delivery,0.000870,pge_nbt2026
PG&E,2026,2026,bundled,all,12,weekend_holiday,18,delivery,0.000910,pge_nbt2026
PG&E,2026,2026,bundled,all,12,weekend_holiday,19,delivery,0.000860,pge_nbt2026
PG&E,2026,2026,bundled,all,12,weekend_holiday,20,delivery,0.000830,pge_nbt2026
PG&E,2026,2026,bundled,all,12,weekend_holiday,21,delivery,0.000790,pge_nbt2026
PG&E,2026,2026,bundled,all,12,weekend_holiday,22,delivery,0.000780,pge_nbt2026
PG&E,2026,2026,bundled,all,12,weekend_holiday,23,delivery,0.000780,pge_nbt2026
PG&E,2026,2026,bundled,all,1,weekday,0,generation,0.093420,pge_nbt2026
PG&E,2026,2026,bundled,all,1,weekday,1,generation,0.091580,pge_nbt2026
PG&E,2026,2026,bundled,all,1,weekday,2,generation,0.090060,pge_nbt2026
PG&E,2026,2026,bundled,all,1,weekday,3,generation,0.089010,pge_nbt2026
PG&E,2026,2026,bundled,all,1,weekday,4,generation,0.090980,pge_nbt2026
PG&E,2026,2026,bundled,all,1,weekday,5,generation,0.093190,pge_nbt2026
PG&E,2026,2026,bundled,all,1,weekday,6,generation,0.094050,pge_nbt2026
PG&E,2026,2026,bundled,all,1,weekday,7,generation,0.088690,pge_nbt2026
PG&E,2026,2026,bundled,all,1,weekday,8,generation,0.076730,pge_nbt2026
PG&E,2026,2026,bundled,all,1,weekday,9,generation,0.068610,pge_nbt2026
PG&E,2026,2026,bundled,all,1,weekday,10,generation,0.067980,pge_nbt2026
PG&E,2026,2026,bundled,all,1,weekday,11,generation,0.067850,pge_nbt2026
PG&E,2026,2026,bundled,all,1,weekday,12,generation,0.066580,pge_nbt2026
PG&E,2026,2026,bundled,all,1,weekday,13,generation,0.064940,pge_nbt2026
PG&E,2026,2026,bundled,all,1,weekday,14,generation,0.063510,pge_nbt2026
PG&E,2026,2026,bundled,all,1,weekday,15,generation,0.065920,pge_nbt2026
PG&E,2026,2026,bundled,all,1,weekday,16,generation,0.081670,pge_nbt2026
PG&E,2026,2026,bundled,all,1,weekday,17,generation,0.108400,pge_nbt2026
PG&E,2026,2026,bundled,all,1,weekday,18,generation,0.101440,pge_nbt2026
PG&E,2026,2026,bundled,all,1,weekday,19,generation,0.093320,pge_nbt2026
PG&E,2026,2026,bundled,all,1,weekday,20,generation,0.092590,pge_nbt2026
PG&E,2026,2026,bundled,all,1,weekday,21,generation,0.093620,pge_nbt2026
PG&E,2026,2026,bundled,all,1,weekday,22,generation,0.096520,pge_nbt2026
PG&E,2026,2026,bundled,all,1,weekday,23,generation,0.094990,pge_nbt2026
PG&E,2026,2026,bundled,all,1,weekend_holiday,0,generation,0.090300,pge_nbt2026
PG&E,2026,2026,bundled,all,1,weekend_holiday,1,generation,0.089840,pge_nbt2026
PG&E,2026,2026,bundled,all,1,weekend_holiday,2,generation,0.091000,pge_nbt2026
PG&E,2026,2026,bundled,all,1,weekend_holiday,3,generation,0.089840,pge_nbt2026
PG&E,2026,2026,bundled,all,1,weekend_holiday,4,generation,0.089370,pge_nbt2026
PG&E,2026,2026,bundled,all,1,weekend_holiday,5,generation,0.090690,pge_nbt2026
PG&E,2026,2026,bundled,all,1,weekend_holiday,6,generation,0.092630,pge_nbt2026
PG&E,2026,2026,bundled,all,1,weekend_holiday,7,generation,0.083950,pge_nbt2026
PG&E,2026,2026,bundled,all,1,weekend_holiday,8,generation,0.068910,pge_nbt2026
PG&E,2026,2026,bundled,all,1,weekend_holiday,9,generation,0.059230,pge_nbt2026
PG&E,2026,2026,bundled,all,1,weekend_holiday,10,generation,0.058060,pge_nbt2026
PG&E,2026,2026,bundled,all,1,weekend_holiday,11,generation,0.057440,pge_nbt2026
PG&E,2026,2026,bundled,all,1,weekend_holiday,12,generation,0.058030,pge_nbt2026
PG&E,2026,2026,bundled,all,1,weekend_holiday,13,generation,0.057020,pge_nbt2026
PG&E,2026,2026,bundled,all,1,weekend_holiday,14,generation,0.055760,pge_nbt2026
PG&E,2026,2026,bundled,all,1,weekend_holiday,15,generation,0.058080,pge_nbt2026
PG&E,2026,2026,bundled,all,1,weekend_holiday,16,generation,0.084490,pge_nbt2026
PG&E,2026,2026,bundled,all,1,weekend_holiday,17,generation,0.104840,pge_nbt2026
PG&E,2026,2026,bundled,all,1,weekend_holiday,18,generation,0.098590,pge_nbt2026
PG&E,2026,2026,bundled,all,1,weekend_holiday,19,generation,0.091840,pge_nbt2026
PG&E,2026,2026,bundled,all,1,weekend_holiday,20,generation,0.090120,pge_nbt2026
PG&E,2026,2026,bundled,all,1,weekend_holiday,21,generation,0.090510,pge_nbt2026
PG&E,2026,2026,bundled,all,1,weekend_holiday,22,generation,0.093450,pge_nbt2026
PG&E,2026,2026,bundled,all,1,weekend_holiday,23,generation,0.092750,pge_nbt2026
PG&E,2026,2026,bundled,all,2,weekday,0,generation,0.093100,pge_nbt2026
PG&E,2026,2026,bundled,all,2,weekday,1,generation,0.091500,pge_nbt2026
PG&E,2026,2026,bundled,all,2,weekday,2,generation,0.092570,pge_nbt2026
PG&E,2026,2026,bundled,all,2,weekday,3,generation,0.092830,pge_nbt2026
PG&E,2026,2026,bundled,all,2,weekday,4,generation,0.093660,pge_nbt2026
PG&E,2026,2026,bundled,all,2,weekday,5,generation,0.091410,pge_nbt2026
PG&E,2026,2026,bundled,all,2,weekday,6,generation,0.088090,pge_nbt2026
PG&E,2026,2026,bundled,all,2,weekday,7,generation,0.083240,pge_nbt2026
PG&E,2026,2026,bundled,all,2,weekday,8,generation,0.063990,pge_nbt2026
PG&E,2026,2026,bundled,all,2,weekday,9,generation,0.053460,pge_nbt2026
PG&E,2026,2026,bundled,all,2,weekday,10,generation,0.051360,pge_nbt2026
PG&E,2026,2026,bundled,all,2,weekday,11,generation,0.050330,pge_nbt2026
PG&E,2026,2026,bundled,all,2,weekday,12,generation,0.046280,pge_nbt2026
PG&E,2026,2026,bundled,all,2,weekday,13,generation,0.042190,pge_nbt2026
PG&E,2026,2026,bundled,all,2,weekday,14,generation,0.034470,pge_nbt2026
PG&E,2026,2026,bundled,all,2,weekday,15,generation,0.034380,pge_nbt2026
PG&E,2026,2026,bundled,all,2,weekday,16,generation,0.067010,pge_nbt2026
PG&E,2026,2026,bundled,all,2,weekday,17,generation,0.106640,pge_nbt2026
PG&E,2026,2026,bundled,all,2,weekday,18,generation,0.094360,pge_nbt2026
PG&E,2026,2026,bundled,all,2,weekday,19,generation,0.088160,pge_nbt2026
PG&E,2026,2026,bundled,all,2,weekday,20,generation,0.087320,pge_nbt2026
PG&E,2026,2026,bundled,all,2,weekday,21,generation,0.088490,pge_nbt2026
PG&E,2026,2026,bundled,all,2,weekday,22,generation,0.093250,pge_nbt2026
PG&E,2026,2026,bundled,all,2,weekday,23,generation,0.090560,pge_nbt2026
PG&E,2026,2026,bundled,all,2,weekend_holiday,0,generation,0.084600,pge_nbt2026
PG&E,2026,2026,bundled,all,2,weekend_holiday,1,generation,0.086850,pge_nbt2026
PG&E,2026,2026,bundled,all,2,weekend_holiday,2,generation,0.089570,pge_nbt2026
PG&E,2026,2026,bundled,all,2,weekend_holiday,3,generation,0.091250,pge_nbt2026
PG&E,2026,2026,bundled,all,2,weekend_holiday,4,generation,0.088560,pge_nbt2026
PG&E,2026,2026,bundled,all,2,weekend_holiday,5,generation,0.085760,pge_nbt2026
PG&E,2026,2026,bundled,all,2,weekend_holiday,6,generation,0.080750,pge_nbt2026
PG&E,2026,2026,bundled,all,2,weekend_holiday,7,generation,0.073200,pge_nbt2026
PG&E,2026,2026,bundled,all,2,weekend_holiday,8,generation,0.049650,pge_nbt2026
PG&E,2026,2026,bundled,all,2,weekend_holiday,9,generation,0.028840,pge_nbt2026
PG&E,2026,2026,bundled,all,2,weekend_holiday,10,generation,0.031070,pge_nbt2026
PG&E,2026,2026,bundled,all,2,weekend_holiday,11,generation,0.026720,pge_nbt2026
PG&E,2026,2026,bundled,all,2,weekend_holiday,12,generation,0.028580,pge_nbt2026
PG&E,2026,2026,bundled,all,2,weekend_holiday,13,generation,0.026360,pge_nbt2026
PG&E,2026,2026,bundled,all,2,weekend_holiday,14,generation,0.030230,pge_nbt2026
PG&E,2026,2026,bundled,all,2,weekend_holiday,15,generation,0.023460,pge_nbt2026
PG&E,2026,2026,bundled,all,2,weekend_holiday,16,generation,0.060960,pge_nbt2026
PG&E,2026,2026,bundled,all,2,weekend_holiday,17,generation,0.099290,pge_nbt2026
PG&E,2026,2026,bundled,all,2,weekend_holiday,18,generation,0.102610,pge_nbt2026
PG&E,2026,2026,bundled,all,2,weekend_holiday,19,generation,0.089330,pge_nbt2026
PG&E,2026,2026,bundled,all,2,weekend_holiday,20,generation,0.086620,pge_nbt2026
PG&E,2026,2026,bundled,all,2,weekend_holiday,21,generation,0.086590,pge_nbt2026
PG&E,2026,2026,bundled,all,2,weekend_holiday,22,generation,0.088920,pge_nbt2026
PG&E,2026,2026,bundled,all,2,weekend_holiday,23,generation,0.092610,pge_nbt2026
PG&E,2026,2026,bundled,all,3,weekday,0,generation,0.080450,pge_nbt2026
PG&E,2026,2026,bundled,all,3,weekday,1,generation,0.077420,pge_nbt2026
PG&E,2026,2026,bundled,all,3,weekday,2,generation,0.073970,pge_nbt2026
PG&E,2026,2026,bundled,all,3,weekday,3,generation,0.073660,pge_nbt2026
PG&E,2026,2026,bundled,all,3,weekday,4,generation,0.075150,pge_nbt2026
PG&E,2026,2026,bundled,all,3,weekday,5,generation,0.078190,pge_nbt2026
PG&E,2026,2026,bundled,all,3,weekday,6,generation,0.079020,pge_nbt2026
PG&E,2026,2026,bundled,all,3,weekday,7,generation,0.072360,pge_nbt2026
PG&E,2026,2026,bundled,all,3,weekday,8,generation,0.052280,pge_nbt2026
PG&E,2026,2026,bundled,all,3,weekday,9,generation,0.026000,pge_nbt2026
PG&E,2026,2026,bundled,all,3,weekday,10,generation,0.021820,pge_nbt2026
PG&E,2026,2026,bundled,all,3,weekday,11,generation,0.019880,pge_nbt2026
PG&E,2026,2026,bundled,all,3,weekday,12,generation,0.019050,pge_nbt2026
PG&E,2026,2026,bundled,all,3,weekday,13,generation,0.017230,pge_nbt2026
PG&E,2026,2026,bundled,all,3,weekday,14,generation,0.016690,pge_nbt2026
PG&E,2026,2026,bundled,all,3,weekday,15,generation,0.017320,pge_nbt2026
PG&E,2026,2026,bundled,all,3,weekday,16,generation,0.025270,pge_nbt2026
PG&E,2026,2026,bundled,all,3,weekday,17,generation,0.061480,pge_nbt2026
PG&E,2026,2026,bundled,all,3,weekday,18,generation,0.085650,pge_nbt2026
PG&E,2026,2026,bundled,all,3,weekday,19,generation,0.083770,pge_nbt2026
PG&E,2026,2026,bundled,all,3,weekday,20,generation,0.079450,pge_nbt2026
PG&E,2026,2026,bundled,all,3,weekday,21,generation,0.075830,pge_nbt2026
PG&E,2026,2026,bundled,all,3,weekday,22,generation,0.075240,pge_nbt2026
PG&E,2026,2026,bundled,all,3,weekday,23,generation,0.076630,pge_nbt2026
PG&E,2026,2026,bundled,all,3,weekend_holiday,0,generation,0.067310,pge_nbt2026
PG&E,2026,2026,bundled,all,3,weekend_holiday,1,generation,0.068410,pge_nbt2026
PG&E,2026,2026,bundled,all,3,weekend_holiday,2,generation,0.067720,pge_nbt2026
PG&E,2026,2026,bundled,all,3,weekend_holiday,3,generation,0.072370,pge_nbt2026
PG&E,2026,2026,bundled,all,3,weekend_holiday,4,generation,0.072890,pge_nbt2026
PG&E,2026,2026,bundled,all,3,weekend_holiday,5,generation,0.074970,pge_nbt2026
PG&E,2026,2026,bundled,all,3,weekend_holiday,6,generation,0.073530,pge_nbt2026
PG&E,2026,2026,bundled,all,3,weekend_holiday,7,generation,0.066990,pge_nbt2026
PG&E,2026,2026,bundled,all,3,weekend_holiday,8,generation,0.009840,pge_nbt2026
PG&E,2026,2026,bundled,all,3,weekend_holiday,9,generation,0.003830,pge_nbt2026
PG&E,2026,2026,bundled,all,3,weekend_holiday,10,generation,0.004700,pge_nbt2026
PG&E,2026,2026,bundled,all,3,weekend_holiday,11,generation,0.006740,pge_nbt2026
PG&E,2026,2026,bundled,all,3,weekend_holiday,12,generation,0.009230,pge_nbt2026
PG&E,2026,2026,bundled,all,3,weekend_holiday,13,generation,0.001550,pge_nbt2026
PG&E,2026,2026,bundled,all,3,weekend_holiday,14,generation,0.000760,pge_nbt2026
PG&E,2026,2026,bundled,all,3,weekend_holiday,15,generation,0.007130,pge_nbt2026
PG&E,2026,2026,bundled,all,3,weekend_holiday,16,generation,0.018730,pge_nbt2026
PG&E,2026,2026,bundled,all,3,weekend_holiday,17,generation,0.033870,pge_nbt2026
PG&E,2026,2026,bundled,all,3,weekend_holiday,18,generation,0.075020,pge_nbt2026
PG&E,2026,2026,bundled,all,3,weekend_holiday,19,generation,0.076280,pge_nbt2026
PG&E,2026,2026,bundled,all,3,weekend_holiday,20,generation,0.074000,pge_nbt2026
PG&E,2026,2026,bundled,all,3,weekend_holiday,21,generation,0.071900,pge_nbt2026
PG&E,2026,2026,bundled,all,3,weekend_holiday,22,generation,0.072900,pge_nbt2026
PG&E,2026,2026,bundled,all,3,weekend_holiday,23,generation,0.069670,pge_nbt2026
PG&E,2026,2026,bundled,all,4,weekday,0,generation,0.077020,pge_nbt2026
PG&E,2026,2026,bundled,all,4,weekday,1,generation,0.075980,pge_nbt2026
PG&E,2026,2026,bundled,all,4,weekday,2,generation,0.079730,pge_nbt2026
PG&E,2026,2026,bundled,all,4,weekday,3,generation,0.078620,pge_nbt2026
PG&E,2026,2026,bundled,all,4,weekday,4,generation,0.076820,pge_nbt2026
PG&E,2026,2026,bundled,all,4,weekday,5,generation,0.076750,pge_nbt2026
PG&E,2026,2026,bundled,all,4,weekday,6,generation,0.070460,pge_nbt2026
PG&E,2026,2026,bundled,all,4,weekday,7,generation,0.060850,pge_nbt2026
PG&E,2026,2026,bundled,all,4,weekday,8,generation,0.017130,pge_nbt2026
PG&E,2026,2026,bundled,all,4,weekday,9,generation,0.007010,pge_nbt2026
PG&E,2026,2026,bundled,all,4,weekday,10,generation,0.008270,pge_nbt2026
PG&E,2026,2026,bundled,all,4,weekday,11,generation,0.008280,pge_nbt2026
PG&E,2026,2026,bundled,all,4,weekday,12,generation,0.008380,pge_nbt2026
PG&E,2026,2026,bundled,all,4,weekday,13,generation,0.003830,pge_nbt2026
PG&E,2026,2026,bundled,all,4,weekday,14,generation,0.001730,pge_nbt2026
PG&E,2026,2026,bundled,all,4,weekday,15,generation,0.000120,pge_nbt2026
PG&E,2026,2026,bundled,all,4,weekday,16,generation,0.001340,pge_nbt2026
PG&E,2026,2026,bundled,all,4,weekday,17,generation,0.006860,pge_nbt2026
PG&E,2026,2026,bundled,all,4,weekday,18,generation,0.077470,pge_nbt2026
PG&E,2026,2026,bundled,all,4,weekday,19,generation,0.077490,pge_nbt2026
PG&E,2026,2026,bundled,all,4,weekday,20,generation,0.073400,pge_nbt2026
PG&E,2026,2026,bundled,all,4,weekday,21,generation,0.071840,pge_nbt2026
PG&E,2026,2026,bundled,all,4,weekday,22,generation,0.071140,pge_nbt2026
PG&E,2026,2026,bundled,all,4,weekday,23,generation,0.075630,pge_nbt2026
PG&E,2026,2026,bundled,all,4,weekend_holiday,0,generation,0.065470,pge_nbt2026
PG&E,2026,2026,bundled,all,4,weekend_holiday,1,generation,0.066900,pge_nbt2026
PG&E,2026,2026,bundled,all,4,weekend_holiday,2,generation,0.071500,pge_nbt2026
PG&E,2026,2026,bundled,all,4,weekend_holiday,3,generation,0.076000,pge_nbt2026
PG&E,2026,2026,bundled,all,4,weekend_holiday,4,generation,0.074390,pge_nbt2026
PG&E,2026,2026,bundled,all,4,weekend_holiday,5,generation,0.074710,pge_nbt2026
PG&E,2026,2026,bundled,all,4,weekend_holiday,6,generation,0.067910,pge_nbt2026
PG&E,2026,2026,bundled,all,4,weekend_holiday,7,generation,0.047330,pge_nbt2026
PG&E,2026,2026,bundled,all,4,weekend_holiday,8,generation,0.004830,pge_nbt2026
PG&E,2026,2026,bundled,all,4,weekend_holiday,9,generation,0.005920,pge_nbt2026
PG&E,2026,2026,bundled,all,4,weekend_holiday,10,generation,0.006760,pge_nbt2026
PG&E,2026,2026,bundled,all,4,weekend_holiday,11,generation,0.010910,pge_nbt2026
PG&E,2026,2026,bundled,all,4,weekend_holiday,12,generation,0.009150,pge_nbt2026
PG&E,2026,2026,bundled,all,4,weekend_holiday,13,generation,0.003010,pge_nbt2026
PG&E,2026,2026,bundled,all,4,weekend_holiday,14,generation,0.000000,pge_nbt2026
PG&E,2026,2026,bundled,all,4,weekend_holiday,15,generation,0.000000,pge_nbt2026
PG&E,2026,2026,bundled,all,4,weekend_holiday,16,generation,0.000000,pge_nbt2026
PG&E,2026,2026,bundled,all,4,weekend_holiday,17,generation,0.006430,pge_nbt2026
PG&E,2026,2026,bundled,all,4,weekend_holiday,18,generation,0.072450,pge_nbt2026
PG&E,2026,2026,bundled,all,4,weekend_holiday,19,generation,0.080660,pge_nbt2026
PG&E,2026,2026,bundled,all,4,weekend_holiday,20,generation,0.069400,pge_nbt2026
PG&E,2026,2026,bundled,all,4,weekend_holiday,21,generation,0.068610,pge_nbt2026
PG&E,2026,2026,bundled,all,4,weekend_holiday,22,generation,0.067380,pge_nbt2026
PG&E,2026,2026,bundled,all,4,weekend_holiday,23,generation,0.070540,pge_nbt2026
PG&E,2026,2026,bundled,all,5,weekday,0,generation,0.077450,pge_nbt2026
PG&E,2026,2026,bundled,all,5,weekday,1,generation,0.073600,pge_nbt2026
PG&E,2026,2026,bundled,all,5,weekday,2,generation,0.075810,pge_nbt2026
PG&E,2026,2026,bundled,all,5,weekday,3,generation,0.079110,pge_nbt2026
PG&E,2026,2026,bundled,all,5,weekday,4,generation,0.080480,pge_nbt2026
PG&E,2026,2026,bundled,all,5,weekday,5,generation,0.075030,pge_nbt2026
PG&E,2026,2026,bundled,all,5,weekday,6,generation,0.069190,pge_nbt2026
PG&E,2026,2026,bundled,all,5,weekday,7,generation,0.063600,pge_nbt2026
PG&E,2026,2026,bundled,all,5,weekday,8,generation,0.025350,pge_nbt2026
PG&E,2026,2026,bundled,all,5,weekday,9,generation,0.013610,pge_nbt2026
PG&E,2026,2026,bundled,all,5,weekday,10,generation,0.014350,pge_nbt2026
PG&E,2026,2026,bundled,all,5,weekday,11,generation,0.012340,pge_nbt2026
PG&E,2026,2026,bundled,all,5,weekday,12,generation,0.013140,pge_nbt2026
PG&E,2026,2026,bundled,all,5,weekday,13,generation,0.015700,pge_nbt2026
PG&E,2026,2026,bundled,all,5,weekday,14,generation,0.012260,pge_nbt2026
PG&E,2026,2026,bundled,all,5,weekday,15,generation,0.012080,pge_nbt2026
PG&E,2026,2026,bundled,all,5,weekday,16,generation,0.014870,pge_nbt2026
PG&E,2026,2026,bundled,all,5,weekday,17,generation,0.034200,pge_nbt2026
PG&E,2026,2026,bundled,all,5,weekday,18,generation,0.080790,pge_nbt2026
PG&E,2026,2026,bundled,all,5,weekday,19,generation,0.086460,pge_nbt2026
PG&E,2026,2026,bundled,all,5,weekday,20,generation,0.075340,pge_nbt2026
PG&E,2026,2026,bundled,all,5,weekday,21,generation,0.071350,pge_nbt2026
PG&E,2026,2026,bundled,all,5,weekday,22,generation,0.072250,pge_nbt2026
PG&E,2026,2026,bundled,all,5,weekday,23,generation,0.074480,pge_nbt2026
PG&E,2026,2026,bundled,all,5,weekend_holiday,0,generation,0.067240,pge_nbt2026
PG&E,2026,2026,bundled,all,5,weekend_holiday,1,generation,0.070980,pge_nbt2026
PG&E,2026,2026,bundled,all,5,weekend_holiday,2,generation,0.077650,pge_nbt2026
PG&E,2026,2026,bundled,all,5,weekend_holiday,3,generation,0.079060,pge_nbt2026
PG&E,2026,2026,bundled,all,5,weekend_holiday,4,generation,0.075920,pge_nbt2026
PG&E,2026,2026,bundled,all,5,weekend_holiday,5,generation,0.067510,pge_nbt2026
PG&E,2026,2026,bundled,all,5,weekend_holiday,6,generation,0.069090,pge_nbt2026
PG&E,2026,2026,bundled,all,5,weekend_holiday,7,generation,0.036000,pge_nbt2026
PG&E,2026,2026,bundled,all,5,weekend_holiday,8,generation,0.003200,pge_nbt2026
PG&E,2026,2026,bundled,all,5,weekend_holiday,9,generation,0.006230,pge_nbt2026
PG&E,2026,2026,bundled,all,5,weekend_holiday,10,generation,0.005540,pge_nbt2026
PG&E,2026,2026,bundled,all,5,weekend_holiday,11,generation,0.005890,pge_nbt2026
PG&E,2026,2026,bundled,all,5,weekend_holiday,12,generation,0.008260,pge_nbt2026
PG&E,2026,2026,bundled,all,5,weekend_holiday,13,generation,0.008090,pge_nbt2026
PG&E,2026,2026,bundled,all,5,weekend_holiday,14,generation,0.002270,pge_nbt2026
PG&E,2026,2026,bundled,all,5,weekend_holiday,15,generation,0.000000,pge_nbt2026
PG&E,2026,2026,bundled,all,5,weekend_holiday,16,generation,0.003370,pge_nbt2026
PG&E,2026,2026,bundled,all,5,weekend_holiday,17,generation,0.005180,pge_nbt2026
PG&E,2026,2026,bundled,all,5,weekend_holiday,18,generation,0.061510,pge_nbt2026
PG&E,2026,2026,bundled,all,5,weekend_holiday,19,generation,0.084140,pge_nbt2026
PG&E,2026,2026,bundled,all,5,weekend_holiday,20,generation,0.073470,pge_nbt2026
PG&E,2026,2026,bundled,all,5,weekend_holiday,21,generation,0.071860,pge_nbt2026
PG&E,2026,2026,bundled,all,5,weekend_holiday,22,generation,0.070610,pge_nbt2026
PG&E,2026,2026,bundled,all,5,weekend_holiday,23,generation,0.071920,pge_nbt2026
PG&E,2026,2026,bundled,all,6,weekday,0,generation,0.077620,pge_nbt2026
PG&E,2026,2026,bundled,all,6,weekday,1,generation,0.076210,pge_nbt2026
PG&E,2026,2026,bundled,all,6,weekday,2,generation,0.074840,pge_nbt2026
PG&E,2026,2026,bundled,all,6,weekday,3,generation,0.077010,pge_nbt2026
PG&E,2026,2026,bundled,all,6,weekday,4,generation,0.075250,pge_nbt2026
PG&E,2026,2026,bundled,all,6,weekday,5,generation,0.075240,pge_nbt2026
PG&E,2026,2026,bundled,all,6,weekday,6,generation,0.072290,pge_nbt2026
PG&E,2026,2026,bundled,all,6,weekday,7,generation,0.065930,pge_nbt2026
PG&E,2026,2026,bundled,all,6,weekday,8,generation,0.046470,pge_nbt2026
PG&E,2026,2026,bundled,all,6,weekday,9,generation,0.039310,pge_nbt2026
PG&E,2026,2026,bundled,all,6,weekday,10,generation,0.037900,pge_nbt2026
PG&E,2026,2026,bundled,all,6,weekday,11,generation,0.032790,pge_nbt2026
PG&E,2026,2026,bundled,all,6,weekday,12,generation,0.032460,pge_nbt2026
PG&E,2026,2026,bundled,all,6,weekday,13,generation,0.032630,pge_nbt2026
PG&E,2026,2026,bundled,all,6,weekday,14,generation,0.037400,pge_nbt2026
PG&E,2026,2026,bundled,all,6,weekday,15,generation,0.032080,pge_nbt2026
PG&E,2026,2026,bundled,all,6,weekday,16,generation,0.037440,pge_nbt2026
PG&E,2026,2026,bundled,all,6,weekday,17,generation,0.048740,pge_nbt2026
PG&E,2026,2026,bundled,all,6,weekday,18,generation,0.087450,pge_nbt2026
PG&E,2026,2026,bundled,all,6,weekday,19,generation,0.089820,pge_nbt2026
PG&E,2026,2026,bundled,all,6,weekday,20,generation,0.086650,pge_nbt2026
PG&E,2026,2026,bundled,all,6,weekday,21,generation,0.082250,pge_nbt2026
PG&E,2026,2026,bundled,all,6,weekday,22,generation,0.080150,pge_nbt2026
PG&E,2026,2026,bundled,all,6,weekday,23,generation,0.075270,pge_nbt2026
PG&E,2026,2026,bundled,all,6,weekend_holiday,0,generation,0.072300,pge_nbt2026
PG&E,2026,2026,bundled,all,6,weekend_holiday,1,generation,0.070340,pge_nbt2026
PG&E,2026,2026,bundled,all,6,weekend_holiday,2,generation,0.071120,pge_nbt2026
PG&E,2026,2026,bundled,all,6,weekend_holiday,3,generation,0.071750,pge_nbt2026
PG&E,2026,2026,bundled,all,6,weekend_holiday,4,generation,0.070020,pge_nbt2026
PG&E,2026,2026,bundled,all,6,weekend_holiday,5,generation,0.087840,pge_nbt2026
PG&E,2026,2026,bundled,all,6,weekend_holiday,6,generation,0.073870,pge_nbt2026
PG&E,2026,2026,bundled,all,6,weekend_holiday,7,generation,0.061720,pge_nbt2026
PG&E,2026,2026,bundled,all,6,weekend_holiday,8,generation,0.022200,pge_nbt2026
PG&E,2026,2026,bundled,all,6,weekend_holiday,9,generation,0.018510,pge_nbt2026
PG&E,2026,2026,bundled,all,6,weekend_holiday,10,generation,0.019060,pge_nbt2026
PG&E,2026,2026,bundled,all,6,weekend_holiday,11,generation,0.012740,pge_nbt2026
PG&E,2026,2026,bundled,all,6,weekend_holiday,12,generation,0.018900,pge_nbt2026
PG&E,2026,2026,bundled,all,6,weekend_holiday,13,generation,0.014980,pge_nbt2026
PG&E,2026,2026,bundled,all,6,weekend_holiday,14,generation,0.013150,pge_nbt2026
PG&E,2026,2026,bundled,all,6,weekend_holiday,15,generation,0.013790,pge_nbt2026
PG&E,2026,2026,bundled,all,6,weekend_holiday,16,generation,0.014530,pge_nbt2026
PG&E,2026,2026,bundled,all,6,weekend_holiday,17,generation,0.028740,pge_nbt2026
PG&E,2026,2026,bundled,all,6,weekend_holiday,18,generation,0.074580,pge_nbt2026
PG&E,2026,2026,bundled,all,6,weekend_holiday,19,generation,0.094490,pge_nbt2026
PG&E,2026,2026,bundled,all,6,weekend_holiday,20,generation,0.084780,pge_nbt2026
PG&E,2026,2026,bundled,all,6,weekend_holiday,21,generation,0.080170,pge_nbt2026
PG&E,2026,2026,bundled,all,6,weekend_holiday,22,generation,0.079610,pge_nbt2026
PG&E,2026,2026,bundled,all,6,weekend_holiday,23,generation,0.075900,pge_nbt2026
PG&E,2026,2026,bundled,all,7,weekday,0,generation,0.072780,pge_nbt2026
PG&E,2026,2026,bundled,all,7,weekday,1,generation,0.074450,pge_nbt2026
PG&E,2026,2026,bundled,all,7,weekday,2,generation,0.072670,pge_nbt2026
PG&E,2026,2026,bundled,all,7,weekday,3,generation,0.074180,pge_nbt2026
PG&E,2026,2026,bundled,all,7,weekday,4,generation,0.071050,pge_nbt2026
PG&E,2026,2026,bundled,all,7,weekday,5,generation,0.072090,pge_nbt2026
PG&E,2026,2026,bundled,all,7,weekday,6,generation,0.076170,pge_nbt2026
PG&E,2026,2026,bundled,all,7,weekday,7,generation,0.072910,pge_nbt2026
PG&E,2026,2026,bundled,all,7,weekday,8,generation,0.068070,pge_nbt2026
PG&E,2026,2026,bundled,all,7,weekday,9,generation,0.060330,pge_nbt2026
PG&E,2026,2026,bundled,all,7,weekday,10,generation,0.062790,pge_nbt2026
PG&E,2026,2026,bundled,all,7,weekday,11,generation,0.061180,pge_nbt2026
PG&E,2026,2026,bundled,all,7,weekday,12,generation,0.056860,pge_nbt2026
PG&E,2026,2026,bundled,all,7,weekday,13,generation,0.053540,pge_nbt2026
PG&E,2026,2026,bundled,all,7,weekday,14,generation,0.053420,pge_nbt2026
PG&E,2026,2026,bundled,all,7,weekday,15,generation,0.055220,pge_nbt2026
PG&E,2026,2026,bundled,all,7,weekday,16,generation,0.054670,pge_nbt2026
PG&E,2026,2026,bundled,all,7,weekday,17,generation,0.066150,pge_nbt2026
PG&E,2026,2026,bundled,all,7,weekday,18,generation,0.095930,pge_nbt2026
PG&E,2026,2026,bundled,all,7,weekday,19,generation,0.107080,pge_nbt2026
PG&E,2026,2026,bundled,all,7,weekday,20,generation,0.090960,pge_nbt2026
PG&E,2026,2026,bundled,all,7,weekday,21,generation,0.082480,pge_nbt2026
PG&E,2026,2026,bundled,all,7,weekday,22,generation,0.081100,pge_nbt2026
PG&E,2026,2026,bundled,all,7,weekday,23,generation,0.074940,pge_nbt2026
PG&E,2026,2026,bundled,all,7,weekend_holiday,0,generation,0.079680,pge_nbt2026
PG&E,2026,2026,bundled,all,7,weekend_holiday,1,generation,0.074100,pge_nbt2026
PG&E,2026,2026,bundled,all,7,weekend_holiday,2,generation,0.072080,pge_nbt2026
PG&E,2026,2026,bundled,all,7,weekend_holiday,3,generation,0.073410,pge_nbt2026
PG&E,2026,2026,bundled,all,7,weekend_holiday,4,generation,0.071510,pge_nbt2026
PG&E,2026,2026,bundled,all,7,weekend_holiday,5,generation,0.070950,pge_nbt2026
PG&E,2026,2026,bundled,all,7,weekend_holiday,6,generation,0.068200,pge_nbt2026
PG&E,2026,2026,bundled,all,7,weekend_holiday,7,generation,0.066340,pge_nbt2026
PG&E,2026,2026,bundled,all,7,weekend_holiday,8,generation,0.027530,pge_nbt2026
PG&E,2026,2026,bundled,all,7,weekend_holiday,9,generation,0.027300,pge_nbt2026
PG&E,2026,2026,bundled,all,7,weekend_holiday,10,generation,0.028830,pge_nbt2026
PG&E,2026,2026,bundled,all,7,weekend_holiday,11,generation,0.027060,pge_nbt2026
PG&E,2026,2026,bundled,all,7,weekend_holiday,12,generation,0.029170,pge_nbt2026
PG&E,2026,2026,bundled,all,7,weekend_holiday,13,generation,0.031810,pge_nbt2026
PG&E,2026,2026,bundled,all,7,weekend_holiday,14,generation,0.027960,pge_nbt2026
PG&E,2026,2026,bundled,all,7,weekend_holiday,15,generation,0.031850,pge_nbt2026
PG&E,2026,2026,bundled,all,7,weekend_holiday,16,generation,0.031890,pge_nbt2026
PG&E,2026,2026,bundled,all,7,weekend_holiday,17,generation,0.049130,pge_nbt2026
PG&E,2026,2026,bundled,all,7,weekend_holiday,18,generation,0.091700,pge_nbt2026
PG&E,2026,2026,bundled,all,7,weekend_holiday,19,generation,0.116240,pge_nbt2026
PG&E,2026,2026,bundled,all,7,weekend_holiday,20,generation,0.100610,pge_nbt2026
PG&E,2026,2026,bundled,all,7,weekend_holiday,21,generation,0.079990,pge_nbt2026
PG&E,2026,2026,bundled,all,7,weekend_holiday,22,generation,0.079310,pge_nbt2026
PG&E,2026,2026,bundled,all,7,weekend_holiday,23,generation,0.076960,pge_nbt2026
PG&E,2026,2026,bundled,all,8,weekday,0,generation,0.090890,pge_nbt2026
PG&E,2026,2026,bundled,all,8,weekday,1,generation,0.091090,pge_nbt2026
PG&E,2026,2026,bundled,all,8,weekday,2,generation,0.089440,pge_nbt2026
PG&E,2026,2026,bundled,all,8,weekday,3,generation,0.086520,pge_nbt2026
PG&E,2026,2026,bundled,all,8,weekday,4,generation,0.086090,pge_nbt2026
PG&E,2026,2026,bundled,all,8,weekday,5,generation,0.087060,pge_nbt2026
PG&E,2026,2026,bundled,all,8,weekday,6,generation,0.084710,pge_nbt2026
PG&E,2026,2026,bundled,all,8,weekday,7,generation,0.073900,pge_nbt2026
PG&E,2026,2026,bundled,all,8,weekday,8,generation,0.067790,pge_nbt2026
PG&E,2026,2026,bundled,all,8,weekday,9,generation,0.067180,pge_nbt2026
PG&E,2026,2026,bundled,all,8,weekday,10,generation,0.066850,pge_nbt2026
PG&E,2026,2026,bundled,all,8,weekday,11,generation,0.066260,pge_nbt2026
PG&E,2026,2026,bundled,all,8,weekday,12,generation,0.067120,pge_nbt2026
PG&E,2026,2026,bundled,all,8,weekday,13,generation,0.067490,pge_nbt2026
PG&E,2026,2026,bundled,all,8,weekday,14,generation,0.066850,pge_nbt2026
PG&E,2026,2026,bundled,all,8,weekday,15,generation,0.070260,pge_nbt2026
PG&E,2026,2026,bundled,all,8,weekday,16,generation,0.082700,pge_nbt2026
PG&E,2026,2026,bundled,all,8,weekday,17,generation,0.849690,pge_nbt2026
PG&E,2026,2026,bundled,all,8,weekday,18,generation,0.883690,pge_nbt2026
PG&E,2026,2026,bundled,all,8,weekday,19,generation,0.913540,pge_nbt2026
PG&E,2026,2026,bundled,all,8,weekday,20,generation,0.998210,pge_nbt2026
PG&E,2026,2026,bundled,all,8,weekday,21,generation,0.895980,pge_nbt2026
PG&E,2026,2026,bundled,all,8,weekday,22,generation,0.888960,pge_nbt2026
PG&E,2026,2026,bundled,all,8,weekday,23,generation,0.092620,pge_nbt2026
PG&E,2026,2026,bundled,all,8,weekend_holiday,0,generation,0.084610,pge_nbt2026
PG&E,2026,2026,bundled,all,8,weekend_holiday,1,generation,0.083640,pge_nbt2026
PG&E,2026,2026,bundled,all,8,weekend_holiday,2,generation,0.084760,pge_nbt2026
PG&E,2026,2026,bundled,all,8,weekend_holiday,3,generation,0.080670,pge_nbt2026
PG&E,2026,2026,bundled,all,8,weekend_holiday,4,generation,0.080000,pge_nbt2026
PG&E,2026,2026,bundled,all,8,weekend_holiday,5,generation,0.080480,pge_nbt2026
PG&E,2026,2026,bundled,all,8,weekend_holiday,6,generation,0.074700,pge_nbt2026
PG&E,2026,2026,bundled,all,8,weekend_holiday,7,generation,0.061240,pge_nbt2026
PG&E,2026,2026,bundled,all,8,weekend_holiday,8,generation,0.042880,pge_nbt2026
PG&E,2026,2026,bundled,all,8,weekend_holiday,9,generation,0.039430,pge_nbt2026
PG&E,2026,2026,bundled,all,8,weekend_holiday,10,generation,0.039870,pge_nbt2026
PG&E,2026,2026,bundled,all,8,weekend_holiday,11,generation,0.039960,pge_nbt2026
PG&E,2026,2026,bundled,all,8,weekend_holiday,12,generation,0.036780,pge_nbt2026
PG&E,2026,2026,bundled,all,8,weekend_holiday,13,generation,0.036430,pge_nbt2026
PG&E,2026,2026,bundled,all,8,weekend_holiday,14,generation,0.036700,pge_nbt2026
PG&E,2026,2026,bundled,all,8,weekend_holiday,15,generation,0.043410,pge_nbt2026
PG&E,2026,2026,bundled,all,8,weekend_holiday,16,generation,0.058390,pge_nbt2026
PG&E,2026,2026,bundled,all,8,weekend_holiday,17,generation,0.889310,pge_nbt2026
PG&E,2026,2026,bundled,all,8,weekend_holiday,18,generation,0.943290,pge_nbt2026
PG&E,2026,2026,bundled,all,8,weekend_holiday,19,generation,0.965850,pge_nbt2026
PG&E,2026,2026,bundled,all,8,weekend_holiday,20,generation,1.042810,pge_nbt2026
PG&E,2026,2026,bundled,all,8,weekend_holiday,21,generation,0.952490,pge_nbt2026
PG&E,2026,2026,bundled,all,8,weekend_holiday,22,generation,0.946010,pge_nbt2026
PG&E,2026,2026,bundled,all,8,weekend_holiday,23,generation,0.089370,pge_nbt2026
PG&E,2026,2026,bundled,all,9,weekday,0,generation,0.095390,pge_nbt2026
PG&E,2026,2026,bundled,all,9,weekday,1,generation,0.093500,pge_nbt2026
PG&E,2026,2026,bundled,all,9,weekday,2,generation,0.091410,pge_nbt2026
PG&E,2026,2026,bundled,all,9,weekday,3,generation,0.088500,pge_nbt2026
PG&E,2026,2026,bundled,all,9,weekday,4,generation,0.087130,pge_nbt2026
PG&E,2026,2026,bundled,all,9,weekday,5,generation,0.089130,pge_nbt2026
PG&E,2026,2026,bundled,all,9,weekday,6,generation,0.086570,pge_nbt2026
PG&E,2026,2026,bundled,all,9,weekday,7,generation,0.077100,pge_nbt2026
PG&E,2026,2026,bundled,all,9,weekday,8,generation,0.067320,pge_nbt2026
PG&E,2026,2026,bundled,all,9,weekday,9,generation,0.064280,pge_nbt2026
PG&E,2026,2026,bundled,all,9,weekday,10,generation,0.062610,pge_nbt2026
PG&E,2026,2026,bundled,all,9,weekday,11,generation,0.062350,pge_nbt2026
PG&E,2026,2026,bundled,all,9,weekday,12,generation,0.061530,pge_nbt2026
PG&E,2026,2026,bundled,all,9,weekday,13,generation,0.060660,pge_nbt2026
PG&E,2026,2026,bundled,all,9,weekday,14,generation,0.061080,pge_nbt2026
PG&E,2026,2026,bundled,all,9,weekday,15,generation,0.061490,pge_nbt2026
PG&E,2026,2026,bundled,all,9,weekday,16,generation,0.075140,pge_nbt2026
PG&E,2026,2026,bundled,all,9,weekday,17,generation,0.137480,pge_nbt2026
PG&E,2026,2026,bundled,all,9,weekday,18,generation,0.458600,pge_nbt2026
PG&E,2026,2026,bundled,all,9,weekday,19,generation,0.593120,pge_nbt2026
PG&E,2026,2026,bundled,all,9,weekday,20,generation,0.316970,pge_nbt2026
PG&E,2026,2026,bundled,all,9,weekday,21,generation,0.154100,pge_nbt2026
PG&E,2026,2026,bundled,all,9,weekday,22,generation,0.154140,pge_nbt2026
PG&E,2026,2026,bundled,all,9,weekday,23,generation,0.095760,pge_nbt2026
PG&E,2026,2026,bundled,all,9,weekend_holiday,0,generation,0.079870,pge_nbt2026
PG&E,2026,2026,bundled,all,9,weekend_holiday,1,generation,0.083580,pge_nbt2026
PG&E,2026,2026,bundled,all,9,weekend_holiday,2,generation,0.083070,pge_nbt2026
PG&E,2026,2026,bundled,all,9,weekend_holiday,3,generation,0.080370,pge_nbt2026
PG&E,2026,2026,bundled,all,9,weekend_holiday,4,generation,0.080370,pge_nbt2026
PG&E,2026,2026,bundled,all,9,weekend_holiday,5,generation,0.082160,pge_nbt2026
PG&E,2026,2026,bundled,all,9,weekend_holiday,6,generation,0.080290,pge_nbt2026
PG&E,2026,2026,bundled,all,9,weekend_holiday,7,generation,0.065480,pge_nbt2026
PG&E,2026,2026,bundled,all,9,weekend_holiday,8,generation,0.039820,pge_nbt2026
PG&E,2026,2026,bundled,all,9,weekend_holiday,9,generation,0.027420,pge_nbt2026
PG&E,2026,2026,bundled,all,9,weekend_holiday,10,generation,0.024920,pge_nbt2026
PG&E,2026,2026,bundled,all,9,weekend_holiday,11,generation,0.022870,pge_nbt2026
PG&E,2026,2026,bundled,all,9,weekend_holiday,12,generation,0.020910,pge_nbt2026
PG&E,2026,2026,bundled,all,9,weekend_holiday,13,generation,0.021860,pge_nbt2026
PG&E,2026,2026,bundled,all,9,weekend_holiday,14,generation,0.026570,pge_nbt2026
PG&E,2026,2026,bundled,all,9,weekend_holiday,15,generation,0.029050,pge_nbt2026
PG&E,2026,2026,bundled,all,9,weekend_holiday,16,generation,0.042560,pge_nbt2026
PG&E,2026,2026,bundled,all,9,weekend_holiday,17,generation,0.129000,pge_nbt2026
PG&E,2026,2026,bundled,all,9,weekend_holiday,18,generation,0.531220,pge_nbt2026
PG&E,2026,2026,bundled,all,9,weekend_holiday,19,generation,0.696290,pge_nbt2026
PG&E,2026,2026,bundled,all,9,weekend_holiday,20,generation,0.350430,pge_nbt2026
PG&E,2026,2026,bundled,all,9,weekend_holiday,21,generation,0.165810,pge_nbt2026
PG&E,2026,2026,bundled,all,9,weekend_holiday,22,generation,0.166560,pge_nbt2026
PG&E,2026,2026,bundled,all,9,weekend_holiday,23,generation,0.093870,pge_nbt2026
PG&E,2026,2026,bundled,all,10,weekday,0,generation,0.089530,pge_nbt2026
PG&E,2026,2026,bundled,all,10,weekday,1,generation,0.089550,pge_nbt2026
PG&E,2026,2026,bundled,all,10,weekday,2,generation,0.087510,pge_nbt2026
PG&E,2026,2026,bundled,all,10,weekday,3,generation,0.085950,pge_nbt2026
PG&E,2026,2026,bundled,all,10,weekday,4,generation,0.085180,pge_nbt2026
PG&E,2026,2026,bundled,all,10,weekday,5,generation,0.084630,pge_nbt2026
PG&E,2026,2026,bundled,all,10,weekday,6,generation,0.085090,pge_nbt2026
PG&E,2026,2026,bundled,all,10,weekday,7,generation,0.076730,pge_nbt2026
PG&E,2026,2026,bundled,all,10,weekday,8,generation,0.065730,pge_nbt2026
PG&E,2026,2026,bundled,all,10,weekday,9,generation,0.059740,pge_nbt2026
PG&E,2026,2026,bundled,all,10,weekday,10,generation,0.060080,pge_nbt2026
PG&E,2026,2026,bundled,all,10,weekday,11,generation,0.057990,pge_nbt2026
PG&E,2026,2026,bundled,all,10,weekday,12,generation,0.057050,pge_nbt2026
PG&E,2026,2026,bundled,all,10,weekday,13,generation,0.056440,pge_nbt2026
PG&E,2026,2026,bundled,all,10,weekday,14,generation,0.056220,pge_nbt2026
PG&E,2026,2026,bundled,all,10,weekday,15,generation,0.055830,pge_nbt2026
PG&E,2026,2026,bundled,all,10,weekday,16,generation,0.061410,pge_nbt2026
PG&E,2026,2026,bundled,all,10,weekday,17,generation,0.089990,pge_nbt2026
PG&E,2026,2026,bundled,all,10,weekday,18,generation,0.092510,pge_nbt2026
PG&E,2026,2026,bundled,all,10,weekday,19,generation,0.090800,pge_nbt2026
PG&E,2026,2026,bundled,all,10,weekday,20,generation,0.086540,pge_nbt2026
PG&E,2026,2026,bundled,all,10,weekday,21,generation,0.083710,pge_nbt2026
PG&E,2026,2026,bundled,all,10,weekday,22,generation,0.088710,pge_nbt2026
PG&E,2026,2026,bundled,all,10,weekday,23,generation,0.090370,pge_nbt2026
PG&E,2026,2026,bundled,all,10,weekend_holiday,0,generation,0.077510,pge_nbt2026
PG&E,2026,2026,bundled,all,10,weekend_holiday,1,generation,0.079750,pge_nbt2026
PG&E,2026,2026,bundled,all,10,weekend_holiday,2,generation,0.076930,pge_nbt2026
PG&E,2026,2026,bundled,all,10,weekend_holiday,3,generation,0.075290,pge_nbt2026
PG&E,2026,2026,bundled,all,10,weekend_holiday,4,generation,0.079140,pge_nbt2026
PG&E,2026,2026,bundled,all,10,weekend_holiday,5,generation,0.079230,pge_nbt2026
PG&E,2026,2026,bundled,all,10,weekend_holiday,6,generation,0.078480,pge_nbt2026
PG&E,2026,2026,bundled,all,10,weekend_holiday,7,generation,0.070270,pge_nbt2026
PG&E,2026,2026,bundled,all,10,weekend_holiday,8,generation,0.042430,pge_nbt2026
PG&E,2026,2026,bundled,all,10,weekend_holiday,9,generation,0.021010,pge_nbt2026
PG&E,2026,2026,bundled,all,10,weekend_holiday,10,generation,0.020750,pge_nbt2026
PG&E,2026,2026,bundled,all,10,weekend_holiday,11,generation,0.020660,pge_nbt2026
PG&E,2026,2026,bundled,all,10,weekend_holiday,12,generation,0.022300,pge_nbt2026
PG&E,2026,2026,bundled,all,10,weekend_holiday,13,generation,0.019780,pge_nbt2026
PG&E,2026,2026,bundled,all,10,weekend_holiday,14,generation,0.021370,pge_nbt2026
PG&E,2026,2026,bundled,all,10,weekend_holiday,15,generation,0.023260,pge_nbt2026
PG&E,2026,2026,bundled,all,10,weekend_holiday,16,generation,0.039940,pge_nbt2026
PG&E,2026,2026,bundled,all,10,weekend_holiday,17,generation,0.079220,pge_nbt2026
PG&E,2026,2026,bundled,all,10,weekend_holiday,18,generation,0.085210,pge_nbt2026
PG&E,2026,2026,bundled,all,10,weekend_holiday,19,generation,0.082100,pge_nbt2026
PG&E,2026,2026,bundled,all,10,weekend_holiday,20,generation,0.079510,pge_nbt2026
PG&E,2026,2026,bundled,all,10,weekend_holiday,21,generation,0.077050,pge_nbt2026
PG&E,2026,2026,bundled,all,10,weekend_holiday,22,generation,0.091240,pge_nbt2026
PG&E,2026,2026,bundled,all,10,weekend_holiday,23,generation,0.086910,pge_nbt2026
PG&E,2026,2026,bundled,all,11,weekday,0,generation,0.086210,pge_nbt2026
PG&E,2026,2026,bundled,all,11,weekday,1,generation,0.087000,pge_nbt2026
PG&E,2026,2026,bundled,all,11,weekday,2,generation,0.085700,pge_nbt2026
PG&E,2026,2026,bundled,all,11,weekday,3,generation,0.084470,pge_nbt2026
PG&E,2026,2026,bundled,all,11,weekday,4,generation,0.085670,pge_nbt2026
PG&E,2026,2026,bundled,all,11,weekday,5,generation,0.086060,pge_nbt2026
PG&E,2026,2026,bundled,all,11,weekday,6,generation,0.082590,pge_nbt2026
PG&E,2026,2026,bundled,all,11,weekday,7,generation,0.073000,pge_nbt2026
PG&E,2026,2026,bundled,all,11,weekday,8,generation,0.062800,pge_nbt2026
PG&E,2026,2026,bundled,all,11,weekday,9,generation,0.060240,pge_nbt2026
PG&E,2026,2026,bundled,all,11,weekday,10,generation,0.059230,pge_nbt2026
PG&E,2026,2026,bundled,all,11,weekday,11,generation,0.057470,pge_nbt2026
PG&E,2026,2026,bundled,all,11,weekday,12,generation,0.055720,pge_nbt2026
PG&E,2026,2026,bundled,all,11,weekday,13,generation,0.050020,pge_nbt2026
PG&E,2026,2026,bundled,all,11,weekday,14,generation,0.051090,pge_nbt2026
PG&E,2026,2026,bundled,all,11,weekday,15,generation,0.065400,pge_nbt2026
PG&E,2026,2026,bundled,all,11,weekday,16,generation,0.092690,pge_nbt2026
PG&E,2026,2026,bundled,all,11,weekday,17,generation,0.096940,pge_nbt2026
PG&E,2026,2026,bundled,all,11,weekday,18,generation,0.088860,pge_nbt2026
PG&E,2026,2026,bundled,all,11,weekday,19,generation,0.086010,pge_nbt2026
PG&E,2026,2026,bundled,all,11,weekday,20,generation,0.085200,pge_nbt2026
PG&E,2026,2026,bundled,all,11,weekday,21,generation,0.086040,pge_nbt2026
PG&E,2026,2026,bundled,all,11,weekday,22,generation,0.087110,pge_nbt2026
PG&E,2026,2026,bundled,all,11,weekday,23,generation,0.092320,pge_nbt2026
PG&E,2026,2026,bundled,all,11,weekend_holiday,0,generation,0.083460,pge_nbt2026
PG&E,2026,2026,bundled,all,11,weekend_holiday,1,generation,0.079590,pge_nbt2026
PG&E,2026,2026,bundled,all,11,weekend_holiday,2,generation,0.078830,pge_nbt2026
PG&E,2026,2026,bundled,all,11,weekend_holiday,3,generation,0.080230,pge_nbt2026
PG&E,2026,2026,bundled,all,11,weekend_holiday,4,generation,0.081840,pge_nbt2026
PG&E,2026,2026,bundled,all,11,weekend_holiday,5,generation,0.084500,pge_nbt2026
PG&E,2026,2026,bundled,all,11,weekend_holiday,6,generation,0.082750,pge_nbt2026
PG&E,2026,2026,bundled,all,11,weekend_holiday,7,generation,0.063070,pge_nbt2026
PG&E,2026,2026,bundled,all,11,weekend_holiday,8,generation,0.043570,pge_nbt2026
PG&E,2026,2026,bundled,all,11,weekend_holiday,9,generation,0.035160,pge_nbt2026
PG&E,2026,2026,bundled,all,11,weekend_holiday,10,generation,0.031930,pge_nbt2026
PG&E,2026,2026,bundled,all,11,weekend_holiday,11,generation,0.029380,pge_nbt2026
PG&E,2026,2026,bundled,all,11,weekend_holiday,12,generation,0.027770,pge_nbt2026
PG&E,2026,2026,bundled,all,11,weekend_holiday,13,generation,0.025640,pge_nbt2026
PG&E,2026,2026,bundled,all,11,weekend_holiday,14,generation,0.022000,pge_nbt2026
PG&E,2026,2026,bundled,all,11,weekend_holiday,15,generation,0.044830,pge_nbt2026
PG&E,2026,2026,bundled,all,11,weekend_holiday,16,generation,0.081490,pge_nbt2026
PG&E,2026,2026,bundled,all,11,weekend_holiday,17,generation,0.092290,pge_nbt2026
PG&E,2026,2026,bundled,all,11,weekend_holiday,18,generation,0.086560,pge_nbt2026
PG&E,2026,2026,bundled,all,11,weekend_holiday,19,generation,0.084450,pge_nbt2026
PG&E,2026,2026,bundled,all,11,weekend_holiday,20,generation,0.083470,pge_nbt2026
PG&E,2026,2026,bundled,all,11,weekend_holiday,21,generation,0.082560,pge_nbt2026
PG&E,2026,2026,bundled,all,11,weekend_holiday,22,generation,0.086770,pge_nbt2026
PG&E,2026,2026,bundled,all,11,weekend_holiday,23,generation,0.084510,pge_nbt2026
PG&E,2026,2026,bundled,all,12,weekday,0,generation,0.089640,pge_nbt2026
PG&E,2026,2026,bundled,all,12,weekday,1,generation,0.089180,pge_nbt2026
PG&E,2026,2026,bundled,all,12,weekday,2,generation,0.086870,pge_nbt2026
PG&E,2026,2026,bundled,all,12,weekday,3,generation,0.087530,pge_nbt2026
PG&E,2026,2026,bundled,all,12,weekday,4,generation,0.088820,pge_nbt2026
PG&E,2026,2026,bundled,all,12,weekday,5,generation,0.091870,pge_nbt2026
PG&E,2026,2026,bundled,all,12,weekday,6,generation,0.098740,pge_nbt2026
PG&E,2026,2026,bundled,all,12,weekday,7,generation,0.086750,pge_nbt2026
PG&E,2026,2026,bundled,all,12,weekday,8,generation,0.074780,pge_nbt2026
PG&E,2026,2026,bundled,all,12,weekday,9,generation,0.070180,pge_nbt2026
PG&E,2026,2026,bundled,all,12,weekday,10,generation,0.069360,pge_nbt2026
PG&E,2026,2026,bundled,all,12,weekday,11,generation,0.065400,pge_nbt2026
PG&E,2026,2026,bundled,all,12,weekday,12,generation,0.062800,pge_nbt2026
PG&E,2026,2026,bundled,all,12,weekday,13,generation,0.062100,pge_nbt2026
PG&E,2026,2026,bundled,all,12,weekday,14,generation,0.063290,pge_nbt2026
PG&E,2026,2026,bundled,all,12,weekday,15,generation,0.071560,pge_nbt2026
PG&E,2026,2026,bundled,all,12,weekday,16,generation,0.092020,pge_nbt2026
PG&E,2026,2026,bundled,all,12,weekday,17,generation,0.097220,pge_nbt2026
PG&E,2026,2026,bundled,all,12,weekday,18,generation,0.097170,pge_nbt2026
PG&E,2026,2026,bundled,all,12,weekday,19,generation,0.089860,pge_nbt2026
PG&E,2026,2026,bundled,all,12,weekday,20,generation,0.089650,pge_nbt2026
PG&E,2026,2026,bundled,all,12,weekday,21,generation,0.091550,pge_nbt2026
PG&E,2026,2026,bundled,all,12,weekday,22,generation,0.091780,pge_nbt2026
PG&E,2026,2026,bundled,all,12,weekday,23,generation,0.090490,pge_nbt2026
PG&E,2026,2026,bundled,all,12,weekend_holiday,0,generation,0.083250,pge_nbt2026
PG&E,2026,2026,bundled,all,12,weekend_holiday,1,generation,0.080510,pge_nbt2026
PG&E,2026,2026,bundled,all,12,weekend_holiday,2,generation,0.076880,pge_nbt2026
PG&E,2026,2026,bundled,all,12,weekend_holiday,3,generation,0.073050,pge_nbt2026
PG&E,2026,2026,bundled,all,12,weekend_holiday,4,generation,0.073370,pge_nbt2026
PG&E,2026,2026,bundled,all,12,weekend_holiday,5,generation,0.075280,pge_nbt2026
PG&E,2026,2026,bundled,all,12,weekend_holiday,6,generation,0.077770,pge_nbt2026
PG&E,2026,2026,bundled,all,12,weekend_holiday,7,generation,0.066780,pge_nbt2026
PG&E,2026,2026,bundled,all,12,weekend_holiday,8,generation,0.044540,pge_nbt2026
PG&E,2026,2026,bundled,all,12,weekend_holiday,9,generation,0.023150,pge_nbt2026
PG&E,2026,2026,bundled,all,12,weekend_holiday,10,generation,0.020120,pge_nbt2026
PG&E,2026,2026,bundled,all,12,weekend_holiday,11,generation,0.020850,pge_nbt2026
PG&E,2026,2026,bundled,all,12,weekend_holiday,12,generation,0.022380,pge_nbt2026
PG&E,2026,2026,bundled,all,12,weekend_holiday,13,generation,0.016270,pge_nbt2026
PG&E,2026,2026,bundled,all,12,weekend_holiday,14,generation,0.015530,pge_nbt2026
PG&E,2026,2026,bundled,all,12,weekend_holiday,15,generation,0.042520,pge_nbt2026
PG&E,2026,2026,bundled,all,12,weekend_holiday,16,generation,0.086400,pge_nbt2026
PG&E,2026,2026,bundled,all,12,weekend_holiday,17,generation,0.088180,pge_nbt2026
PG&E,2026,2026,bundled,all,12,weekend_holiday,18,generation,0.085310,pge_nbt2026
PG&E,2026,2026,bundled,all,12,weekend_holiday,19,generation,0.080090,pge_nbt2026
PG&E,2026,2026,bundled,all,12,weekend_holiday,20,generation,0.080900,pge_nbt2026
PG&E,2026,2026,bundled,all,12,weekend_holiday,21,generation,0.081240,pge_nbt2026
PG&E,2026,2026,bundled,all,12,weekend_holiday,22,generation,0.082830,pge_nbt2026
PG&E,2026,2026,bundled,all,12,weekend_holiday,23,generation,0.082090,pge_nbt2026
PG&E,2026,2026,bundled,all,1,weekday,0,total,0.094310,pge_nbt2026
PG&E,2026,2026,bundled,all,1,weekday,1,total,0.092450,pge_nbt2026
PG&E,2026,2026,bundled,all,1,weekday,2,total,0.090890,pge_nbt2026
PG&E,2026,2026,bundled,all,1,weekday,3,total,0.089830,pge_nbt2026
PG&E,2026,2026,bundled,all,1,weekday,4,total,0.091820,pge_nbt2026
PG&E,2026,2026,bundled,all,1,weekday,5,total,0.094050,pge_nbt2026
PG&E,2026,2026,bundled,all,1,weekday,6,total,0.094920,pge_nbt2026
PG&E,2026,2026,bundled,all,1,weekday,7,total,0.089540,pge_nbt2026
PG&E,2026,2026,bundled,all,1,weekday,8,total,0.077470,pge_nbt2026
PG&E,2026,2026,bundled,all,1,weekday,9,total,0.069260,pge_nbt2026
PG&E,2026,2026,bundled,all,1,weekday,10,total,0.068630,pge_nbt2026
PG&E,2026,2026,bundled,all,1,weekday,11,total,0.068480,pge_nbt2026
PG&E,2026,2026,bundled,all,1,weekday,12,total,0.067210,pge_nbt2026
PG&E,2026,2026,bundled,all,1,weekday,13,total,0.065550,pge_nbt2026
PG&E,2026,2026,bundled,all,1,weekday,14,total,0.064110,pge_nbt2026
PG&E,2026,2026,bundled,all,1,weekday,15,total,0.066540,pge_nbt2026
PG&E,2026,2026,bundled,all,1,weekday,16,total,0.082440,pge_nbt2026
PG&E,2026,2026,bundled,all,1,weekday,17,total,0.109450,pge_nbt2026
PG&E,2026,2026,bundled,all,1,weekday,18,total,0.102490,pge_nbt2026
PG&E,2026,2026,bundled,all,1,weekday,19,total,0.094290,pge_nbt2026
PG&E,2026,2026,bundled,all,1,weekday,20,total,0.093520,pge_nbt2026
PG&E,2026,2026,bundled,all,1,weekday,21,total,0.094520,pge_nbt2026
PG&E,2026,2026,bundled,all,1,weekday,22,total,0.097410,pge_nbt2026
PG&E,2026,2026,bundled,all,1,weekday,23,total,0.095870,pge_nbt2026
PG&E,2026,2026,bundled,all,1,weekend_holiday,0,total,0.091130,pge_nbt2026
PG&E,2026,2026,bundled,all,1,weekend_holiday,1,total,0.090670,pge_nbt2026
PG&E,2026,2026,bundled,all,1,weekend_holiday,2,total,0.091840,pge_nbt2026
PG&E,2026,2026,bundled,all,1,weekend_holiday,3,total,0.090670,pge_nbt2026
PG&E,2026,2026,bundled,all,1,weekend_holiday,4,total,0.090200,pge_nbt2026
PG&E,2026,2026,bundled,all,1,weekend_holiday,5,total,0.091530,pge_nbt2026
PG&E,2026,2026,bundled,all,1,weekend_holiday,6,total,0.093490,pge_nbt2026
PG&E,2026,2026,bundled,all,1,weekend_holiday,7,total,0.084730,pge_nbt2026
PG&E,2026,2026,bundled,all,1,weekend_holiday,8,total,0.069560,pge_nbt2026
PG&E,2026,2026,bundled,all,1,weekend_holiday,9,total,0.059790,pge_nbt2026
PG&E,2026,2026,bundled,all,1,weekend_holiday,10,total,0.058610,pge_nbt2026
PG&E,2026,2026,bundled,all,1,weekend_holiday,11,total,0.057980,pge_nbt2026
PG&E,2026,2026,bundled,all,1,weekend_holiday,12,total,0.058580,pge_nbt2026
PG&E,2026,2026,bundled,all,1,weekend_holiday,13,total,0.057550,pge_nbt2026
PG&E,2026,2026,bundled,all,1,weekend_holiday,14,total,0.056290,pge_nbt2026
PG&E,2026,2026,bundled,all,1,weekend_holiday,15,total,0.058620,pge_nbt2026
PG&E,2026,2026,bundled,all,1,weekend_holiday,16,total,0.085290,pge_nbt2026
PG&E,2026,2026,bundled,all,1,weekend_holiday,17,total,0.105880,pge_nbt2026
PG&E,2026,2026,bundled,all,1,weekend_holiday,18,total,0.099630,pge_nbt2026
PG&E,2026,2026,bundled,all,1,weekend_holiday,19,total,0.092800,pge_nbt2026
PG&E,2026,2026,bundled,all,1,weekend_holiday,20,total,0.091030,pge_nbt2026
PG&E,2026,2026,bundled,all,1,weekend_holiday,21,total,0.091380,pge_nbt2026
PG&E,2026,2026,bundled,all,1,weekend_holiday,22,total,0.094320,pge_nbt2026
PG&E,2026,2026,bundled,all,1,weekend_holiday,23,total,0.093610,pge_nbt2026
PG&E,2026,2026,bundled,all,2,weekday,0,total,0.093970,pge_nbt2026
PG&E,2026,2026,bundled,all,2,weekday,1,total,0.092360,pge_nbt2026
PG&E,2026,2026,bundled,all,2,weekday,2,total,0.093440,pge_nbt2026
PG&E,2026,2026,bundled,all,2,weekday,3,total,0.093700,pge_nbt2026
PG&E,2026,2026,bundled,all,2,weekday,4,total,0.094540,pge_nbt2026
PG&E,2026,2026,bundled,all,2,weekday,5,total,0.092270,pge_nbt2026
PG&E,2026,2026,bundled,all,2,weekday,6,total,0.088920,pge_nbt2026
PG&E,2026,2026,bundled,all,2,weekday,7,total,0.084050,pge_nbt2026
PG&E,2026,2026,bundled,all,2,weekday,8,total,0.064630,pge_nbt2026
PG&E,2026,2026,bundled,all,2,weekday,9,total,0.053980,pge_nbt2026
PG&E,2026,2026,bundled,all,2,weekday,10,total,0.051850,pge_nbt2026
PG&E,2026,2026,bundled,all,2,weekday,11,total,0.050810,pge_nbt2026
PG&E,2026,2026,bundled,all,2,weekday,12,total,0.046720,pge_nbt2026
PG&E,2026,2026,bundled,all,2,weekday,13,total,0.042590,pge_nbt2026
PG&E,2026,2026,bundled,all,2,weekday,14,total,0.034820,pge_nbt2026
PG&E,2026,2026,bundled,all,2,weekday,15,total,0.034700,pge_nbt2026
PG&E,2026,2026,bundled,all,2,weekday,16,total,0.067640,pge_nbt2026
PG&E,2026,2026,bundled,all,2,weekday,17,total,0.107690,pge_nbt2026
PG&E,2026,2026,bundled,all,2,weekday,18,total,0.095370,pge_nbt2026
PG&E,2026,2026,bundled,all,2,weekday,19,total,0.089100,pge_nbt2026
PG&E,2026,2026,bundled,all,2,weekday,20,total,0.088220,pge_nbt2026
PG&E,2026,2026,bundled,all,2,weekday,21,total,0.089360,pge_nbt2026
PG&E,2026,2026,bundled,all,2,weekday,22,total,0.094130,pge_nbt2026
PG&E,2026,2026,bundled,all,2,weekday,23,total,0.091410,pge_nbt2026
PG&E,2026,2026,bundled,all,2,weekend_holiday,0,total,0.085390,pge_nbt2026
PG&E,2026,2026,bundled,all,2,weekend_holiday,1,total,0.087660,pge_nbt2026
PG&E,2026,2026,bundled,all,2,weekend_holiday,2,total,0.090410,pge_nbt2026
PG&E,2026,2026,bundled,all,2,weekend_holiday,3,total,0.092110,pge_nbt2026
PG&E,2026,2026,bundled,all,2,weekend_holiday,4,total,0.089390,pge_nbt2026
PG&E,2026,2026,bundled,all,2,weekend_holiday,5,total,0.086560,pge_nbt2026
PG&E,2026,2026,bundled,all,2,weekend_holiday,6,total,0.081510,pge_nbt2026
PG&E,2026,2026,bundled,all,2,weekend_holiday,7,total,0.073890,pge_nbt2026
PG&E,2026,2026,bundled,all,2,weekend_holiday,8,total,0.050120,pge_nbt2026
PG&E,2026,2026,bundled,all,2,weekend_holiday,9,total,0.029120,pge_nbt2026
PG&E,2026,2026,bundled,all,2,weekend_holiday,10,total,0.031360,pge_nbt2026
PG&E,2026,2026,bundled,all,2,weekend_holiday,11,total,0.026970,pge_nbt2026
PG&E,2026,2026,bundled,all,2,weekend_holiday,12,total,0.028840,pge_nbt2026
PG&E,2026,2026,bundled,all,2,weekend_holiday,13,total,0.026600,pge_nbt2026
PG&E,2026,2026,bundled,all,2,weekend_holiday,14,total,0.030510,pge_nbt2026
PG&E,2026,2026,bundled,all,2,weekend_holiday,15,total,0.023680,pge_nbt2026
PG&E,2026,2026,bundled,all,2,weekend_holiday,16,total,0.061530,pge_nbt2026
PG&E,2026,2026,bundled,all,2,weekend_holiday,17,total,0.100280,pge_nbt2026
PG&E,2026,2026,bundled,all,2,weekend_holiday,18,total,0.103710,pge_nbt2026
PG&E,2026,2026,bundled,all,2,weekend_holiday,19,total,0.090290,pge_nbt2026
PG&E,2026,2026,bundled,all,2,weekend_holiday,20,total,0.087520,pge_nbt2026
PG&E,2026,2026,bundled,all,2,weekend_holiday,21,total,0.087440,pge_nbt2026
PG&E,2026,2026,bundled,all,2,weekend_holiday,22,total,0.089760,pge_nbt2026
PG&E,2026,2026,bundled,all,2,weekend_holiday,23,total,0.093480,pge_nbt2026
PG&E,2026,2026,bundled,all,3,weekday,0,total,0.081250,pge_nbt2026
PG&E,2026,2026,bundled,all,3,weekday,1,total,0.078190,pge_nbt2026
PG&E,2026,2026,bundled,all,3,weekday,2,total,0.074700,pge_nbt2026
PG&E,2026,2026,bundled,all,3,weekday,3,total,0.074390,pge_nbt2026
PG&E,2026,2026,bundled,all,3,weekday,4,total,0.075900,pge_nbt2026
PG&E,2026,2026,bundled,all,3,weekday,5,total,0.078990,pge_nbt2026
PG&E,2026,2026,bundled,all,3,weekday,6,total,0.079830,pge_nbt2026
PG&E,2026,2026,bundled,all,3,weekday,7,total,0.073090,pge_nbt2026
PG&E,2026,2026,bundled,all,3,weekday,8,total,0.052820,pge_nbt2026
PG&E,2026,2026,bundled,all,3,weekday,9,total,0.026350,pge_nbt2026
PG&E,2026,2026,bundled,all,3,weekday,10,total,0.022050,pge_nbt2026
PG&E,2026,2026,bundled,all,3,weekday,11,total,0.020090,pge_nbt2026
PG&E,2026,2026,bundled,all,3,weekday,12,total,0.019260,pge_nbt2026
PG&E,2026,2026,bundled,all,3,weekday,13,total,0.017420,pge_nbt2026
PG&E,2026,2026,bundled,all,3,weekday,14,total,0.016890,pge_nbt2026
PG&E,2026,2026,bundled,all,3,weekday,15,total,0.017530,pge_nbt2026
PG&E,2026,2026,bundled,all,3,weekday,16,total,0.025560,pge_nbt2026
PG&E,2026,2026,bundled,all,3,weekday,17,total,0.062130,pge_nbt2026
PG&E,2026,2026,bundled,all,3,weekday,18,total,0.086530,pge_nbt2026
PG&E,2026,2026,bundled,all,3,weekday,19,total,0.084640,pge_nbt2026
PG&E,2026,2026,bundled,all,3,weekday,20,total,0.080300,pge_nbt2026
PG&E,2026,2026,bundled,all,3,weekday,21,total,0.076670,pge_nbt2026
PG&E,2026,2026,bundled,all,3,weekday,22,total,0.076040,pge_nbt2026
PG&E,2026,2026,bundled,all,3,weekday,23,total,0.077400,pge_nbt2026
PG&E,2026,2026,bundled,all,3,weekend_holiday,0,total,0.067980,pge_nbt2026
PG&E,2026,2026,bundled,all,3,weekend_holiday,1,total,0.069120,pge_nbt2026
PG&E,2026,2026,bundled,all,3,weekend_holiday,2,total,0.068390,pge_nbt2026
PG&E,2026,2026,bundled,all,3,weekend_holiday,3,total,0.073090,pge_nbt2026
PG&E,2026,2026,bundled,all,3,weekend_holiday,4,total,0.073660,pge_nbt2026
PG&E,2026,2026,bundled,all,3,weekend_holiday,5,total,0.075710,pge_nbt2026
PG&E,2026,2026,bundled,all,3,weekend_holiday,6,total,0.074320,pge_nbt2026
PG&E,2026,2026,bundled,all,3,weekend_holiday,7,total,0.067660,pge_nbt2026
PG&E,2026,2026,bundled,all,3,weekend_holiday,8,total,0.009990,pge_nbt2026
PG&E,2026,2026,bundled,all,3,weekend_holiday,9,total,0.003870,pge_nbt2026
PG&E,2026,2026,bundled,all,3,weekend_holiday,10,total,0.004790,pge_nbt2026
PG&E,2026,2026,bundled,all,3,weekend_holiday,11,total,0.006810,pge_nbt2026
PG&E,2026,2026,bundled,all,3,weekend_holiday,12,total,0.009360,pge_nbt2026
PG&E,2026,2026,bundled,all,3,weekend_holiday,13,total,0.001580,pge_nbt2026
PG&E,2026,2026,bundled,all,3,weekend_holiday,14,total,0.000800,pge_nbt2026
PG&E,2026,2026,bundled,all,3,weekend_holiday,15,total,0.007210,pge_nbt2026
PG&E,2026,2026,bundled,all,3,weekend_holiday,16,total,0.018940,pge_nbt2026
PG&E,2026,2026,bundled,all,3,weekend_holiday,17,total,0.034220,pge_nbt2026
PG&E,2026,2026,bundled,all,3,weekend_holiday,18,total,0.075810,pge_nbt2026
PG&E,2026,2026,bundled,all,3,weekend_holiday,19,total,0.077080,pge_nbt2026
PG&E,2026,2026,bundled,all,3,weekend_holiday,20,total,0.074800,pge_nbt2026
PG&E,2026,2026,bundled,all,3,weekend_holiday,21,total,0.072700,pge_nbt2026
PG&E,2026,2026,bundled,all,3,weekend_holiday,22,total,0.073670,pge_nbt2026
PG&E,2026,2026,bundled,all,3,weekend_holiday,23,total,0.070400,pge_nbt2026
PG&E,2026,2026,bundled,all,4,weekday,0,total,0.077790,pge_nbt2026
PG&E,2026,2026,bundled,all,4,weekday,1,total,0.076750,pge_nbt2026
PG&E,2026,2026,bundled,all,4,weekday,2,total,0.080530,pge_nbt2026
PG&E,2026,2026,bundled,all,4,weekday,3,total,0.079410,pge_nbt2026
PG&E,2026,2026,bundled,all,4,weekday,4,total,0.077590,pge_nbt2026
PG&E,2026,2026,bundled,all,4,weekday,5,total,0.077510,pge_nbt2026
PG&E,2026,2026,bundled,all,4,weekday,6,total,0.071170,pge_nbt2026
PG&E,2026,2026,bundled,all,4,weekday,7,total,0.061470,pge_nbt2026
PG&E,2026,2026,bundled,all,4,weekday,8,total,0.017320,pge_nbt2026
PG&E,2026,2026,bundled,all,4,weekday,9,total,0.007110,pge_nbt2026
PG&E,2026,2026,bundled,all,4,weekday,10,total,0.008380,pge_nbt2026
PG&E,2026,2026,bundled,all,4,weekday,11,total,0.008390,pge_nbt2026
PG&E,2026,2026,bundled,all,4,weekday,12,total,0.008500,pge_nbt2026
PG&E,2026,2026,bundled,all,4,weekday,13,total,0.003910,pge_nbt2026
PG&E,2026,2026,bundled,all,4,weekday,14,total,0.001800,pge_nbt2026
PG&E,2026,2026,bundled,all,4,weekday,15,total,0.000180,pge_nbt2026
PG&E,2026,2026,bundled,all,4,weekday,16,total,0.001410,pge_nbt2026
PG&E,2026,2026,bundled,all,4,weekday,17,total,0.006970,pge_nbt2026
PG&E,2026,2026,bundled,all,4,weekday,18,total,0.078280,pge_nbt2026
PG&E,2026,2026,bundled,all,4,weekday,19,total,0.078300,pge_nbt2026
PG&E,2026,2026,bundled,all,4,weekday,20,total,0.074180,pge_nbt2026
PG&E,2026,2026,bundled,all,4,weekday,21,total,0.072640,pge_nbt2026
PG&E,2026,2026,bundled,all,4,weekday,22,total,0.071910,pge_nbt2026
PG&E,2026,2026,bundled,all,4,weekday,23,total,0.076400,pge_nbt2026
PG&E,2026,2026,bundled,all,4,weekend_holiday,0,total,0.066130,pge_nbt2026
PG&E,2026,2026,bundled,all,4,weekend_holiday,1,total,0.067570,pge_nbt2026
PG&E,2026,2026,bundled,all,4,weekend_holiday,2,total,0.072220,pge_nbt2026
PG&E,2026,2026,bundled,all,4,weekend_holiday,3,total,0.076760,pge_nbt2026
PG&E,2026,2026,bundled,all,4,weekend_holiday,4,total,0.075140,pge_nbt2026
PG&E,2026,2026,bundled,all,4,weekend_holiday,5,total,0.075460,pge_nbt2026
PG&E,2026,2026,bundled,all,4,weekend_holiday,6,total,0.068590,pge_nbt2026
PG&E,2026,2026,bundled,all,4,weekend_holiday,7,total,0.047800,pge_nbt2026
PG&E,2026,2026,bundled,all,4,weekend_holiday,8,total,0.004880,pge_nbt2026
PG&E,2026,2026,bundled,all,4,weekend_holiday,9,total,0.005990,pge_nbt2026
PG&E,2026,2026,bundled,all,4,weekend_holiday,10,total,0.006840,pge_nbt2026
PG&E,2026,2026,bundled,all,4,weekend_holiday,11,total,0.011030,pge_nbt2026
PG&E,2026,2026,bundled,all,4,weekend_holiday,12,total,0.009260,pge_nbt2026
PG&E,2026,2026,bundled,all,4,weekend_holiday,13,total,0.003050,pge_nbt2026
PG&E,2026,2026,bundled,all,4,weekend_holiday,14,total,0.000020,pge_nbt2026
PG&E,2026,2026,bundled,all,4,weekend_holiday,15,total,0.000020,pge_nbt2026
PG&E,2026,2026,bundled,all,4,weekend_holiday,16,total,0.000020,pge_nbt2026
PG&E,2026,2026,bundled,all,4,weekend_holiday,17,total,0.006500,pge_nbt2026
PG&E,2026,2026,bundled,all,4,weekend_holiday,18,total,0.073180,pge_nbt2026
PG&E,2026,2026,bundled,all,4,weekend_holiday,19,total,0.081480,pge_nbt2026
PG&E,2026,2026,bundled,all,4,weekend_holiday,20,total,0.070110,pge_nbt2026
PG&E,2026,2026,bundled,all,4,weekend_holiday,21,total,0.069360,pge_nbt2026
PG&E,2026,2026,bundled,all,4,weekend_holiday,22,total,0.068110,pge_nbt2026
PG&E,2026,2026,bundled,all,4,weekend_holiday,23,total,0.071260,pge_nbt2026
PG&E,2026,2026,bundled,all,5,weekday,0,total,0.078210,pge_nbt2026
PG&E,2026,2026,bundled,all,5,weekday,1,total,0.074320,pge_nbt2026
PG&E,2026,2026,bundled,all,5,weekday,2,total,0.076550,pge_nbt2026
PG&E,2026,2026,bundled,all,5,weekday,3,total,0.079890,pge_nbt2026
PG&E,2026,2026,bundled,all,5,weekday,4,total,0.081270,pge_nbt2026
PG&E,2026,2026,bundled,all,5,weekday,5,total,0.075770,pge_nbt2026
PG&E,2026,2026,bundled,all,5,weekday,6,total,0.069870,pge_nbt2026
PG&E,2026,2026,bundled,all,5,weekday,7,total,0.064230,pge_nbt2026
PG&E,2026,2026,bundled,all,5,weekday,8,total,0.025620,pge_nbt2026
PG&E,2026,2026,bundled,all,5,weekday,9,total,0.013800,pge_nbt2026
PG&E,2026,2026,bundled,all,5,weekday,10,total,0.014540,pge_nbt2026
PG&E,2026,2026,bundled,all,5,weekday,11,total,0.012490,pge_nbt2026
PG&E,2026,2026,bundled,all,5,weekday,12,total,0.013300,pge_nbt2026
PG&E,2026,2026,bundled,all,5,weekday,13,total,0.015880,pge_nbt2026
PG&E,2026,2026,bundled,all,5,weekday,14,total,0.012420,pge_nbt2026
PG&E,2026,2026,bundled,all,5,weekday,15,total,0.012250,pge_nbt2026
PG&E,2026,2026,bundled,all,5,weekday,16,total,0.015060,pge_nbt2026
PG&E,2026,2026,bundled,all,5,weekday,17,total,0.034580,pge_nbt2026
PG&E,2026,2026,bundled,all,5,weekday,18,total,0.081620,pge_nbt2026
PG&E,2026,2026,bundled,all,5,weekday,19,total,0.087340,pge_nbt2026
PG&E,2026,2026,bundled,all,5,weekday,20,total,0.076120,pge_nbt2026
PG&E,2026,2026,bundled,all,5,weekday,21,total,0.072130,pge_nbt2026
PG&E,2026,2026,bundled,all,5,weekday,22,total,0.073020,pge_nbt2026
PG&E,2026,2026,bundled,all,5,weekday,23,total,0.075220,pge_nbt2026
PG&E,2026,2026,bundled,all,5,weekend_holiday,0,total,0.067900,pge_nbt2026
PG&E,2026,2026,bundled,all,5,weekend_holiday,1,total,0.071680,pge_nbt2026
PG&E,2026,2026,bundled,all,5,weekend_holiday,2,total,0.078410,pge_nbt2026
PG&E,2026,2026,bundled,all,5,weekend_holiday,3,total,0.079840,pge_nbt2026
PG&E,2026,2026,bundled,all,5,weekend_holiday,4,total,0.076670,pge_nbt2026
PG&E,2026,2026,bundled,all,5,weekend_holiday,5,total,0.068170,pge_nbt2026
PG&E,2026,2026,bundled,all,5,weekend_holiday,6,total,0.069770,pge_nbt2026
PG&E,2026,2026,bundled,all,5,weekend_holiday,7,total,0.036350,pge_nbt2026
PG&E,2026,2026,bundled,all,5,weekend_holiday,8,total,0.003240,pge_nbt2026
PG&E,2026,2026,bundled,all,5,weekend_holiday,9,total,0.006300,pge_nbt2026
PG&E,2026,2026,bundled,all,5,weekend_holiday,10,total,0.005600,pge_nbt2026
PG&E,2026,2026,bundled,all,5,weekend_holiday,11,total,0.005950,pge_nbt2026
PG&E,2026,2026,bundled,all,5,weekend_holiday,12,total,0.008350,pge_nbt2026
PG&E,2026,2026,bundled,all,5,weekend_holiday,13,total,0.008170,pge_nbt2026
PG&E,2026,2026,bundled,all,5,weekend_holiday,14,total,0.002300,pge_nbt2026
PG&E,2026,2026,bundled,all,5,weekend_holiday,15,total,0.000010,pge_nbt2026
PG&E,2026,2026,bundled,all,5,weekend_holiday,16,total,0.003410,pge_nbt2026
PG&E,2026,2026,bundled,all,5,weekend_holiday,17,total,0.005230,pge_nbt2026
PG&E,2026,2026,bundled,all,5,weekend_holiday,18,total,0.062120,pge_nbt2026
PG&E,2026,2026,bundled,all,5,weekend_holiday,19,total,0.084980,pge_nbt2026
PG&E,2026,2026,bundled,all,5,weekend_holiday,20,total,0.074220,pge_nbt2026
PG&E,2026,2026,bundled,all,5,weekend_holiday,21,total,0.072630,pge_nbt2026
PG&E,2026,2026,bundled,all,5,weekend_holiday,22,total,0.071360,pge_nbt2026
PG&E,2026,2026,bundled,all,5,weekend_holiday,23,total,0.072640,pge_nbt2026
PG&E,2026,2026,bundled,all,6,weekday,0,total,0.078390,pge_nbt2026
PG&E,2026,2026,bundled,all,6,weekday,1,total,0.076960,pge_nbt2026
PG&E,2026,2026,bundled,all,6,weekday,2,total,0.075580,pge_nbt2026
PG&E,2026,2026,bundled,all,6,weekday,3,total,0.077770,pge_nbt2026
PG&E,2026,2026,bundled,all,6,weekday,4,total,0.075990,pge_nbt2026
PG&E,2026,2026,bundled,all,6,weekday,5,total,0.075980,pge_nbt2026
PG&E,2026,2026,bundled,all,6,weekday,6,total,0.073010,pge_nbt2026
PG&E,2026,2026,bundled,all,6,weekday,7,total,0.066600,pge_nbt2026
PG&E,2026,2026,bundled,all,6,weekday,8,total,0.046990,pge_nbt2026
PG&E,2026,2026,bundled,all,6,weekday,9,total,0.039800,pge_nbt2026
PG&E,2026,2026,bundled,all,6,weekday,10,total,0.038410,pge_nbt2026
PG&E,2026,2026,bundled,all,6,weekday,11,total,0.033330,pge_nbt2026
PG&E,2026,2026,bundled,all,6,weekday,12,total,0.033070,pge_nbt2026
PG&E,2026,2026,bundled,all,6,weekday,13,total,0.033290,pge_nbt2026
PG&E,2026,2026,bundled,all,6,weekday,14,total,0.038280,pge_nbt2026
PG&E,2026,2026,bundled,all,6,weekday,15,total,0.033130,pge_nbt2026
PG&E,2026,2026,bundled,all,6,weekday,16,total,0.126090,pge_nbt2026
PG&E,2026,2026,bundled,all,6,weekday,17,total,0.228320,pge_nbt2026
PG&E,2026,2026,bundled,all,6,weekday,18,total,0.271030,pge_nbt2026
PG&E,2026,2026,bundled,all,6,weekday,19,total,0.270070,pge_nbt2026
PG&E,2026,2026,bundled,all,6,weekday,20,total,0.176820,pge_nbt2026
PG&E,2026,2026,bundled,all,6,weekday,21,total,0.083680,pge_nbt2026
PG&E,2026,2026,bundled,all,6,weekday,22,total,0.081210,pge_nbt2026
PG&E,2026,2026,bundled,all,6,weekday,23,total,0.076050,pge_nbt2026
PG&E,2026,2026,bundled,all,6,weekend_holiday,0,total,0.073010,pge_nbt2026
PG&E,2026,2026,bundled,all,6,weekend_holiday,1,total,0.071030,pge_nbt2026
PG&E,2026,2026,bundled,all,6,weekend_holiday,2,total,0.071820,pge_nbt2026
PG&E,2026,2026,bundled,all,6,weekend_holiday,3,total,0.072450,pge_nbt2026
PG&E,2026,2026,bundled,all,6,weekend_holiday,4,total,0.070700,pge_nbt2026
PG&E,2026,2026,bundled,all,6,weekend_holiday,5,total,0.088610,pge_nbt2026
PG&E,2026,2026,bundled,all,6,weekend_holiday,6,total,0.074590,pge_nbt2026
PG&E,2026,2026,bundled,all,6,weekend_holiday,7,total,0.062330,pge_nbt2026
PG&E,2026,2026,bundled,all,6,weekend_holiday,8,total,0.022440,pge_nbt2026
PG&E,2026,2026,bundled,all,6,weekend_holiday,9,total,0.018750,pge_nbt2026
PG&E,2026,2026,bundled,all,6,weekend_holiday,10,total,0.019300,pge_nbt2026
PG&E,2026,2026,bundled,all,6,weekend_holiday,11,total,0.012950,pge_nbt2026
PG&E,2026,2026,bundled,all,6,weekend_holiday,12,total,0.019190,pge_nbt2026
PG&E,2026,2026,bundled,all,6,weekend_holiday,13,total,0.015230,pge_nbt2026
PG&E,2026,2026,bundled,all,6,weekend_holiday,14,total,0.013450,pge_nbt2026
PG&E,2026,2026,bundled,all,6,weekend_holiday,15,total,0.014180,pge_nbt2026
PG&E,2026,2026,bundled,all,6,weekend_holiday,16,total,0.015080,pge_nbt2026
PG&E,2026,2026,bundled,all,6,weekend_holiday,17,total,0.029710,pge_nbt2026
PG&E,2026,2026,bundled,all,6,weekend_holiday,18,total,0.076330,pge_nbt2026
PG&E,2026,2026,bundled,all,6,weekend_holiday,19,total,0.096560,pge_nbt2026
PG&E,2026,2026,bundled,all,6,weekend_holiday,20,total,0.086350,pge_nbt2026
PG&E,2026,2026,bundled,all,6,weekend_holiday,21,total,0.081320,pge_nbt2026
PG&E,2026,2026,bundled,all,6,weekend_holiday,22,total,0.080550,pge_nbt2026
PG&E,2026,2026,bundled,all,6,weekend_holiday,23,total,0.076660,pge_nbt2026
PG&E,2026,2026,bundled,all,7,weekday,0,total,0.073500,pge_nbt2026
PG&E,2026,2026,bundled,all,7,weekday,1,total,0.075180,pge_nbt2026
PG&E,2026,2026,bundled,all,7,weekday,2,total,0.073380,pge_nbt2026
PG&E,2026,2026,bundled,all,7,weekday,3,total,0.074900,pge_nbt2026
PG&E,2026,2026,bundled,all,7,weekday,4,total,0.071740,pge_nbt2026
PG&E,2026,2026,bundled,all,7,weekday,5,total,0.072790,pge_nbt2026
PG&E,2026,2026,bundled,all,7,weekday,6,total,0.076920,pge_nbt2026
PG&E,2026,2026,bundled,all,7,weekday,7,total,0.073640,pge_nbt2026
PG&E,2026,2026,bundled,all,7,weekday,8,total,0.068810,pge_nbt2026
PG&E,2026,2026,bundled,all,7,weekday,9,total,0.061030,pge_nbt2026
PG&E,2026,2026,bundled,all,7,weekday,10,total,0.063530,pge_nbt2026
PG&E,2026,2026,bundled,all,7,weekday,11,total,0.061960,pge_nbt2026
PG&E,2026,2026,bundled,all,7,weekday,12,total,0.057630,pge_nbt2026
PG&E,2026,2026,bundled,all,7,weekday,13,total,0.054290,pge_nbt2026
PG&E,2026,2026,bundled,all,7,weekday,14,total,0.054350,pge_nbt2026
PG&E,2026,2026,bundled,all,7,weekday,15,total,0.056410,pge_nbt2026
PG&E,2026,2026,bundled,all,7,weekday,16,total,0.141150,pge_nbt2026
PG&E,2026,2026,bundled,all,7,weekday,17,total,0.325470,pge_nbt2026
PG&E,2026,2026,bundled,all,7,weekday,18,total,0.364330,pge_nbt2026
PG&E,2026,2026,bundled,all,7,weekday,19,total,0.457460,pge_nbt2026
PG&E,2026,2026,bundled,all,7,weekday,20,total,0.264200,pge_nbt2026
PG&E,2026,2026,bundled,all,7,weekday,21,total,0.084160,pge_nbt2026
PG&E,2026,2026,bundled,all,7,weekday,22,total,0.082300,pge_nbt2026
PG&E,2026,2026,bundled,all,7,weekday,23,total,0.075740,pge_nbt2026
PG&E,2026,2026,bundled,all,7,weekend_holiday,0,total,0.080470,pge_nbt2026
PG&E,2026,2026,bundled,all,7,weekend_holiday,1,total,0.074830,pge_nbt2026
PG&E,2026,2026,bundled,all,7,weekend_holiday,2,total,0.072780,pge_nbt2026
PG&E,2026,2026,bundled,all,7,weekend_holiday,3,total,0.074130,pge_nbt2026
PG&E,2026,2026,bundled,all,7,weekend_holiday,4,total,0.072210,pge_nbt2026
PG&E,2026,2026,bundled,all,7,weekend_holiday,5,total,0.071640,pge_nbt2026
PG&E,2026,2026,bundled,all,7,weekend_holiday,6,total,0.068870,pge_nbt2026
PG&E,2026,2026,bundled,all,7,weekend_holiday,7,total,0.067000,pge_nbt2026
PG&E,2026,2026,bundled,all,7,weekend_holiday,8,total,0.027840,pge_nbt2026
PG&E,2026,2026,bundled,all,7,weekend_holiday,9,total,0.027640,pge_nbt2026
PG&E,2026,2026,bundled,all,7,weekend_holiday,10,total,0.029190,pge_nbt2026
PG&E,2026,2026,bundled,all,7,weekend_holiday,11,total,0.027430,pge_nbt2026
PG&E,2026,2026,bundled,all,7,weekend_holiday,12,total,0.029580,pge_nbt2026
PG&E,2026,2026,bundled,all,7,weekend_holiday,13,total,0.032250,pge_nbt2026
PG&E,2026,2026,bundled,all,7,weekend_holiday,14,total,0.028450,pge_nbt2026
PG&E,2026,2026,bundled,all,7,weekend_holiday,15,total,0.032520,pge_nbt2026
PG&E,2026,2026,bundled,all,7,weekend_holiday,16,total,0.032900,pge_nbt2026
PG&E,2026,2026,bundled,all,7,weekend_holiday,17,total,0.050850,pge_nbt2026
PG&E,2026,2026,bundled,all,7,weekend_holiday,18,total,0.094410,pge_nbt2026
PG&E,2026,2026,bundled,all,7,weekend_holiday,19,total,0.119110,pge_nbt2026
PG&E,2026,2026,bundled,all,7,weekend_holiday,20,total,0.102780,pge_nbt2026
PG&E,2026,2026,bundled,all,7,weekend_holiday,21,total,0.081380,pge_nbt2026
PG&E,2026,2026,bundled,all,7,weekend_holiday,22,total,0.080320,pge_nbt2026
PG&E,2026,2026,bundled,all,7,weekend_holiday,23,total,0.077750,pge_nbt2026
PG&E,2026,2026,bundled,all,8,weekday,0,total,0.091800,pge_nbt2026
PG&E,2026,2026,bundled,all,8,weekday,1,total,0.091990,pge_nbt2026
PG&E,2026,2026,bundled,all,8,weekday,2,total,0.090320,pge_nbt2026
PG&E,2026,2026,bundled,all,8,weekday,3,total,0.087370,pge_nbt2026
PG&E,2026,2026,bundled,all,8,weekday,4,total,0.086940,pge_nbt2026
PG&E,2026,2026,bundled,all,8,weekday,5,total,0.087920,pge_nbt2026
PG&E,2026,2026,bundled,all,8,weekday,6,total,0.085540,pge_nbt2026
PG&E,2026,2026,bundled,all,8,weekday,7,total,0.074650,pge_nbt2026
PG&E,2026,2026,bundled,all,8,weekday,8,total,0.068540,pge_nbt2026
PG&E,2026,2026,bundled,all,8,weekday,9,total,0.067960,pge_nbt2026
PG&E,2026,2026,bundled,all,8,weekday,10,total,0.067650,pge_nbt2026
PG&E,2026,2026,bundled,all,8,weekday,11,total,0.067100,pge_nbt2026
PG&E,2026,2026,bundled,all,8,weekday,12,total,0.068010,pge_nbt2026
PG&E,2026,2026,bundled,all,8,weekday,13,total,0.068420,pge_nbt2026
PG&E,2026,2026,bundled,all,8,weekday,14,total,0.068000,pge_nbt2026
PG&E,2026,2026,bundled,all,8,weekday,15,total,0.071740,pge_nbt2026
PG&E,2026,2026,bundled,all,8,weekday,16,total,0.164320,pge_nbt2026
PG&E,2026,2026,bundled,all,8,weekday,17,total,1.014590,pge_nbt2026
PG&E,2026,2026,bundled,all,8,weekday,18,total,1.130140,pge_nbt2026
PG&E,2026,2026,bundled,all,8,weekday,19,total,1.154410,pge_nbt2026
PG&E,2026,2026,bundled,all,8,weekday,20,total,1.080380,pge_nbt2026
PG&E,2026,2026,bundled,all,8,weekday,21,total,0.897810,pge_nbt2026
PG&E,2026,2026,bundled,all,8,weekday,22,total,0.890240,pge_nbt2026
PG&E,2026,2026,bundled,all,8,weekday,23,total,0.093580,pge_nbt2026
PG&E,2026,2026,bundled,all,8,weekend_holiday,0,total,0.085470,pge_nbt2026
PG&E,2026,2026,bundled,all,8,weekend_holiday,1,total,0.084470,pge_nbt2026
PG&E,2026,2026,bundled,all,8,weekend_holiday,2,total,0.085600,pge_nbt2026
PG&E,2026,2026,bundled,all,8,weekend_holiday,3,total,0.081470,pge_nbt2026
PG&E,2026,2026,bundled,all,8,weekend_holiday,4,total,0.080790,pge_nbt2026
PG&E,2026,2026,bundled,all,8,weekend_holiday,5,total,0.081270,pge_nbt2026
PG&E,2026,2026,bundled,all,8,weekend_holiday,6,total,0.075540,pge_nbt2026
PG&E,2026,2026,bundled,all,8,weekend_holiday,7,total,0.062230,pge_nbt2026
PG&E,2026,2026,bundled,all,8,weekend_holiday,8,total,0.043600,pge_nbt2026
PG&E,2026,2026,bundled,all,8,weekend_holiday,9,total,0.039910,pge_nbt2026
PG&E,2026,2026,bundled,all,8,weekend_holiday,10,total,0.040480,pge_nbt2026
PG&E,2026,2026,bundled,all,8,weekend_holiday,11,total,0.040510,pge_nbt2026
PG&E,2026,2026,bundled,all,8,weekend_holiday,12,total,0.037330,pge_nbt2026
PG&E,2026,2026,bundled,all,8,weekend_holiday,13,total,0.036990,pge_nbt2026
PG&E,2026,2026,bundled,all,8,weekend_holiday,14,total,0.037350,pge_nbt2026
PG&E,2026,2026,bundled,all,8,weekend_holiday,15,total,0.044220,pge_nbt2026
PG&E,2026,2026,bundled,all,8,weekend_holiday,16,total,0.059470,pge_nbt2026
PG&E,2026,2026,bundled,all,8,weekend_holiday,17,total,0.890990,pge_nbt2026
PG&E,2026,2026,bundled,all,8,weekend_holiday,18,total,0.945850,pge_nbt2026
PG&E,2026,2026,bundled,all,8,weekend_holiday,19,total,1.192890,pge_nbt2026
PG&E,2026,2026,bundled,all,8,weekend_holiday,20,total,1.044680,pge_nbt2026
PG&E,2026,2026,bundled,all,8,weekend_holiday,21,total,0.953770,pge_nbt2026
PG&E,2026,2026,bundled,all,8,weekend_holiday,22,total,0.947030,pge_nbt2026
PG&E,2026,2026,bundled,all,8,weekend_holiday,23,total,0.090260,pge_nbt2026
PG&E,2026,2026,bundled,all,9,weekday,0,total,0.096330,pge_nbt2026
PG&E,2026,2026,bundled,all,9,weekday,1,total,0.094420,pge_nbt2026
PG&E,2026,2026,bundled,all,9,weekday,2,total,0.092300,pge_nbt2026
PG&E,2026,2026,bundled,all,9,weekday,3,total,0.089360,pge_nbt2026
PG&E,2026,2026,bundled,all,9,weekday,4,total,0.087980,pge_nbt2026
PG&E,2026,2026,bundled,all,9,weekday,5,total,0.090000,pge_nbt2026
PG&E,2026,2026,bundled,all,9,weekday,6,total,0.087420,pge_nbt2026
PG&E,2026,2026,bundled,all,9,weekday,7,total,0.077860,pge_nbt2026
PG&E,2026,2026,bundled,all,9,weekday,8,total,0.068060,pge_nbt2026
PG&E,2026,2026,bundled,all,9,weekday,9,total,0.064980,pge_nbt2026
PG&E,2026,2026,bundled,all,9,weekday,10,total,0.063320,pge_nbt2026
PG&E,2026,2026,bundled,all,9,weekday,11,total,0.063110,pge_nbt2026
PG&E,2026,2026,bundled,all,9,weekday,12,total,0.062360,pge_nbt2026
PG&E,2026,2026,bundled,all,9,weekday,13,total,0.061550,pge_nbt2026
PG&E,2026,2026,bundled,all,9,weekday,14,total,0.062160,pge_nbt2026
PG&E,2026,2026,bundled,all,9,weekday,15,total,0.062780,pge_nbt2026
PG&E,2026,2026,bundled,all,9,weekday,16,total,0.076730,pge_nbt2026
PG&E,2026,2026,bundled,all,9,weekday,17,total,0.139510,pge_nbt2026
PG&E,2026,2026,bundled,all,9,weekday,18,total,0.460760,pge_nbt2026
PG&E,2026,2026,bundled,all,9,weekday,19,total,0.595050,pge_nbt2026
PG&E,2026,2026,bundled,all,9,weekday,20,total,0.318740,pge_nbt2026
PG&E,2026,2026,bundled,all,9,weekday,21,total,0.155540,pge_nbt2026
PG&E,2026,2026,bundled,all,9,weekday,22,total,0.155200,pge_nbt2026
PG&E,2026,2026,bundled,all,9,weekday,23,total,0.096690,pge_nbt2026
PG&E,2026,2026,bundled,all,9,weekend_holiday,0,total,0.080660,pge_nbt2026
PG&E,2026,2026,bundled,all,9,weekend_holiday,1,total,0.084400,pge_nbt2026
PG&E,2026,2026,bundled,all,9,weekend_holiday,2,total,0.083880,pge_nbt2026
PG&E,2026,2026,bundled,all,9,weekend_holiday,3,total,0.081150,pge_nbt2026
PG&E,2026,2026,bundled,all,9,weekend_holiday,4,total,0.081150,pge_nbt2026
PG&E,2026,2026,bundled,all,9,weekend_holiday,5,total,0.082960,pge_nbt2026
PG&E,2026,2026,bundled,all,9,weekend_holiday,6,total,0.081080,pge_nbt2026
PG&E,2026,2026,bundled,all,9,weekend_holiday,7,total,0.066150,pge_nbt2026
PG&E,2026,2026,bundled,all,9,weekend_holiday,8,total,0.040260,pge_nbt2026
PG&E,2026,2026,bundled,all,9,weekend_holiday,9,total,0.027750,pge_nbt2026
PG&E,2026,2026,bundled,all,9,weekend_holiday,10,total,0.025270,pge_nbt2026
PG&E,2026,2026,bundled,all,9,weekend_holiday,11,total,0.023250,pge_nbt2026
PG&E,2026,2026,bundled,all,9,weekend_holiday,12,total,0.021310,pge_nbt2026
PG&E,2026,2026,bundled,all,9,weekend_holiday,13,total,0.022320,pge_nbt2026
PG&E,2026,2026,bundled,all,9,weekend_holiday,14,total,0.027180,pge_nbt2026
PG&E,2026,2026,bundled,all,9,weekend_holiday,15,total,0.029840,pge_nbt2026
PG&E,2026,2026,bundled,all,9,weekend_holiday,16,total,0.043760,pge_nbt2026
PG&E,2026,2026,bundled,all,9,weekend_holiday,17,total,0.130840,pge_nbt2026
PG&E,2026,2026,bundled,all,9,weekend_holiday,18,total,0.533660,pge_nbt2026
PG&E,2026,2026,bundled,all,9,weekend_holiday,19,total,0.698650,pge_nbt2026
PG&E,2026,2026,bundled,all,9,weekend_holiday,20,total,0.352500,pge_nbt2026
PG&E,2026,2026,bundled,all,9,weekend_holiday,21,total,0.167470,pge_nbt2026
PG&E,2026,2026,bundled,all,9,weekend_holiday,22,total,0.167730,pge_nbt2026
PG&E,2026,2026,bundled,all,9,weekend_holiday,23,total,0.094780,pge_nbt2026
PG&E,2026,2026,bundled,all,10,weekday,0,total,0.090420,pge_nbt2026
PG&E,2026,2026,bundled,all,10,weekday,1,total,0.090430,pge_nbt2026
PG&E,2026,2026,bundled,all,10,weekday,2,total,0.088370,pge_nbt2026
PG&E,2026,2026,bundled,all,10,weekday,3,total,0.086800,pge_nbt2026
PG&E,2026,2026,bundled,all,10,weekday,4,total,0.086020,pge_nbt2026
PG&E,2026,2026,bundled,all,10,weekday,5,total,0.085460,pge_nbt2026
PG&E,2026,2026,bundled,all,10,weekday,6,total,0.085930,pge_nbt2026
PG&E,2026,2026,bundled,all,10,weekday,7,total,0.077500,pge_nbt2026
PG&E,2026,2026,bundled,all,10,weekday,8,total,0.066430,pge_nbt2026
PG&E,2026,2026,bundled,all,10,weekday,9,total,0.060400,pge_nbt2026
PG&E,2026,2026,bundled,all,10,weekday,10,total,0.060770,pge_nbt2026
PG&E,2026,2026,bundled,all,10,weekday,11,total,0.058730,pge_nbt2026
PG&E,2026,2026,bundled,all,10,weekday,12,total,0.057860,pge_nbt2026
PG&E,2026,2026,bundled,all,10,weekday,13,total,0.057310,pge_nbt2026
PG&E,2026,2026,bundled,all,10,weekday,14,total,0.057250,pge_nbt2026
PG&E,2026,2026,bundled,all,10,weekday,15,total,0.057050,pge_nbt2026
PG&E,2026,2026,bundled,all,10,weekday,16,total,0.062900,pge_nbt2026
PG&E,2026,2026,bundled,all,10,weekday,17,total,0.091970,pge_nbt2026
PG&E,2026,2026,bundled,all,10,weekday,18,total,0.094500,pge_nbt2026
PG&E,2026,2026,bundled,all,10,weekday,19,total,0.092970,pge_nbt2026
PG&E,2026,2026,bundled,all,10,weekday,20,total,0.088210,pge_nbt2026
PG&E,2026,2026,bundled,all,10,weekday,21,total,0.085110,pge_nbt2026
PG&E,2026,2026,bundled,all,10,weekday,22,total,0.089790,pge_nbt2026
PG&E,2026,2026,bundled,all,10,weekday,23,total,0.091290,pge_nbt2026
PG&E,2026,2026,bundled,all,10,weekend_holiday,0,total,0.078280,pge_nbt2026
PG&E,2026,2026,bundled,all,10,weekend_holiday,1,total,0.080540,pge_nbt2026
PG&E,2026,2026,bundled,all,10,weekend_holiday,2,total,0.077690,pge_nbt2026
PG&E,2026,2026,bundled,all,10,weekend_holiday,3,total,0.076030,pge_nbt2026
PG&E,2026,2026,bundled,all,10,weekend_holiday,4,total,0.079920,pge_nbt2026
PG&E,2026,2026,bundled,all,10,weekend_holiday,5,total,0.080010,pge_nbt2026
PG&E,2026,2026,bundled,all,10,weekend_holiday,6,total,0.079250,pge_nbt2026
PG&E,2026,2026,bundled,all,10,weekend_holiday,7,total,0.070970,pge_nbt2026
PG&E,2026,2026,bundled,all,10,weekend_holiday,8,total,0.042890,pge_nbt2026
PG&E,2026,2026,bundled,all,10,weekend_holiday,9,total,0.021310,pge_nbt2026
PG&E,2026,2026,bundled,all,10,weekend_holiday,10,total,0.021110,pge_nbt2026
PG&E,2026,2026,bundled,all,10,weekend_holiday,11,total,0.021120,pge_nbt2026
PG&E,2026,2026,bundled,all,10,weekend_holiday,12,total,0.022940,pge_nbt2026
PG&E,2026,2026,bundled,all,10,weekend_holiday,13,total,0.020580,pge_nbt2026
PG&E,2026,2026,bundled,all,10,weekend_holiday,14,total,0.022550,pge_nbt2026
PG&E,2026,2026,bundled,all,10,weekend_holiday,15,total,0.025140,pge_nbt2026
PG&E,2026,2026,bundled,all,10,weekend_holiday,16,total,0.042820,pge_nbt2026
PG&E,2026,2026,bundled,all,10,weekend_holiday,17,total,0.083200,pge_nbt2026
PG&E,2026,2026,bundled,all,10,weekend_holiday,18,total,0.089550,pge_nbt2026
PG&E,2026,2026,bundled,all,10,weekend_holiday,19,total,0.085940,pge_nbt2026
PG&E,2026,2026,bundled,all,10,weekend_holiday,20,total,0.082600,pge_nbt2026
PG&E,2026,2026,bundled,all,10,weekend_holiday,21,total,0.079420,pge_nbt2026
PG&E,2026,2026,bundled,all,10,weekend_holiday,22,total,0.092830,pge_nbt2026
PG&E,2026,2026,bundled,all,10,weekend_holiday,23,total,0.087900,pge_nbt2026
PG&E,2026,2026,bundled,all,11,weekday,0,total,0.087030,pge_nbt2026
PG&E,2026,2026,bundled,all,11,weekday,1,total,0.088070,pge_nbt2026
PG&E,2026,2026,bundled,all,11,weekday,2,total,0.086530,pge_nbt2026
PG&E,2026,2026,bundled,all,11,weekday,3,total,0.085270,pge_nbt2026
PG&E,2026,2026,bundled,all,11,weekday,4,total,0.086480,pge_nbt2026
PG&E,2026,2026,bundled,all,11,weekday,5,total,0.086880,pge_nbt2026
PG&E,2026,2026,bundled,all,11,weekday,6,total,0.083380,pge_nbt2026
PG&E,2026,2026,bundled,all,11,weekday,7,total,0.073730,pge_nbt2026
PG&E,2026,2026,bundled,all,11,weekday,8,total,0.063430,pge_nbt2026
PG&E,2026,2026,bundled,all,11,weekday,9,total,0.060840,pge_nbt2026
PG&E,2026,2026,bundled,all,11,weekday,10,total,0.059830,pge_nbt2026
PG&E,2026,2026,bundled,all,11,weekday,11,total,0.058060,pge_nbt2026
PG&E,2026,2026,bundled,all,11,weekday,12,total,0.056310,pge_nbt2026
PG&E,2026,2026,bundled,all,11,weekday,13,total,0.050570,pge_nbt2026
PG&E,2026,2026,bundled,all,11,weekday,14,total,0.051690,pge_nbt2026
PG&E,2026,2026,bundled,all,11,weekday,15,total,0.066170,pge_nbt2026
PG&E,2026,2026,bundled,all,11,weekday,16,total,0.093780,pge_nbt2026
PG&E,2026,2026,bundled,all,11,weekday,17,total,0.098110,pge_nbt2026
PG&E,2026,2026,bundled,all,11,weekday,18,total,0.089950,pge_nbt2026
PG&E,2026,2026,bundled,all,11,weekday,19,total,0.087090,pge_nbt2026
PG&E,2026,2026,bundled,all,11,weekday,20,total,0.086200,pge_nbt2026
PG&E,2026,2026,bundled,all,11,weekday,21,total,0.086930,pge_nbt2026
PG&E,2026,2026,bundled,all,11,weekday,22,total,0.087950,pge_nbt2026
PG&E,2026,2026,bundled,all,11,weekday,23,total,0.093170,pge_nbt2026
PG&E,2026,2026,bundled,all,11,weekend_holiday,0,total,0.084250,pge_nbt2026
PG&E,2026,2026,bundled,all,11,weekend_holiday,1,total,0.080580,pge_nbt2026
PG&E,2026,2026,bundled,all,11,weekend_holiday,2,total,0.079570,pge_nbt2026
PG&E,2026,2026,bundled,all,11,weekend_holiday,3,total,0.080990,pge_nbt2026
PG&E,2026,2026,bundled,all,11,weekend_holiday,4,total,0.082620,pge_nbt2026
PG&E,2026,2026,bundled,all,11,weekend_holiday,5,total,0.085300,pge_nbt2026
PG&E,2026,2026,bundled,all,11,weekend_holiday,6,total,0.083540,pge_nbt2026
PG&E,2026,2026,bundled,all,11,weekend_holiday,7,total,0.063690,pge_nbt2026
PG&E,2026,2026,bundled,all,11,weekend_holiday,8,total,0.044000,pge_nbt2026
PG&E,2026,2026,bundled,all,11,weekend_holiday,9,total,0.035520,pge_nbt2026
PG&E,2026,2026,bundled,all,11,weekend_holiday,10,total,0.032250,pge_nbt2026
PG&E,2026,2026,bundled,all,11,weekend_holiday,11,total,0.029670,pge_nbt2026
PG&E,2026,2026,bundled,all,11,weekend_holiday,12,total,0.028050,pge_nbt2026
PG&E,2026,2026,bundled,all,11,weekend_holiday,13,total,0.025900,pge_nbt2026
PG&E,2026,2026,bundled,all,11,weekend_holiday,14,total,0.022230,pge_nbt2026
PG&E,2026,2026,bundled,all,11,weekend_holiday,15,total,0.045280,pge_nbt2026
PG&E,2026,2026,bundled,all,11,weekend_holiday,16,total,0.082310,pge_nbt2026
PG&E,2026,2026,bundled,all,11,weekend_holiday,17,total,0.093270,pge_nbt2026
PG&E,2026,2026,bundled,all,11,weekend_holiday,18,total,0.087550,pge_nbt2026
PG&E,2026,2026,bundled,all,11,weekend_holiday,19,total,0.085510,pge_nbt2026
PG&E,2026,2026,bundled,all,11,weekend_holiday,20,total,0.084490,pge_nbt2026
PG&E,2026,2026,bundled,all,11,weekend_holiday,21,total,0.083440,pge_nbt2026
PG&E,2026,2026,bundled,all,11,weekend_holiday,22,total,0.087610,pge_nbt2026
PG&E,2026,2026,bundled,all,11,weekend_holiday,23,total,0.085320,pge_nbt2026
PG&E,2026,2026,bundled,all,12,weekday,0,total,0.090490,pge_nbt2026
PG&E,2026,2026,bundled,all,12,weekday,1,total,0.090020,pge_nbt2026
PG&E,2026,2026,bundled,all,12,weekday,2,total,0.087690,pge_nbt2026
PG&E,2026,2026,bundled,all,12,weekday,3,total,0.088360,pge_nbt2026
PG&E,2026,2026,bundled,all,12,weekday,4,total,0.089660,pge_nbt2026
PG&E,2026,2026,bundled,all,12,weekday,5,total,0.092740,pge_nbt2026
PG&E,2026,2026,bundled,all,12,weekday,6,total,0.099640,pge_nbt2026
PG&E,2026,2026,bundled,all,12,weekday,7,total,0.087580,pge_nbt2026
PG&E,2026,2026,bundled,all,12,weekday,8,total,0.075510,pge_nbt2026
PG&E,2026,2026,bundled,all,12,weekday,9,total,0.070850,pge_nbt2026
PG&E,2026,2026,bundled,all,12,weekday,10,total,0.070030,pge_nbt2026
PG&E,2026,2026,bundled,all,12,weekday,11,total,0.066030,pge_nbt2026
PG&E,2026,2026,bundled,all,12,weekday,12,total,0.063410,pge_nbt2026
PG&E,2026,2026,bundled,all,12,weekday,13,total,0.062700,pge_nbt2026
PG&E,2026,2026,bundled,all,12,weekday,14,total,0.063900,pge_nbt2026
PG&E,2026,2026,bundled,all,12,weekday,15,total,0.072240,pge_nbt2026
PG&E,2026,2026,bundled,all,12,weekday,16,total,0.092910,pge_nbt2026
PG&E,2026,2026,bundled,all,12,weekday,17,total,0.098200,pge_nbt2026
PG&E,2026,2026,bundled,all,12,weekday,18,total,0.098180,pge_nbt2026
PG&E,2026,2026,bundled,all,12,weekday,19,total,0.090820,pge_nbt2026
PG&E,2026,2026,bundled,all,12,weekday,20,total,0.090570,pge_nbt2026
PG&E,2026,2026,bundled,all,12,weekday,21,total,0.092450,pge_nbt2026
PG&E,2026,2026,bundled,all,12,weekday,22,total,0.092650,pge_nbt2026
PG&E,2026,2026,bundled,all,12,weekday,23,total,0.091350,pge_nbt2026
PG&E,2026,2026,bundled,all,12,weekend_holiday,0,total,0.084040,pge_nbt2026
PG&E,2026,2026,bundled,all,12,weekend_holiday,1,total,0.081270,pge_nbt2026
PG&E,2026,2026,bundled,all,12,weekend_holiday,2,total,0.077610,pge_nbt2026
PG&E,2026,2026,bundled,all,12,weekend_holiday,3,total,0.073740,pge_nbt2026
PG&E,2026,2026,bundled,all,12,weekend_holiday,4,total,0.074070,pge_nbt2026
PG&E,2026,2026,bundled,all,12,weekend_holiday,5,total,0.075990,pge_nbt2026
PG&E,2026,2026,bundled,all,12,weekend_holiday,6,total,0.078510,pge_nbt2026
PG&E,2026,2026,bundled,all,12,weekend_holiday,7,total,0.067430,pge_nbt2026
PG&E,2026,2026,bundled,all,12,weekend_holiday,8,total,0.044970,pge_nbt2026
PG&E,2026,2026,bundled,all,12,weekend_holiday,9,total,0.023370,pge_nbt2026
PG&E,2026,2026,bundled,all,12,weekend_holiday,10,total,0.020310,pge_nbt2026
PG&E,2026,2026,bundled,all,12,weekend_holiday,11,total,0.021050,pge_nbt2026
PG&E,2026,2026,bundled,all,12,weekend_holiday,12,total,0.022590,pge_nbt2026
PG&E,2026,2026,bundled,all,12,weekend_holiday,13,total,0.016420,pge_nbt2026
PG&E,2026,2026,bundled,all,12,weekend_holiday,14,total,0.015680,pge_nbt2026
PG&E,2026,2026,bundled,all,12,weekend_holiday,15,total,0.042920,pge_nbt2026
PG&E,2026,2026,bundled,all,12,weekend_holiday,16,total,0.087220,pge_nbt2026
PG&E,2026,2026,bundled,all,12,weekend_holiday,17,total,0.089050,pge_nbt2026
PG&E,2026,2026,bundled,all,12,weekend_holiday,18,total,0.086220,pge_nbt2026
PG&E,2026,2026,bundled,all,12,weekend_holiday,19,total,0.080950,pge_nbt2026
PG&E,2026,2026,bundled,all,12,weekend_holiday,20,total,0.081730,pge_nbt2026
PG&E,2026,2026,bundled,all,12,weekend_holiday,21,total,0.082030,pge_nbt2026
PG&E,2026,2026,bundled,all,12,weekend_holiday,22,total,0.083610,pge_nbt2026
PG&E,2026,2026,bundled,all,12,weekend_holiday,23,total,0.082870,pge_nbt2026
SCE,2026,2024,bundled,all,1,weekday,0,delivery,0.004030,sce_nbt2024
SCE,2026,2024,bundled,all,1,weekday,1,delivery,0.004030,sce_nbt2024
SCE,2026,2024,bundled,all,1,weekday,2,delivery,0.003980,sce_nbt2024
SCE,2026,2024,bundled,all,1,weekday,3,delivery,0.003910,sce_nbt2024
SCE,2026,2024,bundled,all,1,weekday,4,delivery,0.004010,sce_nbt2024
SCE,2026,2024,bundled,all,1,weekday,5,delivery,0.003740,sce_nbt2024
SCE,2026,2024,bundled,all,1,weekday,6,delivery,0.004030,sce_nbt2024
SCE,2026,2024,bundled,all,1,weekday,7,delivery,0.004470,sce_nbt2024
SCE,2026,2024,bundled,all,1,weekday,8,delivery,0.005360,sce_nbt2024
SCE,2026,2024,bundled,all,1,weekday,9,delivery,0.004810,sce_nbt2024
SCE,2026,2024,bundled,all,1,weekday,10,delivery,0.004570,sce_nbt2024
SCE,2026,2024,bundled,all,1,weekday,11,delivery,0.004430,sce_nbt2024
SCE,2026,2024,bundled,all,1,weekday,12,delivery,0.004250,sce_nbt2024
SCE,2026,2024,bundled,all,1,weekday,13,delivery,0.004070,sce_nbt2024
SCE,2026,2024,bundled,all,1,weekday,14,delivery,0.004590,sce_nbt2024
SCE,2026,2024,bundled,all,1,weekday,15,delivery,0.004210,sce_nbt2024
SCE,2026,2024,bundled,all,1,weekday,16,delivery,0.004830,sce_nbt2024
SCE,2026,2024,bundled,all,1,weekday,17,delivery,0.005670,sce_nbt2024
SCE,2026,2024,bundled,all,1,weekday,18,delivery,0.008220,sce_nbt2024
SCE,2026,2024,bundled,all,1,weekday,19,delivery,0.009100,sce_nbt2024
SCE,2026,2024,bundled,all,1,weekday,20,delivery,0.008640,sce_nbt2024
SCE,2026,2024,bundled,all,1,weekday,21,delivery,0.007500,sce_nbt2024
SCE,2026,2024,bundled,all,1,weekday,22,delivery,0.005500,sce_nbt2024
SCE,2026,2024,bundled,all,1,weekday,23,delivery,0.004110,sce_nbt2024
SCE,2026,2024,bundled,all,1,weekend_holiday,0,delivery,0.003560,sce_nbt2024
SCE,2026,2024,bundled,all,1,weekend_holiday,1,delivery,0.003370,sce_nbt2024
SCE,2026,2024,bundled,all,1,weekend_holiday,2,delivery,0.003420,sce_nbt2024
SCE,2026,2024,bundled,all,1,weekend_holiday,3,delivery,0.003320,sce_nbt2024
SCE,2026,2024,bundled,all,1,weekend_holiday,4,delivery,0.003290,sce_nbt2024
SCE,2026,2024,bundled,all,1,weekend_holiday,5,delivery,0.003080,sce_nbt2024
SCE,2026,2024,bundled,all,1,weekend_holiday,6,delivery,0.003160,sce_nbt2024
SCE,2026,2024,bundled,all,1,weekend_holiday,7,delivery,0.003290,sce_nbt2024
SCE,2026,2024,bundled,all,1,weekend_holiday,8,delivery,0.002910,sce_nbt2024
SCE,2026,2024,bundled,all,1,weekend_holiday,9,delivery,0.002780,sce_nbt2024
SCE,2026,2024,bundled,all,1,weekend_holiday,10,delivery,0.002720,sce_nbt2024
SCE,2026,2024,bundled,all,1,weekend_holiday,11,delivery,0.002660,sce_nbt2024
SCE,2026,2024,bundled,all,1,weekend_holiday,12,delivery,0.002410,sce_nbt2024
SCE,2026,2024,bundled,all,1,weekend_holiday,13,delivery,0.002560,sce_nbt2024
SCE,2026,2024,bundled,all,1,weekend_holiday,14,delivery,0.002710,sce_nbt2024
SCE,2026,2024,bundled,all,1,weekend_holiday,15,delivery,0.002930,sce_nbt2024
SCE,2026,2024,bundled,all,1,weekend_holiday,16,delivery,0.005380,sce_nbt2024
SCE,2026,2024,bundled,all,1,weekend_holiday,17,delivery,0.005260,sce_nbt2024
SCE,2026,2024,bundled,all,1,weekend_holiday,18,delivery,0.006780,sce_nbt2024
SCE,2026,2024,bundled,all,1,weekend_holiday,19,delivery,0.006890,sce_nbt2024
SCE,2026,2024,bundled,all,1,weekend_holiday,20,delivery,0.006330,sce_nbt2024
SCE,2026,2024,bundled,all,1,weekend_holiday,21,delivery,0.007280,sce_nbt2024
SCE,2026,2024,bundled,all,1,weekend_holiday,22,delivery,0.004500,sce_nbt2024
SCE,2026,2024,bundled,all,1,weekend_holiday,23,delivery,0.005250,sce_nbt2024
SCE,2026,2024,bundled,all,2,weekday,0,delivery,0.003930,sce_nbt2024
SCE,2026,2024,bundled,all,2,weekday,1,delivery,0.003930,sce_nbt2024
SCE,2026,2024,bundled,all,2,weekday,2,delivery,0.003880,sce_nbt2024
SCE,2026,2024,bundled,all,2,weekday,3,delivery,0.004010,sce_nbt2024
SCE,2026,2024,bundled,all,2,weekday,4,delivery,0.004140,sce_nbt2024
SCE,2026,2024,bundled,all,2,weekday,5,delivery,0.004050,sce_nbt2024
SCE,2026,2024,bundled,all,2,weekday,6,delivery,0.004630,sce_nbt2024
SCE,2026,2024,bundled,all,2,weekday,7,delivery,0.005030,sce_nbt2024
SCE,2026,2024,bundled,all,2,weekday,8,delivery,0.004980,sce_nbt2024
SCE,2026,2024,bundled,all,2,weekday,9,delivery,0.005330,sce_nbt2024
SCE,2026,2024,bundled,all,2,weekday,10,delivery,0.004190,sce_nbt2024
SCE,2026,2024,bundled,all,2,weekday,11,delivery,0.004120,sce_nbt2024
SCE,2026,2024,bundled,all,2,weekday,12,delivery,0.003700,sce_nbt2024
SCE,2026,2024,bundled,all,2,weekday,13,delivery,0.003460,sce_nbt2024
SCE,2026,2024,bundled,all,2,weekday,14,delivery,0.003890,sce_nbt2024
SCE,2026,2024,bundled,all,2,weekday,15,delivery,0.004250,sce_nbt2024
SCE,2026,2024,bundled,all,2,weekday,16,delivery,0.005360,sce_nbt2024
SCE,2026,2024,bundled,all,2,weekday,17,delivery,0.005770,sce_nbt2024
SCE,2026,2024,bundled,all,2,weekday,18,delivery,0.007580,sce_nbt2024
SCE,2026,2024,bundled,all,2,weekday,19,delivery,0.008640,sce_nbt2024
SCE,2026,2024,bundled,all,2,weekday,20,delivery,0.008090,sce_nbt2024
SCE,2026,2024,bundled,all,2,weekday,21,delivery,0.006820,sce_nbt2024
SCE,2026,2024,bundled,all,2,weekday,22,delivery,0.006020,sce_nbt2024
SCE,2026,2024,bundled,all,2,weekday,23,delivery,0.005090,sce_nbt2024
SCE,2026,2024,bundled,all,2,weekend_holiday,0,delivery,0.004480,sce_nbt2024
SCE,2026,2024,bundled,all,2,weekend_holiday,1,delivery,0.004480,sce_nbt2024
SCE,2026,2024,bundled,all,2,weekend_holiday,2,delivery,0.004320,sce_nbt2024
SCE,2026,2024,bundled,all,2,weekend_holiday,3,delivery,0.004430,sce_nbt2024
SCE,2026,2024,bundled,all,2,weekend_holiday,4,delivery,0.004540,sce_nbt2024
SCE,2026,2024,bundled,all,2,weekend_holiday,5,delivery,0.004590,sce_nbt2024
SCE,2026,2024,bundled,all,2,weekend_holiday,6,delivery,0.004970,sce_nbt2024
SCE,2026,2024,bundled,all,2,weekend_holiday,7,delivery,0.003610,sce_nbt2024
SCE,2026,2024,bundled,all,2,weekend_holiday,8,delivery,0.001870,sce_nbt2024
SCE,2026,2024,bundled,all,2,weekend_holiday,9,delivery,0.002210,sce_nbt2024
SCE,2026,2024,bundled,all,2,weekend_holiday,10,delivery,0.002140,sce_nbt2024
SCE,2026,2024,bundled,all,2,weekend_holiday,11,delivery,0.003030,sce_nbt2024
SCE,2026,2024,bundled,all,2,weekend_holiday,12,delivery,0.001680,sce_nbt2024
SCE,2026,2024,bundled,all,2,weekend_holiday,13,delivery,0.001220,sce_nbt2024
SCE,2026,2024,bundled,all,2,weekend_holiday,14,delivery,0.001290,sce_nbt2024
SCE,2026,2024,bundled,all,2,weekend_holiday,15,delivery,0.001600,sce_nbt2024
SCE,2026,2024,bundled,all,2,weekend_holiday,16,delivery,0.004760,sce_nbt2024
SCE,2026,2024,bundled,all,2,weekend_holiday,17,delivery,0.006380,sce_nbt2024
SCE,2026,2024,bundled,all,2,weekend_holiday,18,delivery,0.008100,sce_nbt2024
SCE,2026,2024,bundled,all,2,weekend_holiday,19,delivery,0.008410,sce_nbt2024
SCE,2026,2024,bundled,all,2,weekend_holiday,20,delivery,0.010330,sce_nbt2024
SCE,2026,2024,bundled,all,2,weekend_holiday,21,delivery,0.007560,sce_nbt2024
SCE,2026,2024,bundled,all,2,weekend_holiday,22,delivery,0.005560,sce_nbt2024
SCE,2026,2024,bundled,all,2,weekend_holiday,23,delivery,0.005490,sce_nbt2024
SCE,2026,2024,bundled,all,3,weekday,0,delivery,0.003570,sce_nbt2024
SCE,2026,2024,bundled,all,3,weekday,1,delivery,0.003160,sce_nbt2024
SCE,2026,2024,bundled,all,3,weekday,2,delivery,0.003390,sce_nbt2024
SCE,2026,2024,bundled,all,3,weekday,3,delivery,0.003320,sce_nbt2024
SCE,2026,2024,bundled,all,3,weekday,4,delivery,0.003330,sce_nbt2024
SCE,2026,2024,bundled,all,3,weekday,5,delivery,0.003320,sce_nbt2024
SCE,2026,2024,bundled,all,3,weekday,6,delivery,0.003980,sce_nbt2024
SCE,2026,2024,bundled,all,3,weekday,7,delivery,0.004650,sce_nbt2024
SCE,2026,2024,bundled,all,3,weekday,8,delivery,0.004600,sce_nbt2024
SCE,2026,2024,bundled,all,3,weekday,9,delivery,0.004580,sce_nbt2024
SCE,2026,2024,bundled,all,3,weekday,10,delivery,0.004420,sce_nbt2024
SCE,2026,2024,bundled,all,3,weekday,11,delivery,0.004110,sce_nbt2024
SCE,2026,2024,bundled,all,3,weekday,12,delivery,0.004000,sce_nbt2024
SCE,2026,2024,bundled,all,3,weekday,13,delivery,0.004420,sce_nbt2024
SCE,2026,2024,bundled,all,3,weekday,14,delivery,0.004580,sce_nbt2024
SCE,2026,2024,bundled,all,3,weekday,15,delivery,0.004730,sce_nbt2024
SCE,2026,2024,bundled,all,3,weekday,16,delivery,0.004520,sce_nbt2024
SCE,2026,2024,bundled,all,3,weekday,17,delivery,0.005500,sce_nbt2024
SCE,2026,2024,bundled,all,3,weekday,18,delivery,0.006330,sce_nbt2024
SCE,2026,2024,bundled,all,3,weekday,19,delivery,0.006180,sce_nbt2024
SCE,2026,2024,bundled,all,3,weekday,20,delivery,0.006310,sce_nbt2024
SCE,2026,2024,bundled,all,3,weekday,21,delivery,0.006140,sce_nbt2024
SCE,2026,2024,bundled,all,3,weekday,22,delivery,0.005160,sce_nbt2024
SCE,2026,2024,bundled,all,3,weekday,23,delivery,0.003720,sce_nbt2024
SCE,2026,2024,bundled,all,3,weekend_holiday,0,delivery,0.003150,sce_nbt2024
SCE,2026,2024,bundled,all,3,weekend_holiday,1,delivery,0.003120,sce_nbt2024
SCE,2026,2024,bundled,all,3,weekend_holiday,2,delivery,0.003490,sce_nbt2024
SCE,2026,2024,bundled,all,3,weekend_holiday,3,delivery,0.003210,sce_nbt2024
SCE,2026,2024,bundled,all,3,weekend_holiday,4,delivery,0.003130,sce_nbt2024
SCE,2026,2024,bundled,all,3,weekend_holiday,5,delivery,0.003020,sce_nbt2024
SCE,2026,2024,bundled,all,3,weekend_holiday,6,delivery,0.002900,sce_nbt2024
SCE,2026,2024,bundled,all,3,weekend_holiday,7,delivery,0.002030,sce_nbt2024
SCE,2026,2024,bundled,all,3,weekend_holiday,8,delivery,0.000020,sce_nbt2024
SCE,2026,2024,bundled,all,3,weekend_holiday,9,delivery,0.000940,sce_nbt2024
SCE,2026,2024,bundled,all,3,weekend_holiday,10,delivery,0.000000,sce_nbt2024
SCE,2026,2024,bundled,all,3,weekend_holiday,11,delivery,0.000000,sce_nbt2024
SCE,2026,2024,bundled,all,3,weekend_holiday,12,delivery,0.000000,sce_nbt2024
SCE,2026,2024,bundled,all,3,weekend_holiday,13,delivery,0.000000,sce_nbt2024
SCE,2026,2024,bundled,all,3,weekend_holiday,14,delivery,0.000000,sce_nbt2024
SCE,2026,2024,bundled,all,3,weekend_holiday,15,delivery,0.000000,sce_nbt2024
SCE,2026,2024,bundled,all,3,weekend_holiday,16,delivery,0.000000,sce_nbt2024
SCE,2026,2024,bundled,all,3,weekend_holiday,17,delivery,0.004140,sce_nbt2024
SCE,2026,2024,bundled,all,3,weekend_holiday,18,delivery,0.005150,sce_nbt2024
SCE,2026,2024,bundled,all,3,weekend_holiday,19,delivery,0.006910,sce_nbt2024
SCE,2026,2024,bundled,all,3,weekend_holiday,20,delivery,0.005670,sce_nbt2024
SCE,2026,2024,bundled,all,3,weekend_holiday,21,delivery,0.005280,sce_nbt2024
SCE,2026,2024,bundled,all,3,weekend_holiday,22,delivery,0.004780,sce_nbt2024
SCE,2026,2024,bundled,all,3,weekend_holiday,23,delivery,0.004130,sce_nbt2024
SCE,2026,2024,bundled,all,4,weekday,0,delivery,0.004270,sce_nbt2024
SCE,2026,2024,bundled,all,4,weekday,1,delivery,0.003540,sce_nbt2024
SCE,2026,2024,bundled,all,4,weekday,2,delivery,0.003280,sce_nbt2024
SCE,2026,2024,bundled,all,4,weekday,3,delivery,0.003160,sce_nbt2024
SCE,2026,2024,bundled,all,4,weekday,4,delivery,0.003290,sce_nbt2024
SCE,2026,2024,bundled,all,4,weekday,5,delivery,0.004100,sce_nbt2024
SCE,2026,2024,bundled,all,4,weekday,6,delivery,0.003880,sce_nbt2024
SCE,2026,2024,bundled,all,4,weekday,7,delivery,0.003520,sce_nbt2024
SCE,2026,2024,bundled,all,4,weekday,8,delivery,0.000810,sce_nbt2024
SCE,2026,2024,bundled,all,4,weekday,9,delivery,0.001080,sce_nbt2024
SCE,2026,2024,bundled,all,4,weekday,10,delivery,0.001170,sce_nbt2024
SCE,2026,2024,bundled,all,4,weekday,11,delivery,0.000890,sce_nbt2024
SCE,2026,2024,bundled,all,4,weekday,12,delivery,0.001140,sce_nbt2024
SCE,2026,2024,bundled,all,4,weekday,13,delivery,0.001440,sce_nbt2024
SCE,2026,2024,bundled,all,4,weekday,14,delivery,0.003020,sce_nbt2024
SCE,2026,2024,bundled,all,4,weekday,15,delivery,0.000090,sce_nbt2024
SCE,2026,2024,bundled,all,4,weekday,16,delivery,0.000030,sce_nbt2024
SCE,2026,2024,bundled,all,4,weekday,17,delivery,0.001340,sce_nbt2024
SCE,2026,2024,bundled,all,4,weekday,18,delivery,0.004920,sce_nbt2024
SCE,2026,2024,bundled,all,4,weekday,19,delivery,0.004980,sce_nbt2024
SCE,2026,2024,bundled,all,4,weekday,20,delivery,0.005080,sce_nbt2024
SCE,2026,2024,bundled,all,4,weekday,21,delivery,0.005770,sce_nbt2024
SCE,2026,2024,bundled,all,4,weekday,22,delivery,0.004560,sce_nbt2024
SCE,2026,2024,bundled,all,4,weekday,23,delivery,0.004010,sce_nbt2024
SCE,2026,2024,bundled,all,4,weekend_holiday,0,delivery,0.003460,sce_nbt2024
SCE,2026,2024,bundled,all,4,weekend_holiday,1,delivery,0.003000,sce_nbt2024
SCE,2026,2024,bundled,all,4,weekend_holiday,2,delivery,0.002280,sce_nbt2024
SCE,2026,2024,bundled,all,4,weekend_holiday,3,delivery,0.001970,sce_nbt2024
SCE,2026,2024,bundled,all,4,weekend_holiday,4,delivery,0.001980,sce_nbt2024
SCE,2026,2024,bundled,all,4,weekend_holiday,5,delivery,0.002530,sce_nbt2024
SCE,2026,2024,bundled,all,4,weekend_holiday,6,delivery,0.003400,sce_nbt2024
SCE,2026,2024,bundled,all,4,weekend_holiday,7,delivery,0.000580,sce_nbt2024
SCE,2026,2024,bundled,all,4,weekend_holiday,8,delivery,0.000000,sce_nbt2024
SCE,2026,2024,bundled,all,4,weekend_holiday,9,delivery,0.000000,sce_nbt2024
SCE,2026,2024,bundled,all,4,weekend_holiday,10,delivery,0.000000,sce_nbt2024
SCE,2026,2024,bundled,all,4,weekend_holiday,11,delivery,0.000000,sce_nbt2024
SCE,2026,2024,bundled,all,4,weekend_holiday,12,delivery,0.000000,sce_nbt2024
SCE,2026,2024,bundled,all,4,weekend_holiday,13,delivery,0.000000,sce_nbt2024
SCE,2026,2024,bundled,all,4,weekend_holiday,14,delivery,0.000000,sce_nbt2024
SCE,2026,2024,bundled,all,4,weekend_holiday,15,delivery,0.000000,sce_nbt2024
SCE,2026,2024,bundled,all,4,weekend_holiday,16,delivery,0.000000,sce_nbt2024
SCE,2026,2024,bundled,all,4,weekend_holiday,17,delivery,0.000000,sce_nbt2024
SCE,2026,2024,bundled,all,4,weekend_holiday,18,delivery,0.005060,sce_nbt2024
SCE,2026,2024,bundled,all,4,weekend_holiday,19,delivery,0.004410,sce_nbt2024
SCE,2026,2024,bundled,all,4,weekend_holiday,20,delivery,0.004480,sce_nbt2024
SCE,2026,2024,bundled,all,4,weekend_holiday,21,delivery,0.004390,sce_nbt2024
SCE,2026,2024,bundled,all,4,weekend_holiday,22,delivery,0.004020,sce_nbt2024
SCE,2026,2024,bundled,all,4,weekend_holiday,23,delivery,0.005820,sce_nbt2024
SCE,2026,2024,bundled,all,5,weekday,0,delivery,0.004320,sce_nbt2024
SCE,2026,2024,bundled,all,5,weekday,1,delivery,0.003830,sce_nbt2024
SCE,2026,2024,bundled,all,5,weekday,2,delivery,0.003790,sce_nbt2024
SCE,2026,2024,bundled,all,5,weekday,3,delivery,0.003730,sce_nbt2024
SCE,2026,2024,bundled,all,5,weekday,4,delivery,0.003850,sce_nbt2024
SCE,2026,2024,bundled,all,5,weekday,5,delivery,0.004110,sce_nbt2024
SCE,2026,2024,bundled,all,5,weekday,6,delivery,0.004350,sce_nbt2024
SCE,2026,2024,bundled,all,5,weekday,7,delivery,0.003350,sce_nbt2024
SCE,2026,2024,bundled,all,5,weekday,8,delivery,0.002650,sce_nbt2024
SCE,2026,2024,bundled,all,5,weekday,9,delivery,0.003090,sce_nbt2024
SCE,2026,2024,bundled,all,5,weekday,10,delivery,0.003030,sce_nbt2024
SCE,2026,2024,bundled,all,5,weekday,11,delivery,0.003000,sce_nbt2024
SCE,2026,2024,bundled,all,5,weekday,12,delivery,0.002830,sce_nbt2024
SCE,2026,2024,bundled,all,5,weekday,13,delivery,0.003230,sce_nbt2024
SCE,2026,2024,bundled,all,5,weekday,14,delivery,0.003140,sce_nbt2024
SCE,2026,2024,bundled,all,5,weekday,15,delivery,0.002630,sce_nbt2024
SCE,2026,2024,bundled,all,5,weekday,16,delivery,0.002420,sce_nbt2024
SCE,2026,2024,bundled,all,5,weekday,17,delivery,0.003720,sce_nbt2024
SCE,2026,2024,bundled,all,5,weekday,18,delivery,0.004840,sce_nbt2024
SCE,2026,2024,bundled,all,5,weekday,19,delivery,0.005060,sce_nbt2024
SCE,2026,2024,bundled,all,5,weekday,20,delivery,0.005450,sce_nbt2024
SCE,2026,2024,bundled,all,5,weekday,21,delivery,0.006740,sce_nbt2024
SCE,2026,2024,bundled,all,5,weekday,22,delivery,0.004830,sce_nbt2024
SCE,2026,2024,bundled,all,5,weekday,23,delivery,0.004970,sce_nbt2024
SCE,2026,2024,bundled,all,5,weekend_holiday,0,delivery,0.004050,sce_nbt2024
SCE,2026,2024,bundled,all,5,weekend_holiday,1,delivery,0.004790,sce_nbt2024
SCE,2026,2024,bundled,all,5,weekend_holiday,2,delivery,0.003540,sce_nbt2024
SCE,2026,2024,bundled,all,5,weekend_holiday,3,delivery,0.003390,sce_nbt2024
SCE,2026,2024,bundled,all,5,weekend_holiday,4,delivery,0.003550,sce_nbt2024
SCE,2026,2024,bundled,all,5,weekend_holiday,5,delivery,0.003640,sce_nbt2024
SCE,2026,2024,bundled,all,5,weekend_holiday,6,delivery,0.002910,sce_nbt2024
SCE,2026,2024,bundled,all,5,weekend_holiday,7,delivery,0.000000,sce_nbt2024
SCE,2026,2024,bundled,all,5,weekend_holiday,8,delivery,0.000000,sce_nbt2024
SCE,2026,2024,bundled,all,5,weekend_holiday,9,delivery,0.000000,sce_nbt2024
SCE,2026,2024,bundled,all,5,weekend_holiday,10,delivery,0.000000,sce_nbt2024
SCE,2026,2024,bundled,all,5,weekend_holiday,11,delivery,0.000000,sce_nbt2024
SCE,2026,2024,bundled,all,5,weekend_holiday,12,delivery,0.000000,sce_nbt2024
SCE,2026,2024,bundled,all,5,weekend_holiday,13,delivery,0.000000,sce_nbt2024
SCE,2026,2024,bundled,all,5,weekend_holiday,14,delivery,0.000000,sce_nbt2024
SCE,2026,2024,bundled,all,5,weekend_holiday,15,delivery,0.000000,sce_nbt2024
SCE,2026,2024,bundled,all,5,weekend_holiday,16,delivery,0.000000,sce_nbt2024
SCE,2026,2024,bundled,all,5,weekend_holiday,17,delivery,0.000000,sce_nbt2024
SCE,2026,2024,bundled,all,5,weekend_holiday,18,delivery,0.004120,sce_nbt2024
SCE,2026,2024,bundled,all,5,weekend_holiday,19,delivery,0.004550,sce_nbt2024
SCE,2026,2024,bundled,all,5,weekend_holiday,20,delivery,0.004770,sce_nbt2024
SCE,2026,2024,bundled,all,5,weekend_holiday,21,delivery,0.004850,sce_nbt2024
SCE,2026,2024,bundled,all,5,weekend_holiday,22,delivery,0.004590,sce_nbt2024
SCE,2026,2024,bundled,all,5,weekend_holiday,23,delivery,0.004220,sce_nbt2024
SCE,2026,2024,bundled,all,6,weekday,0,delivery,0.004450,sce_nbt2024
SCE,2026,2024,bundled,all,6,weekday,1,delivery,0.003940,sce_nbt2024
SCE,2026,2024,bundled,all,6,weekday,2,delivery,0.004460,sce_nbt2024
SCE,2026,2024,bundled,all,6,weekday,3,delivery,0.003930,sce_nbt2024
SCE,2026,2024,bundled,all,6,weekday,4,delivery,0.003810,sce_nbt2024
SCE,2026,2024,bundled,all,6,weekday,5,delivery,0.003870,sce_nbt2024
SCE,2026,2024,bundled,all,6,weekday,6,delivery,0.004360,sce_nbt2024
SCE,2026,2024,bundled,all,6,weekday,7,delivery,0.005600,sce_nbt2024
SCE,2026,2024,bundled,all,6,weekday,8,delivery,0.007060,sce_nbt2024
SCE,2026,2024,bundled,all,6,weekday,9,delivery,0.008190,sce_nbt2024
SCE,2026,2024,bundled,all,6,weekday,10,delivery,0.009770,sce_nbt2024
SCE,2026,2024,bundled,all,6,weekday,11,delivery,0.010800,sce_nbt2024
SCE,2026,2024,bundled,all,6,weekday,12,delivery,0.012270,sce_nbt2024
SCE,2026,2024,bundled,all,6,weekday,13,delivery,0.015600,sce_nbt2024
SCE,2026,2024,bundled,all,6,weekday,14,delivery,0.037410,sce_nbt2024
SCE,2026,2024,bundled,all,6,weekday,15,delivery,0.053650,sce_nbt2024
SCE,2026,2024,bundled,all,6,weekday,16,delivery,0.071060,sce_nbt2024
SCE,2026,2024,bundled,all,6,weekday,17,delivery,0.061920,sce_nbt2024
SCE,2026,2024,bundled,all,6,weekday,18,delivery,0.040230,sce_nbt2024
SCE,2026,2024,bundled,all,6,weekday,19,delivery,0.022080,sce_nbt2024
SCE,2026,2024,bundled,all,6,weekday,20,delivery,0.014220,sce_nbt2024
SCE,2026,2024,bundled,all,6,weekday,21,delivery,0.012760,sce_nbt2024
SCE,2026,2024,bundled,all,6,weekday,22,delivery,0.010400,sce_nbt2024
SCE,2026,2024,bundled,all,6,weekday,23,delivery,0.005850,sce_nbt2024
SCE,2026,2024,bundled,all,6,weekend_holiday,0,delivery,0.004200,sce_nbt2024
SCE,2026,2024,bundled,all,6,weekend_holiday,1,delivery,0.003620,sce_nbt2024
SCE,2026,2024,bundled,all,6,weekend_holiday,2,delivery,0.003710,sce_nbt2024
SCE,2026,2024,bundled,all,6,weekend_holiday,3,delivery,0.003760,sce_nbt2024
SCE,2026,2024,bundled,all,6,weekend_holiday,4,delivery,0.003690,sce_nbt2024
SCE,2026,2024,bundled,all,6,weekend_holiday,5,delivery,0.003680,sce_nbt2024
SCE,2026,2024,bundled,all,6,weekend_holiday,6,delivery,0.004000,sce_nbt2024
SCE,2026,2024,bundled,all,6,weekend_holiday,7,delivery,0.003130,sce_nbt2024
SCE,2026,2024,bundled,all,6,weekend_holiday,8,delivery,0.002370,sce_nbt2024
SCE,2026,2024,bundled,all,6,weekend_holiday,9,delivery,0.002490,sce_nbt2024
SCE,2026,2024,bundled,all,6,weekend_holiday,10,delivery,0.002760,sce_nbt2024
SCE,2026,2024,bundled,all,6,weekend_holiday,11,delivery,0.002530,sce_nbt2024
SCE,2026,2024,bundled,all,6,weekend_holiday,12,delivery,0.002370,sce_nbt2024
SCE,2026,2024,bundled,all,6,weekend_holiday,13,delivery,0.003260,sce_nbt2024
SCE,2026,2024,bundled,all,6,weekend_holiday,14,delivery,0.006330,sce_nbt2024
SCE,2026,2024,bundled,all,6,weekend_holiday,15,delivery,0.005620,sce_nbt2024
SCE,2026,2024,bundled,all,6,weekend_holiday,16,delivery,0.012010,sce_nbt2024
SCE,2026,2024,bundled,all,6,weekend_holiday,17,delivery,0.011080,sce_nbt2024
SCE,2026,2024,bundled,all,6,weekend_holiday,18,delivery,0.009970,sce_nbt2024
SCE,2026,2024,bundled,all,6,weekend_holiday,19,delivery,0.015800,sce_nbt2024
SCE,2026,2024,bundled,all,6,weekend_holiday,20,delivery,0.009550,sce_nbt2024
SCE,2026,2024,bundled,all,6,weekend_holiday,21,delivery,0.009080,sce_nbt2024
SCE,2026,2024,bundled,all,6,weekend_holiday,22,delivery,0.006370,sce_nbt2024
SCE,2026,2024,bundled,all,6,weekend_holiday,23,delivery,0.005380,sce_nbt2024
SCE,2026,2024,bundled,all,7,weekday,0,delivery,0.005240,sce_nbt2024
SCE,2026,2024,bundled,all,7,weekday,1,delivery,0.004630,sce_nbt2024
SCE,2026,2024,bundled,all,7,weekday,2,delivery,0.004020,sce_nbt2024
SCE,2026,2024,bundled,all,7,weekday,3,delivery,0.003960,sce_nbt2024
SCE,2026,2024,bundled,all,7,weekday,4,delivery,0.003920,sce_nbt2024
SCE,2026,2024,bundled,all,7,weekday,5,delivery,0.003900,sce_nbt2024
SCE,2026,2024,bundled,all,7,weekday,6,delivery,0.004360,sce_nbt2024
SCE,2026,2024,bundled,all,7,weekday,7,delivery,0.005660,sce_nbt2024
SCE,2026,2024,bundled,all,7,weekday,8,delivery,0.007230,sce_nbt2024
SCE,2026,2024,bundled,all,7,weekday,9,delivery,0.008050,sce_nbt2024
SCE,2026,2024,bundled,all,7,weekday,10,delivery,0.008820,sce_nbt2024
SCE,2026,2024,bundled,all,7,weekday,11,delivery,0.009560,sce_nbt2024
SCE,2026,2024,bundled,all,7,weekday,12,delivery,0.010820,sce_nbt2024
SCE,2026,2024,bundled,all,7,weekday,13,delivery,0.024370,sce_nbt2024
SCE,2026,2024,bundled,all,7,weekday,14,delivery,0.040410,sce_nbt2024
SCE,2026,2024,bundled,all,7,weekday,15,delivery,0.067850,sce_nbt2024
SCE,2026,2024,bundled,all,7,weekday,16,delivery,0.085960,sce_nbt2024
SCE,2026,2024,bundled,all,7,weekday,17,delivery,0.082570,sce_nbt2024
SCE,2026,2024,bundled,all,7,weekday,18,delivery,0.065360,sce_nbt2024
SCE,2026,2024,bundled,all,7,weekday,19,delivery,0.035830,sce_nbt2024
SCE,2026,2024,bundled,all,7,weekday,20,delivery,0.019720,sce_nbt2024
SCE,2026,2024,bundled,all,7,weekday,21,delivery,0.013890,sce_nbt2024
SCE,2026,2024,bundled,all,7,weekday,22,delivery,0.014460,sce_nbt2024
SCE,2026,2024,bundled,all,7,weekday,23,delivery,0.005630,sce_nbt2024
SCE,2026,2024,bundled,all,7,weekend_holiday,0,delivery,0.004410,sce_nbt2024
SCE,2026,2024,bundled,all,7,weekend_holiday,1,delivery,0.004050,sce_nbt2024
SCE,2026,2024,bundled,all,7,weekend_holiday,2,delivery,0.003980,sce_nbt2024
SCE,2026,2024,bundled,all,7,weekend_holiday,3,delivery,0.003920,sce_nbt2024
SCE,2026,2024,bundled,all,7,weekend_holiday,4,delivery,0.003830,sce_nbt2024
SCE,2026,2024,bundled,all,7,weekend_holiday,5,delivery,0.003820,sce_nbt2024
SCE,2026,2024,bundled,all,7,weekend_holiday,6,delivery,0.003860,sce_nbt2024
SCE,2026,2024,bundled,all,7,weekend_holiday,7,delivery,0.002780,sce_nbt2024
SCE,2026,2024,bundled,all,7,weekend_holiday,8,delivery,0.002770,sce_nbt2024
SCE,2026,2024,bundled,all,7,weekend_holiday,9,delivery,0.002860,sce_nbt2024
SCE,2026,2024,bundled,all,7,weekend_holiday,10,delivery,0.004210,sce_nbt2024
SCE,2026,2024,bundled,all,7,weekend_holiday,11,delivery,0.003920,sce_nbt2024
SCE,2026,2024,bundled,all,7,weekend_holiday,12,delivery,0.002850,sce_nbt2024
SCE,2026,2024,bundled,all,7,weekend_holiday,13,delivery,0.004340,sce_nbt2024
SCE,2026,2024,bundled,all,7,weekend_holiday,14,delivery,0.007220,sce_nbt2024
SCE,2026,2024,bundled,all,7,weekend_holiday,15,delivery,0.013520,sce_nbt2024
SCE,2026,2024,bundled,all,7,weekend_holiday,16,delivery,0.016260,sce_nbt2024
SCE,2026,2024,bundled,all,7,weekend_holiday,17,delivery,0.022000,sce_nbt2024
SCE,2026,2024,bundled,all,7,weekend_holiday,18,delivery,0.023750,sce_nbt2024
SCE,2026,2024,bundled,all,7,weekend_holiday,19,delivery,0.020860,sce_nbt2024
SCE,2026,2024,bundled,all,7,weekend_holiday,20,delivery,0.017970,sce_nbt2024
SCE,2026,2024,bundled,all,7,weekend_holiday,21,delivery,0.008530,sce_nbt2024
SCE,2026,2024,bundled,all,7,weekend_holiday,22,delivery,0.009150,sce_nbt2024
SCE,2026,2024,bundled,all,7,weekend_holiday,23,delivery,0.005290,sce_nbt2024
SCE,2026,2024,bundled,all,8,weekday,0,delivery,0.004940,sce_nbt2024
SCE,2026,2024,bundled,all,8,weekday,1,delivery,0.004340,sce_nbt2024
SCE,2026,2024,bundled,all,8,weekday,2,delivery,0.004270,sce_nbt2024
SCE,2026,2024,bundled,all,8,weekday,3,delivery,0.004120,sce_nbt2024
SCE,2026,2024,bundled,all,8,weekday,4,delivery,0.004080,sce_nbt2024
SCE,2026,2024,bundled,all,8,weekday,5,delivery,0.004220,sce_nbt2024
SCE,2026,2024,bundled,all,8,weekday,6,delivery,0.004830,sce_nbt2024
SCE,2026,2024,bundled,all,8,weekday,7,delivery,0.005990,sce_nbt2024
SCE,2026,2024,bundled,all,8,weekday,8,delivery,0.007570,sce_nbt2024
SCE,2026,2024,bundled,all,8,weekday,9,delivery,0.009360,sce_nbt2024
SCE,2026,2024,bundled,all,8,weekday,10,delivery,0.010430,sce_nbt2024
SCE,2026,2024,bundled,all,8,weekday,11,delivery,0.011460,sce_nbt2024
SCE,2026,2024,bundled,all,8,weekday,12,delivery,0.012400,sce_nbt2024
SCE,2026,2024,bundled,all,8,weekday,13,delivery,0.031880,sce_nbt2024
SCE,2026,2024,bundled,all,8,weekday,14,delivery,0.080920,sce_nbt2024
SCE,2026,2024,bundled,all,8,weekday,15,delivery,0.117110,sce_nbt2024
SCE,2026,2024,bundled,all,8,weekday,16,delivery,0.122180,sce_nbt2024
SCE,2026,2024,bundled,all,8,weekday,17,delivery,0.115830,sce_nbt2024
SCE,2026,2024,bundled,all,8,weekday,18,delivery,0.096660,sce_nbt2024
SCE,2026,2024,bundled,all,8,weekday,19,delivery,0.056660,sce_nbt2024
SCE,2026,2024,bundled,all,8,weekday,20,delivery,0.032370,sce_nbt2024
SCE,2026,2024,bundled,all,8,weekday,21,delivery,0.021110,sce_nbt2024
SCE,2026,2024,bundled,all,8,weekday,22,delivery,0.011970,sce_nbt2024
SCE,2026,2024,bundled,all,8,weekday,23,delivery,0.006830,sce_nbt2024
SCE,2026,2024,bundled,all,8,weekend_holiday,0,delivery,0.004530,sce_nbt2024
SCE,2026,2024,bundled,all,8,weekend_holiday,1,delivery,0.004100,sce_nbt2024
SCE,2026,2024,bundled,all,8,weekend_holiday,2,delivery,0.003880,sce_nbt2024
SCE,2026,2024,bundled,all,8,weekend_holiday,3,delivery,0.003840,sce_nbt2024
SCE,2026,2024,bundled,all,8,weekend_holiday,4,delivery,0.003790,sce_nbt2024
SCE,2026,2024,bundled,all,8,weekend_holiday,5,delivery,0.003780,sce_nbt2024
SCE,2026,2024,bundled,all,8,weekend_holiday,6,delivery,0.003710,sce_nbt2024
SCE,2026,2024,bundled,all,8,weekend_holiday,7,delivery,0.003360,sce_nbt2024
SCE,2026,2024,bundled,all,8,weekend_holiday,8,delivery,0.003710,sce_nbt2024
SCE,2026,2024,bundled,all,8,weekend_holiday,9,delivery,0.003780,sce_nbt2024
SCE,2026,2024,bundled,all,8,weekend_holiday,10,delivery,0.003980,sce_nbt2024
SCE,2026,2024,bundled,all,8,weekend_holiday,11,delivery,0.004200,sce_nbt2024
SCE,2026,2024,bundled,all,8,weekend_holiday,12,delivery,0.005460,sce_nbt2024
SCE,2026,2024,bundled,all,8,weekend_holiday,13,delivery,0.008220,sce_nbt2024
SCE,2026,2024,bundled,all,8,weekend_holiday,14,delivery,0.016380,sce_nbt2024
SCE,2026,2024,bundled,all,8,weekend_holiday,15,delivery,0.025420,sce_nbt2024
SCE,2026,2024,bundled,all,8,weekend_holiday,16,delivery,0.032490,sce_nbt2024
SCE,2026,2024,bundled,all,8,weekend_holiday,17,delivery,0.043810,sce_nbt2024
SCE,2026,2024,bundled,all,8,weekend_holiday,18,delivery,0.037470,sce_nbt2024
SCE,2026,2024,bundled,all,8,weekend_holiday,19,delivery,0.028490,sce_nbt2024
SCE,2026,2024,bundled,all,8,weekend_holiday,20,delivery,0.016790,sce_nbt2024
SCE,2026,2024,bundled,all,8,weekend_holiday,21,delivery,0.009700,sce_nbt2024
SCE,2026,2024,bundled,all,8,weekend_holiday,22,delivery,0.012830,sce_nbt2024
SCE,2026,2024,bundled,all,8,weekend_holiday,23,delivery,0.004950,sce_nbt2024
SCE,2026,2024,bundled,all,9,weekday,0,delivery,0.004590,sce_nbt2024
SCE,2026,2024,bundled,all,9,weekday,1,delivery,0.004370,sce_nbt2024
SCE,2026,2024,bundled,all,9,weekday,2,delivery,0.004160,sce_nbt2024
SCE,2026,2024,bundled,all,9,weekday,3,delivery,0.004080,sce_nbt2024
SCE,2026,2024,bundled,all,9,weekday,4,delivery,0.004080,sce_nbt2024
SCE,2026,2024,bundled,all,9,weekday,5,delivery,0.004110,sce_nbt2024
SCE,2026,2024,bundled,all,9,weekday,6,delivery,0.004550,sce_nbt2024
SCE,2026,2024,bundled,all,9,weekday,7,delivery,0.005420,sce_nbt2024
SCE,2026,2024,bundled,all,9,weekday,8,delivery,0.006650,sce_nbt2024
SCE,2026,2024,bundled,all,9,weekday,9,delivery,0.007440,sce_nbt2024
SCE,2026,2024,bundled,all,9,weekday,10,delivery,0.008680,sce_nbt2024
SCE,2026,2024,bundled,all,9,weekday,11,delivery,0.009760,sce_nbt2024
SCE,2026,2024,bundled,all,9,weekday,12,delivery,0.010870,sce_nbt2024
SCE,2026,2024,bundled,all,9,weekday,13,delivery,0.019260,sce_nbt2024
SCE,2026,2024,bundled,all,9,weekday,14,delivery,0.033240,sce_nbt2024
SCE,2026,2024,bundled,all,9,weekday,15,delivery,0.034450,sce_nbt2024
SCE,2026,2024,bundled,all,9,weekday,16,delivery,0.035670,sce_nbt2024
SCE,2026,2024,bundled,all,9,weekday,17,delivery,0.034130,sce_nbt2024
SCE,2026,2024,bundled,all,9,weekday,18,delivery,0.027160,sce_nbt2024
SCE,2026,2024,bundled,all,9,weekday,19,delivery,0.018460,sce_nbt2024
SCE,2026,2024,bundled,all,9,weekday,20,delivery,0.012210,sce_nbt2024
SCE,2026,2024,bundled,all,9,weekday,21,delivery,0.012230,sce_nbt2024
SCE,2026,2024,bundled,all,9,weekday,22,delivery,0.007990,sce_nbt2024
SCE,2026,2024,bundled,all,9,weekday,23,delivery,0.005350,sce_nbt2024
SCE,2026,2024,bundled,all,9,weekend_holiday,0,delivery,0.004520,sce_nbt2024
SCE,2026,2024,bundled,all,9,weekend_holiday,1,delivery,0.004350,sce_nbt2024
SCE,2026,2024,bundled,all,9,weekend_holiday,2,delivery,0.004270,sce_nbt2024
SCE,2026,2024,bundled,all,9,weekend_holiday,3,delivery,0.004250,sce_nbt2024
SCE,2026,2024,bundled,all,9,weekend_holiday,4,delivery,0.004140,sce_nbt2024
SCE,2026,2024,bundled,all,9,weekend_holiday,5,delivery,0.004110,sce_nbt2024
SCE,2026,2024,bundled,all,9,weekend_holiday,6,delivery,0.004020,sce_nbt2024
SCE,2026,2024,bundled,all,9,weekend_holiday,7,delivery,0.003640,sce_nbt2024
SCE,2026,2024,bundled,all,9,weekend_holiday,8,delivery,0.003260,sce_nbt2024
SCE,2026,2024,bundled,all,9,weekend_holiday,9,delivery,0.003600,sce_nbt2024
SCE,2026,2024,bundled,all,9,weekend_holiday,10,delivery,0.003970,sce_nbt2024
SCE,2026,2024,bundled,all,9,weekend_holiday,11,delivery,0.004080,sce_nbt2024
SCE,2026,2024,bundled,all,9,weekend_holiday,12,delivery,0.005650,sce_nbt2024
SCE,2026,2024,bundled,all,9,weekend_holiday,13,delivery,0.005580,sce_nbt2024
SCE,2026,2024,bundled,all,9,weekend_holiday,14,delivery,0.010040,sce_nbt2024
SCE,2026,2024,bundled,all,9,weekend_holiday,15,delivery,0.024630,sce_nbt2024
SCE,2026,2024,bundled,all,9,weekend_holiday,16,delivery,0.024430,sce_nbt2024
SCE,2026,2024,bundled,all,9,weekend_holiday,17,delivery,0.024840,sce_nbt2024
SCE,2026,2024,bundled,all,9,weekend_holiday,18,delivery,0.011620,sce_nbt2024
SCE,2026,2024,bundled,all,9,weekend_holiday,19,delivery,0.010950,sce_nbt2024
SCE,2026,2024,bundled,all,9,weekend_holiday,20,delivery,0.009800,sce_nbt2024
SCE,2026,2024,bundled,all,9,weekend_holiday,21,delivery,0.010680,sce_nbt2024
SCE,2026,2024,bundled,all,9,weekend_holiday,22,delivery,0.007370,sce_nbt2024
SCE,2026,2024,bundled,all,9,weekend_holiday,23,delivery,0.004800,sce_nbt2024
SCE,2026,2024,bundled,all,10,weekday,0,delivery,0.004940,sce_nbt2024
SCE,2026,2024,bundled,all,10,weekday,1,delivery,0.003990,sce_nbt2024
SCE,2026,2024,bundled,all,10,weekday,2,delivery,0.004000,sce_nbt2024
SCE,2026,2024,bundled,all,10,weekday,3,delivery,0.003960,sce_nbt2024
SCE,2026,2024,bundled,all,10,weekday,4,delivery,0.003940,sce_nbt2024
SCE,2026,2024,bundled,all,10,weekday,5,delivery,0.004000,sce_nbt2024
SCE,2026,2024,bundled,all,10,weekday,6,delivery,0.004300,sce_nbt2024
SCE,2026,2024,bundled,all,10,weekday,7,delivery,0.005070,sce_nbt2024
SCE,2026,2024,bundled,all,10,weekday,8,delivery,0.005790,sce_nbt2024
SCE,2026,2024,bundled,all,10,weekday,9,delivery,0.006650,sce_nbt2024
SCE,2026,2024,bundled,all,10,weekday,10,delivery,0.007580,sce_nbt2024
SCE,2026,2024,bundled,all,10,weekday,11,delivery,0.008450,sce_nbt2024
SCE,2026,2024,bundled,all,10,weekday,12,delivery,0.009270,sce_nbt2024
SCE,2026,2024,bundled,all,10,weekday,13,delivery,0.016390,sce_nbt2024
SCE,2026,2024,bundled,all,10,weekday,14,delivery,0.018610,sce_nbt2024
SCE,2026,2024,bundled,all,10,weekday,15,delivery,0.031560,sce_nbt2024
SCE,2026,2024,bundled,all,10,weekday,16,delivery,0.036720,sce_nbt2024
SCE,2026,2024,bundled,all,10,weekday,17,delivery,0.031530,sce_nbt2024
SCE,2026,2024,bundled,all,10,weekday,18,delivery,0.029870,sce_nbt2024
SCE,2026,2024,bundled,all,10,weekday,19,delivery,0.011010,sce_nbt2024
SCE,2026,2024,bundled,all,10,weekday,20,delivery,0.010050,sce_nbt2024
SCE,2026,2024,bundled,all,10,weekday,21,delivery,0.009870,sce_nbt2024
SCE,2026,2024,bundled,all,10,weekday,22,delivery,0.006620,sce_nbt2024
SCE,2026,2024,bundled,all,10,weekday,23,delivery,0.005170,sce_nbt2024
SCE,2026,2024,bundled,all,10,weekend_holiday,0,delivery,0.004080,sce_nbt2024
SCE,2026,2024,bundled,all,10,weekend_holiday,1,delivery,0.005170,sce_nbt2024
SCE,2026,2024,bundled,all,10,weekend_holiday,2,delivery,0.003710,sce_nbt2024
SCE,2026,2024,bundled,all,10,weekend_holiday,3,delivery,0.003730,sce_nbt2024
SCE,2026,2024,bundled,all,10,weekend_holiday,4,delivery,0.003590,sce_nbt2024
SCE,2026,2024,bundled,all,10,weekend_holiday,5,delivery,0.003610,sce_nbt2024
SCE,2026,2024,bundled,all,10,weekend_holiday,6,delivery,0.003490,sce_nbt2024
SCE,2026,2024,bundled,all,10,weekend_holiday,7,delivery,0.003170,sce_nbt2024
SCE,2026,2024,bundled,all,10,weekend_holiday,8,delivery,0.002710,sce_nbt2024
SCE,2026,2024,bundled,all,10,weekend_holiday,9,delivery,0.002650,sce_nbt2024
SCE,2026,2024,bundled,all,10,weekend_holiday,10,delivery,0.002720,sce_nbt2024
SCE,2026,2024,bundled,all,10,weekend_holiday,11,delivery,0.003030,sce_nbt2024
SCE,2026,2024,bundled,all,10,weekend_holiday,12,delivery,0.003270,sce_nbt2024
SCE,2026,2024,bundled,all,10,weekend_holiday,13,delivery,0.003550,sce_nbt2024
SCE,2026,2024,bundled,all,10,weekend_holiday,14,delivery,0.005120,sce_nbt2024
SCE,2026,2024,bundled,all,10,weekend_holiday,15,delivery,0.007480,sce_nbt2024
SCE,2026,2024,bundled,all,10,weekend_holiday,16,delivery,0.008620,sce_nbt2024
SCE,2026,2024,bundled,all,10,weekend_holiday,17,delivery,0.021420,sce_nbt2024
SCE,2026,2024,bundled,all,10,weekend_holiday,18,delivery,0.009180,sce_nbt2024
SCE,2026,2024,bundled,all,10,weekend_holiday,19,delivery,0.009250,sce_nbt2024
SCE,2026,2024,bundled,all,10,weekend_holiday,20,delivery,0.008620,sce_nbt2024
SCE,2026,2024,bundled,all,10,weekend_holiday,21,delivery,0.007910,sce_nbt2024
SCE,2026,2024,bundled,all,10,weekend_holiday,22,delivery,0.006120,sce_nbt2024
SCE,2026,2024,bundled,all,10,weekend_holiday,23,delivery,0.004990,sce_nbt2024
SCE,2026,2024,bundled,all,11,weekday,0,delivery,0.003810,sce_nbt2024
SCE,2026,2024,bundled,all,11,weekday,1,delivery,0.003810,sce_nbt2024
SCE,2026,2024,bundled,all,11,weekday,2,delivery,0.003880,sce_nbt2024
SCE,2026,2024,bundled,all,11,weekday,3,delivery,0.003800,sce_nbt2024
SCE,2026,2024,bundled,all,11,weekday,4,delivery,0.003780,sce_nbt2024
SCE,2026,2024,bundled,all,11,weekday,5,delivery,0.004020,sce_nbt2024
SCE,2026,2024,bundled,all,11,weekday,6,delivery,0.004700,sce_nbt2024
SCE,2026,2024,bundled,all,11,weekday,7,delivery,0.005500,sce_nbt2024
SCE,2026,2024,bundled,all,11,weekday,8,delivery,0.006270,sce_nbt2024
SCE,2026,2024,bundled,all,11,weekday,9,delivery,0.007410,sce_nbt2024
SCE,2026,2024,bundled,all,11,weekday,10,delivery,0.006990,sce_nbt2024
SCE,2026,2024,bundled,all,11,weekday,11,delivery,0.007430,sce_nbt2024
SCE,2026,2024,bundled,all,11,weekday,12,delivery,0.008360,sce_nbt2024
SCE,2026,2024,bundled,all,11,weekday,13,delivery,0.009760,sce_nbt2024
SCE,2026,2024,bundled,all,11,weekday,14,delivery,0.010800,sce_nbt2024
SCE,2026,2024,bundled,all,11,weekday,15,delivery,0.010520,sce_nbt2024
SCE,2026,2024,bundled,all,11,weekday,16,delivery,0.010390,sce_nbt2024
SCE,2026,2024,bundled,all,11,weekday,17,delivery,0.009370,sce_nbt2024
SCE,2026,2024,bundled,all,11,weekday,18,delivery,0.010770,sce_nbt2024
SCE,2026,2024,bundled,all,11,weekday,19,delivery,0.010860,sce_nbt2024
SCE,2026,2024,bundled,all,11,weekday,20,delivery,0.008990,sce_nbt2024
SCE,2026,2024,bundled,all,11,weekday,21,delivery,0.006840,sce_nbt2024
SCE,2026,2024,bundled,all,11,weekday,22,delivery,0.004490,sce_nbt2024
SCE,2026,2024,bundled,all,11,weekday,23,delivery,0.003990,sce_nbt2024
SCE,2026,2024,bundled,all,11,weekend_holiday,0,delivery,0.003670,sce_nbt2024
SCE,2026,2024,bundled,all,11,weekend_holiday,1,delivery,0.003560,sce_nbt2024
SCE,2026,2024,bundled,all,11,weekend_holiday,2,delivery,0.003480,sce_nbt2024
SCE,2026,2024,bundled,all,11,weekend_holiday,3,delivery,0.003470,sce_nbt2024
SCE,2026,2024,bundled,all,11,weekend_holiday,4,delivery,0.003310,sce_nbt2024
SCE,2026,2024,bundled,all,11,weekend_holiday,5,delivery,0.003270,sce_nbt2024
SCE,2026,2024,bundled,all,11,weekend_holiday,6,delivery,0.003290,sce_nbt2024
SCE,2026,2024,bundled,all,11,weekend_holiday,7,delivery,0.002470,sce_nbt2024
SCE,2026,2024,bundled,all,11,weekend_holiday,8,delivery,0.002490,sce_nbt2024
SCE,2026,2024,bundled,all,11,weekend_holiday,9,delivery,0.002460,sce_nbt2024
SCE,2026,2024,bundled,all,11,weekend_holiday,10,delivery,0.002540,sce_nbt2024
SCE,2026,2024,bundled,all,11,weekend_holiday,11,delivery,0.002580,sce_nbt2024
SCE,2026,2024,bundled,all,11,weekend_holiday,12,delivery,0.003990,sce_nbt2024
SCE,2026,2024,bundled,all,11,weekend_holiday,13,delivery,0.003250,sce_nbt2024
SCE,2026,2024,bundled,all,11,weekend_holiday,14,delivery,0.004140,sce_nbt2024
SCE,2026,2024,bundled,all,11,weekend_holiday,15,delivery,0.005190,sce_nbt2024
SCE,2026,2024,bundled,all,11,weekend_holiday,16,delivery,0.006870,sce_nbt2024
SCE,2026,2024,bundled,all,11,weekend_holiday,17,delivery,0.006930,sce_nbt2024
SCE,2026,2024,bundled,all,11,weekend_holiday,18,delivery,0.007000,sce_nbt2024
SCE,2026,2024,bundled,all,11,weekend_holiday,19,delivery,0.007040,sce_nbt2024
SCE,2026,2024,bundled,all,11,weekend_holiday,20,delivery,0.006910,sce_nbt2024
SCE,2026,2024,bundled,all,11,weekend_holiday,21,delivery,0.005870,sce_nbt2024
SCE,2026,2024,bundled,all,11,weekend_holiday,22,delivery,0.004450,sce_nbt2024
SCE,2026,2024,bundled,all,11,weekend_holiday,23,delivery,0.004250,sce_nbt2024
SCE,2026,2024,bundled,all,12,weekday,0,delivery,0.003920,sce_nbt2024
SCE,2026,2024,bundled,all,12,weekday,1,delivery,0.003880,sce_nbt2024
SCE,2026,2024,bundled,all,12,weekday,2,delivery,0.003820,sce_nbt2024
SCE,2026,2024,bundled,all,12,weekday,3,delivery,0.003730,sce_nbt2024
SCE,2026,2024,bundled,all,12,weekday,4,delivery,0.003800,sce_nbt2024
SCE,2026,2024,bundled,all,12,weekday,5,delivery,0.003880,sce_nbt2024
SCE,2026,2024,bundled,all,12,weekday,6,delivery,0.004300,sce_nbt2024
SCE,2026,2024,bundled,all,12,weekday,7,delivery,0.006450,sce_nbt2024
SCE,2026,2024,bundled,all,12,weekday,8,delivery,0.005190,sce_nbt2024
SCE,2026,2024,bundled,all,12,weekday,9,delivery,0.005100,sce_nbt2024
SCE,2026,2024,bundled,all,12,weekday,10,delivery,0.004850,sce_nbt2024
SCE,2026,2024,bundled,all,12,weekday,11,delivery,0.004570,sce_nbt2024
SCE,2026,2024,bundled,all,12,weekday,12,delivery,0.004440,sce_nbt2024
SCE,2026,2024,bundled,all,12,weekday,13,delivery,0.004350,sce_nbt2024
SCE,2026,2024,bundled,all,12,weekday,14,delivery,0.004400,sce_nbt2024
SCE,2026,2024,bundled,all,12,weekday,15,delivery,0.004460,sce_nbt2024
SCE,2026,2024,bundled,all,12,weekday,16,delivery,0.005110,sce_nbt2024
SCE,2026,2024,bundled,all,12,weekday,17,delivery,0.005620,sce_nbt2024
SCE,2026,2024,bundled,all,12,weekday,18,delivery,0.007790,sce_nbt2024
SCE,2026,2024,bundled,all,12,weekday,19,delivery,0.009420,sce_nbt2024
SCE,2026,2024,bundled,all,12,weekday,20,delivery,0.007670,sce_nbt2024
SCE,2026,2024,bundled,all,12,weekday,21,delivery,0.006800,sce_nbt2024
SCE,2026,2024,bundled,all,12,weekday,22,delivery,0.005000,sce_nbt2024
SCE,2026,2024,bundled,all,12,weekday,23,delivery,0.004210,sce_nbt2024
SCE,2026,2024,bundled,all,12,weekend_holiday,0,delivery,0.004230,sce_nbt2024
SCE,2026,2024,bundled,all,12,weekend_holiday,1,delivery,0.004210,sce_nbt2024
SCE,2026,2024,bundled,all,12,weekend_holiday,2,delivery,0.004180,sce_nbt2024
SCE,2026,2024,bundled,all,12,weekend_holiday,3,delivery,0.005500,sce_nbt2024
SCE,2026,2024,bundled,all,12,weekend_holiday,4,delivery,0.004110,sce_nbt2024
SCE,2026,2024,bundled,all,12,weekend_holiday,5,delivery,0.004090,sce_nbt2024
SCE,2026,2024,bundled,all,12,weekend_holiday,6,delivery,0.004130,sce_nbt2024
SCE,2026,2024,bundled,all,12,weekend_holiday,7,delivery,0.003920,sce_nbt2024
SCE,2026,2024,bundled,all,12,weekend_holiday,8,delivery,0.003840,sce_nbt2024
SCE,2026,2024,bundled,all,12,weekend_holiday,9,delivery,0.003950,sce_nbt2024
SCE,2026,2024,bundled,all,12,weekend_holiday,10,delivery,0.003710,sce_nbt2024
SCE,2026,2024,bundled,all,12,weekend_holiday,11,delivery,0.003790,sce_nbt2024
SCE,2026,2024,bundled,all,12,weekend_holiday,12,delivery,0.003290,sce_nbt2024
SCE,2026,2024,bundled,all,12,weekend_holiday,13,delivery,0.003270,sce_nbt2024
SCE,2026,2024,bundled,all,12,weekend_holiday,14,delivery,0.003290,sce_nbt2024
SCE,2026,2024,bundled,all,12,weekend_holiday,15,delivery,0.003380,sce_nbt2024
SCE,2026,2024,bundled,all,12,weekend_holiday,16,delivery,0.004260,sce_nbt2024
SCE,2026,2024,bundled,all,12,weekend_holiday,17,delivery,0.007040,sce_nbt2024
SCE,2026,2024,bundled,all,12,weekend_holiday,18,delivery,0.007580,sce_nbt2024
SCE,2026,2024,bundled,all,12,weekend_holiday,19,delivery,0.007610,sce_nbt2024
SCE,2026,2024,bundled,all,12,weekend_holiday,20,delivery,0.006680,sce_nbt2024
SCE,2026,2024,bundled,all,12,weekend_holiday,21,delivery,0.005660,sce_nbt2024
SCE,2026,2024,bundled,all,12,weekend_holiday,22,delivery,0.004930,sce_nbt2024
SCE,2026,2024,bundled,all,12,weekend_holiday,23,delivery,0.004280,sce_nbt2024
SCE,2026,2024,bundled,all,1,weekday,0,generation,0.055550,sce_nbt2024
SCE,2026,2024,bundled,all,1,weekday,1,generation,0.055850,sce_nbt2024
SCE,2026,2024,bundled,all,1,weekday,2,generation,0.055140,sce_nbt2024
SCE,2026,2024,bundled,all,1,weekday,3,generation,0.054760,sce_nbt2024
SCE,2026,2024,bundled,all,1,weekday,4,generation,0.055270,sce_nbt2024
SCE,2026,2024,bundled,all,1,weekday,5,generation,0.055920,sce_nbt2024
SCE,2026,2024,bundled,all,1,weekday,6,generation,0.058250,sce_nbt2024
SCE,2026,2024,bundled,all,1,weekday,7,generation,0.059420,sce_nbt2024
SCE,2026,2024,bundled,all,1,weekday,8,generation,0.058840,sce_nbt2024
SCE,2026,2024,bundled,all,1,weekday,9,generation,0.059560,sce_nbt2024
SCE,2026,2024,bundled,all,1,weekday,10,generation,0.058150,sce_nbt2024
SCE,2026,2024,bundled,all,1,weekday,11,generation,0.057150,sce_nbt2024
SCE,2026,2024,bundled,all,1,weekday,12,generation,0.056770,sce_nbt2024
SCE,2026,2024,bundled,all,1,weekday,13,generation,0.056190,sce_nbt2024
SCE,2026,2024,bundled,all,1,weekday,14,generation,0.055860,sce_nbt2024
SCE,2026,2024,bundled,all,1,weekday,15,generation,0.057510,sce_nbt2024
SCE,2026,2024,bundled,all,1,weekday,16,generation,0.062720,sce_nbt2024
SCE,2026,2024,bundled,all,1,weekday,17,generation,0.062530,sce_nbt2024
SCE,2026,2024,bundled,all,1,weekday,18,generation,0.062050,sce_nbt2024
SCE,2026,2024,bundled,all,1,weekday,19,generation,0.062520,sce_nbt2024
SCE,2026,2024,bundled,all,1,weekday,20,generation,0.062400,sce_nbt2024
SCE,2026,2024,bundled,all,1,weekday,21,generation,0.061980,sce_nbt2024
SCE,2026,2024,bundled,all,1,weekday,22,generation,0.057200,sce_nbt2024
SCE,2026,2024,bundled,all,1,weekday,23,generation,0.056120,sce_nbt2024
SCE,2026,2024,bundled,all,1,weekend_holiday,0,generation,0.054630,sce_nbt2024
SCE,2026,2024,bundled,all,1,weekend_holiday,1,generation,0.053620,sce_nbt2024
SCE,2026,2024,bundled,all,1,weekend_holiday,2,generation,0.054030,sce_nbt2024
SCE,2026,2024,bundled,all,1,weekend_holiday,3,generation,0.053140,sce_nbt2024
SCE,2026,2024,bundled,all,1,weekend_holiday,4,generation,0.052870,sce_nbt2024
SCE,2026,2024,bundled,all,1,weekend_holiday,5,generation,0.050810,sce_nbt2024
SCE,2026,2024,bundled,all,1,weekend_holiday,6,generation,0.051920,sce_nbt2024
SCE,2026,2024,bundled,all,1,weekend_holiday,7,generation,0.053050,sce_nbt2024
SCE,2026,2024,bundled,all,1,weekend_holiday,8,generation,0.048180,sce_nbt2024
SCE,2026,2024,bundled,all,1,weekend_holiday,9,generation,0.046090,sce_nbt2024
SCE,2026,2024,bundled,all,1,weekend_holiday,10,generation,0.045890,sce_nbt2024
SCE,2026,2024,bundled,all,1,weekend_holiday,11,generation,0.045420,sce_nbt2024
SCE,2026,2024,bundled,all,1,weekend_holiday,12,generation,0.043870,sce_nbt2024
SCE,2026,2024,bundled,all,1,weekend_holiday,13,generation,0.045230,sce_nbt2024
SCE,2026,2024,bundled,all,1,weekend_holiday,14,generation,0.047180,sce_nbt2024
SCE,2026,2024,bundled,all,1,weekend_holiday,15,generation,0.048680,sce_nbt2024
SCE,2026,2024,bundled,all,1,weekend_holiday,16,generation,0.057050,sce_nbt2024
SCE,2026,2024,bundled,all,1,weekend_holiday,17,generation,0.061770,sce_nbt2024
SCE,2026,2024,bundled,all,1,weekend_holiday,18,generation,0.062050,sce_nbt2024
SCE,2026,2024,bundled,all,1,weekend_holiday,19,generation,0.062200,sce_nbt2024
SCE,2026,2024,bundled,all,1,weekend_holiday,20,generation,0.062410,sce_nbt2024
SCE,2026,2024,bundled,all,1,weekend_holiday,21,generation,0.061180,sce_nbt2024
SCE,2026,2024,bundled,all,1,weekend_holiday,22,generation,0.056910,sce_nbt2024
SCE,2026,2024,bundled,all,1,weekend_holiday,23,generation,0.055610,sce_nbt2024
SCE,2026,2024,bundled,all,2,weekday,0,generation,0.057780,sce_nbt2024
SCE,2026,2024,bundled,all,2,weekday,1,generation,0.057510,sce_nbt2024
SCE,2026,2024,bundled,all,2,weekday,2,generation,0.056930,sce_nbt2024
SCE,2026,2024,bundled,all,2,weekday,3,generation,0.056770,sce_nbt2024
SCE,2026,2024,bundled,all,2,weekday,4,generation,0.057390,sce_nbt2024
SCE,2026,2024,bundled,all,2,weekday,5,generation,0.058190,sce_nbt2024
SCE,2026,2024,bundled,all,2,weekday,6,generation,0.061520,sce_nbt2024
SCE,2026,2024,bundled,all,2,weekday,7,generation,0.063440,sce_nbt2024
SCE,2026,2024,bundled,all,2,weekday,8,generation,0.055820,sce_nbt2024
SCE,2026,2024,bundled,all,2,weekday,9,generation,0.054060,sce_nbt2024
SCE,2026,2024,bundled,all,2,weekday,10,generation,0.052100,sce_nbt2024
SCE,2026,2024,bundled,all,2,weekday,11,generation,0.049530,sce_nbt2024
SCE,2026,2024,bundled,all,2,weekday,12,generation,0.048750,sce_nbt2024
SCE,2026,2024,bundled,all,2,weekday,13,generation,0.047260,sce_nbt2024
SCE,2026,2024,bundled,all,2,weekday,14,generation,0.048200,sce_nbt2024
SCE,2026,2024,bundled,all,2,weekday,15,generation,0.051770,sce_nbt2024
SCE,2026,2024,bundled,all,2,weekday,16,generation,0.065660,sce_nbt2024
SCE,2026,2024,bundled,all,2,weekday,17,generation,0.067110,sce_nbt2024
SCE,2026,2024,bundled,all,2,weekday,18,generation,0.063940,sce_nbt2024
SCE,2026,2024,bundled,all,2,weekday,19,generation,0.064800,sce_nbt2024
SCE,2026,2024,bundled,all,2,weekday,20,generation,0.064230,sce_nbt2024
SCE,2026,2024,bundled,all,2,weekday,21,generation,0.067020,sce_nbt2024
SCE,2026,2024,bundled,all,2,weekday,22,generation,0.061110,sce_nbt2024
SCE,2026,2024,bundled,all,2,weekday,23,generation,0.058780,sce_nbt2024
SCE,2026,2024,bundled,all,2,weekend_holiday,0,generation,0.056800,sce_nbt2024
SCE,2026,2024,bundled,all,2,weekend_holiday,1,generation,0.056520,sce_nbt2024
SCE,2026,2024,bundled,all,2,weekend_holiday,2,generation,0.055620,sce_nbt2024
SCE,2026,2024,bundled,all,2,weekend_holiday,3,generation,0.055180,sce_nbt2024
SCE,2026,2024,bundled,all,2,weekend_holiday,4,generation,0.055410,sce_nbt2024
SCE,2026,2024,bundled,all,2,weekend_holiday,5,generation,0.055920,sce_nbt2024
SCE,2026,2024,bundled,all,2,weekend_holiday,6,generation,0.059440,sce_nbt2024
SCE,2026,2024,bundled,all,2,weekend_holiday,7,generation,0.051280,sce_nbt2024
SCE,2026,2024,bundled,all,2,weekend_holiday,8,generation,0.034750,sce_nbt2024
SCE,2026,2024,bundled,all,2,weekend_holiday,9,generation,0.032430,sce_nbt2024
SCE,2026,2024,bundled,all,2,weekend_holiday,10,generation,0.032200,sce_nbt2024
SCE,2026,2024,bundled,all,2,weekend_holiday,11,generation,0.030510,sce_nbt2024
SCE,2026,2024,bundled,all,2,weekend_holiday,12,generation,0.031340,sce_nbt2024
SCE,2026,2024,bundled,all,2,weekend_holiday,13,generation,0.032250,sce_nbt2024
SCE,2026,2024,bundled,all,2,weekend_holiday,14,generation,0.032890,sce_nbt2024
SCE,2026,2024,bundled,all,2,weekend_holiday,15,generation,0.032780,sce_nbt2024
SCE,2026,2024,bundled,all,2,weekend_holiday,16,generation,0.059180,sce_nbt2024
SCE,2026,2024,bundled,all,2,weekend_holiday,17,generation,0.068550,sce_nbt2024
SCE,2026,2024,bundled,all,2,weekend_holiday,18,generation,0.068720,sce_nbt2024
SCE,2026,2024,bundled,all,2,weekend_holiday,19,generation,0.068090,sce_nbt2024
SCE,2026,2024,bundled,all,2,weekend_holiday,20,generation,0.068270,sce_nbt2024
SCE,2026,2024,bundled,all,2,weekend_holiday,21,generation,0.068340,sce_nbt2024
SCE,2026,2024,bundled,all,2,weekend_holiday,22,generation,0.060340,sce_nbt2024
SCE,2026,2024,bundled,all,2,weekend_holiday,23,generation,0.061910,sce_nbt2024
SCE,2026,2024,bundled,all,3,weekday,0,generation,0.051330,sce_nbt2024
SCE,2026,2024,bundled,all,3,weekday,1,generation,0.048460,sce_nbt2024
SCE,2026,2024,bundled,all,3,weekday,2,generation,0.050350,sce_nbt2024
SCE,2026,2024,bundled,all,3,weekday,3,generation,0.049750,sce_nbt2024
SCE,2026,2024,bundled,all,3,weekday,4,generation,0.049780,sce_nbt2024
SCE,2026,2024,bundled,all,3,weekday,5,generation,0.049640,sce_nbt2024
SCE,2026,2024,bundled,all,3,weekday,6,generation,0.054030,sce_nbt2024
SCE,2026,2024,bundled,all,3,weekday,7,generation,0.054390,sce_nbt2024
SCE,2026,2024,bundled,all,3,weekday,8,generation,0.047500,sce_nbt2024
SCE,2026,2024,bundled,all,3,weekday,9,generation,0.040490,sce_nbt2024
SCE,2026,2024,bundled,all,3,weekday,10,generation,0.038940,sce_nbt2024
SCE,2026,2024,bundled,all,3,weekday,11,generation,0.037140,sce_nbt2024
SCE,2026,2024,bundled,all,3,weekday,12,generation,0.035580,sce_nbt2024
SCE,2026,2024,bundled,all,3,weekday,13,generation,0.034620,sce_nbt2024
SCE,2026,2024,bundled,all,3,weekday,14,generation,0.034980,sce_nbt2024
SCE,2026,2024,bundled,all,3,weekday,15,generation,0.034960,sce_nbt2024
SCE,2026,2024,bundled,all,3,weekday,16,generation,0.039450,sce_nbt2024
SCE,2026,2024,bundled,all,3,weekday,17,generation,0.051440,sce_nbt2024
SCE,2026,2024,bundled,all,3,weekday,18,generation,0.062990,sce_nbt2024
SCE,2026,2024,bundled,all,3,weekday,19,generation,0.063510,sce_nbt2024
SCE,2026,2024,bundled,all,3,weekday,20,generation,0.060950,sce_nbt2024
SCE,2026,2024,bundled,all,3,weekday,21,generation,0.060360,sce_nbt2024
SCE,2026,2024,bundled,all,3,weekday,22,generation,0.059120,sce_nbt2024
SCE,2026,2024,bundled,all,3,weekday,23,generation,0.051570,sce_nbt2024
SCE,2026,2024,bundled,all,3,weekend_holiday,0,generation,0.048530,sce_nbt2024
SCE,2026,2024,bundled,all,3,weekend_holiday,1,generation,0.048510,sce_nbt2024
SCE,2026,2024,bundled,all,3,weekend_holiday,2,generation,0.051520,sce_nbt2024
SCE,2026,2024,bundled,all,3,weekend_holiday,3,generation,0.048880,sce_nbt2024
SCE,2026,2024,bundled,all,3,weekend_holiday,4,generation,0.048010,sce_nbt2024
SCE,2026,2024,bundled,all,3,weekend_holiday,5,generation,0.047030,sce_nbt2024
SCE,2026,2024,bundled,all,3,weekend_holiday,6,generation,0.045940,sce_nbt2024
SCE,2026,2024,bundled,all,3,weekend_holiday,7,generation,0.037460,sce_nbt2024
SCE,2026,2024,bundled,all,3,weekend_holiday,8,generation,0.019190,sce_nbt2024
SCE,2026,2024,bundled,all,3,weekend_holiday,9,generation,0.015650,sce_nbt2024
SCE,2026,2024,bundled,all,3,weekend_holiday,10,generation,0.013690,sce_nbt2024
SCE,2026,2024,bundled,all,3,weekend_holiday,11,generation,0.013700,sce_nbt2024
SCE,2026,2024,bundled,all,3,weekend_holiday,12,generation,0.014090,sce_nbt2024
SCE,2026,2024,bundled,all,3,weekend_holiday,13,generation,0.008440,sce_nbt2024
SCE,2026,2024,bundled,all,3,weekend_holiday,14,generation,0.007340,sce_nbt2024
SCE,2026,2024,bundled,all,3,weekend_holiday,15,generation,0.009910,sce_nbt2024
SCE,2026,2024,bundled,all,3,weekend_holiday,16,generation,0.013210,sce_nbt2024
SCE,2026,2024,bundled,all,3,weekend_holiday,17,generation,0.044700,sce_nbt2024
SCE,2026,2024,bundled,all,3,weekend_holiday,18,generation,0.065400,sce_nbt2024
SCE,2026,2024,bundled,all,3,weekend_holiday,19,generation,0.066530,sce_nbt2024
SCE,2026,2024,bundled,all,3,weekend_holiday,20,generation,0.064830,sce_nbt2024
SCE,2026,2024,bundled,all,3,weekend_holiday,21,generation,0.063240,sce_nbt2024
SCE,2026,2024,bundled,all,3,weekend_holiday,22,generation,0.061290,sce_nbt2024
SCE,2026,2024,bundled,all,3,weekend_holiday,23,generation,0.056760,sce_nbt2024
SCE,2026,2024,bundled,all,4,weekday,0,generation,0.058170,sce_nbt2024
SCE,2026,2024,bundled,all,4,weekday,1,generation,0.051970,sce_nbt2024
SCE,2026,2024,bundled,all,4,weekday,2,generation,0.049210,sce_nbt2024
SCE,2026,2024,bundled,all,4,weekday,3,generation,0.048080,sce_nbt2024
SCE,2026,2024,bundled,all,4,weekday,4,generation,0.049310,sce_nbt2024
SCE,2026,2024,bundled,all,4,weekday,5,generation,0.052170,sce_nbt2024
SCE,2026,2024,bundled,all,4,weekday,6,generation,0.054710,sce_nbt2024
SCE,2026,2024,bundled,all,4,weekday,7,generation,0.045500,sce_nbt2024
SCE,2026,2024,bundled,all,4,weekday,8,generation,0.014410,sce_nbt2024
SCE,2026,2024,bundled,all,4,weekday,9,generation,0.013070,sce_nbt2024
SCE,2026,2024,bundled,all,4,weekday,10,generation,0.011770,sce_nbt2024
SCE,2026,2024,bundled,all,4,weekday,11,generation,0.011030,sce_nbt2024
SCE,2026,2024,bundled,all,4,weekday,12,generation,0.010920,sce_nbt2024
SCE,2026,2024,bundled,all,4,weekday,13,generation,0.009880,sce_nbt2024
SCE,2026,2024,bundled,all,4,weekday,14,generation,0.010500,sce_nbt2024
SCE,2026,2024,bundled,all,4,weekday,15,generation,0.007830,sce_nbt2024
SCE,2026,2024,bundled,all,4,weekday,16,generation,0.011680,sce_nbt2024
SCE,2026,2024,bundled,all,4,weekday,17,generation,0.026270,sce_nbt2024
SCE,2026,2024,bundled,all,4,weekday,18,generation,0.062040,sce_nbt2024
SCE,2026,2024,bundled,all,4,weekday,19,generation,0.058120,sce_nbt2024
SCE,2026,2024,bundled,all,4,weekday,20,generation,0.055580,sce_nbt2024
SCE,2026,2024,bundled,all,4,weekday,21,generation,0.055660,sce_nbt2024
SCE,2026,2024,bundled,all,4,weekday,22,generation,0.055210,sce_nbt2024
SCE,2026,2024,bundled,all,4,weekday,23,generation,0.054320,sce_nbt2024
SCE,2026,2024,bundled,all,4,weekend_holiday,0,generation,0.050610,sce_nbt2024
SCE,2026,2024,bundled,all,4,weekend_holiday,1,generation,0.047700,sce_nbt2024
SCE,2026,2024,bundled,all,4,weekend_holiday,2,generation,0.040620,sce_nbt2024
SCE,2026,2024,bundled,all,4,weekend_holiday,3,generation,0.037660,sce_nbt2024
SCE,2026,2024,bundled,all,4,weekend_holiday,4,generation,0.037720,sce_nbt2024
SCE,2026,2024,bundled,all,4,weekend_holiday,5,generation,0.042750,sce_nbt2024
SCE,2026,2024,bundled,all,4,weekend_holiday,6,generation,0.050630,sce_nbt2024
SCE,2026,2024,bundled,all,4,weekend_holiday,7,generation,0.024720,sce_nbt2024
SCE,2026,2024,bundled,all,4,weekend_holiday,8,generation,0.005800,sce_nbt2024
SCE,2026,2024,bundled,all,4,weekend_holiday,9,generation,0.005790,sce_nbt2024
SCE,2026,2024,bundled,all,4,weekend_holiday,10,generation,0.005790,sce_nbt2024
SCE,2026,2024,bundled,all,4,weekend_holiday,11,generation,0.005790,sce_nbt2024
SCE,2026,2024,bundled,all,4,weekend_holiday,12,generation,0.009780,sce_nbt2024
SCE,2026,2024,bundled,all,4,weekend_holiday,13,generation,0.007050,sce_nbt2024
SCE,2026,2024,bundled,all,4,weekend_holiday,14,generation,0.003970,sce_nbt2024
SCE,2026,2024,bundled,all,4,weekend_holiday,15,generation,0.002060,sce_nbt2024
SCE,2026,2024,bundled,all,4,weekend_holiday,16,generation,0.000310,sce_nbt2024
SCE,2026,2024,bundled,all,4,weekend_holiday,17,generation,0.003550,sce_nbt2024
SCE,2026,2024,bundled,all,4,weekend_holiday,18,generation,0.066240,sce_nbt2024
SCE,2026,2024,bundled,all,4,weekend_holiday,19,generation,0.054590,sce_nbt2024
SCE,2026,2024,bundled,all,4,weekend_holiday,20,generation,0.052370,sce_nbt2024
SCE,2026,2024,bundled,all,4,weekend_holiday,21,generation,0.052670,sce_nbt2024
SCE,2026,2024,bundled,all,4,weekend_holiday,22,generation,0.053180,sce_nbt2024
SCE,2026,2024,bundled,all,4,weekend_holiday,23,generation,0.058120,sce_nbt2024
SCE,2026,2024,bundled,all,5,weekday,0,generation,0.061450,sce_nbt2024
SCE,2026,2024,bundled,all,5,weekday,1,generation,0.056340,sce_nbt2024
SCE,2026,2024,bundled,all,5,weekday,2,generation,0.055640,sce_nbt2024
SCE,2026,2024,bundled,all,5,weekday,3,generation,0.055290,sce_nbt2024
SCE,2026,2024,bundled,all,5,weekday,4,generation,0.056320,sce_nbt2024
SCE,2026,2024,bundled,all,5,weekday,5,generation,0.059130,sce_nbt2024
SCE,2026,2024,bundled,all,5,weekday,6,generation,0.060940,sce_nbt2024
SCE,2026,2024,bundled,all,5,weekday,7,generation,0.044910,sce_nbt2024
SCE,2026,2024,bundled,all,5,weekday,8,generation,0.030790,sce_nbt2024
SCE,2026,2024,bundled,all,5,weekday,9,generation,0.030400,sce_nbt2024
SCE,2026,2024,bundled,all,5,weekday,10,generation,0.028630,sce_nbt2024
SCE,2026,2024,bundled,all,5,weekday,11,generation,0.027710,sce_nbt2024
SCE,2026,2024,bundled,all,5,weekday,12,generation,0.025830,sce_nbt2024
SCE,2026,2024,bundled,all,5,weekday,13,generation,0.025940,sce_nbt2024
SCE,2026,2024,bundled,all,5,weekday,14,generation,0.026510,sce_nbt2024
SCE,2026,2024,bundled,all,5,weekday,15,generation,0.026300,sce_nbt2024
SCE,2026,2024,bundled,all,5,weekday,16,generation,0.028970,sce_nbt2024
SCE,2026,2024,bundled,all,5,weekday,17,generation,0.041180,sce_nbt2024
SCE,2026,2024,bundled,all,5,weekday,18,generation,0.059420,sce_nbt2024
SCE,2026,2024,bundled,all,5,weekday,19,generation,0.059510,sce_nbt2024
SCE,2026,2024,bundled,all,5,weekday,20,generation,0.058570,sce_nbt2024
SCE,2026,2024,bundled,all,5,weekday,21,generation,0.058270,sce_nbt2024
SCE,2026,2024,bundled,all,5,weekday,22,generation,0.058870,sce_nbt2024
SCE,2026,2024,bundled,all,5,weekday,23,generation,0.059050,sce_nbt2024
SCE,2026,2024,bundled,all,5,weekend_holiday,0,generation,0.058260,sce_nbt2024
SCE,2026,2024,bundled,all,5,weekend_holiday,1,generation,0.055470,sce_nbt2024
SCE,2026,2024,bundled,all,5,weekend_holiday,2,generation,0.054140,sce_nbt2024
SCE,2026,2024,bundled,all,5,weekend_holiday,3,generation,0.052750,sce_nbt2024
SCE,2026,2024,bundled,all,5,weekend_holiday,4,generation,0.054260,sce_nbt2024
SCE,2026,2024,bundled,all,5,weekend_holiday,5,generation,0.055100,sce_nbt2024
SCE,2026,2024,bundled,all,5,weekend_holiday,6,generation,0.047790,sce_nbt2024
SCE,2026,2024,bundled,all,5,weekend_holiday,7,generation,0.011700,sce_nbt2024
SCE,2026,2024,bundled,all,5,weekend_holiday,8,generation,0.009200,sce_nbt2024
SCE,2026,2024,bundled,all,5,weekend_holiday,9,generation,0.009200,sce_nbt2024
SCE,2026,2024,bundled,all,5,weekend_holiday,10,generation,0.009080,sce_nbt2024
SCE,2026,2024,bundled,all,5,weekend_holiday,11,generation,0.009060,sce_nbt2024
SCE,2026,2024,bundled,all,5,weekend_holiday,12,generation,0.009360,sce_nbt2024
SCE,2026,2024,bundled,all,5,weekend_holiday,13,generation,0.010800,sce_nbt2024
SCE,2026,2024,bundled,all,5,weekend_holiday,14,generation,0.008740,sce_nbt2024
SCE,2026,2024,bundled,all,5,weekend_holiday,15,generation,0.007440,sce_nbt2024
SCE,2026,2024,bundled,all,5,weekend_holiday,16,generation,0.004860,sce_nbt2024
SCE,2026,2024,bundled,all,5,weekend_holiday,17,generation,0.013090,sce_nbt2024
SCE,2026,2024,bundled,all,5,weekend_holiday,18,generation,0.057400,sce_nbt2024
SCE,2026,2024,bundled,all,5,weekend_holiday,19,generation,0.059020,sce_nbt2024
SCE,2026,2024,bundled,all,5,weekend_holiday,20,generation,0.057980,sce_nbt2024
SCE,2026,2024,bundled,all,5,weekend_holiday,21,generation,0.058640,sce_nbt2024
SCE,2026,2024,bundled,all,5,weekend_holiday,22,generation,0.060500,sce_nbt2024
SCE,2026,2024,bundled,all,5,weekend_holiday,23,generation,0.059430,sce_nbt2024
SCE,2026,2024,bundled,all,6,weekday,0,generation,0.052510,sce_nbt2024
SCE,2026,2024,bundled,all,6,weekday,1,generation,0.048860,sce_nbt2024
SCE,2026,2024,bundled,all,6,weekday,2,generation,0.049440,sce_nbt2024
SCE,2026,2024,bundled,all,6,weekday,3,generation,0.050030,sce_nbt2024
SCE,2026,2024,bundled,all,6,weekday,4,generation,0.049580,sce_nbt2024
SCE,2026,2024,bundled,all,6,weekday,5,generation,0.050320,sce_nbt2024
SCE,2026,2024,bundled,all,6,weekday,6,generation,0.050790,sce_nbt2024
SCE,2026,2024,bundled,all,6,weekday,7,generation,0.051740,sce_nbt2024
SCE,2026,2024,bundled,all,6,weekday,8,generation,0.051700,sce_nbt2024
SCE,2026,2024,bundled,all,6,weekday,9,generation,0.052720,sce_nbt2024
SCE,2026,2024,bundled,all,6,weekday,10,generation,0.051350,sce_nbt2024
SCE,2026,2024,bundled,all,6,weekday,11,generation,0.050400,sce_nbt2024
SCE,2026,2024,bundled,all,6,weekday,12,generation,0.049920,sce_nbt2024
SCE,2026,2024,bundled,all,6,weekday,13,generation,0.049700,sce_nbt2024
SCE,2026,2024,bundled,all,6,weekday,14,generation,0.049530,sce_nbt2024
SCE,2026,2024,bundled,all,6,weekday,15,generation,0.049970,sce_nbt2024
SCE,2026,2024,bundled,all,6,weekday,16,generation,0.050980,sce_nbt2024
SCE,2026,2024,bundled,all,6,weekday,17,generation,0.060430,sce_nbt2024
SCE,2026,2024,bundled,all,6,weekday,18,generation,0.062970,sce_nbt2024
SCE,2026,2024,bundled,all,6,weekday,19,generation,0.064700,sce_nbt2024
SCE,2026,2024,bundled,all,6,weekday,20,generation,0.065180,sce_nbt2024
SCE,2026,2024,bundled,all,6,weekday,21,generation,0.062510,sce_nbt2024
SCE,2026,2024,bundled,all,6,weekday,22,generation,0.063200,sce_nbt2024
SCE,2026,2024,bundled,all,6,weekday,23,generation,0.055790,sce_nbt2024
SCE,2026,2024,bundled,all,6,weekend_holiday,0,generation,0.053680,sce_nbt2024
SCE,2026,2024,bundled,all,6,weekend_holiday,1,generation,0.050450,sce_nbt2024
SCE,2026,2024,bundled,all,6,weekend_holiday,2,generation,0.051570,sce_nbt2024
SCE,2026,2024,bundled,all,6,weekend_holiday,3,generation,0.052870,sce_nbt2024
SCE,2026,2024,bundled,all,6,weekend_holiday,4,generation,0.052820,sce_nbt2024
SCE,2026,2024,bundled,all,6,weekend_holiday,5,generation,0.052600,sce_nbt2024
SCE,2026,2024,bundled,all,6,weekend_holiday,6,generation,0.054500,sce_nbt2024
SCE,2026,2024,bundled,all,6,weekend_holiday,7,generation,0.044890,sce_nbt2024
SCE,2026,2024,bundled,all,6,weekend_holiday,8,generation,0.036750,sce_nbt2024
SCE,2026,2024,bundled,all,6,weekend_holiday,9,generation,0.037620,sce_nbt2024
SCE,2026,2024,bundled,all,6,weekend_holiday,10,generation,0.038640,sce_nbt2024
SCE,2026,2024,bundled,all,6,weekend_holiday,11,generation,0.037030,sce_nbt2024
SCE,2026,2024,bundled,all,6,weekend_holiday,12,generation,0.034780,sce_nbt2024
SCE,2026,2024,bundled,all,6,weekend_holiday,13,generation,0.032620,sce_nbt2024
SCE,2026,2024,bundled,all,6,weekend_holiday,14,generation,0.032680,sce_nbt2024
SCE,2026,2024,bundled,all,6,weekend_holiday,15,generation,0.034500,sce_nbt2024
SCE,2026,2024,bundled,all,6,weekend_holiday,16,generation,0.035050,sce_nbt2024
SCE,2026,2024,bundled,all,6,weekend_holiday,17,generation,0.058370,sce_nbt2024
SCE,2026,2024,bundled,all,6,weekend_holiday,18,generation,0.065950,sce_nbt2024
SCE,2026,2024,bundled,all,6,weekend_holiday,19,generation,0.067290,sce_nbt2024
SCE,2026,2024,bundled,all,6,weekend_holiday,20,generation,0.067350,sce_nbt2024
SCE,2026,2024,bundled,all,6,weekend_holiday,21,generation,0.066010,sce_nbt2024
SCE,2026,2024,bundled,all,6,weekend_holiday,22,generation,0.065950,sce_nbt2024
SCE,2026,2024,bundled,all,6,weekend_holiday,23,generation,0.064350,sce_nbt2024
SCE,2026,2024,bundled,all,7,weekday,0,generation,0.058810,sce_nbt2024
SCE,2026,2024,bundled,all,7,weekday,1,generation,0.051270,sce_nbt2024
SCE,2026,2024,bundled,all,7,weekday,2,generation,0.051570,sce_nbt2024
SCE,2026,2024,bundled,all,7,weekday,3,generation,0.052040,sce_nbt2024
SCE,2026,2024,bundled,all,7,weekday,4,generation,0.052240,sce_nbt2024
SCE,2026,2024,bundled,all,7,weekday,5,generation,0.052260,sce_nbt2024
SCE,2026,2024,bundled,all,7,weekday,6,generation,0.052600,sce_nbt2024
SCE,2026,2024,bundled,all,7,weekday,7,generation,0.054110,sce_nbt2024
SCE,2026,2024,bundled,all,7,weekday,8,generation,0.055280,sce_nbt2024
SCE,2026,2024,bundled,all,7,weekday,9,generation,0.057930,sce_nbt2024
SCE,2026,2024,bundled,all,7,weekday,10,generation,0.057530,sce_nbt2024
SCE,2026,2024,bundled,all,7,weekday,11,generation,0.056570,sce_nbt2024
SCE,2026,2024,bundled,all,7,weekday,12,generation,0.056030,sce_nbt2024
SCE,2026,2024,bundled,all,7,weekday,13,generation,0.056310,sce_nbt2024
SCE,2026,2024,bundled,all,7,weekday,14,generation,0.055980,sce_nbt2024
SCE,2026,2024,bundled,all,7,weekday,15,generation,0.055590,sce_nbt2024
SCE,2026,2024,bundled,all,7,weekday,16,generation,0.058310,sce_nbt2024
SCE,2026,2024,bundled,all,7,weekday,17,generation,0.076300,sce_nbt2024
SCE,2026,2024,bundled,all,7,weekday,18,generation,0.074310,sce_nbt2024
SCE,2026,2024,bundled,all,7,weekday,19,generation,0.382510,sce_nbt2024
SCE,2026,2024,bundled,all,7,weekday,20,generation,0.155880,sce_nbt2024
SCE,2026,2024,bundled,all,7,weekday,21,generation,0.068320,sce_nbt2024
SCE,2026,2024,bundled,all,7,weekday,22,generation,0.067950,sce_nbt2024
SCE,2026,2024,bundled,all,7,weekday,23,generation,0.055370,sce_nbt2024
SCE,2026,2024,bundled,all,7,weekend_holiday,0,generation,0.055790,sce_nbt2024
SCE,2026,2024,bundled,all,7,weekend_holiday,1,generation,0.053540,sce_nbt2024
SCE,2026,2024,bundled,all,7,weekend_holiday,2,generation,0.053510,sce_nbt2024
SCE,2026,2024,bundled,all,7,weekend_holiday,3,generation,0.053370,sce_nbt2024
SCE,2026,2024,bundled,all,7,weekend_holiday,4,generation,0.053160,sce_nbt2024
SCE,2026,2024,bundled,all,7,weekend_holiday,5,generation,0.052920,sce_nbt2024
SCE,2026,2024,bundled,all,7,weekend_holiday,6,generation,0.052800,sce_nbt2024
SCE,2026,2024,bundled,all,7,weekend_holiday,7,generation,0.042390,sce_nbt2024
SCE,2026,2024,bundled,all,7,weekend_holiday,8,generation,0.041370,sce_nbt2024
SCE,2026,2024,bundled,all,7,weekend_holiday,9,generation,0.041320,sce_nbt2024
SCE,2026,2024,bundled,all,7,weekend_holiday,10,generation,0.040060,sce_nbt2024
SCE,2026,2024,bundled,all,7,weekend_holiday,11,generation,0.036810,sce_nbt2024
SCE,2026,2024,bundled,all,7,weekend_holiday,12,generation,0.035510,sce_nbt2024
SCE,2026,2024,bundled,all,7,weekend_holiday,13,generation,0.033740,sce_nbt2024
SCE,2026,2024,bundled,all,7,weekend_holiday,14,generation,0.035110,sce_nbt2024
SCE,2026,2024,bundled,all,7,weekend_holiday,15,generation,0.035660,sce_nbt2024
SCE,2026,2024,bundled,all,7,weekend_holiday,16,generation,0.036940,sce_nbt2024
SCE,2026,2024,bundled,all,7,weekend_holiday,17,generation,0.063000,sce_nbt2024
SCE,2026,2024,bundled,all,7,weekend_holiday,18,generation,0.100760,sce_nbt2024
SCE,2026,2024,bundled,all,7,weekend_holiday,19,generation,0.837620,sce_nbt2024
SCE,2026,2024,bundled,all,7,weekend_holiday,20,generation,0.275810,sce_nbt2024
SCE,2026,2024,bundled,all,7,weekend_holiday,21,generation,0.069800,sce_nbt2024
SCE,2026,2024,bundled,all,7,weekend_holiday,22,generation,0.069070,sce_nbt2024
SCE,2026,2024,bundled,all,7,weekend_holiday,23,generation,0.065470,sce_nbt2024
SCE,2026,2024,bundled,all,8,weekday,0,generation,0.057620,sce_nbt2024
SCE,2026,2024,bundled,all,8,weekday,1,generation,0.055350,sce_nbt2024
SCE,2026,2024,bundled,all,8,weekday,2,generation,0.055190,sce_nbt2024
SCE,2026,2024,bundled,all,8,weekday,3,generation,0.055030,sce_nbt2024
SCE,2026,2024,bundled,all,8,weekday,4,generation,0.055240,sce_nbt2024
SCE,2026,2024,bundled,all,8,weekday,5,generation,0.055720,sce_nbt2024
SCE,2026,2024,bundled,all,8,weekday,6,generation,0.055930,sce_nbt2024
SCE,2026,2024,bundled,all,8,weekday,7,generation,0.056630,sce_nbt2024
SCE,2026,2024,bundled,all,8,weekday,8,generation,0.058630,sce_nbt2024
SCE,2026,2024,bundled,all,8,weekday,9,generation,0.068500,sce_nbt2024
SCE,2026,2024,bundled,all,8,weekday,10,generation,0.066380,sce_nbt2024
SCE,2026,2024,bundled,all,8,weekday,11,generation,0.063960,sce_nbt2024
SCE,2026,2024,bundled,all,8,weekday,12,generation,0.062920,sce_nbt2024
SCE,2026,2024,bundled,all,8,weekday,13,generation,0.062830,sce_nbt2024
SCE,2026,2024,bundled,all,8,weekday,14,generation,0.063320,sce_nbt2024
SCE,2026,2024,bundled,all,8,weekday,15,generation,0.063410,sce_nbt2024
SCE,2026,2024,bundled,all,8,weekday,16,generation,0.062760,sce_nbt2024
SCE,2026,2024,bundled,all,8,weekday,17,generation,0.221130,sce_nbt2024
SCE,2026,2024,bundled,all,8,weekday,18,generation,0.528840,sce_nbt2024
SCE,2026,2024,bundled,all,8,weekday,19,generation,1.558170,sce_nbt2024
SCE,2026,2024,bundled,all,8,weekday,20,generation,0.572800,sce_nbt2024
SCE,2026,2024,bundled,all,8,weekday,21,generation,0.798410,sce_nbt2024
SCE,2026,2024,bundled,all,8,weekday,22,generation,0.606410,sce_nbt2024
SCE,2026,2024,bundled,all,8,weekday,23,generation,0.056200,sce_nbt2024
SCE,2026,2024,bundled,all,8,weekend_holiday,0,generation,0.054990,sce_nbt2024
SCE,2026,2024,bundled,all,8,weekend_holiday,1,generation,0.055050,sce_nbt2024
SCE,2026,2024,bundled,all,8,weekend_holiday,2,generation,0.053590,sce_nbt2024
SCE,2026,2024,bundled,all,8,weekend_holiday,3,generation,0.054000,sce_nbt2024
SCE,2026,2024,bundled,all,8,weekend_holiday,4,generation,0.053670,sce_nbt2024
SCE,2026,2024,bundled,all,8,weekend_holiday,5,generation,0.053290,sce_nbt2024
SCE,2026,2024,bundled,all,8,weekend_holiday,6,generation,0.052130,sce_nbt2024
SCE,2026,2024,bundled,all,8,weekend_holiday,7,generation,0.048920,sce_nbt2024
SCE,2026,2024,bundled,all,8,weekend_holiday,8,generation,0.051580,sce_nbt2024
SCE,2026,2024,bundled,all,8,weekend_holiday,9,generation,0.052460,sce_nbt2024
SCE,2026,2024,bundled,all,8,weekend_holiday,10,generation,0.052820,sce_nbt2024
SCE,2026,2024,bundled,all,8,weekend_holiday,11,generation,0.052890,sce_nbt2024
SCE,2026,2024,bundled,all,8,weekend_holiday,12,generation,0.051840,sce_nbt2024
SCE,2026,2024,bundled,all,8,weekend_holiday,13,generation,0.051170,sce_nbt2024
SCE,2026,2024,bundled,all,8,weekend_holiday,14,generation,0.050910,sce_nbt2024
SCE,2026,2024,bundled,all,8,weekend_holiday,15,generation,0.050980,sce_nbt2024
SCE,2026,2024,bundled,all,8,weekend_holiday,16,generation,0.053720,sce_nbt2024
SCE,2026,2024,bundled,all,8,weekend_holiday,17,generation,0.202580,sce_nbt2024
SCE,2026,2024,bundled,all,8,weekend_holiday,18,generation,0.495250,sce_nbt2024
SCE,2026,2024,bundled,all,8,weekend_holiday,19,generation,1.440470,sce_nbt2024
SCE,2026,2024,bundled,all,8,weekend_holiday,20,generation,0.535000,sce_nbt2024
SCE,2026,2024,bundled,all,8,weekend_holiday,21,generation,0.745760,sce_nbt2024
SCE,2026,2024,bundled,all,8,weekend_holiday,22,generation,0.566660,sce_nbt2024
SCE,2026,2024,bundled,all,8,weekend_holiday,23,generation,0.061430,sce_nbt2024
SCE,2026,2024,bundled,all,9,weekday,0,generation,0.064300,sce_nbt2024
SCE,2026,2024,bundled,all,9,weekday,1,generation,0.052270,sce_nbt2024
SCE,2026,2024,bundled,all,9,weekday,2,generation,0.052200,sce_nbt2024
SCE,2026,2024,bundled,all,9,weekday,3,generation,0.051910,sce_nbt2024
SCE,2026,2024,bundled,all,9,weekday,4,generation,0.051760,sce_nbt2024
SCE,2026,2024,bundled,all,9,weekday,5,generation,0.052110,sce_nbt2024
SCE,2026,2024,bundled,all,9,weekday,6,generation,0.053550,sce_nbt2024
SCE,2026,2024,bundled,all,9,weekday,7,generation,0.054830,sce_nbt2024
SCE,2026,2024,bundled,all,9,weekday,8,generation,0.052440,sce_nbt2024
SCE,2026,2024,bundled,all,9,weekday,9,generation,0.055630,sce_nbt2024
SCE,2026,2024,bundled,all,9,weekday,10,generation,0.054450,sce_nbt2024
SCE,2026,2024,bundled,all,9,weekday,11,generation,0.053680,sce_nbt2024
SCE,2026,2024,bundled,all,9,weekday,12,generation,0.053030,sce_nbt2024
SCE,2026,2024,bundled,all,9,weekday,13,generation,0.053820,sce_nbt2024
SCE,2026,2024,bundled,all,9,weekday,14,generation,0.053260,sce_nbt2024
SCE,2026,2024,bundled,all,9,weekday,15,generation,0.053200,sce_nbt2024
SCE,2026,2024,bundled,all,9,weekday,16,generation,0.056650,sce_nbt2024
SCE,2026,2024,bundled,all,9,weekday,17,generation,0.078990,sce_nbt2024
SCE,2026,2024,bundled,all,9,weekday,18,generation,2.116240,sce_nbt2024
SCE,2026,2024,bundled,all,9,weekday,19,generation,2.402720,sce_nbt2024
SCE,2026,2024,bundled,all,9,weekday,20,generation,0.143420,sce_nbt2024
SCE,2026,2024,bundled,all,9,weekday,21,generation,0.063560,sce_nbt2024
SCE,2026,2024,bundled,all,9,weekday,22,generation,0.062300,sce_nbt2024
SCE,2026,2024,bundled,all,9,weekday,23,generation,0.053550,sce_nbt2024
SCE,2026,2024,bundled,all,9,weekend_holiday,0,generation,0.053790,sce_nbt2024
SCE,2026,2024,bundled,all,9,weekend_holiday,1,generation,0.053210,sce_nbt2024
SCE,2026,2024,bundled,all,9,weekend_holiday,2,generation,0.052420,sce_nbt2024
SCE,2026,2024,bundled,all,9,weekend_holiday,3,generation,0.052410,sce_nbt2024
SCE,2026,2024,bundled,all,9,weekend_holiday,4,generation,0.051610,sce_nbt2024
SCE,2026,2024,bundled,all,9,weekend_holiday,5,generation,0.051420,sce_nbt2024
SCE,2026,2024,bundled,all,9,weekend_holiday,6,generation,0.050580,sce_nbt2024
SCE,2026,2024,bundled,all,9,weekend_holiday,7,generation,0.047260,sce_nbt2024
SCE,2026,2024,bundled,all,9,weekend_holiday,8,generation,0.043890,sce_nbt2024
SCE,2026,2024,bundled,all,9,weekend_holiday,9,generation,0.045570,sce_nbt2024
SCE,2026,2024,bundled,all,9,weekend_holiday,10,generation,0.046670,sce_nbt2024
SCE,2026,2024,bundled,all,9,weekend_holiday,11,generation,0.046060,sce_nbt2024
SCE,2026,2024,bundled,all,9,weekend_holiday,12,generation,0.043480,sce_nbt2024
SCE,2026,2024,bundled,all,9,weekend_holiday,13,generation,0.040930,sce_nbt2024
SCE,2026,2024,bundled,all,9,weekend_holiday,14,generation,0.041240,sce_nbt2024
SCE,2026,2024,bundled,all,9,weekend_holiday,15,generation,0.043990,sce_nbt2024
SCE,2026,2024,bundled,all,9,weekend_holiday,16,generation,0.048270,sce_nbt2024
SCE,2026,2024,bundled,all,9,weekend_holiday,17,generation,0.070990,sce_nbt2024
SCE,2026,2024,bundled,all,9,weekend_holiday,18,generation,1.861440,sce_nbt2024
SCE,2026,2024,bundled,all,9,weekend_holiday,19,generation,2.112550,sce_nbt2024
SCE,2026,2024,bundled,all,9,weekend_holiday,20,generation,0.135440,sce_nbt2024
SCE,2026,2024,bundled,all,9,weekend_holiday,21,generation,0.065490,sce_nbt2024
SCE,2026,2024,bundled,all,9,weekend_holiday,22,generation,0.063400,sce_nbt2024
SCE,2026,2024,bundled,all,9,weekend_holiday,23,generation,0.053430,sce_nbt2024
SCE,2026,2024,bundled,all,10,weekday,0,generation,0.063300,sce_nbt2024
SCE,2026,2024,bundled,all,10,weekday,1,generation,0.052640,sce_nbt2024
SCE,2026,2024,bundled,all,10,weekday,2,generation,0.052980,sce_nbt2024
SCE,2026,2024,bundled,all,10,weekday,3,generation,0.052800,sce_nbt2024
SCE,2026,2024,bundled,all,10,weekday,4,generation,0.052710,sce_nbt2024
SCE,2026,2024,bundled,all,10,weekday,5,generation,0.053190,sce_nbt2024
SCE,2026,2024,bundled,all,10,weekday,6,generation,0.053650,sce_nbt2024
SCE,2026,2024,bundled,all,10,weekday,7,generation,0.055250,sce_nbt2024
SCE,2026,2024,bundled,all,10,weekday,8,generation,0.052880,sce_nbt2024
SCE,2026,2024,bundled,all,10,weekday,9,generation,0.053880,sce_nbt2024
SCE,2026,2024,bundled,all,10,weekday,10,generation,0.054380,sce_nbt2024
SCE,2026,2024,bundled,all,10,weekday,11,generation,0.053800,sce_nbt2024
SCE,2026,2024,bundled,all,10,weekday,12,generation,0.053480,sce_nbt2024
SCE,2026,2024,bundled,all,10,weekday,13,generation,0.053030,sce_nbt2024
SCE,2026,2024,bundled,all,10,weekday,14,generation,0.054720,sce_nbt2024
SCE,2026,2024,bundled,all,10,weekday,15,generation,0.055770,sce_nbt2024
SCE,2026,2024,bundled,all,10,weekday,16,generation,0.057980,sce_nbt2024
SCE,2026,2024,bundled,all,10,weekday,17,generation,0.062910,sce_nbt2024
SCE,2026,2024,bundled,all,10,weekday,18,generation,0.056010,sce_nbt2024
SCE,2026,2024,bundled,all,10,weekday,19,generation,0.055920,sce_nbt2024
SCE,2026,2024,bundled,all,10,weekday,20,generation,0.056220,sce_nbt2024
SCE,2026,2024,bundled,all,10,weekday,21,generation,0.056600,sce_nbt2024
SCE,2026,2024,bundled,all,10,weekday,22,generation,0.054730,sce_nbt2024
SCE,2026,2024,bundled,all,10,weekday,23,generation,0.053300,sce_nbt2024
SCE,2026,2024,bundled,all,10,weekend_holiday,0,generation,0.052680,sce_nbt2024
SCE,2026,2024,bundled,all,10,weekend_holiday,1,generation,0.052530,sce_nbt2024
SCE,2026,2024,bundled,all,10,weekend_holiday,2,generation,0.051390,sce_nbt2024
SCE,2026,2024,bundled,all,10,weekend_holiday,3,generation,0.051460,sce_nbt2024
SCE,2026,2024,bundled,all,10,weekend_holiday,4,generation,0.050480,sce_nbt2024
SCE,2026,2024,bundled,all,10,weekend_holiday,5,generation,0.050200,sce_nbt2024
SCE,2026,2024,bundled,all,10,weekend_holiday,6,generation,0.049750,sce_nbt2024
SCE,2026,2024,bundled,all,10,weekend_holiday,7,generation,0.046510,sce_nbt2024
SCE,2026,2024,bundled,all,10,weekend_holiday,8,generation,0.040850,sce_nbt2024
SCE,2026,2024,bundled,all,10,weekend_holiday,9,generation,0.041020,sce_nbt2024
SCE,2026,2024,bundled,all,10,weekend_holiday,10,generation,0.041240,sce_nbt2024
SCE,2026,2024,bundled,all,10,weekend_holiday,11,generation,0.041910,sce_nbt2024
SCE,2026,2024,bundled,all,10,weekend_holiday,12,generation,0.041850,sce_nbt2024
SCE,2026,2024,bundled,all,10,weekend_holiday,13,generation,0.039800,sce_nbt2024
SCE,2026,2024,bundled,all,10,weekend_holiday,14,generation,0.039820,sce_nbt2024
SCE,2026,2024,bundled,all,10,weekend_holiday,15,generation,0.042670,sce_nbt2024
SCE,2026,2024,bundled,all,10,weekend_holiday,16,generation,0.046540,sce_nbt2024
SCE,2026,2024,bundled,all,10,weekend_holiday,17,generation,0.075500,sce_nbt2024
SCE,2026,2024,bundled,all,10,weekend_holiday,18,generation,0.067910,sce_nbt2024
SCE,2026,2024,bundled,all,10,weekend_holiday,19,generation,0.066600,sce_nbt2024
SCE,2026,2024,bundled,all,10,weekend_holiday,20,generation,0.065860,sce_nbt2024
SCE,2026,2024,bundled,all,10,weekend_holiday,21,generation,0.065600,sce_nbt2024
SCE,2026,2024,bundled,all,10,weekend_holiday,22,generation,0.063620,sce_nbt2024
SCE,2026,2024,bundled,all,10,weekend_holiday,23,generation,0.061990,sce_nbt2024
SCE,2026,2024,bundled,all,11,weekday,0,generation,0.051250,sce_nbt2024
SCE,2026,2024,bundled,all,11,weekday,1,generation,0.051400,sce_nbt2024
SCE,2026,2024,bundled,all,11,weekday,2,generation,0.051010,sce_nbt2024
SCE,2026,2024,bundled,all,11,weekday,3,generation,0.050900,sce_nbt2024
SCE,2026,2024,bundled,all,11,weekday,4,generation,0.051080,sce_nbt2024
SCE,2026,2024,bundled,all,11,weekday,5,generation,0.052040,sce_nbt2024
SCE,2026,2024,bundled,all,11,weekday,6,generation,0.054260,sce_nbt2024
SCE,2026,2024,bundled,all,11,weekday,7,generation,0.053730,sce_nbt2024
SCE,2026,2024,bundled,all,11,weekday,8,generation,0.054680,sce_nbt2024
SCE,2026,2024,bundled,all,11,weekday,9,generation,0.054710,sce_nbt2024
SCE,2026,2024,bundled,all,11,weekday,10,generation,0.054050,sce_nbt2024
SCE,2026,2024,bundled,all,11,weekday,11,generation,0.053420,sce_nbt2024
SCE,2026,2024,bundled,all,11,weekday,12,generation,0.052700,sce_nbt2024
SCE,2026,2024,bundled,all,11,weekday,13,generation,0.054360,sce_nbt2024
SCE,2026,2024,bundled,all,11,weekday,14,generation,0.054100,sce_nbt2024
SCE,2026,2024,bundled,all,11,weekday,15,generation,0.057410,sce_nbt2024
SCE,2026,2024,bundled,all,11,weekday,16,generation,0.061140,sce_nbt2024
SCE,2026,2024,bundled,all,11,weekday,17,generation,0.058220,sce_nbt2024
SCE,2026,2024,bundled,all,11,weekday,18,generation,0.057190,sce_nbt2024
SCE,2026,2024,bundled,all,11,weekday,19,generation,0.058360,sce_nbt2024
SCE,2026,2024,bundled,all,11,weekday,20,generation,0.059540,sce_nbt2024
SCE,2026,2024,bundled,all,11,weekday,21,generation,0.058780,sce_nbt2024
SCE,2026,2024,bundled,all,11,weekday,22,generation,0.053110,sce_nbt2024
SCE,2026,2024,bundled,all,11,weekday,23,generation,0.052560,sce_nbt2024
SCE,2026,2024,bundled,all,11,weekend_holiday,0,generation,0.051140,sce_nbt2024
SCE,2026,2024,bundled,all,11,weekend_holiday,1,generation,0.050420,sce_nbt2024
SCE,2026,2024,bundled,all,11,weekend_holiday,2,generation,0.049210,sce_nbt2024
SCE,2026,2024,bundled,all,11,weekend_holiday,3,generation,0.048930,sce_nbt2024
SCE,2026,2024,bundled,all,11,weekend_holiday,4,generation,0.048160,sce_nbt2024
SCE,2026,2024,bundled,all,11,weekend_holiday,5,generation,0.047840,sce_nbt2024
SCE,2026,2024,bundled,all,11,weekend_holiday,6,generation,0.047470,sce_nbt2024
SCE,2026,2024,bundled,all,11,weekend_holiday,7,generation,0.039630,sce_nbt2024
SCE,2026,2024,bundled,all,11,weekend_holiday,8,generation,0.039180,sce_nbt2024
SCE,2026,2024,bundled,all,11,weekend_holiday,9,generation,0.038920,sce_nbt2024
SCE,2026,2024,bundled,all,11,weekend_holiday,10,generation,0.039350,sce_nbt2024
SCE,2026,2024,bundled,all,11,weekend_holiday,11,generation,0.039190,sce_nbt2024
SCE,2026,2024,bundled,all,11,weekend_holiday,12,generation,0.039350,sce_nbt2024
SCE,2026,2024,bundled,all,11,weekend_holiday,13,generation,0.038820,sce_nbt2024
SCE,2026,2024,bundled,all,11,weekend_holiday,14,generation,0.041250,sce_nbt2024
SCE,2026,2024,bundled,all,11,weekend_holiday,15,generation,0.047080,sce_nbt2024
SCE,2026,2024,bundled,all,11,weekend_holiday,16,generation,0.059760,sce_nbt2024
SCE,2026,2024,bundled,all,11,weekend_holiday,17,generation,0.062990,sce_nbt2024
SCE,2026,2024,bundled,all,11,weekend_holiday,18,generation,0.061330,sce_nbt2024
SCE,2026,2024,bundled,all,11,weekend_holiday,19,generation,0.062520,sce_nbt2024
SCE,2026,2024,bundled,all,11,weekend_holiday,20,generation,0.061820,sce_nbt2024
SCE,2026,2024,bundled,all,11,weekend_holiday,21,generation,0.059010,sce_nbt2024
SCE,2026,2024,bundled,all,11,weekend_holiday,22,generation,0.055570,sce_nbt2024
SCE,2026,2024,bundled,all,11,weekend_holiday,23,generation,0.054820,sce_nbt2024
SCE,2026,2024,bundled,all,12,weekday,0,generation,0.054830,sce_nbt2024
SCE,2026,2024,bundled,all,12,weekday,1,generation,0.054780,sce_nbt2024
SCE,2026,2024,bundled,all,12,weekday,2,generation,0.054190,sce_nbt2024
SCE,2026,2024,bundled,all,12,weekday,3,generation,0.053830,sce_nbt2024
SCE,2026,2024,bundled,all,12,weekday,4,generation,0.054490,sce_nbt2024
SCE,2026,2024,bundled,all,12,weekday,5,generation,0.055300,sce_nbt2024
SCE,2026,2024,bundled,all,12,weekday,6,generation,0.057490,sce_nbt2024
SCE,2026,2024,bundled,all,12,weekday,7,generation,0.059140,sce_nbt2024
SCE,2026,2024,bundled,all,12,weekday,8,generation,0.059890,sce_nbt2024
SCE,2026,2024,bundled,all,12,weekday,9,generation,0.060850,sce_nbt2024
SCE,2026,2024,bundled,all,12,weekday,10,generation,0.059050,sce_nbt2024
SCE,2026,2024,bundled,all,12,weekday,11,generation,0.058240,sce_nbt2024
SCE,2026,2024,bundled,all,12,weekday,12,generation,0.056970,sce_nbt2024
SCE,2026,2024,bundled,all,12,weekday,13,generation,0.056410,sce_nbt2024
SCE,2026,2024,bundled,all,12,weekday,14,generation,0.056610,sce_nbt2024
SCE,2026,2024,bundled,all,12,weekday,15,generation,0.058450,sce_nbt2024
SCE,2026,2024,bundled,all,12,weekday,16,generation,0.063200,sce_nbt2024
SCE,2026,2024,bundled,all,12,weekday,17,generation,0.062300,sce_nbt2024
SCE,2026,2024,bundled,all,12,weekday,18,generation,0.061990,sce_nbt2024
SCE,2026,2024,bundled,all,12,weekday,19,generation,0.063690,sce_nbt2024
SCE,2026,2024,bundled,all,12,weekday,20,generation,0.064480,sce_nbt2024
SCE,2026,2024,bundled,all,12,weekday,21,generation,0.062330,sce_nbt2024
SCE,2026,2024,bundled,all,12,weekday,22,generation,0.056430,sce_nbt2024
SCE,2026,2024,bundled,all,12,weekday,23,generation,0.056260,sce_nbt2024
SCE,2026,2024,bundled,all,12,weekend_holiday,0,generation,0.056100,sce_nbt2024
SCE,2026,2024,bundled,all,12,weekend_holiday,1,generation,0.055670,sce_nbt2024
SCE,2026,2024,bundled,all,12,weekend_holiday,2,generation,0.055580,sce_nbt2024
SCE,2026,2024,bundled,all,12,weekend_holiday,3,generation,0.055360,sce_nbt2024
SCE,2026,2024,bundled,all,12,weekend_holiday,4,generation,0.055050,sce_nbt2024
SCE,2026,2024,bundled,all,12,weekend_holiday,5,generation,0.055020,sce_nbt2024
SCE,2026,2024,bundled,all,12,weekend_holiday,6,generation,0.055260,sce_nbt2024
SCE,2026,2024,bundled,all,12,weekend_holiday,7,generation,0.053490,sce_nbt2024
SCE,2026,2024,bundled,all,12,weekend_holiday,8,generation,0.052020,sce_nbt2024
SCE,2026,2024,bundled,all,12,weekend_holiday,9,generation,0.051890,sce_nbt2024
SCE,2026,2024,bundled,all,12,weekend_holiday,10,generation,0.052330,sce_nbt2024
SCE,2026,2024,bundled,all,12,weekend_holiday,11,generation,0.051810,sce_nbt2024
SCE,2026,2024,bundled,all,12,weekend_holiday,12,generation,0.050310,sce_nbt2024
SCE,2026,2024,bundled,all,12,weekend_holiday,13,generation,0.050250,sce_nbt2024
SCE,2026,2024,bundled,all,12,weekend_holiday,14,generation,0.050260,sce_nbt2024
SCE,2026,2024,bundled,all,12,weekend_holiday,15,generation,0.051100,sce_nbt2024
SCE,2026,2024,bundled,all,12,weekend_holiday,16,generation,0.057520,sce_nbt2024
SCE,2026,2024,bundled,all,12,weekend_holiday,17,generation,0.061830,sce_nbt2024
SCE,2026,2024,bundled,all,12,weekend_holiday,18,generation,0.063450,sce_nbt2024
SCE,2026,2024,bundled,all,12,weekend_holiday,19,generation,0.063530,sce_nbt2024
SCE,2026,2024,bundled,all,12,weekend_holiday,20,generation,0.061010,sce_nbt2024
SCE,2026,2024,bundled,all,12,weekend_holiday,21,generation,0.057640,sce_nbt2024
SCE,2026,2024,bundled,all,12,weekend_holiday,22,generation,0.056820,sce_nbt2024
SCE,2026,2024,bundled,all,12,weekend_holiday,23,generation,0.057310,sce_nbt2024
SCE,2026,2024,bundled,all,1,weekday,0,total,0.059580,sce_nbt2024
SCE,2026,2024,bundled,all,1,weekday,1,total,0.059880,sce_nbt2024
SCE,2026,2024,bundled,all,1,weekday,2,total,0.059120,sce_nbt2024
SCE,2026,2024,bundled,all,1,weekday,3,total,0.058670,sce_nbt2024
SCE,2026,2024,bundled,all,1,weekday,4,total,0.059280,sce_nbt2024
SCE,2026,2024,bundled,all,1,weekday,5,total,0.059660,sce_nbt2024
SCE,2026,2024,bundled,all,1,weekday,6,total,0.062280,sce_nbt2024
SCE,2026,2024,bundled,all,1,weekday,7,total,0.063890,sce_nbt2024
SCE,2026,2024,bundled,all,1,weekday,8,total,0.064200,sce_nbt2024
SCE,2026,2024,bundled,all,1,weekday,9,total,0.064370,sce_nbt2024
SCE,2026,2024,bundled,all,1,weekday,10,total,0.062720,sce_nbt2024
SCE,2026,2024,bundled,all,1,weekday,11,total,0.061580,sce_nbt2024
SCE,2026,2024,bundled,all,1,weekday,12,total,0.061020,sce_nbt2024
SCE,2026,2024,bundled,all,1,weekday,13,total,0.060260,sce_nbt2024
SCE,2026,2024,bundled,all,1,weekday,14,total,0.060450,sce_nbt2024
SCE,2026,2024,bundled,all,1,weekday,15,total,0.061720,sce_nbt2024
SCE,2026,2024,bundled,all,1,weekday,16,total,0.067550,sce_nbt2024
SCE,2026,2024,bundled,all,1,weekday,17,total,0.068200,sce_nbt2024
SCE,2026,2024,bundled,all,1,weekday,18,total,0.070270,sce_nbt2024
SCE,2026,2024,bundled,all,1,weekday,19,total,0.071620,sce_nbt2024
SCE,2026,2024,bundled,all,1,weekday,20,total,0.071040,sce_nbt2024
SCE,2026,2024,bundled,all,1,weekday,21,total,0.069480,sce_nbt2024
SCE,2026,2024,bundled,all,1,weekday,22,total,0.062700,sce_nbt2024
SCE,2026,2024,bundled,all,1,weekday,23,total,0.060230,sce_nbt2024
SCE,2026,2024,bundled,all,1,weekend_holiday,0,total,0.058190,sce_nbt2024
SCE,2026,2024,bundled,all,1,weekend_holiday,1,total,0.056990,sce_nbt2024
SCE,2026,2024,bundled,all,1,weekend_holiday,2,total,0.057450,sce_nbt2024
SCE,2026,2024,bundled,all,1,weekend_holiday,3,total,0.056460,sce_nbt2024
SCE,2026,2024,bundled,all,1,weekend_holiday,4,total,0.056160,sce_nbt2024
SCE,2026,2024,bundled,all,1,weekend_holiday,5,total,0.053890,sce_nbt2024
SCE,2026,2024,bundled,all,1,weekend_holiday,6,total,0.055080,sce_nbt2024
SCE,2026,2024,bundled,all,1,weekend_holiday,7,total,0.056340,sce_nbt2024
SCE,2026,2024,bundled,all,1,weekend_holiday,8,total,0.051090,sce_nbt2024
SCE,2026,2024,bundled,all,1,weekend_holiday,9,total,0.048870,sce_nbt2024
SCE,2026,2024,bundled,all,1,weekend_holiday,10,total,0.048610,sce_nbt2024
SCE,2026,2024,bundled,all,1,weekend_holiday,11,total,0.048080,sce_nbt2024
SCE,2026,2024,bundled,all,1,weekend_holiday,12,total,0.046280,sce_nbt2024
SCE,2026,2024,bundled,all,1,weekend_holiday,13,total,0.047790,sce_nbt2024
SCE,2026,2024,bundled,all,1,weekend_holiday,14,total,0.049890,sce_nbt2024
SCE,2026,2024,bundled,all,1,weekend_holiday,15,total,0.051610,sce_nbt2024
SCE,2026,2024,bundled,all,1,weekend_holiday,16,total,0.062430,sce_nbt2024
SCE,2026,2024,bundled,all,1,weekend_holiday,17,total,0.067030,sce_nbt2024
SCE,2026,2024,bundled,all,1,weekend_holiday,18,total,0.068830,sce_nbt2024
SCE,2026,2024,bundled,all,1,weekend_holiday,19,total,0.069090,sce_nbt2024
SCE,2026,2024,bundled,all,1,weekend_holiday,20,total,0.068740,sce_nbt2024
SCE,2026,2024,bundled,all,1,weekend_holiday,21,total,0.068460,sce_nbt2024
SCE,2026,2024,bundled,all,1,weekend_holiday,22,total,0.061410,sce_nbt2024
SCE,2026,2024,bundled,all,1,weekend_holiday,23,total,0.060860,sce_nbt2024
SCE,2026,2024,bundled,all,2,weekday,0,total,0.061710,sce_nbt2024
SCE,2026,2024,bundled,all,2,weekday,1,total,0.061440,sce_nbt2024
SCE,2026,2024,bundled,all,2,weekday,2,total,0.060810,sce_nbt2024
SCE,2026,2024,bundled,all,2,weekday,3,total,0.060780,sce_nbt2024
SCE,2026,2024,bundled,all,2,weekday,4,total,0.061530,sce_nbt2024
SCE,2026,2024,bundled,all,2,weekday,5,total,0.062240,sce_nbt2024
SCE,2026,2024,bundled,all,2,weekday,6,total,0.066150,sce_nbt2024
SCE,2026,2024,bundled,all,2,weekday,7,total,0.068470,sce_nbt2024
SCE,2026,2024,bundled,all,2,weekday,8,total,0.060800,sce_nbt2024
SCE,2026,2024,bundled,all,2,weekday,9,total,0.059390,sce_nbt2024
SCE,2026,2024,bundled,all,2,weekday,10,total,0.056290,sce_nbt2024
SCE,2026,2024,bundled,all,2,weekday,11,total,0.053650,sce_nbt2024
SCE,2026,2024,bundled,all,2,weekday,12,total,0.052450,sce_nbt2024
SCE,2026,2024,bundled,all,2,weekday,13,total,0.050720,sce_nbt2024
SCE,2026,2024,bundled,all,2,weekday,14,total,0.052090,sce_nbt2024
SCE,2026,2024,bundled,all,2,weekday,15,total,0.056020,sce_nbt2024
SCE,2026,2024,bundled,all,2,weekday,16,total,0.071020,sce_nbt2024
SCE,2026,2024,bundled,all,2,weekday,17,total,0.072880,sce_nbt2024
SCE,2026,2024,bundled,all,2,weekday,18,total,0.071520,sce_nbt2024
SCE,2026,2024,bundled,all,2,weekday,19,total,0.073440,sce_nbt2024
SCE,2026,2024,bundled,all,2,weekday,20,total,0.072320,sce_nbt2024
SCE,2026,2024,bundled,all,2,weekday,21,total,0.073840,sce_nbt2024
SCE,2026,2024,bundled,all,2,weekday,22,total,0.067130,sce_nbt2024
SCE,2026,2024,bundled,all,2,weekday,23,total,0.063870,sce_nbt2024
SCE,2026,2024,bundled,all,2,weekend_holiday,0,total,0.061280,sce_nbt2024
SCE,2026,2024,bundled,all,2,weekend_holiday,1,total,0.061000,sce_nbt2024
SCE,2026,2024,bundled,all,2,weekend_holiday,2,total,0.059940,sce_nbt2024
SCE,2026,2024,bundled,all,2,weekend_holiday,3,total,0.059610,sce_nbt2024
SCE,2026,2024,bundled,all,2,weekend_holiday,4,total,0.059950,sce_nbt2024
SCE,2026,2024,bundled,all,2,weekend_holiday,5,total,0.060510,sce_nbt2024
SCE,2026,2024,bundled,all,2,weekend_holiday,6,total,0.064410,sce_nbt2024
SCE,2026,2024,bundled,all,2,weekend_holiday,7,total,0.054890,sce_nbt2024
SCE,2026,2024,bundled,all,2,weekend_holiday,8,total,0.036620,sce_nbt2024
SCE,2026,2024,bundled,all,2,weekend_holiday,9,total,0.034640,sce_nbt2024
SCE,2026,2024,bundled,all,2,weekend_holiday,10,total,0.034340,sce_nbt2024
SCE,2026,2024,bundled,all,2,weekend_holiday,11,total,0.033540,sce_nbt2024
SCE,2026,2024,bundled,all,2,weekend_holiday,12,total,0.033020,sce_nbt2024
SCE,2026,2024,bundled,all,2,weekend_holiday,13,total,0.033470,sce_nbt2024
SCE,2026,2024,bundled,all,2,weekend_holiday,14,total,0.034180,sce_nbt2024
SCE,2026,2024,bundled,all,2,weekend_holiday,15,total,0.034380,sce_nbt2024
SCE,2026,2024,bundled,all,2,weekend_holiday,16,total,0.063940,sce_nbt2024
SCE,2026,2024,bundled,all,2,weekend_holiday,17,total,0.074930,sce_nbt2024
SCE,2026,2024,bundled,all,2,weekend_holiday,18,total,0.076820,sce_nbt2024
SCE,2026,2024,bundled,all,2,weekend_holiday,19,total,0.076500,sce_nbt2024
SCE,2026,2024,bundled,all,2,weekend_holiday,20,total,0.078600,sce_nbt2024
SCE,2026,2024,bundled,all,2,weekend_holiday,21,total,0.075900,sce_nbt2024
SCE,2026,2024,bundled,all,2,weekend_holiday,22,total,0.065900,sce_nbt2024
SCE,2026,2024,bundled,all,2,weekend_holiday,23,total,0.067400,sce_nbt2024
SCE,2026,2024,bundled,all,3,weekday,0,total,0.054900,sce_nbt2024
SCE,2026,2024,bundled,all,3,weekday,1,total,0.051620,sce_nbt2024
SCE,2026,2024,bundled,all,3,weekday,2,total,0.053740,sce_nbt2024
SCE,2026,2024,bundled,all,3,weekday,3,total,0.053070,sce_nbt2024
SCE,2026,2024,bundled,all,3,weekday,4,total,0.053110,sce_nbt2024
SCE,2026,2024,bundled,all,3,weekday,5,total,0.052960,sce_nbt2024
SCE,2026,2024,bundled,all,3,weekday,6,total,0.058010,sce_nbt2024
SCE,2026,2024,bundled,all,3,weekday,7,total,0.059040,sce_nbt2024
SCE,2026,2024,bundled,all,3,weekday,8,total,0.052100,sce_nbt2024
SCE,2026,2024,bundled,all,3,weekday,9,total,0.045070,sce_nbt2024
SCE,2026,2024,bundled,all,3,weekday,10,total,0.043360,sce_nbt2024
SCE,2026,2024,bundled,all,3,weekday,11,total,0.041250,sce_nbt2024
SCE,2026,2024,bundled,all,3,weekday,12,total,0.039580,sce_nbt2024
SCE,2026,2024,bundled,all,3,weekday,13,total,0.039040,sce_nbt2024
SCE,2026,2024,bundled,all,3,weekday,14,total,0.039560,sce_nbt2024
SCE,2026,2024,bundled,all,3,weekday,15,total,0.039690,sce_nbt2024
SCE,2026,2024,bundled,all,3,weekday,16,total,0.043970,sce_nbt2024
SCE,2026,2024,bundled,all,3,weekday,17,total,0.056940,sce_nbt2024
SCE,2026,2024,bundled,all,3,weekday,18,total,0.069320,sce_nbt2024
SCE,2026,2024,bundled,all,3,weekday,19,total,0.069690,sce_nbt2024
SCE,2026,2024,bundled,all,3,weekday,20,total,0.067260,sce_nbt2024
SCE,2026,2024,bundled,all,3,weekday,21,total,0.066500,sce_nbt2024
SCE,2026,2024,bundled,all,3,weekday,22,total,0.064280,sce_nbt2024
SCE,2026,2024,bundled,all,3,weekday,23,total,0.055290,sce_nbt2024
SCE,2026,2024,bundled,all,3,weekend_holiday,0,total,0.051680,sce_nbt2024
SCE,2026,2024,bundled,all,3,weekend_holiday,1,total,0.051630,sce_nbt2024
SCE,2026,2024,bundled,all,3,weekend_holiday,2,total,0.055010,sce_nbt2024
SCE,2026,2024,bundled,all,3,weekend_holiday,3,total,0.052090,sce_nbt2024
SCE,2026,2024,bundled,all,3,weekend_holiday,4,total,0.051140,sce_nbt2024
SCE,2026,2024,bundled,all,3,weekend_holiday,5,total,0.050050,sce_nbt2024
SCE,2026,2024,bundled,all,3,weekend_holiday,6,total,0.048840,sce_nbt2024
SCE,2026,2024,bundled,all,3,weekend_holiday,7,total,0.039490,sce_nbt2024
SCE,2026,2024,bundled,all,3,weekend_holiday,8,total,0.019210,sce_nbt2024
SCE,2026,2024,bundled,all,3,weekend_holiday,9,total,0.016590,sce_nbt2024
SCE,2026,2024,bundled,all,3,weekend_holiday,10,total,0.013690,sce_nbt2024
SCE,2026,2024,bundled,all,3,weekend_holiday,11,total,0.013700,sce_nbt2024
SCE,2026,2024,bundled,all,3,weekend_holiday,12,total,0.014090,sce_nbt2024
SCE,2026,2024,bundled,all,3,weekend_holiday,13,total,0.008440,sce_nbt2024
SCE,2026,2024,bundled,all,3,weekend_holiday,14,total,0.007340,sce_nbt2024
SCE,2026,2024,bundled,all,3,weekend_holiday,15,total,0.009910,sce_nbt2024
SCE,2026,2024,bundled,all,3,weekend_holiday,16,total,0.013210,sce_nbt2024
SCE,2026,2024,bundled,all,3,weekend_holiday,17,total,0.048840,sce_nbt2024
SCE,2026,2024,bundled,all,3,weekend_holiday,18,total,0.070550,sce_nbt2024
SCE,2026,2024,bundled,all,3,weekend_holiday,19,total,0.073440,sce_nbt2024
SCE,2026,2024,bundled,all,3,weekend_holiday,20,total,0.070500,sce_nbt2024
SCE,2026,2024,bundled,all,3,weekend_holiday,21,total,0.068520,sce_nbt2024
SCE,2026,2024,bundled,all,3,weekend_holiday,22,total,0.066070,sce_nbt2024
SCE,2026,2024,bundled,all,3,weekend_holiday,23,total,0.060890,sce_nbt2024
SCE,2026,2024,bundled,all,4,weekday,0,total,0.062440,sce_nbt2024
SCE,2026,2024,bundled,all,4,weekday,1,total,0.055510,sce_nbt2024
SCE,2026,2024,bundled,all,4,weekday,2,total,0.052490,sce_nbt2024
SCE,2026,2024,bundled,all,4,weekday,3,total,0.051240,sce_nbt2024
SCE,2026,2024,bundled,all,4,weekday,4,total,0.052600,sce_nbt2024
SCE,2026,2024,bundled,all,4,weekday,5,total,0.056270,sce_nbt2024
SCE,2026,2024,bundled,all,4,weekday,6,total,0.058590,sce_nbt2024
SCE,2026,2024,bundled,all,4,weekday,7,total,0.049020,sce_nbt2024
SCE,2026,2024,bundled,all,4,weekday,8,total,0.015220,sce_nbt2024
SCE,2026,2024,bundled,all,4,weekday,9,total,0.014150,sce_nbt2024
SCE,2026,2024,bundled,all,4,weekday,10,total,0.012940,sce_nbt2024
SCE,2026,2024,bundled,all,4,weekday,11,total,0.011920,sce_nbt2024
SCE,2026,2024,bundled,all,4,weekday,12,total,0.012060,sce_nbt2024
SCE,2026,2024,bundled,all,4,weekday,13,total,0.011320,sce_nbt2024
SCE,2026,2024,bundled,all,4,weekday,14,total,0.013520,sce_nbt2024
SCE,2026,2024,bundled,all,4,weekday,15,total,0.007920,sce_nbt2024
SCE,2026,2024,bundled,all,4,weekday,16,total,0.011710,sce_nbt2024
SCE,2026,2024,bundled,all,4,weekday,17,total,0.027610,sce_nbt2024
SCE,2026,2024,bundled,all,4,weekday,18,total,0.066960,sce_nbt2024
SCE,2026,2024,bundled,all,4,weekday,19,total,0.063100,sce_nbt2024
SCE,2026,2024,bundled,all,4,weekday,20,total,0.060660,sce_nbt2024
SCE,2026,2024,bundled,all,4,weekday,21,total,0.061430,sce_nbt2024
SCE,2026,2024,bundled,all,4,weekday,22,total,0.059770,sce_nbt2024
SCE,2026,2024,bundled,all,4,weekday,23,total,0.058330,sce_nbt2024
SCE,2026,2024,bundled,all,4,weekend_holiday,0,total,0.054070,sce_nbt2024
SCE,2026,2024,bundled,all,4,weekend_holiday,1,total,0.050700,sce_nbt2024
SCE,2026,2024,bundled,all,4,weekend_holiday,2,total,0.042900,sce_nbt2024
SCE,2026,2024,bundled,all,4,weekend_holiday,3,total,0.039630,sce_nbt2024
SCE,2026,2024,bundled,all,4,weekend_holiday,4,total,0.039700,sce_nbt2024
SCE,2026,2024,bundled,all,4,weekend_holiday,5,total,0.045280,sce_nbt2024
SCE,2026,2024,bundled,all,4,weekend_holiday,6,total,0.054030,sce_nbt2024
SCE,2026,2024,bundled,all,4,weekend_holiday,7,total,0.025300,sce_nbt2024
SCE,2026,2024,bundled,all,4,weekend_holiday,8,total,0.005800,sce_nbt2024
SCE,2026,2024,bundled,all,4,weekend_holiday,9,total,0.005790,sce_nbt2024
SCE,2026,2024,bundled,all,4,weekend_holiday,10,total,0.005790,sce_nbt2024
SCE,2026,2024,bundled,all,4,weekend_holiday,11,total,0.005790,sce_nbt2024
SCE,2026,2024,bundled,all,4,weekend_holiday,12,total,0.009780,sce_nbt2024
SCE,2026,2024,bundled,all,4,weekend_holiday,13,total,0.007050,sce_nbt2024
SCE,2026,2024,bundled,all,4,weekend_holiday,14,total,0.003970,sce_nbt2024
SCE,2026,2024,bundled,all,4,weekend_holiday,15,total,0.002060,sce_nbt2024
SCE,2026,2024,bundled,all,4,weekend_holiday,16,total,0.000310,sce_nbt2024
SCE,2026,2024,bundled,all,4,weekend_holiday,17,total,0.003550,sce_nbt2024
SCE,2026,2024,bundled,all,4,weekend_holiday,18,total,0.071300,sce_nbt2024
SCE,2026,2024,bundled,all,4,weekend_holiday,19,total,0.059000,sce_nbt2024
SCE,2026,2024,bundled,all,4,weekend_holiday,20,total,0.056850,sce_nbt2024
SCE,2026,2024,bundled,all,4,weekend_holiday,21,total,0.057060,sce_nbt2024
SCE,2026,2024,bundled,all,4,weekend_holiday,22,total,0.057200,sce_nbt2024
SCE,2026,2024,bundled,all,4,weekend_holiday,23,total,0.063940,sce_nbt2024
SCE,2026,2024,bundled,all,5,weekday,0,total,0.065770,sce_nbt2024
SCE,2026,2024,bundled,all,5,weekday,1,total,0.060170,sce_nbt2024
SCE,2026,2024,bundled,all,5,weekday,2,total,0.059430,sce_nbt2024
SCE,2026,2024,bundled,all,5,weekday,3,total,0.059020,sce_nbt2024
SCE,2026,2024,bundled,all,5,weekday,4,total,0.060170,sce_nbt2024
SCE,2026,2024,bundled,all,5,weekday,5,total,0.063240,sce_nbt2024
SCE,2026,2024,bundled,all,5,weekday,6,total,0.065290,sce_nbt2024
SCE,2026,2024,bundled,all,5,weekday,7,total,0.048260,sce_nbt2024
SCE,2026,2024,bundled,all,5,weekday,8,total,0.033440,sce_nbt2024
SCE,2026,2024,bundled,all,5,weekday,9,total,0.033490,sce_nbt2024
SCE,2026,2024,bundled,all,5,weekday,10,total,0.031660,sce_nbt2024
SCE,2026,2024,bundled,all,5,weekday,11,total,0.030710,sce_nbt2024
SCE,2026,2024,bundled,all,5,weekday,12,total,0.028660,sce_nbt2024
SCE,2026,2024,bundled,all,5,weekday,13,total,0.029170,sce_nbt2024
SCE,2026,2024,bundled,all,5,weekday,14,total,0.029650,sce_nbt2024
SCE,2026,2024,bundled,all,5,weekday,15,total,0.028930,sce_nbt2024
SCE,2026,2024,bundled,all,5,weekday,16,total,0.031390,sce_nbt2024
SCE,2026,2024,bundled,all,5,weekday,17,total,0.044900,sce_nbt2024
SCE,2026,2024,bundled,all,5,weekday,18,total,0.064260,sce_nbt2024
SCE,2026,2024,bundled,all,5,weekday,19,total,0.064570,sce_nbt2024
SCE,2026,2024,bundled,all,5,weekday,20,total,0.064020,sce_nbt2024
SCE,2026,2024,bundled,all,5,weekday,21,total,0.065010,sce_nbt2024
SCE,2026,2024,bundled,all,5,weekday,22,total,0.063700,sce_nbt2024
SCE,2026,2024,bundled,all,5,weekday,23,total,0.064020,sce_nbt2024
SCE,2026,2024,bundled,all,5,weekend_holiday,0,total,0.062310,sce_nbt2024
SCE,2026,2024,bundled,all,5,weekend_holiday,1,total,0.060260,sce_nbt2024
SCE,2026,2024,bundled,all,5,weekend_holiday,2,total,0.057680,sce_nbt2024
SCE,2026,2024,bundled,all,5,weekend_holiday,3,total,0.056140,sce_nbt2024
SCE,2026,2024,bundled,all,5,weekend_holiday,4,total,0.057810,sce_nbt2024
SCE,2026,2024,bundled,all,5,weekend_holiday,5,total,0.058740,sce_nbt2024
SCE,2026,2024,bundled,all,5,weekend_holiday,6,total,0.050700,sce_nbt2024
SCE,2026,2024,bundled,all,5,weekend_holiday,7,total,0.011700,sce_nbt2024
SCE,2026,2024,bundled,all,5,weekend_holiday,8,total,0.009200,sce_nbt2024
SCE,2026,2024,bundled,all,5,weekend_holiday,9,total,0.009200,sce_nbt2024
SCE,2026,2024,bundled,all,5,weekend_holiday,10,total,0.009080,sce_nbt2024
SCE,2026,2024,bundled,all,5,weekend_holiday,11,total,0.009060,sce_nbt2024
SCE,2026,2024,bundled,all,5,weekend_holiday,12,total,0.009360,sce_nbt2024
SCE,2026,2024,bundled,all,5,weekend_holiday,13,total,0.010800,sce_nbt2024
SCE,2026,2024,bundled,all,5,weekend_holiday,14,total,0.008740,sce_nbt2024
SCE,2026,2024,bundled,all,5,weekend_holiday,15,total,0.007440,sce_nbt2024
SCE,2026,2024,bundled,all,5,weekend_holiday,16,total,0.004860,sce_nbt2024
SCE,2026,2024,bundled,all,5,weekend_holiday,17,total,0.013090,sce_nbt2024
SCE,2026,2024,bundled,all,5,weekend_holiday,18,total,0.061520,sce_nbt2024
SCE,2026,2024,bundled,all,5,weekend_holiday,19,total,0.063570,sce_nbt2024
SCE,2026,2024,bundled,all,5,weekend_holiday,20,total,0.062750,sce_nbt2024
SCE,2026,2024,bundled,all,5,weekend_holiday,21,total,0.063490,sce_nbt2024
SCE,2026,2024,bundled,all,5,weekend_holiday,22,total,0.065090,sce_nbt2024
SCE,2026,2024,bundled,all,5,weekend_holiday,23,total,0.063650,sce_nbt2024
SCE,2026,2024,bundled,all,6,weekday,0,total,0.056960,sce_nbt2024
SCE,2026,2024,bundled,all,6,weekday,1,total,0.052800,sce_nbt2024
SCE,2026,2024,bundled,all,6,weekday,2,total,0.053900,sce_nbt2024
SCE,2026,2024,bundled,all,6,weekday,3,total,0.053960,sce_nbt2024
SCE,2026,2024,bundled,all,6,weekday,4,total,0.053390,sce_nbt2024
SCE,2026,2024,bundled,all,6,weekday,5,total,0.054190,sce_nbt2024
SCE,2026,2024,bundled,all,6,weekday,6,total,0.055150,sce_nbt2024
SCE,2026,2024,bundled,all,6,weekday,7,total,0.057340,sce_nbt2024
SCE,2026,2024,bundled,all,6,weekday,8,total,0.058760,sce_nbt2024
SCE,2026,2024,bundled,all,6,weekday,9,total,0.060910,sce_nbt2024
SCE,2026,2024,bundled,all,6,weekday,10,total,0.061120,sce_nbt2024
SCE,2026,2024,bundled,all,6,weekday,11,total,0.061200,sce_nbt2024
SCE,2026,2024,bundled,all,6,weekday,12,total,0.062190,sce_nbt2024
SCE,2026,2024,bundled,all,6,weekday,13,total,0.065300,sce_nbt2024
SCE,2026,2024,bundled,all,6,weekday,14,total,0.086940,sce_nbt2024
SCE,2026,2024,bundled,all,6,weekday,15,total,0.103620,sce_nbt2024
SCE,2026,2024,bundled,all,6,weekday,16,total,0.122040,sce_nbt2024
SCE,2026,2024,bundled,all,6,weekday,17,total,0.122350,sce_nbt2024
SCE,2026,2024,bundled,all,6,weekday,18,total,0.103200,sce_nbt2024
SCE,2026,2024,bundled,all,6,weekday,19,total,0.086780,sce_nbt2024
SCE,2026,2024,bundled,all,6,weekday,20,total,0.079400,sce_nbt2024
SCE,2026,2024,bundled,all,6,weekday,21,total,0.075270,sce_nbt2024
SCE,2026,2024,bundled,all,6,weekday,22,total,0.073600,sce_nbt2024
SCE,2026,2024,bundled,all,6,weekday,23,total,0.061640,sce_nbt2024
SCE,2026,2024,bundled,all,6,weekend_holiday,0,total,0.057880,sce_nbt2024
SCE,2026,2024,bundled,all,6,weekend_holiday,1,total,0.054070,sce_nbt2024
SCE,2026,2024,bundled,all,6,weekend_holiday,2,total,0.055280,sce_nbt2024
SCE,2026,2024,bundled,all,6,weekend_holiday,3,total,0.056630,sce_nbt2024
SCE,2026,2024,bundled,all,6,weekend_holiday,4,total,0.056510,sce_nbt2024
SCE,2026,2024,bundled,all,6,weekend_holiday,5,total,0.056280,sce_nbt2024
SCE,2026,2024,bundled,all,6,weekend_holiday,6,total,0.058500,sce_nbt2024
SCE,2026,2024,bundled,all,6,weekend_holiday,7,total,0.048020,sce_nbt2024
SCE,2026,2024,bundled,all,6,weekend_holiday,8,total,0.039120,sce_nbt2024
SCE,2026,2024,bundled,all,6,weekend_holiday,9,total,0.040110,sce_nbt2024
SCE,2026,2024,bundled,all,6,weekend_holiday,10,total,0.041400,sce_nbt2024
SCE,2026,2024,bundled,all,6,weekend_holiday,11,total,0.039560,sce_nbt2024
SCE,2026,2024,bundled,all,6,weekend_holiday,12,total,0.037150,sce_nbt2024
SCE,2026,2024,bundled,all,6,weekend_holiday,13,total,0.035880,sce_nbt2024
SCE,2026,2024,bundled,all,6,weekend_holiday,14,total,0.039010,sce_nbt2024
SCE,2026,2024,bundled,all,6,weekend_holiday,15,total,0.040120,sce_nbt2024
SCE,2026,2024,bundled,all,6,weekend_holiday,16,total,0.047060,sce_nbt2024
SCE,2026,2024,bundled,all,6,weekend_holiday,17,total,0.069450,sce_nbt2024
SCE,2026,2024,bundled,all,6,weekend_holiday,18,total,0.075920,sce_nbt2024
SCE,2026,2024,bundled,all,6,weekend_holiday,19,total,0.083090,sce_nbt2024
SCE,2026,2024,bundled,all,6,weekend_holiday,20,total,0.076900,sce_nbt2024
SCE,2026,2024,bundled,all,6,weekend_holiday,21,total,0.075090,sce_nbt2024
SCE,2026,2024,bundled,all,6,weekend_holiday,22,total,0.072320,sce_nbt2024
SCE,2026,2024,bundled,all,6,weekend_holiday,23,total,0.069730,sce_nbt2024
SCE,2026,2024,bundled,all,7,weekday,0,total,0.064050,sce_nbt2024
SCE,2026,2024,bundled,all,7,weekday,1,total,0.055900,sce_nbt2024
SCE,2026,2024,bundled,all,7,weekday,2,total,0.055590,sce_nbt2024
SCE,2026,2024,bundled,all,7,weekday,3,total,0.056000,sce_nbt2024
SCE,2026,2024,bundled,all,7,weekday,4,total,0.056160,sce_nbt2024
SCE,2026,2024,bundled,all,7,weekday,5,total,0.056160,sce_nbt2024
SCE,2026,2024,bundled,all,7,weekday,6,total,0.056960,sce_nbt2024
SCE,2026,2024,bundled,all,7,weekday,7,total,0.059770,sce_nbt2024
SCE,2026,2024,bundled,all,7,weekday,8,total,0.062510,sce_nbt2024
SCE,2026,2024,bundled,all,7,weekday,9,total,0.065980,sce_nbt2024
SCE,2026,2024,bundled,all,7,weekday,10,total,0.066350,sce_nbt2024
SCE,2026,2024,bundled,all,7,weekday,11,total,0.066130,sce_nbt2024
SCE,2026,2024,bundled,all,7,weekday,12,total,0.066850,sce_nbt2024
SCE,2026,2024,bundled,all,7,weekday,13,total,0.080680,sce_nbt2024
SCE,2026,2024,bundled,all,7,weekday,14,total,0.096390,sce_nbt2024
SCE,2026,2024,bundled,all,7,weekday,15,total,0.123440,sce_nbt2024
SCE,2026,2024,bundled,all,7,weekday,16,total,0.144270,sce_nbt2024
SCE,2026,2024,bundled,all,7,weekday,17,total,0.158870,sce_nbt2024
SCE,2026,2024,bundled,all,7,weekday,18,total,0.139670,sce_nbt2024
SCE,2026,2024,bundled,all,7,weekday,19,total,0.418340,sce_nbt2024
SCE,2026,2024,bundled,all,7,weekday,20,total,0.175600,sce_nbt2024
SCE,2026,2024,bundled,all,7,weekday,21,total,0.082210,sce_nbt2024
SCE,2026,2024,bundled,all,7,weekday,22,total,0.082410,sce_nbt2024
SCE,2026,2024,bundled,all,7,weekday,23,total,0.061000,sce_nbt2024
SCE,2026,2024,bundled,all,7,weekend_holiday,0,total,0.060200,sce_nbt2024
SCE,2026,2024,bundled,all,7,weekend_holiday,1,total,0.057590,sce_nbt2024
SCE,2026,2024,bundled,all,7,weekend_holiday,2,total,0.057490,sce_nbt2024
SCE,2026,2024,bundled,all,7,weekend_holiday,3,total,0.057290,sce_nbt2024
SCE,2026,2024,bundled,all,7,weekend_holiday,4,total,0.056990,sce_nbt2024
SCE,2026,2024,bundled,all,7,weekend_holiday,5,total,0.056740,sce_nbt2024
SCE,2026,2024,bundled,all,7,weekend_holiday,6,total,0.056660,sce_nbt2024
SCE,2026,2024,bundled,all,7,weekend_holiday,7,total,0.045170,sce_nbt2024
SCE,2026,2024,bundled,all,7,weekend_holiday,8,total,0.044140,sce_nbt2024
SCE,2026,2024,bundled,all,7,weekend_holiday,9,total,0.044180,sce_nbt2024
SCE,2026,2024,bundled,all,7,weekend_holiday,10,total,0.044270,sce_nbt2024
SCE,2026,2024,bundled,all,7,weekend_holiday,11,total,0.040730,sce_nbt2024
SCE,2026,2024,bundled,all,7,weekend_holiday,12,total,0.038360,sce_nbt2024
SCE,2026,2024,bundled,all,7,weekend_holiday,13,total,0.038080,sce_nbt2024
SCE,2026,2024,bundled,all,7,weekend_holiday,14,total,0.042330,sce_nbt2024
SCE,2026,2024,bundled,all,7,weekend_holiday,15,total,0.049180,sce_nbt2024
SCE,2026,2024,bundled,all,7,weekend_holiday,16,total,0.053200,sce_nbt2024
SCE,2026,2024,bundled,all,7,weekend_holiday,17,total,0.085000,sce_nbt2024
SCE,2026,2024,bundled,all,7,weekend_holiday,18,total,0.124510,sce_nbt2024
SCE,2026,2024,bundled,all,7,weekend_holiday,19,total,0.858480,sce_nbt2024
SCE,2026,2024,bundled,all,7,weekend_holiday,20,total,0.293780,sce_nbt2024
SCE,2026,2024,bundled,all,7,weekend_holiday,21,total,0.078330,sce_nbt2024
SCE,2026,2024,bundled,all,7,weekend_holiday,22,total,0.078220,sce_nbt2024
SCE,2026,2024,bundled,all,7,weekend_holiday,23,total,0.070760,sce_nbt2024
SCE,2026,2024,bundled,all,8,weekday,0,total,0.062560,sce_nbt2024
SCE,2026,2024,bundled,all,8,weekday,1,total,0.059690,sce_nbt2024
SCE,2026,2024,bundled,all,8,weekday,2,total,0.059460,sce_nbt2024
SCE,2026,2024,bundled,all,8,weekday,3,total,0.059150,sce_nbt2024
SCE,2026,2024,bundled,all,8,weekday,4,total,0.059320,sce_nbt2024
SCE,2026,2024,bundled,all,8,weekday,5,total,0.059940,sce_nbt2024
SCE,2026,2024,bundled,all,8,weekday,6,total,0.060760,sce_nbt2024
SCE,2026,2024,bundled,all,8,weekday,7,total,0.062620,sce_nbt2024
SCE,2026,2024,bundled,all,8,weekday,8,total,0.066200,sce_nbt2024
SCE,2026,2024,bundled,all,8,weekday,9,total,0.077860,sce_nbt2024
SCE,2026,2024,bundled,all,8,weekday,10,total,0.076810,sce_nbt2024
SCE,2026,2024,bundled,all,8,weekday,11,total,0.075420,sce_nbt2024
SCE,2026,2024,bundled,all,8,weekday,12,total,0.075320,sce_nbt2024
SCE,2026,2024,bundled,all,8,weekday,13,total,0.094710,sce_nbt2024
SCE,2026,2024,bundled,all,8,weekday,14,total,0.144240,sce_nbt2024
SCE,2026,2024,bundled,all,8,weekday,15,total,0.180520,sce_nbt2024
SCE,2026,2024,bundled,all,8,weekday,16,total,0.184940,sce_nbt2024
SCE,2026,2024,bundled,all,8,weekday,17,total,0.336960,sce_nbt2024
SCE,2026,2024,bundled,all,8,weekday,18,total,0.625500,sce_nbt2024
SCE,2026,2024,bundled,all,8,weekday,19,total,1.614830,sce_nbt2024
SCE,2026,2024,bundled,all,8,weekday,20,total,0.605170,sce_nbt2024
SCE,2026,2024,bundled,all,8,weekday,21,total,0.819520,sce_nbt2024
SCE,2026,2024,bundled,all,8,weekday,22,total,0.618380,sce_nbt2024
SCE,2026,2024,bundled,all,8,weekday,23,total,0.063030,sce_nbt2024
SCE,2026,2024,bundled,all,8,weekend_holiday,0,total,0.059520,sce_nbt2024
SCE,2026,2024,bundled,all,8,weekend_holiday,1,total,0.059150,sce_nbt2024
SCE,2026,2024,bundled,all,8,weekend_holiday,2,total,0.057470,sce_nbt2024
SCE,2026,2024,bundled,all,8,weekend_holiday,3,total,0.057840,sce_nbt2024
SCE,2026,2024,bundled,all,8,weekend_holiday,4,total,0.057460,sce_nbt2024
SCE,2026,2024,bundled,all,8,weekend_holiday,5,total,0.057070,sce_nbt2024
SCE,2026,2024,bundled,all,8,weekend_holiday,6,total,0.055840,sce_nbt2024
SCE,2026,2024,bundled,all,8,weekend_holiday,7,total,0.052280,sce_nbt2024
SCE,2026,2024,bundled,all,8,weekend_holiday,8,total,0.055290,sce_nbt2024
SCE,2026,2024,bundled,all,8,weekend_holiday,9,total,0.056240,sce_nbt2024
SCE,2026,2024,bundled,all,8,weekend_holiday,10,total,0.056800,sce_nbt2024
SCE,2026,2024,bundled,all,8,weekend_holiday,11,total,0.057090,sce_nbt2024
SCE,2026,2024,bundled,all,8,weekend_holiday,12,total,0.057300,sce_nbt2024
SCE,2026,2024,bundled,all,8,weekend_holiday,13,total,0.059390,sce_nbt2024
SCE,2026,2024,bundled,all,8,weekend_holiday,14,total,0.067290,sce_nbt2024
SCE,2026,2024,bundled,all,8,weekend_holiday,15,total,0.076400,sce_nbt2024
SCE,2026,2024,bundled,all,8,weekend_holiday,16,total,0.086210,sce_nbt2024
SCE,2026,2024,bundled,all,8,weekend_holiday,17,total,0.246390,sce_nbt2024
SCE,2026,2024,bundled,all,8,weekend_holiday,18,total,0.532720,sce_nbt2024
SCE,2026,2024,bundled,all,8,weekend_holiday,19,total,1.468960,sce_nbt2024
SCE,2026,2024,bundled,all,8,weekend_holiday,20,total,0.551790,sce_nbt2024
SCE,2026,2024,bundled,all,8,weekend_holiday,21,total,0.755460,sce_nbt2024
SCE,2026,2024,bundled,all,8,weekend_holiday,22,total,0.579490,sce_nbt2024
SCE,2026,2024,bundled,all,8,weekend_holiday,23,total,0.066380,sce_nbt2024
SCE,2026,2024,bundled,all,9,weekday,0,total,0.068890,sce_nbt2024
SCE,2026,2024,bundled,all,9,weekday,1,total,0.056640,sce_nbt2024
SCE,2026,2024,bundled,all,9,weekday,2,total,0.056360,sce_nbt2024
SCE,2026,2024,bundled,all,9,weekday,3,total,0.055990,sce_nbt2024
SCE,2026,2024,bundled,all,9,weekday,4,total,0.055840,sce_nbt2024
SCE,2026,2024,bundled,all,9,weekday,5,total,0.056220,sce_nbt2024
SCE,2026,2024,bundled,all,9,weekday,6,total,0.058100,sce_nbt2024
SCE,2026,2024,bundled,all,9,weekday,7,total,0.060250,sce_nbt2024
SCE,2026,2024,bundled,all,9,weekday,8,total,0.059090,sce_nbt2024
SCE,2026,2024,bundled,all,9,weekday,9,total,0.063070,sce_nbt2024
SCE,2026,2024,bundled,all,9,weekday,10,total,0.063130,sce_nbt2024
SCE,2026,2024,bundled,all,9,weekday,11,total,0.063440,sce_nbt2024
SCE,2026,2024,bundled,all,9,weekday,12,total,0.063900,sce_nbt2024
SCE,2026,2024,bundled,all,9,weekday,13,total,0.073080,sce_nbt2024
SCE,2026,2024,bundled,all,9,weekday,14,total,0.086500,sce_nbt2024
SCE,2026,2024,bundled,all,9,weekday,15,total,0.087650,sce_nbt2024
SCE,2026,2024,bundled,all,9,weekday,16,total,0.092320,sce_nbt2024
SCE,2026,2024,bundled,all,9,weekday,17,total,0.113120,sce_nbt2024
SCE,2026,2024,bundled,all,9,weekday,18,total,2.143400,sce_nbt2024
SCE,2026,2024,bundled,all,9,weekday,19,total,2.421180,sce_nbt2024
SCE,2026,2024,bundled,all,9,weekday,20,total,0.155630,sce_nbt2024
SCE,2026,2024,bundled,all,9,weekday,21,total,0.075790,sce_nbt2024
SCE,2026,2024,bundled,all,9,weekday,22,total,0.070290,sce_nbt2024
SCE,2026,2024,bundled,all,9,weekday,23,total,0.058900,sce_nbt2024
SCE,2026,2024,bundled,all,9,weekend_holiday,0,total,0.058310,sce_nbt2024
SCE,2026,2024,bundled,all,9,weekend_holiday,1,total,0.057560,sce_nbt2024
SCE,2026,2024,bundled,all,9,weekend_holiday,2,total,0.056690,sce_nbt2024
SCE,2026,2024,bundled,all,9,weekend_holiday,3,total,0.056660,sce_nbt2024
SCE,2026,2024,bundled,all,9,weekend_holiday,4,total,0.055750,sce_nbt2024
SCE,2026,2024,bundled,all,9,weekend_holiday,5,total,0.055530,sce_nbt2024
SCE,2026,2024,bundled,all,9,weekend_holiday,6,total,0.054600,sce_nbt2024
SCE,2026,2024,bundled,all,9,weekend_holiday,7,total,0.050900,sce_nbt2024
SCE,2026,2024,bundled,all,9,weekend_holiday,8,total,0.047150,sce_nbt2024
SCE,2026,2024,bundled,all,9,weekend_holiday,9,total,0.049170,sce_nbt2024
SCE,2026,2024,bundled,all,9,weekend_holiday,10,total,0.050640,sce_nbt2024
SCE,2026,2024,bundled,all,9,weekend_holiday,11,total,0.050140,sce_nbt2024
SCE,2026,2024,bundled,all,9,weekend_holiday,12,total,0.049130,sce_nbt2024
SCE,2026,2024,bundled,all,9,weekend_holiday,13,total,0.046510,sce_nbt2024
SCE,2026,2024,bundled,all,9,weekend_holiday,14,total,0.051280,sce_nbt2024
SCE,2026,2024,bundled,all,9,weekend_holiday,15,total,0.068620,sce_nbt2024
SCE,2026,2024,bundled,all,9,weekend_holiday,16,total,0.072700,sce_nbt2024
SCE,2026,2024,bundled,all,9,weekend_holiday,17,total,0.095830,sce_nbt2024
SCE,2026,2024,bundled,all,9,weekend_holiday,18,total,1.873060,sce_nbt2024
SCE,2026,2024,bundled,all,9,weekend_holiday,19,total,2.123500,sce_nbt2024
SCE,2026,2024,bundled,all,9,weekend_holiday,20,total,0.145240,sce_nbt2024
SCE,2026,2024,bundled,all,9,weekend_holiday,21,total,0.076170,sce_nbt2024
SCE,2026,2024,bundled,all,9,weekend_holiday,22,total,0.070770,sce_nbt2024
SCE,2026,2024,bundled,all,9,weekend_holiday,23,total,0.058230,sce_nbt2024
SCE,2026,2024,bundled,all,10,weekday,0,total,0.068240,sce_nbt2024
SCE,2026,2024,bundled,all,10,weekday,1,total,0.056630,sce_nbt2024
SCE,2026,2024,bundled,all,10,weekday,2,total,0.056980,sce_nbt2024
SCE,2026,2024,bundled,all,10,weekday,3,total,0.056760,sce_nbt2024
SCE,2026,2024,bundled,all,10,weekday,4,total,0.056650,sce_nbt2024
SCE,2026,2024,bundled,all,10,weekday,5,total,0.057190,sce_nbt2024
SCE,2026,2024,bundled,all,10,weekday,6,total,0.057950,sce_nbt2024
SCE,2026,2024,bundled,all,10,weekday,7,total,0.060320,sce_nbt2024
SCE,2026,2024,bundled,all,10,weekday,8,total,0.058670,sce_nbt2024
SCE,2026,2024,bundled,all,10,weekday,9,total,0.060530,sce_nbt2024
SCE,2026,2024,bundled,all,10,weekday,10,total,0.061960,sce_nbt2024
SCE,2026,2024,bundled,all,10,weekday,11,total,0.062250,sce_nbt2024
SCE,2026,2024,bundled,all,10,weekday,12,total,0.062750,sce_nbt2024
SCE,2026,2024,bundled,all,10,weekday,13,total,0.069420,sce_nbt2024
SCE,2026,2024,bundled,all,10,weekday,14,total,0.073330,sce_nbt2024
SCE,2026,2024,bundled,all,10,weekday,15,total,0.087330,sce_nbt2024
SCE,2026,2024,bundled,all,10,weekday,16,total,0.094700,sce_nbt2024
SCE,2026,2024,bundled,all,10,weekday,17,total,0.094440,sce_nbt2024
SCE,2026,2024,bundled,all,10,weekday,18,total,0.085880,sce_nbt2024
SCE,2026,2024,bundled,all,10,weekday,19,total,0.066930,sce_nbt2024
SCE,2026,2024,bundled,all,10,weekday,20,total,0.066270,sce_nbt2024
SCE,2026,2024,bundled,all,10,weekday,21,total,0.066470,sce_nbt2024
SCE,2026,2024,bundled,all,10,weekday,22,total,0.061350,sce_nbt2024
SCE,2026,2024,bundled,all,10,weekday,23,total,0.058470,sce_nbt2024
SCE,2026,2024,bundled,all,10,weekend_holiday,0,total,0.056760,sce_nbt2024
SCE,2026,2024,bundled,all,10,weekend_holiday,1,total,0.057700,sce_nbt2024
SCE,2026,2024,bundled,all,10,weekend_holiday,2,total,0.055100,sce_nbt2024
SCE,2026,2024,bundled,all,10,weekend_holiday,3,total,0.055190,sce_nbt2024
SCE,2026,2024,bundled,all,10,weekend_holiday,4,total,0.054070,sce_nbt2024
SCE,2026,2024,bundled,all,10,weekend_holiday,5,total,0.053810,sce_nbt2024
SCE,2026,2024,bundled,all,10,weekend_holiday,6,total,0.053240,sce_nbt2024
SCE,2026,2024,bundled,all,10,weekend_holiday,7,total,0.049680,sce_nbt2024
SCE,2026,2024,bundled,all,10,weekend_holiday,8,total,0.043560,sce_nbt2024
SCE,2026,2024,bundled,all,10,weekend_holiday,9,total,0.043670,sce_nbt2024
SCE,2026,2024,bundled,all,10,weekend_holiday,10,total,0.043960,sce_nbt2024
SCE,2026,2024,bundled,all,10,weekend_holiday,11,total,0.044940,sce_nbt2024
SCE,2026,2024,bundled,all,10,weekend_holiday,12,total,0.045120,sce_nbt2024
SCE,2026,2024,bundled,all,10,weekend_holiday,13,total,0.043350,sce_nbt2024
SCE,2026,2024,bundled,all,10,weekend_holiday,14,total,0.044940,sce_nbt2024
SCE,2026,2024,bundled,all,10,weekend_holiday,15,total,0.050150,sce_nbt2024
SCE,2026,2024,bundled,all,10,weekend_holiday,16,total,0.055160,sce_nbt2024
SCE,2026,2024,bundled,all,10,weekend_holiday,17,total,0.096920,sce_nbt2024
SCE,2026,2024,bundled,all,10,weekend_holiday,18,total,0.077090,sce_nbt2024
SCE,2026,2024,bundled,all,10,weekend_holiday,19,total,0.075850,sce_nbt2024
SCE,2026,2024,bundled,all,10,weekend_holiday,20,total,0.074480,sce_nbt2024
SCE,2026,2024,bundled,all,10,weekend_holiday,21,total,0.073510,sce_nbt2024
SCE,2026,2024,bundled,all,10,weekend_holiday,22,total,0.069740,sce_nbt2024
SCE,2026,2024,bundled,all,10,weekend_holiday,23,total,0.066980,sce_nbt2024
SCE,2026,2024,bundled,all,11,weekday,0,total,0.055060,sce_nbt2024
SCE,2026,2024,bundled,all,11,weekday,1,total,0.055210,sce_nbt2024
SCE,2026,2024,bundled,all,11,weekday,2,total,0.054890,sce_nbt2024
SCE,2026,2024,bundled,all,11,weekday,3,total,0.054700,sce_nbt2024
SCE,2026,2024,bundled,all,11,weekday,4,total,0.054860,sce_nbt2024
SCE,2026,2024,bundled,all,11,weekday,5,total,0.056060,sce_nbt2024
SCE,2026,2024,bundled,all,11,weekday,6,total,0.058960,sce_nbt2024
SCE,2026,2024,bundled,all,11,weekday,7,total,0.059230,sce_nbt2024
SCE,2026,2024,bundled,all,11,weekday,8,total,0.060950,sce_nbt2024
SCE,2026,2024,bundled,all,11,weekday,9,total,0.062120,sce_nbt2024
SCE,2026,2024,bundled,all,11,weekday,10,total,0.061040,sce_nbt2024
SCE,2026,2024,bundled,all,11,weekday,11,total,0.060850,sce_nbt2024
SCE,2026,2024,bundled,all,11,weekday,12,total,0.061060,sce_nbt2024
SCE,2026,2024,bundled,all,11,weekday,13,total,0.064120,sce_nbt2024
SCE,2026,2024,bundled,all,11,weekday,14,total,0.064900,sce_nbt2024
SCE,2026,2024,bundled,all,11,weekday,15,total,0.067930,sce_nbt2024
SCE,2026,2024,bundled,all,11,weekday,16,total,0.071530,sce_nbt2024
SCE,2026,2024,bundled,all,11,weekday,17,total,0.067590,sce_nbt2024
SCE,2026,2024,bundled,all,11,weekday,18,total,0.067960,sce_nbt2024
SCE,2026,2024,bundled,all,11,weekday,19,total,0.069220,sce_nbt2024
SCE,2026,2024,bundled,all,11,weekday,20,total,0.068530,sce_nbt2024
SCE,2026,2024,bundled,all,11,weekday,21,total,0.065620,sce_nbt2024
SCE,2026,2024,bundled,all,11,weekday,22,total,0.057600,sce_nbt2024
SCE,2026,2024,bundled,all,11,weekday,23,total,0.056550,sce_nbt2024
SCE,2026,2024,bundled,all,11,weekend_holiday,0,total,0.054810,sce_nbt2024
SCE,2026,2024,bundled,all,11,weekend_holiday,1,total,0.053980,sce_nbt2024
SCE,2026,2024,bundled,all,11,weekend_holiday,2,total,0.052690,sce_nbt2024
SCE,2026,2024,bundled,all,11,weekend_holiday,3,total,0.052400,sce_nbt2024
SCE,2026,2024,bundled,all,11,weekend_holiday,4,total,0.051470,sce_nbt2024
SCE,2026,2024,bundled,all,11,weekend_holiday,5,total,0.051110,sce_nbt2024
SCE,2026,2024,bundled,all,11,weekend_holiday,6,total,0.050760,sce_nbt2024
SCE,2026,2024,bundled,all,11,weekend_holiday,7,total,0.042100,sce_nbt2024
SCE,2026,2024,bundled,all,11,weekend_holiday,8,total,0.041670,sce_nbt2024
SCE,2026,2024,bundled,all,11,weekend_holiday,9,total,0.041380,sce_nbt2024
SCE,2026,2024,bundled,all,11,weekend_holiday,10,total,0.041890,sce_nbt2024
SCE,2026,2024,bundled,all,11,weekend_holiday,11,total,0.041770,sce_nbt2024
SCE,2026,2024,bundled,all,11,weekend_holiday,12,total,0.043340,sce_nbt2024
SCE,2026,2024,bundled,all,11,weekend_holiday,13,total,0.042070,sce_nbt2024
SCE,2026,2024,bundled,all,11,weekend_holiday,14,total,0.045390,sce_nbt2024
SCE,2026,2024,bundled,all,11,weekend_holiday,15,total,0.052270,sce_nbt2024
SCE,2026,2024,bundled,all,11,weekend_holiday,16,total,0.066630,sce_nbt2024
SCE,2026,2024,bundled,all,11,weekend_holiday,17,total,0.069920,sce_nbt2024
SCE,2026,2024,bundled,all,11,weekend_holiday,18,total,0.068330,sce_nbt2024
SCE,2026,2024,bundled,all,11,weekend_holiday,19,total,0.069560,sce_nbt2024
SCE,2026,2024,bundled,all,11,weekend_holiday,20,total,0.068730,sce_nbt2024
SCE,2026,2024,bundled,all,11,weekend_holiday,21,total,0.064880,sce_nbt2024
SCE,2026,2024,bundled,all,11,weekend_holiday,22,total,0.060020,sce_nbt2024
SCE,2026,2024,bundled,all,11,weekend_holiday,23,total,0.059070,sce_nbt2024
SCE,2026,2024,bundled,all,12,weekday,0,total,0.058750,sce_nbt2024
SCE,2026,2024,bundled,all,12,weekday,1,total,0.058660,sce_nbt2024
SCE,2026,2024,bundled,all,12,weekday,2,total,0.058010,sce_nbt2024
SCE,2026,2024,bundled,all,12,weekday,3,total,0.057560,sce_nbt2024
SCE,2026,2024,bundled,all,12,weekday,4,total,0.058290,sce_nbt2024
SCE,2026,2024,bundled,all,12,weekday,5,total,0.059180,sce_nbt2024
SCE,2026,2024,bundled,all,12,weekday,6,total,0.061790,sce_nbt2024
SCE,2026,2024,bundled,all,12,weekday,7,total,0.065590,sce_nbt2024
SCE,2026,2024,bundled,all,12,weekday,8,total,0.065080,sce_nbt2024
SCE,2026,2024,bundled,all,12,weekday,9,total,0.065950,sce_nbt2024
SCE,2026,2024,bundled,all,12,weekday,10,total,0.063900,sce_nbt2024
SCE,2026,2024,bundled,all,12,weekday,11,total,0.062810,sce_nbt2024
SCE,2026,2024,bundled,all,12,weekday,12,total,0.061410,sce_nbt2024
SCE,2026,2024,bundled,all,12,weekday,13,total,0.060760,sce_nbt2024
SCE,2026,2024,bundled,all,12,weekday,14,total,0.061010,sce_nbt2024
SCE,2026,2024,bundled,all,12,weekday,15,total,0.062910,sce_nbt2024
SCE,2026,2024,bundled,all,12,weekday,16,total,0.068310,sce_nbt2024
SCE,2026,2024,bundled,all,12,weekday,17,total,0.067920,sce_nbt2024
SCE,2026,2024,bundled,all,12,weekday,18,total,0.069780,sce_nbt2024
SCE,2026,2024,bundled,all,12,weekday,19,total,0.073110,sce_nbt2024
SCE,2026,2024,bundled,all,12,weekday,20,total,0.072150,sce_nbt2024
SCE,2026,2024,bundled,all,12,weekday,21,total,0.069130,sce_nbt2024
SCE,2026,2024,bundled,all,12,weekday,22,total,0.061430,sce_nbt2024
SCE,2026,2024,bundled,all,12,weekday,23,total,0.060470,sce_nbt2024
SCE,2026,2024,bundled,all,12,weekend_holiday,0,total,0.060330,sce_nbt2024
SCE,2026,2024,bundled,all,12,weekend_holiday,1,total,0.059880,sce_nbt2024
SCE,2026,2024,bundled,all,12,weekend_holiday,2,total,0.059760,sce_nbt2024
SCE,2026,2024,bundled,all,12,weekend_holiday,3,total,0.060860,sce_nbt2024
SCE,2026,2024,bundled,all,12,weekend_holiday,4,total,0.059160,sce_nbt2024
SCE,2026,2024,bundled,all,12,weekend_holiday,5,total,0.059110,sce_nbt2024
SCE,2026,2024,bundled,all,12,weekend_holiday,6,total,0.059390,sce_nbt2024
SCE,2026,2024,bundled,all,12,weekend_holiday,7,total,0.057410,sce_nbt2024
SCE,2026,2024,bundled,all,12,weekend_holiday,8,total,0.055860,sce_nbt2024
SCE,2026,2024,bundled,all,12,weekend_holiday,9,total,0.055840,sce_nbt2024
SCE,2026,2024,bundled,all,12,weekend_holiday,10,total,0.056040,sce_nbt2024
SCE,2026,2024,bundled,all,12,weekend_holiday,11,total,0.055600,sce_nbt2024
SCE,2026,2024,bundled,all,12,weekend_holiday,12,total,0.053600,sce_nbt2024
SCE,2026,2024,bundled,all,12,weekend_holiday,13,total,0.053520,sce_nbt2024
SCE,2026,2024,bundled,all,12,weekend_holiday,14,total,0.053550,sce_nbt2024
SCE,2026,2024,bundled,all,12,weekend_holiday,15,total,0.054480,sce_nbt2024
SCE,2026,2024,bundled,all,12,weekend_holiday,16,total,0.061780,sce_nbt2024
SCE,2026,2024,bundled,all,12,weekend_holiday,17,total,0.068870,sce_nbt2024
SCE,2026,2024,bundled,all,12,weekend_holiday,18,total,0.071030,sce_nbt2024
SCE,2026,2024,bundled,all,12,weekend_holiday,19,total,0.071140,sce_nbt2024
SCE,2026,2024,bundled,all,12,weekend_holiday,20,total,0.067690,sce_nbt2024
SCE,2026,2024,bundled,all,12,weekend_holiday,21,total,0.063300,sce_nbt2024
SCE,2026,2024,bundled,all,12,weekend_holiday,22,total,0.061750,sce_nbt2024
SCE,2026,2024,bundled,all,12,weekend_holiday,23,total,0.061590,sce_nbt2024
SCE,2026,2026,bundled,all,1,weekday,0,delivery,0.000880,sce_nbt2026
SCE,2026,2026,bundled,all,1,weekday,1,delivery,0.000860,sce_nbt2026
SCE,2026,2026,bundled,all,1,weekday,2,delivery,0.000840,sce_nbt2026
SCE,2026,2026,bundled,all,1,weekday,3,delivery,0.000830,sce_nbt2026
SCE,2026,2026,bundled,all,1,weekday,4,delivery,0.000860,sce_nbt2026
SCE,2026,2026,bundled,all,1,weekday,5,delivery,0.000850,sce_nbt2026
SCE,2026,2026,bundled,all,1,weekday,6,delivery,0.000850,sce_nbt2026
SCE,2026,2026,bundled,all,1,weekday,7,delivery,0.000860,sce_nbt2026
SCE,2026,2026,bundled,all,1,weekday,8,delivery,0.000810,sce_nbt2026
SCE,2026,2026,bundled,all,1,weekday,9,delivery,0.000720,sce_nbt2026
SCE,2026,2026,bundled,all,1,weekday,10,delivery,0.000700,sce_nbt2026
SCE,2026,2026,bundled,all,1,weekday,11,delivery,0.000690,sce_nbt2026
SCE,2026,2026,bundled,all,1,weekday,12,delivery,0.000670,sce_nbt2026
SCE,2026,2026,bundled,all,1,weekday,13,delivery,0.000630,sce_nbt2026
SCE,2026,2026,bundled,all,1,weekday,14,delivery,0.000620,sce_nbt2026
SCE,2026,2026,bundled,all,1,weekday,15,delivery,0.000640,sce_nbt2026
SCE,2026,2026,bundled,all,1,weekday,16,delivery,0.000800,sce_nbt2026
SCE,2026,2026,bundled,all,1,weekday,17,delivery,0.001200,sce_nbt2026
SCE,2026,2026,bundled,all,1,weekday,18,delivery,0.001440,sce_nbt2026
SCE,2026,2026,bundled,all,1,weekday,19,delivery,0.001380,sce_nbt2026
SCE,2026,2026,bundled,all,1,weekday,20,delivery,0.001310,sce_nbt2026
SCE,2026,2026,bundled,all,1,weekday,21,delivery,0.001170,sce_nbt2026
SCE,2026,2026,bundled,all,1,weekday,22,delivery,0.001010,sce_nbt2026
SCE,2026,2026,bundled,all,1,weekday,23,delivery,0.000900,sce_nbt2026
SCE,2026,2026,bundled,all,1,weekend_holiday,0,delivery,0.000830,sce_nbt2026
SCE,2026,2026,bundled,all,1,weekend_holiday,1,delivery,0.000820,sce_nbt2026
SCE,2026,2026,bundled,all,1,weekend_holiday,2,delivery,0.000810,sce_nbt2026
SCE,2026,2026,bundled,all,1,weekend_holiday,3,delivery,0.000790,sce_nbt2026
SCE,2026,2026,bundled,all,1,weekend_holiday,4,delivery,0.000790,sce_nbt2026
SCE,2026,2026,bundled,all,1,weekend_holiday,5,delivery,0.000800,sce_nbt2026
SCE,2026,2026,bundled,all,1,weekend_holiday,6,delivery,0.000820,sce_nbt2026
SCE,2026,2026,bundled,all,1,weekend_holiday,7,delivery,0.000750,sce_nbt2026
SCE,2026,2026,bundled,all,1,weekend_holiday,8,delivery,0.000630,sce_nbt2026
SCE,2026,2026,bundled,all,1,weekend_holiday,9,delivery,0.000570,sce_nbt2026
SCE,2026,2026,bundled,all,1,weekend_holiday,10,delivery,0.000550,sce_nbt2026
SCE,2026,2026,bundled,all,1,weekend_holiday,11,delivery,0.000540,sce_nbt2026
SCE,2026,2026,bundled,all,1,weekend_holiday,12,delivery,0.000540,sce_nbt2026
SCE,2026,2026,bundled,all,1,weekend_holiday,13,delivery,0.000490,sce_nbt2026
SCE,2026,2026,bundled,all,1,weekend_holiday,14,delivery,0.000520,sce_nbt2026
SCE,2026,2026,bundled,all,1,weekend_holiday,15,delivery,0.000540,sce_nbt2026
SCE,2026,2026,bundled,all,1,weekend_holiday,16,delivery,0.000820,sce_nbt2026
SCE,2026,2026,bundled,all,1,weekend_holiday,17,delivery,0.001120,sce_nbt2026
SCE,2026,2026,bundled,all,1,weekend_holiday,18,delivery,0.001250,sce_nbt2026
SCE,2026,2026,bundled,all,1,weekend_holiday,19,delivery,0.001200,sce_nbt2026
SCE,2026,2026,bundled,all,1,weekend_holiday,20,delivery,0.001120,sce_nbt2026
SCE,2026,2026,bundled,all,1,weekend_holiday,21,delivery,0.001090,sce_nbt2026
SCE,2026,2026,bundled,all,1,weekend_holiday,22,delivery,0.000980,sce_nbt2026
SCE,2026,2026,bundled,all,1,weekend_holiday,23,delivery,0.000840,sce_nbt2026
SCE,2026,2026,bundled,all,2,weekday,0,delivery,0.000860,sce_nbt2026
SCE,2026,2026,bundled,all,2,weekday,1,delivery,0.000840,sce_nbt2026
SCE,2026,2026,bundled,all,2,weekday,2,delivery,0.000860,sce_nbt2026
SCE,2026,2026,bundled,all,2,weekday,3,delivery,0.000870,sce_nbt2026
SCE,2026,2026,bundled,all,2,weekday,4,delivery,0.000890,sce_nbt2026
SCE,2026,2026,bundled,all,2,weekday,5,delivery,0.000860,sce_nbt2026
SCE,2026,2026,bundled,all,2,weekday,6,delivery,0.000850,sce_nbt2026
SCE,2026,2026,bundled,all,2,weekday,7,delivery,0.000860,sce_nbt2026
SCE,2026,2026,bundled,all,2,weekday,8,delivery,0.000700,sce_nbt2026
SCE,2026,2026,bundled,all,2,weekday,9,delivery,0.000670,sce_nbt2026
SCE,2026,2026,bundled,all,2,weekday,10,delivery,0.000620,sce_nbt2026
SCE,2026,2026,bundled,all,2,weekday,11,delivery,0.000620,sce_nbt2026
SCE,2026,2026,bundled,all,2,weekday,12,delivery,0.000550,sce_nbt2026
SCE,2026,2026,bundled,all,2,weekday,13,delivery,0.000490,sce_nbt2026
SCE,2026,2026,bundled,all,2,weekday,14,delivery,0.000470,sce_nbt2026
SCE,2026,2026,bundled,all,2,weekday,15,delivery,0.000450,sce_nbt2026
SCE,2026,2026,bundled,all,2,weekday,16,delivery,0.000730,sce_nbt2026
SCE,2026,2026,bundled,all,2,weekday,17,delivery,0.001140,sce_nbt2026
SCE,2026,2026,bundled,all,2,weekday,18,delivery,0.001220,sce_nbt2026
SCE,2026,2026,bundled,all,2,weekday,19,delivery,0.001230,sce_nbt2026
SCE,2026,2026,bundled,all,2,weekday,20,delivery,0.001180,sce_nbt2026
SCE,2026,2026,bundled,all,2,weekday,21,delivery,0.001040,sce_nbt2026
SCE,2026,2026,bundled,all,2,weekday,22,delivery,0.001010,sce_nbt2026
SCE,2026,2026,bundled,all,2,weekday,23,delivery,0.000890,sce_nbt2026
SCE,2026,2026,bundled,all,2,weekend_holiday,0,delivery,0.000920,sce_nbt2026
SCE,2026,2026,bundled,all,2,weekend_holiday,1,delivery,0.000930,sce_nbt2026
SCE,2026,2026,bundled,all,2,weekend_holiday,2,delivery,0.000910,sce_nbt2026
SCE,2026,2026,bundled,all,2,weekend_holiday,3,delivery,0.000910,sce_nbt2026
SCE,2026,2026,bundled,all,2,weekend_holiday,4,delivery,0.000910,sce_nbt2026
SCE,2026,2026,bundled,all,2,weekend_holiday,5,delivery,0.000910,sce_nbt2026
SCE,2026,2026,bundled,all,2,weekend_holiday,6,delivery,0.000880,sce_nbt2026
SCE,2026,2026,bundled,all,2,weekend_holiday,7,delivery,0.000710,sce_nbt2026
SCE,2026,2026,bundled,all,2,weekend_holiday,8,delivery,0.000500,sce_nbt2026
SCE,2026,2026,bundled,all,2,weekend_holiday,9,delivery,0.000390,sce_nbt2026
SCE,2026,2026,bundled,all,2,weekend_holiday,10,delivery,0.000390,sce_nbt2026
SCE,2026,2026,bundled,all,2,weekend_holiday,11,delivery,0.000350,sce_nbt2026
SCE,2026,2026,bundled,all,2,weekend_holiday,12,delivery,0.000320,sce_nbt2026
SCE,2026,2026,bundled,all,2,weekend_holiday,13,delivery,0.000210,sce_nbt2026
SCE,2026,2026,bundled,all,2,weekend_holiday,14,delivery,0.000210,sce_nbt2026
SCE,2026,2026,bundled,all,2,weekend_holiday,15,delivery,0.000240,sce_nbt2026
SCE,2026,2026,bundled,all,2,weekend_holiday,16,delivery,0.000660,sce_nbt2026
SCE,2026,2026,bundled,all,2,weekend_holiday,17,delivery,0.001120,sce_nbt2026
SCE,2026,2026,bundled,all,2,weekend_holiday,18,delivery,0.001340,sce_nbt2026
SCE,2026,2026,bundled,all,2,weekend_holiday,19,delivery,0.001290,sce_nbt2026
SCE,2026,2026,bundled,all,2,weekend_holiday,20,delivery,0.001200,sce_nbt2026
SCE,2026,2026,bundled,all,2,weekend_holiday,21,delivery,0.001130,sce_nbt2026
SCE,2026,2026,bundled,all,2,weekend_holiday,22,delivery,0.000980,sce_nbt2026
SCE,2026,2026,bundled,all,2,weekend_holiday,23,delivery,0.001020,sce_nbt2026
SCE,2026,2026,bundled,all,3,weekday,0,delivery,0.000750,sce_nbt2026
SCE,2026,2026,bundled,all,3,weekday,1,delivery,0.000700,sce_nbt2026
SCE,2026,2026,bundled,all,3,weekday,2,delivery,0.000660,sce_nbt2026
SCE,2026,2026,bundled,all,3,weekday,3,delivery,0.000660,sce_nbt2026
SCE,2026,2026,bundled,all,3,weekday,4,delivery,0.000680,sce_nbt2026
SCE,2026,2026,bundled,all,3,weekday,5,delivery,0.000710,sce_nbt2026
SCE,2026,2026,bundled,all,3,weekday,6,delivery,0.000750,sce_nbt2026
SCE,2026,2026,bundled,all,3,weekday,7,delivery,0.000760,sce_nbt2026
SCE,2026,2026,bundled,all,3,weekday,8,delivery,0.000660,sce_nbt2026
SCE,2026,2026,bundled,all,3,weekday,9,delivery,0.000510,sce_nbt2026
SCE,2026,2026,bundled,all,3,weekday,10,delivery,0.000470,sce_nbt2026
SCE,2026,2026,bundled,all,3,weekday,11,delivery,0.000460,sce_nbt2026
SCE,2026,2026,bundled,all,3,weekday,12,delivery,0.000480,sce_nbt2026
SCE,2026,2026,bundled,all,3,weekday,13,delivery,0.000500,sce_nbt2026
SCE,2026,2026,bundled,all,3,weekday,14,delivery,0.000500,sce_nbt2026
SCE,2026,2026,bundled,all,3,weekday,15,delivery,0.000440,sce_nbt2026
SCE,2026,2026,bundled,all,3,weekday,16,delivery,0.000520,sce_nbt2026
SCE,2026,2026,bundled,all,3,weekday,17,delivery,0.000830,sce_nbt2026
SCE,2026,2026,bundled,all,3,weekday,18,delivery,0.001080,sce_nbt2026
SCE,2026,2026,bundled,all,3,weekday,19,delivery,0.001030,sce_nbt2026
SCE,2026,2026,bundled,all,3,weekday,20,delivery,0.001010,sce_nbt2026
SCE,2026,2026,bundled,all,3,weekday,21,delivery,0.000960,sce_nbt2026
SCE,2026,2026,bundled,all,3,weekday,22,delivery,0.000800,sce_nbt2026
SCE,2026,2026,bundled,all,3,weekday,23,delivery,0.000730,sce_nbt2026
SCE,2026,2026,bundled,all,3,weekend_holiday,0,delivery,0.000660,sce_nbt2026
SCE,2026,2026,bundled,all,3,weekend_holiday,1,delivery,0.000670,sce_nbt2026
SCE,2026,2026,bundled,all,3,weekend_holiday,2,delivery,0.000690,sce_nbt2026
SCE,2026,2026,bundled,all,3,weekend_holiday,3,delivery,0.000730,sce_nbt2026
SCE,2026,2026,bundled,all,3,weekend_holiday,4,delivery,0.000720,sce_nbt2026
SCE,2026,2026,bundled,all,3,weekend_holiday,5,delivery,0.000720,sce_nbt2026
SCE,2026,2026,bundled,all,3,weekend_holiday,6,delivery,0.000700,sce_nbt2026
SCE,2026,2026,bundled,all,3,weekend_holiday,7,delivery,0.000640,sce_nbt2026
SCE,2026,2026,bundled,all,3,weekend_holiday,8,delivery,0.000090,sce_nbt2026
SCE,2026,2026,bundled,all,3,weekend_holiday,9,delivery,0.000040,sce_nbt2026
SCE,2026,2026,bundled,all,3,weekend_holiday,10,delivery,0.000080,sce_nbt2026
SCE,2026,2026,bundled,all,3,weekend_holiday,11,delivery,0.000060,sce_nbt2026
SCE,2026,2026,bundled,all,3,weekend_holiday,12,delivery,0.000050,sce_nbt2026
SCE,2026,2026,bundled,all,3,weekend_holiday,13,delivery,0.000060,sce_nbt2026
SCE,2026,2026,bundled,all,3,weekend_holiday,14,delivery,0.000050,sce_nbt2026
SCE,2026,2026,bundled,all,3,weekend_holiday,15,delivery,0.000080,sce_nbt2026
SCE,2026,2026,bundled,all,3,weekend_holiday,16,delivery,0.000200,sce_nbt2026
SCE,2026,2026,bundled,all,3,weekend_holiday,17,delivery,0.000370,sce_nbt2026
SCE,2026,2026,bundled,all,3,weekend_holiday,18,delivery,0.000810,sce_nbt2026
SCE,2026,2026,bundled,all,3,weekend_holiday,19,delivery,0.000860,sce_nbt2026
SCE,2026,2026,bundled,all,3,weekend_holiday,20,delivery,0.000860,sce_nbt2026
SCE,2026,2026,bundled,all,3,weekend_holiday,21,delivery,0.000830,sce_nbt2026
SCE,2026,2026,bundled,all,3,weekend_holiday,22,delivery,0.000760,sce_nbt2026
SCE,2026,2026,bundled,all,3,weekend_holiday,23,delivery,0.000680,sce_nbt2026
SCE,2026,2026,bundled,all,4,weekday,0,delivery,0.000750,sce_nbt2026
SCE,2026,2026,bundled,all,4,weekday,1,delivery,0.000720,sce_nbt2026
SCE,2026,2026,bundled,all,4,weekday,2,delivery,0.000780,sce_nbt2026
SCE,2026,2026,bundled,all,4,weekday,3,delivery,0.000750,sce_nbt2026
SCE,2026,2026,bundled,all,4,weekday,4,delivery,0.000740,sce_nbt2026
SCE,2026,2026,bundled,all,4,weekday,5,delivery,0.000750,sce_nbt2026
SCE,2026,2026,bundled,all,4,weekday,6,delivery,0.000690,sce_nbt2026
SCE,2026,2026,bundled,all,4,weekday,7,delivery,0.000640,sce_nbt2026
SCE,2026,2026,bundled,all,4,weekday,8,delivery,0.000300,sce_nbt2026
SCE,2026,2026,bundled,all,4,weekday,9,delivery,0.000280,sce_nbt2026
SCE,2026,2026,bundled,all,4,weekday,10,delivery,0.000350,sce_nbt2026
SCE,2026,2026,bundled,all,4,weekday,11,delivery,0.000340,sce_nbt2026
SCE,2026,2026,bundled,all,4,weekday,12,delivery,0.000280,sce_nbt2026
SCE,2026,2026,bundled,all,4,weekday,13,delivery,0.000290,sce_nbt2026
SCE,2026,2026,bundled,all,4,weekday,14,delivery,0.000270,sce_nbt2026
SCE,2026,2026,bundled,all,4,weekday,15,delivery,0.000240,sce_nbt2026
SCE,2026,2026,bundled,all,4,weekday,16,delivery,0.000190,sce_nbt2026
SCE,2026,2026,bundled,all,4,weekday,17,delivery,0.000180,sce_nbt2026
SCE,2026,2026,bundled,all,4,weekday,18,delivery,0.000820,sce_nbt2026
SCE,2026,2026,bundled,all,4,weekday,19,delivery,0.000860,sce_nbt2026
SCE,2026,2026,bundled,all,4,weekday,20,delivery,0.000890,sce_nbt2026
SCE,2026,2026,bundled,all,4,weekday,21,delivery,0.000880,sce_nbt2026
SCE,2026,2026,bundled,all,4,weekday,22,delivery,0.000780,sce_nbt2026
SCE,2026,2026,bundled,all,4,weekday,23,delivery,0.000780,sce_nbt2026
SCE,2026,2026,bundled,all,4,weekend_holiday,0,delivery,0.000650,sce_nbt2026
SCE,2026,2026,bundled,all,4,weekend_holiday,1,delivery,0.000640,sce_nbt2026
SCE,2026,2026,bundled,all,4,weekend_holiday,2,delivery,0.000720,sce_nbt2026
SCE,2026,2026,bundled,all,4,weekend_holiday,3,delivery,0.000760,sce_nbt2026
SCE,2026,2026,bundled,all,4,weekend_holiday,4,delivery,0.000730,sce_nbt2026
SCE,2026,2026,bundled,all,4,weekend_holiday,5,delivery,0.000740,sce_nbt2026
SCE,2026,2026,bundled,all,4,weekend_holiday,6,delivery,0.000670,sce_nbt2026
SCE,2026,2026,bundled,all,4,weekend_holiday,7,delivery,0.000450,sce_nbt2026
SCE,2026,2026,bundled,all,4,weekend_holiday,8,delivery,0.000020,sce_nbt2026
SCE,2026,2026,bundled,all,4,weekend_holiday,9,delivery,0.000010,sce_nbt2026
SCE,2026,2026,bundled,all,4,weekend_holiday,10,delivery,0.000080,sce_nbt2026
SCE,2026,2026,bundled,all,4,weekend_holiday,11,delivery,0.000070,sce_nbt2026
SCE,2026,2026,bundled,all,4,weekend_holiday,12,delivery,0.000050,sce_nbt2026
SCE,2026,2026,bundled,all,4,weekend_holiday,13,delivery,0.000050,sce_nbt2026
SCE,2026,2026,bundled,all,4,weekend_holiday,14,delivery,0.000050,sce_nbt2026
SCE,2026,2026,bundled,all,4,weekend_holiday,15,delivery,0.000030,sce_nbt2026
SCE,2026,2026,bundled,all,4,weekend_holiday,16,delivery,0.000030,sce_nbt2026
SCE,2026,2026,bundled,all,4,weekend_holiday,17,delivery,0.000060,sce_nbt2026
SCE,2026,2026,bundled,all,4,weekend_holiday,18,delivery,0.000710,sce_nbt2026
SCE,2026,2026,bundled,all,4,weekend_holiday,19,delivery,0.000870,sce_nbt2026
SCE,2026,2026,bundled,all,4,weekend_holiday,20,delivery,0.000790,sce_nbt2026
SCE,2026,2026,bundled,all,4,weekend_holiday,21,delivery,0.000780,sce_nbt2026
SCE,2026,2026,bundled,all,4,weekend_holiday,22,delivery,0.000720,sce_nbt2026
SCE,2026,2026,bundled,all,4,weekend_holiday,23,delivery,0.000700,sce_nbt2026
SCE,2026,2026,bundled,all,5,weekday,0,delivery,0.000770,sce_nbt2026
SCE,2026,2026,bundled,all,5,weekday,1,delivery,0.000720,sce_nbt2026
SCE,2026,2026,bundled,all,5,weekday,2,delivery,0.000750,sce_nbt2026
SCE,2026,2026,bundled,all,5,weekday,3,delivery,0.000790,sce_nbt2026
SCE,2026,2026,bundled,all,5,weekday,4,delivery,0.000790,sce_nbt2026
SCE,2026,2026,bundled,all,5,weekday,5,delivery,0.000720,sce_nbt2026
SCE,2026,2026,bundled,all,5,weekday,6,delivery,0.000650,sce_nbt2026
SCE,2026,2026,bundled,all,5,weekday,7,delivery,0.000690,sce_nbt2026
SCE,2026,2026,bundled,all,5,weekday,8,delivery,0.000410,sce_nbt2026
SCE,2026,2026,bundled,all,5,weekday,9,delivery,0.000380,sce_nbt2026
SCE,2026,2026,bundled,all,5,weekday,10,delivery,0.000430,sce_nbt2026
SCE,2026,2026,bundled,all,5,weekday,11,delivery,0.000420,sce_nbt2026
SCE,2026,2026,bundled,all,5,weekday,12,delivery,0.000430,sce_nbt2026
SCE,2026,2026,bundled,all,5,weekday,13,delivery,0.000520,sce_nbt2026
SCE,2026,2026,bundled,all,5,weekday,14,delivery,0.000480,sce_nbt2026
SCE,2026,2026,bundled,all,5,weekday,15,delivery,0.000390,sce_nbt2026
SCE,2026,2026,bundled,all,5,weekday,16,delivery,0.000350,sce_nbt2026
SCE,2026,2026,bundled,all,5,weekday,17,delivery,0.000480,sce_nbt2026
SCE,2026,2026,bundled,all,5,weekday,18,delivery,0.000910,sce_nbt2026
SCE,2026,2026,bundled,all,5,weekday,19,delivery,0.000980,sce_nbt2026
SCE,2026,2026,bundled,all,5,weekday,20,delivery,0.000920,sce_nbt2026
SCE,2026,2026,bundled,all,5,weekday,21,delivery,0.000910,sce_nbt2026
SCE,2026,2026,bundled,all,5,weekday,22,delivery,0.000820,sce_nbt2026
SCE,2026,2026,bundled,all,5,weekday,23,delivery,0.000780,sce_nbt2026
SCE,2026,2026,bundled,all,5,weekend_holiday,0,delivery,0.000680,sce_nbt2026
SCE,2026,2026,bundled,all,5,weekend_holiday,1,delivery,0.000680,sce_nbt2026
SCE,2026,2026,bundled,all,5,weekend_holiday,2,delivery,0.000770,sce_nbt2026
SCE,2026,2026,bundled,all,5,weekend_holiday,3,delivery,0.000770,sce_nbt2026
SCE,2026,2026,bundled,all,5,weekend_holiday,4,delivery,0.000740,sce_nbt2026
SCE,2026,2026,bundled,all,5,weekend_holiday,5,delivery,0.000670,sce_nbt2026
SCE,2026,2026,bundled,all,5,weekend_holiday,6,delivery,0.000660,sce_nbt2026
SCE,2026,2026,bundled,all,5,weekend_holiday,7,delivery,0.000340,sce_nbt2026
SCE,2026,2026,bundled,all,5,weekend_holiday,8,delivery,0.000080,sce_nbt2026
SCE,2026,2026,bundled,all,5,weekend_holiday,9,delivery,0.000060,sce_nbt2026
SCE,2026,2026,bundled,all,5,weekend_holiday,10,delivery,0.000060,sce_nbt2026
SCE,2026,2026,bundled,all,5,weekend_holiday,11,delivery,0.000090,sce_nbt2026
SCE,2026,2026,bundled,all,5,weekend_holiday,12,delivery,0.000090,sce_nbt2026
SCE,2026,2026,bundled,all,5,weekend_holiday,13,delivery,0.000100,sce_nbt2026
SCE,2026,2026,bundled,all,5,weekend_holiday,14,delivery,0.000060,sce_nbt2026
SCE,2026,2026,bundled,all,5,weekend_holiday,15,delivery,0.000050,sce_nbt2026
SCE,2026,2026,bundled,all,5,weekend_holiday,16,delivery,0.000050,sce_nbt2026
SCE,2026,2026,bundled,all,5,weekend_holiday,17,delivery,0.000050,sce_nbt2026
SCE,2026,2026,bundled,all,5,weekend_holiday,18,delivery,0.000610,sce_nbt2026
SCE,2026,2026,bundled,all,5,weekend_holiday,19,delivery,0.000880,sce_nbt2026
SCE,2026,2026,bundled,all,5,weekend_holiday,20,delivery,0.000850,sce_nbt2026
SCE,2026,2026,bundled,all,5,weekend_holiday,21,delivery,0.000830,sce_nbt2026
SCE,2026,2026,bundled,all,5,weekend_holiday,22,delivery,0.000780,sce_nbt2026
SCE,2026,2026,bundled,all,5,weekend_holiday,23,delivery,0.000760,sce_nbt2026
SCE,2026,2026,bundled,all,6,weekday,0,delivery,0.000850,sce_nbt2026
SCE,2026,2026,bundled,all,6,weekday,1,delivery,0.000810,sce_nbt2026
SCE,2026,2026,bundled,all,6,weekday,2,delivery,0.000770,sce_nbt2026
SCE,2026,2026,bundled,all,6,weekday,3,delivery,0.000790,sce_nbt2026
SCE,2026,2026,bundled,all,6,weekday,4,delivery,0.000760,sce_nbt2026
SCE,2026,2026,bundled,all,6,weekday,5,delivery,0.000740,sce_nbt2026
SCE,2026,2026,bundled,all,6,weekday,6,delivery,0.000760,sce_nbt2026
SCE,2026,2026,bundled,all,6,weekday,7,delivery,0.000860,sce_nbt2026
SCE,2026,2026,bundled,all,6,weekday,8,delivery,0.000860,sce_nbt2026
SCE,2026,2026,bundled,all,6,weekday,9,delivery,0.000950,sce_nbt2026
SCE,2026,2026,bundled,all,6,weekday,10,delivery,0.001080,sce_nbt2026
SCE,2026,2026,bundled,all,6,weekday,11,delivery,0.001250,sce_nbt2026
SCE,2026,2026,bundled,all,6,weekday,12,delivery,0.001460,sce_nbt2026
SCE,2026,2026,bundled,all,6,weekday,13,delivery,0.001920,sce_nbt2026
SCE,2026,2026,bundled,all,6,weekday,14,delivery,0.002630,sce_nbt2026
SCE,2026,2026,bundled,all,6,weekday,15,delivery,0.003200,sce_nbt2026
SCE,2026,2026,bundled,all,6,weekday,16,delivery,0.003540,sce_nbt2026
SCE,2026,2026,bundled,all,6,weekday,17,delivery,0.003650,sce_nbt2026
SCE,2026,2026,bundled,all,6,weekday,18,delivery,0.003570,sce_nbt2026
SCE,2026,2026,bundled,all,6,weekday,19,delivery,0.002480,sce_nbt2026
SCE,2026,2026,bundled,all,6,weekday,20,delivery,0.002070,sce_nbt2026
SCE,2026,2026,bundled,all,6,weekday,21,delivery,0.001960,sce_nbt2026
SCE,2026,2026,bundled,all,6,weekday,22,delivery,0.001310,sce_nbt2026
SCE,2026,2026,bundled,all,6,weekday,23,delivery,0.000930,sce_nbt2026
SCE,2026,2026,bundled,all,6,weekend_holiday,0,delivery,0.000760,sce_nbt2026
SCE,2026,2026,bundled,all,6,weekend_holiday,1,delivery,0.000700,sce_nbt2026
SCE,2026,2026,bundled,all,6,weekend_holiday,2,delivery,0.000700,sce_nbt2026
SCE,2026,2026,bundled,all,6,weekend_holiday,3,delivery,0.000690,sce_nbt2026
SCE,2026,2026,bundled,all,6,weekend_holiday,4,delivery,0.000660,sce_nbt2026
SCE,2026,2026,bundled,all,6,weekend_holiday,5,delivery,0.000740,sce_nbt2026
SCE,2026,2026,bundled,all,6,weekend_holiday,6,delivery,0.000690,sce_nbt2026
SCE,2026,2026,bundled,all,6,weekend_holiday,7,delivery,0.000600,sce_nbt2026
SCE,2026,2026,bundled,all,6,weekend_holiday,8,delivery,0.000220,sce_nbt2026
SCE,2026,2026,bundled,all,6,weekend_holiday,9,delivery,0.000180,sce_nbt2026
SCE,2026,2026,bundled,all,6,weekend_holiday,10,delivery,0.000250,sce_nbt2026
SCE,2026,2026,bundled,all,6,weekend_holiday,11,delivery,0.000200,sce_nbt2026
SCE,2026,2026,bundled,all,6,weekend_holiday,12,delivery,0.000230,sce_nbt2026
SCE,2026,2026,bundled,all,6,weekend_holiday,13,delivery,0.000300,sce_nbt2026
SCE,2026,2026,bundled,all,6,weekend_holiday,14,delivery,0.000480,sce_nbt2026
SCE,2026,2026,bundled,all,6,weekend_holiday,15,delivery,0.000530,sce_nbt2026
SCE,2026,2026,bundled,all,6,weekend_holiday,16,delivery,0.000570,sce_nbt2026
SCE,2026,2026,bundled,all,6,weekend_holiday,17,delivery,0.000800,sce_nbt2026
SCE,2026,2026,bundled,all,6,weekend_holiday,18,delivery,0.001220,sce_nbt2026
SCE,2026,2026,bundled,all,6,weekend_holiday,19,delivery,0.001270,sce_nbt2026
SCE,2026,2026,bundled,all,6,weekend_holiday,20,delivery,0.001100,sce_nbt2026
SCE,2026,2026,bundled,all,6,weekend_holiday,21,delivery,0.001020,sce_nbt2026
SCE,2026,2026,bundled,all,6,weekend_holiday,22,delivery,0.000890,sce_nbt2026
SCE,2026,2026,bundled,all,6,weekend_holiday,23,delivery,0.000760,sce_nbt2026
SCE,2026,2026,bundled,all,7,weekday,0,delivery,0.000830,sce_nbt2026
SCE,2026,2026,bundled,all,7,weekday,1,delivery,0.000800,sce_nbt2026
SCE,2026,2026,bundled,all,7,weekday,2,delivery,0.000750,sce_nbt2026
SCE,2026,2026,bundled,all,7,weekday,3,delivery,0.000750,sce_nbt2026
SCE,2026,2026,bundled,all,7,weekday,4,delivery,0.000710,sce_nbt2026
SCE,2026,2026,bundled,all,7,weekday,5,delivery,0.000710,sce_nbt2026
SCE,2026,2026,bundled,all,7,weekday,6,delivery,0.000790,sce_nbt2026
SCE,2026,2026,bundled,all,7,weekday,7,delivery,0.000920,sce_nbt2026
SCE,2026,2026,bundled,all,7,weekday,8,delivery,0.001070,sce_nbt2026
SCE,2026,2026,bundled,all,7,weekday,9,delivery,0.001120,sce_nbt2026
SCE,2026,2026,bundled,all,7,weekday,10,delivery,0.001230,sce_nbt2026
SCE,2026,2026,bundled,all,7,weekday,11,delivery,0.001310,sce_nbt2026
SCE,2026,2026,bundled,all,7,weekday,12,delivery,0.001390,sce_nbt2026
SCE,2026,2026,bundled,all,7,weekday,13,delivery,0.043180,sce_nbt2026
SCE,2026,2026,bundled,all,7,weekday,14,delivery,0.130450,sce_nbt2026
SCE,2026,2026,bundled,all,7,weekday,15,delivery,0.177490,sce_nbt2026
SCE,2026,2026,bundled,all,7,weekday,16,delivery,0.181220,sce_nbt2026
SCE,2026,2026,bundled,all,7,weekday,17,delivery,0.223300,sce_nbt2026
SCE,2026,2026,bundled,all,7,weekday,18,delivery,0.136180,sce_nbt2026
SCE,2026,2026,bundled,all,7,weekday,19,delivery,0.129720,sce_nbt2026
SCE,2026,2026,bundled,all,7,weekday,20,delivery,0.002110,sce_nbt2026
SCE,2026,2026,bundled,all,7,weekday,21,delivery,0.001950,sce_nbt2026
SCE,2026,2026,bundled,all,7,weekday,22,delivery,0.001330,sce_nbt2026
SCE,2026,2026,bundled,all,7,weekday,23,delivery,0.000970,sce_nbt2026
SCE,2026,2026,bundled,all,7,weekend_holiday,0,delivery,0.000860,sce_nbt2026
SCE,2026,2026,bundled,all,7,weekend_holiday,1,delivery,0.000770,sce_nbt2026
SCE,2026,2026,bundled,all,7,weekend_holiday,2,delivery,0.000730,sce_nbt2026
SCE,2026,2026,bundled,all,7,weekend_holiday,3,delivery,0.000720,sce_nbt2026
SCE,2026,2026,bundled,all,7,weekend_holiday,4,delivery,0.000690,sce_nbt2026
SCE,2026,2026,bundled,all,7,weekend_holiday,5,delivery,0.000700,sce_nbt2026
SCE,2026,2026,bundled,all,7,weekend_holiday,6,delivery,0.000680,sce_nbt2026
SCE,2026,2026,bundled,all,7,weekend_holiday,7,delivery,0.000690,sce_nbt2026
SCE,2026,2026,bundled,all,7,weekend_holiday,8,delivery,0.000370,sce_nbt2026
SCE,2026,2026,bundled,all,7,weekend_holiday,9,delivery,0.000380,sce_nbt2026
SCE,2026,2026,bundled,all,7,weekend_holiday,10,delivery,0.000450,sce_nbt2026
SCE,2026,2026,bundled,all,7,weekend_holiday,11,delivery,0.000460,sce_nbt2026
SCE,2026,2026,bundled,all,7,weekend_holiday,12,delivery,0.000570,sce_nbt2026
SCE,2026,2026,bundled,all,7,weekend_holiday,13,delivery,0.000840,sce_nbt2026
SCE,2026,2026,bundled,all,7,weekend_holiday,14,delivery,0.088270,sce_nbt2026
SCE,2026,2026,bundled,all,7,weekend_holiday,15,delivery,0.091430,sce_nbt2026
SCE,2026,2026,bundled,all,7,weekend_holiday,16,delivery,0.093160,sce_nbt2026
SCE,2026,2026,bundled,all,7,weekend_holiday,17,delivery,0.093390,sce_nbt2026
SCE,2026,2026,bundled,all,7,weekend_holiday,18,delivery,0.089550,sce_nbt2026
SCE,2026,2026,bundled,all,7,weekend_holiday,19,delivery,0.001950,sce_nbt2026
SCE,2026,2026,bundled,all,7,weekend_holiday,20,delivery,0.001710,sce_nbt2026
SCE,2026,2026,bundled,all,7,weekend_holiday,21,delivery,0.001440,sce_nbt2026
SCE,2026,2026,bundled,all,7,weekend_holiday,22,delivery,0.001070,sce_nbt2026
SCE,2026,2026,bundled,all,7,weekend_holiday,23,delivery,0.000880,sce_nbt2026
SCE,2026,2026,bundled,all,8,weekday,0,delivery,0.001000,sce_nbt2026
SCE,2026,2026,bundled,all,8,weekday,1,delivery,0.000950,sce_nbt2026
SCE,2026,2026,bundled,all,8,weekday,2,delivery,0.000910,sce_nbt2026
SCE,2026,2026,bundled,all,8,weekday,3,delivery,0.000860,sce_nbt2026
SCE,2026,2026,bundled,all,8,weekday,4,delivery,0.000840,sce_nbt2026
SCE,2026,2026,bundled,all,8,weekday,5,delivery,0.000850,sce_nbt2026
SCE,2026,2026,bundled,all,8,weekday,6,delivery,0.000890,sce_nbt2026
SCE,2026,2026,bundled,all,8,weekday,7,delivery,0.000970,sce_nbt2026
SCE,2026,2026,bundled,all,8,weekday,8,delivery,0.001080,sce_nbt2026
SCE,2026,2026,bundled,all,8,weekday,9,delivery,0.001230,sce_nbt2026
SCE,2026,2026,bundled,all,8,weekday,10,delivery,0.001380,sce_nbt2026
SCE,2026,2026,bundled,all,8,weekday,11,delivery,0.001540,sce_nbt2026
SCE,2026,2026,bundled,all,8,weekday,12,delivery,0.001700,sce_nbt2026
SCE,2026,2026,bundled,all,8,weekday,13,delivery,0.002230,sce_nbt2026
SCE,2026,2026,bundled,all,8,weekday,14,delivery,0.079290,sce_nbt2026
SCE,2026,2026,bundled,all,8,weekday,15,delivery,0.235960,sce_nbt2026
SCE,2026,2026,bundled,all,8,weekday,16,delivery,0.316210,sce_nbt2026
SCE,2026,2026,bundled,all,8,weekday,17,delivery,0.317590,sce_nbt2026
SCE,2026,2026,bundled,all,8,weekday,18,delivery,0.199600,sce_nbt2026
SCE,2026,2026,bundled,all,8,weekday,19,delivery,0.080700,sce_nbt2026
SCE,2026,2026,bundled,all,8,weekday,20,delivery,0.040370,sce_nbt2026
SCE,2026,2026,bundled,all,8,weekday,21,delivery,0.002310,sce_nbt2026
SCE,2026,2026,bundled,all,8,weekday,22,delivery,0.001480,sce_nbt2026
SCE,2026,2026,bundled,all,8,weekday,23,delivery,0.001100,sce_nbt2026
SCE,2026,2026,bundled,all,8,weekend_holiday,0,delivery,0.000940,sce_nbt2026
SCE,2026,2026,bundled,all,8,weekend_holiday,1,delivery,0.000880,sce_nbt2026
SCE,2026,2026,bundled,all,8,weekend_holiday,2,delivery,0.000880,sce_nbt2026
SCE,2026,2026,bundled,all,8,weekend_holiday,3,delivery,0.000800,sce_nbt2026
SCE,2026,2026,bundled,all,8,weekend_holiday,4,delivery,0.000770,sce_nbt2026
SCE,2026,2026,bundled,all,8,weekend_holiday,5,delivery,0.000780,sce_nbt2026
SCE,2026,2026,bundled,all,8,weekend_holiday,6,delivery,0.000720,sce_nbt2026
SCE,2026,2026,bundled,all,8,weekend_holiday,7,delivery,0.000630,sce_nbt2026
SCE,2026,2026,bundled,all,8,weekend_holiday,8,delivery,0.000470,sce_nbt2026
SCE,2026,2026,bundled,all,8,weekend_holiday,9,delivery,0.000430,sce_nbt2026
SCE,2026,2026,bundled,all,8,weekend_holiday,10,delivery,0.000460,sce_nbt2026
SCE,2026,2026,bundled,all,8,weekend_holiday,11,delivery,0.000510,sce_nbt2026
SCE,2026,2026,bundled,all,8,weekend_holiday,12,delivery,0.000700,sce_nbt2026
SCE,2026,2026,bundled,all,8,weekend_holiday,13,delivery,0.001190,sce_nbt2026
SCE,2026,2026,bundled,all,8,weekend_holiday,14,delivery,0.002350,sce_nbt2026
SCE,2026,2026,bundled,all,8,weekend_holiday,15,delivery,0.003790,sce_nbt2026
SCE,2026,2026,bundled,all,8,weekend_holiday,16,delivery,0.004440,sce_nbt2026
SCE,2026,2026,bundled,all,8,weekend_holiday,17,delivery,0.004800,sce_nbt2026
SCE,2026,2026,bundled,all,8,weekend_holiday,18,delivery,0.004740,sce_nbt2026
SCE,2026,2026,bundled,all,8,weekend_holiday,19,delivery,0.002900,sce_nbt2026
SCE,2026,2026,bundled,all,8,weekend_holiday,20,delivery,0.002120,sce_nbt2026
SCE,2026,2026,bundled,all,8,weekend_holiday,21,delivery,0.001660,sce_nbt2026
SCE,2026,2026,bundled,all,8,weekend_holiday,22,delivery,0.001160,sce_nbt2026
SCE,2026,2026,bundled,all,8,weekend_holiday,23,delivery,0.000960,sce_nbt2026
SCE,2026,2026,bundled,all,9,weekday,0,delivery,0.000940,sce_nbt2026
SCE,2026,2026,bundled,all,9,weekday,1,delivery,0.000920,sce_nbt2026
SCE,2026,2026,bundled,all,9,weekday,2,delivery,0.000880,sce_nbt2026
SCE,2026,2026,bundled,all,9,weekday,3,delivery,0.000840,sce_nbt2026
SCE,2026,2026,bundled,all,9,weekday,4,delivery,0.000830,sce_nbt2026
SCE,2026,2026,bundled,all,9,weekday,5,delivery,0.000860,sce_nbt2026
SCE,2026,2026,bundled,all,9,weekday,6,delivery,0.000870,sce_nbt2026
SCE,2026,2026,bundled,all,9,weekday,7,delivery,0.000860,sce_nbt2026
SCE,2026,2026,bundled,all,9,weekday,8,delivery,0.000910,sce_nbt2026
SCE,2026,2026,bundled,all,9,weekday,9,delivery,0.001020,sce_nbt2026
SCE,2026,2026,bundled,all,9,weekday,10,delivery,0.001170,sce_nbt2026
SCE,2026,2026,bundled,all,9,weekday,11,delivery,0.001310,sce_nbt2026
SCE,2026,2026,bundled,all,9,weekday,12,delivery,0.001480,sce_nbt2026
SCE,2026,2026,bundled,all,9,weekday,13,delivery,0.001840,sce_nbt2026
SCE,2026,2026,bundled,all,9,weekday,14,delivery,0.002240,sce_nbt2026
SCE,2026,2026,bundled,all,9,weekday,15,delivery,0.002370,sce_nbt2026
SCE,2026,2026,bundled,all,9,weekday,16,delivery,0.002400,sce_nbt2026
SCE,2026,2026,bundled,all,9,weekday,17,delivery,0.002320,sce_nbt2026
SCE,2026,2026,bundled,all,9,weekday,18,delivery,0.002220,sce_nbt2026
SCE,2026,2026,bundled,all,9,weekday,19,delivery,0.002020,sce_nbt2026
SCE,2026,2026,bundled,all,9,weekday,20,delivery,0.001860,sce_nbt2026
SCE,2026,2026,bundled,all,9,weekday,21,delivery,0.001620,sce_nbt2026
SCE,2026,2026,bundled,all,9,weekday,22,delivery,0.001290,sce_nbt2026
SCE,2026,2026,bundled,all,9,weekday,23,delivery,0.001070,sce_nbt2026
SCE,2026,2026,bundled,all,9,weekend_holiday,0,delivery,0.000850,sce_nbt2026
SCE,2026,2026,bundled,all,9,weekend_holiday,1,delivery,0.000850,sce_nbt2026
SCE,2026,2026,bundled,all,9,weekend_holiday,2,delivery,0.000840,sce_nbt2026
SCE,2026,2026,bundled,all,9,weekend_holiday,3,delivery,0.000800,sce_nbt2026
SCE,2026,2026,bundled,all,9,weekend_holiday,4,delivery,0.000780,sce_nbt2026
SCE,2026,2026,bundled,all,9,weekend_holiday,5,delivery,0.000780,sce_nbt2026
SCE,2026,2026,bundled,all,9,weekend_holiday,6,delivery,0.000770,sce_nbt2026
SCE,2026,2026,bundled,all,9,weekend_holiday,7,delivery,0.000670,sce_nbt2026
SCE,2026,2026,bundled,all,9,weekend_holiday,8,delivery,0.000450,sce_nbt2026
SCE,2026,2026,bundled,all,9,weekend_holiday,9,delivery,0.000350,sce_nbt2026
SCE,2026,2026,bundled,all,9,weekend_holiday,10,delivery,0.000360,sce_nbt2026
SCE,2026,2026,bundled,all,9,weekend_holiday,11,delivery,0.000400,sce_nbt2026
SCE,2026,2026,bundled,all,9,weekend_holiday,12,delivery,0.000440,sce_nbt2026
SCE,2026,2026,bundled,all,9,weekend_holiday,13,delivery,0.000710,sce_nbt2026
SCE,2026,2026,bundled,all,9,weekend_holiday,14,delivery,0.001120,sce_nbt2026
SCE,2026,2026,bundled,all,9,weekend_holiday,15,delivery,0.001450,sce_nbt2026
SCE,2026,2026,bundled,all,9,weekend_holiday,16,delivery,0.082180,sce_nbt2026
SCE,2026,2026,bundled,all,9,weekend_holiday,17,delivery,0.082650,sce_nbt2026
SCE,2026,2026,bundled,all,9,weekend_holiday,18,delivery,0.002190,sce_nbt2026
SCE,2026,2026,bundled,all,9,weekend_holiday,19,delivery,0.001710,sce_nbt2026
SCE,2026,2026,bundled,all,9,weekend_holiday,20,delivery,0.001510,sce_nbt2026
SCE,2026,2026,bundled,all,9,weekend_holiday,21,delivery,0.001460,sce_nbt2026
SCE,2026,2026,bundled,all,9,weekend_holiday,22,delivery,0.001180,sce_nbt2026
SCE,2026,2026,bundled,all,9,weekend_holiday,23,delivery,0.000970,sce_nbt2026
SCE,2026,2026,bundled,all,10,weekday,0,delivery,0.000880,sce_nbt2026
SCE,2026,2026,bundled,all,10,weekday,1,delivery,0.000880,sce_nbt2026
SCE,2026,2026,bundled,all,10,weekday,2,delivery,0.000840,sce_nbt2026
SCE,2026,2026,bundled,all,10,weekday,3,delivery,0.000800,sce_nbt2026
SCE,2026,2026,bundled,all,10,weekday,4,delivery,0.000790,sce_nbt2026
SCE,2026,2026,bundled,all,10,weekday,5,delivery,0.000790,sce_nbt2026
SCE,2026,2026,bundled,all,10,weekday,6,delivery,0.000870,sce_nbt2026
SCE,2026,2026,bundled,all,10,weekday,7,delivery,0.000850,sce_nbt2026
SCE,2026,2026,bundled,all,10,weekday,8,delivery,0.000880,sce_nbt2026
SCE,2026,2026,bundled,all,10,weekday,9,delivery,0.000930,sce_nbt2026
SCE,2026,2026,bundled,all,10,weekday,10,delivery,0.001020,sce_nbt2026
SCE,2026,2026,bundled,all,10,weekday,11,delivery,0.001110,sce_nbt2026
SCE,2026,2026,bundled,all,10,weekday,12,delivery,0.001220,sce_nbt2026
SCE,2026,2026,bundled,all,10,weekday,13,delivery,0.001380,sce_nbt2026
SCE,2026,2026,bundled,all,10,weekday,14,delivery,0.001600,sce_nbt2026
SCE,2026,2026,bundled,all,10,weekday,15,delivery,0.001680,sce_nbt2026
SCE,2026,2026,bundled,all,10,weekday,16,delivery,0.001750,sce_nbt2026
SCE,2026,2026,bundled,all,10,weekday,17,delivery,0.001920,sce_nbt2026
SCE,2026,2026,bundled,all,10,weekday,18,delivery,0.001830,sce_nbt2026
SCE,2026,2026,bundled,all,10,weekday,19,delivery,0.001670,sce_nbt2026
SCE,2026,2026,bundled,all,10,weekday,20,delivery,0.001510,sce_nbt2026
SCE,2026,2026,bundled,all,10,weekday,21,delivery,0.001430,sce_nbt2026
SCE,2026,2026,bundled,all,10,weekday,22,delivery,0.001170,sce_nbt2026
SCE,2026,2026,bundled,all,10,weekday,23,delivery,0.000970,sce_nbt2026
SCE,2026,2026,bundled,all,10,weekend_holiday,0,delivery,0.000800,sce_nbt2026
SCE,2026,2026,bundled,all,10,weekend_holiday,1,delivery,0.000790,sce_nbt2026
SCE,2026,2026,bundled,all,10,weekend_holiday,2,delivery,0.000760,sce_nbt2026
SCE,2026,2026,bundled,all,10,weekend_holiday,3,delivery,0.000760,sce_nbt2026
SCE,2026,2026,bundled,all,10,weekend_holiday,4,delivery,0.000740,sce_nbt2026
SCE,2026,2026,bundled,all,10,weekend_holiday,5,delivery,0.000740,sce_nbt2026
SCE,2026,2026,bundled,all,10,weekend_holiday,6,delivery,0.000710,sce_nbt2026
SCE,2026,2026,bundled,all,10,weekend_holiday,7,delivery,0.000640,sce_nbt2026
SCE,2026,2026,bundled,all,10,weekend_holiday,8,delivery,0.000460,sce_nbt2026
SCE,2026,2026,bundled,all,10,weekend_holiday,9,delivery,0.000230,sce_nbt2026
SCE,2026,2026,bundled,all,10,weekend_holiday,10,delivery,0.000230,sce_nbt2026
SCE,2026,2026,bundled,all,10,weekend_holiday,11,delivery,0.000270,sce_nbt2026
SCE,2026,2026,bundled,all,10,weekend_holiday,12,delivery,0.000300,sce_nbt2026
SCE,2026,2026,bundled,all,10,weekend_holiday,13,delivery,0.000380,sce_nbt2026
SCE,2026,2026,bundled,all,10,weekend_holiday,14,delivery,0.000620,sce_nbt2026
SCE,2026,2026,bundled,all,10,weekend_holiday,15,delivery,0.000850,sce_nbt2026
SCE,2026,2026,bundled,all,10,weekend_holiday,16,delivery,0.001060,sce_nbt2026
SCE,2026,2026,bundled,all,10,weekend_holiday,17,delivery,0.001410,sce_nbt2026
SCE,2026,2026,bundled,all,10,weekend_holiday,18,delivery,0.001380,sce_nbt2026
SCE,2026,2026,bundled,all,10,weekend_holiday,19,delivery,0.001360,sce_nbt2026
SCE,2026,2026,bundled,all,10,weekend_holiday,20,delivery,0.001250,sce_nbt2026
SCE,2026,2026,bundled,all,10,weekend_holiday,21,delivery,0.001170,sce_nbt2026
SCE,2026,2026,bundled,all,10,weekend_holiday,22,delivery,0.001080,sce_nbt2026
SCE,2026,2026,bundled,all,10,weekend_holiday,23,delivery,0.000880,sce_nbt2026
SCE,2026,2026,bundled,all,11,weekday,0,delivery,0.000800,sce_nbt2026
SCE,2026,2026,bundled,all,11,weekday,1,delivery,0.000790,sce_nbt2026
SCE,2026,2026,bundled,all,11,weekday,2,delivery,0.000780,sce_nbt2026
SCE,2026,2026,bundled,all,11,weekday,3,delivery,0.000770,sce_nbt2026
SCE,2026,2026,bundled,all,11,weekday,4,delivery,0.000800,sce_nbt2026
SCE,2026,2026,bundled,all,11,weekday,5,delivery,0.000830,sce_nbt2026
SCE,2026,2026,bundled,all,11,weekday,6,delivery,0.000840,sce_nbt2026
SCE,2026,2026,bundled,all,11,weekday,7,delivery,0.000830,sce_nbt2026
SCE,2026,2026,bundled,all,11,weekday,8,delivery,0.000800,sce_nbt2026
SCE,2026,2026,bundled,all,11,weekday,9,delivery,0.000840,sce_nbt2026
SCE,2026,2026,bundled,all,11,weekday,10,delivery,0.000860,sce_nbt2026
SCE,2026,2026,bundled,all,11,weekday,11,delivery,0.000890,sce_nbt2026
SCE,2026,2026,bundled,all,11,weekday,12,delivery,0.000960,sce_nbt2026
SCE,2026,2026,bundled,all,11,weekday,13,delivery,0.001030,sce_nbt2026
SCE,2026,2026,bundled,all,11,weekday,14,delivery,0.001140,sce_nbt2026
SCE,2026,2026,bundled,all,11,weekday,15,delivery,0.001280,sce_nbt2026
SCE,2026,2026,bundled,all,11,weekday,16,delivery,0.001520,sce_nbt2026
SCE,2026,2026,bundled,all,11,weekday,17,delivery,0.001550,sce_nbt2026
SCE,2026,2026,bundled,all,11,weekday,18,delivery,0.001610,sce_nbt2026
SCE,2026,2026,bundled,all,11,weekday,19,delivery,0.001430,sce_nbt2026
SCE,2026,2026,bundled,all,11,weekday,20,delivery,0.001320,sce_nbt2026
SCE,2026,2026,bundled,all,11,weekday,21,delivery,0.001150,sce_nbt2026
SCE,2026,2026,bundled,all,11,weekday,22,delivery,0.000920,sce_nbt2026
SCE,2026,2026,bundled,all,11,weekday,23,delivery,0.000850,sce_nbt2026
SCE,2026,2026,bundled,all,11,weekend_holiday,0,delivery,0.000760,sce_nbt2026
SCE,2026,2026,bundled,all,11,weekend_holiday,1,delivery,0.000730,sce_nbt2026
SCE,2026,2026,bundled,all,11,weekend_holiday,2,delivery,0.000720,sce_nbt2026
SCE,2026,2026,bundled,all,11,weekend_holiday,3,delivery,0.000720,sce_nbt2026
SCE,2026,2026,bundled,all,11,weekend_holiday,4,delivery,0.000720,sce_nbt2026
SCE,2026,2026,bundled,all,11,weekend_holiday,5,delivery,0.000740,sce_nbt2026
SCE,2026,2026,bundled,all,11,weekend_holiday,6,delivery,0.000780,sce_nbt2026
SCE,2026,2026,bundled,all,11,weekend_holiday,7,delivery,0.000630,sce_nbt2026
SCE,2026,2026,bundled,all,11,weekend_holiday,8,delivery,0.000530,sce_nbt2026
SCE,2026,2026,bundled,all,11,weekend_holiday,9,delivery,0.000500,sce_nbt2026
SCE,2026,2026,bundled,all,11,weekend_holiday,10,delivery,0.000530,sce_nbt2026
SCE,2026,2026,bundled,all,11,weekend_holiday,11,delivery,0.000560,sce_nbt2026
SCE,2026,2026,bundled,all,11,weekend_holiday,12,delivery,0.000690,sce_nbt2026
SCE,2026,2026,bundled,all,11,weekend_holiday,13,delivery,0.000810,sce_nbt2026
SCE,2026,2026,bundled,all,11,weekend_holiday,14,delivery,0.000940,sce_nbt2026
SCE,2026,2026,bundled,all,11,weekend_holiday,15,delivery,0.001230,sce_nbt2026
SCE,2026,2026,bundled,all,11,weekend_holiday,16,delivery,0.001610,sce_nbt2026
SCE,2026,2026,bundled,all,11,weekend_holiday,17,delivery,0.001470,sce_nbt2026
SCE,2026,2026,bundled,all,11,weekend_holiday,18,delivery,0.001310,sce_nbt2026
SCE,2026,2026,bundled,all,11,weekend_holiday,19,delivery,0.001230,sce_nbt2026
SCE,2026,2026,bundled,all,11,weekend_holiday,20,delivery,0.001230,sce_nbt2026
SCE,2026,2026,bundled,all,11,weekend_holiday,21,delivery,0.001000,sce_nbt2026
SCE,2026,2026,bundled,all,11,weekend_holiday,22,delivery,0.000870,sce_nbt2026
SCE,2026,2026,bundled,all,11,weekend_holiday,23,delivery,0.000770,sce_nbt2026
SCE,2026,2026,bundled,all,12,weekday,0,delivery,0.000840,sce_nbt2026
SCE,2026,2026,bundled,all,12,weekday,1,delivery,0.000820,sce_nbt2026
SCE,2026,2026,bundled,all,12,weekday,2,delivery,0.000800,sce_nbt2026
SCE,2026,2026,bundled,all,12,weekday,3,delivery,0.000790,sce_nbt2026
SCE,2026,2026,bundled,all,12,weekday,4,delivery,0.000810,sce_nbt2026
SCE,2026,2026,bundled,all,12,weekday,5,delivery,0.000830,sce_nbt2026
SCE,2026,2026,bundled,all,12,weekday,6,delivery,0.000910,sce_nbt2026
SCE,2026,2026,bundled,all,12,weekday,7,delivery,0.000860,sce_nbt2026
SCE,2026,2026,bundled,all,12,weekday,8,delivery,0.000800,sce_nbt2026
SCE,2026,2026,bundled,all,12,weekday,9,delivery,0.000760,sce_nbt2026
SCE,2026,2026,bundled,all,12,weekday,10,delivery,0.000730,sce_nbt2026
SCE,2026,2026,bundled,all,12,weekday,11,delivery,0.000690,sce_nbt2026
SCE,2026,2026,bundled,all,12,weekday,12,delivery,0.000650,sce_nbt2026
SCE,2026,2026,bundled,all,12,weekday,13,delivery,0.000650,sce_nbt2026
SCE,2026,2026,bundled,all,12,weekday,14,delivery,0.000630,sce_nbt2026
SCE,2026,2026,bundled,all,12,weekday,15,delivery,0.000720,sce_nbt2026
SCE,2026,2026,bundled,all,12,weekday,16,delivery,0.000980,sce_nbt2026
SCE,2026,2026,bundled,all,12,weekday,17,delivery,0.001090,sce_nbt2026
SCE,2026,2026,bundled,all,12,weekday,18,delivery,0.001310,sce_nbt2026
SCE,2026,2026,bundled,all,12,weekday,19,delivery,0.001300,sce_nbt2026
SCE,2026,2026,bundled,all,12,weekday,20,delivery,0.001190,sce_nbt2026
SCE,2026,2026,bundled,all,12,weekday,21,delivery,0.001110,sce_nbt2026
SCE,2026,2026,bundled,all,12,weekday,22,delivery,0.000980,sce_nbt2026
SCE,2026,2026,bundled,all,12,weekday,23,delivery,0.000890,sce_nbt2026
SCE,2026,2026,bundled,all,12,weekend_holiday,0,delivery,0.000790,sce_nbt2026
SCE,2026,2026,bundled,all,12,weekend_holiday,1,delivery,0.000780,sce_nbt2026
SCE,2026,2026,bundled,all,12,weekend_holiday,2,delivery,0.000740,sce_nbt2026
SCE,2026,2026,bundled,all,12,weekend_holiday,3,delivery,0.000710,sce_nbt2026
SCE,2026,2026,bundled,all,12,weekend_holiday,4,delivery,0.000700,sce_nbt2026
SCE,2026,2026,bundled,all,12,weekend_holiday,5,delivery,0.000720,sce_nbt2026
SCE,2026,2026,bundled,all,12,weekend_holiday,6,delivery,0.000750,sce_nbt2026
SCE,2026,2026,bundled,all,12,weekend_holiday,7,delivery,0.000660,sce_nbt2026
SCE,2026,2026,bundled,all,12,weekend_holiday,8,delivery,0.000460,sce_nbt2026
SCE,2026,2026,bundled,all,12,weekend_holiday,9,delivery,0.000270,sce_nbt2026
SCE,2026,2026,bundled,all,12,weekend_holiday,10,delivery,0.000220,sce_nbt2026
SCE,2026,2026,bundled,all,12,weekend_holiday,11,delivery,0.000220,sce_nbt2026
SCE,2026,2026,bundled,all,12,weekend_holiday,12,delivery,0.000220,sce_nbt2026
SCE,2026,2026,bundled,all,12,weekend_holiday,13,delivery,0.000160,sce_nbt2026
SCE,2026,2026,bundled,all,12,weekend_holiday,14,delivery,0.000150,sce_nbt2026
SCE,2026,2026,bundled,all,12,weekend_holiday,15,delivery,0.000400,sce_nbt2026
SCE,2026,2026,bundled,all,12,weekend_holiday,16,delivery,0.000790,sce_nbt2026
SCE,2026,2026,bundled,all,12,weekend_holiday,17,delivery,0.000960,sce_nbt2026
SCE,2026,2026,bundled,all,12,weekend_holiday,18,delivery,0.001160,sce_nbt2026
SCE,2026,2026,bundled,all,12,weekend_holiday,19,delivery,0.001130,sce_nbt2026
SCE,2026,2026,bundled,all,12,weekend_holiday,20,delivery,0.001040,sce_nbt2026
SCE,2026,2026,bundled,all,12,weekend_holiday,21,delivery,0.000910,sce_nbt2026
SCE,2026,2026,bundled,all,12,weekend_holiday,22,delivery,0.000820,sce_nbt2026
SCE,2026,2026,bundled,all,12,weekend_holiday,23,delivery,0.000730,sce_nbt2026
SCE,2026,2026,bundled,all,1,weekday,0,generation,0.087900,sce_nbt2026
SCE,2026,2026,bundled,all,1,weekday,1,generation,0.085700,sce_nbt2026
SCE,2026,2026,bundled,all,1,weekday,2,generation,0.083370,sce_nbt2026
SCE,2026,2026,bundled,all,1,weekday,3,generation,0.083030,sce_nbt2026
SCE,2026,2026,bundled,all,1,weekday,4,generation,0.084930,sce_nbt2026
SCE,2026,2026,bundled,all,1,weekday,5,generation,0.088710,sce_nbt2026
SCE,2026,2026,bundled,all,1,weekday,6,generation,0.088550,sce_nbt2026
SCE,2026,2026,bundled,all,1,weekday,7,generation,0.084280,sce_nbt2026
SCE,2026,2026,bundled,all,1,weekday,8,generation,0.072530,sce_nbt2026
SCE,2026,2026,bundled,all,1,weekday,9,generation,0.064620,sce_nbt2026
SCE,2026,2026,bundled,all,1,weekday,10,generation,0.062980,sce_nbt2026
SCE,2026,2026,bundled,all,1,weekday,11,generation,0.062210,sce_nbt2026
SCE,2026,2026,bundled,all,1,weekday,12,generation,0.062150,sce_nbt2026
SCE,2026,2026,bundled,all,1,weekday,13,generation,0.059340,sce_nbt2026
SCE,2026,2026,bundled,all,1,weekday,14,generation,0.058480,sce_nbt2026
SCE,2026,2026,bundled,all,1,weekday,15,generation,0.060460,sce_nbt2026
SCE,2026,2026,bundled,all,1,weekday,16,generation,0.076970,sce_nbt2026
SCE,2026,2026,bundled,all,1,weekday,17,generation,0.107050,sce_nbt2026
SCE,2026,2026,bundled,all,1,weekday,18,generation,0.098080,sce_nbt2026
SCE,2026,2026,bundled,all,1,weekday,19,generation,0.088850,sce_nbt2026
SCE,2026,2026,bundled,all,1,weekday,20,generation,0.087550,sce_nbt2026
SCE,2026,2026,bundled,all,1,weekday,21,generation,0.086930,sce_nbt2026
SCE,2026,2026,bundled,all,1,weekday,22,generation,0.091680,sce_nbt2026
SCE,2026,2026,bundled,all,1,weekday,23,generation,0.089620,sce_nbt2026
SCE,2026,2026,bundled,all,1,weekend_holiday,0,generation,0.087450,sce_nbt2026
SCE,2026,2026,bundled,all,1,weekend_holiday,1,generation,0.087980,sce_nbt2026
SCE,2026,2026,bundled,all,1,weekend_holiday,2,generation,0.086280,sce_nbt2026
SCE,2026,2026,bundled,all,1,weekend_holiday,3,generation,0.084830,sce_nbt2026
SCE,2026,2026,bundled,all,1,weekend_holiday,4,generation,0.084330,sce_nbt2026
SCE,2026,2026,bundled,all,1,weekend_holiday,5,generation,0.085310,sce_nbt2026
SCE,2026,2026,bundled,all,1,weekend_holiday,6,generation,0.088520,sce_nbt2026
SCE,2026,2026,bundled,all,1,weekend_holiday,7,generation,0.079590,sce_nbt2026
SCE,2026,2026,bundled,all,1,weekend_holiday,8,generation,0.065910,sce_nbt2026
SCE,2026,2026,bundled,all,1,weekend_holiday,9,generation,0.056650,sce_nbt2026
SCE,2026,2026,bundled,all,1,weekend_holiday,10,generation,0.055030,sce_nbt2026
SCE,2026,2026,bundled,all,1,weekend_holiday,11,generation,0.053970,sce_nbt2026
SCE,2026,2026,bundled,all,1,weekend_holiday,12,generation,0.054280,sce_nbt2026
SCE,2026,2026,bundled,all,1,weekend_holiday,13,generation,0.049810,sce_nbt2026
SCE,2026,2026,bundled,all,1,weekend_holiday,14,generation,0.053230,sce_nbt2026
SCE,2026,2026,bundled,all,1,weekend_holiday,15,generation,0.054910,sce_nbt2026
SCE,2026,2026,bundled,all,1,weekend_holiday,16,generation,0.079020,sce_nbt2026
SCE,2026,2026,bundled,all,1,weekend_holiday,17,generation,0.104360,sce_nbt2026
SCE,2026,2026,bundled,all,1,weekend_holiday,18,generation,0.093440,sce_nbt2026
SCE,2026,2026,bundled,all,1,weekend_holiday,19,generation,0.086000,sce_nbt2026
SCE,2026,2026,bundled,all,1,weekend_holiday,20,generation,0.085370,sce_nbt2026
SCE,2026,2026,bundled,all,1,weekend_holiday,21,generation,0.087370,sce_nbt2026
SCE,2026,2026,bundled,all,1,weekend_holiday,22,generation,0.088600,sce_nbt2026
SCE,2026,2026,bundled,all,1,weekend_holiday,23,generation,0.084880,sce_nbt2026
SCE,2026,2026,bundled,all,2,weekday,0,generation,0.087210,sce_nbt2026
SCE,2026,2026,bundled,all,2,weekday,1,generation,0.084690,sce_nbt2026
SCE,2026,2026,bundled,all,2,weekday,2,generation,0.086510,sce_nbt2026
SCE,2026,2026,bundled,all,2,weekday,3,generation,0.086650,sce_nbt2026
SCE,2026,2026,bundled,all,2,weekday,4,generation,0.088630,sce_nbt2026
SCE,2026,2026,bundled,all,2,weekday,5,generation,0.087080,sce_nbt2026
SCE,2026,2026,bundled,all,2,weekday,6,generation,0.083560,sce_nbt2026
SCE,2026,2026,bundled,all,2,weekday,7,generation,0.080410,sce_nbt2026
SCE,2026,2026,bundled,all,2,weekday,8,generation,0.061730,sce_nbt2026
SCE,2026,2026,bundled,all,2,weekday,9,generation,0.051620,sce_nbt2026
SCE,2026,2026,bundled,all,2,weekday,10,generation,0.048870,sce_nbt2026
SCE,2026,2026,bundled,all,2,weekday,11,generation,0.046970,sce_nbt2026
SCE,2026,2026,bundled,all,2,weekday,12,generation,0.043640,sce_nbt2026
SCE,2026,2026,bundled,all,2,weekday,13,generation,0.038950,sce_nbt2026
SCE,2026,2026,bundled,all,2,weekday,14,generation,0.032510,sce_nbt2026
SCE,2026,2026,bundled,all,2,weekday,15,generation,0.030660,sce_nbt2026
SCE,2026,2026,bundled,all,2,weekday,16,generation,0.064080,sce_nbt2026
SCE,2026,2026,bundled,all,2,weekday,17,generation,0.106250,sce_nbt2026
SCE,2026,2026,bundled,all,2,weekday,18,generation,0.091130,sce_nbt2026
SCE,2026,2026,bundled,all,2,weekday,19,generation,0.085480,sce_nbt2026
SCE,2026,2026,bundled,all,2,weekday,20,generation,0.085910,sce_nbt2026
SCE,2026,2026,bundled,all,2,weekday,21,generation,0.083050,sce_nbt2026
SCE,2026,2026,bundled,all,2,weekday,22,generation,0.090100,sce_nbt2026
SCE,2026,2026,bundled,all,2,weekday,23,generation,0.086360,sce_nbt2026
SCE,2026,2026,bundled,all,2,weekend_holiday,0,generation,0.083700,sce_nbt2026
SCE,2026,2026,bundled,all,2,weekend_holiday,1,generation,0.084720,sce_nbt2026
SCE,2026,2026,bundled,all,2,weekend_holiday,2,generation,0.083380,sce_nbt2026
SCE,2026,2026,bundled,all,2,weekend_holiday,3,generation,0.083220,sce_nbt2026
SCE,2026,2026,bundled,all,2,weekend_holiday,4,generation,0.082280,sce_nbt2026
SCE,2026,2026,bundled,all,2,weekend_holiday,5,generation,0.082090,sce_nbt2026
SCE,2026,2026,bundled,all,2,weekend_holiday,6,generation,0.078430,sce_nbt2026
SCE,2026,2026,bundled,all,2,weekend_holiday,7,generation,0.069310,sce_nbt2026
SCE,2026,2026,bundled,all,2,weekend_holiday,8,generation,0.047320,sce_nbt2026
SCE,2026,2026,bundled,all,2,weekend_holiday,9,generation,0.026770,sce_nbt2026
SCE,2026,2026,bundled,all,2,weekend_holiday,10,generation,0.026730,sce_nbt2026
SCE,2026,2026,bundled,all,2,weekend_holiday,11,generation,0.024480,sce_nbt2026
SCE,2026,2026,bundled,all,2,weekend_holiday,12,generation,0.024160,sce_nbt2026
SCE,2026,2026,bundled,all,2,weekend_holiday,13,generation,0.021860,sce_nbt2026
SCE,2026,2026,bundled,all,2,weekend_holiday,14,generation,0.021430,sce_nbt2026
SCE,2026,2026,bundled,all,2,weekend_holiday,15,generation,0.018800,sce_nbt2026
SCE,2026,2026,bundled,all,2,weekend_holiday,16,generation,0.056380,sce_nbt2026
SCE,2026,2026,bundled,all,2,weekend_holiday,17,generation,0.096900,sce_nbt2026
SCE,2026,2026,bundled,all,2,weekend_holiday,18,generation,0.099610,sce_nbt2026
SCE,2026,2026,bundled,all,2,weekend_holiday,19,generation,0.088100,sce_nbt2026
SCE,2026,2026,bundled,all,2,weekend_holiday,20,generation,0.085150,sce_nbt2026
SCE,2026,2026,bundled,all,2,weekend_holiday,21,generation,0.082130,sce_nbt2026
SCE,2026,2026,bundled,all,2,weekend_holiday,22,generation,0.083100,sce_nbt2026
SCE,2026,2026,bundled,all,2,weekend_holiday,23,generation,0.089700,sce_nbt2026
SCE,2026,2026,bundled,all,3,weekday,0,generation,0.072940,sce_nbt2026
SCE,2026,2026,bundled,all,3,weekday,1,generation,0.069430,sce_nbt2026
SCE,2026,2026,bundled,all,3,weekday,2,generation,0.065560,sce_nbt2026
SCE,2026,2026,bundled,all,3,weekday,3,generation,0.064980,sce_nbt2026
SCE,2026,2026,bundled,all,3,weekday,4,generation,0.066130,sce_nbt2026
SCE,2026,2026,bundled,all,3,weekday,5,generation,0.069220,sce_nbt2026
SCE,2026,2026,bundled,all,3,weekday,6,generation,0.071450,sce_nbt2026
SCE,2026,2026,bundled,all,3,weekday,7,generation,0.064540,sce_nbt2026
SCE,2026,2026,bundled,all,3,weekday,8,generation,0.045920,sce_nbt2026
SCE,2026,2026,bundled,all,3,weekday,9,generation,0.021430,sce_nbt2026
SCE,2026,2026,bundled,all,3,weekday,10,generation,0.016920,sce_nbt2026
SCE,2026,2026,bundled,all,3,weekday,11,generation,0.015750,sce_nbt2026
SCE,2026,2026,bundled,all,3,weekday,12,generation,0.016000,sce_nbt2026
SCE,2026,2026,bundled,all,3,weekday,13,generation,0.011980,sce_nbt2026
SCE,2026,2026,bundled,all,3,weekday,14,generation,0.010420,sce_nbt2026
SCE,2026,2026,bundled,all,3,weekday,15,generation,0.011530,sce_nbt2026
SCE,2026,2026,bundled,all,3,weekday,16,generation,0.022440,sce_nbt2026
SCE,2026,2026,bundled,all,3,weekday,17,generation,0.055680,sce_nbt2026
SCE,2026,2026,bundled,all,3,weekday,18,generation,0.080180,sce_nbt2026
SCE,2026,2026,bundled,all,3,weekday,19,generation,0.079120,sce_nbt2026
SCE,2026,2026,bundled,all,3,weekday,20,generation,0.074230,sce_nbt2026
SCE,2026,2026,bundled,all,3,weekday,21,generation,0.071380,sce_nbt2026
SCE,2026,2026,bundled,all,3,weekday,22,generation,0.067400,sce_nbt2026
SCE,2026,2026,bundled,all,3,weekday,23,generation,0.069000,sce_nbt2026
SCE,2026,2026,bundled,all,3,weekend_holiday,0,generation,0.066160,sce_nbt2026
SCE,2026,2026,bundled,all,3,weekend_holiday,1,generation,0.067400,sce_nbt2026
SCE,2026,2026,bundled,all,3,weekend_holiday,2,generation,0.068720,sce_nbt2026
SCE,2026,2026,bundled,all,3,weekend_holiday,3,generation,0.070250,sce_nbt2026
SCE,2026,2026,bundled,all,3,weekend_holiday,4,generation,0.069250,sce_nbt2026
SCE,2026,2026,bundled,all,3,weekend_holiday,5,generation,0.069210,sce_nbt2026
SCE,2026,2026,bundled,all,3,weekend_holiday,6,generation,0.066730,sce_nbt2026
SCE,2026,2026,bundled,all,3,weekend_holiday,7,generation,0.060300,sce_nbt2026
SCE,2026,2026,bundled,all,3,weekend_holiday,8,generation,0.006250,sce_nbt2026
SCE,2026,2026,bundled,all,3,weekend_holiday,9,generation,0.001810,sce_nbt2026
SCE,2026,2026,bundled,all,3,weekend_holiday,10,generation,0.004570,sce_nbt2026
SCE,2026,2026,bundled,all,3,weekend_holiday,11,generation,0.002830,sce_nbt2026
SCE,2026,2026,bundled,all,3,weekend_holiday,12,generation,0.000610,sce_nbt2026
SCE,2026,2026,bundled,all,3,weekend_holiday,13,generation,0.000590,sce_nbt2026
SCE,2026,2026,bundled,all,3,weekend_holiday,14,generation,0.000000,sce_nbt2026
SCE,2026,2026,bundled,all,3,weekend_holiday,15,generation,0.003750,sce_nbt2026
SCE,2026,2026,bundled,all,3,weekend_holiday,16,generation,0.016190,sce_nbt2026
SCE,2026,2026,bundled,all,3,weekend_holiday,17,generation,0.031100,sce_nbt2026
SCE,2026,2026,bundled,all,3,weekend_holiday,18,generation,0.069960,sce_nbt2026
SCE,2026,2026,bundled,all,3,weekend_holiday,19,generation,0.072520,sce_nbt2026
SCE,2026,2026,bundled,all,3,weekend_holiday,20,generation,0.070150,sce_nbt2026
SCE,2026,2026,bundled,all,3,weekend_holiday,21,generation,0.069690,sce_nbt2026
SCE,2026,2026,bundled,all,3,weekend_holiday,22,generation,0.067890,sce_nbt2026
SCE,2026,2026,bundled,all,3,weekend_holiday,23,generation,0.064200,sce_nbt2026
SCE,2026,2026,bundled,all,4,weekday,0,generation,0.073130,sce_nbt2026
SCE,2026,2026,bundled,all,4,weekday,1,generation,0.071040,sce_nbt2026
SCE,2026,2026,bundled,all,4,weekday,2,generation,0.076000,sce_nbt2026
SCE,2026,2026,bundled,all,4,weekday,3,generation,0.073600,sce_nbt2026
SCE,2026,2026,bundled,all,4,weekday,4,generation,0.072570,sce_nbt2026
SCE,2026,2026,bundled,all,4,weekday,5,generation,0.075600,sce_nbt2026
SCE,2026,2026,bundled,all,4,weekday,6,generation,0.067170,sce_nbt2026
SCE,2026,2026,bundled,all,4,weekday,7,generation,0.054030,sce_nbt2026
SCE,2026,2026,bundled,all,4,weekday,8,generation,0.012220,sce_nbt2026
SCE,2026,2026,bundled,all,4,weekday,9,generation,0.004750,sce_nbt2026
SCE,2026,2026,bundled,all,4,weekday,10,generation,0.007860,sce_nbt2026
SCE,2026,2026,bundled,all,4,weekday,11,generation,0.006950,sce_nbt2026
SCE,2026,2026,bundled,all,4,weekday,12,generation,0.004060,sce_nbt2026
SCE,2026,2026,bundled,all,4,weekday,13,generation,0.001440,sce_nbt2026
SCE,2026,2026,bundled,all,4,weekday,14,generation,0.000600,sce_nbt2026
SCE,2026,2026,bundled,all,4,weekday,15,generation,0.000120,sce_nbt2026
SCE,2026,2026,bundled,all,4,weekday,16,generation,0.000760,sce_nbt2026
SCE,2026,2026,bundled,all,4,weekday,17,generation,0.004570,sce_nbt2026
SCE,2026,2026,bundled,all,4,weekday,18,generation,0.072580,sce_nbt2026
SCE,2026,2026,bundled,all,4,weekday,19,generation,0.072370,sce_nbt2026
SCE,2026,2026,bundled,all,4,weekday,20,generation,0.071610,sce_nbt2026
SCE,2026,2026,bundled,all,4,weekday,21,generation,0.070150,sce_nbt2026
SCE,2026,2026,bundled,all,4,weekday,22,generation,0.067570,sce_nbt2026
SCE,2026,2026,bundled,all,4,weekday,23,generation,0.073730,sce_nbt2026
SCE,2026,2026,bundled,all,4,weekend_holiday,0,generation,0.063640,sce_nbt2026
SCE,2026,2026,bundled,all,4,weekend_holiday,1,generation,0.064340,sce_nbt2026
SCE,2026,2026,bundled,all,4,weekend_holiday,2,generation,0.071370,sce_nbt2026
SCE,2026,2026,bundled,all,4,weekend_holiday,3,generation,0.075530,sce_nbt2026
SCE,2026,2026,bundled,all,4,weekend_holiday,4,generation,0.071920,sce_nbt2026
SCE,2026,2026,bundled,all,4,weekend_holiday,5,generation,0.073030,sce_nbt2026
SCE,2026,2026,bundled,all,4,weekend_holiday,6,generation,0.066400,sce_nbt2026
SCE,2026,2026,bundled,all,4,weekend_holiday,7,generation,0.044460,sce_nbt2026
SCE,2026,2026,bundled,all,4,weekend_holiday,8,generation,0.001530,sce_nbt2026
SCE,2026,2026,bundled,all,4,weekend_holiday,9,generation,0.001780,sce_nbt2026
SCE,2026,2026,bundled,all,4,weekend_holiday,10,generation,0.007400,sce_nbt2026
SCE,2026,2026,bundled,all,4,weekend_holiday,11,generation,0.004370,sce_nbt2026
SCE,2026,2026,bundled,all,4,weekend_holiday,12,generation,0.000720,sce_nbt2026
SCE,2026,2026,bundled,all,4,weekend_holiday,13,generation,0.000000,sce_nbt2026
SCE,2026,2026,bundled,all,4,weekend_holiday,14,generation,0.000000,sce_nbt2026
SCE,2026,2026,bundled,all,4,weekend_holiday,15,generation,0.000000,sce_nbt2026
SCE,2026,2026,bundled,all,4,weekend_holiday,16,generation,0.000000,sce_nbt2026
SCE,2026,2026,bundled,all,4,weekend_holiday,17,generation,0.002630,sce_nbt2026
SCE,2026,2026,bundled,all,4,weekend_holiday,18,generation,0.067670,sce_nbt2026
SCE,2026,2026,bundled,all,4,weekend_holiday,19,generation,0.077360,sce_nbt2026
SCE,2026,2026,bundled,all,4,weekend_holiday,20,generation,0.065680,sce_nbt2026
SCE,2026,2026,bundled,all,4,weekend_holiday,21,generation,0.066560,sce_nbt2026
SCE,2026,2026,bundled,all,4,weekend_holiday,22,generation,0.065210,sce_nbt2026
SCE,2026,2026,bundled,all,4,weekend_holiday,23,generation,0.067310,sce_nbt2026
SCE,2026,2026,bundled,all,5,weekday,0,generation,0.076210,sce_nbt2026
SCE,2026,2026,bundled,all,5,weekday,1,generation,0.072210,sce_nbt2026
SCE,2026,2026,bundled,all,5,weekday,2,generation,0.074720,sce_nbt2026
SCE,2026,2026,bundled,all,5,weekday,3,generation,0.079760,sce_nbt2026
SCE,2026,2026,bundled,all,5,weekday,4,generation,0.079240,sce_nbt2026
SCE,2026,2026,bundled,all,5,weekday,5,generation,0.073090,sce_nbt2026
SCE,2026,2026,bundled,all,5,weekday,6,generation,0.065310,sce_nbt2026
SCE,2026,2026,bundled,all,5,weekday,7,generation,0.061100,sce_nbt2026
SCE,2026,2026,bundled,all,5,weekday,8,generation,0.021330,sce_nbt2026
SCE,2026,2026,bundled,all,5,weekday,9,generation,0.011810,sce_nbt2026
SCE,2026,2026,bundled,all,5,weekday,10,generation,0.012950,sce_nbt2026
SCE,2026,2026,bundled,all,5,weekday,11,generation,0.009800,sce_nbt2026
SCE,2026,2026,bundled,all,5,weekday,12,generation,0.009320,sce_nbt2026
SCE,2026,2026,bundled,all,5,weekday,13,generation,0.010300,sce_nbt2026
SCE,2026,2026,bundled,all,5,weekday,14,generation,0.008750,sce_nbt2026
SCE,2026,2026,bundled,all,5,weekday,15,generation,0.008340,sce_nbt2026
SCE,2026,2026,bundled,all,5,weekday,16,generation,0.011270,sce_nbt2026
SCE,2026,2026,bundled,all,5,weekday,17,generation,0.031590,sce_nbt2026
SCE,2026,2026,bundled,all,5,weekday,18,generation,0.079270,sce_nbt2026
SCE,2026,2026,bundled,all,5,weekday,19,generation,0.084510,sce_nbt2026
SCE,2026,2026,bundled,all,5,weekday,20,generation,0.073730,sce_nbt2026
SCE,2026,2026,bundled,all,5,weekday,21,generation,0.072170,sce_nbt2026
SCE,2026,2026,bundled,all,5,weekday,22,generation,0.073530,sce_nbt2026
SCE,2026,2026,bundled,all,5,weekday,23,generation,0.074610,sce_nbt2026
SCE,2026,2026,bundled,all,5,weekend_holiday,0,generation,0.067050,sce_nbt2026
SCE,2026,2026,bundled,all,5,weekend_holiday,1,generation,0.068660,sce_nbt2026
SCE,2026,2026,bundled,all,5,weekend_holiday,2,generation,0.078310,sce_nbt2026
SCE,2026,2026,bundled,all,5,weekend_holiday,3,generation,0.077830,sce_nbt2026
SCE,2026,2026,bundled,all,5,weekend_holiday,4,generation,0.075160,sce_nbt2026
SCE,2026,2026,bundled,all,5,weekend_holiday,5,generation,0.068260,sce_nbt2026
SCE,2026,2026,bundled,all,5,weekend_holiday,6,generation,0.065730,sce_nbt2026
SCE,2026,2026,bundled,all,5,weekend_holiday,7,generation,0.031460,sce_nbt2026
SCE,2026,2026,bundled,all,5,weekend_holiday,8,generation,0.004320,sce_nbt2026
SCE,2026,2026,bundled,all,5,weekend_holiday,9,generation,0.004460,sce_nbt2026
SCE,2026,2026,bundled,all,5,weekend_holiday,10,generation,0.004210,sce_nbt2026
SCE,2026,2026,bundled,all,5,weekend_holiday,11,generation,0.004910,sce_nbt2026
SCE,2026,2026,bundled,all,5,weekend_holiday,12,generation,0.004440,sce_nbt2026
SCE,2026,2026,bundled,all,5,weekend_holiday,13,generation,0.003790,sce_nbt2026
SCE,2026,2026,bundled,all,5,weekend_holiday,14,generation,0.000000,sce_nbt2026
SCE,2026,2026,bundled,all,5,weekend_holiday,15,generation,0.000000,sce_nbt2026
SCE,2026,2026,bundled,all,5,weekend_holiday,16,generation,0.000000,sce_nbt2026
SCE,2026,2026,bundled,all,5,weekend_holiday,17,generation,0.000630,sce_nbt2026
SCE,2026,2026,bundled,all,5,weekend_holiday,18,generation,0.056290,sce_nbt2026
SCE,2026,2026,bundled,all,5,weekend_holiday,19,generation,0.082700,sce_nbt2026
SCE,2026,2026,bundled,all,5,weekend_holiday,20,generation,0.075620,sce_nbt2026
SCE,2026,2026,bundled,all,5,weekend_holiday,21,generation,0.073470,sce_nbt2026
SCE,2026,2026,bundled,all,5,weekend_holiday,22,generation,0.073350,sce_nbt2026
SCE,2026,2026,bundled,all,5,weekend_holiday,23,generation,0.074790,sce_nbt2026
SCE,2026,2026,bundled,all,6,weekday,0,generation,0.074270,sce_nbt2026
SCE,2026,2026,bundled,all,6,weekday,1,generation,0.072220,sce_nbt2026
SCE,2026,2026,bundled,all,6,weekday,2,generation,0.069190,sce_nbt2026
SCE,2026,2026,bundled,all,6,weekday,3,generation,0.072370,sce_nbt2026
SCE,2026,2026,bundled,all,6,weekday,4,generation,0.070090,sce_nbt2026
SCE,2026,2026,bundled,all,6,weekday,5,generation,0.069090,sce_nbt2026
SCE,2026,2026,bundled,all,6,weekday,6,generation,0.065280,sce_nbt2026
SCE,2026,2026,bundled,all,6,weekday,7,generation,0.059610,sce_nbt2026
SCE,2026,2026,bundled,all,6,weekday,8,generation,0.041390,sce_nbt2026
SCE,2026,2026,bundled,all,6,weekday,9,generation,0.034760,sce_nbt2026
SCE,2026,2026,bundled,all,6,weekday,10,generation,0.032730,sce_nbt2026
SCE,2026,2026,bundled,all,6,weekday,11,generation,0.028240,sce_nbt2026
SCE,2026,2026,bundled,all,6,weekday,12,generation,0.027880,sce_nbt2026
SCE,2026,2026,bundled,all,6,weekday,13,generation,0.028770,sce_nbt2026
SCE,2026,2026,bundled,all,6,weekday,14,generation,0.032770,sce_nbt2026
SCE,2026,2026,bundled,all,6,weekday,15,generation,0.027250,sce_nbt2026
SCE,2026,2026,bundled,all,6,weekday,16,generation,0.030610,sce_nbt2026
SCE,2026,2026,bundled,all,6,weekday,17,generation,0.042890,sce_nbt2026
SCE,2026,2026,bundled,all,6,weekday,18,generation,0.085140,sce_nbt2026
SCE,2026,2026,bundled,all,6,weekday,19,generation,0.087480,sce_nbt2026
SCE,2026,2026,bundled,all,6,weekday,20,generation,0.083370,sce_nbt2026
SCE,2026,2026,bundled,all,6,weekday,21,generation,0.080030,sce_nbt2026
SCE,2026,2026,bundled,all,6,weekday,22,generation,0.074800,sce_nbt2026
SCE,2026,2026,bundled,all,6,weekday,23,generation,0.069180,sce_nbt2026
SCE,2026,2026,bundled,all,6,weekend_holiday,0,generation,0.070310,sce_nbt2026
SCE,2026,2026,bundled,all,6,weekend_holiday,1,generation,0.068270,sce_nbt2026
SCE,2026,2026,bundled,all,6,weekend_holiday,2,generation,0.068280,sce_nbt2026
SCE,2026,2026,bundled,all,6,weekend_holiday,3,generation,0.068650,sce_nbt2026
SCE,2026,2026,bundled,all,6,weekend_holiday,4,generation,0.065910,sce_nbt2026
SCE,2026,2026,bundled,all,6,weekend_holiday,5,generation,0.081990,sce_nbt2026
SCE,2026,2026,bundled,all,6,weekend_holiday,6,generation,0.068140,sce_nbt2026
SCE,2026,2026,bundled,all,6,weekend_holiday,7,generation,0.056290,sce_nbt2026
SCE,2026,2026,bundled,all,6,weekend_holiday,8,generation,0.017430,sce_nbt2026
SCE,2026,2026,bundled,all,6,weekend_holiday,9,generation,0.012920,sce_nbt2026
SCE,2026,2026,bundled,all,6,weekend_holiday,10,generation,0.017370,sce_nbt2026
SCE,2026,2026,bundled,all,6,weekend_holiday,11,generation,0.011010,sce_nbt2026
SCE,2026,2026,bundled,all,6,weekend_holiday,12,generation,0.012000,sce_nbt2026
SCE,2026,2026,bundled,all,6,weekend_holiday,13,generation,0.006800,sce_nbt2026
SCE,2026,2026,bundled,all,6,weekend_holiday,14,generation,0.008570,sce_nbt2026
SCE,2026,2026,bundled,all,6,weekend_holiday,15,generation,0.008730,sce_nbt2026
SCE,2026,2026,bundled,all,6,weekend_holiday,16,generation,0.009590,sce_nbt2026
SCE,2026,2026,bundled,all,6,weekend_holiday,17,generation,0.020770,sce_nbt2026
SCE,2026,2026,bundled,all,6,weekend_holiday,18,generation,0.069270,sce_nbt2026
SCE,2026,2026,bundled,all,6,weekend_holiday,19,generation,0.092310,sce_nbt2026
SCE,2026,2026,bundled,all,6,weekend_holiday,20,generation,0.079940,sce_nbt2026
SCE,2026,2026,bundled,all,6,weekend_holiday,21,generation,0.075850,sce_nbt2026
SCE,2026,2026,bundled,all,6,weekend_holiday,22,generation,0.075180,sce_nbt2026
SCE,2026,2026,bundled,all,6,weekend_holiday,23,generation,0.071280,sce_nbt2026
SCE,2026,2026,bundled,all,7,weekday,0,generation,0.070890,sce_nbt2026
SCE,2026,2026,bundled,all,7,weekday,1,generation,0.071470,sce_nbt2026
SCE,2026,2026,bundled,all,7,weekday,2,generation,0.068710,sce_nbt2026
SCE,2026,2026,bundled,all,7,weekday,3,generation,0.069550,sce_nbt2026
SCE,2026,2026,bundled,all,7,weekday,4,generation,0.066990,sce_nbt2026
SCE,2026,2026,bundled,all,7,weekday,5,generation,0.066890,sce_nbt2026
SCE,2026,2026,bundled,all,7,weekday,6,generation,0.069850,sce_nbt2026
SCE,2026,2026,bundled,all,7,weekday,7,generation,0.066530,sce_nbt2026
SCE,2026,2026,bundled,all,7,weekday,8,generation,0.063330,sce_nbt2026
SCE,2026,2026,bundled,all,7,weekday,9,generation,0.056540,sce_nbt2026
SCE,2026,2026,bundled,all,7,weekday,10,generation,0.057640,sce_nbt2026
SCE,2026,2026,bundled,all,7,weekday,11,generation,0.055460,sce_nbt2026
SCE,2026,2026,bundled,all,7,weekday,12,generation,0.051340,sce_nbt2026
SCE,2026,2026,bundled,all,7,weekday,13,generation,0.047220,sce_nbt2026
SCE,2026,2026,bundled,all,7,weekday,14,generation,0.046990,sce_nbt2026
SCE,2026,2026,bundled,all,7,weekday,15,generation,0.049200,sce_nbt2026
SCE,2026,2026,bundled,all,7,weekday,16,generation,0.047590,sce_nbt2026
SCE,2026,2026,bundled,all,7,weekday,17,generation,0.060360,sce_nbt2026
SCE,2026,2026,bundled,all,7,weekday,18,generation,0.095920,sce_nbt2026
SCE,2026,2026,bundled,all,7,weekday,19,generation,0.104800,sce_nbt2026
SCE,2026,2026,bundled,all,7,weekday,20,generation,0.090930,sce_nbt2026
SCE,2026,2026,bundled,all,7,weekday,21,generation,0.081590,sce_nbt2026
SCE,2026,2026,bundled,all,7,weekday,22,generation,0.078630,sce_nbt2026
SCE,2026,2026,bundled,all,7,weekday,23,generation,0.072630,sce_nbt2026
SCE,2026,2026,bundled,all,7,weekend_holiday,0,generation,0.077270,sce_nbt2026
SCE,2026,2026,bundled,all,7,weekend_holiday,1,generation,0.071370,sce_nbt2026
SCE,2026,2026,bundled,all,7,weekend_holiday,2,generation,0.068980,sce_nbt2026
SCE,2026,2026,bundled,all,7,weekend_holiday,3,generation,0.068840,sce_nbt2026
SCE,2026,2026,bundled,all,7,weekend_holiday,4,generation,0.066440,sce_nbt2026
SCE,2026,2026,bundled,all,7,weekend_holiday,5,generation,0.067160,sce_nbt2026
SCE,2026,2026,bundled,all,7,weekend_holiday,6,generation,0.063600,sce_nbt2026
SCE,2026,2026,bundled,all,7,weekend_holiday,7,generation,0.060730,sce_nbt2026
SCE,2026,2026,bundled,all,7,weekend_holiday,8,generation,0.024330,sce_nbt2026
SCE,2026,2026,bundled,all,7,weekend_holiday,9,generation,0.024120,sce_nbt2026
SCE,2026,2026,bundled,all,7,weekend_holiday,10,generation,0.026090,sce_nbt2026
SCE,2026,2026,bundled,all,7,weekend_holiday,11,generation,0.021920,sce_nbt2026
SCE,2026,2026,bundled,all,7,weekend_holiday,12,generation,0.024310,sce_nbt2026
SCE,2026,2026,bundled,all,7,weekend_holiday,13,generation,0.025390,sce_nbt2026
SCE,2026,2026,bundled,all,7,weekend_holiday,14,generation,0.019630,sce_nbt2026
SCE,2026,2026,bundled,all,7,weekend_holiday,15,generation,0.023450,sce_nbt2026
SCE,2026,2026,bundled,all,7,weekend_holiday,16,generation,0.023480,sce_nbt2026
SCE,2026,2026,bundled,all,7,weekend_holiday,17,generation,0.042610,sce_nbt2026
SCE,2026,2026,bundled,all,7,weekend_holiday,18,generation,0.091440,sce_nbt2026
SCE,2026,2026,bundled,all,7,weekend_holiday,19,generation,0.111260,sce_nbt2026
SCE,2026,2026,bundled,all,7,weekend_holiday,20,generation,0.097110,sce_nbt2026
SCE,2026,2026,bundled,all,7,weekend_holiday,21,generation,0.078040,sce_nbt2026
SCE,2026,2026,bundled,all,7,weekend_holiday,22,generation,0.076210,sce_nbt2026
SCE,2026,2026,bundled,all,7,weekend_holiday,23,generation,0.073230,sce_nbt2026
SCE,2026,2026,bundled,all,8,weekday,0,generation,0.085730,sce_nbt2026
SCE,2026,2026,bundled,all,8,weekday,1,generation,0.087140,sce_nbt2026
SCE,2026,2026,bundled,all,8,weekday,2,generation,0.084060,sce_nbt2026
SCE,2026,2026,bundled,all,8,weekday,3,generation,0.080640,sce_nbt2026
SCE,2026,2026,bundled,all,8,weekday,4,generation,0.080310,sce_nbt2026
SCE,2026,2026,bundled,all,8,weekday,5,generation,0.080730,sce_nbt2026
SCE,2026,2026,bundled,all,8,weekday,6,generation,0.077240,sce_nbt2026
SCE,2026,2026,bundled,all,8,weekday,7,generation,0.068570,sce_nbt2026
SCE,2026,2026,bundled,all,8,weekday,8,generation,0.062130,sce_nbt2026
SCE,2026,2026,bundled,all,8,weekday,9,generation,0.061020,sce_nbt2026
SCE,2026,2026,bundled,all,8,weekday,10,generation,0.060770,sce_nbt2026
SCE,2026,2026,bundled,all,8,weekday,11,generation,0.060200,sce_nbt2026
SCE,2026,2026,bundled,all,8,weekday,12,generation,0.060140,sce_nbt2026
SCE,2026,2026,bundled,all,8,weekday,13,generation,0.059900,sce_nbt2026
SCE,2026,2026,bundled,all,8,weekday,14,generation,0.060170,sce_nbt2026
SCE,2026,2026,bundled,all,8,weekday,15,generation,0.063560,sce_nbt2026
SCE,2026,2026,bundled,all,8,weekday,16,generation,0.076350,sce_nbt2026
SCE,2026,2026,bundled,all,8,weekday,17,generation,0.829650,sce_nbt2026
SCE,2026,2026,bundled,all,8,weekday,18,generation,0.866540,sce_nbt2026
SCE,2026,2026,bundled,all,8,weekday,19,generation,0.893960,sce_nbt2026
SCE,2026,2026,bundled,all,8,weekday,20,generation,0.976990,sce_nbt2026
SCE,2026,2026,bundled,all,8,weekday,21,generation,0.875200,sce_nbt2026
SCE,2026,2026,bundled,all,8,weekday,22,generation,0.865810,sce_nbt2026
SCE,2026,2026,bundled,all,8,weekday,23,generation,0.087860,sce_nbt2026
SCE,2026,2026,bundled,all,8,weekend_holiday,0,generation,0.084580,sce_nbt2026
SCE,2026,2026,bundled,all,8,weekend_holiday,1,generation,0.083030,sce_nbt2026
SCE,2026,2026,bundled,all,8,weekend_holiday,2,generation,0.084870,sce_nbt2026
SCE,2026,2026,bundled,all,8,weekend_holiday,3,generation,0.078370,sce_nbt2026
SCE,2026,2026,bundled,all,8,weekend_holiday,4,generation,0.075690,sce_nbt2026
SCE,2026,2026,bundled,all,8,weekend_holiday,5,generation,0.075780,sce_nbt2026
SCE,2026,2026,bundled,all,8,weekend_holiday,6,generation,0.070010,sce_nbt2026
SCE,2026,2026,bundled,all,8,weekend_holiday,7,generation,0.059210,sce_nbt2026
SCE,2026,2026,bundled,all,8,weekend_holiday,8,generation,0.041720,sce_nbt2026
SCE,2026,2026,bundled,all,8,weekend_holiday,9,generation,0.038280,sce_nbt2026
SCE,2026,2026,bundled,all,8,weekend_holiday,10,generation,0.037840,sce_nbt2026
SCE,2026,2026,bundled,all,8,weekend_holiday,11,generation,0.037930,sce_nbt2026
SCE,2026,2026,bundled,all,8,weekend_holiday,12,generation,0.034760,sce_nbt2026
SCE,2026,2026,bundled,all,8,weekend_holiday,13,generation,0.034410,sce_nbt2026
SCE,2026,2026,bundled,all,8,weekend_holiday,14,generation,0.034680,sce_nbt2026
SCE,2026,2026,bundled,all,8,weekend_holiday,15,generation,0.041360,sce_nbt2026
SCE,2026,2026,bundled,all,8,weekend_holiday,16,generation,0.056220,sce_nbt2026
SCE,2026,2026,bundled,all,8,weekend_holiday,17,generation,0.870350,sce_nbt2026
SCE,2026,2026,bundled,all,8,weekend_holiday,18,generation,0.924510,sce_nbt2026
SCE,2026,2026,bundled,all,8,weekend_holiday,19,generation,0.943650,sce_nbt2026
SCE,2026,2026,bundled,all,8,weekend_holiday,20,generation,1.018970,sce_nbt2026
SCE,2026,2026,bundled,all,8,weekend_holiday,21,generation,0.933570,sce_nbt2026
SCE,2026,2026,bundled,all,8,weekend_holiday,22,generation,0.924870,sce_nbt2026
SCE,2026,2026,bundled,all,8,weekend_holiday,23,generation,0.086640,sce_nbt2026
SCE,2026,2026,bundled,all,9,weekday,0,generation,0.088640,sce_nbt2026
SCE,2026,2026,bundled,all,9,weekday,1,generation,0.086540,sce_nbt2026
SCE,2026,2026,bundled,all,9,weekday,2,generation,0.085030,sce_nbt2026
SCE,2026,2026,bundled,all,9,weekday,3,generation,0.081470,sce_nbt2026
SCE,2026,2026,bundled,all,9,weekday,4,generation,0.080290,sce_nbt2026
SCE,2026,2026,bundled,all,9,weekday,5,generation,0.083080,sce_nbt2026
SCE,2026,2026,bundled,all,9,weekday,6,generation,0.080580,sce_nbt2026
SCE,2026,2026,bundled,all,9,weekday,7,generation,0.067570,sce_nbt2026
SCE,2026,2026,bundled,all,9,weekday,8,generation,0.060450,sce_nbt2026
SCE,2026,2026,bundled,all,9,weekday,9,generation,0.056540,sce_nbt2026
SCE,2026,2026,bundled,all,9,weekday,10,generation,0.054560,sce_nbt2026
SCE,2026,2026,bundled,all,9,weekday,11,generation,0.054300,sce_nbt2026
SCE,2026,2026,bundled,all,9,weekday,12,generation,0.054120,sce_nbt2026
SCE,2026,2026,bundled,all,9,weekday,13,generation,0.054070,sce_nbt2026
SCE,2026,2026,bundled,all,9,weekday,14,generation,0.051520,sce_nbt2026
SCE,2026,2026,bundled,all,9,weekday,15,generation,0.051170,sce_nbt2026
SCE,2026,2026,bundled,all,9,weekday,16,generation,0.067780,sce_nbt2026
SCE,2026,2026,bundled,all,9,weekday,17,generation,0.131270,sce_nbt2026
SCE,2026,2026,bundled,all,9,weekday,18,generation,0.450090,sce_nbt2026
SCE,2026,2026,bundled,all,9,weekday,19,generation,0.582150,sce_nbt2026
SCE,2026,2026,bundled,all,9,weekday,20,generation,0.310150,sce_nbt2026
SCE,2026,2026,bundled,all,9,weekday,21,generation,0.150040,sce_nbt2026
SCE,2026,2026,bundled,all,9,weekday,22,generation,0.149370,sce_nbt2026
SCE,2026,2026,bundled,all,9,weekday,23,generation,0.094360,sce_nbt2026
SCE,2026,2026,bundled,all,9,weekend_holiday,0,generation,0.078140,sce_nbt2026
SCE,2026,2026,bundled,all,9,weekend_holiday,1,generation,0.081010,sce_nbt2026
SCE,2026,2026,bundled,all,9,weekend_holiday,2,generation,0.079280,sce_nbt2026
SCE,2026,2026,bundled,all,9,weekend_holiday,3,generation,0.075730,sce_nbt2026
SCE,2026,2026,bundled,all,9,weekend_holiday,4,generation,0.074800,sce_nbt2026
SCE,2026,2026,bundled,all,9,weekend_holiday,5,generation,0.074730,sce_nbt2026
SCE,2026,2026,bundled,all,9,weekend_holiday,6,generation,0.072660,sce_nbt2026
SCE,2026,2026,bundled,all,9,weekend_holiday,7,generation,0.059870,sce_nbt2026
SCE,2026,2026,bundled,all,9,weekend_holiday,8,generation,0.035490,sce_nbt2026
SCE,2026,2026,bundled,all,9,weekend_holiday,9,generation,0.023120,sce_nbt2026
SCE,2026,2026,bundled,all,9,weekend_holiday,10,generation,0.020130,sce_nbt2026
SCE,2026,2026,bundled,all,9,weekend_holiday,11,generation,0.019320,sce_nbt2026
SCE,2026,2026,bundled,all,9,weekend_holiday,12,generation,0.016460,sce_nbt2026
SCE,2026,2026,bundled,all,9,weekend_holiday,13,generation,0.018450,sce_nbt2026
SCE,2026,2026,bundled,all,9,weekend_holiday,14,generation,0.022580,sce_nbt2026
SCE,2026,2026,bundled,all,9,weekend_holiday,15,generation,0.025240,sce_nbt2026
SCE,2026,2026,bundled,all,9,weekend_holiday,16,generation,0.042200,sce_nbt2026
SCE,2026,2026,bundled,all,9,weekend_holiday,17,generation,0.120620,sce_nbt2026
SCE,2026,2026,bundled,all,9,weekend_holiday,18,generation,0.521640,sce_nbt2026
SCE,2026,2026,bundled,all,9,weekend_holiday,19,generation,0.678980,sce_nbt2026
SCE,2026,2026,bundled,all,9,weekend_holiday,20,generation,0.340540,sce_nbt2026
SCE,2026,2026,bundled,all,9,weekend_holiday,21,generation,0.161430,sce_nbt2026
SCE,2026,2026,bundled,all,9,weekend_holiday,22,generation,0.161860,sce_nbt2026
SCE,2026,2026,bundled,all,9,weekend_holiday,23,generation,0.091050,sce_nbt2026
SCE,2026,2026,bundled,all,10,weekday,0,generation,0.085270,sce_nbt2026
SCE,2026,2026,bundled,all,10,weekday,1,generation,0.085860,sce_nbt2026
SCE,2026,2026,bundled,all,10,weekday,2,generation,0.082580,sce_nbt2026
SCE,2026,2026,bundled,all,10,weekday,3,generation,0.078520,sce_nbt2026
SCE,2026,2026,bundled,all,10,weekday,4,generation,0.078490,sce_nbt2026
SCE,2026,2026,bundled,all,10,weekday,5,generation,0.078530,sce_nbt2026
SCE,2026,2026,bundled,all,10,weekday,6,generation,0.082710,sce_nbt2026
SCE,2026,2026,bundled,all,10,weekday,7,generation,0.072810,sce_nbt2026
SCE,2026,2026,bundled,all,10,weekday,8,generation,0.062930,sce_nbt2026
SCE,2026,2026,bundled,all,10,weekday,9,generation,0.057270,sce_nbt2026
SCE,2026,2026,bundled,all,10,weekday,10,generation,0.056140,sce_nbt2026
SCE,2026,2026,bundled,all,10,weekday,11,generation,0.054420,sce_nbt2026
SCE,2026,2026,bundled,all,10,weekday,12,generation,0.053740,sce_nbt2026
SCE,2026,2026,bundled,all,10,weekday,13,generation,0.053130,sce_nbt2026
SCE,2026,2026,bundled,all,10,weekday,14,generation,0.052770,sce_nbt2026
SCE,2026,2026,bundled,all,10,weekday,15,generation,0.052500,sce_nbt2026
SCE,2026,2026,bundled,all,10,weekday,16,generation,0.058190,sce_nbt2026
SCE,2026,2026,bundled,all,10,weekday,17,generation,0.088390,sce_nbt2026
SCE,2026,2026,bundled,all,10,weekday,18,generation,0.091200,sce_nbt2026
SCE,2026,2026,bundled,all,10,weekday,19,generation,0.088720,sce_nbt2026
SCE,2026,2026,bundled,all,10,weekday,20,generation,0.084990,sce_nbt2026
SCE,2026,2026,bundled,all,10,weekday,21,generation,0.080480,sce_nbt2026
SCE,2026,2026,bundled,all,10,weekday,22,generation,0.086960,sce_nbt2026
SCE,2026,2026,bundled,all,10,weekday,23,generation,0.087830,sce_nbt2026
SCE,2026,2026,bundled,all,10,weekend_holiday,0,generation,0.077870,sce_nbt2026
SCE,2026,2026,bundled,all,10,weekend_holiday,1,generation,0.078790,sce_nbt2026
SCE,2026,2026,bundled,all,10,weekend_holiday,2,generation,0.075370,sce_nbt2026
SCE,2026,2026,bundled,all,10,weekend_holiday,3,generation,0.076030,sce_nbt2026
SCE,2026,2026,bundled,all,10,weekend_holiday,4,generation,0.074460,sce_nbt2026
SCE,2026,2026,bundled,all,10,weekend_holiday,5,generation,0.073680,sce_nbt2026
SCE,2026,2026,bundled,all,10,weekend_holiday,6,generation,0.071370,sce_nbt2026
SCE,2026,2026,bundled,all,10,weekend_holiday,7,generation,0.064220,sce_nbt2026
SCE,2026,2026,bundled,all,10,weekend_holiday,8,generation,0.042770,sce_nbt2026
SCE,2026,2026,bundled,all,10,weekend_holiday,9,generation,0.020850,sce_nbt2026
SCE,2026,2026,bundled,all,10,weekend_holiday,10,generation,0.020840,sce_nbt2026
SCE,2026,2026,bundled,all,10,weekend_holiday,11,generation,0.020130,sce_nbt2026
SCE,2026,2026,bundled,all,10,weekend_holiday,12,generation,0.019780,sce_nbt2026
SCE,2026,2026,bundled,all,10,weekend_holiday,13,generation,0.018890,sce_nbt2026
SCE,2026,2026,bundled,all,10,weekend_holiday,14,generation,0.020420,sce_nbt2026
SCE,2026,2026,bundled,all,10,weekend_holiday,15,generation,0.021480,sce_nbt2026
SCE,2026,2026,bundled,all,10,weekend_holiday,16,generation,0.037410,sce_nbt2026
SCE,2026,2026,bundled,all,10,weekend_holiday,17,generation,0.078380,sce_nbt2026
SCE,2026,2026,bundled,all,10,weekend_holiday,18,generation,0.080810,sce_nbt2026
SCE,2026,2026,bundled,all,10,weekend_holiday,19,generation,0.079560,sce_nbt2026
SCE,2026,2026,bundled,all,10,weekend_holiday,20,generation,0.078260,sce_nbt2026
SCE,2026,2026,bundled,all,10,weekend_holiday,21,generation,0.076000,sce_nbt2026
SCE,2026,2026,bundled,all,10,weekend_holiday,22,generation,0.087740,sce_nbt2026
SCE,2026,2026,bundled,all,10,weekend_holiday,23,generation,0.082160,sce_nbt2026
SCE,2026,2026,bundled,all,11,weekday,0,generation,0.082790,sce_nbt2026
SCE,2026,2026,bundled,all,11,weekday,1,generation,0.081500,sce_nbt2026
SCE,2026,2026,bundled,all,11,weekday,2,generation,0.079720,sce_nbt2026
SCE,2026,2026,bundled,all,11,weekday,3,generation,0.078600,sce_nbt2026
SCE,2026,2026,bundled,all,11,weekday,4,generation,0.082670,sce_nbt2026
SCE,2026,2026,bundled,all,11,weekday,5,generation,0.084420,sce_nbt2026
SCE,2026,2026,bundled,all,11,weekday,6,generation,0.080810,sce_nbt2026
SCE,2026,2026,bundled,all,11,weekday,7,generation,0.071530,sce_nbt2026
SCE,2026,2026,bundled,all,11,weekday,8,generation,0.061590,sce_nbt2026
SCE,2026,2026,bundled,all,11,weekday,9,generation,0.058910,sce_nbt2026
SCE,2026,2026,bundled,all,11,weekday,10,generation,0.056640,sce_nbt2026
SCE,2026,2026,bundled,all,11,weekday,11,generation,0.054250,sce_nbt2026
SCE,2026,2026,bundled,all,11,weekday,12,generation,0.053200,sce_nbt2026
SCE,2026,2026,bundled,all,11,weekday,13,generation,0.047900,sce_nbt2026
SCE,2026,2026,bundled,all,11,weekday,14,generation,0.049810,sce_nbt2026
SCE,2026,2026,bundled,all,11,weekday,15,generation,0.062820,sce_nbt2026
SCE,2026,2026,bundled,all,11,weekday,16,generation,0.089510,sce_nbt2026
SCE,2026,2026,bundled,all,11,weekday,17,generation,0.092140,sce_nbt2026
SCE,2026,2026,bundled,all,11,weekday,18,generation,0.086360,sce_nbt2026
SCE,2026,2026,bundled,all,11,weekday,19,generation,0.084210,sce_nbt2026
SCE,2026,2026,bundled,all,11,weekday,20,generation,0.083040,sce_nbt2026
SCE,2026,2026,bundled,all,11,weekday,21,generation,0.084980,sce_nbt2026
SCE,2026,2026,bundled,all,11,weekday,22,generation,0.085740,sce_nbt2026
SCE,2026,2026,bundled,all,11,weekday,23,generation,0.088770,sce_nbt2026
SCE,2026,2026,bundled,all,11,weekend_holiday,0,generation,0.079360,sce_nbt2026
SCE,2026,2026,bundled,all,11,weekend_holiday,1,generation,0.076570,sce_nbt2026
SCE,2026,2026,bundled,all,11,weekend_holiday,2,generation,0.075020,sce_nbt2026
SCE,2026,2026,bundled,all,11,weekend_holiday,3,generation,0.074410,sce_nbt2026
SCE,2026,2026,bundled,all,11,weekend_holiday,4,generation,0.075480,sce_nbt2026
SCE,2026,2026,bundled,all,11,weekend_holiday,5,generation,0.076670,sce_nbt2026
SCE,2026,2026,bundled,all,11,weekend_holiday,6,generation,0.076690,sce_nbt2026
SCE,2026,2026,bundled,all,11,weekend_holiday,7,generation,0.056700,sce_nbt2026
SCE,2026,2026,bundled,all,11,weekend_holiday,8,generation,0.038050,sce_nbt2026
SCE,2026,2026,bundled,all,11,weekend_holiday,9,generation,0.029640,sce_nbt2026
SCE,2026,2026,bundled,all,11,weekend_holiday,10,generation,0.027400,sce_nbt2026
SCE,2026,2026,bundled,all,11,weekend_holiday,11,generation,0.024910,sce_nbt2026
SCE,2026,2026,bundled,all,11,weekend_holiday,12,generation,0.023780,sce_nbt2026
SCE,2026,2026,bundled,all,11,weekend_holiday,13,generation,0.021330,sce_nbt2026
SCE,2026,2026,bundled,all,11,weekend_holiday,14,generation,0.021120,sce_nbt2026
SCE,2026,2026,bundled,all,11,weekend_holiday,15,generation,0.041470,sce_nbt2026
SCE,2026,2026,bundled,all,11,weekend_holiday,16,generation,0.077230,sce_nbt2026
SCE,2026,2026,bundled,all,11,weekend_holiday,17,generation,0.087200,sce_nbt2026
SCE,2026,2026,bundled,all,11,weekend_holiday,18,generation,0.082890,sce_nbt2026
SCE,2026,2026,bundled,all,11,weekend_holiday,19,generation,0.079860,sce_nbt2026
SCE,2026,2026,bundled,all,11,weekend_holiday,20,generation,0.078180,sce_nbt2026
SCE,2026,2026,bundled,all,11,weekend_holiday,21,generation,0.077810,sce_nbt2026
SCE,2026,2026,bundled,all,11,weekend_holiday,22,generation,0.082350,sce_nbt2026
SCE,2026,2026,bundled,all,11,weekend_holiday,23,generation,0.078500,sce_nbt2026
SCE,2026,2026,bundled,all,12,weekday,0,generation,0.084930,sce_nbt2026
SCE,2026,2026,bundled,all,12,weekday,1,generation,0.083190,sce_nbt2026
SCE,2026,2026,bundled,all,12,weekday,2,generation,0.080100,sce_nbt2026
SCE,2026,2026,bundled,all,12,weekday,3,generation,0.080730,sce_nbt2026
SCE,2026,2026,bundled,all,12,weekday,4,generation,0.082800,sce_nbt2026
SCE,2026,2026,bundled,all,12,weekday,5,generation,0.085320,sce_nbt2026
SCE,2026,2026,bundled,all,12,weekday,6,generation,0.095120,sce_nbt2026
SCE,2026,2026,bundled,all,12,weekday,7,generation,0.079410,sce_nbt2026
SCE,2026,2026,bundled,all,12,weekday,8,generation,0.070380,sce_nbt2026
SCE,2026,2026,bundled,all,12,weekday,9,generation,0.066260,sce_nbt2026
SCE,2026,2026,bundled,all,12,weekday,10,generation,0.063990,sce_nbt2026
SCE,2026,2026,bundled,all,12,weekday,11,generation,0.060400,sce_nbt2026
SCE,2026,2026,bundled,all,12,weekday,12,generation,0.056630,sce_nbt2026
SCE,2026,2026,bundled,all,12,weekday,13,generation,0.057030,sce_nbt2026
SCE,2026,2026,bundled,all,12,weekday,14,generation,0.056150,sce_nbt2026
SCE,2026,2026,bundled,all,12,weekday,15,generation,0.066640,sce_nbt2026
SCE,2026,2026,bundled,all,12,weekday,16,generation,0.090850,sce_nbt2026
SCE,2026,2026,bundled,all,12,weekday,17,generation,0.095620,sce_nbt2026
SCE,2026,2026,bundled,all,12,weekday,18,generation,0.094920,sce_nbt2026
SCE,2026,2026,bundled,all,12,weekday,19,generation,0.087950,sce_nbt2026
SCE,2026,2026,bundled,all,12,weekday,20,generation,0.086720,sce_nbt2026
SCE,2026,2026,bundled,all,12,weekday,21,generation,0.086320,sce_nbt2026
SCE,2026,2026,bundled,all,12,weekday,22,generation,0.087830,sce_nbt2026
SCE,2026,2026,bundled,all,12,weekday,23,generation,0.088100,sce_nbt2026
SCE,2026,2026,bundled,all,12,weekend_holiday,0,generation,0.078910,sce_nbt2026
SCE,2026,2026,bundled,all,12,weekend_holiday,1,generation,0.077340,sce_nbt2026
SCE,2026,2026,bundled,all,12,weekend_holiday,2,generation,0.073820,sce_nbt2026
SCE,2026,2026,bundled,all,12,weekend_holiday,3,generation,0.070100,sce_nbt2026
SCE,2026,2026,bundled,all,12,weekend_holiday,4,generation,0.069140,sce_nbt2026
SCE,2026,2026,bundled,all,12,weekend_holiday,5,generation,0.071050,sce_nbt2026
SCE,2026,2026,bundled,all,12,weekend_holiday,6,generation,0.074060,sce_nbt2026
SCE,2026,2026,bundled,all,12,weekend_holiday,7,generation,0.064260,sce_nbt2026
SCE,2026,2026,bundled,all,12,weekend_holiday,8,generation,0.042020,sce_nbt2026
SCE,2026,2026,bundled,all,12,weekend_holiday,9,generation,0.021930,sce_nbt2026
SCE,2026,2026,bundled,all,12,weekend_holiday,10,generation,0.020790,sce_nbt2026
SCE,2026,2026,bundled,all,12,weekend_holiday,11,generation,0.018930,sce_nbt2026
SCE,2026,2026,bundled,all,12,weekend_holiday,12,generation,0.020140,sce_nbt2026
SCE,2026,2026,bundled,all,12,weekend_holiday,13,generation,0.014490,sce_nbt2026
SCE,2026,2026,bundled,all,12,weekend_holiday,14,generation,0.013880,sce_nbt2026
SCE,2026,2026,bundled,all,12,weekend_holiday,15,generation,0.040130,sce_nbt2026
SCE,2026,2026,bundled,all,12,weekend_holiday,16,generation,0.080370,sce_nbt2026
SCE,2026,2026,bundled,all,12,weekend_holiday,17,generation,0.085520,sce_nbt2026
SCE,2026,2026,bundled,all,12,weekend_holiday,18,generation,0.083410,sce_nbt2026
SCE,2026,2026,bundled,all,12,weekend_holiday,19,generation,0.079340,sce_nbt2026
SCE,2026,2026,bundled,all,12,weekend_holiday,20,generation,0.078150,sce_nbt2026
SCE,2026,2026,bundled,all,12,weekend_holiday,21,generation,0.073550,sce_nbt2026
SCE,2026,2026,bundled,all,12,weekend_holiday,22,generation,0.074820,sce_nbt2026
SCE,2026,2026,bundled,all,12,weekend_holiday,23,generation,0.073800,sce_nbt2026
SCE,2026,2026,bundled,all,1,weekday,0,total,0.088780,sce_nbt2026
SCE,2026,2026,bundled,all,1,weekday,1,total,0.086560,sce_nbt2026
SCE,2026,2026,bundled,all,1,weekday,2,total,0.084210,sce_nbt2026
SCE,2026,2026,bundled,all,1,weekday,3,total,0.083860,sce_nbt2026
SCE,2026,2026,bundled,all,1,weekday,4,total,0.085790,sce_nbt2026
SCE,2026,2026,bundled,all,1,weekday,5,total,0.089560,sce_nbt2026
SCE,2026,2026,bundled,all,1,weekday,6,total,0.089400,sce_nbt2026
SCE,2026,2026,bundled,all,1,weekday,7,total,0.085140,sce_nbt2026
SCE,2026,2026,bundled,all,1,weekday,8,total,0.073340,sce_nbt2026
SCE,2026,2026,bundled,all,1,weekday,9,total,0.065340,sce_nbt2026
SCE,2026,2026,bundled,all,1,weekday,10,total,0.063680,sce_nbt2026
SCE,2026,2026,bundled,all,1,weekday,11,total,0.062900,sce_nbt2026
SCE,2026,2026,bundled,all,1,weekday,12,total,0.062820,sce_nbt2026
SCE,2026,2026,bundled,all,1,weekday,13,total,0.059970,sce_nbt2026
SCE,2026,2026,bundled,all,1,weekday,14,total,0.059100,sce_nbt2026
SCE,2026,2026,bundled,all,1,weekday,15,total,0.061100,sce_nbt2026
SCE,2026,2026,bundled,all,1,weekday,16,total,0.077770,sce_nbt2026
SCE,2026,2026,bundled,all,1,weekday,17,total,0.108250,sce_nbt2026
SCE,2026,2026,bundled,all,1,weekday,18,total,0.099520,sce_nbt2026
SCE,2026,2026,bundled,all,1,weekday,19,total,0.090230,sce_nbt2026
SCE,2026,2026,bundled,all,1,weekday,20,total,0.088860,sce_nbt2026
SCE,2026,2026,bundled,all,1,weekday,21,total,0.088100,sce_nbt2026
SCE,2026,2026,bundled,all,1,weekday,22,total,0.092690,sce_nbt2026
SCE,2026,2026,bundled,all,1,weekday,23,total,0.090520,sce_nbt2026
SCE,2026,2026,bundled,all,1,weekend_holiday,0,total,0.088280,sce_nbt2026
SCE,2026,2026,bundled,all,1,weekend_holiday,1,total,0.088800,sce_nbt2026
SCE,2026,2026,bundled,all,1,weekend_holiday,2,total,0.087090,sce_nbt2026
SCE,2026,2026,bundled,all,1,weekend_holiday,3,total,0.085620,sce_nbt2026
SCE,2026,2026,bundled,all,1,weekend_holiday,4,total,0.085120,sce_nbt2026
SCE,2026,2026,bundled,all,1,weekend_holiday,5,total,0.086110,sce_nbt2026
SCE,2026,2026,bundled,all,1,weekend_holiday,6,total,0.089340,sce_nbt2026
SCE,2026,2026,bundled,all,1,weekend_holiday,7,total,0.080340,sce_nbt2026
SCE,2026,2026,bundled,all,1,weekend_holiday,8,total,0.066540,sce_nbt2026
SCE,2026,2026,bundled,all,1,weekend_holiday,9,total,0.057220,sce_nbt2026
SCE,2026,2026,bundled,all,1,weekend_holiday,10,total,0.055580,sce_nbt2026
SCE,2026,2026,bundled,all,1,weekend_holiday,11,total,0.054510,sce_nbt2026
SCE,2026,2026,bundled,all,1,weekend_holiday,12,total,0.054820,sce_nbt2026
SCE,2026,2026,bundled,all,1,weekend_holiday,13,total,0.050300,sce_nbt2026
SCE,2026,2026,bundled,all,1,weekend_holiday,14,total,0.053750,sce_nbt2026
SCE,2026,2026,bundled,all,1,weekend_holiday,15,total,0.055450,sce_nbt2026
SCE,2026,2026,bundled,all,1,weekend_holiday,16,total,0.079840,sce_nbt2026
SCE,2026,2026,bundled,all,1,weekend_holiday,17,total,0.105480,sce_nbt2026
SCE,2026,2026,bundled,all,1,weekend_holiday,18,total,0.094690,sce_nbt2026
SCE,2026,2026,bundled,all,1,weekend_holiday,19,total,0.087200,sce_nbt2026
SCE,2026,2026,bundled,all,1,weekend_holiday,20,total,0.086490,sce_nbt2026
SCE,2026,2026,bundled,all,1,weekend_holiday,21,total,0.088460,sce_nbt2026
SCE,2026,2026,bundled,all,1,weekend_holiday,22,total,0.089580,sce_nbt2026
SCE,2026,2026,bundled,all,1,weekend_holiday,23,total,0.085720,sce_nbt2026
SCE,2026,2026,bundled,all,2,weekday,0,total,0.088070,sce_nbt2026
SCE,2026,2026,bundled,all,2,weekday,1,total,0.085530,sce_nbt2026
SCE,2026,2026,bundled,all,2,weekday,2,total,0.087370,sce_nbt2026
SCE,2026,2026,bundled,all,2,weekday,3,total,0.087520,sce_nbt2026
SCE,2026,2026,bundled,all,2,weekday,4,total,0.089520,sce_nbt2026
SCE,2026,2026,bundled,all,2,weekday,5,total,0.087940,sce_nbt2026
SCE,2026,2026,bundled,all,2,weekday,6,total,0.084410,sce_nbt2026
SCE,2026,2026,bundled,all,2,weekday,7,total,0.081270,sce_nbt2026
SCE,2026,2026,bundled,all,2,weekday,8,total,0.062430,sce_nbt2026
SCE,2026,2026,bundled,all,2,weekday,9,total,0.052290,sce_nbt2026
SCE,2026,2026,bundled,all,2,weekday,10,total,0.049490,sce_nbt2026
SCE,2026,2026,bundled,all,2,weekday,11,total,0.047590,sce_nbt2026
SCE,2026,2026,bundled,all,2,weekday,12,total,0.044190,sce_nbt2026
SCE,2026,2026,bundled,all,2,weekday,13,total,0.039440,sce_nbt2026
SCE,2026,2026,bundled,all,2,weekday,14,total,0.032980,sce_nbt2026
SCE,2026,2026,bundled,all,2,weekday,15,total,0.031110,sce_nbt2026
SCE,2026,2026,bundled,all,2,weekday,16,total,0.064810,sce_nbt2026
SCE,2026,2026,bundled,all,2,weekday,17,total,0.107390,sce_nbt2026
SCE,2026,2026,bundled,all,2,weekday,18,total,0.092350,sce_nbt2026
SCE,2026,2026,bundled,all,2,weekday,19,total,0.086710,sce_nbt2026
SCE,2026,2026,bundled,all,2,weekday,20,total,0.087090,sce_nbt2026
SCE,2026,2026,bundled,all,2,weekday,21,total,0.084090,sce_nbt2026
SCE,2026,2026,bundled,all,2,weekday,22,total,0.091110,sce_nbt2026
SCE,2026,2026,bundled,all,2,weekday,23,total,0.087250,sce_nbt2026
SCE,2026,2026,bundled,all,2,weekend_holiday,0,total,0.084620,sce_nbt2026
SCE,2026,2026,bundled,all,2,weekend_holiday,1,total,0.085650,sce_nbt2026
SCE,2026,2026,bundled,all,2,weekend_holiday,2,total,0.084290,sce_nbt2026
SCE,2026,2026,bundled,all,2,weekend_holiday,3,total,0.084130,sce_nbt2026
SCE,2026,2026,bundled,all,2,weekend_holiday,4,total,0.083190,sce_nbt2026
SCE,2026,2026,bundled,all,2,weekend_holiday,5,total,0.083000,sce_nbt2026
SCE,2026,2026,bundled,all,2,weekend_holiday,6,total,0.079310,sce_nbt2026
SCE,2026,2026,bundled,all,2,weekend_holiday,7,total,0.070020,sce_nbt2026
SCE,2026,2026,bundled,all,2,weekend_holiday,8,total,0.047820,sce_nbt2026
SCE,2026,2026,bundled,all,2,weekend_holiday,9,total,0.027160,sce_nbt2026
SCE,2026,2026,bundled,all,2,weekend_holiday,10,total,0.027120,sce_nbt2026
SCE,2026,2026,bundled,all,2,weekend_holiday,11,total,0.024830,sce_nbt2026
SCE,2026,2026,bundled,all,2,weekend_holiday,12,total,0.024480,sce_nbt2026
SCE,2026,2026,bundled,all,2,weekend_holiday,13,total,0.022070,sce_nbt2026
SCE,2026,2026,bundled,all,2,weekend_holiday,14,total,0.021640,sce_nbt2026
SCE,2026,2026,bundled,all,2,weekend_holiday,15,total,0.019040,sce_nbt2026
SCE,2026,2026,bundled,all,2,weekend_holiday,16,total,0.057040,sce_nbt2026
SCE,2026,2026,bundled,all,2,weekend_holiday,17,total,0.098020,sce_nbt2026
SCE,2026,2026,bundled,all,2,weekend_holiday,18,total,0.100950,sce_nbt2026
SCE,2026,2026,bundled,all,2,weekend_holiday,19,total,0.089390,sce_nbt2026
SCE,2026,2026,bundled,all,2,weekend_holiday,20,total,0.086350,sce_nbt2026
SCE,2026,2026,bundled,all,2,weekend_holiday,21,total,0.083260,sce_nbt2026
SCE,2026,2026,bundled,all,2,weekend_holiday,22,total,0.084080,sce_nbt2026
SCE,2026,2026,bundled,all,2,weekend_holiday,23,total,0.090720,sce_nbt2026
SCE,2026,2026,bundled,all,3,weekday,0,total,0.073690,sce_nbt2026
SCE,2026,2026,bundled,all,3,weekday,1,total,0.070130,sce_nbt2026
SCE,2026,2026,bundled,all,3,weekday,2,total,0.066220,sce_nbt2026
SCE,2026,2026,bundled,all,3,weekday,3,total,0.065640,sce_nbt2026
SCE,2026,2026,bundled,all,3,weekday,4,total,0.066810,sce_nbt2026
SCE,2026,2026,bundled,all,3,weekday,5,total,0.069930,sce_nbt2026
SCE,2026,2026,bundled,all,3,weekday,6,total,0.072200,sce_nbt2026
SCE,2026,2026,bundled,all,3,weekday,7,total,0.065300,sce_nbt2026
SCE,2026,2026,bundled,all,3,weekday,8,total,0.046580,sce_nbt2026
SCE,2026,2026,bundled,all,3,weekday,9,total,0.021940,sce_nbt2026
SCE,2026,2026,bundled,all,3,weekday,10,total,0.017390,sce_nbt2026
SCE,2026,2026,bundled,all,3,weekday,11,total,0.016210,sce_nbt2026
SCE,2026,2026,bundled,all,3,weekday,12,total,0.016480,sce_nbt2026
SCE,2026,2026,bundled,all,3,weekday,13,total,0.012480,sce_nbt2026
SCE,2026,2026,bundled,all,3,weekday,14,total,0.010920,sce_nbt2026
SCE,2026,2026,bundled,all,3,weekday,15,total,0.011970,sce_nbt2026
SCE,2026,2026,bundled,all,3,weekday,16,total,0.022960,sce_nbt2026
SCE,2026,2026,bundled,all,3,weekday,17,total,0.056510,sce_nbt2026
SCE,2026,2026,bundled,all,3,weekday,18,total,0.081260,sce_nbt2026
SCE,2026,2026,bundled,all,3,weekday,19,total,0.080150,sce_nbt2026
SCE,2026,2026,bundled,all,3,weekday,20,total,0.075240,sce_nbt2026
SCE,2026,2026,bundled,all,3,weekday,21,total,0.072340,sce_nbt2026
SCE,2026,2026,bundled,all,3,weekday,22,total,0.068200,sce_nbt2026
SCE,2026,2026,bundled,all,3,weekday,23,total,0.069730,sce_nbt2026
SCE,2026,2026,bundled,all,3,weekend_holiday,0,total,0.066820,sce_nbt2026
SCE,2026,2026,bundled,all,3,weekend_holiday,1,total,0.068070,sce_nbt2026
SCE,2026,2026,bundled,all,3,weekend_holiday,2,total,0.069410,sce_nbt2026
SCE,2026,2026,bundled,all,3,weekend_holiday,3,total,0.070980,sce_nbt2026
SCE,2026,2026,bundled,all,3,weekend_holiday,4,total,0.069970,sce_nbt2026
SCE,2026,2026,bundled,all,3,weekend_holiday,5,total,0.069930,sce_nbt2026
SCE,2026,2026,bundled,all,3,weekend_holiday,6,total,0.067430,sce_nbt2026
SCE,2026,2026,bundled,all,3,weekend_holiday,7,total,0.060940,sce_nbt2026
SCE,2026,2026,bundled,all,3,weekend_holiday,8,total,0.006340,sce_nbt2026
SCE,2026,2026,bundled,all,3,weekend_holiday,9,total,0.001850,sce_nbt2026
SCE,2026,2026,bundled,all,3,weekend_holiday,10,total,0.004650,sce_nbt2026
SCE,2026,2026,bundled,all,3,weekend_holiday,11,total,0.002890,sce_nbt2026
SCE,2026,2026,bundled,all,3,weekend_holiday,12,total,0.000660,sce_nbt2026
SCE,2026,2026,bundled,all,3,weekend_holiday,13,total,0.000650,sce_nbt2026
SCE,2026,2026,bundled,all,3,weekend_holiday,14,total,0.000050,sce_nbt2026
SCE,2026,2026,bundled,all,3,weekend_holiday,15,total,0.003830,sce_nbt2026
SCE,2026,2026,bundled,all,3,weekend_holiday,16,total,0.016390,sce_nbt2026
SCE,2026,2026,bundled,all,3,weekend_holiday,17,total,0.031470,sce_nbt2026
SCE,2026,2026,bundled,all,3,weekend_holiday,18,total,0.070770,sce_nbt2026
SCE,2026,2026,bundled,all,3,weekend_holiday,19,total,0.073380,sce_nbt2026
SCE,2026,2026,bundled,all,3,weekend_holiday,20,total,0.071010,sce_nbt2026
SCE,2026,2026,bundled,all,3,weekend_holiday,21,total,0.070520,sce_nbt2026
SCE,2026,2026,bundled,all,3,weekend_holiday,22,total,0.068650,sce_nbt2026
SCE,2026,2026,bundled,all,3,weekend_holiday,23,total,0.064880,sce_nbt2026
SCE,2026,2026,bundled,all,4,weekday,0,total,0.073880,sce_nbt2026
SCE,2026,2026,bundled,all,4,weekday,1,total,0.071760,sce_nbt2026
SCE,2026,2026,bundled,all,4,weekday,2,total,0.076780,sce_nbt2026
SCE,2026,2026,bundled,all,4,weekday,3,total,0.074350,sce_nbt2026
SCE,2026,2026,bundled,all,4,weekday,4,total,0.073310,sce_nbt2026
SCE,2026,2026,bundled,all,4,weekday,5,total,0.076350,sce_nbt2026
SCE,2026,2026,bundled,all,4,weekday,6,total,0.067860,sce_nbt2026
SCE,2026,2026,bundled,all,4,weekday,7,total,0.054670,sce_nbt2026
SCE,2026,2026,bundled,all,4,weekday,8,total,0.012520,sce_nbt2026
SCE,2026,2026,bundled,all,4,weekday,9,total,0.005030,sce_nbt2026
SCE,2026,2026,bundled,all,4,weekday,10,total,0.008210,sce_nbt2026
SCE,2026,2026,bundled,all,4,weekday,11,total,0.007290,sce_nbt2026
SCE,2026,2026,bundled,all,4,weekday,12,total,0.004340,sce_nbt2026
SCE,2026,2026,bundled,all,4,weekday,13,total,0.001730,sce_nbt2026
SCE,2026,2026,bundled,all,4,weekday,14,total,0.000870,sce_nbt2026
SCE,2026,2026,bundled,all,4,weekday,15,total,0.000360,sce_nbt2026
SCE,2026,2026,bundled,all,4,weekday,16,total,0.000950,sce_nbt2026
SCE,2026,2026,bundled,all,4,weekday,17,total,0.004750,sce_nbt2026
SCE,2026,2026,bundled,all,4,weekday,18,total,0.073400,sce_nbt2026
SCE,2026,2026,bundled,all,4,weekday,19,total,0.073230,sce_nbt2026
SCE,2026,2026,bundled,all,4,weekday,20,total,0.072500,sce_nbt2026
SCE,2026,2026,bundled,all,4,weekday,21,total,0.071030,sce_nbt2026
SCE,2026,2026,bundled,all,4,weekday,22,total,0.068350,sce_nbt2026
SCE,2026,2026,bundled,all,4,weekday,23,total,0.074510,sce_nbt2026
SCE,2026,2026,bundled,all,4,weekend_holiday,0,total,0.064290,sce_nbt2026
SCE,2026,2026,bundled,all,4,weekend_holiday,1,total,0.064980,sce_nbt2026
SCE,2026,2026,bundled,all,4,weekend_holiday,2,total,0.072090,sce_nbt2026
SCE,2026,2026,bundled,all,4,weekend_holiday,3,total,0.076290,sce_nbt2026
SCE,2026,2026,bundled,all,4,weekend_holiday,4,total,0.072650,sce_nbt2026
SCE,2026,2026,bundled,all,4,weekend_holiday,5,total,0.073770,sce_nbt2026
SCE,2026,2026,bundled,all,4,weekend_holiday,6,total,0.067070,sce_nbt2026
SCE,2026,2026,bundled,all,4,weekend_holiday,7,total,0.044910,sce_nbt2026
SCE,2026,2026,bundled,all,4,weekend_holiday,8,total,0.001550,sce_nbt2026
SCE,2026,2026,bundled,all,4,weekend_holiday,9,total,0.001790,sce_nbt2026
SCE,2026,2026,bundled,all,4,weekend_holiday,10,total,0.007480,sce_nbt2026
SCE,2026,2026,bundled,all,4,weekend_holiday,11,total,0.004440,sce_nbt2026
SCE,2026,2026,bundled,all,4,weekend_holiday,12,total,0.000770,sce_nbt2026
SCE,2026,2026,bundled,all,4,weekend_holiday,13,total,0.000050,sce_nbt2026
SCE,2026,2026,bundled,all,4,weekend_holiday,14,total,0.000050,sce_nbt2026
SCE,2026,2026,bundled,all,4,weekend_holiday,15,total,0.000030,sce_nbt2026
SCE,2026,2026,bundled,all,4,weekend_holiday,16,total,0.000030,sce_nbt2026
SCE,2026,2026,bundled,all,4,weekend_holiday,17,total,0.002690,sce_nbt2026
SCE,2026,2026,bundled,all,4,weekend_holiday,18,total,0.068380,sce_nbt2026
SCE,2026,2026,bundled,all,4,weekend_holiday,19,total,0.078230,sce_nbt2026
SCE,2026,2026,bundled,all,4,weekend_holiday,20,total,0.066470,sce_nbt2026
SCE,2026,2026,bundled,all,4,weekend_holiday,21,total,0.067340,sce_nbt2026
SCE,2026,2026,bundled,all,4,weekend_holiday,22,total,0.065930,sce_nbt2026
SCE,2026,2026,bundled,all,4,weekend_holiday,23,total,0.068010,sce_nbt2026
SCE,2026,2026,bundled,all,5,weekday,0,total,0.076980,sce_nbt2026
SCE,2026,2026,bundled,all,5,weekday,1,total,0.072930,sce_nbt2026
SCE,2026,2026,bundled,all,5,weekday,2,total,0.075470,sce_nbt2026
SCE,2026,2026,bundled,all,5,weekday,3,total,0.080550,sce_nbt2026
SCE,2026,2026,bundled,all,5,weekday,4,total,0.080030,sce_nbt2026
SCE,2026,2026,bundled,all,5,weekday,5,total,0.073810,sce_nbt2026
SCE,2026,2026,bundled,all,5,weekday,6,total,0.065960,sce_nbt2026
SCE,2026,2026,bundled,all,5,weekday,7,total,0.061790,sce_nbt2026
SCE,2026,2026,bundled,all,5,weekday,8,total,0.021740,sce_nbt2026
SCE,2026,2026,bundled,all,5,weekday,9,total,0.012190,sce_nbt2026
SCE,2026,2026,bundled,all,5,weekday,10,total,0.013380,sce_nbt2026
SCE,2026,2026,bundled,all,5,weekday,11,total,0.010220,sce_nbt2026
SCE,2026,2026,bundled,all,5,weekday,12,total,0.009750,sce_nbt2026
SCE,2026,2026,bundled,all,5,weekday,13,total,0.010820,sce_nbt2026
SCE,2026,2026,bundled,all,5,weekday,14,total,0.009230,sce_nbt2026
SCE,2026,2026,bundled,all,5,weekday,15,total,0.008730,sce_nbt2026
SCE,2026,2026,bundled,all,5,weekday,16,total,0.011620,sce_nbt2026
SCE,2026,2026,bundled,all,5,weekday,17,total,0.032070,sce_nbt2026
SCE,2026,2026,bundled,all,5,weekday,18,total,0.080180,sce_nbt2026
SCE,2026,2026,bundled,all,5,weekday,19,total,0.085490,sce_nbt2026
SCE,2026,2026,bundled,all,5,weekday,20,total,0.074650,sce_nbt2026
SCE,2026,2026,bundled,all,5,weekday,21,total,0.073080,sce_nbt2026
SCE,2026,2026,bundled,all,5,weekday,22,total,0.074350,sce_nbt2026
SCE,2026,2026,bundled,all,5,weekday,23,total,0.075390,sce_nbt2026
SCE,2026,2026,bundled,all,5,weekend_holiday,0,total,0.067730,sce_nbt2026
SCE,2026,2026,bundled,all,5,weekend_holiday,1,total,0.069340,sce_nbt2026
SCE,2026,2026,bundled,all,5,weekend_holiday,2,total,0.079080,sce_nbt2026
SCE,2026,2026,bundled,all,5,weekend_holiday,3,total,0.078600,sce_nbt2026
SCE,2026,2026,bundled,all,5,weekend_holiday,4,total,0.075900,sce_nbt2026
SCE,2026,2026,bundled,all,5,weekend_holiday,5,total,0.068930,sce_nbt2026
SCE,2026,2026,bundled,all,5,weekend_holiday,6,total,0.066390,sce_nbt2026
SCE,2026,2026,bundled,all,5,weekend_holiday,7,total,0.031800,sce_nbt2026
SCE,2026,2026,bundled,all,5,weekend_holiday,8,total,0.004400,sce_nbt2026
SCE,2026,2026,bundled,all,5,weekend_holiday,9,total,0.004520,sce_nbt2026
SCE,2026,2026,bundled,all,5,weekend_holiday,10,total,0.004270,sce_nbt2026
SCE,2026,2026,bundled,all,5,weekend_holiday,11,total,0.005000,sce_nbt2026
SCE,2026,2026,bundled,all,5,weekend_holiday,12,total,0.004530,sce_nbt2026
SCE,2026,2026,bundled,all,5,weekend_holiday,13,total,0.003890,sce_nbt2026
SCE,2026,2026,bundled,all,5,weekend_holiday,14,total,0.000060,sce_nbt2026
SCE,2026,2026,bundled,all,5,weekend_holiday,15,total,0.000050,sce_nbt2026
SCE,2026,2026,bundled,all,5,weekend_holiday,16,total,0.000050,sce_nbt2026
SCE,2026,2026,bundled,all,5,weekend_holiday,17,total,0.000680,sce_nbt2026
SCE,2026,2026,bundled,all,5,weekend_holiday,18,total,0.056900,sce_nbt2026
SCE,2026,2026,bundled,all,5,weekend_holiday,19,total,0.083580,sce_nbt2026
SCE,2026,2026,bundled,all,5,weekend_holiday,20,total,0.076470,sce_nbt2026
SCE,2026,2026,bundled,all,5,weekend_holiday,21,total,0.074300,sce_nbt2026
SCE,2026,2026,bundled,all,5,weekend_holiday,22,total,0.074130,sce_nbt2026
SCE,2026,2026,bundled,all,5,weekend_holiday,23,total,0.075550,sce_nbt2026
SCE,2026,2026,bundled,all,6,weekday,0,total,0.075120,sce_nbt2026
SCE,2026,2026,bundled,all,6,weekday,1,total,0.073030,sce_nbt2026
SCE,2026,2026,bundled,all,6,weekday,2,total,0.069960,sce_nbt2026
SCE,2026,2026,bundled,all,6,weekday,3,total,0.073160,sce_nbt2026
SCE,2026,2026,bundled,all,6,weekday,4,total,0.070850,sce_nbt2026
SCE,2026,2026,bundled,all,6,weekday,5,total,0.069830,sce_nbt2026
SCE,2026,2026,bundled,all,6,weekday,6,total,0.066040,sce_nbt2026
SCE,2026,2026,bundled,all,6,weekday,7,total,0.060470,sce_nbt2026
SCE,2026,2026,bundled,all,6,weekday,8,total,0.042250,sce_nbt2026
SCE,2026,2026,bundled,all,6,weekday,9,total,0.035710,sce_nbt2026
SCE,2026,2026,bundled,all,6,weekday,10,total,0.033810,sce_nbt2026
SCE,2026,2026,bundled,all,6,weekday,11,total,0.029490,sce_nbt2026
SCE,2026,2026,bundled,all,6,weekday,12,total,0.029340,sce_nbt2026
SCE,2026,2026,bundled,all,6,weekday,13,total,0.030690,sce_nbt2026
SCE,2026,2026,bundled,all,6,weekday,14,total,0.035400,sce_nbt2026
SCE,2026,2026,bundled,all,6,weekday,15,total,0.030450,sce_nbt2026
SCE,2026,2026,bundled,all,6,weekday,16,total,0.034150,sce_nbt2026
SCE,2026,2026,bundled,all,6,weekday,17,total,0.046540,sce_nbt2026
SCE,2026,2026,bundled,all,6,weekday,18,total,0.088710,sce_nbt2026
SCE,2026,2026,bundled,all,6,weekday,19,total,0.089960,sce_nbt2026
SCE,2026,2026,bundled,all,6,weekday,20,total,0.085440,sce_nbt2026
SCE,2026,2026,bundled,all,6,weekday,21,total,0.081990,sce_nbt2026
SCE,2026,2026,bundled,all,6,weekday,22,total,0.076110,sce_nbt2026
SCE,2026,2026,bundled,all,6,weekday,23,total,0.070110,sce_nbt2026
SCE,2026,2026,bundled,all,6,weekend_holiday,0,total,0.071070,sce_nbt2026
SCE,2026,2026,bundled,all,6,weekend_holiday,1,total,0.068970,sce_nbt2026
SCE,2026,2026,bundled,all,6,weekend_holiday,2,total,0.068980,sce_nbt2026
SCE,2026,2026,bundled,all,6,weekend_holiday,3,total,0.069340,sce_nbt2026
SCE,2026,2026,bundled,all,6,weekend_holiday,4,total,0.066570,sce_nbt2026
SCE,2026,2026,bundled,all,6,weekend_holiday,5,total,0.082730,sce_nbt2026
SCE,2026,2026,bundled,all,6,weekend_holiday,6,total,0.068830,sce_nbt2026
SCE,2026,2026,bundled,all,6,weekend_holiday,7,total,0.056890,sce_nbt2026
SCE,2026,2026,bundled,all,6,weekend_holiday,8,total,0.017650,sce_nbt2026
SCE,2026,2026,bundled,all,6,weekend_holiday,9,total,0.013100,sce_nbt2026
SCE,2026,2026,bundled,all,6,weekend_holiday,10,total,0.017620,sce_nbt2026
SCE,2026,2026,bundled,all,6,weekend_holiday,11,total,0.011210,sce_nbt2026
SCE,2026,2026,bundled,all,6,weekend_holiday,12,total,0.012230,sce_nbt2026
SCE,2026,2026,bundled,all,6,weekend_holiday,13,total,0.007100,sce_nbt2026
SCE,2026,2026,bundled,all,6,weekend_holiday,14,total,0.009050,sce_nbt2026
SCE,2026,2026,bundled,all,6,weekend_holiday,15,total,0.009260,sce_nbt2026
SCE,2026,2026,bundled,all,6,weekend_holiday,16,total,0.010160,sce_nbt2026
SCE,2026,2026,bundled,all,6,weekend_holiday,17,total,0.021570,sce_nbt2026
SCE,2026,2026,bundled,all,6,weekend_holiday,18,total,0.070490,sce_nbt2026
SCE,2026,2026,bundled,all,6,weekend_holiday,19,total,0.093580,sce_nbt2026
SCE,2026,2026,bundled,all,6,weekend_holiday,20,total,0.081040,sce_nbt2026
SCE,2026,2026,bundled,all,6,weekend_holiday,21,total,0.076870,sce_nbt2026
SCE,2026,2026,bundled,all,6,weekend_holiday,22,total,0.076070,sce_nbt2026
SCE,2026,2026,bundled,all,6,weekend_holiday,23,total,0.072040,sce_nbt2026
SCE,2026,2026,bundled,all,7,weekday,0,total,0.071720,sce_nbt2026
SCE,2026,2026,bundled,all,7,weekday,1,total,0.072270,sce_nbt2026
SCE,2026,2026,bundled,all,7,weekday,2,total,0.069460,sce_nbt2026
SCE,2026,2026,bundled,all,7,weekday,3,total,0.070300,sce_nbt2026
SCE,2026,2026,bundled,all,7,weekday,4,total,0.067700,sce_nbt2026
SCE,2026,2026,bundled,all,7,weekday,5,total,0.067600,sce_nbt2026
SCE,2026,2026,bundled,all,7,weekday,6,total,0.070640,sce_nbt2026
SCE,2026,2026,bundled,all,7,weekday,7,total,0.067450,sce_nbt2026
SCE,2026,2026,bundled,all,7,weekday,8,total,0.064400,sce_nbt2026
SCE,2026,2026,bundled,all,7,weekday,9,total,0.057660,sce_nbt2026
SCE,2026,2026,bundled,all,7,weekday,10,total,0.058870,sce_nbt2026
SCE,2026,2026,bundled,all,7,weekday,11,total,0.056770,sce_nbt2026
SCE,2026,2026,bundled,all,7,weekday,12,total,0.052730,sce_nbt2026
SCE,2026,2026,bundled,all,7,weekday,13,total,0.090400,sce_nbt2026
SCE,2026,2026,bundled,all,7,weekday,14,total,0.177440,sce_nbt2026
SCE,2026,2026,bundled,all,7,weekday,15,total,0.226690,sce_nbt2026
SCE,2026,2026,bundled,all,7,weekday,16,total,0.228810,sce_nbt2026
SCE,2026,2026,bundled,all,7,weekday,17,total,0.283660,sce_nbt2026
SCE,2026,2026,bundled,all,7,weekday,18,total,0.232100,sce_nbt2026
SCE,2026,2026,bundled,all,7,weekday,19,total,0.234520,sce_nbt2026
SCE,2026,2026,bundled,all,7,weekday,20,total,0.093040,sce_nbt2026
SCE,2026,2026,bundled,all,7,weekday,21,total,0.083540,sce_nbt2026
SCE,2026,2026,bundled,all,7,weekday,22,total,0.079960,sce_nbt2026
SCE,2026,2026,bundled,all,7,weekday,23,total,0.073600,sce_nbt2026
SCE,2026,2026,bundled,all,7,weekend_holiday,0,total,0.078130,sce_nbt2026
SCE,2026,2026,bundled,all,7,weekend_holiday,1,total,0.072140,sce_nbt2026
SCE,2026,2026,bundled,all,7,weekend_holiday,2,total,0.069710,sce_nbt2026
SCE,2026,2026,bundled,all,7,weekend_holiday,3,total,0.069560,sce_nbt2026
SCE,2026,2026,bundled,all,7,weekend_holiday,4,total,0.067130,sce_nbt2026
SCE,2026,2026,bundled,all,7,weekend_holiday,5,total,0.067860,sce_nbt2026
SCE,2026,2026,bundled,all,7,weekend_holiday,6,total,0.064280,sce_nbt2026
SCE,2026,2026,bundled,all,7,weekend_holiday,7,total,0.061420,sce_nbt2026
SCE,2026,2026,bundled,all,7,weekend_holiday,8,total,0.024700,sce_nbt2026
SCE,2026,2026,bundled,all,7,weekend_holiday,9,total,0.024500,sce_nbt2026
SCE,2026,2026,bundled,all,7,weekend_holiday,10,total,0.026540,sce_nbt2026
SCE,2026,2026,bundled,all,7,weekend_holiday,11,total,0.022380,sce_nbt2026
SCE,2026,2026,bundled,all,7,weekend_holiday,12,total,0.024880,sce_nbt2026
SCE,2026,2026,bundled,all,7,weekend_holiday,13,total,0.026230,sce_nbt2026
SCE,2026,2026,bundled,all,7,weekend_holiday,14,total,0.107900,sce_nbt2026
SCE,2026,2026,bundled,all,7,weekend_holiday,15,total,0.114880,sce_nbt2026
SCE,2026,2026,bundled,all,7,weekend_holiday,16,total,0.116640,sce_nbt2026
SCE,2026,2026,bundled,all,7,weekend_holiday,17,total,0.136000,sce_nbt2026
SCE,2026,2026,bundled,all,7,weekend_holiday,18,total,0.180990,sce_nbt2026
SCE,2026,2026,bundled,all,7,weekend_holiday,19,total,0.113210,sce_nbt2026
SCE,2026,2026,bundled,all,7,weekend_holiday,20,total,0.098820,sce_nbt2026
SCE,2026,2026,bundled,all,7,weekend_holiday,21,total,0.079480,sce_nbt2026
SCE,2026,2026,bundled,all,7,weekend_holiday,22,total,0.077280,sce_nbt2026
SCE,2026,2026,bundled,all,7,weekend_holiday,23,total,0.074110,sce_nbt2026
SCE,2026,2026,bundled,all,8,weekday,0,total,0.086730,sce_nbt2026
SCE,2026,2026,bundled,all,8,weekday,1,total,0.088090,sce_nbt2026
SCE,2026,2026,bundled,all,8,weekday,2,total,0.084970,sce_nbt2026
SCE,2026,2026,bundled,all,8,weekday,3,total,0.081500,sce_nbt2026
SCE,2026,2026,bundled,all,8,weekday,4,total,0.081150,sce_nbt2026
SCE,2026,2026,bundled,all,8,weekday,5,total,0.081580,sce_nbt2026
SCE,2026,2026,bundled,all,8,weekday,6,total,0.078130,sce_nbt2026
SCE,2026,2026,bundled,all,8,weekday,7,total,0.069540,sce_nbt2026
SCE,2026,2026,bundled,all,8,weekday,8,total,0.063210,sce_nbt2026
SCE,2026,2026,bundled,all,8,weekday,9,total,0.062250,sce_nbt2026
SCE,2026,2026,bundled,all,8,weekday,10,total,0.062150,sce_nbt2026
SCE,2026,2026,bundled,all,8,weekday,11,total,0.061740,sce_nbt2026
SCE,2026,2026,bundled,all,8,weekday,12,total,0.061840,sce_nbt2026
SCE,2026,2026,bundled,all,8,weekday,13,total,0.062130,sce_nbt2026
SCE,2026,2026,bundled,all,8,weekday,14,total,0.139460,sce_nbt2026
SCE,2026,2026,bundled,all,8,weekday,15,total,0.299520,sce_nbt2026
SCE,2026,2026,bundled,all,8,weekday,16,total,0.392560,sce_nbt2026
SCE,2026,2026,bundled,all,8,weekday,17,total,1.147240,sce_nbt2026
SCE,2026,2026,bundled,all,8,weekday,18,total,1.066140,sce_nbt2026
SCE,2026,2026,bundled,all,8,weekday,19,total,0.974660,sce_nbt2026
SCE,2026,2026,bundled,all,8,weekday,20,total,1.017360,sce_nbt2026
SCE,2026,2026,bundled,all,8,weekday,21,total,0.877510,sce_nbt2026
SCE,2026,2026,bundled,all,8,weekday,22,total,0.867290,sce_nbt2026
SCE,2026,2026,bundled,all,8,weekday,23,total,0.088960,sce_nbt2026
SCE,2026,2026,bundled,all,8,weekend_holiday,0,total,0.085520,sce_nbt2026
SCE,2026,2026,bundled,all,8,weekend_holiday,1,total,0.083910,sce_nbt2026
SCE,2026,2026,bundled,all,8,weekend_holiday,2,total,0.085750,sce_nbt2026
SCE,2026,2026,bundled,all,8,weekend_holiday,3,total,0.079170,sce_nbt2026
SCE,2026,2026,bundled,all,8,weekend_holiday,4,total,0.076460,sce_nbt2026
SCE,2026,2026,bundled,all,8,weekend_holiday,5,total,0.076560,sce_nbt2026
SCE,2026,2026,bundled,all,8,weekend_holiday,6,total,0.070730,sce_nbt2026
SCE,2026,2026,bundled,all,8,weekend_holiday,7,total,0.059840,sce_nbt2026
SCE,2026,2026,bundled,all,8,weekend_holiday,8,total,0.042190,sce_nbt2026
SCE,2026,2026,bundled,all,8,weekend_holiday,9,total,0.038710,sce_nbt2026
SCE,2026,2026,bundled,all,8,weekend_holiday,10,total,0.038300,sce_nbt2026
SCE,2026,2026,bundled,all,8,weekend_holiday,11,total,0.038440,sce_nbt2026
SCE,2026,2026,bundled,all,8,weekend_holiday,12,total,0.035460,sce_nbt2026
SCE,2026,2026,bundled,all,8,weekend_holiday,13,total,0.035600,sce_nbt2026
SCE,2026,2026,bundled,all,8,weekend_holiday,14,total,0.037030,sce_nbt2026
SCE,2026,2026,bundled,all,8,weekend_holiday,15,total,0.045150,sce_nbt2026
SCE,2026,2026,bundled,all,8,weekend_holiday,16,total,0.060660,sce_nbt2026
SCE,2026,2026,bundled,all,8,weekend_holiday,17,total,0.875150,sce_nbt2026
SCE,2026,2026,bundled,all,8,weekend_holiday,18,total,0.929250,sce_nbt2026
SCE,2026,2026,bundled,all,8,weekend_holiday,19,total,0.946550,sce_nbt2026
SCE,2026,2026,bundled,all,8,weekend_holiday,20,total,1.021090,sce_nbt2026
SCE,2026,2026,bundled,all,8,weekend_holiday,21,total,0.935230,sce_nbt2026
SCE,2026,2026,bundled,all,8,weekend_holiday,22,total,0.926030,sce_nbt2026
SCE,2026,2026,bundled,all,8,weekend_holiday,23,total,0.087600,sce_nbt2026
SCE,2026,2026,bundled,all,9,weekday,0,total,0.089580,sce_nbt2026
SCE,2026,2026,bundled,all,9,weekday,1,total,0.087460,sce_nbt2026
SCE,2026,2026,bundled,all,9,weekday,2,total,0.085910,sce_nbt2026
SCE,2026,2026,bundled,all,9,weekday,3,total,0.082310,sce_nbt2026
SCE,2026,2026,bundled,all,9,weekday,4,total,0.081120,sce_nbt2026
SCE,2026,2026,bundled,all,9,weekday,5,total,0.083940,sce_nbt2026
SCE,2026,2026,bundled,all,9,weekday,6,total,0.081450,sce_nbt2026
SCE,2026,2026,bundled,all,9,weekday,7,total,0.068430,sce_nbt2026
SCE,2026,2026,bundled,all,9,weekday,8,total,0.061360,sce_nbt2026
SCE,2026,2026,bundled,all,9,weekday,9,total,0.057560,sce_nbt2026
SCE,2026,2026,bundled,all,9,weekday,10,total,0.055730,sce_nbt2026
SCE,2026,2026,bundled,all,9,weekday,11,total,0.055610,sce_nbt2026
SCE,2026,2026,bundled,all,9,weekday,12,total,0.055600,sce_nbt2026
SCE,2026,2026,bundled,all,9,weekday,13,total,0.055910,sce_nbt2026
SCE,2026,2026,bundled,all,9,weekday,14,total,0.053760,sce_nbt2026
SCE,2026,2026,bundled,all,9,weekday,15,total,0.053540,sce_nbt2026
SCE,2026,2026,bundled,all,9,weekday,16,total,0.070180,sce_nbt2026
SCE,2026,2026,bundled,all,9,weekday,17,total,0.133590,sce_nbt2026
SCE,2026,2026,bundled,all,9,weekday,18,total,0.452310,sce_nbt2026
SCE,2026,2026,bundled,all,9,weekday,19,total,0.584170,sce_nbt2026
SCE,2026,2026,bundled,all,9,weekday,20,total,0.312010,sce_nbt2026
SCE,2026,2026,bundled,all,9,weekday,21,total,0.151660,sce_nbt2026
SCE,2026,2026,bundled,all,9,weekday,22,total,0.150660,sce_nbt2026
SCE,2026,2026,bundled,all,9,weekday,23,total,0.095430,sce_nbt2026
SCE,2026,2026,bundled,all,9,weekend_holiday,0,total,0.078990,sce_nbt2026
SCE,2026,2026,bundled,all,9,weekend_holiday,1,total,0.081860,sce_nbt2026
SCE,2026,2026,bundled,all,9,weekend_holiday,2,total,0.080120,sce_nbt2026
SCE,2026,2026,bundled,all,9,weekend_holiday,3,total,0.076530,sce_nbt2026
SCE,2026,2026,bundled,all,9,weekend_holiday,4,total,0.075580,sce_nbt2026
SCE,2026,2026,bundled,all,9,weekend_holiday,5,total,0.075510,sce_nbt2026
SCE,2026,2026,bundled,all,9,weekend_holiday,6,total,0.073430,sce_nbt2026
SCE,2026,2026,bundled,all,9,weekend_holiday,7,total,0.060540,sce_nbt2026
SCE,2026,2026,bundled,all,9,weekend_holiday,8,total,0.035940,sce_nbt2026
SCE,2026,2026,bundled,all,9,weekend_holiday,9,total,0.023470,sce_nbt2026
SCE,2026,2026,bundled,all,9,weekend_holiday,10,total,0.020490,sce_nbt2026
SCE,2026,2026,bundled,all,9,weekend_holiday,11,total,0.019720,sce_nbt2026
SCE,2026,2026,bundled,all,9,weekend_holiday,12,total,0.016900,sce_nbt2026
SCE,2026,2026,bundled,all,9,weekend_holiday,13,total,0.019160,sce_nbt2026
SCE,2026,2026,bundled,all,9,weekend_holiday,14,total,0.023700,sce_nbt2026
SCE,2026,2026,bundled,all,9,weekend_holiday,15,total,0.026690,sce_nbt2026
SCE,2026,2026,bundled,all,9,weekend_holiday,16,total,0.124380,sce_nbt2026
SCE,2026,2026,bundled,all,9,weekend_holiday,17,total,0.203270,sce_nbt2026
SCE,2026,2026,bundled,all,9,weekend_holiday,18,total,0.523830,sce_nbt2026
SCE,2026,2026,bundled,all,9,weekend_holiday,19,total,0.680690,sce_nbt2026
SCE,2026,2026,bundled,all,9,weekend_holiday,20,total,0.342050,sce_nbt2026
SCE,2026,2026,bundled,all,9,weekend_holiday,21,total,0.162890,sce_nbt2026
SCE,2026,2026,bundled,all,9,weekend_holiday,22,total,0.163040,sce_nbt2026
SCE,2026,2026,bundled,all,9,weekend_holiday,23,total,0.092020,sce_nbt2026
SCE,2026,2026,bundled,all,10,weekday,0,total,0.086150,sce_nbt2026
SCE,2026,2026,bundled,all,10,weekday,1,total,0.086740,sce_nbt2026
SCE,2026,2026,bundled,all,10,weekday,2,total,0.083420,sce_nbt2026
SCE,2026,2026,bundled,all,10,weekday,3,total,0.079320,sce_nbt2026
SCE,2026,2026,bundled,all,10,weekday,4,total,0.079280,sce_nbt2026
SCE,2026,2026,bundled,all,10,weekday,5,total,0.079320,sce_nbt2026
SCE,2026,2026,bundled,all,10,weekday,6,total,0.083580,sce_nbt2026
SCE,2026,2026,bundled,all,10,weekday,7,total,0.073660,sce_nbt2026
SCE,2026,2026,bundled,all,10,weekday,8,total,0.063810,sce_nbt2026
SCE,2026,2026,bundled,all,10,weekday,9,total,0.058200,sce_nbt2026
SCE,2026,2026,bundled,all,10,weekday,10,total,0.057160,sce_nbt2026
SCE,2026,2026,bundled,all,10,weekday,11,total,0.055530,sce_nbt2026
SCE,2026,2026,bundled,all,10,weekday,12,total,0.054960,sce_nbt2026
SCE,2026,2026,bundled,all,10,weekday,13,total,0.054510,sce_nbt2026
SCE,2026,2026,bundled,all,10,weekday,14,total,0.054370,sce_nbt2026
SCE,2026,2026,bundled,all,10,weekday,15,total,0.054180,sce_nbt2026
SCE,2026,2026,bundled,all,10,weekday,16,total,0.059940,sce_nbt2026
SCE,2026,2026,bundled,all,10,weekday,17,total,0.090310,sce_nbt2026
SCE,2026,2026,bundled,all,10,weekday,18,total,0.093030,sce_nbt2026
SCE,2026,2026,bundled,all,10,weekday,19,total,0.090390,sce_nbt2026
SCE,2026,2026,bundled,all,10,weekday,20,total,0.086500,sce_nbt2026
SCE,2026,2026,bundled,all,10,weekday,21,total,0.081910,sce_nbt2026
SCE,2026,2026,bundled,all,10,weekday,22,total,0.088130,sce_nbt2026
SCE,2026,2026,bundled,all,10,weekday,23,total,0.088800,sce_nbt2026
SCE,2026,2026,bundled,all,10,weekend_holiday,0,total,0.078670,sce_nbt2026
SCE,2026,2026,bundled,all,10,weekend_holiday,1,total,0.079580,sce_nbt2026
SCE,2026,2026,bundled,all,10,weekend_holiday,2,total,0.076130,sce_nbt2026
SCE,2026,2026,bundled,all,10,weekend_holiday,3,total,0.076790,sce_nbt2026
SCE,2026,2026,bundled,all,10,weekend_holiday,4,total,0.075200,sce_nbt2026
SCE,2026,2026,bundled,all,10,weekend_holiday,5,total,0.074420,sce_nbt2026
SCE,2026,2026,bundled,all,10,weekend_holiday,6,total,0.072080,sce_nbt2026
SCE,2026,2026,bundled,all,10,weekend_holiday,7,total,0.064860,sce_nbt2026
SCE,2026,2026,bundled,all,10,weekend_holiday,8,total,0.043230,sce_nbt2026
SCE,2026,2026,bundled,all,10,weekend_holiday,9,total,0.021080,sce_nbt2026
SCE,2026,2026,bundled,all,10,weekend_holiday,10,total,0.021070,sce_nbt2026
SCE,2026,2026,bundled,all,10,weekend_holiday,11,total,0.020400,sce_nbt2026
SCE,2026,2026,bundled,all,10,weekend_holiday,12,total,0.020080,sce_nbt2026
SCE,2026,2026,bundled,all,10,weekend_holiday,13,total,0.019270,sce_nbt2026
SCE,2026,2026,bundled,all,10,weekend_holiday,14,total,0.021040,sce_nbt2026
SCE,2026,2026,bundled,all,10,weekend_holiday,15,total,0.022330,sce_nbt2026
SCE,2026,2026,bundled,all,10,weekend_holiday,16,total,0.038470,sce_nbt2026
SCE,2026,2026,bundled,all,10,weekend_holiday,17,total,0.079790,sce_nbt2026
SCE,2026,2026,bundled,all,10,weekend_holiday,18,total,0.082190,sce_nbt2026
SCE,2026,2026,bundled,all,10,weekend_holiday,19,total,0.080920,sce_nbt2026
SCE,2026,2026,bundled,all,10,weekend_holiday,20,total,0.079510,sce_nbt2026
SCE,2026,2026,bundled,all,10,weekend_holiday,21,total,0.077170,sce_nbt2026
SCE,2026,2026,bundled,all,10,weekend_holiday,22,total,0.088820,sce_nbt2026
SCE,2026,2026,bundled,all,10,weekend_holiday,23,total,0.083040,sce_nbt2026
SCE,2026,2026,bundled,all,11,weekday,0,total,0.083590,sce_nbt2026
SCE,2026,2026,bundled,all,11,weekday,1,total,0.082290,sce_nbt2026
SCE,2026,2026,bundled,all,11,weekday,2,total,0.080500,sce_nbt2026
SCE,2026,2026,bundled,all,11,weekday,3,total,0.079370,sce_nbt2026
SCE,2026,2026,bundled,all,11,weekday,4,total,0.083470,sce_nbt2026
SCE,2026,2026,bundled,all,11,weekday,5,total,0.085250,sce_nbt2026
SCE,2026,2026,bundled,all,11,weekday,6,total,0.081650,sce_nbt2026
SCE,2026,2026,bundled,all,11,weekday,7,total,0.072360,sce_nbt2026
SCE,2026,2026,bundled,all,11,weekday,8,total,0.062390,sce_nbt2026
SCE,2026,2026,bundled,all,11,weekday,9,total,0.059750,sce_nbt2026
SCE,2026,2026,bundled,all,11,weekday,10,total,0.057500,sce_nbt2026
SCE,2026,2026,bundled,all,11,weekday,11,total,0.055140,sce_nbt2026
SCE,2026,2026,bundled,all,11,weekday,12,total,0.054160,sce_nbt2026
SCE,2026,2026,bundled,all,11,weekday,13,total,0.048930,sce_nbt2026
SCE,2026,2026,bundled,all,11,weekday,14,total,0.050950,sce_nbt2026
SCE,2026,2026,bundled,all,11,weekday,15,total,0.064100,sce_nbt2026
SCE,2026,2026,bundled,all,11,weekday,16,total,0.091030,sce_nbt2026
SCE,2026,2026,bundled,all,11,weekday,17,total,0.093690,sce_nbt2026
SCE,2026,2026,bundled,all,11,weekday,18,total,0.087970,sce_nbt2026
SCE,2026,2026,bundled,all,11,weekday,19,total,0.085640,sce_nbt2026
SCE,2026,2026,bundled,all,11,weekday,20,total,0.084360,sce_nbt2026
SCE,2026,2026,bundled,all,11,weekday,21,total,0.086130,sce_nbt2026
SCE,2026,2026,bundled,all,11,weekday,22,total,0.086660,sce_nbt2026
SCE,2026,2026,bundled,all,11,weekday,23,total,0.089620,sce_nbt2026
SCE,2026,2026,bundled,all,11,weekend_holiday,0,total,0.080120,sce_nbt2026
SCE,2026,2026,bundled,all,11,weekend_holiday,1,total,0.077300,sce_nbt2026
SCE,2026,2026,bundled,all,11,weekend_holiday,2,total,0.075740,sce_nbt2026
SCE,2026,2026,bundled,all,11,weekend_holiday,3,total,0.075130,sce_nbt2026
SCE,2026,2026,bundled,all,11,weekend_holiday,4,total,0.076200,sce_nbt2026
SCE,2026,2026,bundled,all,11,weekend_holiday,5,total,0.077410,sce_nbt2026
SCE,2026,2026,bundled,all,11,weekend_holiday,6,total,0.077470,sce_nbt2026
SCE,2026,2026,bundled,all,11,weekend_holiday,7,total,0.057330,sce_nbt2026
SCE,2026,2026,bundled,all,11,weekend_holiday,8,total,0.038580,sce_nbt2026
SCE,2026,2026,bundled,all,11,weekend_holiday,9,total,0.030140,sce_nbt2026
SCE,2026,2026,bundled,all,11,weekend_holiday,10,total,0.027930,sce_nbt2026
SCE,2026,2026,bundled,all,11,weekend_holiday,11,total,0.025470,sce_nbt2026
SCE,2026,2026,bundled,all,11,weekend_holiday,12,total,0.024470,sce_nbt2026
SCE,2026,2026,bundled,all,11,weekend_holiday,13,total,0.022140,sce_nbt2026
SCE,2026,2026,bundled,all,11,weekend_holiday,14,total,0.022060,sce_nbt2026
SCE,2026,2026,bundled,all,11,weekend_holiday,15,total,0.042700,sce_nbt2026
SCE,2026,2026,bundled,all,11,weekend_holiday,16,total,0.078840,sce_nbt2026
SCE,2026,2026,bundled,all,11,weekend_holiday,17,total,0.088670,sce_nbt2026
SCE,2026,2026,bundled,all,11,weekend_holiday,18,total,0.084200,sce_nbt2026
SCE,2026,2026,bundled,all,11,weekend_holiday,19,total,0.081090,sce_nbt2026
SCE,2026,2026,bundled,all,11,weekend_holiday,20,total,0.079410,sce_nbt2026
SCE,2026,2026,bundled,all,11,weekend_holiday,21,total,0.078810,sce_nbt2026
SCE,2026,2026,bundled,all,11,weekend_holiday,22,total,0.083220,sce_nbt2026
SCE,2026,2026,bundled,all,11,weekend_holiday,23,total,0.079270,sce_nbt2026
SCE,2026,2026,bundled,all,12,weekday,0,total,0.085770,sce_nbt2026
SCE,2026,2026,bundled,all,12,weekday,1,total,0.084010,sce_nbt2026
SCE,2026,2026,bundled,all,12,weekday,2,total,0.080900,sce_nbt2026
SCE,2026,2026,bundled,all,12,weekday,3,total,0.081520,sce_nbt2026
SCE,2026,2026,bundled,all,12,weekday,4,total,0.083610,sce_nbt2026
SCE,2026,2026,bundled,all,12,weekday,5,total,0.086150,sce_nbt2026
SCE,2026,2026,bundled,all,12,weekday,6,total,0.096030,sce_nbt2026
SCE,2026,2026,bundled,all,12,weekday,7,total,0.080270,sce_nbt2026
SCE,2026,2026,bundled,all,12,weekday,8,total,0.071180,sce_nbt2026
SCE,2026,2026,bundled,all,12,weekday,9,total,0.067020,sce_nbt2026
SCE,2026,2026,bundled,all,12,weekday,10,total,0.064720,sce_nbt2026
SCE,2026,2026,bundled,all,12,weekday,11,total,0.061090,sce_nbt2026
SCE,2026,2026,bundled,all,12,weekday,12,total,0.057280,sce_nbt2026
SCE,2026,2026,bundled,all,12,weekday,13,total,0.057680,sce_nbt2026
SCE,2026,2026,bundled,all,12,weekday,14,total,0.056780,sce_nbt2026
SCE,2026,2026,bundled,all,12,weekday,15,total,0.067360,sce_nbt2026
SCE,2026,2026,bundled,all,12,weekday,16,total,0.091830,sce_nbt2026
SCE,2026,2026,bundled,all,12,weekday,17,total,0.096710,sce_nbt2026
SCE,2026,2026,bundled,all,12,weekday,18,total,0.096230,sce_nbt2026
SCE,2026,2026,bundled,all,12,weekday,19,total,0.089250,sce_nbt2026
SCE,2026,2026,bundled,all,12,weekday,20,total,0.087910,sce_nbt2026
SCE,2026,2026,bundled,all,12,weekday,21,total,0.087430,sce_nbt2026
SCE,2026,2026,bundled,all,12,weekday,22,total,0.088810,sce_nbt2026
SCE,2026,2026,bundled,all,12,weekday,23,total,0.088990,sce_nbt2026
SCE,2026,2026,bundled,all,12,weekend_holiday,0,total,0.079700,sce_nbt2026
SCE,2026,2026,bundled,all,12,weekend_holiday,1,total,0.078120,sce_nbt2026
SCE,2026,2026,bundled,all,12,weekend_holiday,2,total,0.074560,sce_nbt2026
SCE,2026,2026,bundled,all,12,weekend_holiday,3,total,0.070810,sce_nbt2026
SCE,2026,2026,bundled,all,12,weekend_holiday,4,total,0.069840,sce_nbt2026
SCE,2026,2026,bundled,all,12,weekend_holiday,5,total,0.071770,sce_nbt2026
SCE,2026,2026,bundled,all,12,weekend_holiday,6,total,0.074810,sce_nbt2026
SCE,2026,2026,bundled,all,12,weekend_holiday,7,total,0.064920,sce_nbt2026
SCE,2026,2026,bundled,all,12,weekend_holiday,8,total,0.042480,sce_nbt2026
SCE,2026,2026,bundled,all,12,weekend_holiday,9,total,0.022200,sce_nbt2026
SCE,2026,2026,bundled,all,12,weekend_holiday,10,total,0.021010,sce_nbt2026
SCE,2026,2026,bundled,all,12,weekend_holiday,11,total,0.019150,sce_nbt2026
SCE,2026,2026,bundled,all,12,weekend_holiday,12,total,0.020360,sce_nbt2026
SCE,2026,2026,bundled,all,12,weekend_holiday,13,total,0.014650,sce_nbt2026
SCE,2026,2026,bundled,all,12,weekend_holiday,14,total,0.014030,sce_nbt2026
SCE,2026,2026,bundled,all,12,weekend_holiday,15,total,0.040530,sce_nbt2026
SCE,2026,2026,bundled,all,12,weekend_holiday,16,total,0.081160,sce_nbt2026
SCE,2026,2026,bundled,all,12,weekend_holiday,17,total,0.086480,sce_nbt2026
SCE,2026,2026,bundled,all,12,weekend_holiday,18,total,0.084570,sce_nbt2026
SCE,2026,2026,bundled,all,12,weekend_holiday,19,total,0.080470,sce_nbt2026
SCE,2026,2026,bundled,all,12,weekend_holiday,20,total,0.079190,sce_nbt2026
SCE,2026,2026,bundled,all,12,weekend_holiday,21,total,0.074460,sce_nbt2026
SCE,2026,2026,bundled,all,12,weekend_holiday,22,total,0.075640,sce_nbt2026
SCE,2026,2026,bundled,all,12,weekend_holiday,23,total,0.074530,sce_nbt2026
SDG&E,2026,2024,bundled,all,1,weekday,0,delivery,0.003483,sdge_nbt2024
SDG&E,2026,2024,bundled,all,1,weekday,1,delivery,0.003515,sdge_nbt2024
SDG&E,2026,2024,bundled,all,1,weekday,2,delivery,0.003443,sdge_nbt2024
SDG&E,2026,2024,bundled,all,1,weekday,3,delivery,0.003404,sdge_nbt2024
SDG&E,2026,2024,bundled,all,1,weekday,4,delivery,0.003456,sdge_nbt2024
SDG&E,2026,2024,bundled,all,1,weekday,5,delivery,0.003523,sdge_nbt2024
SDG&E,2026,2024,bundled,all,1,weekday,6,delivery,0.003761,sdge_nbt2024
SDG&E,2026,2024,bundled,all,1,weekday,7,delivery,0.003912,sdge_nbt2024
SDG&E,2026,2024,bundled,all,1,weekday,8,delivery,0.003863,sdge_nbt2024
SDG&E,2026,2024,bundled,all,1,weekday,9,delivery,0.003939,sdge_nbt2024
SDG&E,2026,2024,bundled,all,1,weekday,10,delivery,0.003812,sdge_nbt2024
SDG&E,2026,2024,bundled,all,1,weekday,11,delivery,0.003722,sdge_nbt2024
SDG&E,2026,2024,bundled,all,1,weekday,12,delivery,0.003676,sdge_nbt2024
SDG&E,2026,2024,bundled,all,1,weekday,13,delivery,0.003613,sdge_nbt2024
SDG&E,2026,2024,bundled,all,1,weekday,14,delivery,0.003568,sdge_nbt2024
SDG&E,2026,2024,bundled,all,1,weekday,15,delivery,0.003738,sdge_nbt2024
SDG&E,2026,2024,bundled,all,1,weekday,16,delivery,0.004269,sdge_nbt2024
SDG&E,2026,2024,bundled,all,1,weekday,17,delivery,0.004254,sdge_nbt2024
SDG&E,2026,2024,bundled,all,1,weekday,18,delivery,0.004180,sdge_nbt2024
SDG&E,2026,2024,bundled,all,1,weekday,19,delivery,0.004225,sdge_nbt2024
SDG&E,2026,2024,bundled,all,1,weekday,20,delivery,0.004212,sdge_nbt2024
SDG&E,2026,2024,bundled,all,1,weekday,21,delivery,0.004166,sdge_nbt2024
SDG&E,2026,2024,bundled,all,1,weekday,22,delivery,0.003664,sdge_nbt2024
SDG&E,2026,2024,bundled,all,1,weekday,23,delivery,0.003541,sdge_nbt2024
SDG&E,2026,2024,bundled,all,1,weekend_holiday,0,delivery,0.003393,sdge_nbt2024
SDG&E,2026,2024,bundled,all,1,weekend_holiday,1,delivery,0.003286,sdge_nbt2024
SDG&E,2026,2024,bundled,all,1,weekend_holiday,2,delivery,0.003328,sdge_nbt2024
SDG&E,2026,2024,bundled,all,1,weekend_holiday,3,delivery,0.003237,sdge_nbt2024
SDG&E,2026,2024,bundled,all,1,weekend_holiday,4,delivery,0.003210,sdge_nbt2024
SDG&E,2026,2024,bundled,all,1,weekend_holiday,5,delivery,0.002999,sdge_nbt2024
SDG&E,2026,2024,bundled,all,1,weekend_holiday,6,delivery,0.003112,sdge_nbt2024
SDG&E,2026,2024,bundled,all,1,weekend_holiday,7,delivery,0.003228,sdge_nbt2024
SDG&E,2026,2024,bundled,all,1,weekend_holiday,8,delivery,0.002731,sdge_nbt2024
SDG&E,2026,2024,bundled,all,1,weekend_holiday,9,delivery,0.002517,sdge_nbt2024
SDG&E,2026,2024,bundled,all,1,weekend_holiday,10,delivery,0.002498,sdge_nbt2024
SDG&E,2026,2024,bundled,all,1,weekend_holiday,11,delivery,0.002459,sdge_nbt2024
SDG&E,2026,2024,bundled,all,1,weekend_holiday,12,delivery,0.002307,sdge_nbt2024
SDG&E,2026,2024,bundled,all,1,weekend_holiday,13,delivery,0.002429,sdge_nbt2024
SDG&E,2026,2024,bundled,all,1,weekend_holiday,14,delivery,0.002633,sdge_nbt2024
SDG&E,2026,2024,bundled,all,1,weekend_holiday,15,delivery,0.002787,sdge_nbt2024
SDG&E,2026,2024,bundled,all,1,weekend_holiday,16,delivery,0.003641,sdge_nbt2024
SDG&E,2026,2024,bundled,all,1,weekend_holiday,17,delivery,0.004123,sdge_nbt2024
SDG&E,2026,2024,bundled,all,1,weekend_holiday,18,delivery,0.004179,sdge_nbt2024
SDG&E,2026,2024,bundled,all,1,weekend_holiday,19,delivery,0.004199,sdge_nbt2024
SDG&E,2026,2024,bundled,all,1,weekend_holiday,20,delivery,0.004205,sdge_nbt2024
SDG&E,2026,2024,bundled,all,1,weekend_holiday,21,delivery,0.004078,sdge_nbt2024
SDG&E,2026,2024,bundled,all,1,weekend_holiday,22,delivery,0.003636,sdge_nbt2024
SDG&E,2026,2024,bundled,all,1,weekend_holiday,23,delivery,0.003489,sdge_nbt2024
SDG&E,2026,2024,bundled,all,2,weekday,0,delivery,0.003626,sdge_nbt2024
SDG&E,2026,2024,bundled,all,2,weekday,1,delivery,0.003599,sdge_nbt2024
SDG&E,2026,2024,bundled,all,2,weekday,2,delivery,0.003543,sdge_nbt2024
SDG&E,2026,2024,bundled,all,2,weekday,3,delivery,0.003527,sdge_nbt2024
SDG&E,2026,2024,bundled,all,2,weekday,4,delivery,0.003589,sdge_nbt2024
SDG&E,2026,2024,bundled,all,2,weekday,5,delivery,0.003672,sdge_nbt2024
SDG&E,2026,2024,bundled,all,2,weekday,6,delivery,0.004005,sdge_nbt2024
SDG&E,2026,2024,bundled,all,2,weekday,7,delivery,0.004225,sdge_nbt2024
SDG&E,2026,2024,bundled,all,2,weekday,8,delivery,0.003468,sdge_nbt2024
SDG&E,2026,2024,bundled,all,2,weekday,9,delivery,0.003295,sdge_nbt2024
SDG&E,2026,2024,bundled,all,2,weekday,10,delivery,0.003124,sdge_nbt2024
SDG&E,2026,2024,bundled,all,2,weekday,11,delivery,0.002865,sdge_nbt2024
SDG&E,2026,2024,bundled,all,2,weekday,12,delivery,0.002786,sdge_nbt2024
SDG&E,2026,2024,bundled,all,2,weekday,13,delivery,0.002639,sdge_nbt2024
SDG&E,2026,2024,bundled,all,2,weekday,14,delivery,0.002718,sdge_nbt2024
SDG&E,2026,2024,bundled,all,2,weekday,15,delivery,0.003069,sdge_nbt2024
SDG&E,2026,2024,bundled,all,2,weekday,16,delivery,0.004470,sdge_nbt2024
SDG&E,2026,2024,bundled,all,2,weekday,17,delivery,0.004617,sdge_nbt2024
SDG&E,2026,2024,bundled,all,2,weekday,18,delivery,0.004274,sdge_nbt2024
SDG&E,2026,2024,bundled,all,2,weekday,19,delivery,0.004366,sdge_nbt2024
SDG&E,2026,2024,bundled,all,2,weekday,20,delivery,0.004308,sdge_nbt2024
SDG&E,2026,2024,bundled,all,2,weekday,21,delivery,0.004584,sdge_nbt2024
SDG&E,2026,2024,bundled,all,2,weekday,22,delivery,0.003971,sdge_nbt2024
SDG&E,2026,2024,bundled,all,2,weekday,23,delivery,0.003727,sdge_nbt2024
SDG&E,2026,2024,bundled,all,2,weekend_holiday,0,delivery,0.003535,sdge_nbt2024
SDG&E,2026,2024,bundled,all,2,weekend_holiday,1,delivery,0.003513,sdge_nbt2024
SDG&E,2026,2024,bundled,all,2,weekend_holiday,2,delivery,0.003423,sdge_nbt2024
SDG&E,2026,2024,bundled,all,2,weekend_holiday,3,delivery,0.003383,sdge_nbt2024
SDG&E,2026,2024,bundled,all,2,weekend_holiday,4,delivery,0.003406,sdge_nbt2024
SDG&E,2026,2024,bundled,all,2,weekend_holiday,5,delivery,0.003457,sdge_nbt2024
SDG&E,2026,2024,bundled,all,2,weekend_holiday,6,delivery,0.003811,sdge_nbt2024
SDG&E,2026,2024,bundled,all,2,weekend_holiday,7,delivery,0.002985,sdge_nbt2024
SDG&E,2026,2024,bundled,all,2,weekend_holiday,8,delivery,0.001324,sdge_nbt2024
SDG&E,2026,2024,bundled,all,2,weekend_holiday,9,delivery,0.001096,sdge_nbt2024
SDG&E,2026,2024,bundled,all,2,weekend_holiday,10,delivery,0.001082,sdge_nbt2024
SDG&E,2026,2024,bundled,all,2,weekend_holiday,11,delivery,0.000902,sdge_nbt2024
SDG&E,2026,2024,bundled,all,2,weekend_holiday,12,delivery,0.000986,sdge_nbt2024
SDG&E,2026,2024,bundled,all,2,weekend_holiday,13,delivery,0.001078,sdge_nbt2024
SDG&E,2026,2024,bundled,all,2,weekend_holiday,14,delivery,0.001142,sdge_nbt2024
SDG&E,2026,2024,bundled,all,2,weekend_holiday,15,delivery,0.001136,sdge_nbt2024
SDG&E,2026,2024,bundled,all,2,weekend_holiday,16,delivery,0.003792,sdge_nbt2024
SDG&E,2026,2024,bundled,all,2,weekend_holiday,17,delivery,0.004731,sdge_nbt2024
SDG&E,2026,2024,bundled,all,2,weekend_holiday,18,delivery,0.004772,sdge_nbt2024
SDG&E,2026,2024,bundled,all,2,weekend_holiday,19,delivery,0.004710,sdge_nbt2024
SDG&E,2026,2024,bundled,all,2,weekend_holiday,20,delivery,0.004727,sdge_nbt2024
SDG&E,2026,2024,bundled,all,2,weekend_holiday,21,delivery,0.004744,sdge_nbt2024
SDG&E,2026,2024,bundled,all,2,weekend_holiday,22,delivery,0.003902,sdge_nbt2024
SDG&E,2026,2024,bundled,all,2,weekend_holiday,23,delivery,0.004045,sdge_nbt2024
SDG&E,2026,2024,bundled,all,3,weekday,0,delivery,0.003401,sdge_nbt2024
SDG&E,2026,2024,bundled,all,3,weekday,1,delivery,0.003083,sdge_nbt2024
SDG&E,2026,2024,bundled,all,3,weekday,2,delivery,0.003289,sdge_nbt2024
SDG&E,2026,2024,bundled,all,3,weekday,3,delivery,0.003223,sdge_nbt2024
SDG&E,2026,2024,bundled,all,3,weekday,4,delivery,0.003227,sdge_nbt2024
SDG&E,2026,2024,bundled,all,3,weekday,5,delivery,0.003211,sdge_nbt2024
SDG&E,2026,2024,bundled,all,3,weekday,6,delivery,0.003689,sdge_nbt2024
SDG&E,2026,2024,bundled,all,3,weekday,7,delivery,0.003746,sdge_nbt2024
SDG&E,2026,2024,bundled,all,3,weekday,8,delivery,0.003023,sdge_nbt2024
SDG&E,2026,2024,bundled,all,3,weekday,9,delivery,0.002288,sdge_nbt2024
SDG&E,2026,2024,bundled,all,3,weekday,10,delivery,0.002152,sdge_nbt2024
SDG&E,2026,2024,bundled,all,3,weekday,11,delivery,0.002004,sdge_nbt2024
SDG&E,2026,2024,bundled,all,3,weekday,12,delivery,0.001868,sdge_nbt2024
SDG&E,2026,2024,bundled,all,3,weekday,13,delivery,0.001768,sdge_nbt2024
SDG&E,2026,2024,bundled,all,3,weekday,14,delivery,0.001802,sdge_nbt2024
SDG&E,2026,2024,bundled,all,3,weekday,15,delivery,0.001770,sdge_nbt2024
SDG&E,2026,2024,bundled,all,3,weekday,16,delivery,0.002234,sdge_nbt2024
SDG&E,2026,2024,bundled,all,3,weekday,17,delivery,0.003521,sdge_nbt2024
SDG&E,2026,2024,bundled,all,3,weekday,18,delivery,0.004771,sdge_nbt2024
SDG&E,2026,2024,bundled,all,3,weekday,19,delivery,0.004806,sdge_nbt2024
SDG&E,2026,2024,bundled,all,3,weekday,20,delivery,0.004500,sdge_nbt2024
SDG&E,2026,2024,bundled,all,3,weekday,21,delivery,0.004424,sdge_nbt2024
SDG&E,2026,2024,bundled,all,3,weekday,22,delivery,0.004276,sdge_nbt2024
SDG&E,2026,2024,bundled,all,3,weekday,23,delivery,0.003436,sdge_nbt2024
SDG&E,2026,2024,bundled,all,3,weekend_holiday,0,delivery,0.003096,sdge_nbt2024
SDG&E,2026,2024,bundled,all,3,weekend_holiday,1,delivery,0.003096,sdge_nbt2024
SDG&E,2026,2024,bundled,all,3,weekend_holiday,2,delivery,0.003372,sdge_nbt2024
SDG&E,2026,2024,bundled,all,3,weekend_holiday,3,delivery,0.003128,sdge_nbt2024
SDG&E,2026,2024,bundled,all,3,weekend_holiday,4,delivery,0.003034,sdge_nbt2024
SDG&E,2026,2024,bundled,all,3,weekend_holiday,5,delivery,0.002927,sdge_nbt2024
SDG&E,2026,2024,bundled,all,3,weekend_holiday,6,delivery,0.002809,sdge_nbt2024
SDG&E,2026,2024,bundled,all,3,weekend_holiday,7,delivery,0.001886,sdge_nbt2024
SDG&E,2026,2024,bundled,all,3,weekend_holiday,8,delivery,0.000000,sdge_nbt2024
SDG&E,2026,2024,bundled,all,3,weekend_holiday,9,delivery,0.000000,sdge_nbt2024
SDG&E,2026,2024,bundled,all,3,weekend_holiday,10,delivery,0.000000,sdge_nbt2024
SDG&E,2026,2024,bundled,all,3,weekend_holiday,11,delivery,0.000000,sdge_nbt2024
SDG&E,2026,2024,bundled,all,3,weekend_holiday,12,delivery,0.000000,sdge_nbt2024
SDG&E,2026,2024,bundled,all,3,weekend_holiday,13,delivery,0.000000,sdge_nbt2024
SDG&E,2026,2024,bundled,all,3,weekend_holiday,14,delivery,0.000000,sdge_nbt2024
SDG&E,2026,2024,bundled,all,3,weekend_holiday,15,delivery,0.000000,sdge_nbt2024
SDG&E,2026,2024,bundled,all,3,weekend_holiday,16,delivery,0.000000,sdge_nbt2024
SDG&E,2026,2024,bundled,all,3,weekend_holiday,17,delivery,0.002737,sdge_nbt2024
SDG&E,2026,2024,bundled,all,3,weekend_holiday,18,delivery,0.004982,sdge_nbt2024
SDG&E,2026,2024,bundled,all,3,weekend_holiday,19,delivery,0.005098,sdge_nbt2024
SDG&E,2026,2024,bundled,all,3,weekend_holiday,20,delivery,0.004915,sdge_nbt2024
SDG&E,2026,2024,bundled,all,3,weekend_holiday,21,delivery,0.004741,sdge_nbt2024
SDG&E,2026,2024,bundled,all,3,weekend_holiday,22,delivery,0.004516,sdge_nbt2024
SDG&E,2026,2024,bundled,all,3,weekend_holiday,23,delivery,0.004001,sdge_nbt2024
SDG&E,2026,2024,bundled,all,4,weekday,0,delivery,0.004132,sdge_nbt2024
SDG&E,2026,2024,bundled,all,4,weekday,1,delivery,0.003470,sdge_nbt2024
SDG&E,2026,2024,bundled,all,4,weekday,2,delivery,0.003167,sdge_nbt2024
SDG&E,2026,2024,bundled,all,4,weekday,3,delivery,0.003044,sdge_nbt2024
SDG&E,2026,2024,bundled,all,4,weekday,4,delivery,0.003179,sdge_nbt2024
SDG&E,2026,2024,bundled,all,4,weekday,5,delivery,0.003490,sdge_nbt2024
SDG&E,2026,2024,bundled,all,4,weekday,6,delivery,0.003766,sdge_nbt2024
SDG&E,2026,2024,bundled,all,4,weekday,7,delivery,0.002782,sdge_nbt2024
SDG&E,2026,2024,bundled,all,4,weekday,8,delivery,0.000000,sdge_nbt2024
SDG&E,2026,2024,bundled,all,4,weekday,9,delivery,0.000000,sdge_nbt2024
SDG&E,2026,2024,bundled,all,4,weekday,10,delivery,0.000000,sdge_nbt2024
SDG&E,2026,2024,bundled,all,4,weekday,11,delivery,0.000000,sdge_nbt2024
SDG&E,2026,2024,bundled,all,4,weekday,12,delivery,0.000000,sdge_nbt2024
SDG&E,2026,2024,bundled,all,4,weekday,13,delivery,0.000000,sdge_nbt2024
SDG&E,2026,2024,bundled,all,4,weekday,14,delivery,0.000000,sdge_nbt2024
SDG&E,2026,2024,bundled,all,4,weekday,15,delivery,0.000000,sdge_nbt2024
SDG&E,2026,2024,bundled,all,4,weekday,16,delivery,0.000000,sdge_nbt2024
SDG&E,2026,2024,bundled,all,4,weekday,17,delivery,0.000794,sdge_nbt2024
SDG&E,2026,2024,bundled,all,4,weekday,18,delivery,0.004503,sdge_nbt2024
SDG&E,2026,2024,bundled,all,4,weekday,19,delivery,0.004223,sdge_nbt2024
SDG&E,2026,2024,bundled,all,4,weekday,20,delivery,0.003921,sdge_nbt2024
SDG&E,2026,2024,bundled,all,4,weekday,21,delivery,0.003912,sdge_nbt2024
SDG&E,2026,2024,bundled,all,4,weekday,22,delivery,0.003852,sdge_nbt2024
SDG&E,2026,2024,bundled,all,4,weekday,23,delivery,0.003752,sdge_nbt2024
SDG&E,2026,2024,bundled,all,4,weekend_holiday,0,delivery,0.003327,sdge_nbt2024
SDG&E,2026,2024,bundled,all,4,weekend_holiday,1,delivery,0.003005,sdge_nbt2024
SDG&E,2026,2024,bundled,all,4,weekend_holiday,2,delivery,0.002235,sdge_nbt2024
SDG&E,2026,2024,bundled,all,4,weekend_holiday,3,delivery,0.001912,sdge_nbt2024
SDG&E,2026,2024,bundled,all,4,weekend_holiday,4,delivery,0.001918,sdge_nbt2024
SDG&E,2026,2024,bundled,all,4,weekend_holiday,5,delivery,0.002466,sdge_nbt2024
SDG&E,2026,2024,bundled,all,4,weekend_holiday,6,delivery,0.003324,sdge_nbt2024
SDG&E,2026,2024,bundled,all,4,weekend_holiday,7,delivery,0.000503,sdge_nbt2024
SDG&E,2026,2024,bundled,all,4,weekend_holiday,8,delivery,0.000000,sdge_nbt2024
SDG&E,2026,2024,bundled,all,4,weekend_holiday,9,delivery,0.000000,sdge_nbt2024
SDG&E,2026,2024,bundled,all,4,weekend_holiday,10,delivery,0.000000,sdge_nbt2024
SDG&E,2026,2024,bundled,all,4,weekend_holiday,11,delivery,0.000000,sdge_nbt2024
SDG&E,2026,2024,bundled,all,4,weekend_holiday,12,delivery,0.000000,sdge_nbt2024
SDG&E,2026,2024,bundled,all,4,weekend_holiday,13,delivery,0.000000,sdge_nbt2024
SDG&E,2026,2024,bundled,all,4,weekend_holiday,14,delivery,0.000000,sdge_nbt2024
SDG&E,2026,2024,bundled,all,4,weekend_holiday,15,delivery,0.000000,sdge_nbt2024
SDG&E,2026,2024,bundled,all,4,weekend_holiday,16,delivery,0.000000,sdge_nbt2024
SDG&E,2026,2024,bundled,all,4,weekend_holiday,17,delivery,0.000000,sdge_nbt2024
SDG&E,2026,2024,bundled,all,4,weekend_holiday,18,delivery,0.005022,sdge_nbt2024
SDG&E,2026,2024,bundled,all,4,weekend_holiday,19,delivery,0.003811,sdge_nbt2024
SDG&E,2026,2024,bundled,all,4,weekend_holiday,20,delivery,0.003565,sdge_nbt2024
SDG&E,2026,2024,bundled,all,4,weekend_holiday,21,delivery,0.003598,sdge_nbt2024
SDG&E,2026,2024,bundled,all,4,weekend_holiday,22,delivery,0.003650,sdge_nbt2024
SDG&E,2026,2024,bundled,all,4,weekend_holiday,23,delivery,0.004167,sdge_nbt2024
SDG&E,2026,2024,bundled,all,5,weekday,0,delivery,0.004210,sdge_nbt2024
SDG&E,2026,2024,bundled,all,5,weekday,1,delivery,0.003736,sdge_nbt2024
SDG&E,2026,2024,bundled,all,5,weekday,2,delivery,0.003663,sdge_nbt2024
SDG&E,2026,2024,bundled,all,5,weekday,3,delivery,0.003626,sdge_nbt2024
SDG&E,2026,2024,bundled,all,5,weekday,4,delivery,0.003735,sdge_nbt2024
SDG&E,2026,2024,bundled,all,5,weekday,5,delivery,0.004029,sdge_nbt2024
SDG&E,2026,2024,bundled,all,5,weekday,6,delivery,0.004220,sdge_nbt2024
SDG&E,2026,2024,bundled,all,5,weekday,7,delivery,0.002552,sdge_nbt2024
SDG&E,2026,2024,bundled,all,5,weekday,8,delivery,0.001103,sdge_nbt2024
SDG&E,2026,2024,bundled,all,5,weekday,9,delivery,0.001092,sdge_nbt2024
SDG&E,2026,2024,bundled,all,5,weekday,10,delivery,0.000954,sdge_nbt2024
SDG&E,2026,2024,bundled,all,5,weekday,11,delivery,0.000926,sdge_nbt2024
SDG&E,2026,2024,bundled,all,5,weekday,12,delivery,0.000762,sdge_nbt2024
SDG&E,2026,2024,bundled,all,5,weekday,13,delivery,0.000796,sdge_nbt2024
SDG&E,2026,2024,bundled,all,5,weekday,14,delivery,0.000835,sdge_nbt2024
SDG&E,2026,2024,bundled,all,5,weekday,15,delivery,0.000788,sdge_nbt2024
SDG&E,2026,2024,bundled,all,5,weekday,16,delivery,0.001029,sdge_nbt2024
SDG&E,2026,2024,bundled,all,5,weekday,17,delivery,0.002282,sdge_nbt2024
SDG&E,2026,2024,bundled,all,5,weekday,18,delivery,0.004167,sdge_nbt2024
SDG&E,2026,2024,bundled,all,5,weekday,19,delivery,0.004160,sdge_nbt2024
SDG&E,2026,2024,bundled,all,5,weekday,20,delivery,0.004047,sdge_nbt2024
SDG&E,2026,2024,bundled,all,5,weekday,21,delivery,0.003994,sdge_nbt2024
SDG&E,2026,2024,bundled,all,5,weekday,22,delivery,0.004031,sdge_nbt2024
SDG&E,2026,2024,bundled,all,5,weekday,23,delivery,0.004040,sdge_nbt2024
SDG&E,2026,2024,bundled,all,5,weekend_holiday,0,delivery,0.003950,sdge_nbt2024
SDG&E,2026,2024,bundled,all,5,weekend_holiday,1,delivery,0.003649,sdge_nbt2024
SDG&E,2026,2024,bundled,all,5,weekend_holiday,2,delivery,0.003507,sdge_nbt2024
SDG&E,2026,2024,bundled,all,5,weekend_holiday,3,delivery,0.003361,sdge_nbt2024
SDG&E,2026,2024,bundled,all,5,weekend_holiday,4,delivery,0.003519,sdge_nbt2024
SDG&E,2026,2024,bundled,all,5,weekend_holiday,5,delivery,0.003608,sdge_nbt2024
SDG&E,2026,2024,bundled,all,5,weekend_holiday,6,delivery,0.002839,sdge_nbt2024
SDG&E,2026,2024,bundled,all,5,weekend_holiday,7,delivery,0.000000,sdge_nbt2024
SDG&E,2026,2024,bundled,all,5,weekend_holiday,8,delivery,0.000000,sdge_nbt2024
SDG&E,2026,2024,bundled,all,5,weekend_holiday,9,delivery,0.000000,sdge_nbt2024
SDG&E,2026,2024,bundled,all,5,weekend_holiday,10,delivery,0.000000,sdge_nbt2024
SDG&E,2026,2024,bundled,all,5,weekend_holiday,11,delivery,0.000000,sdge_nbt2024
SDG&E,2026,2024,bundled,all,5,weekend_holiday,12,delivery,0.000000,sdge_nbt2024
SDG&E,2026,2024,bundled,all,5,weekend_holiday,13,delivery,0.000000,sdge_nbt2024
SDG&E,2026,2024,bundled,all,5,weekend_holiday,14,delivery,0.000000,sdge_nbt2024
SDG&E,2026,2024,bundled,all,5,weekend_holiday,15,delivery,0.000000,sdge_nbt2024
SDG&E,2026,2024,bundled,all,5,weekend_holiday,16,delivery,0.000000,sdge_nbt2024
SDG&E,2026,2024,bundled,all,5,weekend_holiday,17,delivery,0.000000,sdge_nbt2024
SDG&E,2026,2024,bundled,all,5,weekend_holiday,18,delivery,0.003891,sdge_nbt2024
SDG&E,2026,2024,bundled,all,5,weekend_holiday,19,delivery,0.004050,sdge_nbt2024
SDG&E,2026,2024,bundled,all,5,weekend_holiday,20,delivery,0.003955,sdge_nbt2024
SDG&E,2026,2024,bundled,all,5,weekend_holiday,21,delivery,0.004027,sdge_nbt2024
SDG&E,2026,2024,bundled,all,5,weekend_holiday,22,delivery,0.004214,sdge_nbt2024
SDG&E,2026,2024,bundled,all,5,weekend_holiday,23,delivery,0.004094,sdge_nbt2024
SDG&E,2026,2024,bundled,all,6,weekday,0,delivery,0.005113,sdge_nbt2024
SDG&E,2026,2024,bundled,all,6,weekday,1,delivery,0.003615,sdge_nbt2024
SDG&E,2026,2024,bundled,all,6,weekday,2,delivery,0.003305,sdge_nbt2024
SDG&E,2026,2024,bundled,all,6,weekday,3,delivery,0.003195,sdge_nbt2024
SDG&E,2026,2024,bundled,all,6,weekday,4,delivery,0.003142,sdge_nbt2024
SDG&E,2026,2024,bundled,all,6,weekday,5,delivery,0.003219,sdge_nbt2024
SDG&E,2026,2024,bundled,all,6,weekday,6,delivery,0.003285,sdge_nbt2024
SDG&E,2026,2024,bundled,all,6,weekday,7,delivery,0.003325,sdge_nbt2024
SDG&E,2026,2024,bundled,all,6,weekday,8,delivery,0.003531,sdge_nbt2024
SDG&E,2026,2024,bundled,all,6,weekday,9,delivery,0.003484,sdge_nbt2024
SDG&E,2026,2024,bundled,all,6,weekday,10,delivery,0.003421,sdge_nbt2024
SDG&E,2026,2024,bundled,all,6,weekday,11,delivery,0.003404,sdge_nbt2024
SDG&E,2026,2024,bundled,all,6,weekday,12,delivery,0.003439,sdge_nbt2024
SDG&E,2026,2024,bundled,all,6,weekday,13,delivery,0.003609,sdge_nbt2024
SDG&E,2026,2024,bundled,all,6,weekday,14,delivery,0.003857,sdge_nbt2024
SDG&E,2026,2024,bundled,all,6,weekday,15,delivery,0.004165,sdge_nbt2024
SDG&E,2026,2024,bundled,all,6,weekday,16,delivery,0.004417,sdge_nbt2024
SDG&E,2026,2024,bundled,all,6,weekday,17,delivery,0.359966,sdge_nbt2024
SDG&E,2026,2024,bundled,all,6,weekday,18,delivery,0.360819,sdge_nbt2024
SDG&E,2026,2024,bundled,all,6,weekday,19,delivery,0.128098,sdge_nbt2024
SDG&E,2026,2024,bundled,all,6,weekday,20,delivery,0.012646,sdge_nbt2024
SDG&E,2026,2024,bundled,all,6,weekday,21,delivery,0.007840,sdge_nbt2024
SDG&E,2026,2024,bundled,all,6,weekday,22,delivery,0.006270,sdge_nbt2024
SDG&E,2026,2024,bundled,all,6,weekday,23,delivery,0.006006,sdge_nbt2024
SDG&E,2026,2024,bundled,all,6,weekend_holiday,0,delivery,0.004623,sdge_nbt2024
SDG&E,2026,2024,bundled,all,6,weekend_holiday,1,delivery,0.003765,sdge_nbt2024
SDG&E,2026,2024,bundled,all,6,weekend_holiday,2,delivery,0.003848,sdge_nbt2024
SDG&E,2026,2024,bundled,all,6,weekend_holiday,3,delivery,0.003955,sdge_nbt2024
SDG&E,2026,2024,bundled,all,6,weekend_holiday,4,delivery,0.003488,sdge_nbt2024
SDG&E,2026,2024,bundled,all,6,weekend_holiday,5,delivery,0.003465,sdge_nbt2024
SDG&E,2026,2024,bundled,all,6,weekend_holiday,6,delivery,0.003669,sdge_nbt2024
SDG&E,2026,2024,bundled,all,6,weekend_holiday,7,delivery,0.002564,sdge_nbt2024
SDG&E,2026,2024,bundled,all,6,weekend_holiday,8,delivery,0.001701,sdge_nbt2024
SDG&E,2026,2024,bundled,all,6,weekend_holiday,9,delivery,0.001800,sdge_nbt2024
SDG&E,2026,2024,bundled,all,6,weekend_holiday,10,delivery,0.001949,sdge_nbt2024
SDG&E,2026,2024,bundled,all,6,weekend_holiday,11,delivery,0.001858,sdge_nbt2024
SDG&E,2026,2024,bundled,all,6,weekend_holiday,12,delivery,0.001729,sdge_nbt2024
SDG&E,2026,2024,bundled,all,6,weekend_holiday,13,delivery,0.001704,sdge_nbt2024
SDG&E,2026,2024,bundled,all,6,weekend_holiday,14,delivery,0.001919,sdge_nbt2024
SDG&E,2026,2024,bundled,all,6,weekend_holiday,15,delivery,0.002296,sdge_nbt2024
SDG&E,2026,2024,bundled,all,6,weekend_holiday,16,delivery,0.002421,sdge_nbt2024
SDG&E,2026,2024,bundled,all,6,weekend_holiday,17,delivery,0.004844,sdge_nbt2024
SDG&E,2026,2024,bundled,all,6,weekend_holiday,18,delivery,0.005555,sdge_nbt2024
SDG&E,2026,2024,bundled,all,6,weekend_holiday,19,delivery,0.005510,sdge_nbt2024
SDG&E,2026,2024,bundled,all,6,weekend_holiday,20,delivery,0.006845,sdge_nbt2024
SDG&E,2026,2024,bundled,all,6,weekend_holiday,21,delivery,0.008246,sdge_nbt2024
SDG&E,2026,2024,bundled,all,6,weekend_holiday,22,delivery,0.006946,sdge_nbt2024
SDG&E,2026,2024,bundled,all,6,weekend_holiday,23,delivery,0.007866,sdge_nbt2024
SDG&E,2026,2024,bundled,all,7,weekday,0,delivery,0.005474,sdge_nbt2024
SDG&E,2026,2024,bundled,all,7,weekday,1,delivery,0.004341,sdge_nbt2024
SDG&E,2026,2024,bundled,all,7,weekday,2,delivery,0.003837,sdge_nbt2024
SDG&E,2026,2024,bundled,all,7,weekday,3,delivery,0.003544,sdge_nbt2024
SDG&E,2026,2024,bundled,all,7,weekday,4,delivery,0.003397,sdge_nbt2024
SDG&E,2026,2024,bundled,all,7,weekday,5,delivery,0.003400,sdge_nbt2024
SDG&E,2026,2024,bundled,all,7,weekday,6,delivery,0.003446,sdge_nbt2024
SDG&E,2026,2024,bundled,all,7,weekday,7,delivery,0.003685,sdge_nbt2024
SDG&E,2026,2024,bundled,all,7,weekday,8,delivery,0.003859,sdge_nbt2024
SDG&E,2026,2024,bundled,all,7,weekday,9,delivery,0.003931,sdge_nbt2024
SDG&E,2026,2024,bundled,all,7,weekday,10,delivery,0.003943,sdge_nbt2024
SDG&E,2026,2024,bundled,all,7,weekday,11,delivery,0.003913,sdge_nbt2024
SDG&E,2026,2024,bundled,all,7,weekday,12,delivery,0.003988,sdge_nbt2024
SDG&E,2026,2024,bundled,all,7,weekday,13,delivery,0.004170,sdge_nbt2024
SDG&E,2026,2024,bundled,all,7,weekday,14,delivery,0.004387,sdge_nbt2024
SDG&E,2026,2024,bundled,all,7,weekday,15,delivery,0.004614,sdge_nbt2024
SDG&E,2026,2024,bundled,all,7,weekday,16,delivery,0.004994,sdge_nbt2024
SDG&E,2026,2024,bundled,all,7,weekday,17,delivery,0.119721,sdge_nbt2024
SDG&E,2026,2024,bundled,all,7,weekday,18,delivery,0.233946,sdge_nbt2024
SDG&E,2026,2024,bundled,all,7,weekday,19,delivery,0.122426,sdge_nbt2024
SDG&E,2026,2024,bundled,all,7,weekday,20,delivery,0.010776,sdge_nbt2024
SDG&E,2026,2024,bundled,all,7,weekday,21,delivery,0.008233,sdge_nbt2024
SDG&E,2026,2024,bundled,all,7,weekday,22,delivery,0.006314,sdge_nbt2024
SDG&E,2026,2024,bundled,all,7,weekday,23,delivery,0.006681,sdge_nbt2024
SDG&E,2026,2024,bundled,all,7,weekend_holiday,0,delivery,0.006777,sdge_nbt2024
SDG&E,2026,2024,bundled,all,7,weekend_holiday,1,delivery,0.004918,sdge_nbt2024
SDG&E,2026,2024,bundled,all,7,weekend_holiday,2,delivery,0.004403,sdge_nbt2024
SDG&E,2026,2024,bundled,all,7,weekend_holiday,3,delivery,0.003489,sdge_nbt2024
SDG&E,2026,2024,bundled,all,7,weekend_holiday,4,delivery,0.003469,sdge_nbt2024
SDG&E,2026,2024,bundled,all,7,weekend_holiday,5,delivery,0.003439,sdge_nbt2024
SDG&E,2026,2024,bundled,all,7,weekend_holiday,6,delivery,0.003435,sdge_nbt2024
SDG&E,2026,2024,bundled,all,7,weekend_holiday,7,delivery,0.002133,sdge_nbt2024
SDG&E,2026,2024,bundled,all,7,weekend_holiday,8,delivery,0.002008,sdge_nbt2024
SDG&E,2026,2024,bundled,all,7,weekend_holiday,9,delivery,0.001954,sdge_nbt2024
SDG&E,2026,2024,bundled,all,7,weekend_holiday,10,delivery,0.001858,sdge_nbt2024
SDG&E,2026,2024,bundled,all,7,weekend_holiday,11,delivery,0.001527,sdge_nbt2024
SDG&E,2026,2024,bundled,all,7,weekend_holiday,12,delivery,0.001457,sdge_nbt2024
SDG&E,2026,2024,bundled,all,7,weekend_holiday,13,delivery,0.001404,sdge_nbt2024
SDG&E,2026,2024,bundled,all,7,weekend_holiday,14,delivery,0.002135,sdge_nbt2024
SDG&E,2026,2024,bundled,all,7,weekend_holiday,15,delivery,0.002455,sdge_nbt2024
SDG&E,2026,2024,bundled,all,7,weekend_holiday,16,delivery,0.002584,sdge_nbt2024
SDG&E,2026,2024,bundled,all,7,weekend_holiday,17,delivery,0.005068,sdge_nbt2024
SDG&E,2026,2024,bundled,all,7,weekend_holiday,18,delivery,0.005920,sdge_nbt2024
SDG&E,2026,2024,bundled,all,7,weekend_holiday,19,delivery,0.005515,sdge_nbt2024
SDG&E,2026,2024,bundled,all,7,weekend_holiday,20,delivery,0.005732,sdge_nbt2024
SDG&E,2026,2024,bundled,all,7,weekend_holiday,21,delivery,0.007463,sdge_nbt2024
SDG&E,2026,2024,bundled,all,7,weekend_holiday,22,delivery,0.005408,sdge_nbt2024
SDG&E,2026,2024,bundled,all,7,weekend_holiday,23,delivery,0.007685,sdge_nbt2024
SDG&E,2026,2024,bundled,all,8,weekday,0,delivery,0.006478,sdge_nbt2024
SDG&E,2026,2024,bundled,all,8,weekday,1,delivery,0.005522,sdge_nbt2024
SDG&E,2026,2024,bundled,all,8,weekday,2,delivery,0.004237,sdge_nbt2024
SDG&E,2026,2024,bundled,all,8,weekday,3,delivery,0.003851,sdge_nbt2024
SDG&E,2026,2024,bundled,all,8,weekday,4,delivery,0.003682,sdge_nbt2024
SDG&E,2026,2024,bundled,all,8,weekday,5,delivery,0.003731,sdge_nbt2024
SDG&E,2026,2024,bundled,all,8,weekday,6,delivery,0.003772,sdge_nbt2024
SDG&E,2026,2024,bundled,all,8,weekday,7,delivery,0.003955,sdge_nbt2024
SDG&E,2026,2024,bundled,all,8,weekday,8,delivery,0.004386,sdge_nbt2024
SDG&E,2026,2024,bundled,all,8,weekday,9,delivery,0.004664,sdge_nbt2024
SDG&E,2026,2024,bundled,all,8,weekday,10,delivery,0.004656,sdge_nbt2024
SDG&E,2026,2024,bundled,all,8,weekday,11,delivery,0.004620,sdge_nbt2024
SDG&E,2026,2024,bundled,all,8,weekday,12,delivery,0.004693,sdge_nbt2024
SDG&E,2026,2024,bundled,all,8,weekday,13,delivery,0.005152,sdge_nbt2024
SDG&E,2026,2024,bundled,all,8,weekday,14,delivery,0.129205,sdge_nbt2024
SDG&E,2026,2024,bundled,all,8,weekday,15,delivery,0.253761,sdge_nbt2024
SDG&E,2026,2024,bundled,all,8,weekday,16,delivery,0.502778,sdge_nbt2024
SDG&E,2026,2024,bundled,all,8,weekday,17,delivery,0.894376,sdge_nbt2024
SDG&E,2026,2024,bundled,all,8,weekday,18,delivery,0.897453,sdge_nbt2024
SDG&E,2026,2024,bundled,all,8,weekday,19,delivery,0.760781,sdge_nbt2024
SDG&E,2026,2024,bundled,all,8,weekday,20,delivery,0.390900,sdge_nbt2024
SDG&E,2026,2024,bundled,all,8,weekday,21,delivery,0.017162,sdge_nbt2024
SDG&E,2026,2024,bundled,all,8,weekday,22,delivery,0.009924,sdge_nbt2024
SDG&E,2026,2024,bundled,all,8,weekday,23,delivery,0.007151,sdge_nbt2024
SDG&E,2026,2024,bundled,all,8,weekend_holiday,0,delivery,0.005802,sdge_nbt2024
SDG&E,2026,2024,bundled,all,8,weekend_holiday,1,delivery,0.005248,sdge_nbt2024
SDG&E,2026,2024,bundled,all,8,weekend_holiday,2,delivery,0.004270,sdge_nbt2024
SDG&E,2026,2024,bundled,all,8,weekend_holiday,3,delivery,0.003550,sdge_nbt2024
SDG&E,2026,2024,bundled,all,8,weekend_holiday,4,delivery,0.003510,sdge_nbt2024
SDG&E,2026,2024,bundled,all,8,weekend_holiday,5,delivery,0.003469,sdge_nbt2024
SDG&E,2026,2024,bundled,all,8,weekend_holiday,6,delivery,0.003346,sdge_nbt2024
SDG&E,2026,2024,bundled,all,8,weekend_holiday,7,delivery,0.002906,sdge_nbt2024
SDG&E,2026,2024,bundled,all,8,weekend_holiday,8,delivery,0.003183,sdge_nbt2024
SDG&E,2026,2024,bundled,all,8,weekend_holiday,9,delivery,0.003287,sdge_nbt2024
SDG&E,2026,2024,bundled,all,8,weekend_holiday,10,delivery,0.003345,sdge_nbt2024
SDG&E,2026,2024,bundled,all,8,weekend_holiday,11,delivery,0.003373,sdge_nbt2024
SDG&E,2026,2024,bundled,all,8,weekend_holiday,12,delivery,0.003397,sdge_nbt2024
SDG&E,2026,2024,bundled,all,8,weekend_holiday,13,delivery,0.003944,sdge_nbt2024
SDG&E,2026,2024,bundled,all,8,weekend_holiday,14,delivery,0.003899,sdge_nbt2024
SDG&E,2026,2024,bundled,all,8,weekend_holiday,15,delivery,0.004598,sdge_nbt2024
SDG&E,2026,2024,bundled,all,8,weekend_holiday,16,delivery,0.005025,sdge_nbt2024
SDG&E,2026,2024,bundled,all,8,weekend_holiday,17,delivery,0.006508,sdge_nbt2024
SDG&E,2026,2024,bundled,all,8,weekend_holiday,18,delivery,0.006062,sdge_nbt2024
SDG&E,2026,2024,bundled,all,8,weekend_holiday,19,delivery,0.005910,sdge_nbt2024
SDG&E,2026,2024,bundled,all,8,weekend_holiday,20,delivery,0.007262,sdge_nbt2024
SDG&E,2026,2024,bundled,all,8,weekend_holiday,21,delivery,0.007159,sdge_nbt2024
SDG&E,2026,2024,bundled,all,8,weekend_holiday,22,delivery,0.005863,sdge_nbt2024
SDG&E,2026,2024,bundled,all,8,weekend_holiday,23,delivery,0.006377,sdge_nbt2024
SDG&E,2026,2024,bundled,all,9,weekday,0,delivery,0.004508,sdge_nbt2024
SDG&E,2026,2024,bundled,all,9,weekday,1,delivery,0.003720,sdge_nbt2024
SDG&E,2026,2024,bundled,all,9,weekday,2,delivery,0.003712,sdge_nbt2024
SDG&E,2026,2024,bundled,all,9,weekday,3,delivery,0.003678,sdge_nbt2024
SDG&E,2026,2024,bundled,all,9,weekday,4,delivery,0.003661,sdge_nbt2024
SDG&E,2026,2024,bundled,all,9,weekday,5,delivery,0.003701,sdge_nbt2024
SDG&E,2026,2024,bundled,all,9,weekday,6,delivery,0.003875,sdge_nbt2024
SDG&E,2026,2024,bundled,all,9,weekday,7,delivery,0.003923,sdge_nbt2024
SDG&E,2026,2024,bundled,all,9,weekday,8,delivery,0.003714,sdge_nbt2024
SDG&E,2026,2024,bundled,all,9,weekday,9,delivery,0.003966,sdge_nbt2024
SDG&E,2026,2024,bundled,all,9,weekday,10,delivery,0.003953,sdge_nbt2024
SDG&E,2026,2024,bundled,all,9,weekday,11,delivery,0.003953,sdge_nbt2024
SDG&E,2026,2024,bundled,all,9,weekday,12,delivery,0.003910,sdge_nbt2024
SDG&E,2026,2024,bundled,all,9,weekday,13,delivery,0.003965,sdge_nbt2024
SDG&E,2026,2024,bundled,all,9,weekday,14,delivery,0.127867,sdge_nbt2024
SDG&E,2026,2024,bundled,all,9,weekday,15,delivery,0.260572,sdge_nbt2024
SDG&E,2026,2024,bundled,all,9,weekday,16,delivery,0.270475,sdge_nbt2024
SDG&E,2026,2024,bundled,all,9,weekday,17,delivery,0.273721,sdge_nbt2024
SDG&E,2026,2024,bundled,all,9,weekday,18,delivery,0.264792,sdge_nbt2024
SDG&E,2026,2024,bundled,all,9,weekday,19,delivery,0.255946,sdge_nbt2024
SDG&E,2026,2024,bundled,all,9,weekday,20,delivery,0.132134,sdge_nbt2024
SDG&E,2026,2024,bundled,all,9,weekday,21,delivery,0.006999,sdge_nbt2024
SDG&E,2026,2024,bundled,all,9,weekday,22,delivery,0.004651,sdge_nbt2024
SDG&E,2026,2024,bundled,all,9,weekday,23,delivery,0.004446,sdge_nbt2024
SDG&E,2026,2024,bundled,all,9,weekend_holiday,0,delivery,0.004298,sdge_nbt2024
SDG&E,2026,2024,bundled,all,9,weekend_holiday,1,delivery,0.003832,sdge_nbt2024
SDG&E,2026,2024,bundled,all,9,weekend_holiday,2,delivery,0.003742,sdge_nbt2024
SDG&E,2026,2024,bundled,all,9,weekend_holiday,3,delivery,0.003735,sdge_nbt2024
SDG&E,2026,2024,bundled,all,9,weekend_holiday,4,delivery,0.003645,sdge_nbt2024
SDG&E,2026,2024,bundled,all,9,weekend_holiday,5,delivery,0.003624,sdge_nbt2024
SDG&E,2026,2024,bundled,all,9,weekend_holiday,6,delivery,0.003529,sdge_nbt2024
SDG&E,2026,2024,bundled,all,9,weekend_holiday,7,delivery,0.003060,sdge_nbt2024
SDG&E,2026,2024,bundled,all,9,weekend_holiday,8,delivery,0.002691,sdge_nbt2024
SDG&E,2026,2024,bundled,all,9,weekend_holiday,9,delivery,0.002882,sdge_nbt2024
SDG&E,2026,2024,bundled,all,9,weekend_holiday,10,delivery,0.003017,sdge_nbt2024
SDG&E,2026,2024,bundled,all,9,weekend_holiday,11,delivery,0.002999,sdge_nbt2024
SDG&E,2026,2024,bundled,all,9,weekend_holiday,12,delivery,0.002738,sdge_nbt2024
SDG&E,2026,2024,bundled,all,9,weekend_holiday,13,delivery,0.002500,sdge_nbt2024
SDG&E,2026,2024,bundled,all,9,weekend_holiday,14,delivery,0.002554,sdge_nbt2024
SDG&E,2026,2024,bundled,all,9,weekend_holiday,15,delivery,0.002866,sdge_nbt2024
SDG&E,2026,2024,bundled,all,9,weekend_holiday,16,delivery,0.292421,sdge_nbt2024
SDG&E,2026,2024,bundled,all,9,weekend_holiday,17,delivery,0.293897,sdge_nbt2024
SDG&E,2026,2024,bundled,all,9,weekend_holiday,18,delivery,0.296404,sdge_nbt2024
SDG&E,2026,2024,bundled,all,9,weekend_holiday,19,delivery,0.298170,sdge_nbt2024
SDG&E,2026,2024,bundled,all,9,weekend_holiday,20,delivery,0.011529,sdge_nbt2024
SDG&E,2026,2024,bundled,all,9,weekend_holiday,21,delivery,0.007256,sdge_nbt2024
SDG&E,2026,2024,bundled,all,9,weekend_holiday,22,delivery,0.004689,sdge_nbt2024
SDG&E,2026,2024,bundled,all,9,weekend_holiday,23,delivery,0.004676,sdge_nbt2024
SDG&E,2026,2024,bundled,all,10,weekday,0,delivery,0.004110,sdge_nbt2024
SDG&E,2026,2024,bundled,all,10,weekday,1,delivery,0.003728,sdge_nbt2024
SDG&E,2026,2024,bundled,all,10,weekday,2,delivery,0.003762,sdge_nbt2024
SDG&E,2026,2024,bundled,all,10,weekday,3,delivery,0.003741,sdge_nbt2024
SDG&E,2026,2024,bundled,all,10,weekday,4,delivery,0.003730,sdge_nbt2024
SDG&E,2026,2024,bundled,all,10,weekday,5,delivery,0.003785,sdge_nbt2024
SDG&E,2026,2024,bundled,all,10,weekday,6,delivery,0.003847,sdge_nbt2024
SDG&E,2026,2024,bundled,all,10,weekday,7,delivery,0.004025,sdge_nbt2024
SDG&E,2026,2024,bundled,all,10,weekday,8,delivery,0.003998,sdge_nbt2024
SDG&E,2026,2024,bundled,all,10,weekday,9,delivery,0.003927,sdge_nbt2024
SDG&E,2026,2024,bundled,all,10,weekday,10,delivery,0.003993,sdge_nbt2024
SDG&E,2026,2024,bundled,all,10,weekday,11,delivery,0.003969,sdge_nbt2024
SDG&E,2026,2024,bundled,all,10,weekday,12,delivery,0.003961,sdge_nbt2024
SDG&E,2026,2024,bundled,all,10,weekday,13,delivery,0.003943,sdge_nbt2024
SDG&E,2026,2024,bundled,all,10,weekday,14,delivery,0.004018,sdge_nbt2024
SDG&E,2026,2024,bundled,all,10,weekday,15,delivery,0.240768,sdge_nbt2024
SDG&E,2026,2024,bundled,all,10,weekday,16,delivery,0.359958,sdge_nbt2024
SDG&E,2026,2024,bundled,all,10,weekday,17,delivery,0.371291,sdge_nbt2024
SDG&E,2026,2024,bundled,all,10,weekday,18,delivery,0.365245,sdge_nbt2024
SDG&E,2026,2024,bundled,all,10,weekday,19,delivery,0.365392,sdge_nbt2024
SDG&E,2026,2024,bundled,all,10,weekday,20,delivery,0.010537,sdge_nbt2024
SDG&E,2026,2024,bundled,all,10,weekday,21,delivery,0.007276,sdge_nbt2024
SDG&E,2026,2024,bundled,all,10,weekday,22,delivery,0.004652,sdge_nbt2024
SDG&E,2026,2024,bundled,all,10,weekday,23,delivery,0.003969,sdge_nbt2024
SDG&E,2026,2024,bundled,all,10,weekend_holiday,0,delivery,0.003727,sdge_nbt2024
SDG&E,2026,2024,bundled,all,10,weekend_holiday,1,delivery,0.003704,sdge_nbt2024
SDG&E,2026,2024,bundled,all,10,weekend_holiday,2,delivery,0.003590,sdge_nbt2024
SDG&E,2026,2024,bundled,all,10,weekend_holiday,3,delivery,0.003597,sdge_nbt2024
SDG&E,2026,2024,bundled,all,10,weekend_holiday,4,delivery,0.003483,sdge_nbt2024
SDG&E,2026,2024,bundled,all,10,weekend_holiday,5,delivery,0.003451,sdge_nbt2024
SDG&E,2026,2024,bundled,all,10,weekend_holiday,6,delivery,0.003400,sdge_nbt2024
SDG&E,2026,2024,bundled,all,10,weekend_holiday,7,delivery,0.003036,sdge_nbt2024
SDG&E,2026,2024,bundled,all,10,weekend_holiday,8,delivery,0.002401,sdge_nbt2024
SDG&E,2026,2024,bundled,all,10,weekend_holiday,9,delivery,0.002420,sdge_nbt2024
SDG&E,2026,2024,bundled,all,10,weekend_holiday,10,delivery,0.002450,sdge_nbt2024
SDG&E,2026,2024,bundled,all,10,weekend_holiday,11,delivery,0.002552,sdge_nbt2024
SDG&E,2026,2024,bundled,all,10,weekend_holiday,12,delivery,0.002567,sdge_nbt2024
SDG&E,2026,2024,bundled,all,10,weekend_holiday,13,delivery,0.002389,sdge_nbt2024
SDG&E,2026,2024,bundled,all,10,weekend_holiday,14,delivery,0.002475,sdge_nbt2024
SDG&E,2026,2024,bundled,all,10,weekend_holiday,15,delivery,0.002820,sdge_nbt2024
SDG&E,2026,2024,bundled,all,10,weekend_holiday,16,delivery,0.003314,sdge_nbt2024
SDG&E,2026,2024,bundled,all,10,weekend_holiday,17,delivery,0.005347,sdge_nbt2024
SDG&E,2026,2024,bundled,all,10,weekend_holiday,18,delivery,0.005130,sdge_nbt2024
SDG&E,2026,2024,bundled,all,10,weekend_holiday,19,delivery,0.007359,sdge_nbt2024
SDG&E,2026,2024,bundled,all,10,weekend_holiday,20,delivery,0.004812,sdge_nbt2024
SDG&E,2026,2024,bundled,all,10,weekend_holiday,21,delivery,0.004785,sdge_nbt2024
SDG&E,2026,2024,bundled,all,10,weekend_holiday,22,delivery,0.004538,sdge_nbt2024
SDG&E,2026,2024,bundled,all,10,weekend_holiday,23,delivery,0.004422,sdge_nbt2024
SDG&E,2026,2024,bundled,all,11,weekday,0,delivery,0.003639,sdge_nbt2024
SDG&E,2026,2024,bundled,all,11,weekday,1,delivery,0.003654,sdge_nbt2024
SDG&E,2026,2024,bundled,all,11,weekday,2,delivery,0.003607,sdge_nbt2024
SDG&E,2026,2024,bundled,all,11,weekday,3,delivery,0.003593,sdge_nbt2024
SDG&E,2026,2024,bundled,all,11,weekday,4,delivery,0.003614,sdge_nbt2024
SDG&E,2026,2024,bundled,all,11,weekday,5,delivery,0.003724,sdge_nbt2024
SDG&E,2026,2024,bundled,all,11,weekday,6,delivery,0.004019,sdge_nbt2024
SDG&E,2026,2024,bundled,all,11,weekday,7,delivery,0.003970,sdge_nbt2024
SDG&E,2026,2024,bundled,all,11,weekday,8,delivery,0.004099,sdge_nbt2024
SDG&E,2026,2024,bundled,all,11,weekday,9,delivery,0.004162,sdge_nbt2024
SDG&E,2026,2024,bundled,all,11,weekday,10,delivery,0.004097,sdge_nbt2024
SDG&E,2026,2024,bundled,all,11,weekday,11,delivery,0.004049,sdge_nbt2024
SDG&E,2026,2024,bundled,all,11,weekday,12,delivery,0.003991,sdge_nbt2024
SDG&E,2026,2024,bundled,all,11,weekday,13,delivery,0.004192,sdge_nbt2024
SDG&E,2026,2024,bundled,all,11,weekday,14,delivery,0.004132,sdge_nbt2024
SDG&E,2026,2024,bundled,all,11,weekday,15,delivery,0.004502,sdge_nbt2024
SDG&E,2026,2024,bundled,all,11,weekday,16,delivery,0.004881,sdge_nbt2024
SDG&E,2026,2024,bundled,all,11,weekday,17,delivery,0.004521,sdge_nbt2024
SDG&E,2026,2024,bundled,all,11,weekday,18,delivery,0.004394,sdge_nbt2024
SDG&E,2026,2024,bundled,all,11,weekday,19,delivery,0.004510,sdge_nbt2024
SDG&E,2026,2024,bundled,all,11,weekday,20,delivery,0.004632,sdge_nbt2024
SDG&E,2026,2024,bundled,all,11,weekday,21,delivery,0.004501,sdge_nbt2024
SDG&E,2026,2024,bundled,all,11,weekday,22,delivery,0.003849,sdge_nbt2024
SDG&E,2026,2024,bundled,all,11,weekday,23,delivery,0.003782,sdge_nbt2024
SDG&E,2026,2024,bundled,all,11,weekend_holiday,0,delivery,0.003621,sdge_nbt2024
SDG&E,2026,2024,bundled,all,11,weekend_holiday,1,delivery,0.003514,sdge_nbt2024
SDG&E,2026,2024,bundled,all,11,weekend_holiday,2,delivery,0.003428,sdge_nbt2024
SDG&E,2026,2024,bundled,all,11,weekend_holiday,3,delivery,0.003375,sdge_nbt2024
SDG&E,2026,2024,bundled,all,11,weekend_holiday,4,delivery,0.003288,sdge_nbt2024
SDG&E,2026,2024,bundled,all,11,weekend_holiday,5,delivery,0.003250,sdge_nbt2024
SDG&E,2026,2024,bundled,all,11,weekend_holiday,6,delivery,0.003214,sdge_nbt2024
SDG&E,2026,2024,bundled,all,11,weekend_holiday,7,delivery,0.002322,sdge_nbt2024
SDG&E,2026,2024,bundled,all,11,weekend_holiday,8,delivery,0.002277,sdge_nbt2024
SDG&E,2026,2024,bundled,all,11,weekend_holiday,9,delivery,0.002258,sdge_nbt2024
SDG&E,2026,2024,bundled,all,11,weekend_holiday,10,delivery,0.002311,sdge_nbt2024
SDG&E,2026,2024,bundled,all,11,weekend_holiday,11,delivery,0.002319,sdge_nbt2024
SDG&E,2026,2024,bundled,all,11,weekend_holiday,12,delivery,0.002351,sdge_nbt2024
SDG&E,2026,2024,bundled,all,11,weekend_holiday,13,delivery,0.002289,sdge_nbt2024
SDG&E,2026,2024,bundled,all,11,weekend_holiday,14,delivery,0.002528,sdge_nbt2024
SDG&E,2026,2024,bundled,all,11,weekend_holiday,15,delivery,0.003186,sdge_nbt2024
SDG&E,2026,2024,bundled,all,11,weekend_holiday,16,delivery,0.004625,sdge_nbt2024
SDG&E,2026,2024,bundled,all,11,weekend_holiday,17,delivery,0.004989,sdge_nbt2024
SDG&E,2026,2024,bundled,all,11,weekend_holiday,18,delivery,0.004790,sdge_nbt2024
SDG&E,2026,2024,bundled,all,11,weekend_holiday,19,delivery,0.004925,sdge_nbt2024
SDG&E,2026,2024,bundled,all,11,weekend_holiday,20,delivery,0.004846,sdge_nbt2024
SDG&E,2026,2024,bundled,all,11,weekend_holiday,21,delivery,0.004521,sdge_nbt2024
SDG&E,2026,2024,bundled,all,11,weekend_holiday,22,delivery,0.004129,sdge_nbt2024
SDG&E,2026,2024,bundled,all,11,weekend_holiday,23,delivery,0.004045,sdge_nbt2024
SDG&E,2026,2024,bundled,all,12,weekday,0,delivery,0.003638,sdge_nbt2024
SDG&E,2026,2024,bundled,all,12,weekday,1,delivery,0.003635,sdge_nbt2024
SDG&E,2026,2024,bundled,all,12,weekday,2,delivery,0.003572,sdge_nbt2024
SDG&E,2026,2024,bundled,all,12,weekday,3,delivery,0.003534,sdge_nbt2024
SDG&E,2026,2024,bundled,all,12,weekday,4,delivery,0.003605,sdge_nbt2024
SDG&E,2026,2024,bundled,all,12,weekday,5,delivery,0.003693,sdge_nbt2024
SDG&E,2026,2024,bundled,all,12,weekday,6,delivery,0.003925,sdge_nbt2024
SDG&E,2026,2024,bundled,all,12,weekday,7,delivery,0.004142,sdge_nbt2024
SDG&E,2026,2024,bundled,all,12,weekday,8,delivery,0.004231,sdge_nbt2024
SDG&E,2026,2024,bundled,all,12,weekday,9,delivery,0.004330,sdge_nbt2024
SDG&E,2026,2024,bundled,all,12,weekday,10,delivery,0.004156,sdge_nbt2024
SDG&E,2026,2024,bundled,all,12,weekday,11,delivery,0.004083,sdge_nbt2024
SDG&E,2026,2024,bundled,all,12,weekday,12,delivery,0.003948,sdge_nbt2024
SDG&E,2026,2024,bundled,all,12,weekday,13,delivery,0.003890,sdge_nbt2024
SDG&E,2026,2024,bundled,all,12,weekday,14,delivery,0.003891,sdge_nbt2024
SDG&E,2026,2024,bundled,all,12,weekday,15,delivery,0.004083,sdge_nbt2024
SDG&E,2026,2024,bundled,all,12,weekday,16,delivery,0.004601,sdge_nbt2024
SDG&E,2026,2024,bundled,all,12,weekday,17,delivery,0.004506,sdge_nbt2024
SDG&E,2026,2024,bundled,all,12,weekday,18,delivery,0.004440,sdge_nbt2024
SDG&E,2026,2024,bundled,all,12,weekday,19,delivery,0.004616,sdge_nbt2024
SDG&E,2026,2024,bundled,all,12,weekday,20,delivery,0.004697,sdge_nbt2024
SDG&E,2026,2024,bundled,all,12,weekday,21,delivery,0.004468,sdge_nbt2024
SDG&E,2026,2024,bundled,all,12,weekday,22,delivery,0.003830,sdge_nbt2024
SDG&E,2026,2024,bundled,all,12,weekday,23,delivery,0.003790,sdge_nbt2024
SDG&E,2026,2024,bundled,all,12,weekend_holiday,0,delivery,0.003773,sdge_nbt2024
SDG&E,2026,2024,bundled,all,12,weekend_holiday,1,delivery,0.003728,sdge_nbt2024
SDG&E,2026,2024,bundled,all,12,weekend_holiday,2,delivery,0.003718,sdge_nbt2024
SDG&E,2026,2024,bundled,all,12,weekend_holiday,3,delivery,0.003694,sdge_nbt2024
SDG&E,2026,2024,bundled,all,12,weekend_holiday,4,delivery,0.003662,sdge_nbt2024
SDG&E,2026,2024,bundled,all,12,weekend_holiday,5,delivery,0.003658,sdge_nbt2024
SDG&E,2026,2024,bundled,all,12,weekend_holiday,6,delivery,0.003689,sdge_nbt2024
SDG&E,2026,2024,bundled,all,12,weekend_holiday,7,delivery,0.003501,sdge_nbt2024
SDG&E,2026,2024,bundled,all,12,weekend_holiday,8,delivery,0.003351,sdge_nbt2024
SDG&E,2026,2024,bundled,all,12,weekend_holiday,9,delivery,0.003338,sdge_nbt2024
SDG&E,2026,2024,bundled,all,12,weekend_holiday,10,delivery,0.003385,sdge_nbt2024
SDG&E,2026,2024,bundled,all,12,weekend_holiday,11,delivery,0.003335,sdge_nbt2024
SDG&E,2026,2024,bundled,all,12,weekend_holiday,12,delivery,0.003176,sdge_nbt2024
SDG&E,2026,2024,bundled,all,12,weekend_holiday,13,delivery,0.003164,sdge_nbt2024
SDG&E,2026,2024,bundled,all,12,weekend_holiday,14,delivery,0.003165,sdge_nbt2024
SDG&E,2026,2024,bundled,all,12,weekend_holiday,15,delivery,0.003253,sdge_nbt2024
SDG&E,2026,2024,bundled,all,12,weekend_holiday,16,delivery,0.003940,sdge_nbt2024
SDG&E,2026,2024,bundled,all,12,weekend_holiday,17,delivery,0.004394,sdge_nbt2024
SDG&E,2026,2024,bundled,all,12,weekend_holiday,18,delivery,0.004576,sdge_nbt2024
SDG&E,2026,2024,bundled,all,12,weekend_holiday,19,delivery,0.004584,sdge_nbt2024
SDG&E,2026,2024,bundled,all,12,weekend_holiday,20,delivery,0.004316,sdge_nbt2024
SDG&E,2026,2024,bundled,all,12,weekend_holiday,21,delivery,0.003961,sdge_nbt2024
SDG&E,2026,2024,bundled,all,12,weekend_holiday,22,delivery,0.003859,sdge_nbt2024
SDG&E,2026,2024,bundled,all,12,weekend_holiday,23,delivery,0.003902,sdge_nbt2024
SDG&E,2026,2024,bundled,all,1,weekday,0,generation,0.055550,sdge_nbt2024
SDG&E,2026,2024,bundled,all,1,weekday,1,generation,0.055852,sdge_nbt2024
SDG&E,2026,2024,bundled,all,1,weekday,2,generation,0.055143,sdge_nbt2024
SDG&E,2026,2024,bundled,all,1,weekday,3,generation,0.054757,sdge_nbt2024
SDG&E,2026,2024,bundled,all,1,weekday,4,generation,0.055267,sdge_nbt2024
SDG&E,2026,2024,bundled,all,1,weekday,5,generation,0.055922,sdge_nbt2024
SDG&E,2026,2024,bundled,all,1,weekday,6,generation,0.058254,sdge_nbt2024
SDG&E,2026,2024,bundled,all,1,weekday,7,generation,0.059424,sdge_nbt2024
SDG&E,2026,2024,bundled,all,1,weekday,8,generation,0.058835,sdge_nbt2024
SDG&E,2026,2024,bundled,all,1,weekday,9,generation,0.059563,sdge_nbt2024
SDG&E,2026,2024,bundled,all,1,weekday,10,generation,0.058145,sdge_nbt2024
SDG&E,2026,2024,bundled,all,1,weekday,11,generation,0.057145,sdge_nbt2024
SDG&E,2026,2024,bundled,all,1,weekday,12,generation,0.056767,sdge_nbt2024
SDG&E,2026,2024,bundled,all,1,weekday,13,generation,0.056190,sdge_nbt2024
SDG&E,2026,2024,bundled,all,1,weekday,14,generation,0.055865,sdge_nbt2024
SDG&E,2026,2024,bundled,all,1,weekday,15,generation,0.057506,sdge_nbt2024
SDG&E,2026,2024,bundled,all,1,weekday,16,generation,0.062723,sdge_nbt2024
SDG&E,2026,2024,bundled,all,1,weekday,17,generation,0.062533,sdge_nbt2024
SDG&E,2026,2024,bundled,all,1,weekday,18,generation,0.062045,sdge_nbt2024
SDG&E,2026,2024,bundled,all,1,weekday,19,generation,0.062520,sdge_nbt2024
SDG&E,2026,2024,bundled,all,1,weekday,20,generation,0.062396,sdge_nbt2024
SDG&E,2026,2024,bundled,all,1,weekday,21,generation,0.061983,sdge_nbt2024
SDG&E,2026,2024,bundled,all,1,weekday,22,generation,0.057202,sdge_nbt2024
SDG&E,2026,2024,bundled,all,1,weekday,23,generation,0.056123,sdge_nbt2024
SDG&E,2026,2024,bundled,all,1,weekend_holiday,0,generation,0.054626,sdge_nbt2024
SDG&E,2026,2024,bundled,all,1,weekend_holiday,1,generation,0.053622,sdge_nbt2024
SDG&E,2026,2024,bundled,all,1,weekend_holiday,2,generation,0.054033,sdge_nbt2024
SDG&E,2026,2024,bundled,all,1,weekend_holiday,3,generation,0.053142,sdge_nbt2024
SDG&E,2026,2024,bundled,all,1,weekend_holiday,4,generation,0.052874,sdge_nbt2024
SDG&E,2026,2024,bundled,all,1,weekend_holiday,5,generation,0.050808,sdge_nbt2024
SDG&E,2026,2024,bundled,all,1,weekend_holiday,6,generation,0.051923,sdge_nbt2024
SDG&E,2026,2024,bundled,all,1,weekend_holiday,7,generation,0.053050,sdge_nbt2024
SDG&E,2026,2024,bundled,all,1,weekend_holiday,8,generation,0.048183,sdge_nbt2024
SDG&E,2026,2024,bundled,all,1,weekend_holiday,9,generation,0.046086,sdge_nbt2024
SDG&E,2026,2024,bundled,all,1,weekend_holiday,10,generation,0.045894,sdge_nbt2024
SDG&E,2026,2024,bundled,all,1,weekend_holiday,11,generation,0.045417,sdge_nbt2024
SDG&E,2026,2024,bundled,all,1,weekend_holiday,12,generation,0.043873,sdge_nbt2024
SDG&E,2026,2024,bundled,all,1,weekend_holiday,13,generation,0.045226,sdge_nbt2024
SDG&E,2026,2024,bundled,all,1,weekend_holiday,14,generation,0.047178,sdge_nbt2024
SDG&E,2026,2024,bundled,all,1,weekend_holiday,15,generation,0.048679,sdge_nbt2024
SDG&E,2026,2024,bundled,all,1,weekend_holiday,16,generation,0.057047,sdge_nbt2024
SDG&E,2026,2024,bundled,all,1,weekend_holiday,17,generation,0.061773,sdge_nbt2024
SDG&E,2026,2024,bundled,all,1,weekend_holiday,18,generation,0.062054,sdge_nbt2024
SDG&E,2026,2024,bundled,all,1,weekend_holiday,19,generation,0.062204,sdge_nbt2024
SDG&E,2026,2024,bundled,all,1,weekend_holiday,20,generation,0.062413,sdge_nbt2024
SDG&E,2026,2024,bundled,all,1,weekend_holiday,21,generation,0.061179,sdge_nbt2024
SDG&E,2026,2024,bundled,all,1,weekend_holiday,22,generation,0.056908,sdge_nbt2024
SDG&E,2026,2024,bundled,all,1,weekend_holiday,23,generation,0.055614,sdge_nbt2024
SDG&E,2026,2024,bundled,all,2,weekday,0,generation,0.057779,sdge_nbt2024
SDG&E,2026,2024,bundled,all,2,weekday,1,generation,0.057510,sdge_nbt2024
SDG&E,2026,2024,bundled,all,2,weekday,2,generation,0.056928,sdge_nbt2024
SDG&E,2026,2024,bundled,all,2,weekday,3,generation,0.056765,sdge_nbt2024
SDG&E,2026,2024,bundled,all,2,weekday,4,generation,0.057391,sdge_nbt2024
SDG&E,2026,2024,bundled,all,2,weekday,5,generation,0.058186,sdge_nbt2024
SDG&E,2026,2024,bundled,all,2,weekday,6,generation,0.061524,sdge_nbt2024
SDG&E,2026,2024,bundled,all,2,weekday,7,generation,0.063440,sdge_nbt2024
SDG&E,2026,2024,bundled,all,2,weekday,8,generation,0.055820,sdge_nbt2024
SDG&E,2026,2024,bundled,all,2,weekday,9,generation,0.054059,sdge_nbt2024
SDG&E,2026,2024,bundled,all,2,weekday,10,generation,0.052104,sdge_nbt2024
SDG&E,2026,2024,bundled,all,2,weekday,11,generation,0.049535,sdge_nbt2024
SDG&E,2026,2024,bundled,all,2,weekday,12,generation,0.048749,sdge_nbt2024
SDG&E,2026,2024,bundled,all,2,weekday,13,generation,0.047258,sdge_nbt2024
SDG&E,2026,2024,bundled,all,2,weekday,14,generation,0.048204,sdge_nbt2024
SDG&E,2026,2024,bundled,all,2,weekday,15,generation,0.051769,sdge_nbt2024
SDG&E,2026,2024,bundled,all,2,weekday,16,generation,0.065659,sdge_nbt2024
SDG&E,2026,2024,bundled,all,2,weekday,17,generation,0.067110,sdge_nbt2024
SDG&E,2026,2024,bundled,all,2,weekday,18,generation,0.063937,sdge_nbt2024
SDG&E,2026,2024,bundled,all,2,weekday,19,generation,0.064805,sdge_nbt2024
SDG&E,2026,2024,bundled,all,2,weekday,20,generation,0.064232,sdge_nbt2024
SDG&E,2026,2024,bundled,all,2,weekday,21,generation,0.067015,sdge_nbt2024
SDG&E,2026,2024,bundled,all,2,weekday,22,generation,0.061106,sdge_nbt2024
SDG&E,2026,2024,bundled,all,2,weekday,23,generation,0.058780,sdge_nbt2024
SDG&E,2026,2024,bundled,all,2,weekend_holiday,0,generation,0.056802,sdge_nbt2024
SDG&E,2026,2024,bundled,all,2,weekend_holiday,1,generation,0.056524,sdge_nbt2024
SDG&E,2026,2024,bundled,all,2,weekend_holiday,2,generation,0.055625,sdge_nbt2024
SDG&E,2026,2024,bundled,all,2,weekend_holiday,3,generation,0.055177,sdge_nbt2024
SDG&E,2026,2024,bundled,all,2,weekend_holiday,4,generation,0.055405,sdge_nbt2024
SDG&E,2026,2024,bundled,all,2,weekend_holiday,5,generation,0.055916,sdge_nbt2024
SDG&E,2026,2024,bundled,all,2,weekend_holiday,6,generation,0.059439,sdge_nbt2024
SDG&E,2026,2024,bundled,all,2,weekend_holiday,7,generation,0.051280,sdge_nbt2024
SDG&E,2026,2024,bundled,all,2,weekend_holiday,8,generation,0.034752,sdge_nbt2024
SDG&E,2026,2024,bundled,all,2,weekend_holiday,9,generation,0.032433,sdge_nbt2024
SDG&E,2026,2024,bundled,all,2,weekend_holiday,10,generation,0.032199,sdge_nbt2024
SDG&E,2026,2024,bundled,all,2,weekend_holiday,11,generation,0.030513,sdge_nbt2024
SDG&E,2026,2024,bundled,all,2,weekend_holiday,12,generation,0.031341,sdge_nbt2024
SDG&E,2026,2024,bundled,all,2,weekend_holiday,13,generation,0.032252,sdge_nbt2024
SDG&E,2026,2024,bundled,all,2,weekend_holiday,14,generation,0.032892,sdge_nbt2024
SDG&E,2026,2024,bundled,all,2,weekend_holiday,15,generation,0.032776,sdge_nbt2024
SDG&E,2026,2024,bundled,all,2,weekend_holiday,16,generation,0.059182,sdge_nbt2024
SDG&E,2026,2024,bundled,all,2,weekend_holiday,17,generation,0.068549,sdge_nbt2024
SDG&E,2026,2024,bundled,all,2,weekend_holiday,18,generation,0.068717,sdge_nbt2024
SDG&E,2026,2024,bundled,all,2,weekend_holiday,19,generation,0.068089,sdge_nbt2024
SDG&E,2026,2024,bundled,all,2,weekend_holiday,20,generation,0.068267,sdge_nbt2024
SDG&E,2026,2024,bundled,all,2,weekend_holiday,21,generation,0.068343,sdge_nbt2024
SDG&E,2026,2024,bundled,all,2,weekend_holiday,22,generation,0.060337,sdge_nbt2024
SDG&E,2026,2024,bundled,all,2,weekend_holiday,23,generation,0.061907,sdge_nbt2024
SDG&E,2026,2024,bundled,all,3,weekday,0,generation,0.051326,sdge_nbt2024
SDG&E,2026,2024,bundled,all,3,weekday,1,generation,0.048462,sdge_nbt2024
SDG&E,2026,2024,bundled,all,3,weekday,2,generation,0.050352,sdge_nbt2024
SDG&E,2026,2024,bundled,all,3,weekday,3,generation,0.049750,sdge_nbt2024
SDG&E,2026,2024,bundled,all,3,weekday,4,generation,0.049781,sdge_nbt2024
SDG&E,2026,2024,bundled,all,3,weekday,5,generation,0.049641,sdge_nbt2024
SDG&E,2026,2024,bundled,all,3,weekday,6,generation,0.054032,sdge_nbt2024
SDG&E,2026,2024,bundled,all,3,weekday,7,generation,0.054390,sdge_nbt2024
SDG&E,2026,2024,bundled,all,3,weekday,8,generation,0.047498,sdge_nbt2024
SDG&E,2026,2024,bundled,all,3,weekday,9,generation,0.040487,sdge_nbt2024
SDG&E,2026,2024,bundled,all,3,weekday,10,generation,0.038939,sdge_nbt2024
SDG&E,2026,2024,bundled,all,3,weekday,11,generation,0.037138,sdge_nbt2024
SDG&E,2026,2024,bundled,all,3,weekday,12,generation,0.035576,sdge_nbt2024
SDG&E,2026,2024,bundled,all,3,weekday,13,generation,0.034618,sdge_nbt2024
SDG&E,2026,2024,bundled,all,3,weekday,14,generation,0.034983,sdge_nbt2024
SDG&E,2026,2024,bundled,all,3,weekday,15,generation,0.034958,sdge_nbt2024
SDG&E,2026,2024,bundled,all,3,weekday,16,generation,0.039455,sdge_nbt2024
SDG&E,2026,2024,bundled,all,3,weekday,17,generation,0.051440,sdge_nbt2024
SDG&E,2026,2024,bundled,all,3,weekday,18,generation,0.062987,sdge_nbt2024
SDG&E,2026,2024,bundled,all,3,weekday,19,generation,0.063514,sdge_nbt2024
SDG&E,2026,2024,bundled,all,3,weekday,20,generation,0.060947,sdge_nbt2024
SDG&E,2026,2024,bundled,all,3,weekday,21,generation,0.060358,sdge_nbt2024
SDG&E,2026,2024,bundled,all,3,weekday,22,generation,0.059116,sdge_nbt2024
SDG&E,2026,2024,bundled,all,3,weekday,23,generation,0.051566,sdge_nbt2024
SDG&E,2026,2024,bundled,all,3,weekend_holiday,0,generation,0.048532,sdge_nbt2024
SDG&E,2026,2024,bundled,all,3,weekend_holiday,1,generation,0.048583,sdge_nbt2024
SDG&E,2026,2024,bundled,all,3,weekend_holiday,2,generation,0.051122,sdge_nbt2024
SDG&E,2026,2024,bundled,all,3,weekend_holiday,3,generation,0.048876,sdge_nbt2024
SDG&E,2026,2024,bundled,all,3,weekend_holiday,4,generation,0.048011,sdge_nbt2024
SDG&E,2026,2024,bundled,all,3,weekend_holiday,5,generation,0.047025,sdge_nbt2024
SDG&E,2026,2024,bundled,all,3,weekend_holiday,6,generation,0.045945,sdge_nbt2024
SDG&E,2026,2024,bundled,all,3,weekend_holiday,7,generation,0.037456,sdge_nbt2024
SDG&E,2026,2024,bundled,all,3,weekend_holiday,8,generation,0.019190,sdge_nbt2024
SDG&E,2026,2024,bundled,all,3,weekend_holiday,9,generation,0.015650,sdge_nbt2024
SDG&E,2026,2024,bundled,all,3,weekend_holiday,10,generation,0.013687,sdge_nbt2024
SDG&E,2026,2024,bundled,all,3,weekend_holiday,11,generation,0.013703,sdge_nbt2024
SDG&E,2026,2024,bundled,all,3,weekend_holiday,12,generation,0.014086,sdge_nbt2024
SDG&E,2026,2024,bundled,all,3,weekend_holiday,13,generation,0.008441,sdge_nbt2024
SDG&E,2026,2024,bundled,all,3,weekend_holiday,14,generation,0.007341,sdge_nbt2024
SDG&E,2026,2024,bundled,all,3,weekend_holiday,15,generation,0.009912,sdge_nbt2024
SDG&E,2026,2024,bundled,all,3,weekend_holiday,16,generation,0.013212,sdge_nbt2024
SDG&E,2026,2024,bundled,all,3,weekend_holiday,17,generation,0.044702,sdge_nbt2024
SDG&E,2026,2024,bundled,all,3,weekend_holiday,18,generation,0.065402,sdge_nbt2024
SDG&E,2026,2024,bundled,all,3,weekend_holiday,19,generation,0.066528,sdge_nbt2024
SDG&E,2026,2024,bundled,all,3,weekend_holiday,20,generation,0.064832,sdge_nbt2024
SDG&E,2026,2024,bundled,all,3,weekend_holiday,21,generation,0.063243,sdge_nbt2024
SDG&E,2026,2024,bundled,all,3,weekend_holiday,22,generation,0.061294,sdge_nbt2024
SDG&E,2026,2024,bundled,all,3,weekend_holiday,23,generation,0.056761,sdge_nbt2024
SDG&E,2026,2024,bundled,all,4,weekday,0,generation,0.058170,sdge_nbt2024
SDG&E,2026,2024,bundled,all,4,weekday,1,generation,0.051973,sdge_nbt2024
SDG&E,2026,2024,bundled,all,4,weekday,2,generation,0.049210,sdge_nbt2024
SDG&E,2026,2024,bundled,all,4,weekday,3,generation,0.048076,sdge_nbt2024
SDG&E,2026,2024,bundled,all,4,weekday,4,generation,0.049313,sdge_nbt2024
SDG&E,2026,2024,bundled,all,4,weekday,5,generation,0.052171,sdge_nbt2024
SDG&E,2026,2024,bundled,all,4,weekday,6,generation,0.054711,sdge_nbt2024
SDG&E,2026,2024,bundled,all,4,weekday,7,generation,0.045501,sdge_nbt2024
SDG&E,2026,2024,bundled,all,4,weekday,8,generation,0.014406,sdge_nbt2024
SDG&E,2026,2024,bundled,all,4,weekday,9,generation,0.013068,sdge_nbt2024
SDG&E,2026,2024,bundled,all,4,weekday,10,generation,0.011765,sdge_nbt2024
SDG&E,2026,2024,bundled,all,4,weekday,11,generation,0.011035,sdge_nbt2024
SDG&E,2026,2024,bundled,all,4,weekday,12,generation,0.010924,sdge_nbt2024
SDG&E,2026,2024,bundled,all,4,weekday,13,generation,0.009882,sdge_nbt2024
SDG&E,2026,2024,bundled,all,4,weekday,14,generation,0.010502,sdge_nbt2024
SDG&E,2026,2024,bundled,all,4,weekday,15,generation,0.007831,sdge_nbt2024
SDG&E,2026,2024,bundled,all,4,weekday,16,generation,0.011684,sdge_nbt2024
SDG&E,2026,2024,bundled,all,4,weekday,17,generation,0.026267,sdge_nbt2024
SDG&E,2026,2024,bundled,all,4,weekday,18,generation,0.062037,sdge_nbt2024
SDG&E,2026,2024,bundled,all,4,weekday,19,generation,0.058115,sdge_nbt2024
SDG&E,2026,2024,bundled,all,4,weekday,20,generation,0.055583,sdge_nbt2024
SDG&E,2026,2024,bundled,all,4,weekday,21,generation,0.055664,sdge_nbt2024
SDG&E,2026,2024,bundled,all,4,weekday,22,generation,0.055211,sdge_nbt2024
SDG&E,2026,2024,bundled,all,4,weekday,23,generation,0.054324,sdge_nbt2024
SDG&E,2026,2024,bundled,all,4,weekend_holiday,0,generation,0.050607,sdge_nbt2024
SDG&E,2026,2024,bundled,all,4,weekend_holiday,1,generation,0.047695,sdge_nbt2024
SDG&E,2026,2024,bundled,all,4,weekend_holiday,2,generation,0.040621,sdge_nbt2024
SDG&E,2026,2024,bundled,all,4,weekend_holiday,3,generation,0.037657,sdge_nbt2024
SDG&E,2026,2024,bundled,all,4,weekend_holiday,4,generation,0.037716,sdge_nbt2024
SDG&E,2026,2024,bundled,all,4,weekend_holiday,5,generation,0.042751,sdge_nbt2024
SDG&E,2026,2024,bundled,all,4,weekend_holiday,6,generation,0.050630,sdge_nbt2024
SDG&E,2026,2024,bundled,all,4,weekend_holiday,7,generation,0.024715,sdge_nbt2024
SDG&E,2026,2024,bundled,all,4,weekend_holiday,8,generation,0.005799,sdge_nbt2024
SDG&E,2026,2024,bundled,all,4,weekend_holiday,9,generation,0.005786,sdge_nbt2024
SDG&E,2026,2024,bundled,all,4,weekend_holiday,10,generation,0.005789,sdge_nbt2024
SDG&E,2026,2024,bundled,all,4,weekend_holiday,11,generation,0.005786,sdge_nbt2024
SDG&E,2026,2024,bundled,all,4,weekend_holiday,12,generation,0.009785,sdge_nbt2024
SDG&E,2026,2024,bundled,all,4,weekend_holiday,13,generation,0.007054,sdge_nbt2024
SDG&E,2026,2024,bundled,all,4,weekend_holiday,14,generation,0.003970,sdge_nbt2024
SDG&E,2026,2024,bundled,all,4,weekend_holiday,15,generation,0.002056,sdge_nbt2024
SDG&E,2026,2024,bundled,all,4,weekend_holiday,16,generation,0.000312,sdge_nbt2024
SDG&E,2026,2024,bundled,all,4,weekend_holiday,17,generation,0.003548,sdge_nbt2024
SDG&E,2026,2024,bundled,all,4,weekend_holiday,18,generation,0.066238,sdge_nbt2024
SDG&E,2026,2024,bundled,all,4,weekend_holiday,19,generation,0.054585,sdge_nbt2024
SDG&E,2026,2024,bundled,all,4,weekend_holiday,20,generation,0.052367,sdge_nbt2024
SDG&E,2026,2024,bundled,all,4,weekend_holiday,21,generation,0.052670,sdge_nbt2024
SDG&E,2026,2024,bundled,all,4,weekend_holiday,22,generation,0.053177,sdge_nbt2024
SDG&E,2026,2024,bundled,all,4,weekend_holiday,23,generation,0.058117,sdge_nbt2024
SDG&E,2026,2024,bundled,all,5,weekday,0,generation,0.061454,sdge_nbt2024
SDG&E,2026,2024,bundled,all,5,weekday,1,generation,0.056338,sdge_nbt2024
SDG&E,2026,2024,bundled,all,5,weekday,2,generation,0.055642,sdge_nbt2024
SDG&E,2026,2024,bundled,all,5,weekday,3,generation,0.055286,sdge_nbt2024
SDG&E,2026,2024,bundled,all,5,weekday,4,generation,0.056325,sdge_nbt2024
SDG&E,2026,2024,bundled,all,5,weekday,5,generation,0.059128,sdge_nbt2024
SDG&E,2026,2024,bundled,all,5,weekday,6,generation,0.060941,sdge_nbt2024
SDG&E,2026,2024,bundled,all,5,weekday,7,generation,0.044908,sdge_nbt2024
SDG&E,2026,2024,bundled,all,5,weekday,8,generation,0.030787,sdge_nbt2024
SDG&E,2026,2024,bundled,all,5,weekday,9,generation,0.030400,sdge_nbt2024
SDG&E,2026,2024,bundled,all,5,weekday,10,generation,0.028631,sdge_nbt2024
SDG&E,2026,2024,bundled,all,5,weekday,11,generation,0.027709,sdge_nbt2024
SDG&E,2026,2024,bundled,all,5,weekday,12,generation,0.025831,sdge_nbt2024
SDG&E,2026,2024,bundled,all,5,weekday,13,generation,0.025938,sdge_nbt2024
SDG&E,2026,2024,bundled,all,5,weekday,14,generation,0.026513,sdge_nbt2024
SDG&E,2026,2024,bundled,all,5,weekday,15,generation,0.026304,sdge_nbt2024
SDG&E,2026,2024,bundled,all,5,weekday,16,generation,0.028967,sdge_nbt2024
SDG&E,2026,2024,bundled,all,5,weekday,17,generation,0.041178,sdge_nbt2024
SDG&E,2026,2024,bundled,all,5,weekday,18,generation,0.059421,sdge_nbt2024
SDG&E,2026,2024,bundled,all,5,weekday,19,generation,0.059511,sdge_nbt2024
SDG&E,2026,2024,bundled,all,5,weekday,20,generation,0.058572,sdge_nbt2024
SDG&E,2026,2024,bundled,all,5,weekday,21,generation,0.058268,sdge_nbt2024
SDG&E,2026,2024,bundled,all,5,weekday,22,generation,0.058868,sdge_nbt2024
SDG&E,2026,2024,bundled,all,5,weekday,23,generation,0.059052,sdge_nbt2024
SDG&E,2026,2024,bundled,all,5,weekend_holiday,0,generation,0.058258,sdge_nbt2024
SDG&E,2026,2024,bundled,all,5,weekend_holiday,1,generation,0.055474,sdge_nbt2024
SDG&E,2026,2024,bundled,all,5,weekend_holiday,2,generation,0.054141,sdge_nbt2024
SDG&E,2026,2024,bundled,all,5,weekend_holiday,3,generation,0.052753,sdge_nbt2024
SDG&E,2026,2024,bundled,all,5,weekend_holiday,4,generation,0.054255,sdge_nbt2024
SDG&E,2026,2024,bundled,all,5,weekend_holiday,5,generation,0.055102,sdge_nbt2024
SDG&E,2026,2024,bundled,all,5,weekend_holiday,6,generation,0.047789,sdge_nbt2024
SDG&E,2026,2024,bundled,all,5,weekend_holiday,7,generation,0.011696,sdge_nbt2024
SDG&E,2026,2024,bundled,all,5,weekend_holiday,8,generation,0.009200,sdge_nbt2024
SDG&E,2026,2024,bundled,all,5,weekend_holiday,9,generation,0.009200,sdge_nbt2024
SDG&E,2026,2024,bundled,all,5,weekend_holiday,10,generation,0.009084,sdge_nbt2024
SDG&E,2026,2024,bundled,all,5,weekend_holiday,11,generation,0.009056,sdge_nbt2024
SDG&E,2026,2024,bundled,all,5,weekend_holiday,12,generation,0.009359,sdge_nbt2024
SDG&E,2026,2024,bundled,all,5,weekend_holiday,13,generation,0.010803,sdge_nbt2024
SDG&E,2026,2024,bundled,all,5,weekend_holiday,14,generation,0.008740,sdge_nbt2024
SDG&E,2026,2024,bundled,all,5,weekend_holiday,15,generation,0.007445,sdge_nbt2024
SDG&E,2026,2024,bundled,all,5,weekend_holiday,16,generation,0.004861,sdge_nbt2024
SDG&E,2026,2024,bundled,all,5,weekend_holiday,17,generation,0.013091,sdge_nbt2024
SDG&E,2026,2024,bundled,all,5,weekend_holiday,18,generation,0.057402,sdge_nbt2024
SDG&E,2026,2024,bundled,all,5,weekend_holiday,19,generation,0.059016,sdge_nbt2024
SDG&E,2026,2024,bundled,all,5,weekend_holiday,20,generation,0.057976,sdge_nbt2024
SDG&E,2026,2024,bundled,all,5,weekend_holiday,21,generation,0.058636,sdge_nbt2024
SDG&E,2026,2024,bundled,all,5,weekend_holiday,22,generation,0.060499,sdge_nbt2024
SDG&E,2026,2024,bundled,all,5,weekend_holiday,23,generation,0.059429,sdge_nbt2024
SDG&E,2026,2024,bundled,all,6,weekday,0,generation,0.052513,sdge_nbt2024
SDG&E,2026,2024,bundled,all,6,weekday,1,generation,0.048861,sdge_nbt2024
SDG&E,2026,2024,bundled,all,6,weekday,2,generation,0.049442,sdge_nbt2024
SDG&E,2026,2024,bundled,all,6,weekday,3,generation,0.050034,sdge_nbt2024
SDG&E,2026,2024,bundled,all,6,weekday,4,generation,0.049585,sdge_nbt2024
SDG&E,2026,2024,bundled,all,6,weekday,5,generation,0.050321,sdge_nbt2024
SDG&E,2026,2024,bundled,all,6,weekday,6,generation,0.050787,sdge_nbt2024
SDG&E,2026,2024,bundled,all,6,weekday,7,generation,0.051739,sdge_nbt2024
SDG&E,2026,2024,bundled,all,6,weekday,8,generation,0.051698,sdge_nbt2024
SDG&E,2026,2024,bundled,all,6,weekday,9,generation,0.052715,sdge_nbt2024
SDG&E,2026,2024,bundled,all,6,weekday,10,generation,0.051346,sdge_nbt2024
SDG&E,2026,2024,bundled,all,6,weekday,11,generation,0.050402,sdge_nbt2024
SDG&E,2026,2024,bundled,all,6,weekday,12,generation,0.049919,sdge_nbt2024
SDG&E,2026,2024,bundled,all,6,weekday,13,generation,0.049696,sdge_nbt2024
SDG&E,2026,2024,bundled,all,6,weekday,14,generation,0.049532,sdge_nbt2024
SDG&E,2026,2024,bundled,all,6,weekday,15,generation,0.049975,sdge_nbt2024
SDG&E,2026,2024,bundled,all,6,weekday,16,generation,0.050978,sdge_nbt2024
SDG&E,2026,2024,bundled,all,6,weekday,17,generation,0.060432,sdge_nbt2024
SDG&E,2026,2024,bundled,all,6,weekday,18,generation,0.062975,sdge_nbt2024
SDG&E,2026,2024,bundled,all,6,weekday,19,generation,0.064696,sdge_nbt2024
SDG&E,2026,2024,bundled,all,6,weekday,20,generation,0.065181,sdge_nbt2024
SDG&E,2026,2024,bundled,all,6,weekday,21,generation,0.062508,sdge_nbt2024
SDG&E,2026,2024,bundled,all,6,weekday,22,generation,0.063195,sdge_nbt2024
SDG&E,2026,2024,bundled,all,6,weekday,23,generation,0.055792,sdge_nbt2024
SDG&E,2026,2024,bundled,all,6,weekend_holiday,0,generation,0.053677,sdge_nbt2024
SDG&E,2026,2024,bundled,all,6,weekend_holiday,1,generation,0.050447,sdge_nbt2024
SDG&E,2026,2024,bundled,all,6,weekend_holiday,2,generation,0.051574,sdge_nbt2024
SDG&E,2026,2024,bundled,all,6,weekend_holiday,3,generation,0.052868,sdge_nbt2024
SDG&E,2026,2024,bundled,all,6,weekend_holiday,4,generation,0.052821,sdge_nbt2024
SDG&E,2026,2024,bundled,all,6,weekend_holiday,5,generation,0.052599,sdge_nbt2024
SDG&E,2026,2024,bundled,all,6,weekend_holiday,6,generation,0.054501,sdge_nbt2024
SDG&E,2026,2024,bundled,all,6,weekend_holiday,7,generation,0.044892,sdge_nbt2024
SDG&E,2026,2024,bundled,all,6,weekend_holiday,8,generation,0.036746,sdge_nbt2024
SDG&E,2026,2024,bundled,all,6,weekend_holiday,9,generation,0.037622,sdge_nbt2024
SDG&E,2026,2024,bundled,all,6,weekend_holiday,10,generation,0.038638,sdge_nbt2024
SDG&E,2026,2024,bundled,all,6,weekend_holiday,11,generation,0.037025,sdge_nbt2024
SDG&E,2026,2024,bundled,all,6,weekend_holiday,12,generation,0.034782,sdge_nbt2024
SDG&E,2026,2024,bundled,all,6,weekend_holiday,13,generation,0.032620,sdge_nbt2024
SDG&E,2026,2024,bundled,all,6,weekend_holiday,14,generation,0.032680,sdge_nbt2024
SDG&E,2026,2024,bundled,all,6,weekend_holiday,15,generation,0.034497,sdge_nbt2024
SDG&E,2026,2024,bundled,all,6,weekend_holiday,16,generation,0.035051,sdge_nbt2024
SDG&E,2026,2024,bundled,all,6,weekend_holiday,17,generation,0.058367,sdge_nbt2024
SDG&E,2026,2024,bundled,all,6,weekend_holiday,18,generation,0.065949,sdge_nbt2024
SDG&E,2026,2024,bundled,all,6,weekend_holiday,19,generation,0.067291,sdge_nbt2024
SDG&E,2026,2024,bundled,all,6,weekend_holiday,20,generation,0.067350,sdge_nbt2024
SDG&E,2026,2024,bundled,all,6,weekend_holiday,21,generation,0.066013,sdge_nbt2024
SDG&E,2026,2024,bundled,all,6,weekend_holiday,22,generation,0.065946,sdge_nbt2024
SDG&E,2026,2024,bundled,all,6,weekend_holiday,23,generation,0.064352,sdge_nbt2024
SDG&E,2026,2024,bundled,all,7,weekday,0,generation,0.058806,sdge_nbt2024
SDG&E,2026,2024,bundled,all,7,weekday,1,generation,0.051496,sdge_nbt2024
SDG&E,2026,2024,bundled,all,7,weekday,2,generation,0.051756,sdge_nbt2024
SDG&E,2026,2024,bundled,all,7,weekday,3,generation,0.052153,sdge_nbt2024
SDG&E,2026,2024,bundled,all,7,weekday,4,generation,0.052333,sdge_nbt2024
SDG&E,2026,2024,bundled,all,7,weekday,5,generation,0.052358,sdge_nbt2024
SDG&E,2026,2024,bundled,all,7,weekday,6,generation,0.052652,sdge_nbt2024
SDG&E,2026,2024,bundled,all,7,weekday,7,generation,0.054049,sdge_nbt2024
SDG&E,2026,2024,bundled,all,7,weekday,8,generation,0.055246,sdge_nbt2024
SDG&E,2026,2024,bundled,all,7,weekday,9,generation,0.057953,sdge_nbt2024
SDG&E,2026,2024,bundled,all,7,weekday,10,generation,0.057505,sdge_nbt2024
SDG&E,2026,2024,bundled,all,7,weekday,11,generation,0.056578,sdge_nbt2024
SDG&E,2026,2024,bundled,all,7,weekday,12,generation,0.056061,sdge_nbt2024
SDG&E,2026,2024,bundled,all,7,weekday,13,generation,0.056328,sdge_nbt2024
SDG&E,2026,2024,bundled,all,7,weekday,14,generation,0.056026,sdge_nbt2024
SDG&E,2026,2024,bundled,all,7,weekday,15,generation,0.055675,sdge_nbt2024
SDG&E,2026,2024,bundled,all,7,weekday,16,generation,0.058389,sdge_nbt2024
SDG&E,2026,2024,bundled,all,7,weekday,17,generation,0.076143,sdge_nbt2024
SDG&E,2026,2024,bundled,all,7,weekday,18,generation,0.074055,sdge_nbt2024
SDG&E,2026,2024,bundled,all,7,weekday,19,generation,0.426805,sdge_nbt2024
SDG&E,2026,2024,bundled,all,7,weekday,20,generation,0.167369,sdge_nbt2024
SDG&E,2026,2024,bundled,all,7,weekday,21,generation,0.068082,sdge_nbt2024
SDG&E,2026,2024,bundled,all,7,weekday,22,generation,0.067702,sdge_nbt2024
SDG&E,2026,2024,bundled,all,7,weekday,23,generation,0.055367,sdge_nbt2024
SDG&E,2026,2024,bundled,all,7,weekend_holiday,0,generation,0.055792,sdge_nbt2024
SDG&E,2026,2024,bundled,all,7,weekend_holiday,1,generation,0.053183,sdge_nbt2024
SDG&E,2026,2024,bundled,all,7,weekend_holiday,2,generation,0.053208,sdge_nbt2024
SDG&E,2026,2024,bundled,all,7,weekend_holiday,3,generation,0.053193,sdge_nbt2024
SDG&E,2026,2024,bundled,all,7,weekend_holiday,4,generation,0.053008,sdge_nbt2024
SDG&E,2026,2024,bundled,all,7,weekend_holiday,5,generation,0.052720,sdge_nbt2024
SDG&E,2026,2024,bundled,all,7,weekend_holiday,6,generation,0.052680,sdge_nbt2024
SDG&E,2026,2024,bundled,all,7,weekend_holiday,7,generation,0.041088,sdge_nbt2024
SDG&E,2026,2024,bundled,all,7,weekend_holiday,8,generation,0.039734,sdge_nbt2024
SDG&E,2026,2024,bundled,all,7,weekend_holiday,9,generation,0.039180,sdge_nbt2024
SDG&E,2026,2024,bundled,all,7,weekend_holiday,10,generation,0.037959,sdge_nbt2024
SDG&E,2026,2024,bundled,all,7,weekend_holiday,11,generation,0.034324,sdge_nbt2024
SDG&E,2026,2024,bundled,all,7,weekend_holiday,12,generation,0.032855,sdge_nbt2024
SDG&E,2026,2024,bundled,all,7,weekend_holiday,13,generation,0.030861,sdge_nbt2024
SDG&E,2026,2024,bundled,all,7,weekend_holiday,14,generation,0.032361,sdge_nbt2024
SDG&E,2026,2024,bundled,all,7,weekend_holiday,15,generation,0.032917,sdge_nbt2024
SDG&E,2026,2024,bundled,all,7,weekend_holiday,16,generation,0.034049,sdge_nbt2024
SDG&E,2026,2024,bundled,all,7,weekend_holiday,17,generation,0.061792,sdge_nbt2024
SDG&E,2026,2024,bundled,all,7,weekend_holiday,18,generation,0.104797,sdge_nbt2024
SDG&E,2026,2024,bundled,all,7,weekend_holiday,19,generation,0.761515,sdge_nbt2024
SDG&E,2026,2024,bundled,all,7,weekend_holiday,20,generation,0.256257,sdge_nbt2024
SDG&E,2026,2024,bundled,all,7,weekend_holiday,21,generation,0.070659,sdge_nbt2024
SDG&E,2026,2024,bundled,all,7,weekend_holiday,22,generation,0.069926,sdge_nbt2024
SDG&E,2026,2024,bundled,all,7,weekend_holiday,23,generation,0.066739,sdge_nbt2024
SDG&E,2026,2024,bundled,all,8,weekday,0,generation,0.057617,sdge_nbt2024
SDG&E,2026,2024,bundled,all,8,weekday,1,generation,0.055348,sdge_nbt2024
SDG&E,2026,2024,bundled,all,8,weekday,2,generation,0.055188,sdge_nbt2024
SDG&E,2026,2024,bundled,all,8,weekday,3,generation,0.055035,sdge_nbt2024
SDG&E,2026,2024,bundled,all,8,weekday,4,generation,0.055243,sdge_nbt2024
SDG&E,2026,2024,bundled,all,8,weekday,5,generation,0.055718,sdge_nbt2024
SDG&E,2026,2024,bundled,all,8,weekday,6,generation,0.055932,sdge_nbt2024
SDG&E,2026,2024,bundled,all,8,weekday,7,generation,0.056634,sdge_nbt2024
SDG&E,2026,2024,bundled,all,8,weekday,8,generation,0.058630,sdge_nbt2024
SDG&E,2026,2024,bundled,all,8,weekday,9,generation,0.068496,sdge_nbt2024
SDG&E,2026,2024,bundled,all,8,weekday,10,generation,0.066376,sdge_nbt2024
SDG&E,2026,2024,bundled,all,8,weekday,11,generation,0.063956,sdge_nbt2024
SDG&E,2026,2024,bundled,all,8,weekday,12,generation,0.062922,sdge_nbt2024
SDG&E,2026,2024,bundled,all,8,weekday,13,generation,0.062828,sdge_nbt2024
SDG&E,2026,2024,bundled,all,8,weekday,14,generation,0.063321,sdge_nbt2024
SDG&E,2026,2024,bundled,all,8,weekday,15,generation,0.063406,sdge_nbt2024
SDG&E,2026,2024,bundled,all,8,weekday,16,generation,0.062762,sdge_nbt2024
SDG&E,2026,2024,bundled,all,8,weekday,17,generation,0.220669,sdge_nbt2024
SDG&E,2026,2024,bundled,all,8,weekday,18,generation,0.527350,sdge_nbt2024
SDG&E,2026,2024,bundled,all,8,weekday,19,generation,1.553286,sdge_nbt2024
SDG&E,2026,2024,bundled,all,8,weekday,20,generation,0.571173,sdge_nbt2024
SDG&E,2026,2024,bundled,all,8,weekday,21,generation,0.796016,sdge_nbt2024
SDG&E,2026,2024,bundled,all,8,weekday,22,generation,0.604633,sdge_nbt2024
SDG&E,2026,2024,bundled,all,8,weekday,23,generation,0.056196,sdge_nbt2024
SDG&E,2026,2024,bundled,all,8,weekend_holiday,0,generation,0.054987,sdge_nbt2024
SDG&E,2026,2024,bundled,all,8,weekend_holiday,1,generation,0.055048,sdge_nbt2024
SDG&E,2026,2024,bundled,all,8,weekend_holiday,2,generation,0.053590,sdge_nbt2024
SDG&E,2026,2024,bundled,all,8,weekend_holiday,3,generation,0.054004,sdge_nbt2024
SDG&E,2026,2024,bundled,all,8,weekend_holiday,4,generation,0.053675,sdge_nbt2024
SDG&E,2026,2024,bundled,all,8,weekend_holiday,5,generation,0.053289,sdge_nbt2024
SDG&E,2026,2024,bundled,all,8,weekend_holiday,6,generation,0.052126,sdge_nbt2024
SDG&E,2026,2024,bundled,all,8,weekend_holiday,7,generation,0.048920,sdge_nbt2024
SDG&E,2026,2024,bundled,all,8,weekend_holiday,8,generation,0.051581,sdge_nbt2024
SDG&E,2026,2024,bundled,all,8,weekend_holiday,9,generation,0.052465,sdge_nbt2024
SDG&E,2026,2024,bundled,all,8,weekend_holiday,10,generation,0.052821,sdge_nbt2024
SDG&E,2026,2024,bundled,all,8,weekend_holiday,11,generation,0.052891,sdge_nbt2024
SDG&E,2026,2024,bundled,all,8,weekend_holiday,12,generation,0.051839,sdge_nbt2024
SDG&E,2026,2024,bundled,all,8,weekend_holiday,13,generation,0.051172,sdge_nbt2024
SDG&E,2026,2024,bundled,all,8,weekend_holiday,14,generation,0.050915,sdge_nbt2024
SDG&E,2026,2024,bundled,all,8,weekend_holiday,15,generation,0.050984,sdge_nbt2024
SDG&E,2026,2024,bundled,all,8,weekend_holiday,16,generation,0.053717,sdge_nbt2024
SDG&E,2026,2024,bundled,all,8,weekend_holiday,17,generation,0.202150,sdge_nbt2024
SDG&E,2026,2024,bundled,all,8,weekend_holiday,18,generation,0.493880,sdge_nbt2024
SDG&E,2026,2024,bundled,all,8,weekend_holiday,19,generation,1.435984,sdge_nbt2024
SDG&E,2026,2024,bundled,all,8,weekend_holiday,20,generation,0.533506,sdge_nbt2024
SDG&E,2026,2024,bundled,all,8,weekend_holiday,21,generation,0.743558,sdge_nbt2024
SDG&E,2026,2024,bundled,all,8,weekend_holiday,22,generation,0.565030,sdge_nbt2024
SDG&E,2026,2024,bundled,all,8,weekend_holiday,23,generation,0.061434,sdge_nbt2024
SDG&E,2026,2024,bundled,all,9,weekday,0,generation,0.064305,sdge_nbt2024
SDG&E,2026,2024,bundled,all,9,weekday,1,generation,0.052270,sdge_nbt2024
SDG&E,2026,2024,bundled,all,9,weekday,2,generation,0.052204,sdge_nbt2024
SDG&E,2026,2024,bundled,all,9,weekday,3,generation,0.051908,sdge_nbt2024
SDG&E,2026,2024,bundled,all,9,weekday,4,generation,0.051757,sdge_nbt2024
SDG&E,2026,2024,bundled,all,9,weekday,5,generation,0.052105,sdge_nbt2024
SDG&E,2026,2024,bundled,all,9,weekday,6,generation,0.053549,sdge_nbt2024
SDG&E,2026,2024,bundled,all,9,weekday,7,generation,0.054825,sdge_nbt2024
SDG&E,2026,2024,bundled,all,9,weekday,8,generation,0.052443,sdge_nbt2024
SDG&E,2026,2024,bundled,all,9,weekday,9,generation,0.055630,sdge_nbt2024
SDG&E,2026,2024,bundled,all,9,weekday,10,generation,0.054446,sdge_nbt2024
SDG&E,2026,2024,bundled,all,9,weekday,11,generation,0.053676,sdge_nbt2024
SDG&E,2026,2024,bundled,all,9,weekday,12,generation,0.053026,sdge_nbt2024
SDG&E,2026,2024,bundled,all,9,weekday,13,generation,0.053819,sdge_nbt2024
SDG&E,2026,2024,bundled,all,9,weekday,14,generation,0.053256,sdge_nbt2024
SDG&E,2026,2024,bundled,all,9,weekday,15,generation,0.053200,sdge_nbt2024
SDG&E,2026,2024,bundled,all,9,weekday,16,generation,0.056649,sdge_nbt2024
SDG&E,2026,2024,bundled,all,9,weekday,17,generation,0.078973,sdge_nbt2024
SDG&E,2026,2024,bundled,all,9,weekday,18,generation,2.109472,sdge_nbt2024
SDG&E,2026,2024,bundled,all,9,weekday,19,generation,2.394999,sdge_nbt2024
SDG&E,2026,2024,bundled,all,9,weekday,20,generation,0.143169,sdge_nbt2024
SDG&E,2026,2024,bundled,all,9,weekday,21,generation,0.063561,sdge_nbt2024
SDG&E,2026,2024,bundled,all,9,weekday,22,generation,0.062295,sdge_nbt2024
SDG&E,2026,2024,bundled,all,9,weekday,23,generation,0.053549,sdge_nbt2024
SDG&E,2026,2024,bundled,all,9,weekend_holiday,0,generation,0.053793,sdge_nbt2024
SDG&E,2026,2024,bundled,all,9,weekend_holiday,1,generation,0.053208,sdge_nbt2024
SDG&E,2026,2024,bundled,all,9,weekend_holiday,2,generation,0.052418,sdge_nbt2024
SDG&E,2026,2024,bundled,all,9,weekend_holiday,3,generation,0.052408,sdge_nbt2024
SDG&E,2026,2024,bundled,all,9,weekend_holiday,4,generation,0.051611,sdge_nbt2024
SDG&E,2026,2024,bundled,all,9,weekend_holiday,5,generation,0.051423,sdge_nbt2024
SDG&E,2026,2024,bundled,all,9,weekend_holiday,6,generation,0.050584,sdge_nbt2024
SDG&E,2026,2024,bundled,all,9,weekend_holiday,7,generation,0.047263,sdge_nbt2024
SDG&E,2026,2024,bundled,all,9,weekend_holiday,8,generation,0.043886,sdge_nbt2024
SDG&E,2026,2024,bundled,all,9,weekend_holiday,9,generation,0.045568,sdge_nbt2024
SDG&E,2026,2024,bundled,all,9,weekend_holiday,10,generation,0.046672,sdge_nbt2024
SDG&E,2026,2024,bundled,all,9,weekend_holiday,11,generation,0.046058,sdge_nbt2024
SDG&E,2026,2024,bundled,all,9,weekend_holiday,12,generation,0.043478,sdge_nbt2024
SDG&E,2026,2024,bundled,all,9,weekend_holiday,13,generation,0.040930,sdge_nbt2024
SDG&E,2026,2024,bundled,all,9,weekend_holiday,14,generation,0.041244,sdge_nbt2024
SDG&E,2026,2024,bundled,all,9,weekend_holiday,15,generation,0.043993,sdge_nbt2024
SDG&E,2026,2024,bundled,all,9,weekend_holiday,16,generation,0.048275,sdge_nbt2024
SDG&E,2026,2024,bundled,all,9,weekend_holiday,17,generation,0.070983,sdge_nbt2024
SDG&E,2026,2024,bundled,all,9,weekend_holiday,18,generation,1.855516,sdge_nbt2024
SDG&E,2026,2024,bundled,all,9,weekend_holiday,19,generation,2.105796,sdge_nbt2024
SDG&E,2026,2024,bundled,all,9,weekend_holiday,20,generation,0.135223,sdge_nbt2024
SDG&E,2026,2024,bundled,all,9,weekend_holiday,21,generation,0.065490,sdge_nbt2024
SDG&E,2026,2024,bundled,all,9,weekend_holiday,22,generation,0.063399,sdge_nbt2024
SDG&E,2026,2024,bundled,all,9,weekend_holiday,23,generation,0.053430,sdge_nbt2024
SDG&E,2026,2024,bundled,all,10,weekday,0,generation,0.063303,sdge_nbt2024
SDG&E,2026,2024,bundled,all,10,weekday,1,generation,0.052642,sdge_nbt2024
SDG&E,2026,2024,bundled,all,10,weekday,2,generation,0.052984,sdge_nbt2024
SDG&E,2026,2024,bundled,all,10,weekday,3,generation,0.052799,sdge_nbt2024
SDG&E,2026,2024,bundled,all,10,weekday,4,generation,0.052706,sdge_nbt2024
SDG&E,2026,2024,bundled,all,10,weekday,5,generation,0.053187,sdge_nbt2024
SDG&E,2026,2024,bundled,all,10,weekday,6,generation,0.053650,sdge_nbt2024
SDG&E,2026,2024,bundled,all,10,weekday,7,generation,0.055248,sdge_nbt2024
SDG&E,2026,2024,bundled,all,10,weekday,8,generation,0.052883,sdge_nbt2024
SDG&E,2026,2024,bundled,all,10,weekday,9,generation,0.053881,sdge_nbt2024
SDG&E,2026,2024,bundled,all,10,weekday,10,generation,0.054380,sdge_nbt2024
SDG&E,2026,2024,bundled,all,10,weekday,11,generation,0.053801,sdge_nbt2024
SDG&E,2026,2024,bundled,all,10,weekday,12,generation,0.053478,sdge_nbt2024
SDG&E,2026,2024,bundled,all,10,weekday,13,generation,0.053026,sdge_nbt2024
SDG&E,2026,2024,bundled,all,10,weekday,14,generation,0.054719,sdge_nbt2024
SDG&E,2026,2024,bundled,all,10,weekday,15,generation,0.055773,sdge_nbt2024
SDG&E,2026,2024,bundled,all,10,weekday,16,generation,0.057977,sdge_nbt2024
SDG&E,2026,2024,bundled,all,10,weekday,17,generation,0.062913,sdge_nbt2024
SDG&E,2026,2024,bundled,all,10,weekday,18,generation,0.056013,sdge_nbt2024
SDG&E,2026,2024,bundled,all,10,weekday,19,generation,0.055919,sdge_nbt2024
SDG&E,2026,2024,bundled,all,10,weekday,20,generation,0.056218,sdge_nbt2024
SDG&E,2026,2024,bundled,all,10,weekday,21,generation,0.056599,sdge_nbt2024
SDG&E,2026,2024,bundled,all,10,weekday,22,generation,0.054727,sdge_nbt2024
SDG&E,2026,2024,bundled,all,10,weekday,23,generation,0.053297,sdge_nbt2024
SDG&E,2026,2024,bundled,all,10,weekend_holiday,0,generation,0.052677,sdge_nbt2024
SDG&E,2026,2024,bundled,all,10,weekend_holiday,1,generation,0.052528,sdge_nbt2024
SDG&E,2026,2024,bundled,all,10,weekend_holiday,2,generation,0.051392,sdge_nbt2024
SDG&E,2026,2024,bundled,all,10,weekend_holiday,3,generation,0.051458,sdge_nbt2024
SDG&E,2026,2024,bundled,all,10,weekend_holiday,4,generation,0.050484,sdge_nbt2024
SDG&E,2026,2024,bundled,all,10,weekend_holiday,5,generation,0.050200,sdge_nbt2024
SDG&E,2026,2024,bundled,all,10,weekend_holiday,6,generation,0.049748,sdge_nbt2024
SDG&E,2026,2024,bundled,all,10,weekend_holiday,7,generation,0.046507,sdge_nbt2024
SDG&E,2026,2024,bundled,all,10,weekend_holiday,8,generation,0.040853,sdge_nbt2024
SDG&E,2026,2024,bundled,all,10,weekend_holiday,9,generation,0.041023,sdge_nbt2024
SDG&E,2026,2024,bundled,all,10,weekend_holiday,10,generation,0.041244,sdge_nbt2024
SDG&E,2026,2024,bundled,all,10,weekend_holiday,11,generation,0.041906,sdge_nbt2024
SDG&E,2026,2024,bundled,all,10,weekend_holiday,12,generation,0.041846,sdge_nbt2024
SDG&E,2026,2024,bundled,all,10,weekend_holiday,13,generation,0.039795,sdge_nbt2024
SDG&E,2026,2024,bundled,all,10,weekend_holiday,14,generation,0.039820,sdge_nbt2024
SDG&E,2026,2024,bundled,all,10,weekend_holiday,15,generation,0.042666,sdge_nbt2024
SDG&E,2026,2024,bundled,all,10,weekend_holiday,16,generation,0.046541,sdge_nbt2024
SDG&E,2026,2024,bundled,all,10,weekend_holiday,17,generation,0.075495,sdge_nbt2024
SDG&E,2026,2024,bundled,all,10,weekend_holiday,18,generation,0.067905,sdge_nbt2024
SDG&E,2026,2024,bundled,all,10,weekend_holiday,19,generation,0.066603,sdge_nbt2024
SDG&E,2026,2024,bundled,all,10,weekend_holiday,20,generation,0.065860,sdge_nbt2024
SDG&E,2026,2024,bundled,all,10,weekend_holiday,21,generation,0.065603,sdge_nbt2024
SDG&E,2026,2024,bundled,all,10,weekend_holiday,22,generation,0.063625,sdge_nbt2024
SDG&E,2026,2024,bundled,all,10,weekend_holiday,23,generation,0.061991,sdge_nbt2024
SDG&E,2026,2024,bundled,all,11,weekday,0,generation,0.051250,sdge_nbt2024
SDG&E,2026,2024,bundled,all,11,weekday,1,generation,0.051402,sdge_nbt2024
SDG&E,2026,2024,bundled,all,11,weekday,2,generation,0.051014,sdge_nbt2024
SDG&E,2026,2024,bundled,all,11,weekday,3,generation,0.050898,sdge_nbt2024
SDG&E,2026,2024,bundled,all,11,weekday,4,generation,0.051077,sdge_nbt2024
SDG&E,2026,2024,bundled,all,11,weekday,5,generation,0.052044,sdge_nbt2024
SDG&E,2026,2024,bundled,all,11,weekday,6,generation,0.054259,sdge_nbt2024
SDG&E,2026,2024,bundled,all,11,weekday,7,generation,0.053729,sdge_nbt2024
SDG&E,2026,2024,bundled,all,11,weekday,8,generation,0.054684,sdge_nbt2024
SDG&E,2026,2024,bundled,all,11,weekday,9,generation,0.054706,sdge_nbt2024
SDG&E,2026,2024,bundled,all,11,weekday,10,generation,0.054055,sdge_nbt2024
SDG&E,2026,2024,bundled,all,11,weekday,11,generation,0.053420,sdge_nbt2024
SDG&E,2026,2024,bundled,all,11,weekday,12,generation,0.052696,sdge_nbt2024
SDG&E,2026,2024,bundled,all,11,weekday,13,generation,0.054364,sdge_nbt2024
SDG&E,2026,2024,bundled,all,11,weekday,14,generation,0.054100,sdge_nbt2024
SDG&E,2026,2024,bundled,all,11,weekday,15,generation,0.057407,sdge_nbt2024
SDG&E,2026,2024,bundled,all,11,weekday,16,generation,0.061145,sdge_nbt2024
SDG&E,2026,2024,bundled,all,11,weekday,17,generation,0.058218,sdge_nbt2024
SDG&E,2026,2024,bundled,all,11,weekday,18,generation,0.057191,sdge_nbt2024
SDG&E,2026,2024,bundled,all,11,weekday,19,generation,0.058362,sdge_nbt2024
SDG&E,2026,2024,bundled,all,11,weekday,20,generation,0.059544,sdge_nbt2024
SDG&E,2026,2024,bundled,all,11,weekday,21,generation,0.058779,sdge_nbt2024
SDG&E,2026,2024,bundled,all,11,weekday,22,generation,0.053114,sdge_nbt2024
SDG&E,2026,2024,bundled,all,11,weekday,23,generation,0.052557,sdge_nbt2024
SDG&E,2026,2024,bundled,all,11,weekend_holiday,0,generation,0.051145,sdge_nbt2024
SDG&E,2026,2024,bundled,all,11,weekend_holiday,1,generation,0.050151,sdge_nbt2024
SDG&E,2026,2024,bundled,all,11,weekend_holiday,2,generation,0.049396,sdge_nbt2024
SDG&E,2026,2024,bundled,all,11,weekend_holiday,3,generation,0.048930,sdge_nbt2024
SDG&E,2026,2024,bundled,all,11,weekend_holiday,4,generation,0.048164,sdge_nbt2024
SDG&E,2026,2024,bundled,all,11,weekend_holiday,5,generation,0.047835,sdge_nbt2024
SDG&E,2026,2024,bundled,all,11,weekend_holiday,6,generation,0.047471,sdge_nbt2024
SDG&E,2026,2024,bundled,all,11,weekend_holiday,7,generation,0.039626,sdge_nbt2024
SDG&E,2026,2024,bundled,all,11,weekend_holiday,8,generation,0.039180,sdge_nbt2024
SDG&E,2026,2024,bundled,all,11,weekend_holiday,9,generation,0.038923,sdge_nbt2024
SDG&E,2026,2024,bundled,all,11,weekend_holiday,10,generation,0.039348,sdge_nbt2024
SDG&E,2026,2024,bundled,all,11,weekend_holiday,11,generation,0.039190,sdge_nbt2024
SDG&E,2026,2024,bundled,all,11,weekend_holiday,12,generation,0.039353,sdge_nbt2024
SDG&E,2026,2024,bundled,all,11,weekend_holiday,13,generation,0.038817,sdge_nbt2024
SDG&E,2026,2024,bundled,all,11,weekend_holiday,14,generation,0.041254,sdge_nbt2024
SDG&E,2026,2024,bundled,all,11,weekend_holiday,15,generation,0.047084,sdge_nbt2024
SDG&E,2026,2024,bundled,all,11,weekend_holiday,16,generation,0.059761,sdge_nbt2024
SDG&E,2026,2024,bundled,all,11,weekend_holiday,17,generation,0.062993,sdge_nbt2024
SDG&E,2026,2024,bundled,all,11,weekend_holiday,18,generation,0.061329,sdge_nbt2024
SDG&E,2026,2024,bundled,all,11,weekend_holiday,19,generation,0.062520,sdge_nbt2024
SDG&E,2026,2024,bundled,all,11,weekend_holiday,20,generation,0.061823,sdge_nbt2024
SDG&E,2026,2024,bundled,all,11,weekend_holiday,21,generation,0.059007,sdge_nbt2024
SDG&E,2026,2024,bundled,all,11,weekend_holiday,22,generation,0.055566,sdge_nbt2024
SDG&E,2026,2024,bundled,all,11,weekend_holiday,23,generation,0.054825,sdge_nbt2024
SDG&E,2026,2024,bundled,all,12,weekday,0,generation,0.054832,sdge_nbt2024
SDG&E,2026,2024,bundled,all,12,weekday,1,generation,0.054782,sdge_nbt2024
SDG&E,2026,2024,bundled,all,12,weekday,2,generation,0.054186,sdge_nbt2024
SDG&E,2026,2024,bundled,all,12,weekday,3,generation,0.053833,sdge_nbt2024
SDG&E,2026,2024,bundled,all,12,weekday,4,generation,0.054491,sdge_nbt2024
SDG&E,2026,2024,bundled,all,12,weekday,5,generation,0.055305,sdge_nbt2024
SDG&E,2026,2024,bundled,all,12,weekday,6,generation,0.057487,sdge_nbt2024
SDG&E,2026,2024,bundled,all,12,weekday,7,generation,0.059142,sdge_nbt2024
SDG&E,2026,2024,bundled,all,12,weekday,8,generation,0.059892,sdge_nbt2024
SDG&E,2026,2024,bundled,all,12,weekday,9,generation,0.060845,sdge_nbt2024
SDG&E,2026,2024,bundled,all,12,weekday,10,generation,0.059054,sdge_nbt2024
SDG&E,2026,2024,bundled,all,12,weekday,11,generation,0.058241,sdge_nbt2024
SDG&E,2026,2024,bundled,all,12,weekday,12,generation,0.056970,sdge_nbt2024
SDG&E,2026,2024,bundled,all,12,weekday,13,generation,0.056405,sdge_nbt2024
SDG&E,2026,2024,bundled,all,12,weekday,14,generation,0.056612,sdge_nbt2024
SDG&E,2026,2024,bundled,all,12,weekday,15,generation,0.058446,sdge_nbt2024
SDG&E,2026,2024,bundled,all,12,weekday,16,generation,0.063205,sdge_nbt2024
SDG&E,2026,2024,bundled,all,12,weekday,17,generation,0.062304,sdge_nbt2024
SDG&E,2026,2024,bundled,all,12,weekday,18,generation,0.061986,sdge_nbt2024
SDG&E,2026,2024,bundled,all,12,weekday,19,generation,0.063693,sdge_nbt2024
SDG&E,2026,2024,bundled,all,12,weekday,20,generation,0.064481,sdge_nbt2024
SDG&E,2026,2024,bundled,all,12,weekday,21,generation,0.062332,sdge_nbt2024
SDG&E,2026,2024,bundled,all,12,weekday,22,generation,0.056427,sdge_nbt2024
SDG&E,2026,2024,bundled,all,12,weekday,23,generation,0.056261,sdge_nbt2024
SDG&E,2026,2024,bundled,all,12,weekend_holiday,0,generation,0.056101,sdge_nbt2024
SDG&E,2026,2024,bundled,all,12,weekend_holiday,1,generation,0.055672,sdge_nbt2024
SDG&E,2026,2024,bundled,all,12,weekend_holiday,2,generation,0.055582,sdge_nbt2024
SDG&E,2026,2024,bundled,all,12,weekend_holiday,3,generation,0.055359,sdge_nbt2024
SDG&E,2026,2024,bundled,all,12,weekend_holiday,4,generation,0.055052,sdge_nbt2024
SDG&E,2026,2024,bundled,all,12,weekend_holiday,5,generation,0.055019,sdge_nbt2024
SDG&E,2026,2024,bundled,all,12,weekend_holiday,6,generation,0.055257,sdge_nbt2024
SDG&E,2026,2024,bundled,all,12,weekend_holiday,7,generation,0.053487,sdge_nbt2024
SDG&E,2026,2024,bundled,all,12,weekend_holiday,8,generation,0.052019,sdge_nbt2024
SDG&E,2026,2024,bundled,all,12,weekend_holiday,9,generation,0.051893,sdge_nbt2024
SDG&E,2026,2024,bundled,all,12,weekend_holiday,10,generation,0.052326,sdge_nbt2024
SDG&E,2026,2024,bundled,all,12,weekend_holiday,11,generation,0.051809,sdge_nbt2024
SDG&E,2026,2024,bundled,all,12,weekend_holiday,12,generation,0.050305,sdge_nbt2024
SDG&E,2026,2024,bundled,all,12,weekend_holiday,13,generation,0.050249,sdge_nbt2024
SDG&E,2026,2024,bundled,all,12,weekend_holiday,14,generation,0.050255,sdge_nbt2024
SDG&E,2026,2024,bundled,all,12,weekend_holiday,15,generation,0.051098,sdge_nbt2024
SDG&E,2026,2024,bundled,all,12,weekend_holiday,16,generation,0.057522,sdge_nbt2024
SDG&E,2026,2024,bundled,all,12,weekend_holiday,17,generation,0.061833,sdge_nbt2024
SDG&E,2026,2024,bundled,all,12,weekend_holiday,18,generation,0.063451,sdge_nbt2024
SDG&E,2026,2024,bundled,all,12,weekend_holiday,19,generation,0.063530,sdge_nbt2024
SDG&E,2026,2024,bundled,all,12,weekend_holiday,20,generation,0.061010,sdge_nbt2024
SDG&E,2026,2024,bundled,all,12,weekend_holiday,21,generation,0.057642,sdge_nbt2024
SDG&E,2026,2024,bundled,all,12,weekend_holiday,22,generation,0.056817,sdge_nbt2024
SDG&E,2026,2024,bundled,all,12,weekend_holiday,23,generation,0.057310,sdge_nbt2024
SDG&E,2026,2024,bundled,all,1,weekday,0,total,0.059033,sdge_nbt2024
SDG&E,2026,2024,bundled,all,1,weekday,1,total,0.059367,sdge_nbt2024
SDG&E,2026,2024,bundled,all,1,weekday,2,total,0.058586,sdge_nbt2024
SDG&E,2026,2024,bundled,all,1,weekday,3,total,0.058161,sdge_nbt2024
SDG&E,2026,2024,bundled,all,1,weekday,4,total,0.058723,sdge_nbt2024
SDG&E,2026,2024,bundled,all,1,weekday,5,total,0.059445,sdge_nbt2024
SDG&E,2026,2024,bundled,all,1,weekday,6,total,0.062015,sdge_nbt2024
SDG&E,2026,2024,bundled,all,1,weekday,7,total,0.063336,sdge_nbt2024
SDG&E,2026,2024,bundled,all,1,weekday,8,total,0.062698,sdge_nbt2024
SDG&E,2026,2024,bundled,all,1,weekday,9,total,0.063502,sdge_nbt2024
SDG&E,2026,2024,bundled,all,1,weekday,10,total,0.061957,sdge_nbt2024
SDG&E,2026,2024,bundled,all,1,weekday,11,total,0.060867,sdge_nbt2024
SDG&E,2026,2024,bundled,all,1,weekday,12,total,0.060443,sdge_nbt2024
SDG&E,2026,2024,bundled,all,1,weekday,13,total,0.059803,sdge_nbt2024
SDG&E,2026,2024,bundled,all,1,weekday,14,total,0.059433,sdge_nbt2024
SDG&E,2026,2024,bundled,all,1,weekday,15,total,0.061244,sdge_nbt2024
SDG&E,2026,2024,bundled,all,1,weekday,16,total,0.066992,sdge_nbt2024
SDG&E,2026,2024,bundled,all,1,weekday,17,total,0.066787,sdge_nbt2024
SDG&E,2026,2024,bundled,all,1,weekday,18,total,0.066225,sdge_nbt2024
SDG&E,2026,2024,bundled,all,1,weekday,19,total,0.066745,sdge_nbt2024
SDG&E,2026,2024,bundled,all,1,weekday,20,total,0.066608,sdge_nbt2024
SDG&E,2026,2024,bundled,all,1,weekday,21,total,0.066149,sdge_nbt2024
SDG&E,2026,2024,bundled,all,1,weekday,22,total,0.060866,sdge_nbt2024
SDG&E,2026,2024,bundled,all,1,weekday,23,total,0.059664,sdge_nbt2024
SDG&E,2026,2024,bundled,all,1,weekend_holiday,0,total,0.058019,sdge_nbt2024
SDG&E,2026,2024,bundled,all,1,weekend_holiday,1,total,0.056908,sdge_nbt2024
SDG&E,2026,2024,bundled,all,1,weekend_holiday,2,total,0.057361,sdge_nbt2024
SDG&E,2026,2024,bundled,all,1,weekend_holiday,3,total,0.056379,sdge_nbt2024
SDG&E,2026,2024,bundled,all,1,weekend_holiday,4,total,0.056084,sdge_nbt2024
SDG&E,2026,2024,bundled,all,1,weekend_holiday,5,total,0.053807,sdge_nbt2024
SDG&E,2026,2024,bundled,all,1,weekend_holiday,6,total,0.055035,sdge_nbt2024
SDG&E,2026,2024,bundled,all,1,weekend_holiday,7,total,0.056278,sdge_nbt2024
SDG&E,2026,2024,bundled,all,1,weekend_holiday,8,total,0.050914,sdge_nbt2024
SDG&E,2026,2024,bundled,all,1,weekend_holiday,9,total,0.048603,sdge_nbt2024
SDG&E,2026,2024,bundled,all,1,weekend_holiday,10,total,0.048392,sdge_nbt2024
SDG&E,2026,2024,bundled,all,1,weekend_holiday,11,total,0.047876,sdge_nbt2024
SDG&E,2026,2024,bundled,all,1,weekend_holiday,12,total,0.046180,sdge_nbt2024
SDG&E,2026,2024,bundled,all,1,weekend_holiday,13,total,0.047655,sdge_nbt2024
SDG&E,2026,2024,bundled,all,1,weekend_holiday,14,total,0.049811,sdge_nbt2024
SDG&E,2026,2024,bundled,all,1,weekend_holiday,15,total,0.051466,sdge_nbt2024
SDG&E,2026,2024,bundled,all,1,weekend_holiday,16,total,0.060688,sdge_nbt2024
SDG&E,2026,2024,bundled,all,1,weekend_holiday,17,total,0.065896,sdge_nbt2024
SDG&E,2026,2024,bundled,all,1,weekend_holiday,18,total,0.066233,sdge_nbt2024
SDG&E,2026,2024,bundled,all,1,weekend_holiday,19,total,0.066403,sdge_nbt2024
SDG&E,2026,2024,bundled,all,1,weekend_holiday,20,total,0.066618,sdge_nbt2024
SDG&E,2026,2024,bundled,all,1,weekend_holiday,21,total,0.065257,sdge_nbt2024
SDG&E,2026,2024,bundled,all,1,weekend_holiday,22,total,0.060544,sdge_nbt2024
SDG&E,2026,2024,bundled,all,1,weekend_holiday,23,total,0.059103,sdge_nbt2024
SDG&E,2026,2024,bundled,all,2,weekday,0,total,0.061405,sdge_nbt2024
SDG&E,2026,2024,bundled,all,2,weekday,1,total,0.061109,sdge_nbt2024
SDG&E,2026,2024,bundled,all,2,weekday,2,total,0.060471,sdge_nbt2024
SDG&E,2026,2024,bundled,all,2,weekday,3,total,0.060292,sdge_nbt2024
SDG&E,2026,2024,bundled,all,2,weekday,4,total,0.060980,sdge_nbt2024
SDG&E,2026,2024,bundled,all,2,weekday,5,total,0.061858,sdge_nbt2024
SDG&E,2026,2024,bundled,all,2,weekday,6,total,0.065529,sdge_nbt2024
SDG&E,2026,2024,bundled,all,2,weekday,7,total,0.067665,sdge_nbt2024
SDG&E,2026,2024,bundled,all,2,weekday,8,total,0.059288,sdge_nbt2024
SDG&E,2026,2024,bundled,all,2,weekday,9,total,0.057354,sdge_nbt2024
SDG&E,2026,2024,bundled,all,2,weekday,10,total,0.055228,sdge_nbt2024
SDG&E,2026,2024,bundled,all,2,weekday,11,total,0.052400,sdge_nbt2024
SDG&E,2026,2024,bundled,all,2,weekday,12,total,0.051535,sdge_nbt2024
SDG&E,2026,2024,bundled,all,2,weekday,13,total,0.049897,sdge_nbt2024
SDG&E,2026,2024,bundled,all,2,weekday,14,total,0.050922,sdge_nbt2024
SDG&E,2026,2024,bundled,all,2,weekday,15,total,0.054838,sdge_nbt2024
SDG&E,2026,2024,bundled,all,2,weekday,16,total,0.070129,sdge_nbt2024
SDG&E,2026,2024,bundled,all,2,weekday,17,total,0.071727,sdge_nbt2024
SDG&E,2026,2024,bundled,all,2,weekday,18,total,0.068211,sdge_nbt2024
SDG&E,2026,2024,bundled,all,2,weekday,19,total,0.069171,sdge_nbt2024
SDG&E,2026,2024,bundled,all,2,weekday,20,total,0.068540,sdge_nbt2024
SDG&E,2026,2024,bundled,all,2,weekday,21,total,0.071599,sdge_nbt2024
SDG&E,2026,2024,bundled,all,2,weekday,22,total,0.065077,sdge_nbt2024
SDG&E,2026,2024,bundled,all,2,weekday,23,total,0.062507,sdge_nbt2024
SDG&E,2026,2024,bundled,all,2,weekend_holiday,0,total,0.060337,sdge_nbt2024
SDG&E,2026,2024,bundled,all,2,weekend_holiday,1,total,0.060037,sdge_nbt2024
SDG&E,2026,2024,bundled,all,2,weekend_holiday,2,total,0.059048,sdge_nbt2024
SDG&E,2026,2024,bundled,all,2,weekend_holiday,3,total,0.058560,sdge_nbt2024
SDG&E,2026,2024,bundled,all,2,weekend_holiday,4,total,0.058811,sdge_nbt2024
SDG&E,2026,2024,bundled,all,2,weekend_holiday,5,total,0.059373,sdge_nbt2024
SDG&E,2026,2024,bundled,all,2,weekend_holiday,6,total,0.063250,sdge_nbt2024
SDG&E,2026,2024,bundled,all,2,weekend_holiday,7,total,0.054265,sdge_nbt2024
SDG&E,2026,2024,bundled,all,2,weekend_holiday,8,total,0.036076,sdge_nbt2024
SDG&E,2026,2024,bundled,all,2,weekend_holiday,9,total,0.033529,sdge_nbt2024
SDG&E,2026,2024,bundled,all,2,weekend_holiday,10,total,0.033281,sdge_nbt2024
SDG&E,2026,2024,bundled,all,2,weekend_holiday,11,total,0.031415,sdge_nbt2024
SDG&E,2026,2024,bundled,all,2,weekend_holiday,12,total,0.032327,sdge_nbt2024
SDG&E,2026,2024,bundled,all,2,weekend_holiday,13,total,0.033330,sdge_nbt2024
SDG&E,2026,2024,bundled,all,2,weekend_holiday,14,total,0.034034,sdge_nbt2024
SDG&E,2026,2024,bundled,all,2,weekend_holiday,15,total,0.033912,sdge_nbt2024
SDG&E,2026,2024,bundled,all,2,weekend_holiday,16,total,0.062974,sdge_nbt2024
SDG&E,2026,2024,bundled,all,2,weekend_holiday,17,total,0.073280,sdge_nbt2024
SDG&E,2026,2024,bundled,all,2,weekend_holiday,18,total,0.073489,sdge_nbt2024
SDG&E,2026,2024,bundled,all,2,weekend_holiday,19,total,0.072799,sdge_nbt2024
SDG&E,2026,2024,bundled,all,2,weekend_holiday,20,total,0.072994,sdge_nbt2024
SDG&E,2026,2024,bundled,all,2,weekend_holiday,21,total,0.073087,sdge_nbt2024
SDG&E,2026,2024,bundled,all,2,weekend_holiday,22,total,0.064239,sdge_nbt2024
SDG&E,2026,2024,bundled,all,2,weekend_holiday,23,total,0.065952,sdge_nbt2024
SDG&E,2026,2024,bundled,all,3,weekday,0,total,0.054727,sdge_nbt2024
SDG&E,2026,2024,bundled,all,3,weekday,1,total,0.051545,sdge_nbt2024
SDG&E,2026,2024,bundled,all,3,weekday,2,total,0.053641,sdge_nbt2024
SDG&E,2026,2024,bundled,all,3,weekday,3,total,0.052973,sdge_nbt2024
SDG&E,2026,2024,bundled,all,3,weekday,4,total,0.053008,sdge_nbt2024
SDG&E,2026,2024,bundled,all,3,weekday,5,total,0.052852,sdge_nbt2024
SDG&E,2026,2024,bundled,all,3,weekday,6,total,0.057721,sdge_nbt2024
SDG&E,2026,2024,bundled,all,3,weekday,7,total,0.058136,sdge_nbt2024
SDG&E,2026,2024,bundled,all,3,weekday,8,total,0.050521,sdge_nbt2024
SDG&E,2026,2024,bundled,all,3,weekday,9,total,0.042775,sdge_nbt2024
SDG&E,2026,2024,bundled,all,3,weekday,10,total,0.041091,sdge_nbt2024
SDG&E,2026,2024,bundled,all,3,weekday,11,total,0.039142,sdge_nbt2024
SDG&E,2026,2024,bundled,all,3,weekday,12,total,0.037444,sdge_nbt2024
SDG&E,2026,2024,bundled,all,3,weekday,13,total,0.036386,sdge_nbt2024
SDG&E,2026,2024,bundled,all,3,weekday,14,total,0.036785,sdge_nbt2024
SDG&E,2026,2024,bundled,all,3,weekday,15,total,0.036728,sdge_nbt2024
SDG&E,2026,2024,bundled,all,3,weekday,16,total,0.041689,sdge_nbt2024
SDG&E,2026,2024,bundled,all,3,weekday,17,total,0.054961,sdge_nbt2024
SDG&E,2026,2024,bundled,all,3,weekday,18,total,0.067758,sdge_nbt2024
SDG&E,2026,2024,bundled,all,3,weekday,19,total,0.068320,sdge_nbt2024
SDG&E,2026,2024,bundled,all,3,weekday,20,total,0.065447,sdge_nbt2024
SDG&E,2026,2024,bundled,all,3,weekday,21,total,0.064782,sdge_nbt2024
SDG&E,2026,2024,bundled,all,3,weekday,22,total,0.063392,sdge_nbt2024
SDG&E,2026,2024,bundled,all,3,weekday,23,total,0.055002,sdge_nbt2024
SDG&E,2026,2024,bundled,all,3,weekend_holiday,0,total,0.051628,sdge_nbt2024
SDG&E,2026,2024,bundled,all,3,weekend_holiday,1,total,0.051679,sdge_nbt2024
SDG&E,2026,2024,bundled,all,3,weekend_holiday,2,total,0.054494,sdge_nbt2024
SDG&E,2026,2024,bundled,all,3,weekend_holiday,3,total,0.052004,sdge_nbt2024
SDG&E,2026,2024,bundled,all,3,weekend_holiday,4,total,0.051045,sdge_nbt2024
SDG&E,2026,2024,bundled,all,3,weekend_holiday,5,total,0.049952,sdge_nbt2024
SDG&E,2026,2024,bundled,all,3,weekend_holiday,6,total,0.048754,sdge_nbt2024
SDG&E,2026,2024,bundled,all,3,weekend_holiday,7,total,0.039342,sdge_nbt2024
SDG&E,2026,2024,bundled,all,3,weekend_holiday,8,total,0.019190,sdge_nbt2024
SDG&E,2026,2024,bundled,all,3,weekend_holiday,9,total,0.015650,sdge_nbt2024
SDG&E,2026,2024,bundled,all,3,weekend_holiday,10,total,0.013687,sdge_nbt2024
SDG&E,2026,2024,bundled,all,3,weekend_holiday,11,total,0.013703,sdge_nbt2024
SDG&E,2026,2024,bundled,all,3,weekend_holiday,12,total,0.014086,sdge_nbt2024
SDG&E,2026,2024,bundled,all,3,weekend_holiday,13,total,0.008441,sdge_nbt2024
SDG&E,2026,2024,bundled,all,3,weekend_holiday,14,total,0.007341,sdge_nbt2024
SDG&E,2026,2024,bundled,all,3,weekend_holiday,15,total,0.009912,sdge_nbt2024
SDG&E,2026,2024,bundled,all,3,weekend_holiday,16,total,0.013212,sdge_nbt2024
SDG&E,2026,2024,bundled,all,3,weekend_holiday,17,total,0.047439,sdge_nbt2024
SDG&E,2026,2024,bundled,all,3,weekend_holiday,18,total,0.070384,sdge_nbt2024
SDG&E,2026,2024,bundled,all,3,weekend_holiday,19,total,0.071626,sdge_nbt2024
SDG&E,2026,2024,bundled,all,3,weekend_holiday,20,total,0.069747,sdge_nbt2024
SDG&E,2026,2024,bundled,all,3,weekend_holiday,21,total,0.067984,sdge_nbt2024
SDG&E,2026,2024,bundled,all,3,weekend_holiday,22,total,0.065810,sdge_nbt2024
SDG&E,2026,2024,bundled,all,3,weekend_holiday,23,total,0.060762,sdge_nbt2024
SDG&E,2026,2024,bundled,all,4,weekday,0,total,0.062302,sdge_nbt2024
SDG&E,2026,2024,bundled,all,4,weekday,1,total,0.055443,sdge_nbt2024
SDG&E,2026,2024,bundled,all,4,weekday,2,total,0.052377,sdge_nbt2024
SDG&E,2026,2024,bundled,all,4,weekday,3,total,0.051120,sdge_nbt2024
SDG&E,2026,2024,bundled,all,4,weekday,4,total,0.052492,sdge_nbt2024
SDG&E,2026,2024,bundled,all,4,weekday,5,total,0.055661,sdge_nbt2024
SDG&E,2026,2024,bundled,all,4,weekday,6,total,0.058477,sdge_nbt2024
SDG&E,2026,2024,bundled,all,4,weekday,7,total,0.048283,sdge_nbt2024
SDG&E,2026,2024,bundled,all,4,weekday,8,total,0.014406,sdge_nbt2024
SDG&E,2026,2024,bundled,all,4,weekday,9,total,0.013068,sdge_nbt2024
SDG&E,2026,2024,bundled,all,4,weekday,10,total,0.011765,sdge_nbt2024
SDG&E,2026,2024,bundled,all,4,weekday,11,total,0.011035,sdge_nbt2024
SDG&E,2026,2024,bundled,all,4,weekday,12,total,0.010924,sdge_nbt2024
SDG&E,2026,2024,bundled,all,4,weekday,13,total,0.009882,sdge_nbt2024
SDG&E,2026,2024,bundled,all,4,weekday,14,total,0.010502,sdge_nbt2024
SDG&E,2026,2024,bundled,all,4,weekday,15,total,0.007831,sdge_nbt2024
SDG&E,2026,2024,bundled,all,4,weekday,16,total,0.011684,sdge_nbt2024
SDG&E,2026,2024,bundled,all,4,weekday,17,total,0.027061,sdge_nbt2024
SDG&E,2026,2024,bundled,all,4,weekday,18,total,0.066540,sdge_nbt2024
SDG&E,2026,2024,bundled,all,4,weekday,19,total,0.062338,sdge_nbt2024
SDG&E,2026,2024,bundled,all,4,weekday,20,total,0.059504,sdge_nbt2024
SDG&E,2026,2024,bundled,all,4,weekday,21,total,0.059576,sdge_nbt2024
SDG&E,2026,2024,bundled,all,4,weekday,22,total,0.059063,sdge_nbt2024
SDG&E,2026,2024,bundled,all,4,weekday,23,total,0.058076,sdge_nbt2024
SDG&E,2026,2024,bundled,all,4,weekend_holiday,0,total,0.053934,sdge_nbt2024
SDG&E,2026,2024,bundled,all,4,weekend_holiday,1,total,0.050700,sdge_nbt2024
SDG&E,2026,2024,bundled,all,4,weekend_holiday,2,total,0.042856,sdge_nbt2024
SDG&E,2026,2024,bundled,all,4,weekend_holiday,3,total,0.039569,sdge_nbt2024
SDG&E,2026,2024,bundled,all,4,weekend_holiday,4,total,0.039634,sdge_nbt2024
SDG&E,2026,2024,bundled,all,4,weekend_holiday,5,total,0.045217,sdge_nbt2024
SDG&E,2026,2024,bundled,all,4,weekend_holiday,6,total,0.053954,sdge_nbt2024
SDG&E,2026,2024,bundled,all,4,weekend_holiday,7,total,0.025218,sdge_nbt2024
SDG&E,2026,2024,bundled,all,4,weekend_holiday,8,total,0.005799,sdge_nbt2024
SDG&E,2026,2024,bundled,all,4,weekend_holiday,9,total,0.005786,sdge_nbt2024
SDG&E,2026,2024,bundled,all,4,weekend_holiday,10,total,0.005789,sdge_nbt2024
SDG&E,2026,2024,bundled,all,4,weekend_holiday,11,total,0.005786,sdge_nbt2024
SDG&E,2026,2024,bundled,all,4,weekend_holiday,12,total,0.009785,sdge_nbt2024
SDG&E,2026,2024,bundled,all,4,weekend_holiday,13,total,0.007054,sdge_nbt2024
SDG&E,2026,2024,bundled,all,4,weekend_holiday,14,total,0.003970,sdge_nbt2024
SDG&E,2026,2024,bundled,all,4,weekend_holiday,15,total,0.002056,sdge_nbt2024
SDG&E,2026,2024,bundled,all,4,weekend_holiday,16,total,0.000312,sdge_nbt2024
SDG&E,2026,2024,bundled,all,4,weekend_holiday,17,total,0.003548,sdge_nbt2024
SDG&E,2026,2024,bundled,all,4,weekend_holiday,18,total,0.071260,sdge_nbt2024
SDG&E,2026,2024,bundled,all,4,weekend_holiday,19,total,0.058396,sdge_nbt2024
SDG&E,2026,2024,bundled,all,4,weekend_holiday,20,total,0.055932,sdge_nbt2024
SDG&E,2026,2024,bundled,all,4,weekend_holiday,21,total,0.056268,sdge_nbt2024
SDG&E,2026,2024,bundled,all,4,weekend_holiday,22,total,0.056827,sdge_nbt2024
SDG&E,2026,2024,bundled,all,4,weekend_holiday,23,total,0.062284,sdge_nbt2024
SDG&E,2026,2024,bundled,all,5,weekday,0,total,0.065664,sdge_nbt2024
SDG&E,2026,2024,bundled,all,5,weekday,1,total,0.060074,sdge_nbt2024
SDG&E,2026,2024,bundled,all,5,weekday,2,total,0.059305,sdge_nbt2024
SDG&E,2026,2024,bundled,all,5,weekday,3,total,0.058912,sdge_nbt2024
SDG&E,2026,2024,bundled,all,5,weekday,4,total,0.060060,sdge_nbt2024
SDG&E,2026,2024,bundled,all,5,weekday,5,total,0.063157,sdge_nbt2024
SDG&E,2026,2024,bundled,all,5,weekday,6,total,0.065161,sdge_nbt2024
SDG&E,2026,2024,bundled,all,5,weekday,7,total,0.047460,sdge_nbt2024
SDG&E,2026,2024,bundled,all,5,weekday,8,total,0.031890,sdge_nbt2024
SDG&E,2026,2024,bundled,all,5,weekday,9,total,0.031492,sdge_nbt2024
SDG&E,2026,2024,bundled,all,5,weekday,10,total,0.029585,sdge_nbt2024
SDG&E,2026,2024,bundled,all,5,weekday,11,total,0.028635,sdge_nbt2024
SDG&E,2026,2024,bundled,all,5,weekday,12,total,0.026593,sdge_nbt2024
SDG&E,2026,2024,bundled,all,5,weekday,13,total,0.026734,sdge_nbt2024
SDG&E,2026,2024,bundled,all,5,weekday,14,total,0.027348,sdge_nbt2024
SDG&E,2026,2024,bundled,all,5,weekday,15,total,0.027092,sdge_nbt2024
SDG&E,2026,2024,bundled,all,5,weekday,16,total,0.029996,sdge_nbt2024
SDG&E,2026,2024,bundled,all,5,weekday,17,total,0.043460,sdge_nbt2024
SDG&E,2026,2024,bundled,all,5,weekday,18,total,0.063588,sdge_nbt2024
SDG&E,2026,2024,bundled,all,5,weekday,19,total,0.063671,sdge_nbt2024
SDG&E,2026,2024,bundled,all,5,weekday,20,total,0.062619,sdge_nbt2024
SDG&E,2026,2024,bundled,all,5,weekday,21,total,0.062262,sdge_nbt2024
SDG&E,2026,2024,bundled,all,5,weekday,22,total,0.062899,sdge_nbt2024
SDG&E,2026,2024,bundled,all,5,weekday,23,total,0.063092,sdge_nbt2024
SDG&E,2026,2024,bundled,all,5,weekend_holiday,0,total,0.062208,sdge_nbt2024
SDG&E,2026,2024,bundled,all,5,weekend_holiday,1,total,0.059123,sdge_nbt2024
SDG&E,2026,2024,bundled,all,5,weekend_holiday,2,total,0.057648,sdge_nbt2024
SDG&E,2026,2024,bundled,all,5,weekend_holiday,3,total,0.056114,sdge_nbt2024
SDG&E,2026,2024,bundled,all,5,weekend_holiday,4,total,0.057774,sdge_nbt2024
SDG&E,2026,2024,bundled,all,5,weekend_holiday,5,total,0.058710,sdge_nbt2024
SDG&E,2026,2024,bundled,all,5,weekend_holiday,6,total,0.050628,sdge_nbt2024
SDG&E,2026,2024,bundled,all,5,weekend_holiday,7,total,0.011696,sdge_nbt2024
SDG&E,2026,2024,bundled,all,5,weekend_holiday,8,total,0.009200,sdge_nbt2024
SDG&E,2026,2024,bundled,all,5,weekend_holiday,9,total,0.009200,sdge_nbt2024
SDG&E,2026,2024,bundled,all,5,weekend_holiday,10,total,0.009084,sdge_nbt2024
SDG&E,2026,2024,bundled,all,5,weekend_holiday,11,total,0.009056,sdge_nbt2024
SDG&E,2026,2024,bundled,all,5,weekend_holiday,12,total,0.009359,sdge_nbt2024
SDG&E,2026,2024,bundled,all,5,weekend_holiday,13,total,0.010803,sdge_nbt2024
SDG&E,2026,2024,bundled,all,5,weekend_holiday,14,total,0.008740,sdge_nbt2024
SDG&E,2026,2024,bundled,all,5,weekend_holiday,15,total,0.007445,sdge_nbt2024
SDG&E,2026,2024,bundled,all,5,weekend_holiday,16,total,0.004861,sdge_nbt2024
SDG&E,2026,2024,bundled,all,5,weekend_holiday,17,total,0.013091,sdge_nbt2024
SDG&E,2026,2024,bundled,all,5,weekend_holiday,18,total,0.061293,sdge_nbt2024
SDG&E,2026,2024,bundled,all,5,weekend_holiday,19,total,0.063066,sdge_nbt2024
SDG&E,2026,2024,bundled,all,5,weekend_holiday,20,total,0.061931,sdge_nbt2024
SDG&E,2026,2024,bundled,all,5,weekend_holiday,21,total,0.062663,sdge_nbt2024
SDG&E,2026,2024,bundled,all,5,weekend_holiday,22,total,0.064713,sdge_nbt2024
SDG&E,2026,2024,bundled,all,5,weekend_holiday,23,total,0.063523,sdge_nbt2024
SDG&E,2026,2024,bundled,all,6,weekday,0,total,0.057626,sdge_nbt2024
SDG&E,2026,2024,bundled,all,6,weekday,1,total,0.052476,sdge_nbt2024
SDG&E,2026,2024,bundled,all,6,weekday,2,total,0.052747,sdge_nbt2024
SDG&E,2026,2024,bundled,all,6,weekday,3,total,0.053229,sdge_nbt2024
SDG&E,2026,2024,bundled,all,6,weekday,4,total,0.052727,sdge_nbt2024
SDG&E,2026,2024,bundled,all,6,weekday,5,total,0.053540,sdge_nbt2024
SDG&E,2026,2024,bundled,all,6,weekday,6,total,0.054072,sdge_nbt2024
SDG&E,2026,2024,bundled,all,6,weekday,7,total,0.055064,sdge_nbt2024
SDG&E,2026,2024,bundled,all,6,weekday,8,total,0.055229,sdge_nbt2024
SDG&E,2026,2024,bundled,all,6,weekday,9,total,0.056199,sdge_nbt2024
SDG&E,2026,2024,bundled,all,6,weekday,10,total,0.054767,sdge_nbt2024
SDG&E,2026,2024,bundled,all,6,weekday,11,total,0.053806,sdge_nbt2024
SDG&E,2026,2024,bundled,all,6,weekday,12,total,0.053358,sdge_nbt2024
SDG&E,2026,2024,bundled,all,6,weekday,13,total,0.053305,sdge_nbt2024
SDG&E,2026,2024,bundled,all,6,weekday,14,total,0.053389,sdge_nbt2024
SDG&E,2026,2024,bundled,all,6,weekday,15,total,0.054140,sdge_nbt2024
SDG&E,2026,2024,bundled,all,6,weekday,16,total,0.055395,sdge_nbt2024
SDG&E,2026,2024,bundled,all,6,weekday,17,total,0.420398,sdge_nbt2024
SDG&E,2026,2024,bundled,all,6,weekday,18,total,0.423794,sdge_nbt2024
SDG&E,2026,2024,bundled,all,6,weekday,19,total,0.192794,sdge_nbt2024
SDG&E,2026,2024,bundled,all,6,weekday,20,total,0.077827,sdge_nbt2024
SDG&E,2026,2024,bundled,all,6,weekday,21,total,0.070348,sdge_nbt2024
SDG&E,2026,2024,bundled,all,6,weekday,22,total,0.069465,sdge_nbt2024
SDG&E,2026,2024,bundled,all,6,weekday,23,total,0.061798,sdge_nbt2024
SDG&E,2026,2024,bundled,all,6,weekend_holiday,0,total,0.058300,sdge_nbt2024
SDG&E,2026,2024,bundled,all,6,weekend_holiday,1,total,0.054212,sdge_nbt2024
SDG&E,2026,2024,bundled,all,6,weekend_holiday,2,total,0.055422,sdge_nbt2024
SDG&E,2026,2024,bundled,all,6,weekend_holiday,3,total,0.056823,sdge_nbt2024
SDG&E,2026,2024,bundled,all,6,weekend_holiday,4,total,0.056309,sdge_nbt2024
SDG&E,2026,2024,bundled,all,6,weekend_holiday,5,total,0.056064,sdge_nbt2024
SDG&E,2026,2024,bundled,all,6,weekend_holiday,6,total,0.058170,sdge_nbt2024
SDG&E,2026,2024,bundled,all,6,weekend_holiday,7,total,0.047456,sdge_nbt2024
SDG&E,2026,2024,bundled,all,6,weekend_holiday,8,total,0.038447,sdge_nbt2024
SDG&E,2026,2024,bundled,all,6,weekend_holiday,9,total,0.039422,sdge_nbt2024
SDG&E,2026,2024,bundled,all,6,weekend_holiday,10,total,0.040587,sdge_nbt2024
SDG&E,2026,2024,bundled,all,6,weekend_holiday,11,total,0.038883,sdge_nbt2024
SDG&E,2026,2024,bundled,all,6,weekend_holiday,12,total,0.036511,sdge_nbt2024
SDG&E,2026,2024,bundled,all,6,weekend_holiday,13,total,0.034324,sdge_nbt2024
SDG&E,2026,2024,bundled,all,6,weekend_holiday,14,total,0.034599,sdge_nbt2024
SDG&E,2026,2024,bundled,all,6,weekend_holiday,15,total,0.036793,sdge_nbt2024
SDG&E,2026,2024,bundled,all,6,weekend_holiday,16,total,0.037472,sdge_nbt2024
SDG&E,2026,2024,bundled,all,6,weekend_holiday,17,total,0.063211,sdge_nbt2024
SDG&E,2026,2024,bundled,all,6,weekend_holiday,18,total,0.071504,sdge_nbt2024
SDG&E,2026,2024,bundled,all,6,weekend_holiday,19,total,0.072801,sdge_nbt2024
SDG&E,2026,2024,bundled,all,6,weekend_holiday,20,total,0.074195,sdge_nbt2024
SDG&E,2026,2024,bundled,all,6,weekend_holiday,21,total,0.074259,sdge_nbt2024
SDG&E,2026,2024,bundled,all,6,weekend_holiday,22,total,0.072892,sdge_nbt2024
SDG&E,2026,2024,bundled,all,6,weekend_holiday,23,total,0.072218,sdge_nbt2024
SDG&E,2026,2024,bundled,all,7,weekday,0,total,0.064280,sdge_nbt2024
SDG&E,2026,2024,bundled,all,7,weekday,1,total,0.055837,sdge_nbt2024
SDG&E,2026,2024,bundled,all,7,weekday,2,total,0.055593,sdge_nbt2024
SDG&E,2026,2024,bundled,all,7,weekday,3,total,0.055697,sdge_nbt2024
SDG&E,2026,2024,bundled,all,7,weekday,4,total,0.055730,sdge_nbt2024
SDG&E,2026,2024,bundled,all,7,weekday,5,total,0.055758,sdge_nbt2024
SDG&E,2026,2024,bundled,all,7,weekday,6,total,0.056098,sdge_nbt2024
SDG&E,2026,2024,bundled,all,7,weekday,7,total,0.057734,sdge_nbt2024
SDG&E,2026,2024,bundled,all,7,weekday,8,total,0.059105,sdge_nbt2024
SDG&E,2026,2024,bundled,all,7,weekday,9,total,0.061884,sdge_nbt2024
SDG&E,2026,2024,bundled,all,7,weekday,10,total,0.061448,sdge_nbt2024
SDG&E,2026,2024,bundled,all,7,weekday,11,total,0.060491,sdge_nbt2024
SDG&E,2026,2024,bundled,all,7,weekday,12,total,0.060049,sdge_nbt2024
SDG&E,2026,2024,bundled,all,7,weekday,13,total,0.060498,sdge_nbt2024
SDG&E,2026,2024,bundled,all,7,weekday,14,total,0.060413,sdge_nbt2024
SDG&E,2026,2024,bundled,all,7,weekday,15,total,0.060289,sdge_nbt2024
SDG&E,2026,2024,bundled,all,7,weekday,16,total,0.063383,sdge_nbt2024
SDG&E,2026,2024,bundled,all,7,weekday,17,total,0.195864,sdge_nbt2024
SDG&E,2026,2024,bundled,all,7,weekday,18,total,0.308001,sdge_nbt2024
SDG&E,2026,2024,bundled,all,7,weekday,19,total,0.549231,sdge_nbt2024
SDG&E,2026,2024,bundled,all,7,weekday,20,total,0.178145,sdge_nbt2024
SDG&E,2026,2024,bundled,all,7,weekday,21,total,0.076315,sdge_nbt2024
SDG&E,2026,2024,bundled,all,7,weekday,22,total,0.074016,sdge_nbt2024
SDG&E,2026,2024,bundled,all,7,weekday,23,total,0.062048,sdge_nbt2024
SDG&E,2026,2024,bundled,all,7,weekend_holiday,0,total,0.062569,sdge_nbt2024
SDG&E,2026,2024,bundled,all,7,weekend_holiday,1,total,0.058101,sdge_nbt2024
SDG&E,2026,2024,bundled,all,7,weekend_holiday,2,total,0.057611,sdge_nbt2024
SDG&E,2026,2024,bundled,all,7,weekend_holiday,3,total,0.056682,sdge_nbt2024
SDG&E,2026,2024,bundled,all,7,weekend_holiday,4,total,0.056477,sdge_nbt2024
SDG&E,2026,2024,bundled,all,7,weekend_holiday,5,total,0.056159,sdge_nbt2024
SDG&E,2026,2024,bundled,all,7,weekend_holiday,6,total,0.056115,sdge_nbt2024
SDG&E,2026,2024,bundled,all,7,weekend_holiday,7,total,0.043221,sdge_nbt2024
SDG&E,2026,2024,bundled,all,7,weekend_holiday,8,total,0.041742,sdge_nbt2024
SDG&E,2026,2024,bundled,all,7,weekend_holiday,9,total,0.041134,sdge_nbt2024
SDG&E,2026,2024,bundled,all,7,weekend_holiday,10,total,0.039817,sdge_nbt2024
SDG&E,2026,2024,bundled,all,7,weekend_holiday,11,total,0.035851,sdge_nbt2024
SDG&E,2026,2024,bundled,all,7,weekend_holiday,12,total,0.034312,sdge_nbt2024
SDG&E,2026,2024,bundled,all,7,weekend_holiday,13,total,0.032265,sdge_nbt2024
SDG&E,2026,2024,bundled,all,7,weekend_holiday,14,total,0.034496,sdge_nbt2024
SDG&E,2026,2024,bundled,all,7,weekend_holiday,15,total,0.035372,sdge_nbt2024
SDG&E,2026,2024,bundled,all,7,weekend_holiday,16,total,0.036633,sdge_nbt2024
SDG&E,2026,2024,bundled,all,7,weekend_holiday,17,total,0.066860,sdge_nbt2024
SDG&E,2026,2024,bundled,all,7,weekend_holiday,18,total,0.110717,sdge_nbt2024
SDG&E,2026,2024,bundled,all,7,weekend_holiday,19,total,0.767030,sdge_nbt2024
SDG&E,2026,2024,bundled,all,7,weekend_holiday,20,total,0.261989,sdge_nbt2024
SDG&E,2026,2024,bundled,all,7,weekend_holiday,21,total,0.078122,sdge_nbt2024
SDG&E,2026,2024,bundled,all,7,weekend_holiday,22,total,0.075334,sdge_nbt2024
SDG&E,2026,2024,bundled,all,7,weekend_holiday,23,total,0.074424,sdge_nbt2024
SDG&E,2026,2024,bundled,all,8,weekday,0,total,0.064095,sdge_nbt2024
SDG&E,2026,2024,bundled,all,8,weekday,1,total,0.060870,sdge_nbt2024
SDG&E,2026,2024,bundled,all,8,weekday,2,total,0.059425,sdge_nbt2024
SDG&E,2026,2024,bundled,all,8,weekday,3,total,0.058886,sdge_nbt2024
SDG&E,2026,2024,bundled,all,8,weekday,4,total,0.058925,sdge_nbt2024
SDG&E,2026,2024,bundled,all,8,weekday,5,total,0.059449,sdge_nbt2024
SDG&E,2026,2024,bundled,all,8,weekday,6,total,0.059704,sdge_nbt2024
SDG&E,2026,2024,bundled,all,8,weekday,7,total,0.060589,sdge_nbt2024
SDG&E,2026,2024,bundled,all,8,weekday,8,total,0.063016,sdge_nbt2024
SDG&E,2026,2024,bundled,all,8,weekday,9,total,0.073160,sdge_nbt2024
SDG&E,2026,2024,bundled,all,8,weekday,10,total,0.071032,sdge_nbt2024
SDG&E,2026,2024,bundled,all,8,weekday,11,total,0.068576,sdge_nbt2024
SDG&E,2026,2024,bundled,all,8,weekday,12,total,0.067615,sdge_nbt2024
SDG&E,2026,2024,bundled,all,8,weekday,13,total,0.067980,sdge_nbt2024
SDG&E,2026,2024,bundled,all,8,weekday,14,total,0.192526,sdge_nbt2024
SDG&E,2026,2024,bundled,all,8,weekday,15,total,0.317167,sdge_nbt2024
SDG&E,2026,2024,bundled,all,8,weekday,16,total,0.565540,sdge_nbt2024
SDG&E,2026,2024,bundled,all,8,weekday,17,total,1.115045,sdge_nbt2024
SDG&E,2026,2024,bundled,all,8,weekday,18,total,1.424803,sdge_nbt2024
SDG&E,2026,2024,bundled,all,8,weekday,19,total,2.314067,sdge_nbt2024
SDG&E,2026,2024,bundled,all,8,weekday,20,total,0.962073,sdge_nbt2024
SDG&E,2026,2024,bundled,all,8,weekday,21,total,0.813178,sdge_nbt2024
SDG&E,2026,2024,bundled,all,8,weekday,22,total,0.614557,sdge_nbt2024
SDG&E,2026,2024,bundled,all,8,weekday,23,total,0.063347,sdge_nbt2024
SDG&E,2026,2024,bundled,all,8,weekend_holiday,0,total,0.060789,sdge_nbt2024
SDG&E,2026,2024,bundled,all,8,weekend_holiday,1,total,0.060296,sdge_nbt2024
SDG&E,2026,2024,bundled,all,8,weekend_holiday,2,total,0.057860,sdge_nbt2024
SDG&E,2026,2024,bundled,all,8,weekend_holiday,3,total,0.057554,sdge_nbt2024
SDG&E,2026,2024,bundled,all,8,weekend_holiday,4,total,0.057185,sdge_nbt2024
SDG&E,2026,2024,bundled,all,8,weekend_holiday,5,total,0.056758,sdge_nbt2024
SDG&E,2026,2024,bundled,all,8,weekend_holiday,6,total,0.055472,sdge_nbt2024
SDG&E,2026,2024,bundled,all,8,weekend_holiday,7,total,0.051826,sdge_nbt2024
SDG&E,2026,2024,bundled,all,8,weekend_holiday,8,total,0.054764,sdge_nbt2024
SDG&E,2026,2024,bundled,all,8,weekend_holiday,9,total,0.055752,sdge_nbt2024
SDG&E,2026,2024,bundled,all,8,weekend_holiday,10,total,0.056166,sdge_nbt2024
SDG&E,2026,2024,bundled,all,8,weekend_holiday,11,total,0.056264,sdge_nbt2024
SDG&E,2026,2024,bundled,all,8,weekend_holiday,12,total,0.055236,sdge_nbt2024
SDG&E,2026,2024,bundled,all,8,weekend_holiday,13,total,0.055116,sdge_nbt2024
SDG&E,2026,2024,bundled,all,8,weekend_holiday,14,total,0.054814,sdge_nbt2024
SDG&E,2026,2024,bundled,all,8,weekend_holiday,15,total,0.055582,sdge_nbt2024
SDG&E,2026,2024,bundled,all,8,weekend_holiday,16,total,0.058742,sdge_nbt2024
SDG&E,2026,2024,bundled,all,8,weekend_holiday,17,total,0.208658,sdge_nbt2024
SDG&E,2026,2024,bundled,all,8,weekend_holiday,18,total,0.499942,sdge_nbt2024
SDG&E,2026,2024,bundled,all,8,weekend_holiday,19,total,1.441894,sdge_nbt2024
SDG&E,2026,2024,bundled,all,8,weekend_holiday,20,total,0.540768,sdge_nbt2024
SDG&E,2026,2024,bundled,all,8,weekend_holiday,21,total,0.750717,sdge_nbt2024
SDG&E,2026,2024,bundled,all,8,weekend_holiday,22,total,0.570893,sdge_nbt2024
SDG&E,2026,2024,bundled,all,8,weekend_holiday,23,total,0.067811,sdge_nbt2024
SDG&E,2026,2024,bundled,all,9,weekday,0,total,0.068813,sdge_nbt2024
SDG&E,2026,2024,bundled,all,9,weekday,1,total,0.055990,sdge_nbt2024
SDG&E,2026,2024,bundled,all,9,weekday,2,total,0.055916,sdge_nbt2024
SDG&E,2026,2024,bundled,all,9,weekday,3,total,0.055586,sdge_nbt2024
SDG&E,2026,2024,bundled,all,9,weekday,4,total,0.055418,sdge_nbt2024
SDG&E,2026,2024,bundled,all,9,weekday,5,total,0.055806,sdge_nbt2024
SDG&E,2026,2024,bundled,all,9,weekday,6,total,0.057424,sdge_nbt2024
SDG&E,2026,2024,bundled,all,9,weekday,7,total,0.058748,sdge_nbt2024
SDG&E,2026,2024,bundled,all,9,weekday,8,total,0.056157,sdge_nbt2024
SDG&E,2026,2024,bundled,all,9,weekday,9,total,0.059596,sdge_nbt2024
SDG&E,2026,2024,bundled,all,9,weekday,10,total,0.058399,sdge_nbt2024
SDG&E,2026,2024,bundled,all,9,weekday,11,total,0.057629,sdge_nbt2024
SDG&E,2026,2024,bundled,all,9,weekday,12,total,0.056936,sdge_nbt2024
SDG&E,2026,2024,bundled,all,9,weekday,13,total,0.057784,sdge_nbt2024
SDG&E,2026,2024,bundled,all,9,weekday,14,total,0.181123,sdge_nbt2024
SDG&E,2026,2024,bundled,all,9,weekday,15,total,0.313772,sdge_nbt2024
SDG&E,2026,2024,bundled,all,9,weekday,16,total,0.327124,sdge_nbt2024
SDG&E,2026,2024,bundled,all,9,weekday,17,total,0.352694,sdge_nbt2024
SDG&E,2026,2024,bundled,all,9,weekday,18,total,2.374264,sdge_nbt2024
SDG&E,2026,2024,bundled,all,9,weekday,19,total,2.650945,sdge_nbt2024
SDG&E,2026,2024,bundled,all,9,weekday,20,total,0.275303,sdge_nbt2024
SDG&E,2026,2024,bundled,all,9,weekday,21,total,0.070560,sdge_nbt2024
SDG&E,2026,2024,bundled,all,9,weekday,22,total,0.066946,sdge_nbt2024
SDG&E,2026,2024,bundled,all,9,weekday,23,total,0.057995,sdge_nbt2024
SDG&E,2026,2024,bundled,all,9,weekend_holiday,0,total,0.058091,sdge_nbt2024
SDG&E,2026,2024,bundled,all,9,weekend_holiday,1,total,0.057040,sdge_nbt2024
SDG&E,2026,2024,bundled,all,9,weekend_holiday,2,total,0.056160,sdge_nbt2024
SDG&E,2026,2024,bundled,all,9,weekend_holiday,3,total,0.056143,sdge_nbt2024
SDG&E,2026,2024,bundled,all,9,weekend_holiday,4,total,0.055256,sdge_nbt2024
SDG&E,2026,2024,bundled,all,9,weekend_holiday,5,total,0.055047,sdge_nbt2024
SDG&E,2026,2024,bundled,all,9,weekend_holiday,6,total,0.054113,sdge_nbt2024
SDG&E,2026,2024,bundled,all,9,weekend_holiday,7,total,0.050323,sdge_nbt2024
SDG&E,2026,2024,bundled,all,9,weekend_holiday,8,total,0.046577,sdge_nbt2024
SDG&E,2026,2024,bundled,all,9,weekend_holiday,9,total,0.048450,sdge_nbt2024
SDG&E,2026,2024,bundled,all,9,weekend_holiday,10,total,0.049689,sdge_nbt2024
SDG&E,2026,2024,bundled,all,9,weekend_holiday,11,total,0.049057,sdge_nbt2024
SDG&E,2026,2024,bundled,all,9,weekend_holiday,12,total,0.046216,sdge_nbt2024
SDG&E,2026,2024,bundled,all,9,weekend_holiday,13,total,0.043430,sdge_nbt2024
SDG&E,2026,2024,bundled,all,9,weekend_holiday,14,total,0.043798,sdge_nbt2024
SDG&E,2026,2024,bundled,all,9,weekend_holiday,15,total,0.046859,sdge_nbt2024
SDG&E,2026,2024,bundled,all,9,weekend_holiday,16,total,0.340696,sdge_nbt2024
SDG&E,2026,2024,bundled,all,9,weekend_holiday,17,total,0.364880,sdge_nbt2024
SDG&E,2026,2024,bundled,all,9,weekend_holiday,18,total,2.151920,sdge_nbt2024
SDG&E,2026,2024,bundled,all,9,weekend_holiday,19,total,2.403966,sdge_nbt2024
SDG&E,2026,2024,bundled,all,9,weekend_holiday,20,total,0.146752,sdge_nbt2024
SDG&E,2026,2024,bundled,all,9,weekend_holiday,21,total,0.072746,sdge_nbt2024
SDG&E,2026,2024,bundled,all,9,weekend_holiday,22,total,0.068088,sdge_nbt2024
SDG&E,2026,2024,bundled,all,9,weekend_holiday,23,total,0.058106,sdge_nbt2024
SDG&E,2026,2024,bundled,all,10,weekday,0,total,0.067413,sdge_nbt2024
SDG&E,2026,2024,bundled,all,10,weekday,1,total,0.056370,sdge_nbt2024
SDG&E,2026,2024,bundled,all,10,weekday,2,total,0.056746,sdge_nbt2024
SDG&E,2026,2024,bundled,all,10,weekday,3,total,0.056540,sdge_nbt2024
SDG&E,2026,2024,bundled,all,10,weekday,4,total,0.056436,sdge_nbt2024
SDG&E,2026,2024,bundled,all,10,weekday,5,total,0.056972,sdge_nbt2024
SDG&E,2026,2024,bundled,all,10,weekday,6,total,0.057497,sdge_nbt2024
SDG&E,2026,2024,bundled,all,10,weekday,7,total,0.059273,sdge_nbt2024
SDG&E,2026,2024,bundled,all,10,weekday,8,total,0.056881,sdge_nbt2024
SDG&E,2026,2024,bundled,all,10,weekday,9,total,0.057808,sdge_nbt2024
SDG&E,2026,2024,bundled,all,10,weekday,10,total,0.058373,sdge_nbt2024
SDG&E,2026,2024,bundled,all,10,weekday,11,total,0.057770,sdge_nbt2024
SDG&E,2026,2024,bundled,all,10,weekday,12,total,0.057439,sdge_nbt2024
SDG&E,2026,2024,bundled,all,10,weekday,13,total,0.056969,sdge_nbt2024
SDG&E,2026,2024,bundled,all,10,weekday,14,total,0.058737,sdge_nbt2024
SDG&E,2026,2024,bundled,all,10,weekday,15,total,0.296541,sdge_nbt2024
SDG&E,2026,2024,bundled,all,10,weekday,16,total,0.417935,sdge_nbt2024
SDG&E,2026,2024,bundled,all,10,weekday,17,total,0.434204,sdge_nbt2024
SDG&E,2026,2024,bundled,all,10,weekday,18,total,0.421258,sdge_nbt2024
SDG&E,2026,2024,bundled,all,10,weekday,19,total,0.421311,sdge_nbt2024
SDG&E,2026,2024,bundled,all,10,weekday,20,total,0.066755,sdge_nbt2024
SDG&E,2026,2024,bundled,all,10,weekday,21,total,0.063875,sdge_nbt2024
SDG&E,2026,2024,bundled,all,10,weekday,22,total,0.059379,sdge_nbt2024
SDG&E,2026,2024,bundled,all,10,weekday,23,total,0.057266,sdge_nbt2024
SDG&E,2026,2024,bundled,all,10,weekend_holiday,0,total,0.056404,sdge_nbt2024
SDG&E,2026,2024,bundled,all,10,weekend_holiday,1,total,0.056232,sdge_nbt2024
SDG&E,2026,2024,bundled,all,10,weekend_holiday,2,total,0.054982,sdge_nbt2024
SDG&E,2026,2024,bundled,all,10,weekend_holiday,3,total,0.055055,sdge_nbt2024
SDG&E,2026,2024,bundled,all,10,weekend_holiday,4,total,0.053967,sdge_nbt2024
SDG&E,2026,2024,bundled,all,10,weekend_holiday,5,total,0.053651,sdge_nbt2024
SDG&E,2026,2024,bundled,all,10,weekend_holiday,6,total,0.053148,sdge_nbt2024
SDG&E,2026,2024,bundled,all,10,weekend_holiday,7,total,0.049543,sdge_nbt2024
SDG&E,2026,2024,bundled,all,10,weekend_holiday,8,total,0.043254,sdge_nbt2024
SDG&E,2026,2024,bundled,all,10,weekend_holiday,9,total,0.043443,sdge_nbt2024
SDG&E,2026,2024,bundled,all,10,weekend_holiday,10,total,0.043694,sdge_nbt2024
SDG&E,2026,2024,bundled,all,10,weekend_holiday,11,total,0.044458,sdge_nbt2024
SDG&E,2026,2024,bundled,all,10,weekend_holiday,12,total,0.044413,sdge_nbt2024
SDG&E,2026,2024,bundled,all,10,weekend_holiday,13,total,0.042184,sdge_nbt2024
SDG&E,2026,2024,bundled,all,10,weekend_holiday,14,total,0.042295,sdge_nbt2024
SDG&E,2026,2024,bundled,all,10,weekend_holiday,15,total,0.045486,sdge_nbt2024
SDG&E,2026,2024,bundled,all,10,weekend_holiday,16,total,0.049855,sdge_nbt2024
SDG&E,2026,2024,bundled,all,10,weekend_holiday,17,total,0.080842,sdge_nbt2024
SDG&E,2026,2024,bundled,all,10,weekend_holiday,18,total,0.073035,sdge_nbt2024
SDG&E,2026,2024,bundled,all,10,weekend_holiday,19,total,0.073962,sdge_nbt2024
SDG&E,2026,2024,bundled,all,10,weekend_holiday,20,total,0.070672,sdge_nbt2024
SDG&E,2026,2024,bundled,all,10,weekend_holiday,21,total,0.070388,sdge_nbt2024
SDG&E,2026,2024,bundled,all,10,weekend_holiday,22,total,0.068163,sdge_nbt2024
SDG&E,2026,2024,bundled,all,10,weekend_holiday,23,total,0.066413,sdge_nbt2024
SDG&E,2026,2024,bundled,all,11,weekday,0,total,0.054889,sdge_nbt2024
SDG&E,2026,2024,bundled,all,11,weekday,1,total,0.055056,sdge_nbt2024
SDG&E,2026,2024,bundled,all,11,weekday,2,total,0.054621,sdge_nbt2024
SDG&E,2026,2024,bundled,all,11,weekday,3,total,0.054491,sdge_nbt2024
SDG&E,2026,2024,bundled,all,11,weekday,4,total,0.054691,sdge_nbt2024
SDG&E,2026,2024,bundled,all,11,weekday,5,total,0.055768,sdge_nbt2024
SDG&E,2026,2024,bundled,all,11,weekday,6,total,0.058278,sdge_nbt2024
SDG&E,2026,2024,bundled,all,11,weekday,7,total,0.057699,sdge_nbt2024
SDG&E,2026,2024,bundled,all,11,weekday,8,total,0.058783,sdge_nbt2024
SDG&E,2026,2024,bundled,all,11,weekday,9,total,0.058868,sdge_nbt2024
SDG&E,2026,2024,bundled,all,11,weekday,10,total,0.058152,sdge_nbt2024
SDG&E,2026,2024,bundled,all,11,weekday,11,total,0.057469,sdge_nbt2024
SDG&E,2026,2024,bundled,all,11,weekday,12,total,0.056687,sdge_nbt2024
SDG&E,2026,2024,bundled,all,11,weekday,13,total,0.058556,sdge_nbt2024
SDG&E,2026,2024,bundled,all,11,weekday,14,total,0.058232,sdge_nbt2024
SDG&E,2026,2024,bundled,all,11,weekday,15,total,0.061909,sdge_nbt2024
SDG&E,2026,2024,bundled,all,11,weekday,16,total,0.066026,sdge_nbt2024
SDG&E,2026,2024,bundled,all,11,weekday,17,total,0.062739,sdge_nbt2024
SDG&E,2026,2024,bundled,all,11,weekday,18,total,0.061585,sdge_nbt2024
SDG&E,2026,2024,bundled,all,11,weekday,19,total,0.062872,sdge_nbt2024
SDG&E,2026,2024,bundled,all,11,weekday,20,total,0.064176,sdge_nbt2024
SDG&E,2026,2024,bundled,all,11,weekday,21,total,0.063280,sdge_nbt2024
SDG&E,2026,2024,bundled,all,11,weekday,22,total,0.056963,sdge_nbt2024
SDG&E,2026,2024,bundled,all,11,weekday,23,total,0.056339,sdge_nbt2024
SDG&E,2026,2024,bundled,all,11,weekend_holiday,0,total,0.054766,sdge_nbt2024
SDG&E,2026,2024,bundled,all,11,weekend_holiday,1,total,0.053665,sdge_nbt2024
SDG&E,2026,2024,bundled,all,11,weekend_holiday,2,total,0.052824,sdge_nbt2024
SDG&E,2026,2024,bundled,all,11,weekend_holiday,3,total,0.052305,sdge_nbt2024
SDG&E,2026,2024,bundled,all,11,weekend_holiday,4,total,0.051452,sdge_nbt2024
SDG&E,2026,2024,bundled,all,11,weekend_holiday,5,total,0.051085,sdge_nbt2024
SDG&E,2026,2024,bundled,all,11,weekend_holiday,6,total,0.050685,sdge_nbt2024
SDG&E,2026,2024,bundled,all,11,weekend_holiday,7,total,0.041948,sdge_nbt2024
SDG&E,2026,2024,bundled,all,11,weekend_holiday,8,total,0.041457,sdge_nbt2024
SDG&E,2026,2024,bundled,all,11,weekend_holiday,9,total,0.041181,sdge_nbt2024
SDG&E,2026,2024,bundled,all,11,weekend_holiday,10,total,0.041659,sdge_nbt2024
SDG&E,2026,2024,bundled,all,11,weekend_holiday,11,total,0.041509,sdge_nbt2024
SDG&E,2026,2024,bundled,all,11,weekend_holiday,12,total,0.041704,sdge_nbt2024
SDG&E,2026,2024,bundled,all,11,weekend_holiday,13,total,0.041106,sdge_nbt2024
SDG&E,2026,2024,bundled,all,11,weekend_holiday,14,total,0.043782,sdge_nbt2024
SDG&E,2026,2024,bundled,all,11,weekend_holiday,15,total,0.050270,sdge_nbt2024
SDG&E,2026,2024,bundled,all,11,weekend_holiday,16,total,0.064386,sdge_nbt2024
SDG&E,2026,2024,bundled,all,11,weekend_holiday,17,total,0.067982,sdge_nbt2024
SDG&E,2026,2024,bundled,all,11,weekend_holiday,18,total,0.066119,sdge_nbt2024
SDG&E,2026,2024,bundled,all,11,weekend_holiday,19,total,0.067445,sdge_nbt2024
SDG&E,2026,2024,bundled,all,11,weekend_holiday,20,total,0.066669,sdge_nbt2024
SDG&E,2026,2024,bundled,all,11,weekend_holiday,21,total,0.063528,sdge_nbt2024
SDG&E,2026,2024,bundled,all,11,weekend_holiday,22,total,0.059695,sdge_nbt2024
SDG&E,2026,2024,bundled,all,11,weekend_holiday,23,total,0.058870,sdge_nbt2024
SDG&E,2026,2024,bundled,all,12,weekday,0,total,0.058470,sdge_nbt2024
SDG&E,2026,2024,bundled,all,12,weekday,1,total,0.058417,sdge_nbt2024
SDG&E,2026,2024,bundled,all,12,weekday,2,total,0.057758,sdge_nbt2024
SDG&E,2026,2024,bundled,all,12,weekday,3,total,0.057367,sdge_nbt2024
SDG&E,2026,2024,bundled,all,12,weekday,4,total,0.058096,sdge_nbt2024
SDG&E,2026,2024,bundled,all,12,weekday,5,total,0.058998,sdge_nbt2024
SDG&E,2026,2024,bundled,all,12,weekday,6,total,0.061412,sdge_nbt2024
SDG&E,2026,2024,bundled,all,12,weekday,7,total,0.063284,sdge_nbt2024
SDG&E,2026,2024,bundled,all,12,weekday,8,total,0.064123,sdge_nbt2024
SDG&E,2026,2024,bundled,all,12,weekday,9,total,0.065175,sdge_nbt2024
SDG&E,2026,2024,bundled,all,12,weekday,10,total,0.063210,sdge_nbt2024
SDG&E,2026,2024,bundled,all,12,weekday,11,total,0.062324,sdge_nbt2024
SDG&E,2026,2024,bundled,all,12,weekday,12,total,0.060918,sdge_nbt2024
SDG&E,2026,2024,bundled,all,12,weekday,13,total,0.060295,sdge_nbt2024
SDG&E,2026,2024,bundled,all,12,weekday,14,total,0.060503,sdge_nbt2024
SDG&E,2026,2024,bundled,all,12,weekday,15,total,0.062529,sdge_nbt2024
SDG&E,2026,2024,bundled,all,12,weekday,16,total,0.067806,sdge_nbt2024
SDG&E,2026,2024,bundled,all,12,weekday,17,total,0.066810,sdge_nbt2024
SDG&E,2026,2024,bundled,all,12,weekday,18,total,0.066426,sdge_nbt2024
SDG&E,2026,2024,bundled,all,12,weekday,19,total,0.068309,sdge_nbt2024
SDG&E,2026,2024,bundled,all,12,weekday,20,total,0.069178,sdge_nbt2024
SDG&E,2026,2024,bundled,all,12,weekday,21,total,0.066800,sdge_nbt2024
SDG&E,2026,2024,bundled,all,12,weekday,22,total,0.060257,sdge_nbt2024
SDG&E,2026,2024,bundled,all,12,weekday,23,total,0.060051,sdge_nbt2024
SDG&E,2026,2024,bundled,all,12,weekend_holiday,0,total,0.059874,sdge_nbt2024
SDG&E,2026,2024,bundled,all,12,weekend_holiday,1,total,0.059400,sdge_nbt2024
SDG&E,2026,2024,bundled,all,12,weekend_holiday,2,total,0.059300,sdge_nbt2024
SDG&E,2026,2024,bundled,all,12,weekend_holiday,3,total,0.059053,sdge_nbt2024
SDG&E,2026,2024,bundled,all,12,weekend_holiday,4,total,0.058714,sdge_nbt2024
SDG&E,2026,2024,bundled,all,12,weekend_holiday,5,total,0.058677,sdge_nbt2024
SDG&E,2026,2024,bundled,all,12,weekend_holiday,6,total,0.058946,sdge_nbt2024
SDG&E,2026,2024,bundled,all,12,weekend_holiday,7,total,0.056988,sdge_nbt2024
SDG&E,2026,2024,bundled,all,12,weekend_holiday,8,total,0.055370,sdge_nbt2024
SDG&E,2026,2024,bundled,all,12,weekend_holiday,9,total,0.055231,sdge_nbt2024
SDG&E,2026,2024,bundled,all,12,weekend_holiday,10,total,0.055711,sdge_nbt2024
SDG&E,2026,2024,bundled,all,12,weekend_holiday,11,total,0.055144,sdge_nbt2024
SDG&E,2026,2024,bundled,all,12,weekend_holiday,12,total,0.053481,sdge_nbt2024
SDG&E,2026,2024,bundled,all,12,weekend_holiday,13,total,0.053413,sdge_nbt2024
SDG&E,2026,2024,bundled,all,12,weekend_holiday,14,total,0.053420,sdge_nbt2024
SDG&E,2026,2024,bundled,all,12,weekend_holiday,15,total,0.054351,sdge_nbt2024
SDG&E,2026,2024,bundled,all,12,weekend_holiday,16,total,0.061462,sdge_nbt2024
SDG&E,2026,2024,bundled,all,12,weekend_holiday,17,total,0.066227,sdge_nbt2024
SDG&E,2026,2024,bundled,all,12,weekend_holiday,18,total,0.068027,sdge_nbt2024
SDG&E,2026,2024,bundled,all,12,weekend_holiday,19,total,0.068114,sdge_nbt2024
SDG&E,2026,2024,bundled,all,12,weekend_holiday,20,total,0.065326,sdge_nbt2024
SDG&E,2026,2024,bundled,all,12,weekend_holiday,21,total,0.061603,sdge_nbt2024
SDG&E,2026,2024,bundled,all,12,weekend_holiday,22,total,0.060676,sdge_nbt2024
SDG&E,2026,2024,bundled,all,12,weekend_holiday,23,total,0.061212,sdge_nbt2024
SDG&E,2026,2026,bundled,all,1,weekday,0,delivery,0.000812,sdge_nbt2026
SDG&E,2026,2026,bundled,all,1,weekday,1,delivery,0.000793,sdge_nbt2026
SDG&E,2026,2026,bundled,all,1,weekday,2,delivery,0.000772,sdge_nbt2026
SDG&E,2026,2026,bundled,all,1,weekday,3,delivery,0.000767,sdge_nbt2026
SDG&E,2026,2026,bundled,all,1,weekday,4,delivery,0.000787,sdge_nbt2026
SDG&E,2026,2026,bundled,all,1,weekday,5,delivery,0.000820,sdge_nbt2026
SDG&E,2026,2026,bundled,all,1,weekday,6,delivery,0.000821,sdge_nbt2026
SDG&E,2026,2026,bundled,all,1,weekday,7,delivery,0.000778,sdge_nbt2026
SDG&E,2026,2026,bundled,all,1,weekday,8,delivery,0.000668,sdge_nbt2026
SDG&E,2026,2026,bundled,all,1,weekday,9,delivery,0.000595,sdge_nbt2026
SDG&E,2026,2026,bundled,all,1,weekday,10,delivery,0.000580,sdge_nbt2026
SDG&E,2026,2026,bundled,all,1,weekday,11,delivery,0.000573,sdge_nbt2026
SDG&E,2026,2026,bundled,all,1,weekday,12,delivery,0.000573,sdge_nbt2026
SDG&E,2026,2026,bundled,all,1,weekday,13,delivery,0.000548,sdge_nbt2026
SDG&E,2026,2026,bundled,all,1,weekday,14,delivery,0.000539,sdge_nbt2026
SDG&E,2026,2026,bundled,all,1,weekday,15,delivery,0.000557,sdge_nbt2026
SDG&E,2026,2026,bundled,all,1,weekday,16,delivery,0.000713,sdge_nbt2026
SDG&E,2026,2026,bundled,all,1,weekday,17,delivery,0.001596,sdge_nbt2026
SDG&E,2026,2026,bundled,all,1,weekday,18,delivery,0.001644,sdge_nbt2026
SDG&E,2026,2026,bundled,all,1,weekday,19,delivery,0.001458,sdge_nbt2026
SDG&E,2026,2026,bundled,all,1,weekday,20,delivery,0.001452,sdge_nbt2026
SDG&E,2026,2026,bundled,all,1,weekday,21,delivery,0.001439,sdge_nbt2026
SDG&E,2026,2026,bundled,all,1,weekday,22,delivery,0.001457,sdge_nbt2026
SDG&E,2026,2026,bundled,all,1,weekday,23,delivery,0.001411,sdge_nbt2026
SDG&E,2026,2026,bundled,all,1,weekend_holiday,0,delivery,0.000804,sdge_nbt2026
SDG&E,2026,2026,bundled,all,1,weekend_holiday,1,delivery,0.000810,sdge_nbt2026
SDG&E,2026,2026,bundled,all,1,weekend_holiday,2,delivery,0.000792,sdge_nbt2026
SDG&E,2026,2026,bundled,all,1,weekend_holiday,3,delivery,0.000780,sdge_nbt2026
SDG&E,2026,2026,bundled,all,1,weekend_holiday,4,delivery,0.000770,sdge_nbt2026
SDG&E,2026,2026,bundled,all,1,weekend_holiday,5,delivery,0.000780,sdge_nbt2026
SDG&E,2026,2026,bundled,all,1,weekend_holiday,6,delivery,0.000804,sdge_nbt2026
SDG&E,2026,2026,bundled,all,1,weekend_holiday,7,delivery,0.000727,sdge_nbt2026
SDG&E,2026,2026,bundled,all,1,weekend_holiday,8,delivery,0.000598,sdge_nbt2026
SDG&E,2026,2026,bundled,all,1,weekend_holiday,9,delivery,0.000509,sdge_nbt2026
SDG&E,2026,2026,bundled,all,1,weekend_holiday,10,delivery,0.000493,sdge_nbt2026
SDG&E,2026,2026,bundled,all,1,weekend_holiday,11,delivery,0.000481,sdge_nbt2026
SDG&E,2026,2026,bundled,all,1,weekend_holiday,12,delivery,0.000485,sdge_nbt2026
SDG&E,2026,2026,bundled,all,1,weekend_holiday,13,delivery,0.000438,sdge_nbt2026
SDG&E,2026,2026,bundled,all,1,weekend_holiday,14,delivery,0.000476,sdge_nbt2026
SDG&E,2026,2026,bundled,all,1,weekend_holiday,15,delivery,0.000493,sdge_nbt2026
SDG&E,2026,2026,bundled,all,1,weekend_holiday,16,delivery,0.000722,sdge_nbt2026
SDG&E,2026,2026,bundled,all,1,weekend_holiday,17,delivery,0.000950,sdge_nbt2026
SDG&E,2026,2026,bundled,all,1,weekend_holiday,18,delivery,0.000854,sdge_nbt2026
SDG&E,2026,2026,bundled,all,1,weekend_holiday,19,delivery,0.000793,sdge_nbt2026
SDG&E,2026,2026,bundled,all,1,weekend_holiday,20,delivery,0.000783,sdge_nbt2026
SDG&E,2026,2026,bundled,all,1,weekend_holiday,21,delivery,0.000776,sdge_nbt2026
SDG&E,2026,2026,bundled,all,1,weekend_holiday,22,delivery,0.000807,sdge_nbt2026
SDG&E,2026,2026,bundled,all,1,weekend_holiday,23,delivery,0.000777,sdge_nbt2026
SDG&E,2026,2026,bundled,all,2,weekday,0,delivery,0.000817,sdge_nbt2026
SDG&E,2026,2026,bundled,all,2,weekday,1,delivery,0.000794,sdge_nbt2026
SDG&E,2026,2026,bundled,all,2,weekday,2,delivery,0.000811,sdge_nbt2026
SDG&E,2026,2026,bundled,all,2,weekday,3,delivery,0.000812,sdge_nbt2026
SDG&E,2026,2026,bundled,all,2,weekday,4,delivery,0.000831,sdge_nbt2026
SDG&E,2026,2026,bundled,all,2,weekday,5,delivery,0.000816,sdge_nbt2026
SDG&E,2026,2026,bundled,all,2,weekday,6,delivery,0.000783,sdge_nbt2026
SDG&E,2026,2026,bundled,all,2,weekday,7,delivery,0.000753,sdge_nbt2026
SDG&E,2026,2026,bundled,all,2,weekday,8,delivery,0.001328,sdge_nbt2026
SDG&E,2026,2026,bundled,all,2,weekday,9,delivery,0.000480,sdge_nbt2026
SDG&E,2026,2026,bundled,all,2,weekday,10,delivery,0.000454,sdge_nbt2026
SDG&E,2026,2026,bundled,all,2,weekday,11,delivery,0.000436,sdge_nbt2026
SDG&E,2026,2026,bundled,all,2,weekday,12,delivery,0.000405,sdge_nbt2026
SDG&E,2026,2026,bundled,all,2,weekday,13,delivery,0.000360,sdge_nbt2026
SDG&E,2026,2026,bundled,all,2,weekday,14,delivery,0.000301,sdge_nbt2026
SDG&E,2026,2026,bundled,all,2,weekday,15,delivery,0.000284,sdge_nbt2026
SDG&E,2026,2026,bundled,all,2,weekday,16,delivery,0.000598,sdge_nbt2026
SDG&E,2026,2026,bundled,all,2,weekday,17,delivery,0.000997,sdge_nbt2026
SDG&E,2026,2026,bundled,all,2,weekday,18,delivery,0.000853,sdge_nbt2026
SDG&E,2026,2026,bundled,all,2,weekday,19,delivery,0.000801,sdge_nbt2026
SDG&E,2026,2026,bundled,all,2,weekday,20,delivery,0.000805,sdge_nbt2026
SDG&E,2026,2026,bundled,all,2,weekday,21,delivery,0.000778,sdge_nbt2026
SDG&E,2026,2026,bundled,all,2,weekday,22,delivery,0.000845,sdge_nbt2026
SDG&E,2026,2026,bundled,all,2,weekday,23,delivery,0.000809,sdge_nbt2026
SDG&E,2026,2026,bundled,all,2,weekend_holiday,0,delivery,0.000784,sdge_nbt2026
SDG&E,2026,2026,bundled,all,2,weekend_holiday,1,delivery,0.000794,sdge_nbt2026
SDG&E,2026,2026,bundled,all,2,weekend_holiday,2,delivery,0.000781,sdge_nbt2026
SDG&E,2026,2026,bundled,all,2,weekend_holiday,3,delivery,0.000780,sdge_nbt2026
SDG&E,2026,2026,bundled,all,2,weekend_holiday,4,delivery,0.000771,sdge_nbt2026
SDG&E,2026,2026,bundled,all,2,weekend_holiday,5,delivery,0.000769,sdge_nbt2026
SDG&E,2026,2026,bundled,all,2,weekend_holiday,6,delivery,0.000734,sdge_nbt2026
SDG&E,2026,2026,bundled,all,2,weekend_holiday,7,delivery,0.000648,sdge_nbt2026
SDG&E,2026,2026,bundled,all,2,weekend_holiday,8,delivery,0.000440,sdge_nbt2026
SDG&E,2026,2026,bundled,all,2,weekend_holiday,9,delivery,0.000245,sdge_nbt2026
SDG&E,2026,2026,bundled,all,2,weekend_holiday,10,delivery,0.000246,sdge_nbt2026
SDG&E,2026,2026,bundled,all,2,weekend_holiday,11,delivery,0.000223,sdge_nbt2026
SDG&E,2026,2026,bundled,all,2,weekend_holiday,12,delivery,0.000223,sdge_nbt2026
SDG&E,2026,2026,bundled,all,2,weekend_holiday,13,delivery,0.000201,sdge_nbt2026
SDG&E,2026,2026,bundled,all,2,weekend_holiday,14,delivery,0.000198,sdge_nbt2026
SDG&E,2026,2026,bundled,all,2,weekend_holiday,15,delivery,0.000174,sdge_nbt2026
SDG&E,2026,2026,bundled,all,2,weekend_holiday,16,delivery,0.000525,sdge_nbt2026
SDG&E,2026,2026,bundled,all,2,weekend_holiday,17,delivery,0.000909,sdge_nbt2026
SDG&E,2026,2026,bundled,all,2,weekend_holiday,18,delivery,0.000934,sdge_nbt2026
SDG&E,2026,2026,bundled,all,2,weekend_holiday,19,delivery,0.000826,sdge_nbt2026
SDG&E,2026,2026,bundled,all,2,weekend_holiday,20,delivery,0.000798,sdge_nbt2026
SDG&E,2026,2026,bundled,all,2,weekend_holiday,21,delivery,0.000769,sdge_nbt2026
SDG&E,2026,2026,bundled,all,2,weekend_holiday,22,delivery,0.000778,sdge_nbt2026
SDG&E,2026,2026,bundled,all,2,weekend_holiday,23,delivery,0.000841,sdge_nbt2026
SDG&E,2026,2026,bundled,all,3,weekday,0,delivery,0.000723,sdge_nbt2026
SDG&E,2026,2026,bundled,all,3,weekday,1,delivery,0.000688,sdge_nbt2026
SDG&E,2026,2026,bundled,all,3,weekday,2,delivery,0.000649,sdge_nbt2026
SDG&E,2026,2026,bundled,all,3,weekday,3,delivery,0.000643,sdge_nbt2026
SDG&E,2026,2026,bundled,all,3,weekday,4,delivery,0.000655,sdge_nbt2026
SDG&E,2026,2026,bundled,all,3,weekday,5,delivery,0.000686,sdge_nbt2026
SDG&E,2026,2026,bundled,all,3,weekday,6,delivery,0.000708,sdge_nbt2026
SDG&E,2026,2026,bundled,all,3,weekday,7,delivery,0.000639,sdge_nbt2026
SDG&E,2026,2026,bundled,all,3,weekday,8,delivery,0.000452,sdge_nbt2026
SDG&E,2026,2026,bundled,all,3,weekday,9,delivery,0.000207,sdge_nbt2026
SDG&E,2026,2026,bundled,all,3,weekday,10,delivery,0.000162,sdge_nbt2026
SDG&E,2026,2026,bundled,all,3,weekday,11,delivery,0.000151,sdge_nbt2026
SDG&E,2026,2026,bundled,all,3,weekday,12,delivery,0.000154,sdge_nbt2026
SDG&E,2026,2026,bundled,all,3,weekday,13,delivery,0.000115,sdge_nbt2026
SDG&E,2026,2026,bundled,all,3,weekday,14,delivery,0.000101,sdge_nbt2026
SDG&E,2026,2026,bundled,all,3,weekday,15,delivery,0.000113,sdge_nbt2026
SDG&E,2026,2026,bundled,all,3,weekday,16,delivery,0.000221,sdge_nbt2026
SDG&E,2026,2026,bundled,all,3,weekday,17,delivery,0.000550,sdge_nbt2026
SDG&E,2026,2026,bundled,all,3,weekday,18,delivery,0.000796,sdge_nbt2026
SDG&E,2026,2026,bundled,all,3,weekday,19,delivery,0.000785,sdge_nbt2026
SDG&E,2026,2026,bundled,all,3,weekday,20,delivery,0.000736,sdge_nbt2026
SDG&E,2026,2026,bundled,all,3,weekday,21,delivery,0.000708,sdge_nbt2026
SDG&E,2026,2026,bundled,all,3,weekday,22,delivery,0.000668,sdge_nbt2026
SDG&E,2026,2026,bundled,all,3,weekday,23,delivery,0.000684,sdge_nbt2026
SDG&E,2026,2026,bundled,all,3,weekend_holiday,0,delivery,0.000655,sdge_nbt2026
SDG&E,2026,2026,bundled,all,3,weekend_holiday,1,delivery,0.000668,sdge_nbt2026
SDG&E,2026,2026,bundled,all,3,weekend_holiday,2,delivery,0.000681,sdge_nbt2026
SDG&E,2026,2026,bundled,all,3,weekend_holiday,3,delivery,0.000696,sdge_nbt2026
SDG&E,2026,2026,bundled,all,3,weekend_holiday,4,delivery,0.000686,sdge_nbt2026
SDG&E,2026,2026,bundled,all,3,weekend_holiday,5,delivery,0.000686,sdge_nbt2026
SDG&E,2026,2026,bundled,all,3,weekend_holiday,6,delivery,0.000661,sdge_nbt2026
SDG&E,2026,2026,bundled,all,3,weekend_holiday,7,delivery,0.000596,sdge_nbt2026
SDG&E,2026,2026,bundled,all,3,weekend_holiday,8,delivery,0.000058,sdge_nbt2026
SDG&E,2026,2026,bundled,all,3,weekend_holiday,9,delivery,0.000015,sdge_nbt2026
SDG&E,2026,2026,bundled,all,3,weekend_holiday,10,delivery,0.000040,sdge_nbt2026
SDG&E,2026,2026,bundled,all,3,weekend_holiday,11,delivery,0.000026,sdge_nbt2026
SDG&E,2026,2026,bundled,all,3,weekend_holiday,12,delivery,0.000004,sdge_nbt2026
SDG&E,2026,2026,bundled,all,3,weekend_holiday,13,delivery,0.000005,sdge_nbt2026
SDG&E,2026,2026,bundled,all,3,weekend_holiday,14,delivery,0.000000,sdge_nbt2026
SDG&E,2026,2026,bundled,all,3,weekend_holiday,15,delivery,0.000035,sdge_nbt2026
SDG&E,2026,2026,bundled,all,3,weekend_holiday,16,delivery,0.000159,sdge_nbt2026
SDG&E,2026,2026,bundled,all,3,weekend_holiday,17,delivery,0.000307,sdge_nbt2026
SDG&E,2026,2026,bundled,all,3,weekend_holiday,18,delivery,0.000693,sdge_nbt2026
SDG&E,2026,2026,bundled,all,3,weekend_holiday,19,delivery,0.000719,sdge_nbt2026
SDG&E,2026,2026,bundled,all,3,weekend_holiday,20,delivery,0.000695,sdge_nbt2026
SDG&E,2026,2026,bundled,all,3,weekend_holiday,21,delivery,0.000691,sdge_nbt2026
SDG&E,2026,2026,bundled,all,3,weekend_holiday,22,delivery,0.000672,sdge_nbt2026
SDG&E,2026,2026,bundled,all,3,weekend_holiday,23,delivery,0.000635,sdge_nbt2026
SDG&E,2026,2026,bundled,all,4,weekday,0,delivery,0.000734,sdge_nbt2026
SDG&E,2026,2026,bundled,all,4,weekday,1,delivery,0.000712,sdge_nbt2026
SDG&E,2026,2026,bundled,all,4,weekday,2,delivery,0.000763,sdge_nbt2026
SDG&E,2026,2026,bundled,all,4,weekday,3,delivery,0.000739,sdge_nbt2026
SDG&E,2026,2026,bundled,all,4,weekday,4,delivery,0.000728,sdge_nbt2026
SDG&E,2026,2026,bundled,all,4,weekday,5,delivery,0.000743,sdge_nbt2026
SDG&E,2026,2026,bundled,all,4,weekday,6,delivery,0.000673,sdge_nbt2026
SDG&E,2026,2026,bundled,all,4,weekday,7,delivery,0.000539,sdge_nbt2026
SDG&E,2026,2026,bundled,all,4,weekday,8,delivery,0.000120,sdge_nbt2026
SDG&E,2026,2026,bundled,all,4,weekday,9,delivery,0.000045,sdge_nbt2026
SDG&E,2026,2026,bundled,all,4,weekday,10,delivery,0.000073,sdge_nbt2026
SDG&E,2026,2026,bundled,all,4,weekday,11,delivery,0.000064,sdge_nbt2026
SDG&E,2026,2026,bundled,all,4,weekday,12,delivery,0.000037,sdge_nbt2026
SDG&E,2026,2026,bundled,all,4,weekday,13,delivery,0.000013,sdge_nbt2026
SDG&E,2026,2026,bundled,all,4,weekday,14,delivery,0.000005,sdge_nbt2026
SDG&E,2026,2026,bundled,all,4,weekday,15,delivery,0.000001,sdge_nbt2026
SDG&E,2026,2026,bundled,all,4,weekday,16,delivery,0.000007,sdge_nbt2026
SDG&E,2026,2026,bundled,all,4,weekday,17,delivery,0.000043,sdge_nbt2026
SDG&E,2026,2026,bundled,all,4,weekday,18,delivery,0.000728,sdge_nbt2026
SDG&E,2026,2026,bundled,all,4,weekday,19,delivery,0.000726,sdge_nbt2026
SDG&E,2026,2026,bundled,all,4,weekday,20,delivery,0.000718,sdge_nbt2026
SDG&E,2026,2026,bundled,all,4,weekday,21,delivery,0.000703,sdge_nbt2026
SDG&E,2026,2026,bundled,all,4,weekday,22,delivery,0.000677,sdge_nbt2026
SDG&E,2026,2026,bundled,all,4,weekday,23,delivery,0.000740,sdge_nbt2026
SDG&E,2026,2026,bundled,all,4,weekend_holiday,0,delivery,0.000636,sdge_nbt2026
SDG&E,2026,2026,bundled,all,4,weekend_holiday,1,delivery,0.000644,sdge_nbt2026
SDG&E,2026,2026,bundled,all,4,weekend_holiday,2,delivery,0.000716,sdge_nbt2026
SDG&E,2026,2026,bundled,all,4,weekend_holiday,3,delivery,0.000758,sdge_nbt2026
SDG&E,2026,2026,bundled,all,4,weekend_holiday,4,delivery,0.000721,sdge_nbt2026
SDG&E,2026,2026,bundled,all,4,weekend_holiday,5,delivery,0.000733,sdge_nbt2026
SDG&E,2026,2026,bundled,all,4,weekend_holiday,6,delivery,0.000665,sdge_nbt2026
SDG&E,2026,2026,bundled,all,4,weekend_holiday,7,delivery,0.000442,sdge_nbt2026
SDG&E,2026,2026,bundled,all,4,weekend_holiday,8,delivery,0.000012,sdge_nbt2026
SDG&E,2026,2026,bundled,all,4,weekend_holiday,9,delivery,0.000013,sdge_nbt2026
SDG&E,2026,2026,bundled,all,4,weekend_holiday,10,delivery,0.000071,sdge_nbt2026
SDG&E,2026,2026,bundled,all,4,weekend_holiday,11,delivery,0.000041,sdge_nbt2026
SDG&E,2026,2026,bundled,all,4,weekend_holiday,12,delivery,0.000006,sdge_nbt2026
SDG&E,2026,2026,bundled,all,4,weekend_holiday,13,delivery,0.000000,sdge_nbt2026
SDG&E,2026,2026,bundled,all,4,weekend_holiday,14,delivery,0.000000,sdge_nbt2026
SDG&E,2026,2026,bundled,all,4,weekend_holiday,15,delivery,0.000000,sdge_nbt2026
SDG&E,2026,2026,bundled,all,4,weekend_holiday,16,delivery,0.000000,sdge_nbt2026
SDG&E,2026,2026,bundled,all,4,weekend_holiday,17,delivery,0.000024,sdge_nbt2026
SDG&E,2026,2026,bundled,all,4,weekend_holiday,18,delivery,0.000678,sdge_nbt2026
SDG&E,2026,2026,bundled,all,4,weekend_holiday,19,delivery,0.000777,sdge_nbt2026
SDG&E,2026,2026,bundled,all,4,weekend_holiday,20,delivery,0.000658,sdge_nbt2026
SDG&E,2026,2026,bundled,all,4,weekend_holiday,21,delivery,0.000667,sdge_nbt2026
SDG&E,2026,2026,bundled,all,4,weekend_holiday,22,delivery,0.000653,sdge_nbt2026
SDG&E,2026,2026,bundled,all,4,weekend_holiday,23,delivery,0.000674,sdge_nbt2026
SDG&E,2026,2026,bundled,all,5,weekday,0,delivery,0.000747,sdge_nbt2026
SDG&E,2026,2026,bundled,all,5,weekday,1,delivery,0.000707,sdge_nbt2026
SDG&E,2026,2026,bundled,all,5,weekday,2,delivery,0.000731,sdge_nbt2026
SDG&E,2026,2026,bundled,all,5,weekday,3,delivery,0.000774,sdge_nbt2026
SDG&E,2026,2026,bundled,all,5,weekday,4,delivery,0.000778,sdge_nbt2026
SDG&E,2026,2026,bundled,all,5,weekday,5,delivery,0.000715,sdge_nbt2026
SDG&E,2026,2026,bundled,all,5,weekday,6,delivery,0.000636,sdge_nbt2026
SDG&E,2026,2026,bundled,all,5,weekday,7,delivery,0.000597,sdge_nbt2026
SDG&E,2026,2026,bundled,all,5,weekday,8,delivery,0.000215,sdge_nbt2026
SDG&E,2026,2026,bundled,all,5,weekday,9,delivery,0.000109,sdge_nbt2026
SDG&E,2026,2026,bundled,all,5,weekday,10,delivery,0.000119,sdge_nbt2026
SDG&E,2026,2026,bundled,all,5,weekday,11,delivery,0.000089,sdge_nbt2026
SDG&E,2026,2026,bundled,all,5,weekday,12,delivery,0.000085,sdge_nbt2026
SDG&E,2026,2026,bundled,all,5,weekday,13,delivery,0.000097,sdge_nbt2026
SDG&E,2026,2026,bundled,all,5,weekday,14,delivery,0.000083,sdge_nbt2026
SDG&E,2026,2026,bundled,all,5,weekday,15,delivery,0.000080,sdge_nbt2026
SDG&E,2026,2026,bundled,all,5,weekday,16,delivery,0.000107,sdge_nbt2026
SDG&E,2026,2026,bundled,all,5,weekday,17,delivery,0.000308,sdge_nbt2026
SDG&E,2026,2026,bundled,all,5,weekday,18,delivery,0.000778,sdge_nbt2026
SDG&E,2026,2026,bundled,all,5,weekday,19,delivery,0.000830,sdge_nbt2026
SDG&E,2026,2026,bundled,all,5,weekday,20,delivery,0.000723,sdge_nbt2026
SDG&E,2026,2026,bundled,all,5,weekday,21,delivery,0.000708,sdge_nbt2026
SDG&E,2026,2026,bundled,all,5,weekday,22,delivery,0.000721,sdge_nbt2026
SDG&E,2026,2026,bundled,all,5,weekday,23,delivery,0.000732,sdge_nbt2026
SDG&E,2026,2026,bundled,all,5,weekend_holiday,0,delivery,0.000660,sdge_nbt2026
SDG&E,2026,2026,bundled,all,5,weekend_holiday,1,delivery,0.000676,sdge_nbt2026
SDG&E,2026,2026,bundled,all,5,weekend_holiday,2,delivery,0.000773,sdge_nbt2026
SDG&E,2026,2026,bundled,all,5,weekend_holiday,3,delivery,0.000785,sdge_nbt2026
SDG&E,2026,2026,bundled,all,5,weekend_holiday,4,delivery,0.000736,sdge_nbt2026
SDG&E,2026,2026,bundled,all,5,weekend_holiday,5,delivery,0.000672,sdge_nbt2026
SDG&E,2026,2026,bundled,all,5,weekend_holiday,6,delivery,0.000652,sdge_nbt2026
SDG&E,2026,2026,bundled,all,5,weekend_holiday,7,delivery,0.000308,sdge_nbt2026
SDG&E,2026,2026,bundled,all,5,weekend_holiday,8,delivery,0.000013,sdge_nbt2026
SDG&E,2026,2026,bundled,all,5,weekend_holiday,9,delivery,0.000037,sdge_nbt2026
SDG&E,2026,2026,bundled,all,5,weekend_holiday,10,delivery,0.000035,sdge_nbt2026
SDG&E,2026,2026,bundled,all,5,weekend_holiday,11,delivery,0.000042,sdge_nbt2026
SDG&E,2026,2026,bundled,all,5,weekend_holiday,12,delivery,0.000040,sdge_nbt2026
SDG&E,2026,2026,bundled,all,5,weekend_holiday,13,delivery,0.000035,sdge_nbt2026
SDG&E,2026,2026,bundled,all,5,weekend_holiday,14,delivery,0.000000,sdge_nbt2026
SDG&E,2026,2026,bundled,all,5,weekend_holiday,15,delivery,0.000000,sdge_nbt2026
SDG&E,2026,2026,bundled,all,5,weekend_holiday,16,delivery,0.000000,sdge_nbt2026
SDG&E,2026,2026,bundled,all,5,weekend_holiday,17,delivery,0.000003,sdge_nbt2026
SDG&E,2026,2026,bundled,all,5,weekend_holiday,18,delivery,0.000552,sdge_nbt2026
SDG&E,2026,2026,bundled,all,5,weekend_holiday,19,delivery,0.000812,sdge_nbt2026
SDG&E,2026,2026,bundled,all,5,weekend_holiday,20,delivery,0.000742,sdge_nbt2026
SDG&E,2026,2026,bundled,all,5,weekend_holiday,21,delivery,0.000720,sdge_nbt2026
SDG&E,2026,2026,bundled,all,5,weekend_holiday,22,delivery,0.000719,sdge_nbt2026
SDG&E,2026,2026,bundled,all,5,weekend_holiday,23,delivery,0.000734,sdge_nbt2026
SDG&E,2026,2026,bundled,all,6,weekday,0,delivery,0.000841,sdge_nbt2026
SDG&E,2026,2026,bundled,all,6,weekday,1,delivery,0.000703,sdge_nbt2026
SDG&E,2026,2026,bundled,all,6,weekday,2,delivery,0.000673,sdge_nbt2026
SDG&E,2026,2026,bundled,all,6,weekday,3,delivery,0.000705,sdge_nbt2026
SDG&E,2026,2026,bundled,all,6,weekday,4,delivery,0.000682,sdge_nbt2026
SDG&E,2026,2026,bundled,all,6,weekday,5,delivery,0.000672,sdge_nbt2026
SDG&E,2026,2026,bundled,all,6,weekday,6,delivery,0.000635,sdge_nbt2026
SDG&E,2026,2026,bundled,all,6,weekday,7,delivery,0.000579,sdge_nbt2026
SDG&E,2026,2026,bundled,all,6,weekday,8,delivery,0.000400,sdge_nbt2026
SDG&E,2026,2026,bundled,all,6,weekday,9,delivery,0.000333,sdge_nbt2026
SDG&E,2026,2026,bundled,all,6,weekday,10,delivery,0.000313,sdge_nbt2026
SDG&E,2026,2026,bundled,all,6,weekday,11,delivery,0.000269,sdge_nbt2026
SDG&E,2026,2026,bundled,all,6,weekday,12,delivery,0.000265,sdge_nbt2026
SDG&E,2026,2026,bundled,all,6,weekday,13,delivery,0.000274,sdge_nbt2026
SDG&E,2026,2026,bundled,all,6,weekday,14,delivery,0.000315,sdge_nbt2026
SDG&E,2026,2026,bundled,all,6,weekday,15,delivery,0.000262,sdge_nbt2026
SDG&E,2026,2026,bundled,all,6,weekday,16,delivery,0.000294,sdge_nbt2026
SDG&E,2026,2026,bundled,all,6,weekday,17,delivery,0.000984,sdge_nbt2026
SDG&E,2026,2026,bundled,all,6,weekday,18,delivery,0.001470,sdge_nbt2026
SDG&E,2026,2026,bundled,all,6,weekday,19,delivery,0.002323,sdge_nbt2026
SDG&E,2026,2026,bundled,all,6,weekday,20,delivery,0.001542,sdge_nbt2026
SDG&E,2026,2026,bundled,all,6,weekday,21,delivery,0.000896,sdge_nbt2026
SDG&E,2026,2026,bundled,all,6,weekday,22,delivery,0.001213,sdge_nbt2026
SDG&E,2026,2026,bundled,all,6,weekday,23,delivery,0.000798,sdge_nbt2026
SDG&E,2026,2026,bundled,all,6,weekend_holiday,0,delivery,0.000685,sdge_nbt2026
SDG&E,2026,2026,bundled,all,6,weekend_holiday,1,delivery,0.000664,sdge_nbt2026
SDG&E,2026,2026,bundled,all,6,weekend_holiday,2,delivery,0.000664,sdge_nbt2026
SDG&E,2026,2026,bundled,all,6,weekend_holiday,3,delivery,0.000668,sdge_nbt2026
SDG&E,2026,2026,bundled,all,6,weekend_holiday,4,delivery,0.000641,sdge_nbt2026
SDG&E,2026,2026,bundled,all,6,weekend_holiday,5,delivery,0.000718,sdge_nbt2026
SDG&E,2026,2026,bundled,all,6,weekend_holiday,6,delivery,0.000663,sdge_nbt2026
SDG&E,2026,2026,bundled,all,6,weekend_holiday,7,delivery,0.000546,sdge_nbt2026
SDG&E,2026,2026,bundled,all,6,weekend_holiday,8,delivery,0.000165,sdge_nbt2026
SDG&E,2026,2026,bundled,all,6,weekend_holiday,9,delivery,0.000118,sdge_nbt2026
SDG&E,2026,2026,bundled,all,6,weekend_holiday,10,delivery,0.000161,sdge_nbt2026
SDG&E,2026,2026,bundled,all,6,weekend_holiday,11,delivery,0.000100,sdge_nbt2026
SDG&E,2026,2026,bundled,all,6,weekend_holiday,12,delivery,0.000111,sdge_nbt2026
SDG&E,2026,2026,bundled,all,6,weekend_holiday,13,delivery,0.000064,sdge_nbt2026
SDG&E,2026,2026,bundled,all,6,weekend_holiday,14,delivery,0.000082,sdge_nbt2026
SDG&E,2026,2026,bundled,all,6,weekend_holiday,15,delivery,0.000084,sdge_nbt2026
SDG&E,2026,2026,bundled,all,6,weekend_holiday,16,delivery,0.000091,sdge_nbt2026
SDG&E,2026,2026,bundled,all,6,weekend_holiday,17,delivery,0.000196,sdge_nbt2026
SDG&E,2026,2026,bundled,all,6,weekend_holiday,18,delivery,0.000674,sdge_nbt2026
SDG&E,2026,2026,bundled,all,6,weekend_holiday,19,delivery,0.000902,sdge_nbt2026
SDG&E,2026,2026,bundled,all,6,weekend_holiday,20,delivery,0.000780,sdge_nbt2026
SDG&E,2026,2026,bundled,all,6,weekend_holiday,21,delivery,0.000739,sdge_nbt2026
SDG&E,2026,2026,bundled,all,6,weekend_holiday,22,delivery,0.000733,sdge_nbt2026
SDG&E,2026,2026,bundled,all,6,weekend_holiday,23,delivery,0.000694,sdge_nbt2026
SDG&E,2026,2026,bundled,all,7,weekday,0,delivery,0.001408,sdge_nbt2026
SDG&E,2026,2026,bundled,all,7,weekday,1,delivery,0.001519,sdge_nbt2026
SDG&E,2026,2026,bundled,all,7,weekday,2,delivery,0.001362,sdge_nbt2026
SDG&E,2026,2026,bundled,all,7,weekday,3,delivery,0.001128,sdge_nbt2026
SDG&E,2026,2026,bundled,all,7,weekday,4,delivery,0.000649,sdge_nbt2026
SDG&E,2026,2026,bundled,all,7,weekday,5,delivery,0.000648,sdge_nbt2026
SDG&E,2026,2026,bundled,all,7,weekday,6,delivery,0.000678,sdge_nbt2026
SDG&E,2026,2026,bundled,all,7,weekday,7,delivery,0.000645,sdge_nbt2026
SDG&E,2026,2026,bundled,all,7,weekday,8,delivery,0.000613,sdge_nbt2026
SDG&E,2026,2026,bundled,all,7,weekday,9,delivery,0.000663,sdge_nbt2026
SDG&E,2026,2026,bundled,all,7,weekday,10,delivery,0.000673,sdge_nbt2026
SDG&E,2026,2026,bundled,all,7,weekday,11,delivery,0.000536,sdge_nbt2026
SDG&E,2026,2026,bundled,all,7,weekday,12,delivery,0.000495,sdge_nbt2026
SDG&E,2026,2026,bundled,all,7,weekday,13,delivery,0.000455,sdge_nbt2026
SDG&E,2026,2026,bundled,all,7,weekday,14,delivery,0.000453,sdge_nbt2026
SDG&E,2026,2026,bundled,all,7,weekday,15,delivery,0.000475,sdge_nbt2026
SDG&E,2026,2026,bundled,all,7,weekday,16,delivery,0.106076,sdge_nbt2026
SDG&E,2026,2026,bundled,all,7,weekday,17,delivery,0.218578,sdge_nbt2026
SDG&E,2026,2026,bundled,all,7,weekday,18,delivery,0.228001,sdge_nbt2026
SDG&E,2026,2026,bundled,all,7,weekday,19,delivery,0.227326,sdge_nbt2026
SDG&E,2026,2026,bundled,all,7,weekday,20,delivery,0.114117,sdge_nbt2026
SDG&E,2026,2026,bundled,all,7,weekday,21,delivery,0.003240,sdge_nbt2026
SDG&E,2026,2026,bundled,all,7,weekday,22,delivery,0.002530,sdge_nbt2026
SDG&E,2026,2026,bundled,all,7,weekday,23,delivery,0.002101,sdge_nbt2026
SDG&E,2026,2026,bundled,all,7,weekend_holiday,0,delivery,0.002006,sdge_nbt2026
SDG&E,2026,2026,bundled,all,7,weekend_holiday,1,delivery,0.001184,sdge_nbt2026
SDG&E,2026,2026,bundled,all,7,weekend_holiday,2,delivery,0.001149,sdge_nbt2026
SDG&E,2026,2026,bundled,all,7,weekend_holiday,3,delivery,0.000903,sdge_nbt2026
SDG&E,2026,2026,bundled,all,7,weekend_holiday,4,delivery,0.000644,sdge_nbt2026
SDG&E,2026,2026,bundled,all,7,weekend_holiday,5,delivery,0.000651,sdge_nbt2026
SDG&E,2026,2026,bundled,all,7,weekend_holiday,6,delivery,0.000616,sdge_nbt2026
SDG&E,2026,2026,bundled,all,7,weekend_holiday,7,delivery,0.000588,sdge_nbt2026
SDG&E,2026,2026,bundled,all,7,weekend_holiday,8,delivery,0.000230,sdge_nbt2026
SDG&E,2026,2026,bundled,all,7,weekend_holiday,9,delivery,0.000227,sdge_nbt2026
SDG&E,2026,2026,bundled,all,7,weekend_holiday,10,delivery,0.000247,sdge_nbt2026
SDG&E,2026,2026,bundled,all,7,weekend_holiday,11,delivery,0.000206,sdge_nbt2026
SDG&E,2026,2026,bundled,all,7,weekend_holiday,12,delivery,0.000229,sdge_nbt2026
SDG&E,2026,2026,bundled,all,7,weekend_holiday,13,delivery,0.000242,sdge_nbt2026
SDG&E,2026,2026,bundled,all,7,weekend_holiday,14,delivery,0.000187,sdge_nbt2026
SDG&E,2026,2026,bundled,all,7,weekend_holiday,15,delivery,0.000223,sdge_nbt2026
SDG&E,2026,2026,bundled,all,7,weekend_holiday,16,delivery,0.000224,sdge_nbt2026
SDG&E,2026,2026,bundled,all,7,weekend_holiday,17,delivery,0.000654,sdge_nbt2026
SDG&E,2026,2026,bundled,all,7,weekend_holiday,18,delivery,0.004694,sdge_nbt2026
SDG&E,2026,2026,bundled,all,7,weekend_holiday,19,delivery,0.007031,sdge_nbt2026
SDG&E,2026,2026,bundled,all,7,weekend_holiday,20,delivery,0.005751,sdge_nbt2026
SDG&E,2026,2026,bundled,all,7,weekend_holiday,21,delivery,0.003066,sdge_nbt2026
SDG&E,2026,2026,bundled,all,7,weekend_holiday,22,delivery,0.002172,sdge_nbt2026
SDG&E,2026,2026,bundled,all,7,weekend_holiday,23,delivery,0.001781,sdge_nbt2026
SDG&E,2026,2026,bundled,all,8,weekday,0,delivery,0.001585,sdge_nbt2026
SDG&E,2026,2026,bundled,all,8,weekday,1,delivery,0.001171,sdge_nbt2026
SDG&E,2026,2026,bundled,all,8,weekday,2,delivery,0.001034,sdge_nbt2026
SDG&E,2026,2026,bundled,all,8,weekday,3,delivery,0.000790,sdge_nbt2026
SDG&E,2026,2026,bundled,all,8,weekday,4,delivery,0.000786,sdge_nbt2026
SDG&E,2026,2026,bundled,all,8,weekday,5,delivery,0.000790,sdge_nbt2026
SDG&E,2026,2026,bundled,all,8,weekday,6,delivery,0.000750,sdge_nbt2026
SDG&E,2026,2026,bundled,all,8,weekday,7,delivery,0.000670,sdge_nbt2026
SDG&E,2026,2026,bundled,all,8,weekday,8,delivery,0.000606,sdge_nbt2026
SDG&E,2026,2026,bundled,all,8,weekday,9,delivery,0.000595,sdge_nbt2026
SDG&E,2026,2026,bundled,all,8,weekday,10,delivery,0.000592,sdge_nbt2026
SDG&E,2026,2026,bundled,all,8,weekday,11,delivery,0.000587,sdge_nbt2026
SDG&E,2026,2026,bundled,all,8,weekday,12,delivery,0.000586,sdge_nbt2026
SDG&E,2026,2026,bundled,all,8,weekday,13,delivery,0.000584,sdge_nbt2026
SDG&E,2026,2026,bundled,all,8,weekday,14,delivery,0.000587,sdge_nbt2026
SDG&E,2026,2026,bundled,all,8,weekday,15,delivery,0.000608,sdge_nbt2026
SDG&E,2026,2026,bundled,all,8,weekday,16,delivery,0.000786,sdge_nbt2026
SDG&E,2026,2026,bundled,all,8,weekday,17,delivery,0.097765,sdge_nbt2026
SDG&E,2026,2026,bundled,all,8,weekday,18,delivery,0.205757,sdge_nbt2026
SDG&E,2026,2026,bundled,all,8,weekday,19,delivery,0.016682,sdge_nbt2026
SDG&E,2026,2026,bundled,all,8,weekday,20,delivery,0.010681,sdge_nbt2026
SDG&E,2026,2026,bundled,all,8,weekday,21,delivery,0.004701,sdge_nbt2026
SDG&E,2026,2026,bundled,all,8,weekday,22,delivery,0.002743,sdge_nbt2026
SDG&E,2026,2026,bundled,all,8,weekday,23,delivery,0.002191,sdge_nbt2026
SDG&E,2026,2026,bundled,all,8,weekend_holiday,0,delivery,0.001732,sdge_nbt2026
SDG&E,2026,2026,bundled,all,8,weekend_holiday,1,delivery,0.001425,sdge_nbt2026
SDG&E,2026,2026,bundled,all,8,weekend_holiday,2,delivery,0.001139,sdge_nbt2026
SDG&E,2026,2026,bundled,all,8,weekend_holiday,3,delivery,0.001063,sdge_nbt2026
SDG&E,2026,2026,bundled,all,8,weekend_holiday,4,delivery,0.000741,sdge_nbt2026
SDG&E,2026,2026,bundled,all,8,weekend_holiday,5,delivery,0.000741,sdge_nbt2026
SDG&E,2026,2026,bundled,all,8,weekend_holiday,6,delivery,0.000678,sdge_nbt2026
SDG&E,2026,2026,bundled,all,8,weekend_holiday,7,delivery,0.000577,sdge_nbt2026
SDG&E,2026,2026,bundled,all,8,weekend_holiday,8,delivery,0.000404,sdge_nbt2026
SDG&E,2026,2026,bundled,all,8,weekend_holiday,9,delivery,0.000369,sdge_nbt2026
SDG&E,2026,2026,bundled,all,8,weekend_holiday,10,delivery,0.000365,sdge_nbt2026
SDG&E,2026,2026,bundled,all,8,weekend_holiday,11,delivery,0.000366,sdge_nbt2026
SDG&E,2026,2026,bundled,all,8,weekend_holiday,12,delivery,0.000334,sdge_nbt2026
SDG&E,2026,2026,bundled,all,8,weekend_holiday,13,delivery,0.000331,sdge_nbt2026
SDG&E,2026,2026,bundled,all,8,weekend_holiday,14,delivery,0.000641,sdge_nbt2026
SDG&E,2026,2026,bundled,all,8,weekend_holiday,15,delivery,0.000387,sdge_nbt2026
SDG&E,2026,2026,bundled,all,8,weekend_holiday,16,delivery,0.000438,sdge_nbt2026
SDG&E,2026,2026,bundled,all,8,weekend_holiday,17,delivery,0.000627,sdge_nbt2026
SDG&E,2026,2026,bundled,all,8,weekend_holiday,18,delivery,0.000991,sdge_nbt2026
SDG&E,2026,2026,bundled,all,8,weekend_holiday,19,delivery,0.004957,sdge_nbt2026
SDG&E,2026,2026,bundled,all,8,weekend_holiday,20,delivery,0.003760,sdge_nbt2026
SDG&E,2026,2026,bundled,all,8,weekend_holiday,21,delivery,0.002177,sdge_nbt2026
SDG&E,2026,2026,bundled,all,8,weekend_holiday,22,delivery,0.002876,sdge_nbt2026
SDG&E,2026,2026,bundled,all,8,weekend_holiday,23,delivery,0.002132,sdge_nbt2026
SDG&E,2026,2026,bundled,all,9,weekday,0,delivery,0.000862,sdge_nbt2026
SDG&E,2026,2026,bundled,all,9,weekday,1,delivery,0.000842,sdge_nbt2026
SDG&E,2026,2026,bundled,all,9,weekday,2,delivery,0.000827,sdge_nbt2026
SDG&E,2026,2026,bundled,all,9,weekday,3,delivery,0.000792,sdge_nbt2026
SDG&E,2026,2026,bundled,all,9,weekday,4,delivery,0.000780,sdge_nbt2026
SDG&E,2026,2026,bundled,all,9,weekday,5,delivery,0.000808,sdge_nbt2026
SDG&E,2026,2026,bundled,all,9,weekday,6,delivery,0.000783,sdge_nbt2026
SDG&E,2026,2026,bundled,all,9,weekday,7,delivery,0.000655,sdge_nbt2026
SDG&E,2026,2026,bundled,all,9,weekday,8,delivery,0.000585,sdge_nbt2026
SDG&E,2026,2026,bundled,all,9,weekday,9,delivery,0.000546,sdge_nbt2026
SDG&E,2026,2026,bundled,all,9,weekday,10,delivery,0.000527,sdge_nbt2026
SDG&E,2026,2026,bundled,all,9,weekday,11,delivery,0.000524,sdge_nbt2026
SDG&E,2026,2026,bundled,all,9,weekday,12,delivery,0.000523,sdge_nbt2026
SDG&E,2026,2026,bundled,all,9,weekday,13,delivery,0.002023,sdge_nbt2026
SDG&E,2026,2026,bundled,all,9,weekday,14,delivery,0.001999,sdge_nbt2026
SDG&E,2026,2026,bundled,all,9,weekday,15,delivery,0.000493,sdge_nbt2026
SDG&E,2026,2026,bundled,all,9,weekday,16,delivery,0.000575,sdge_nbt2026
SDG&E,2026,2026,bundled,all,9,weekday,17,delivery,0.000788,sdge_nbt2026
SDG&E,2026,2026,bundled,all,9,weekday,18,delivery,0.001126,sdge_nbt2026
SDG&E,2026,2026,bundled,all,9,weekday,19,delivery,0.001220,sdge_nbt2026
SDG&E,2026,2026,bundled,all,9,weekday,20,delivery,0.000938,sdge_nbt2026
SDG&E,2026,2026,bundled,all,9,weekday,21,delivery,0.000864,sdge_nbt2026
SDG&E,2026,2026,bundled,all,9,weekday,22,delivery,0.000987,sdge_nbt2026
SDG&E,2026,2026,bundled,all,9,weekday,23,delivery,0.000890,sdge_nbt2026
SDG&E,2026,2026,bundled,all,9,weekend_holiday,0,delivery,0.000990,sdge_nbt2026
SDG&E,2026,2026,bundled,all,9,weekend_holiday,1,delivery,0.001007,sdge_nbt2026
SDG&E,2026,2026,bundled,all,9,weekend_holiday,2,delivery,0.000987,sdge_nbt2026
SDG&E,2026,2026,bundled,all,9,weekend_holiday,3,delivery,0.000735,sdge_nbt2026
SDG&E,2026,2026,bundled,all,9,weekend_holiday,4,delivery,0.000726,sdge_nbt2026
SDG&E,2026,2026,bundled,all,9,weekend_holiday,5,delivery,0.000725,sdge_nbt2026
SDG&E,2026,2026,bundled,all,9,weekend_holiday,6,delivery,0.000705,sdge_nbt2026
SDG&E,2026,2026,bundled,all,9,weekend_holiday,7,delivery,0.000579,sdge_nbt2026
SDG&E,2026,2026,bundled,all,9,weekend_holiday,8,delivery,0.000341,sdge_nbt2026
SDG&E,2026,2026,bundled,all,9,weekend_holiday,9,delivery,0.000219,sdge_nbt2026
SDG&E,2026,2026,bundled,all,9,weekend_holiday,10,delivery,0.000189,sdge_nbt2026
SDG&E,2026,2026,bundled,all,9,weekend_holiday,11,delivery,0.000183,sdge_nbt2026
SDG&E,2026,2026,bundled,all,9,weekend_holiday,12,delivery,0.000156,sdge_nbt2026
SDG&E,2026,2026,bundled,all,9,weekend_holiday,13,delivery,0.000175,sdge_nbt2026
SDG&E,2026,2026,bundled,all,9,weekend_holiday,14,delivery,0.000215,sdge_nbt2026
SDG&E,2026,2026,bundled,all,9,weekend_holiday,15,delivery,0.000241,sdge_nbt2026
SDG&E,2026,2026,bundled,all,9,weekend_holiday,16,delivery,0.197694,sdge_nbt2026
SDG&E,2026,2026,bundled,all,9,weekend_holiday,17,delivery,0.414199,sdge_nbt2026
SDG&E,2026,2026,bundled,all,9,weekend_holiday,18,delivery,0.412148,sdge_nbt2026
SDG&E,2026,2026,bundled,all,9,weekend_holiday,19,delivery,0.209425,sdge_nbt2026
SDG&E,2026,2026,bundled,all,9,weekend_holiday,20,delivery,0.201186,sdge_nbt2026
SDG&E,2026,2026,bundled,all,9,weekend_holiday,21,delivery,0.001515,sdge_nbt2026
SDG&E,2026,2026,bundled,all,9,weekend_holiday,22,delivery,0.001575,sdge_nbt2026
SDG&E,2026,2026,bundled,all,9,weekend_holiday,23,delivery,0.001313,sdge_nbt2026
SDG&E,2026,2026,bundled,all,10,weekday,0,delivery,0.000834,sdge_nbt2026
SDG&E,2026,2026,bundled,all,10,weekday,1,delivery,0.000840,sdge_nbt2026
SDG&E,2026,2026,bundled,all,10,weekday,2,delivery,0.000807,sdge_nbt2026
SDG&E,2026,2026,bundled,all,10,weekday,3,delivery,0.000767,sdge_nbt2026
SDG&E,2026,2026,bundled,all,10,weekday,4,delivery,0.000767,sdge_nbt2026
SDG&E,2026,2026,bundled,all,10,weekday,5,delivery,0.000767,sdge_nbt2026
SDG&E,2026,2026,bundled,all,10,weekday,6,delivery,0.000809,sdge_nbt2026
SDG&E,2026,2026,bundled,all,10,weekday,7,delivery,0.000711,sdge_nbt2026
SDG&E,2026,2026,bundled,all,10,weekday,8,delivery,0.000613,sdge_nbt2026
SDG&E,2026,2026,bundled,all,10,weekday,9,delivery,0.000557,sdge_nbt2026
SDG&E,2026,2026,bundled,all,10,weekday,10,delivery,0.000546,sdge_nbt2026
SDG&E,2026,2026,bundled,all,10,weekday,11,delivery,0.000529,sdge_nbt2026
SDG&E,2026,2026,bundled,all,10,weekday,12,delivery,0.000522,sdge_nbt2026
SDG&E,2026,2026,bundled,all,10,weekday,13,delivery,0.000516,sdge_nbt2026
SDG&E,2026,2026,bundled,all,10,weekday,14,delivery,0.000512,sdge_nbt2026
SDG&E,2026,2026,bundled,all,10,weekday,15,delivery,0.000510,sdge_nbt2026
SDG&E,2026,2026,bundled,all,10,weekday,16,delivery,0.000566,sdge_nbt2026
SDG&E,2026,2026,bundled,all,10,weekday,17,delivery,0.098596,sdge_nbt2026
SDG&E,2026,2026,bundled,all,10,weekday,18,delivery,0.101085,sdge_nbt2026
SDG&E,2026,2026,bundled,all,10,weekday,19,delivery,0.002131,sdge_nbt2026
SDG&E,2026,2026,bundled,all,10,weekday,20,delivery,0.002088,sdge_nbt2026
SDG&E,2026,2026,bundled,all,10,weekday,21,delivery,0.000787,sdge_nbt2026
SDG&E,2026,2026,bundled,all,10,weekday,22,delivery,0.000851,sdge_nbt2026
SDG&E,2026,2026,bundled,all,10,weekday,23,delivery,0.000859,sdge_nbt2026
SDG&E,2026,2026,bundled,all,10,weekend_holiday,0,delivery,0.000761,sdge_nbt2026
SDG&E,2026,2026,bundled,all,10,weekend_holiday,1,delivery,0.000770,sdge_nbt2026
SDG&E,2026,2026,bundled,all,10,weekend_holiday,2,delivery,0.000736,sdge_nbt2026
SDG&E,2026,2026,bundled,all,10,weekend_holiday,3,delivery,0.000743,sdge_nbt2026
SDG&E,2026,2026,bundled,all,10,weekend_holiday,4,delivery,0.000727,sdge_nbt2026
SDG&E,2026,2026,bundled,all,10,weekend_holiday,5,delivery,0.000719,sdge_nbt2026
SDG&E,2026,2026,bundled,all,10,weekend_holiday,6,delivery,0.000696,sdge_nbt2026
SDG&E,2026,2026,bundled,all,10,weekend_holiday,7,delivery,0.000626,sdge_nbt2026
SDG&E,2026,2026,bundled,all,10,weekend_holiday,8,delivery,0.000413,sdge_nbt2026
SDG&E,2026,2026,bundled,all,10,weekend_holiday,9,delivery,0.000199,sdge_nbt2026
SDG&E,2026,2026,bundled,all,10,weekend_holiday,10,delivery,0.000196,sdge_nbt2026
SDG&E,2026,2026,bundled,all,10,weekend_holiday,11,delivery,0.000190,sdge_nbt2026
SDG&E,2026,2026,bundled,all,10,weekend_holiday,12,delivery,0.000188,sdge_nbt2026
SDG&E,2026,2026,bundled,all,10,weekend_holiday,13,delivery,0.000179,sdge_nbt2026
SDG&E,2026,2026,bundled,all,10,weekend_holiday,14,delivery,0.000194,sdge_nbt2026
SDG&E,2026,2026,bundled,all,10,weekend_holiday,15,delivery,0.000206,sdge_nbt2026
SDG&E,2026,2026,bundled,all,10,weekend_holiday,16,delivery,0.000360,sdge_nbt2026
SDG&E,2026,2026,bundled,all,10,weekend_holiday,17,delivery,0.000766,sdge_nbt2026
SDG&E,2026,2026,bundled,all,10,weekend_holiday,18,delivery,0.002634,sdge_nbt2026
SDG&E,2026,2026,bundled,all,10,weekend_holiday,19,delivery,0.002311,sdge_nbt2026
SDG&E,2026,2026,bundled,all,10,weekend_holiday,20,delivery,0.000765,sdge_nbt2026
SDG&E,2026,2026,bundled,all,10,weekend_holiday,21,delivery,0.000742,sdge_nbt2026
SDG&E,2026,2026,bundled,all,10,weekend_holiday,22,delivery,0.000859,sdge_nbt2026
SDG&E,2026,2026,bundled,all,10,weekend_holiday,23,delivery,0.000803,sdge_nbt2026
SDG&E,2026,2026,bundled,all,11,weekday,0,delivery,0.000785,sdge_nbt2026
SDG&E,2026,2026,bundled,all,11,weekday,1,delivery,0.000772,sdge_nbt2026
SDG&E,2026,2026,bundled,all,11,weekday,2,delivery,0.000756,sdge_nbt2026
SDG&E,2026,2026,bundled,all,11,weekday,3,delivery,0.000746,sdge_nbt2026
SDG&E,2026,2026,bundled,all,11,weekday,4,delivery,0.000785,sdge_nbt2026
SDG&E,2026,2026,bundled,all,11,weekday,5,delivery,0.000801,sdge_nbt2026
SDG&E,2026,2026,bundled,all,11,weekday,6,delivery,0.000768,sdge_nbt2026
SDG&E,2026,2026,bundled,all,11,weekday,7,delivery,0.000675,sdge_nbt2026
SDG&E,2026,2026,bundled,all,11,weekday,8,delivery,0.000581,sdge_nbt2026
SDG&E,2026,2026,bundled,all,11,weekday,9,delivery,0.000556,sdge_nbt2026
SDG&E,2026,2026,bundled,all,11,weekday,10,delivery,0.000535,sdge_nbt2026
SDG&E,2026,2026,bundled,all,11,weekday,11,delivery,0.000513,sdge_nbt2026
SDG&E,2026,2026,bundled,all,11,weekday,12,delivery,0.000500,sdge_nbt2026
SDG&E,2026,2026,bundled,all,11,weekday,13,delivery,0.000442,sdge_nbt2026
SDG&E,2026,2026,bundled,all,11,weekday,14,delivery,0.000455,sdge_nbt2026
SDG&E,2026,2026,bundled,all,11,weekday,15,delivery,0.000592,sdge_nbt2026
SDG&E,2026,2026,bundled,all,11,weekday,16,delivery,0.000846,sdge_nbt2026
SDG&E,2026,2026,bundled,all,11,weekday,17,delivery,0.000868,sdge_nbt2026
SDG&E,2026,2026,bundled,all,11,weekday,18,delivery,0.000814,sdge_nbt2026
SDG&E,2026,2026,bundled,all,11,weekday,19,delivery,0.000795,sdge_nbt2026
SDG&E,2026,2026,bundled,all,11,weekday,20,delivery,0.000785,sdge_nbt2026
SDG&E,2026,2026,bundled,all,11,weekday,21,delivery,0.000803,sdge_nbt2026
SDG&E,2026,2026,bundled,all,11,weekday,22,delivery,0.000814,sdge_nbt2026
SDG&E,2026,2026,bundled,all,11,weekday,23,delivery,0.000814,sdge_nbt2026
SDG&E,2026,2026,bundled,all,11,weekend_holiday,0,delivery,0.000751,sdge_nbt2026
SDG&E,2026,2026,bundled,all,11,weekend_holiday,1,delivery,0.000719,sdge_nbt2026
SDG&E,2026,2026,bundled,all,11,weekend_holiday,2,delivery,0.000705,sdge_nbt2026
SDG&E,2026,2026,bundled,all,11,weekend_holiday,3,delivery,0.000696,sdge_nbt2026
SDG&E,2026,2026,bundled,all,11,weekend_holiday,4,delivery,0.000703,sdge_nbt2026
SDG&E,2026,2026,bundled,all,11,weekend_holiday,5,delivery,0.000716,sdge_nbt2026
SDG&E,2026,2026,bundled,all,11,weekend_holiday,6,delivery,0.000716,sdge_nbt2026
SDG&E,2026,2026,bundled,all,11,weekend_holiday,7,delivery,0.000523,sdge_nbt2026
SDG&E,2026,2026,bundled,all,11,weekend_holiday,8,delivery,0.000332,sdge_nbt2026
SDG&E,2026,2026,bundled,all,11,weekend_holiday,9,delivery,0.000244,sdge_nbt2026
SDG&E,2026,2026,bundled,all,11,weekend_holiday,10,delivery,0.000220,sdge_nbt2026
SDG&E,2026,2026,bundled,all,11,weekend_holiday,11,delivery,0.000193,sdge_nbt2026
SDG&E,2026,2026,bundled,all,11,weekend_holiday,12,delivery,0.000190,sdge_nbt2026
SDG&E,2026,2026,bundled,all,11,weekend_holiday,13,delivery,0.000188,sdge_nbt2026
SDG&E,2026,2026,bundled,all,11,weekend_holiday,14,delivery,0.000197,sdge_nbt2026
SDG&E,2026,2026,bundled,all,11,weekend_holiday,15,delivery,0.000370,sdge_nbt2026
SDG&E,2026,2026,bundled,all,11,weekend_holiday,16,delivery,0.000725,sdge_nbt2026
SDG&E,2026,2026,bundled,all,11,weekend_holiday,17,delivery,0.000835,sdge_nbt2026
SDG&E,2026,2026,bundled,all,11,weekend_holiday,18,delivery,0.000793,sdge_nbt2026
SDG&E,2026,2026,bundled,all,11,weekend_holiday,19,delivery,0.000760,sdge_nbt2026
SDG&E,2026,2026,bundled,all,11,weekend_holiday,20,delivery,0.000740,sdge_nbt2026
SDG&E,2026,2026,bundled,all,11,weekend_holiday,21,delivery,0.000735,sdge_nbt2026
SDG&E,2026,2026,bundled,all,11,weekend_holiday,22,delivery,0.000776,sdge_nbt2026
SDG&E,2026,2026,bundled,all,11,weekend_holiday,23,delivery,0.000735,sdge_nbt2026
SDG&E,2026,2026,bundled,all,12,weekday,0,delivery,0.000803,sdge_nbt2026
SDG&E,2026,2026,bundled,all,12,weekday,1,delivery,0.000786,sdge_nbt2026
SDG&E,2026,2026,bundled,all,12,weekday,2,delivery,0.000756,sdge_nbt2026
SDG&E,2026,2026,bundled,all,12,weekday,3,delivery,0.000762,sdge_nbt2026
SDG&E,2026,2026,bundled,all,12,weekday,4,delivery,0.000782,sdge_nbt2026
SDG&E,2026,2026,bundled,all,12,weekday,5,delivery,0.000806,sdge_nbt2026
SDG&E,2026,2026,bundled,all,12,weekday,6,delivery,0.000862,sdge_nbt2026
SDG&E,2026,2026,bundled,all,12,weekday,7,delivery,0.000750,sdge_nbt2026
SDG&E,2026,2026,bundled,all,12,weekday,8,delivery,0.000663,sdge_nbt2026
SDG&E,2026,2026,bundled,all,12,weekday,9,delivery,0.000624,sdge_nbt2026
SDG&E,2026,2026,bundled,all,12,weekday,10,delivery,0.000602,sdge_nbt2026
SDG&E,2026,2026,bundled,all,12,weekday,11,delivery,0.000568,sdge_nbt2026
SDG&E,2026,2026,bundled,all,12,weekday,12,delivery,0.000532,sdge_nbt2026
SDG&E,2026,2026,bundled,all,12,weekday,13,delivery,0.000536,sdge_nbt2026
SDG&E,2026,2026,bundled,all,12,weekday,14,delivery,0.000528,sdge_nbt2026
SDG&E,2026,2026,bundled,all,12,weekday,15,delivery,0.000628,sdge_nbt2026
SDG&E,2026,2026,bundled,all,12,weekday,16,delivery,0.000859,sdge_nbt2026
SDG&E,2026,2026,bundled,all,12,weekday,17,delivery,0.000905,sdge_nbt2026
SDG&E,2026,2026,bundled,all,12,weekday,18,delivery,0.000868,sdge_nbt2026
SDG&E,2026,2026,bundled,all,12,weekday,19,delivery,0.000831,sdge_nbt2026
SDG&E,2026,2026,bundled,all,12,weekday,20,delivery,0.000820,sdge_nbt2026
SDG&E,2026,2026,bundled,all,12,weekday,21,delivery,0.000816,sdge_nbt2026
SDG&E,2026,2026,bundled,all,12,weekday,22,delivery,0.000830,sdge_nbt2026
SDG&E,2026,2026,bundled,all,12,weekday,23,delivery,0.000833,sdge_nbt2026
SDG&E,2026,2026,bundled,all,12,weekend_holiday,0,delivery,0.000745,sdge_nbt2026
SDG&E,2026,2026,bundled,all,12,weekend_holiday,1,delivery,0.000730,sdge_nbt2026
SDG&E,2026,2026,bundled,all,12,weekend_holiday,2,delivery,0.000696,sdge_nbt2026
SDG&E,2026,2026,bundled,all,12,weekend_holiday,3,delivery,0.000661,sdge_nbt2026
SDG&E,2026,2026,bundled,all,12,weekend_holiday,4,delivery,0.000651,sdge_nbt2026
SDG&E,2026,2026,bundled,all,12,weekend_holiday,5,delivery,0.000670,sdge_nbt2026
SDG&E,2026,2026,bundled,all,12,weekend_holiday,6,delivery,0.000699,sdge_nbt2026
SDG&E,2026,2026,bundled,all,12,weekend_holiday,7,delivery,0.000605,sdge_nbt2026
SDG&E,2026,2026,bundled,all,12,weekend_holiday,8,delivery,0.000392,sdge_nbt2026
SDG&E,2026,2026,bundled,all,12,weekend_holiday,9,delivery,0.000202,sdge_nbt2026
SDG&E,2026,2026,bundled,all,12,weekend_holiday,10,delivery,0.000192,sdge_nbt2026
SDG&E,2026,2026,bundled,all,12,weekend_holiday,11,delivery,0.000174,sdge_nbt2026
SDG&E,2026,2026,bundled,all,12,weekend_holiday,12,delivery,0.000186,sdge_nbt2026
SDG&E,2026,2026,bundled,all,12,weekend_holiday,13,delivery,0.000133,sdge_nbt2026
SDG&E,2026,2026,bundled,all,12,weekend_holiday,14,delivery,0.000127,sdge_nbt2026
SDG&E,2026,2026,bundled,all,12,weekend_holiday,15,delivery,0.000375,sdge_nbt2026
SDG&E,2026,2026,bundled,all,12,weekend_holiday,16,delivery,0.000759,sdge_nbt2026
SDG&E,2026,2026,bundled,all,12,weekend_holiday,17,delivery,0.000808,sdge_nbt2026
SDG&E,2026,2026,bundled,all,12,weekend_holiday,18,delivery,0.000788,sdge_nbt2026
SDG&E,2026,2026,bundled,all,12,weekend_holiday,19,delivery,0.000749,sdge_nbt2026
SDG&E,2026,2026,bundled,all,12,weekend_holiday,20,delivery,0.000738,sdge_nbt2026
SDG&E,2026,2026,bundled,all,12,weekend_holiday,21,delivery,0.000694,sdge_nbt2026
SDG&E,2026,2026,bundled,all,12,weekend_holiday,22,delivery,0.000706,sdge_nbt2026
SDG&E,2026,2026,bundled,all,12,weekend_holiday,23,delivery,0.000696,sdge_nbt2026
SDG&E,2026,2026,bundled,all,1,weekday,0,generation,0.088018,sdge_nbt2026
SDG&E,2026,2026,bundled,all,1,weekday,1,generation,0.085915,sdge_nbt2026
SDG&E,2026,2026,bundled,all,1,weekday,2,generation,0.083690,sdge_nbt2026
SDG&E,2026,2026,bundled,all,1,weekday,3,generation,0.083209,sdge_nbt2026
SDG&E,2026,2026,bundled,all,1,weekday,4,generation,0.085251,sdge_nbt2026
SDG&E,2026,2026,bundled,all,1,weekday,5,generation,0.088858,sdge_nbt2026
SDG&E,2026,2026,bundled,all,1,weekday,6,generation,0.089110,sdge_nbt2026
SDG&E,2026,2026,bundled,all,1,weekday,7,generation,0.084378,sdge_nbt2026
SDG&E,2026,2026,bundled,all,1,weekday,8,generation,0.072582,sdge_nbt2026
SDG&E,2026,2026,bundled,all,1,weekday,9,generation,0.064781,sdge_nbt2026
SDG&E,2026,2026,bundled,all,1,weekday,10,generation,0.063119,sdge_nbt2026
SDG&E,2026,2026,bundled,all,1,weekday,11,generation,0.062418,sdge_nbt2026
SDG&E,2026,2026,bundled,all,1,weekday,12,generation,0.062357,sdge_nbt2026
SDG&E,2026,2026,bundled,all,1,weekday,13,generation,0.059677,sdge_nbt2026
SDG&E,2026,2026,bundled,all,1,weekday,14,generation,0.058795,sdge_nbt2026
SDG&E,2026,2026,bundled,all,1,weekday,15,generation,0.060686,sdge_nbt2026
SDG&E,2026,2026,bundled,all,1,weekday,16,generation,0.077365,sdge_nbt2026
SDG&E,2026,2026,bundled,all,1,weekday,17,generation,0.107372,sdge_nbt2026
SDG&E,2026,2026,bundled,all,1,weekday,18,generation,0.098065,sdge_nbt2026
SDG&E,2026,2026,bundled,all,1,weekday,19,generation,0.088746,sdge_nbt2026
SDG&E,2026,2026,bundled,all,1,weekday,20,generation,0.087669,sdge_nbt2026
SDG&E,2026,2026,bundled,all,1,weekday,21,generation,0.088297,sdge_nbt2026
SDG&E,2026,2026,bundled,all,1,weekday,22,generation,0.091993,sdge_nbt2026
SDG&E,2026,2026,bundled,all,1,weekday,23,generation,0.089653,sdge_nbt2026
SDG&E,2026,2026,bundled,all,1,weekend_holiday,0,generation,0.087115,sdge_nbt2026
SDG&E,2026,2026,bundled,all,1,weekend_holiday,1,generation,0.087709,sdge_nbt2026
SDG&E,2026,2026,bundled,all,1,weekend_holiday,2,generation,0.085820,sdge_nbt2026
SDG&E,2026,2026,bundled,all,1,weekend_holiday,3,generation,0.084591,sdge_nbt2026
SDG&E,2026,2026,bundled,all,1,weekend_holiday,4,generation,0.083490,sdge_nbt2026
SDG&E,2026,2026,bundled,all,1,weekend_holiday,5,generation,0.084578,sdge_nbt2026
SDG&E,2026,2026,bundled,all,1,weekend_holiday,6,generation,0.087148,sdge_nbt2026
SDG&E,2026,2026,bundled,all,1,weekend_holiday,7,generation,0.078840,sdge_nbt2026
SDG&E,2026,2026,bundled,all,1,weekend_holiday,8,generation,0.065039,sdge_nbt2026
SDG&E,2026,2026,bundled,all,1,weekend_holiday,9,generation,0.055379,sdge_nbt2026
SDG&E,2026,2026,bundled,all,1,weekend_holiday,10,generation,0.053811,sdge_nbt2026
SDG&E,2026,2026,bundled,all,1,weekend_holiday,11,generation,0.052555,sdge_nbt2026
SDG&E,2026,2026,bundled,all,1,weekend_holiday,12,generation,0.052897,sdge_nbt2026
SDG&E,2026,2026,bundled,all,1,weekend_holiday,13,generation,0.047929,sdge_nbt2026
SDG&E,2026,2026,bundled,all,1,weekend_holiday,14,generation,0.051885,sdge_nbt2026
SDG&E,2026,2026,bundled,all,1,weekend_holiday,15,generation,0.053747,sdge_nbt2026
SDG&E,2026,2026,bundled,all,1,weekend_holiday,16,generation,0.078291,sdge_nbt2026
SDG&E,2026,2026,bundled,all,1,weekend_holiday,17,generation,0.103274,sdge_nbt2026
SDG&E,2026,2026,bundled,all,1,weekend_holiday,18,generation,0.092955,sdge_nbt2026
SDG&E,2026,2026,bundled,all,1,weekend_holiday,19,generation,0.085931,sdge_nbt2026
SDG&E,2026,2026,bundled,all,1,weekend_holiday,20,generation,0.084845,sdge_nbt2026
SDG&E,2026,2026,bundled,all,1,weekend_holiday,21,generation,0.084078,sdge_nbt2026
SDG&E,2026,2026,bundled,all,1,weekend_holiday,22,generation,0.087486,sdge_nbt2026
SDG&E,2026,2026,bundled,all,1,weekend_holiday,23,generation,0.084263,sdge_nbt2026
SDG&E,2026,2026,bundled,all,2,weekday,0,generation,0.087211,sdge_nbt2026
SDG&E,2026,2026,bundled,all,2,weekday,1,generation,0.084694,sdge_nbt2026
SDG&E,2026,2026,bundled,all,2,weekday,2,generation,0.086510,sdge_nbt2026
SDG&E,2026,2026,bundled,all,2,weekday,3,generation,0.086651,sdge_nbt2026
SDG&E,2026,2026,bundled,all,2,weekday,4,generation,0.088635,sdge_nbt2026
SDG&E,2026,2026,bundled,all,2,weekday,5,generation,0.087078,sdge_nbt2026
SDG&E,2026,2026,bundled,all,2,weekday,6,generation,0.083555,sdge_nbt2026
SDG&E,2026,2026,bundled,all,2,weekday,7,generation,0.080407,sdge_nbt2026
SDG&E,2026,2026,bundled,all,2,weekday,8,generation,0.061726,sdge_nbt2026
SDG&E,2026,2026,bundled,all,2,weekday,9,generation,0.051618,sdge_nbt2026
SDG&E,2026,2026,bundled,all,2,weekday,10,generation,0.048867,sdge_nbt2026
SDG&E,2026,2026,bundled,all,2,weekday,11,generation,0.046968,sdge_nbt2026
SDG&E,2026,2026,bundled,all,2,weekday,12,generation,0.043637,sdge_nbt2026
SDG&E,2026,2026,bundled,all,2,weekday,13,generation,0.038952,sdge_nbt2026
SDG&E,2026,2026,bundled,all,2,weekday,14,generation,0.032512,sdge_nbt2026
SDG&E,2026,2026,bundled,all,2,weekday,15,generation,0.030660,sdge_nbt2026
SDG&E,2026,2026,bundled,all,2,weekday,16,generation,0.064080,sdge_nbt2026
SDG&E,2026,2026,bundled,all,2,weekday,17,generation,0.106246,sdge_nbt2026
SDG&E,2026,2026,bundled,all,2,weekday,18,generation,0.091132,sdge_nbt2026
SDG&E,2026,2026,bundled,all,2,weekday,19,generation,0.085484,sdge_nbt2026
SDG&E,2026,2026,bundled,all,2,weekday,20,generation,0.085911,sdge_nbt2026
SDG&E,2026,2026,bundled,all,2,weekday,21,generation,0.083049,sdge_nbt2026
SDG&E,2026,2026,bundled,all,2,weekday,22,generation,0.090105,sdge_nbt2026
SDG&E,2026,2026,bundled,all,2,weekday,23,generation,0.086358,sdge_nbt2026
SDG&E,2026,2026,bundled,all,2,weekend_holiday,0,generation,0.083700,sdge_nbt2026
SDG&E,2026,2026,bundled,all,2,weekend_holiday,1,generation,0.084721,sdge_nbt2026
SDG&E,2026,2026,bundled,all,2,weekend_holiday,2,generation,0.083380,sdge_nbt2026
SDG&E,2026,2026,bundled,all,2,weekend_holiday,3,generation,0.083224,sdge_nbt2026
SDG&E,2026,2026,bundled,all,2,weekend_holiday,4,generation,0.082277,sdge_nbt2026
SDG&E,2026,2026,bundled,all,2,weekend_holiday,5,generation,0.082089,sdge_nbt2026
SDG&E,2026,2026,bundled,all,2,weekend_holiday,6,generation,0.078425,sdge_nbt2026
SDG&E,2026,2026,bundled,all,2,weekend_holiday,7,generation,0.069307,sdge_nbt2026
SDG&E,2026,2026,bundled,all,2,weekend_holiday,8,generation,0.047325,sdge_nbt2026
SDG&E,2026,2026,bundled,all,2,weekend_holiday,9,generation,0.026768,sdge_nbt2026
SDG&E,2026,2026,bundled,all,2,weekend_holiday,10,generation,0.026735,sdge_nbt2026
SDG&E,2026,2026,bundled,all,2,weekend_holiday,11,generation,0.024482,sdge_nbt2026
SDG&E,2026,2026,bundled,all,2,weekend_holiday,12,generation,0.024157,sdge_nbt2026
SDG&E,2026,2026,bundled,all,2,weekend_holiday,13,generation,0.021857,sdge_nbt2026
SDG&E,2026,2026,bundled,all,2,weekend_holiday,14,generation,0.021434,sdge_nbt2026
SDG&E,2026,2026,bundled,all,2,weekend_holiday,15,generation,0.018795,sdge_nbt2026
SDG&E,2026,2026,bundled,all,2,weekend_holiday,16,generation,0.056380,sdge_nbt2026
SDG&E,2026,2026,bundled,all,2,weekend_holiday,17,generation,0.096896,sdge_nbt2026
SDG&E,2026,2026,bundled,all,2,weekend_holiday,18,generation,0.099606,sdge_nbt2026
SDG&E,2026,2026,bundled,all,2,weekend_holiday,19,generation,0.088100,sdge_nbt2026
SDG&E,2026,2026,bundled,all,2,weekend_holiday,20,generation,0.085150,sdge_nbt2026
SDG&E,2026,2026,bundled,all,2,weekend_holiday,21,generation,0.082132,sdge_nbt2026
SDG&E,2026,2026,bundled,all,2,weekend_holiday,22,generation,0.083095,sdge_nbt2026
SDG&E,2026,2026,bundled,all,2,weekend_holiday,23,generation,0.089704,sdge_nbt2026
SDG&E,2026,2026,bundled,all,3,weekday,0,generation,0.072942,sdge_nbt2026
SDG&E,2026,2026,bundled,all,3,weekday,1,generation,0.069432,sdge_nbt2026
SDG&E,2026,2026,bundled,all,3,weekday,2,generation,0.065563,sdge_nbt2026
SDG&E,2026,2026,bundled,all,3,weekday,3,generation,0.064982,sdge_nbt2026
SDG&E,2026,2026,bundled,all,3,weekday,4,generation,0.066131,sdge_nbt2026
SDG&E,2026,2026,bundled,all,3,weekday,5,generation,0.069222,sdge_nbt2026
SDG&E,2026,2026,bundled,all,3,weekday,6,generation,0.071449,sdge_nbt2026
SDG&E,2026,2026,bundled,all,3,weekday,7,generation,0.064540,sdge_nbt2026
SDG&E,2026,2026,bundled,all,3,weekday,8,generation,0.045923,sdge_nbt2026
SDG&E,2026,2026,bundled,all,3,weekday,9,generation,0.021434,sdge_nbt2026
SDG&E,2026,2026,bundled,all,3,weekday,10,generation,0.016923,sdge_nbt2026
SDG&E,2026,2026,bundled,all,3,weekday,11,generation,0.015751,sdge_nbt2026
SDG&E,2026,2026,bundled,all,3,weekday,12,generation,0.016005,sdge_nbt2026
SDG&E,2026,2026,bundled,all,3,weekday,13,generation,0.011977,sdge_nbt2026
SDG&E,2026,2026,bundled,all,3,weekday,14,generation,0.010416,sdge_nbt2026
SDG&E,2026,2026,bundled,all,3,weekday,15,generation,0.011533,sdge_nbt2026
SDG&E,2026,2026,bundled,all,3,weekday,16,generation,0.022442,sdge_nbt2026
SDG&E,2026,2026,bundled,all,3,weekday,17,generation,0.055682,sdge_nbt2026
SDG&E,2026,2026,bundled,all,3,weekday,18,generation,0.080180,sdge_nbt2026
SDG&E,2026,2026,bundled,all,3,weekday,19,generation,0.079117,sdge_nbt2026
SDG&E,2026,2026,bundled,all,3,weekday,20,generation,0.074230,sdge_nbt2026
SDG&E,2026,2026,bundled,all,3,weekday,21,generation,0.071380,sdge_nbt2026
SDG&E,2026,2026,bundled,all,3,weekday,22,generation,0.067400,sdge_nbt2026
SDG&E,2026,2026,bundled,all,3,weekday,23,generation,0.068997,sdge_nbt2026
SDG&E,2026,2026,bundled,all,3,weekend_holiday,0,generation,0.066161,sdge_nbt2026
SDG&E,2026,2026,bundled,all,3,weekend_holiday,1,generation,0.067403,sdge_nbt2026
SDG&E,2026,2026,bundled,all,3,weekend_holiday,2,generation,0.068719,sdge_nbt2026
SDG&E,2026,2026,bundled,all,3,weekend_holiday,3,generation,0.070252,sdge_nbt2026
SDG&E,2026,2026,bundled,all,3,weekend_holiday,4,generation,0.069248,sdge_nbt2026
SDG&E,2026,2026,bundled,all,3,weekend_holiday,5,generation,0.069209,sdge_nbt2026
SDG&E,2026,2026,bundled,all,3,weekend_holiday,6,generation,0.066733,sdge_nbt2026
SDG&E,2026,2026,bundled,all,3,weekend_holiday,7,generation,0.060302,sdge_nbt2026
SDG&E,2026,2026,bundled,all,3,weekend_holiday,8,generation,0.006254,sdge_nbt2026
SDG&E,2026,2026,bundled,all,3,weekend_holiday,9,generation,0.001806,sdge_nbt2026
SDG&E,2026,2026,bundled,all,3,weekend_holiday,10,generation,0.004570,sdge_nbt2026
SDG&E,2026,2026,bundled,all,3,weekend_holiday,11,generation,0.002826,sdge_nbt2026
SDG&E,2026,2026,bundled,all,3,weekend_holiday,12,generation,0.000609,sdge_nbt2026
SDG&E,2026,2026,bundled,all,3,weekend_holiday,13,generation,0.000594,sdge_nbt2026
SDG&E,2026,2026,bundled,all,3,weekend_holiday,14,generation,0.000000,sdge_nbt2026
SDG&E,2026,2026,bundled,all,3,weekend_holiday,15,generation,0.003751,sdge_nbt2026
SDG&E,2026,2026,bundled,all,3,weekend_holiday,16,generation,0.016194,sdge_nbt2026
SDG&E,2026,2026,bundled,all,3,weekend_holiday,17,generation,0.031105,sdge_nbt2026
SDG&E,2026,2026,bundled,all,3,weekend_holiday,18,generation,0.069955,sdge_nbt2026
SDG&E,2026,2026,bundled,all,3,weekend_holiday,19,generation,0.072519,sdge_nbt2026
SDG&E,2026,2026,bundled,all,3,weekend_holiday,20,generation,0.070148,sdge_nbt2026
SDG&E,2026,2026,bundled,all,3,weekend_holiday,21,generation,0.069687,sdge_nbt2026
SDG&E,2026,2026,bundled,all,3,weekend_holiday,22,generation,0.067888,sdge_nbt2026
SDG&E,2026,2026,bundled,all,3,weekend_holiday,23,generation,0.064196,sdge_nbt2026
SDG&E,2026,2026,bundled,all,4,weekday,0,generation,0.073127,sdge_nbt2026
SDG&E,2026,2026,bundled,all,4,weekday,1,generation,0.071043,sdge_nbt2026
SDG&E,2026,2026,bundled,all,4,weekday,2,generation,0.075999,sdge_nbt2026
SDG&E,2026,2026,bundled,all,4,weekday,3,generation,0.073604,sdge_nbt2026
SDG&E,2026,2026,bundled,all,4,weekday,4,generation,0.072572,sdge_nbt2026
SDG&E,2026,2026,bundled,all,4,weekday,5,generation,0.075599,sdge_nbt2026
SDG&E,2026,2026,bundled,all,4,weekday,6,generation,0.067171,sdge_nbt2026
SDG&E,2026,2026,bundled,all,4,weekday,7,generation,0.054033,sdge_nbt2026
SDG&E,2026,2026,bundled,all,4,weekday,8,generation,0.012223,sdge_nbt2026
SDG&E,2026,2026,bundled,all,4,weekday,9,generation,0.004745,sdge_nbt2026
SDG&E,2026,2026,bundled,all,4,weekday,10,generation,0.007856,sdge_nbt2026
SDG&E,2026,2026,bundled,all,4,weekday,11,generation,0.006946,sdge_nbt2026
SDG&E,2026,2026,bundled,all,4,weekday,12,generation,0.004055,sdge_nbt2026
SDG&E,2026,2026,bundled,all,4,weekday,13,generation,0.001443,sdge_nbt2026
SDG&E,2026,2026,bundled,all,4,weekday,14,generation,0.000599,sdge_nbt2026
SDG&E,2026,2026,bundled,all,4,weekday,15,generation,0.000124,sdge_nbt2026
SDG&E,2026,2026,bundled,all,4,weekday,16,generation,0.000756,sdge_nbt2026
SDG&E,2026,2026,bundled,all,4,weekday,17,generation,0.004565,sdge_nbt2026
SDG&E,2026,2026,bundled,all,4,weekday,18,generation,0.072585,sdge_nbt2026
SDG&E,2026,2026,bundled,all,4,weekday,19,generation,0.072367,sdge_nbt2026
SDG&E,2026,2026,bundled,all,4,weekday,20,generation,0.071607,sdge_nbt2026
SDG&E,2026,2026,bundled,all,4,weekday,21,generation,0.070149,sdge_nbt2026
SDG&E,2026,2026,bundled,all,4,weekday,22,generation,0.067566,sdge_nbt2026
SDG&E,2026,2026,bundled,all,4,weekday,23,generation,0.073733,sdge_nbt2026
SDG&E,2026,2026,bundled,all,4,weekend_holiday,0,generation,0.063637,sdge_nbt2026
SDG&E,2026,2026,bundled,all,4,weekend_holiday,1,generation,0.064342,sdge_nbt2026
SDG&E,2026,2026,bundled,all,4,weekend_holiday,2,generation,0.071370,sdge_nbt2026
SDG&E,2026,2026,bundled,all,4,weekend_holiday,3,generation,0.075534,sdge_nbt2026
SDG&E,2026,2026,bundled,all,4,weekend_holiday,4,generation,0.071918,sdge_nbt2026
SDG&E,2026,2026,bundled,all,4,weekend_holiday,5,generation,0.073030,sdge_nbt2026
SDG&E,2026,2026,bundled,all,4,weekend_holiday,6,generation,0.066399,sdge_nbt2026
SDG&E,2026,2026,bundled,all,4,weekend_holiday,7,generation,0.044459,sdge_nbt2026
SDG&E,2026,2026,bundled,all,4,weekend_holiday,8,generation,0.001525,sdge_nbt2026
SDG&E,2026,2026,bundled,all,4,weekend_holiday,9,generation,0.001775,sdge_nbt2026
SDG&E,2026,2026,bundled,all,4,weekend_holiday,10,generation,0.007402,sdge_nbt2026
SDG&E,2026,2026,bundled,all,4,weekend_holiday,11,generation,0.004373,sdge_nbt2026
SDG&E,2026,2026,bundled,all,4,weekend_holiday,12,generation,0.000720,sdge_nbt2026
SDG&E,2026,2026,bundled,all,4,weekend_holiday,13,generation,0.000000,sdge_nbt2026
SDG&E,2026,2026,bundled,all,4,weekend_holiday,14,generation,0.000000,sdge_nbt2026
SDG&E,2026,2026,bundled,all,4,weekend_holiday,15,generation,0.000000,sdge_nbt2026
SDG&E,2026,2026,bundled,all,4,weekend_holiday,16,generation,0.000000,sdge_nbt2026
SDG&E,2026,2026,bundled,all,4,weekend_holiday,17,generation,0.002627,sdge_nbt2026
SDG&E,2026,2026,bundled,all,4,weekend_holiday,18,generation,0.067669,sdge_nbt2026
SDG&E,2026,2026,bundled,all,4,weekend_holiday,19,generation,0.077363,sdge_nbt2026
SDG&E,2026,2026,bundled,all,4,weekend_holiday,20,generation,0.065678,sdge_nbt2026
SDG&E,2026,2026,bundled,all,4,weekend_holiday,21,generation,0.066559,sdge_nbt2026
SDG&E,2026,2026,bundled,all,4,weekend_holiday,22,generation,0.065205,sdge_nbt2026
SDG&E,2026,2026,bundled,all,4,weekend_holiday,23,generation,0.067307,sdge_nbt2026
SDG&E,2026,2026,bundled,all,5,weekday,0,generation,0.076086,sdge_nbt2026
SDG&E,2026,2026,bundled,all,5,weekday,1,generation,0.072081,sdge_nbt2026
SDG&E,2026,2026,bundled,all,5,weekday,2,generation,0.074545,sdge_nbt2026
SDG&E,2026,2026,bundled,all,5,weekday,3,generation,0.078874,sdge_nbt2026
SDG&E,2026,2026,bundled,all,5,weekday,4,generation,0.079276,sdge_nbt2026
SDG&E,2026,2026,bundled,all,5,weekday,5,generation,0.072949,sdge_nbt2026
SDG&E,2026,2026,bundled,all,5,weekday,6,generation,0.064935,sdge_nbt2026
SDG&E,2026,2026,bundled,all,5,weekday,7,generation,0.061039,sdge_nbt2026
SDG&E,2026,2026,bundled,all,5,weekday,8,generation,0.022328,sdge_nbt2026
SDG&E,2026,2026,bundled,all,5,weekday,9,generation,0.011810,sdge_nbt2026
SDG&E,2026,2026,bundled,all,5,weekday,10,generation,0.012951,sdge_nbt2026
SDG&E,2026,2026,bundled,all,5,weekday,11,generation,0.009804,sdge_nbt2026
SDG&E,2026,2026,bundled,all,5,weekday,12,generation,0.009320,sdge_nbt2026
SDG&E,2026,2026,bundled,all,5,weekday,13,generation,0.010304,sdge_nbt2026
SDG&E,2026,2026,bundled,all,5,weekday,14,generation,0.008748,sdge_nbt2026
SDG&E,2026,2026,bundled,all,5,weekday,15,generation,0.008340,sdge_nbt2026
SDG&E,2026,2026,bundled,all,5,weekday,16,generation,0.011268,sdge_nbt2026
SDG&E,2026,2026,bundled,all,5,weekday,17,generation,0.031589,sdge_nbt2026
SDG&E,2026,2026,bundled,all,5,weekday,18,generation,0.079269,sdge_nbt2026
SDG&E,2026,2026,bundled,all,5,weekday,19,generation,0.084510,sdge_nbt2026
SDG&E,2026,2026,bundled,all,5,weekday,20,generation,0.073731,sdge_nbt2026
SDG&E,2026,2026,bundled,all,5,weekday,21,generation,0.072171,sdge_nbt2026
SDG&E,2026,2026,bundled,all,5,weekday,22,generation,0.073531,sdge_nbt2026
SDG&E,2026,2026,bundled,all,5,weekday,23,generation,0.074609,sdge_nbt2026
SDG&E,2026,2026,bundled,all,5,weekend_holiday,0,generation,0.067349,sdge_nbt2026
SDG&E,2026,2026,bundled,all,5,weekend_holiday,1,generation,0.068972,sdge_nbt2026
SDG&E,2026,2026,bundled,all,5,weekend_holiday,2,generation,0.078746,sdge_nbt2026
SDG&E,2026,2026,bundled,all,5,weekend_holiday,3,generation,0.080005,sdge_nbt2026
SDG&E,2026,2026,bundled,all,5,weekend_holiday,4,generation,0.075073,sdge_nbt2026
SDG&E,2026,2026,bundled,all,5,weekend_holiday,5,generation,0.068596,sdge_nbt2026
SDG&E,2026,2026,bundled,all,5,weekend_holiday,6,generation,0.066631,sdge_nbt2026
SDG&E,2026,2026,bundled,all,5,weekend_holiday,7,generation,0.031618,sdge_nbt2026
SDG&E,2026,2026,bundled,all,5,weekend_holiday,8,generation,0.001891,sdge_nbt2026
SDG&E,2026,2026,bundled,all,5,weekend_holiday,9,generation,0.004459,sdge_nbt2026
SDG&E,2026,2026,bundled,all,5,weekend_holiday,10,generation,0.004213,sdge_nbt2026
SDG&E,2026,2026,bundled,all,5,weekend_holiday,11,generation,0.004914,sdge_nbt2026
SDG&E,2026,2026,bundled,all,5,weekend_holiday,12,generation,0.004438,sdge_nbt2026
SDG&E,2026,2026,bundled,all,5,weekend_holiday,13,generation,0.003787,sdge_nbt2026
SDG&E,2026,2026,bundled,all,5,weekend_holiday,14,generation,0.000000,sdge_nbt2026
SDG&E,2026,2026,bundled,all,5,weekend_holiday,15,generation,0.000000,sdge_nbt2026
SDG&E,2026,2026,bundled,all,5,weekend_holiday,16,generation,0.000000,sdge_nbt2026
SDG&E,2026,2026,bundled,all,5,weekend_holiday,17,generation,0.000633,sdge_nbt2026
SDG&E,2026,2026,bundled,all,5,weekend_holiday,18,generation,0.056294,sdge_nbt2026
SDG&E,2026,2026,bundled,all,5,weekend_holiday,19,generation,0.082698,sdge_nbt2026
SDG&E,2026,2026,bundled,all,5,weekend_holiday,20,generation,0.075623,sdge_nbt2026
SDG&E,2026,2026,bundled,all,5,weekend_holiday,21,generation,0.073472,sdge_nbt2026
SDG&E,2026,2026,bundled,all,5,weekend_holiday,22,generation,0.073349,sdge_nbt2026
SDG&E,2026,2026,bundled,all,5,weekend_holiday,23,generation,0.074792,sdge_nbt2026
SDG&E,2026,2026,bundled,all,6,weekday,0,generation,0.074269,sdge_nbt2026
SDG&E,2026,2026,bundled,all,6,weekday,1,generation,0.072218,sdge_nbt2026
SDG&E,2026,2026,bundled,all,6,weekday,2,generation,0.069186,sdge_nbt2026
SDG&E,2026,2026,bundled,all,6,weekday,3,generation,0.072370,sdge_nbt2026
SDG&E,2026,2026,bundled,all,6,weekday,4,generation,0.070089,sdge_nbt2026
SDG&E,2026,2026,bundled,all,6,weekday,5,generation,0.069092,sdge_nbt2026
SDG&E,2026,2026,bundled,all,6,weekday,6,generation,0.065279,sdge_nbt2026
SDG&E,2026,2026,bundled,all,6,weekday,7,generation,0.059607,sdge_nbt2026
SDG&E,2026,2026,bundled,all,6,weekday,8,generation,0.041389,sdge_nbt2026
SDG&E,2026,2026,bundled,all,6,weekday,9,generation,0.034757,sdge_nbt2026
SDG&E,2026,2026,bundled,all,6,weekday,10,generation,0.032729,sdge_nbt2026
SDG&E,2026,2026,bundled,all,6,weekday,11,generation,0.028239,sdge_nbt2026
SDG&E,2026,2026,bundled,all,6,weekday,12,generation,0.027880,sdge_nbt2026
SDG&E,2026,2026,bundled,all,6,weekday,13,generation,0.028766,sdge_nbt2026
SDG&E,2026,2026,bundled,all,6,weekday,14,generation,0.032774,sdge_nbt2026
SDG&E,2026,2026,bundled,all,6,weekday,15,generation,0.027245,sdge_nbt2026
SDG&E,2026,2026,bundled,all,6,weekday,16,generation,0.030609,sdge_nbt2026
SDG&E,2026,2026,bundled,all,6,weekday,17,generation,0.042889,sdge_nbt2026
SDG&E,2026,2026,bundled,all,6,weekday,18,generation,0.085143,sdge_nbt2026
SDG&E,2026,2026,bundled,all,6,weekday,19,generation,0.087481,sdge_nbt2026
SDG&E,2026,2026,bundled,all,6,weekday,20,generation,0.083371,sdge_nbt2026
SDG&E,2026,2026,bundled,all,6,weekday,21,generation,0.080033,sdge_nbt2026
SDG&E,2026,2026,bundled,all,6,weekday,22,generation,0.074796,sdge_nbt2026
SDG&E,2026,2026,bundled,all,6,weekday,23,generation,0.069175,sdge_nbt2026
SDG&E,2026,2026,bundled,all,6,weekend_holiday,0,generation,0.070315,sdge_nbt2026
SDG&E,2026,2026,bundled,all,6,weekend_holiday,1,generation,0.068271,sdge_nbt2026
SDG&E,2026,2026,bundled,all,6,weekend_holiday,2,generation,0.068284,sdge_nbt2026
SDG&E,2026,2026,bundled,all,6,weekend_holiday,3,generation,0.068651,sdge_nbt2026
SDG&E,2026,2026,bundled,all,6,weekend_holiday,4,generation,0.065909,sdge_nbt2026
SDG&E,2026,2026,bundled,all,6,weekend_holiday,5,generation,0.081987,sdge_nbt2026
SDG&E,2026,2026,bundled,all,6,weekend_holiday,6,generation,0.068145,sdge_nbt2026
SDG&E,2026,2026,bundled,all,6,weekend_holiday,7,generation,0.056294,sdge_nbt2026
SDG&E,2026,2026,bundled,all,6,weekend_holiday,8,generation,0.017435,sdge_nbt2026
SDG&E,2026,2026,bundled,all,6,weekend_holiday,9,generation,0.012918,sdge_nbt2026
SDG&E,2026,2026,bundled,all,6,weekend_holiday,10,generation,0.017365,sdge_nbt2026
SDG&E,2026,2026,bundled,all,6,weekend_holiday,11,generation,0.011007,sdge_nbt2026
SDG&E,2026,2026,bundled,all,6,weekend_holiday,12,generation,0.012000,sdge_nbt2026
SDG&E,2026,2026,bundled,all,6,weekend_holiday,13,generation,0.006802,sdge_nbt2026
SDG&E,2026,2026,bundled,all,6,weekend_holiday,14,generation,0.008566,sdge_nbt2026
SDG&E,2026,2026,bundled,all,6,weekend_holiday,15,generation,0.008731,sdge_nbt2026
SDG&E,2026,2026,bundled,all,6,weekend_holiday,16,generation,0.009594,sdge_nbt2026
SDG&E,2026,2026,bundled,all,6,weekend_holiday,17,generation,0.020773,sdge_nbt2026
SDG&E,2026,2026,bundled,all,6,weekend_holiday,18,generation,0.069273,sdge_nbt2026
SDG&E,2026,2026,bundled,all,6,weekend_holiday,19,generation,0.092310,sdge_nbt2026
SDG&E,2026,2026,bundled,all,6,weekend_holiday,20,generation,0.079939,sdge_nbt2026
SDG&E,2026,2026,bundled,all,6,weekend_holiday,21,generation,0.075855,sdge_nbt2026
SDG&E,2026,2026,bundled,all,6,weekend_holiday,22,generation,0.075180,sdge_nbt2026
SDG&E,2026,2026,bundled,all,6,weekend_holiday,23,generation,0.071285,sdge_nbt2026
SDG&E,2026,2026,bundled,all,7,weekday,0,generation,0.070886,sdge_nbt2026
SDG&E,2026,2026,bundled,all,7,weekday,1,generation,0.071468,sdge_nbt2026
SDG&E,2026,2026,bundled,all,7,weekday,2,generation,0.068711,sdge_nbt2026
SDG&E,2026,2026,bundled,all,7,weekday,3,generation,0.069546,sdge_nbt2026
SDG&E,2026,2026,bundled,all,7,weekday,4,generation,0.066988,sdge_nbt2026
SDG&E,2026,2026,bundled,all,7,weekday,5,generation,0.066891,sdge_nbt2026
SDG&E,2026,2026,bundled,all,7,weekday,6,generation,0.069852,sdge_nbt2026
SDG&E,2026,2026,bundled,all,7,weekday,7,generation,0.066528,sdge_nbt2026
SDG&E,2026,2026,bundled,all,7,weekday,8,generation,0.063334,sdge_nbt2026
SDG&E,2026,2026,bundled,all,7,weekday,9,generation,0.056540,sdge_nbt2026
SDG&E,2026,2026,bundled,all,7,weekday,10,generation,0.057636,sdge_nbt2026
SDG&E,2026,2026,bundled,all,7,weekday,11,generation,0.055463,sdge_nbt2026
SDG&E,2026,2026,bundled,all,7,weekday,12,generation,0.051343,sdge_nbt2026
SDG&E,2026,2026,bundled,all,7,weekday,13,generation,0.047215,sdge_nbt2026
SDG&E,2026,2026,bundled,all,7,weekday,14,generation,0.046995,sdge_nbt2026
SDG&E,2026,2026,bundled,all,7,weekday,15,generation,0.049198,sdge_nbt2026
SDG&E,2026,2026,bundled,all,7,weekday,16,generation,0.047588,sdge_nbt2026
SDG&E,2026,2026,bundled,all,7,weekday,17,generation,0.060355,sdge_nbt2026
SDG&E,2026,2026,bundled,all,7,weekday,18,generation,0.095916,sdge_nbt2026
SDG&E,2026,2026,bundled,all,7,weekday,19,generation,0.104757,sdge_nbt2026
SDG&E,2026,2026,bundled,all,7,weekday,20,generation,0.090912,sdge_nbt2026
SDG&E,2026,2026,bundled,all,7,weekday,21,generation,0.081586,sdge_nbt2026
SDG&E,2026,2026,bundled,all,7,weekday,22,generation,0.078626,sdge_nbt2026
SDG&E,2026,2026,bundled,all,7,weekday,23,generation,0.072629,sdge_nbt2026
SDG&E,2026,2026,bundled,all,7,weekend_holiday,0,generation,0.077270,sdge_nbt2026
SDG&E,2026,2026,bundled,all,7,weekend_holiday,1,generation,0.071370,sdge_nbt2026
SDG&E,2026,2026,bundled,all,7,weekend_holiday,2,generation,0.068981,sdge_nbt2026
SDG&E,2026,2026,bundled,all,7,weekend_holiday,3,generation,0.068839,sdge_nbt2026
SDG&E,2026,2026,bundled,all,7,weekend_holiday,4,generation,0.066440,sdge_nbt2026
SDG&E,2026,2026,bundled,all,7,weekend_holiday,5,generation,0.067159,sdge_nbt2026
SDG&E,2026,2026,bundled,all,7,weekend_holiday,6,generation,0.063602,sdge_nbt2026
SDG&E,2026,2026,bundled,all,7,weekend_holiday,7,generation,0.060731,sdge_nbt2026
SDG&E,2026,2026,bundled,all,7,weekend_holiday,8,generation,0.024329,sdge_nbt2026
SDG&E,2026,2026,bundled,all,7,weekend_holiday,9,generation,0.024120,sdge_nbt2026
SDG&E,2026,2026,bundled,all,7,weekend_holiday,10,generation,0.026086,sdge_nbt2026
SDG&E,2026,2026,bundled,all,7,weekend_holiday,11,generation,0.021922,sdge_nbt2026
SDG&E,2026,2026,bundled,all,7,weekend_holiday,12,generation,0.024313,sdge_nbt2026
SDG&E,2026,2026,bundled,all,7,weekend_holiday,13,generation,0.025391,sdge_nbt2026
SDG&E,2026,2026,bundled,all,7,weekend_holiday,14,generation,0.019634,sdge_nbt2026
SDG&E,2026,2026,bundled,all,7,weekend_holiday,15,generation,0.023453,sdge_nbt2026
SDG&E,2026,2026,bundled,all,7,weekend_holiday,16,generation,0.023481,sdge_nbt2026
SDG&E,2026,2026,bundled,all,7,weekend_holiday,17,generation,0.042607,sdge_nbt2026
SDG&E,2026,2026,bundled,all,7,weekend_holiday,18,generation,0.091438,sdge_nbt2026
SDG&E,2026,2026,bundled,all,7,weekend_holiday,19,generation,0.111178,sdge_nbt2026
SDG&E,2026,2026,bundled,all,7,weekend_holiday,20,generation,0.097059,sdge_nbt2026
SDG&E,2026,2026,bundled,all,7,weekend_holiday,21,generation,0.078037,sdge_nbt2026
SDG&E,2026,2026,bundled,all,7,weekend_holiday,22,generation,0.076206,sdge_nbt2026
SDG&E,2026,2026,bundled,all,7,weekend_holiday,23,generation,0.073233,sdge_nbt2026
SDG&E,2026,2026,bundled,all,8,weekday,0,generation,0.085731,sdge_nbt2026
SDG&E,2026,2026,bundled,all,8,weekday,1,generation,0.087143,sdge_nbt2026
SDG&E,2026,2026,bundled,all,8,weekday,2,generation,0.084063,sdge_nbt2026
SDG&E,2026,2026,bundled,all,8,weekday,3,generation,0.080639,sdge_nbt2026
SDG&E,2026,2026,bundled,all,8,weekday,4,generation,0.080311,sdge_nbt2026
SDG&E,2026,2026,bundled,all,8,weekday,5,generation,0.080732,sdge_nbt2026
SDG&E,2026,2026,bundled,all,8,weekday,6,generation,0.077237,sdge_nbt2026
SDG&E,2026,2026,bundled,all,8,weekday,7,generation,0.068571,sdge_nbt2026
SDG&E,2026,2026,bundled,all,8,weekday,8,generation,0.062131,sdge_nbt2026
SDG&E,2026,2026,bundled,all,8,weekday,9,generation,0.061015,sdge_nbt2026
SDG&E,2026,2026,bundled,all,8,weekday,10,generation,0.060773,sdge_nbt2026
SDG&E,2026,2026,bundled,all,8,weekday,11,generation,0.060200,sdge_nbt2026
SDG&E,2026,2026,bundled,all,8,weekday,12,generation,0.060135,sdge_nbt2026
SDG&E,2026,2026,bundled,all,8,weekday,13,generation,0.059899,sdge_nbt2026
SDG&E,2026,2026,bundled,all,8,weekday,14,generation,0.060172,sdge_nbt2026
SDG&E,2026,2026,bundled,all,8,weekday,15,generation,0.063553,sdge_nbt2026
SDG&E,2026,2026,bundled,all,8,weekday,16,generation,0.076317,sdge_nbt2026
SDG&E,2026,2026,bundled,all,8,weekday,17,generation,0.827181,sdge_nbt2026
SDG&E,2026,2026,bundled,all,8,weekday,18,generation,0.864014,sdge_nbt2026
SDG&E,2026,2026,bundled,all,8,weekday,19,generation,0.891346,sdge_nbt2026
SDG&E,2026,2026,bundled,all,8,weekday,20,generation,0.974134,sdge_nbt2026
SDG&E,2026,2026,bundled,all,8,weekday,21,generation,0.872606,sdge_nbt2026
SDG&E,2026,2026,bundled,all,8,weekday,22,generation,0.863232,sdge_nbt2026
SDG&E,2026,2026,bundled,all,8,weekday,23,generation,0.087852,sdge_nbt2026
SDG&E,2026,2026,bundled,all,8,weekend_holiday,0,generation,0.084578,sdge_nbt2026
SDG&E,2026,2026,bundled,all,8,weekend_holiday,1,generation,0.083026,sdge_nbt2026
SDG&E,2026,2026,bundled,all,8,weekend_holiday,2,generation,0.084873,sdge_nbt2026
SDG&E,2026,2026,bundled,all,8,weekend_holiday,3,generation,0.078365,sdge_nbt2026
SDG&E,2026,2026,bundled,all,8,weekend_holiday,4,generation,0.075695,sdge_nbt2026
SDG&E,2026,2026,bundled,all,8,weekend_holiday,5,generation,0.075779,sdge_nbt2026
SDG&E,2026,2026,bundled,all,8,weekend_holiday,6,generation,0.070010,sdge_nbt2026
SDG&E,2026,2026,bundled,all,8,weekend_holiday,7,generation,0.059209,sdge_nbt2026
SDG&E,2026,2026,bundled,all,8,weekend_holiday,8,generation,0.041725,sdge_nbt2026
SDG&E,2026,2026,bundled,all,8,weekend_holiday,9,generation,0.038283,sdge_nbt2026
SDG&E,2026,2026,bundled,all,8,weekend_holiday,10,generation,0.037844,sdge_nbt2026
SDG&E,2026,2026,bundled,all,8,weekend_holiday,11,generation,0.037935,sdge_nbt2026
SDG&E,2026,2026,bundled,all,8,weekend_holiday,12,generation,0.034757,sdge_nbt2026
SDG&E,2026,2026,bundled,all,8,weekend_holiday,13,generation,0.034411,sdge_nbt2026
SDG&E,2026,2026,bundled,all,8,weekend_holiday,14,generation,0.034680,sdge_nbt2026
SDG&E,2026,2026,bundled,all,8,weekend_holiday,15,generation,0.041360,sdge_nbt2026
SDG&E,2026,2026,bundled,all,8,weekend_holiday,16,generation,0.056180,sdge_nbt2026
SDG&E,2026,2026,bundled,all,8,weekend_holiday,17,generation,0.867680,sdge_nbt2026
SDG&E,2026,2026,bundled,all,8,weekend_holiday,18,generation,0.921784,sdge_nbt2026
SDG&E,2026,2026,bundled,all,8,weekend_holiday,19,generation,0.940835,sdge_nbt2026
SDG&E,2026,2026,bundled,all,8,weekend_holiday,20,generation,1.015889,sdge_nbt2026
SDG&E,2026,2026,bundled,all,8,weekend_holiday,21,generation,0.930768,sdge_nbt2026
SDG&E,2026,2026,bundled,all,8,weekend_holiday,22,generation,0.922093,sdge_nbt2026
SDG&E,2026,2026,bundled,all,8,weekend_holiday,23,generation,0.086636,sdge_nbt2026
SDG&E,2026,2026,bundled,all,9,weekday,0,generation,0.088639,sdge_nbt2026
SDG&E,2026,2026,bundled,all,9,weekday,1,generation,0.086540,sdge_nbt2026
SDG&E,2026,2026,bundled,all,9,weekday,2,generation,0.085032,sdge_nbt2026
SDG&E,2026,2026,bundled,all,9,weekday,3,generation,0.081474,sdge_nbt2026
SDG&E,2026,2026,bundled,all,9,weekday,4,generation,0.080286,sdge_nbt2026
SDG&E,2026,2026,bundled,all,9,weekday,5,generation,0.083082,sdge_nbt2026
SDG&E,2026,2026,bundled,all,9,weekday,6,generation,0.080580,sdge_nbt2026
SDG&E,2026,2026,bundled,all,9,weekday,7,generation,0.067567,sdge_nbt2026
SDG&E,2026,2026,bundled,all,9,weekday,8,generation,0.060445,sdge_nbt2026
SDG&E,2026,2026,bundled,all,9,weekday,9,generation,0.056538,sdge_nbt2026
SDG&E,2026,2026,bundled,all,9,weekday,10,generation,0.054561,sdge_nbt2026
SDG&E,2026,2026,bundled,all,9,weekday,11,generation,0.054301,sdge_nbt2026
SDG&E,2026,2026,bundled,all,9,weekday,12,generation,0.054119,sdge_nbt2026
SDG&E,2026,2026,bundled,all,9,weekday,13,generation,0.054070,sdge_nbt2026
SDG&E,2026,2026,bundled,all,9,weekday,14,generation,0.051519,sdge_nbt2026
SDG&E,2026,2026,bundled,all,9,weekday,15,generation,0.051169,sdge_nbt2026
SDG&E,2026,2026,bundled,all,9,weekday,16,generation,0.067752,sdge_nbt2026
SDG&E,2026,2026,bundled,all,9,weekday,17,generation,0.131109,sdge_nbt2026
SDG&E,2026,2026,bundled,all,9,weekday,18,generation,0.448955,sdge_nbt2026
SDG&E,2026,2026,bundled,all,9,weekday,19,generation,0.580566,sdge_nbt2026
SDG&E,2026,2026,bundled,all,9,weekday,20,generation,0.309469,sdge_nbt2026
SDG&E,2026,2026,bundled,all,9,weekday,21,generation,0.149838,sdge_nbt2026
SDG&E,2026,2026,bundled,all,9,weekday,22,generation,0.149167,sdge_nbt2026
SDG&E,2026,2026,bundled,all,9,weekday,23,generation,0.094353,sdge_nbt2026
SDG&E,2026,2026,bundled,all,9,weekend_holiday,0,generation,0.078143,sdge_nbt2026
SDG&E,2026,2026,bundled,all,9,weekend_holiday,1,generation,0.081011,sdge_nbt2026
SDG&E,2026,2026,bundled,all,9,weekend_holiday,2,generation,0.079276,sdge_nbt2026
SDG&E,2026,2026,bundled,all,9,weekend_holiday,3,generation,0.075727,sdge_nbt2026
SDG&E,2026,2026,bundled,all,9,weekend_holiday,4,generation,0.074796,sdge_nbt2026
SDG&E,2026,2026,bundled,all,9,weekend_holiday,5,generation,0.074732,sdge_nbt2026
SDG&E,2026,2026,bundled,all,9,weekend_holiday,6,generation,0.072665,sdge_nbt2026
SDG&E,2026,2026,bundled,all,9,weekend_holiday,7,generation,0.059871,sdge_nbt2026
SDG&E,2026,2026,bundled,all,9,weekend_holiday,8,generation,0.035491,sdge_nbt2026
SDG&E,2026,2026,bundled,all,9,weekend_holiday,9,generation,0.023119,sdge_nbt2026
SDG&E,2026,2026,bundled,all,9,weekend_holiday,10,generation,0.020126,sdge_nbt2026
SDG&E,2026,2026,bundled,all,9,weekend_holiday,11,generation,0.019322,sdge_nbt2026
SDG&E,2026,2026,bundled,all,9,weekend_holiday,12,generation,0.016459,sdge_nbt2026
SDG&E,2026,2026,bundled,all,9,weekend_holiday,13,generation,0.018447,sdge_nbt2026
SDG&E,2026,2026,bundled,all,9,weekend_holiday,14,generation,0.022584,sdge_nbt2026
SDG&E,2026,2026,bundled,all,9,weekend_holiday,15,generation,0.025238,sdge_nbt2026
SDG&E,2026,2026,bundled,all,9,weekend_holiday,16,generation,0.042165,sdge_nbt2026
SDG&E,2026,2026,bundled,all,9,weekend_holiday,17,generation,0.120420,sdge_nbt2026
SDG&E,2026,2026,bundled,all,9,weekend_holiday,18,generation,0.520242,sdge_nbt2026
SDG&E,2026,2026,bundled,all,9,weekend_holiday,19,generation,0.677033,sdge_nbt2026
SDG&E,2026,2026,bundled,all,9,weekend_holiday,20,generation,0.339703,sdge_nbt2026
SDG&E,2026,2026,bundled,all,9,weekend_holiday,21,generation,0.161182,sdge_nbt2026
SDG&E,2026,2026,bundled,all,9,weekend_holiday,22,generation,0.161611,sdge_nbt2026
SDG&E,2026,2026,bundled,all,9,weekend_holiday,23,generation,0.091040,sdge_nbt2026
SDG&E,2026,2026,bundled,all,10,weekday,0,generation,0.085274,sdge_nbt2026
SDG&E,2026,2026,bundled,all,10,weekday,1,generation,0.085859,sdge_nbt2026
SDG&E,2026,2026,bundled,all,10,weekday,2,generation,0.082577,sdge_nbt2026
SDG&E,2026,2026,bundled,all,10,weekday,3,generation,0.078518,sdge_nbt2026
SDG&E,2026,2026,bundled,all,10,weekday,4,generation,0.078491,sdge_nbt2026
SDG&E,2026,2026,bundled,all,10,weekday,5,generation,0.078529,sdge_nbt2026
SDG&E,2026,2026,bundled,all,10,weekday,6,generation,0.082707,sdge_nbt2026
SDG&E,2026,2026,bundled,all,10,weekday,7,generation,0.072811,sdge_nbt2026
SDG&E,2026,2026,bundled,all,10,weekday,8,generation,0.062931,sdge_nbt2026
SDG&E,2026,2026,bundled,all,10,weekday,9,generation,0.057272,sdge_nbt2026
SDG&E,2026,2026,bundled,all,10,weekday,10,generation,0.056142,sdge_nbt2026
SDG&E,2026,2026,bundled,all,10,weekday,11,generation,0.054416,sdge_nbt2026
SDG&E,2026,2026,bundled,all,10,weekday,12,generation,0.053737,sdge_nbt2026
SDG&E,2026,2026,bundled,all,10,weekday,13,generation,0.053131,sdge_nbt2026
SDG&E,2026,2026,bundled,all,10,weekday,14,generation,0.052773,sdge_nbt2026
SDG&E,2026,2026,bundled,all,10,weekday,15,generation,0.052498,sdge_nbt2026
SDG&E,2026,2026,bundled,all,10,weekday,16,generation,0.058191,sdge_nbt2026
SDG&E,2026,2026,bundled,all,10,weekday,17,generation,0.088394,sdge_nbt2026
SDG&E,2026,2026,bundled,all,10,weekday,18,generation,0.091200,sdge_nbt2026
SDG&E,2026,2026,bundled,all,10,weekday,19,generation,0.088724,sdge_nbt2026
SDG&E,2026,2026,bundled,all,10,weekday,20,generation,0.084986,sdge_nbt2026
SDG&E,2026,2026,bundled,all,10,weekday,21,generation,0.080482,sdge_nbt2026
SDG&E,2026,2026,bundled,all,10,weekday,22,generation,0.086965,sdge_nbt2026
SDG&E,2026,2026,bundled,all,10,weekday,23,generation,0.087828,sdge_nbt2026
SDG&E,2026,2026,bundled,all,10,weekend_holiday,0,generation,0.077874,sdge_nbt2026
SDG&E,2026,2026,bundled,all,10,weekend_holiday,1,generation,0.078791,sdge_nbt2026
SDG&E,2026,2026,bundled,all,10,weekend_holiday,2,generation,0.075375,sdge_nbt2026
SDG&E,2026,2026,bundled,all,10,weekend_holiday,3,generation,0.076025,sdge_nbt2026
SDG&E,2026,2026,bundled,all,10,weekend_holiday,4,generation,0.074459,sdge_nbt2026
SDG&E,2026,2026,bundled,all,10,weekend_holiday,5,generation,0.073682,sdge_nbt2026
SDG&E,2026,2026,bundled,all,10,weekend_holiday,6,generation,0.071367,sdge_nbt2026
SDG&E,2026,2026,bundled,all,10,weekend_holiday,7,generation,0.064215,sdge_nbt2026
SDG&E,2026,2026,bundled,all,10,weekend_holiday,8,generation,0.042769,sdge_nbt2026
SDG&E,2026,2026,bundled,all,10,weekend_holiday,9,generation,0.020851,sdge_nbt2026
SDG&E,2026,2026,bundled,all,10,weekend_holiday,10,generation,0.020838,sdge_nbt2026
SDG&E,2026,2026,bundled,all,10,weekend_holiday,11,generation,0.020131,sdge_nbt2026
SDG&E,2026,2026,bundled,all,10,weekend_holiday,12,generation,0.019775,sdge_nbt2026
SDG&E,2026,2026,bundled,all,10,weekend_holiday,13,generation,0.018893,sdge_nbt2026
SDG&E,2026,2026,bundled,all,10,weekend_holiday,14,generation,0.020418,sdge_nbt2026
SDG&E,2026,2026,bundled,all,10,weekend_holiday,15,generation,0.021480,sdge_nbt2026
SDG&E,2026,2026,bundled,all,10,weekend_holiday,16,generation,0.037406,sdge_nbt2026
SDG&E,2026,2026,bundled,all,10,weekend_holiday,17,generation,0.078380,sdge_nbt2026
SDG&E,2026,2026,bundled,all,10,weekend_holiday,18,generation,0.080806,sdge_nbt2026
SDG&E,2026,2026,bundled,all,10,weekend_holiday,19,generation,0.079563,sdge_nbt2026
SDG&E,2026,2026,bundled,all,10,weekend_holiday,20,generation,0.078260,sdge_nbt2026
SDG&E,2026,2026,bundled,all,10,weekend_holiday,21,generation,0.076004,sdge_nbt2026
SDG&E,2026,2026,bundled,all,10,weekend_holiday,22,generation,0.087735,sdge_nbt2026
SDG&E,2026,2026,bundled,all,10,weekend_holiday,23,generation,0.082157,sdge_nbt2026
SDG&E,2026,2026,bundled,all,11,weekday,0,generation,0.082680,sdge_nbt2026
SDG&E,2026,2026,bundled,all,11,weekday,1,generation,0.081419,sdge_nbt2026
SDG&E,2026,2026,bundled,all,11,weekday,2,generation,0.079826,sdge_nbt2026
SDG&E,2026,2026,bundled,all,11,weekday,3,generation,0.078759,sdge_nbt2026
SDG&E,2026,2026,bundled,all,11,weekday,4,generation,0.082833,sdge_nbt2026
SDG&E,2026,2026,bundled,all,11,weekday,5,generation,0.084505,sdge_nbt2026
SDG&E,2026,2026,bundled,all,11,weekday,6,generation,0.081069,sdge_nbt2026
SDG&E,2026,2026,bundled,all,11,weekday,7,generation,0.071326,sdge_nbt2026
SDG&E,2026,2026,bundled,all,11,weekday,8,generation,0.061549,sdge_nbt2026
SDG&E,2026,2026,bundled,all,11,weekday,9,generation,0.058933,sdge_nbt2026
SDG&E,2026,2026,bundled,all,11,weekday,10,generation,0.056738,sdge_nbt2026
SDG&E,2026,2026,bundled,all,11,weekday,11,generation,0.054461,sdge_nbt2026
SDG&E,2026,2026,bundled,all,11,weekday,12,generation,0.053093,sdge_nbt2026
SDG&E,2026,2026,bundled,all,11,weekday,13,generation,0.047083,sdge_nbt2026
SDG&E,2026,2026,bundled,all,11,weekday,14,generation,0.048456,sdge_nbt2026
SDG&E,2026,2026,bundled,all,11,weekday,15,generation,0.062657,sdge_nbt2026
SDG&E,2026,2026,bundled,all,11,weekday,16,generation,0.089199,sdge_nbt2026
SDG&E,2026,2026,bundled,all,11,weekday,17,generation,0.091535,sdge_nbt2026
SDG&E,2026,2026,bundled,all,11,weekday,18,generation,0.085865,sdge_nbt2026
SDG&E,2026,2026,bundled,all,11,weekday,19,generation,0.083852,sdge_nbt2026
SDG&E,2026,2026,bundled,all,11,weekday,20,generation,0.082859,sdge_nbt2026
SDG&E,2026,2026,bundled,all,11,weekday,21,generation,0.084715,sdge_nbt2026
SDG&E,2026,2026,bundled,all,11,weekday,22,generation,0.085780,sdge_nbt2026
SDG&E,2026,2026,bundled,all,11,weekday,23,generation,0.088662,sdge_nbt2026
SDG&E,2026,2026,bundled,all,11,weekend_holiday,0,generation,0.079228,sdge_nbt2026
SDG&E,2026,2026,bundled,all,11,weekend_holiday,1,generation,0.075891,sdge_nbt2026
SDG&E,2026,2026,bundled,all,11,weekend_holiday,2,generation,0.074473,sdge_nbt2026
SDG&E,2026,2026,bundled,all,11,weekend_holiday,3,generation,0.073564,sdge_nbt2026
SDG&E,2026,2026,bundled,all,11,weekend_holiday,4,generation,0.074291,sdge_nbt2026
SDG&E,2026,2026,bundled,all,11,weekend_holiday,5,generation,0.075610,sdge_nbt2026
SDG&E,2026,2026,bundled,all,11,weekend_holiday,6,generation,0.075633,sdge_nbt2026
SDG&E,2026,2026,bundled,all,11,weekend_holiday,7,generation,0.055529,sdge_nbt2026
SDG&E,2026,2026,bundled,all,11,weekend_holiday,8,generation,0.035524,sdge_nbt2026
SDG&E,2026,2026,bundled,all,11,weekend_holiday,9,generation,0.026328,sdge_nbt2026
SDG&E,2026,2026,bundled,all,11,weekend_holiday,10,generation,0.023922,sdge_nbt2026
SDG&E,2026,2026,bundled,all,11,weekend_holiday,11,generation,0.021160,sdge_nbt2026
SDG&E,2026,2026,bundled,all,11,weekend_holiday,12,generation,0.020757,sdge_nbt2026
SDG&E,2026,2026,bundled,all,11,weekend_holiday,13,generation,0.020289,sdge_nbt2026
SDG&E,2026,2026,bundled,all,11,weekend_holiday,14,generation,0.021091,sdge_nbt2026
SDG&E,2026,2026,bundled,all,11,weekend_holiday,15,generation,0.039479,sdge_nbt2026
SDG&E,2026,2026,bundled,all,11,weekend_holiday,16,generation,0.076592,sdge_nbt2026
SDG&E,2026,2026,bundled,all,11,weekend_holiday,17,generation,0.088058,sdge_nbt2026
SDG&E,2026,2026,bundled,all,11,weekend_holiday,18,generation,0.083664,sdge_nbt2026
SDG&E,2026,2026,bundled,all,11,weekend_holiday,19,generation,0.080217,sdge_nbt2026
SDG&E,2026,2026,bundled,all,11,weekend_holiday,20,generation,0.078072,sdge_nbt2026
SDG&E,2026,2026,bundled,all,11,weekend_holiday,21,generation,0.077618,sdge_nbt2026
SDG&E,2026,2026,bundled,all,11,weekend_holiday,22,generation,0.081890,sdge_nbt2026
SDG&E,2026,2026,bundled,all,11,weekend_holiday,23,generation,0.077605,sdge_nbt2026
SDG&E,2026,2026,bundled,all,12,weekday,0,generation,0.084932,sdge_nbt2026
SDG&E,2026,2026,bundled,all,12,weekday,1,generation,0.083194,sdge_nbt2026
SDG&E,2026,2026,bundled,all,12,weekday,2,generation,0.080104,sdge_nbt2026
SDG&E,2026,2026,bundled,all,12,weekday,3,generation,0.080725,sdge_nbt2026
SDG&E,2026,2026,bundled,all,12,weekday,4,generation,0.082805,sdge_nbt2026
SDG&E,2026,2026,bundled,all,12,weekday,5,generation,0.085323,sdge_nbt2026
SDG&E,2026,2026,bundled,all,12,weekday,6,generation,0.095117,sdge_nbt2026
SDG&E,2026,2026,bundled,all,12,weekday,7,generation,0.079411,sdge_nbt2026
SDG&E,2026,2026,bundled,all,12,weekday,8,generation,0.070383,sdge_nbt2026
SDG&E,2026,2026,bundled,all,12,weekday,9,generation,0.066264,sdge_nbt2026
SDG&E,2026,2026,bundled,all,12,weekday,10,generation,0.063990,sdge_nbt2026
SDG&E,2026,2026,bundled,all,12,weekday,11,generation,0.060404,sdge_nbt2026
SDG&E,2026,2026,bundled,all,12,weekday,12,generation,0.056634,sdge_nbt2026
SDG&E,2026,2026,bundled,all,12,weekday,13,generation,0.057032,sdge_nbt2026
SDG&E,2026,2026,bundled,all,12,weekday,14,generation,0.056150,sdge_nbt2026
SDG&E,2026,2026,bundled,all,12,weekday,15,generation,0.066642,sdge_nbt2026
SDG&E,2026,2026,bundled,all,12,weekday,16,generation,0.090853,sdge_nbt2026
SDG&E,2026,2026,bundled,all,12,weekday,17,generation,0.095620,sdge_nbt2026
SDG&E,2026,2026,bundled,all,12,weekday,18,generation,0.094919,sdge_nbt2026
SDG&E,2026,2026,bundled,all,12,weekday,19,generation,0.087955,sdge_nbt2026
SDG&E,2026,2026,bundled,all,12,weekday,20,generation,0.086725,sdge_nbt2026
SDG&E,2026,2026,bundled,all,12,weekday,21,generation,0.086318,sdge_nbt2026
SDG&E,2026,2026,bundled,all,12,weekday,22,generation,0.087826,sdge_nbt2026
SDG&E,2026,2026,bundled,all,12,weekday,23,generation,0.088102,sdge_nbt2026
SDG&E,2026,2026,bundled,all,12,weekend_holiday,0,generation,0.078906,sdge_nbt2026
SDG&E,2026,2026,bundled,all,12,weekend_holiday,1,generation,0.077335,sdge_nbt2026
SDG&E,2026,2026,bundled,all,12,weekend_holiday,2,generation,0.073816,sdge_nbt2026
SDG&E,2026,2026,bundled,all,12,weekend_holiday,3,generation,0.070099,sdge_nbt2026
SDG&E,2026,2026,bundled,all,12,weekend_holiday,4,generation,0.069142,sdge_nbt2026
SDG&E,2026,2026,bundled,all,12,weekend_holiday,5,generation,0.071054,sdge_nbt2026
SDG&E,2026,2026,bundled,all,12,weekend_holiday,6,generation,0.074064,sdge_nbt2026
SDG&E,2026,2026,bundled,all,12,weekend_holiday,7,generation,0.064258,sdge_nbt2026
SDG&E,2026,2026,bundled,all,12,weekend_holiday,8,generation,0.042021,sdge_nbt2026
SDG&E,2026,2026,bundled,all,12,weekend_holiday,9,generation,0.021927,sdge_nbt2026
SDG&E,2026,2026,bundled,all,12,weekend_holiday,10,generation,0.020791,sdge_nbt2026
SDG&E,2026,2026,bundled,all,12,weekend_holiday,11,generation,0.018929,sdge_nbt2026
SDG&E,2026,2026,bundled,all,12,weekend_holiday,12,generation,0.020144,sdge_nbt2026
SDG&E,2026,2026,bundled,all,12,weekend_holiday,13,generation,0.014489,sdge_nbt2026
SDG&E,2026,2026,bundled,all,12,weekend_holiday,14,generation,0.013880,sdge_nbt2026
SDG&E,2026,2026,bundled,all,12,weekend_holiday,15,generation,0.040130,sdge_nbt2026
SDG&E,2026,2026,bundled,all,12,weekend_holiday,16,generation,0.080371,sdge_nbt2026
SDG&E,2026,2026,bundled,all,12,weekend_holiday,17,generation,0.085522,sdge_nbt2026
SDG&E,2026,2026,bundled,all,12,weekend_holiday,18,generation,0.083405,sdge_nbt2026
SDG&E,2026,2026,bundled,all,12,weekend_holiday,19,generation,0.079338,sdge_nbt2026
SDG&E,2026,2026,bundled,all,12,weekend_holiday,20,generation,0.078150,sdge_nbt2026
SDG&E,2026,2026,bundled,all,12,weekend_holiday,21,generation,0.073548,sdge_nbt2026
SDG&E,2026,2026,bundled,all,12,weekend_holiday,22,generation,0.074825,sdge_nbt2026
SDG&E,2026,2026,bundled,all,12,weekend_holiday,23,generation,0.073798,sdge_nbt2026
SDG&E,2026,2026,bundled,all,1,weekday,0,total,0.088830,sdge_nbt2026
SDG&E,2026,2026,bundled,all,1,weekday,1,total,0.086708,sdge_nbt2026
SDG&E,2026,2026,bundled,all,1,weekday,2,total,0.084462,sdge_nbt2026
SDG&E,2026,2026,bundled,all,1,weekday,3,total,0.083976,sdge_nbt2026
SDG&E,2026,2026,bundled,all,1,weekday,4,total,0.086038,sdge_nbt2026
SDG&E,2026,2026,bundled,all,1,weekday,5,total,0.089678,sdge_nbt2026
SDG&E,2026,2026,bundled,all,1,weekday,6,total,0.089931,sdge_nbt2026
SDG&E,2026,2026,bundled,all,1,weekday,7,total,0.085156,sdge_nbt2026
SDG&E,2026,2026,bundled,all,1,weekday,8,total,0.073250,sdge_nbt2026
SDG&E,2026,2026,bundled,all,1,weekday,9,total,0.065376,sdge_nbt2026
SDG&E,2026,2026,bundled,all,1,weekday,10,total,0.063699,sdge_nbt2026
SDG&E,2026,2026,bundled,all,1,weekday,11,total,0.062991,sdge_nbt2026
SDG&E,2026,2026,bundled,all,1,weekday,12,total,0.062930,sdge_nbt2026
SDG&E,2026,2026,bundled,all,1,weekday,13,total,0.060225,sdge_nbt2026
SDG&E,2026,2026,bundled,all,1,weekday,14,total,0.059334,sdge_nbt2026
SDG&E,2026,2026,bundled,all,1,weekday,15,total,0.061243,sdge_nbt2026
SDG&E,2026,2026,bundled,all,1,weekday,16,total,0.078078,sdge_nbt2026
SDG&E,2026,2026,bundled,all,1,weekday,17,total,0.108968,sdge_nbt2026
SDG&E,2026,2026,bundled,all,1,weekday,18,total,0.099709,sdge_nbt2026
SDG&E,2026,2026,bundled,all,1,weekday,19,total,0.090204,sdge_nbt2026
SDG&E,2026,2026,bundled,all,1,weekday,20,total,0.089121,sdge_nbt2026
SDG&E,2026,2026,bundled,all,1,weekday,21,total,0.089736,sdge_nbt2026
SDG&E,2026,2026,bundled,all,1,weekday,22,total,0.093450,sdge_nbt2026
SDG&E,2026,2026,bundled,all,1,weekday,23,total,0.091064,sdge_nbt2026
SDG&E,2026,2026,bundled,all,1,weekend_holiday,0,total,0.087919,sdge_nbt2026
SDG&E,2026,2026,bundled,all,1,weekend_holiday,1,total,0.088519,sdge_nbt2026
SDG&E,2026,2026,bundled,all,1,weekend_holiday,2,total,0.086612,sdge_nbt2026
SDG&E,2026,2026,bundled,all,1,weekend_holiday,3,total,0.085371,sdge_nbt2026
SDG&E,2026,2026,bundled,all,1,weekend_holiday,4,total,0.084260,sdge_nbt2026
SDG&E,2026,2026,bundled,all,1,weekend_holiday,5,total,0.085358,sdge_nbt2026
SDG&E,2026,2026,bundled,all,1,weekend_holiday,6,total,0.087952,sdge_nbt2026
SDG&E,2026,2026,bundled,all,1,weekend_holiday,7,total,0.079567,sdge_nbt2026
SDG&E,2026,2026,bundled,all,1,weekend_holiday,8,total,0.065637,sdge_nbt2026
SDG&E,2026,2026,bundled,all,1,weekend_holiday,9,total,0.055888,sdge_nbt2026
SDG&E,2026,2026,bundled,all,1,weekend_holiday,10,total,0.054304,sdge_nbt2026
SDG&E,2026,2026,bundled,all,1,weekend_holiday,11,total,0.053036,sdge_nbt2026
SDG&E,2026,2026,bundled,all,1,weekend_holiday,12,total,0.053382,sdge_nbt2026
SDG&E,2026,2026,bundled,all,1,weekend_holiday,13,total,0.048367,sdge_nbt2026
SDG&E,2026,2026,bundled,all,1,weekend_holiday,14,total,0.052361,sdge_nbt2026
SDG&E,2026,2026,bundled,all,1,weekend_holiday,15,total,0.054240,sdge_nbt2026
SDG&E,2026,2026,bundled,all,1,weekend_holiday,16,total,0.079013,sdge_nbt2026
SDG&E,2026,2026,bundled,all,1,weekend_holiday,17,total,0.104224,sdge_nbt2026
SDG&E,2026,2026,bundled,all,1,weekend_holiday,18,total,0.093809,sdge_nbt2026
SDG&E,2026,2026,bundled,all,1,weekend_holiday,19,total,0.086724,sdge_nbt2026
SDG&E,2026,2026,bundled,all,1,weekend_holiday,20,total,0.085628,sdge_nbt2026
SDG&E,2026,2026,bundled,all,1,weekend_holiday,21,total,0.084854,sdge_nbt2026
SDG&E,2026,2026,bundled,all,1,weekend_holiday,22,total,0.088293,sdge_nbt2026
SDG&E,2026,2026,bundled,all,1,weekend_holiday,23,total,0.085040,sdge_nbt2026
SDG&E,2026,2026,bundled,all,2,weekday,0,total,0.088028,sdge_nbt2026
SDG&E,2026,2026,bundled,all,2,weekday,1,total,0.085488,sdge_nbt2026
SDG&E,2026,2026,bundled,all,2,weekday,2,total,0.087321,sdge_nbt2026
SDG&E,2026,2026,bundled,all,2,weekday,3,total,0.087463,sdge_nbt2026
SDG&E,2026,2026,bundled,all,2,weekday,4,total,0.089466,sdge_nbt2026
SDG&E,2026,2026,bundled,all,2,weekday,5,total,0.087894,sdge_nbt2026
SDG&E,2026,2026,bundled,all,2,weekday,6,total,0.084338,sdge_nbt2026
SDG&E,2026,2026,bundled,all,2,weekday,7,total,0.081160,sdge_nbt2026
SDG&E,2026,2026,bundled,all,2,weekday,8,total,0.063054,sdge_nbt2026
SDG&E,2026,2026,bundled,all,2,weekday,9,total,0.052098,sdge_nbt2026
SDG&E,2026,2026,bundled,all,2,weekday,10,total,0.049321,sdge_nbt2026
SDG&E,2026,2026,bundled,all,2,weekday,11,total,0.047404,sdge_nbt2026
SDG&E,2026,2026,bundled,all,2,weekday,12,total,0.044042,sdge_nbt2026
SDG&E,2026,2026,bundled,all,2,weekday,13,total,0.039312,sdge_nbt2026
SDG&E,2026,2026,bundled,all,2,weekday,14,total,0.032813,sdge_nbt2026
SDG&E,2026,2026,bundled,all,2,weekday,15,total,0.030944,sdge_nbt2026
SDG&E,2026,2026,bundled,all,2,weekday,16,total,0.064678,sdge_nbt2026
SDG&E,2026,2026,bundled,all,2,weekday,17,total,0.107243,sdge_nbt2026
SDG&E,2026,2026,bundled,all,2,weekday,18,total,0.091985,sdge_nbt2026
SDG&E,2026,2026,bundled,all,2,weekday,19,total,0.086285,sdge_nbt2026
SDG&E,2026,2026,bundled,all,2,weekday,20,total,0.086716,sdge_nbt2026
SDG&E,2026,2026,bundled,all,2,weekday,21,total,0.083827,sdge_nbt2026
SDG&E,2026,2026,bundled,all,2,weekday,22,total,0.090950,sdge_nbt2026
SDG&E,2026,2026,bundled,all,2,weekday,23,total,0.087167,sdge_nbt2026
SDG&E,2026,2026,bundled,all,2,weekend_holiday,0,total,0.084484,sdge_nbt2026
SDG&E,2026,2026,bundled,all,2,weekend_holiday,1,total,0.085515,sdge_nbt2026
SDG&E,2026,2026,bundled,all,2,weekend_holiday,2,total,0.084161,sdge_nbt2026
SDG&E,2026,2026,bundled,all,2,weekend_holiday,3,total,0.084004,sdge_nbt2026
SDG&E,2026,2026,bundled,all,2,weekend_holiday,4,total,0.083048,sdge_nbt2026
SDG&E,2026,2026,bundled,all,2,weekend_holiday,5,total,0.082858,sdge_nbt2026
SDG&E,2026,2026,bundled,all,2,weekend_holiday,6,total,0.079159,sdge_nbt2026
SDG&E,2026,2026,bundled,all,2,weekend_holiday,7,total,0.069955,sdge_nbt2026
SDG&E,2026,2026,bundled,all,2,weekend_holiday,8,total,0.047765,sdge_nbt2026
SDG&E,2026,2026,bundled,all,2,weekend_holiday,9,total,0.027013,sdge_nbt2026
SDG&E,2026,2026,bundled,all,2,weekend_holiday,10,total,0.026981,sdge_nbt2026
SDG&E,2026,2026,bundled,all,2,weekend_holiday,11,total,0.024705,sdge_nbt2026
SDG&E,2026,2026,bundled,all,2,weekend_holiday,12,total,0.024380,sdge_nbt2026
SDG&E,2026,2026,bundled,all,2,weekend_holiday,13,total,0.022058,sdge_nbt2026
SDG&E,2026,2026,bundled,all,2,weekend_holiday,14,total,0.021632,sdge_nbt2026
SDG&E,2026,2026,bundled,all,2,weekend_holiday,15,total,0.018969,sdge_nbt2026
SDG&E,2026,2026,bundled,all,2,weekend_holiday,16,total,0.056905,sdge_nbt2026
SDG&E,2026,2026,bundled,all,2,weekend_holiday,17,total,0.097805,sdge_nbt2026
SDG&E,2026,2026,bundled,all,2,weekend_holiday,18,total,0.100540,sdge_nbt2026
SDG&E,2026,2026,bundled,all,2,weekend_holiday,19,total,0.088926,sdge_nbt2026
SDG&E,2026,2026,bundled,all,2,weekend_holiday,20,total,0.085948,sdge_nbt2026
SDG&E,2026,2026,bundled,all,2,weekend_holiday,21,total,0.082901,sdge_nbt2026
SDG&E,2026,2026,bundled,all,2,weekend_holiday,22,total,0.083873,sdge_nbt2026
SDG&E,2026,2026,bundled,all,2,weekend_holiday,23,total,0.090545,sdge_nbt2026
SDG&E,2026,2026,bundled,all,3,weekday,0,total,0.073665,sdge_nbt2026
SDG&E,2026,2026,bundled,all,3,weekday,1,total,0.070120,sdge_nbt2026
SDG&E,2026,2026,bundled,all,3,weekday,2,total,0.066212,sdge_nbt2026
SDG&E,2026,2026,bundled,all,3,weekday,3,total,0.065625,sdge_nbt2026
SDG&E,2026,2026,bundled,all,3,weekday,4,total,0.066786,sdge_nbt2026
SDG&E,2026,2026,bundled,all,3,weekday,5,total,0.069908,sdge_nbt2026
SDG&E,2026,2026,bundled,all,3,weekday,6,total,0.072157,sdge_nbt2026
SDG&E,2026,2026,bundled,all,3,weekday,7,total,0.065179,sdge_nbt2026
SDG&E,2026,2026,bundled,all,3,weekday,8,total,0.046375,sdge_nbt2026
SDG&E,2026,2026,bundled,all,3,weekday,9,total,0.021641,sdge_nbt2026
SDG&E,2026,2026,bundled,all,3,weekday,10,total,0.017085,sdge_nbt2026
SDG&E,2026,2026,bundled,all,3,weekday,11,total,0.015902,sdge_nbt2026
SDG&E,2026,2026,bundled,all,3,weekday,12,total,0.016159,sdge_nbt2026
SDG&E,2026,2026,bundled,all,3,weekday,13,total,0.012092,sdge_nbt2026
SDG&E,2026,2026,bundled,all,3,weekday,14,total,0.010517,sdge_nbt2026
SDG&E,2026,2026,bundled,all,3,weekday,15,total,0.011646,sdge_nbt2026
SDG&E,2026,2026,bundled,all,3,weekday,16,total,0.022663,sdge_nbt2026
SDG&E,2026,2026,bundled,all,3,weekday,17,total,0.056232,sdge_nbt2026
SDG&E,2026,2026,bundled,all,3,weekday,18,total,0.080976,sdge_nbt2026
SDG&E,2026,2026,bundled,all,3,weekday,19,total,0.079902,sdge_nbt2026
SDG&E,2026,2026,bundled,all,3,weekday,20,total,0.074966,sdge_nbt2026
SDG&E,2026,2026,bundled,all,3,weekday,21,total,0.072088,sdge_nbt2026
SDG&E,2026,2026,bundled,all,3,weekday,22,total,0.068068,sdge_nbt2026
SDG&E,2026,2026,bundled,all,3,weekday,23,total,0.069681,sdge_nbt2026
SDG&E,2026,2026,bundled,all,3,weekend_holiday,0,total,0.066816,sdge_nbt2026
SDG&E,2026,2026,bundled,all,3,weekend_holiday,1,total,0.068071,sdge_nbt2026
SDG&E,2026,2026,bundled,all,3,weekend_holiday,2,total,0.069400,sdge_nbt2026
SDG&E,2026,2026,bundled,all,3,weekend_holiday,3,total,0.070948,sdge_nbt2026
SDG&E,2026,2026,bundled,all,3,weekend_holiday,4,total,0.069934,sdge_nbt2026
SDG&E,2026,2026,bundled,all,3,weekend_holiday,5,total,0.069895,sdge_nbt2026
SDG&E,2026,2026,bundled,all,3,weekend_holiday,6,total,0.067394,sdge_nbt2026
SDG&E,2026,2026,bundled,all,3,weekend_holiday,7,total,0.060898,sdge_nbt2026
SDG&E,2026,2026,bundled,all,3,weekend_holiday,8,total,0.006312,sdge_nbt2026
SDG&E,2026,2026,bundled,all,3,weekend_holiday,9,total,0.001821,sdge_nbt2026
SDG&E,2026,2026,bundled,all,3,weekend_holiday,10,total,0.004610,sdge_nbt2026
SDG&E,2026,2026,bundled,all,3,weekend_holiday,11,total,0.002852,sdge_nbt2026
SDG&E,2026,2026,bundled,all,3,weekend_holiday,12,total,0.000613,sdge_nbt2026
SDG&E,2026,2026,bundled,all,3,weekend_holiday,13,total,0.000599,sdge_nbt2026
SDG&E,2026,2026,bundled,all,3,weekend_holiday,14,total,0.000000,sdge_nbt2026
SDG&E,2026,2026,bundled,all,3,weekend_holiday,15,total,0.003786,sdge_nbt2026
SDG&E,2026,2026,bundled,all,3,weekend_holiday,16,total,0.016353,sdge_nbt2026
SDG&E,2026,2026,bundled,all,3,weekend_holiday,17,total,0.031412,sdge_nbt2026
SDG&E,2026,2026,bundled,all,3,weekend_holiday,18,total,0.070648,sdge_nbt2026
SDG&E,2026,2026,bundled,all,3,weekend_holiday,19,total,0.073238,sdge_nbt2026
SDG&E,2026,2026,bundled,all,3,weekend_holiday,20,total,0.070843,sdge_nbt2026
SDG&E,2026,2026,bundled,all,3,weekend_holiday,21,total,0.070378,sdge_nbt2026
SDG&E,2026,2026,bundled,all,3,weekend_holiday,22,total,0.068560,sdge_nbt2026
SDG&E,2026,2026,bundled,all,3,weekend_holiday,23,total,0.064831,sdge_nbt2026
SDG&E,2026,2026,bundled,all,4,weekday,0,total,0.073861,sdge_nbt2026
SDG&E,2026,2026,bundled,all,4,weekday,1,total,0.071755,sdge_nbt2026
SDG&E,2026,2026,bundled,all,4,weekday,2,total,0.076762,sdge_nbt2026
SDG&E,2026,2026,bundled,all,4,weekday,3,total,0.074343,sdge_nbt2026
SDG&E,2026,2026,bundled,all,4,weekday,4,total,0.073300,sdge_nbt2026
SDG&E,2026,2026,bundled,all,4,weekday,5,total,0.076342,sdge_nbt2026
SDG&E,2026,2026,bundled,all,4,weekday,6,total,0.067844,sdge_nbt2026
SDG&E,2026,2026,bundled,all,4,weekday,7,total,0.054572,sdge_nbt2026
SDG&E,2026,2026,bundled,all,4,weekday,8,total,0.012343,sdge_nbt2026
SDG&E,2026,2026,bundled,all,4,weekday,9,total,0.004790,sdge_nbt2026
SDG&E,2026,2026,bundled,all,4,weekday,10,total,0.007929,sdge_nbt2026
SDG&E,2026,2026,bundled,all,4,weekday,11,total,0.007010,sdge_nbt2026
SDG&E,2026,2026,bundled,all,4,weekday,12,total,0.004092,sdge_nbt2026
SDG&E,2026,2026,bundled,all,4,weekday,13,total,0.001456,sdge_nbt2026
SDG&E,2026,2026,bundled,all,4,weekday,14,total,0.000604,sdge_nbt2026
SDG&E,2026,2026,bundled,all,4,weekday,15,total,0.000125,sdge_nbt2026
SDG&E,2026,2026,bundled,all,4,weekday,16,total,0.000763,sdge_nbt2026
SDG&E,2026,2026,bundled,all,4,weekday,17,total,0.004608,sdge_nbt2026
SDG&E,2026,2026,bundled,all,4,weekday,18,total,0.073313,sdge_nbt2026
SDG&E,2026,2026,bundled,all,4,weekday,19,total,0.073093,sdge_nbt2026
SDG&E,2026,2026,bundled,all,4,weekday,20,total,0.072325,sdge_nbt2026
SDG&E,2026,2026,bundled,all,4,weekday,21,total,0.070852,sdge_nbt2026
SDG&E,2026,2026,bundled,all,4,weekday,22,total,0.068243,sdge_nbt2026
SDG&E,2026,2026,bundled,all,4,weekday,23,total,0.074473,sdge_nbt2026
SDG&E,2026,2026,bundled,all,4,weekend_holiday,0,total,0.064273,sdge_nbt2026
SDG&E,2026,2026,bundled,all,4,weekend_holiday,1,total,0.064986,sdge_nbt2026
SDG&E,2026,2026,bundled,all,4,weekend_holiday,2,total,0.072086,sdge_nbt2026
SDG&E,2026,2026,bundled,all,4,weekend_holiday,3,total,0.076292,sdge_nbt2026
SDG&E,2026,2026,bundled,all,4,weekend_holiday,4,total,0.072639,sdge_nbt2026
SDG&E,2026,2026,bundled,all,4,weekend_holiday,5,total,0.073763,sdge_nbt2026
SDG&E,2026,2026,bundled,all,4,weekend_holiday,6,total,0.067064,sdge_nbt2026
SDG&E,2026,2026,bundled,all,4,weekend_holiday,7,total,0.044901,sdge_nbt2026
SDG&E,2026,2026,bundled,all,4,weekend_holiday,8,total,0.001537,sdge_nbt2026
SDG&E,2026,2026,bundled,all,4,weekend_holiday,9,total,0.001788,sdge_nbt2026
SDG&E,2026,2026,bundled,all,4,weekend_holiday,10,total,0.007473,sdge_nbt2026
SDG&E,2026,2026,bundled,all,4,weekend_holiday,11,total,0.004414,sdge_nbt2026
SDG&E,2026,2026,bundled,all,4,weekend_holiday,12,total,0.000726,sdge_nbt2026
SDG&E,2026,2026,bundled,all,4,weekend_holiday,13,total,0.000000,sdge_nbt2026
SDG&E,2026,2026,bundled,all,4,weekend_holiday,14,total,0.000000,sdge_nbt2026
SDG&E,2026,2026,bundled,all,4,weekend_holiday,15,total,0.000000,sdge_nbt2026
SDG&E,2026,2026,bundled,all,4,weekend_holiday,16,total,0.000000,sdge_nbt2026
SDG&E,2026,2026,bundled,all,4,weekend_holiday,17,total,0.002651,sdge_nbt2026
SDG&E,2026,2026,bundled,all,4,weekend_holiday,18,total,0.068347,sdge_nbt2026
SDG&E,2026,2026,bundled,all,4,weekend_holiday,19,total,0.078140,sdge_nbt2026
SDG&E,2026,2026,bundled,all,4,weekend_holiday,20,total,0.066336,sdge_nbt2026
SDG&E,2026,2026,bundled,all,4,weekend_holiday,21,total,0.067226,sdge_nbt2026
SDG&E,2026,2026,bundled,all,4,weekend_holiday,22,total,0.065858,sdge_nbt2026
SDG&E,2026,2026,bundled,all,4,weekend_holiday,23,total,0.067981,sdge_nbt2026
SDG&E,2026,2026,bundled,all,5,weekday,0,total,0.076833,sdge_nbt2026
SDG&E,2026,2026,bundled,all,5,weekday,1,total,0.072788,sdge_nbt2026
SDG&E,2026,2026,bundled,all,5,weekday,2,total,0.075276,sdge_nbt2026
SDG&E,2026,2026,bundled,all,5,weekday,3,total,0.079648,sdge_nbt2026
SDG&E,2026,2026,bundled,all,5,weekday,4,total,0.080054,sdge_nbt2026
SDG&E,2026,2026,bundled,all,5,weekday,5,total,0.073664,sdge_nbt2026
SDG&E,2026,2026,bundled,all,5,weekday,6,total,0.065571,sdge_nbt2026
SDG&E,2026,2026,bundled,all,5,weekday,7,total,0.061636,sdge_nbt2026
SDG&E,2026,2026,bundled,all,5,weekday,8,total,0.022543,sdge_nbt2026
SDG&E,2026,2026,bundled,all,5,weekday,9,total,0.011919,sdge_nbt2026
SDG&E,2026,2026,bundled,all,5,weekday,10,total,0.013070,sdge_nbt2026
SDG&E,2026,2026,bundled,all,5,weekday,11,total,0.009893,sdge_nbt2026
SDG&E,2026,2026,bundled,all,5,weekday,12,total,0.009405,sdge_nbt2026
SDG&E,2026,2026,bundled,all,5,weekday,13,total,0.010401,sdge_nbt2026
SDG&E,2026,2026,bundled,all,5,weekday,14,total,0.008831,sdge_nbt2026
SDG&E,2026,2026,bundled,all,5,weekday,15,total,0.008420,sdge_nbt2026
SDG&E,2026,2026,bundled,all,5,weekday,16,total,0.011375,sdge_nbt2026
SDG&E,2026,2026,bundled,all,5,weekday,17,total,0.031897,sdge_nbt2026
SDG&E,2026,2026,bundled,all,5,weekday,18,total,0.080047,sdge_nbt2026
SDG&E,2026,2026,bundled,all,5,weekday,19,total,0.085340,sdge_nbt2026
SDG&E,2026,2026,bundled,all,5,weekday,20,total,0.074454,sdge_nbt2026
SDG&E,2026,2026,bundled,all,5,weekday,21,total,0.072879,sdge_nbt2026
SDG&E,2026,2026,bundled,all,5,weekday,22,total,0.074252,sdge_nbt2026
SDG&E,2026,2026,bundled,all,5,weekday,23,total,0.075341,sdge_nbt2026
SDG&E,2026,2026,bundled,all,5,weekend_holiday,0,total,0.068009,sdge_nbt2026
SDG&E,2026,2026,bundled,all,5,weekend_holiday,1,total,0.069648,sdge_nbt2026
SDG&E,2026,2026,bundled,all,5,weekend_holiday,2,total,0.079519,sdge_nbt2026
SDG&E,2026,2026,bundled,all,5,weekend_holiday,3,total,0.080790,sdge_nbt2026
SDG&E,2026,2026,bundled,all,5,weekend_holiday,4,total,0.075809,sdge_nbt2026
SDG&E,2026,2026,bundled,all,5,weekend_holiday,5,total,0.069268,sdge_nbt2026
SDG&E,2026,2026,bundled,all,5,weekend_holiday,6,total,0.067283,sdge_nbt2026
SDG&E,2026,2026,bundled,all,5,weekend_holiday,7,total,0.031926,sdge_nbt2026
SDG&E,2026,2026,bundled,all,5,weekend_holiday,8,total,0.001904,sdge_nbt2026
SDG&E,2026,2026,bundled,all,5,weekend_holiday,9,total,0.004496,sdge_nbt2026
SDG&E,2026,2026,bundled,all,5,weekend_holiday,10,total,0.004248,sdge_nbt2026
SDG&E,2026,2026,bundled,all,5,weekend_holiday,11,total,0.004956,sdge_nbt2026
SDG&E,2026,2026,bundled,all,5,weekend_holiday,12,total,0.004478,sdge_nbt2026
SDG&E,2026,2026,bundled,all,5,weekend_holiday,13,total,0.003822,sdge_nbt2026
SDG&E,2026,2026,bundled,all,5,weekend_holiday,14,total,0.000000,sdge_nbt2026
SDG&E,2026,2026,bundled,all,5,weekend_holiday,15,total,0.000000,sdge_nbt2026
SDG&E,2026,2026,bundled,all,5,weekend_holiday,16,total,0.000000,sdge_nbt2026
SDG&E,2026,2026,bundled,all,5,weekend_holiday,17,total,0.000636,sdge_nbt2026
SDG&E,2026,2026,bundled,all,5,weekend_holiday,18,total,0.056846,sdge_nbt2026
SDG&E,2026,2026,bundled,all,5,weekend_holiday,19,total,0.083510,sdge_nbt2026
SDG&E,2026,2026,bundled,all,5,weekend_holiday,20,total,0.076365,sdge_nbt2026
SDG&E,2026,2026,bundled,all,5,weekend_holiday,21,total,0.074192,sdge_nbt2026
SDG&E,2026,2026,bundled,all,5,weekend_holiday,22,total,0.074068,sdge_nbt2026
SDG&E,2026,2026,bundled,all,5,weekend_holiday,23,total,0.075526,sdge_nbt2026
SDG&E,2026,2026,bundled,all,6,weekday,0,total,0.075110,sdge_nbt2026
SDG&E,2026,2026,bundled,all,6,weekday,1,total,0.072921,sdge_nbt2026
SDG&E,2026,2026,bundled,all,6,weekday,2,total,0.069859,sdge_nbt2026
SDG&E,2026,2026,bundled,all,6,weekday,3,total,0.073075,sdge_nbt2026
SDG&E,2026,2026,bundled,all,6,weekday,4,total,0.070771,sdge_nbt2026
SDG&E,2026,2026,bundled,all,6,weekday,5,total,0.069764,sdge_nbt2026
SDG&E,2026,2026,bundled,all,6,weekday,6,total,0.065914,sdge_nbt2026
SDG&E,2026,2026,bundled,all,6,weekday,7,total,0.060186,sdge_nbt2026
SDG&E,2026,2026,bundled,all,6,weekday,8,total,0.041789,sdge_nbt2026
SDG&E,2026,2026,bundled,all,6,weekday,9,total,0.035090,sdge_nbt2026
SDG&E,2026,2026,bundled,all,6,weekday,10,total,0.033042,sdge_nbt2026
SDG&E,2026,2026,bundled,all,6,weekday,11,total,0.028508,sdge_nbt2026
SDG&E,2026,2026,bundled,all,6,weekday,12,total,0.028145,sdge_nbt2026
SDG&E,2026,2026,bundled,all,6,weekday,13,total,0.029040,sdge_nbt2026
SDG&E,2026,2026,bundled,all,6,weekday,14,total,0.033089,sdge_nbt2026
SDG&E,2026,2026,bundled,all,6,weekday,15,total,0.027507,sdge_nbt2026
SDG&E,2026,2026,bundled,all,6,weekday,16,total,0.030903,sdge_nbt2026
SDG&E,2026,2026,bundled,all,6,weekday,17,total,0.043873,sdge_nbt2026
SDG&E,2026,2026,bundled,all,6,weekday,18,total,0.086613,sdge_nbt2026
SDG&E,2026,2026,bundled,all,6,weekday,19,total,0.089804,sdge_nbt2026
SDG&E,2026,2026,bundled,all,6,weekday,20,total,0.084913,sdge_nbt2026
SDG&E,2026,2026,bundled,all,6,weekday,21,total,0.080929,sdge_nbt2026
SDG&E,2026,2026,bundled,all,6,weekday,22,total,0.076009,sdge_nbt2026
SDG&E,2026,2026,bundled,all,6,weekday,23,total,0.069973,sdge_nbt2026
SDG&E,2026,2026,bundled,all,6,weekend_holiday,0,total,0.071000,sdge_nbt2026
SDG&E,2026,2026,bundled,all,6,weekend_holiday,1,total,0.068935,sdge_nbt2026
SDG&E,2026,2026,bundled,all,6,weekend_holiday,2,total,0.068948,sdge_nbt2026
SDG&E,2026,2026,bundled,all,6,weekend_holiday,3,total,0.069319,sdge_nbt2026
SDG&E,2026,2026,bundled,all,6,weekend_holiday,4,total,0.066550,sdge_nbt2026
SDG&E,2026,2026,bundled,all,6,weekend_holiday,5,total,0.082705,sdge_nbt2026
SDG&E,2026,2026,bundled,all,6,weekend_holiday,6,total,0.068808,sdge_nbt2026
SDG&E,2026,2026,bundled,all,6,weekend_holiday,7,total,0.056840,sdge_nbt2026
SDG&E,2026,2026,bundled,all,6,weekend_holiday,8,total,0.017600,sdge_nbt2026
SDG&E,2026,2026,bundled,all,6,weekend_holiday,9,total,0.013036,sdge_nbt2026
SDG&E,2026,2026,bundled,all,6,weekend_holiday,10,total,0.017526,sdge_nbt2026
SDG&E,2026,2026,bundled,all,6,weekend_holiday,11,total,0.011107,sdge_nbt2026
SDG&E,2026,2026,bundled,all,6,weekend_holiday,12,total,0.012111,sdge_nbt2026
SDG&E,2026,2026,bundled,all,6,weekend_holiday,13,total,0.006866,sdge_nbt2026
SDG&E,2026,2026,bundled,all,6,weekend_holiday,14,total,0.008648,sdge_nbt2026
SDG&E,2026,2026,bundled,all,6,weekend_holiday,15,total,0.008815,sdge_nbt2026
SDG&E,2026,2026,bundled,all,6,weekend_holiday,16,total,0.009685,sdge_nbt2026
SDG&E,2026,2026,bundled,all,6,weekend_holiday,17,total,0.020969,sdge_nbt2026
SDG&E,2026,2026,bundled,all,6,weekend_holiday,18,total,0.069947,sdge_nbt2026
SDG&E,2026,2026,bundled,all,6,weekend_holiday,19,total,0.093212,sdge_nbt2026
SDG&E,2026,2026,bundled,all,6,weekend_holiday,20,total,0.080719,sdge_nbt2026
SDG&E,2026,2026,bundled,all,6,weekend_holiday,21,total,0.076594,sdge_nbt2026
SDG&E,2026,2026,bundled,all,6,weekend_holiday,22,total,0.075913,sdge_nbt2026
SDG&E,2026,2026,bundled,all,6,weekend_holiday,23,total,0.071979,sdge_nbt2026
SDG&E,2026,2026,bundled,all,7,weekday,0,total,0.072294,sdge_nbt2026
SDG&E,2026,2026,bundled,all,7,weekday,1,total,0.072987,sdge_nbt2026
SDG&E,2026,2026,bundled,all,7,weekday,2,total,0.070073,sdge_nbt2026
SDG&E,2026,2026,bundled,all,7,weekday,3,total,0.070674,sdge_nbt2026
SDG&E,2026,2026,bundled,all,7,weekday,4,total,0.067637,sdge_nbt2026
SDG&E,2026,2026,bundled,all,7,weekday,5,total,0.067539,sdge_nbt2026
SDG&E,2026,2026,bundled,all,7,weekday,6,total,0.070530,sdge_nbt2026
SDG&E,2026,2026,bundled,all,7,weekday,7,total,0.067173,sdge_nbt2026
SDG&E,2026,2026,bundled,all,7,weekday,8,total,0.063947,sdge_nbt2026
SDG&E,2026,2026,bundled,all,7,weekday,9,total,0.057203,sdge_nbt2026
SDG&E,2026,2026,bundled,all,7,weekday,10,total,0.058309,sdge_nbt2026
SDG&E,2026,2026,bundled,all,7,weekday,11,total,0.055999,sdge_nbt2026
SDG&E,2026,2026,bundled,all,7,weekday,12,total,0.051838,sdge_nbt2026
SDG&E,2026,2026,bundled,all,7,weekday,13,total,0.047670,sdge_nbt2026
SDG&E,2026,2026,bundled,all,7,weekday,14,total,0.047448,sdge_nbt2026
SDG&E,2026,2026,bundled,all,7,weekday,15,total,0.049673,sdge_nbt2026
SDG&E,2026,2026,bundled,all,7,weekday,16,total,0.153664,sdge_nbt2026
SDG&E,2026,2026,bundled,all,7,weekday,17,total,0.278933,sdge_nbt2026
SDG&E,2026,2026,bundled,all,7,weekday,18,total,0.323917,sdge_nbt2026
SDG&E,2026,2026,bundled,all,7,weekday,19,total,0.332083,sdge_nbt2026
SDG&E,2026,2026,bundled,all,7,weekday,20,total,0.205029,sdge_nbt2026
SDG&E,2026,2026,bundled,all,7,weekday,21,total,0.084826,sdge_nbt2026
SDG&E,2026,2026,bundled,all,7,weekday,22,total,0.081156,sdge_nbt2026
SDG&E,2026,2026,bundled,all,7,weekday,23,total,0.074730,sdge_nbt2026
SDG&E,2026,2026,bundled,all,7,weekend_holiday,0,total,0.079276,sdge_nbt2026
SDG&E,2026,2026,bundled,all,7,weekend_holiday,1,total,0.072554,sdge_nbt2026
SDG&E,2026,2026,bundled,all,7,weekend_holiday,2,total,0.070130,sdge_nbt2026
SDG&E,2026,2026,bundled,all,7,weekend_holiday,3,total,0.069742,sdge_nbt2026
SDG&E,2026,2026,bundled,all,7,weekend_holiday,4,total,0.067084,sdge_nbt2026
SDG&E,2026,2026,bundled,all,7,weekend_holiday,5,total,0.067810,sdge_nbt2026
SDG&E,2026,2026,bundled,all,7,weekend_holiday,6,total,0.064218,sdge_nbt2026
SDG&E,2026,2026,bundled,all,7,weekend_holiday,7,total,0.061319,sdge_nbt2026
SDG&E,2026,2026,bundled,all,7,weekend_holiday,8,total,0.024559,sdge_nbt2026
SDG&E,2026,2026,bundled,all,7,weekend_holiday,9,total,0.024347,sdge_nbt2026
SDG&E,2026,2026,bundled,all,7,weekend_holiday,10,total,0.026333,sdge_nbt2026
SDG&E,2026,2026,bundled,all,7,weekend_holiday,11,total,0.022128,sdge_nbt2026
SDG&E,2026,2026,bundled,all,7,weekend_holiday,12,total,0.024542,sdge_nbt2026
SDG&E,2026,2026,bundled,all,7,weekend_holiday,13,total,0.025633,sdge_nbt2026
SDG&E,2026,2026,bundled,all,7,weekend_holiday,14,total,0.019821,sdge_nbt2026
SDG&E,2026,2026,bundled,all,7,weekend_holiday,15,total,0.023676,sdge_nbt2026
SDG&E,2026,2026,bundled,all,7,weekend_holiday,16,total,0.023705,sdge_nbt2026
SDG&E,2026,2026,bundled,all,7,weekend_holiday,17,total,0.043261,sdge_nbt2026
SDG&E,2026,2026,bundled,all,7,weekend_holiday,18,total,0.096132,sdge_nbt2026
SDG&E,2026,2026,bundled,all,7,weekend_holiday,19,total,0.118209,sdge_nbt2026
SDG&E,2026,2026,bundled,all,7,weekend_holiday,20,total,0.102810,sdge_nbt2026
SDG&E,2026,2026,bundled,all,7,weekend_holiday,21,total,0.081103,sdge_nbt2026
SDG&E,2026,2026,bundled,all,7,weekend_holiday,22,total,0.078378,sdge_nbt2026
SDG&E,2026,2026,bundled,all,7,weekend_holiday,23,total,0.075014,sdge_nbt2026
SDG&E,2026,2026,bundled,all,8,weekday,0,total,0.087316,sdge_nbt2026
SDG&E,2026,2026,bundled,all,8,weekday,1,total,0.088314,sdge_nbt2026
SDG&E,2026,2026,bundled,all,8,weekday,2,total,0.085097,sdge_nbt2026
SDG&E,2026,2026,bundled,all,8,weekday,3,total,0.081429,sdge_nbt2026
SDG&E,2026,2026,bundled,all,8,weekday,4,total,0.081097,sdge_nbt2026
SDG&E,2026,2026,bundled,all,8,weekday,5,total,0.081522,sdge_nbt2026
SDG&E,2026,2026,bundled,all,8,weekday,6,total,0.077987,sdge_nbt2026
SDG&E,2026,2026,bundled,all,8,weekday,7,total,0.069241,sdge_nbt2026
SDG&E,2026,2026,bundled,all,8,weekday,8,total,0.062737,sdge_nbt2026
SDG&E,2026,2026,bundled,all,8,weekday,9,total,0.061610,sdge_nbt2026
SDG&E,2026,2026,bundled,all,8,weekday,10,total,0.061365,sdge_nbt2026
SDG&E,2026,2026,bundled,all,8,weekday,11,total,0.060787,sdge_nbt2026
SDG&E,2026,2026,bundled,all,8,weekday,12,total,0.060721,sdge_nbt2026
SDG&E,2026,2026,bundled,all,8,weekday,13,total,0.060483,sdge_nbt2026
SDG&E,2026,2026,bundled,all,8,weekday,14,total,0.060759,sdge_nbt2026
SDG&E,2026,2026,bundled,all,8,weekday,15,total,0.064161,sdge_nbt2026
SDG&E,2026,2026,bundled,all,8,weekday,16,total,0.077103,sdge_nbt2026
SDG&E,2026,2026,bundled,all,8,weekday,17,total,0.924946,sdge_nbt2026
SDG&E,2026,2026,bundled,all,8,weekday,18,total,1.069771,sdge_nbt2026
SDG&E,2026,2026,bundled,all,8,weekday,19,total,0.908028,sdge_nbt2026
SDG&E,2026,2026,bundled,all,8,weekday,20,total,0.984815,sdge_nbt2026
SDG&E,2026,2026,bundled,all,8,weekday,21,total,0.877307,sdge_nbt2026
SDG&E,2026,2026,bundled,all,8,weekday,22,total,0.865975,sdge_nbt2026
SDG&E,2026,2026,bundled,all,8,weekday,23,total,0.090043,sdge_nbt2026
SDG&E,2026,2026,bundled,all,8,weekend_holiday,0,total,0.086310,sdge_nbt2026
SDG&E,2026,2026,bundled,all,8,weekend_holiday,1,total,0.084451,sdge_nbt2026
SDG&E,2026,2026,bundled,all,8,weekend_holiday,2,total,0.086012,sdge_nbt2026
SDG&E,2026,2026,bundled,all,8,weekend_holiday,3,total,0.079428,sdge_nbt2026
SDG&E,2026,2026,bundled,all,8,weekend_holiday,4,total,0.076436,sdge_nbt2026
SDG&E,2026,2026,bundled,all,8,weekend_holiday,5,total,0.076520,sdge_nbt2026
SDG&E,2026,2026,bundled,all,8,weekend_holiday,6,total,0.070688,sdge_nbt2026
SDG&E,2026,2026,bundled,all,8,weekend_holiday,7,total,0.059786,sdge_nbt2026
SDG&E,2026,2026,bundled,all,8,weekend_holiday,8,total,0.042129,sdge_nbt2026
SDG&E,2026,2026,bundled,all,8,weekend_holiday,9,total,0.038652,sdge_nbt2026
SDG&E,2026,2026,bundled,all,8,weekend_holiday,10,total,0.038209,sdge_nbt2026
SDG&E,2026,2026,bundled,all,8,weekend_holiday,11,total,0.038301,sdge_nbt2026
SDG&E,2026,2026,bundled,all,8,weekend_holiday,12,total,0.035091,sdge_nbt2026
SDG&E,2026,2026,bundled,all,8,weekend_holiday,13,total,0.034742,sdge_nbt2026
SDG&E,2026,2026,bundled,all,8,weekend_holiday,14,total,0.035321,sdge_nbt2026
SDG&E,2026,2026,bundled,all,8,weekend_holiday,15,total,0.041747,sdge_nbt2026
SDG&E,2026,2026,bundled,all,8,weekend_holiday,16,total,0.056618,sdge_nbt2026
SDG&E,2026,2026,bundled,all,8,weekend_holiday,17,total,0.868307,sdge_nbt2026
SDG&E,2026,2026,bundled,all,8,weekend_holiday,18,total,0.922775,sdge_nbt2026
SDG&E,2026,2026,bundled,all,8,weekend_holiday,19,total,0.945792,sdge_nbt2026
SDG&E,2026,2026,bundled,all,8,weekend_holiday,20,total,1.019649,sdge_nbt2026
SDG&E,2026,2026,bundled,all,8,weekend_holiday,21,total,0.932945,sdge_nbt2026
SDG&E,2026,2026,bundled,all,8,weekend_holiday,22,total,0.924969,sdge_nbt2026
SDG&E,2026,2026,bundled,all,8,weekend_holiday,23,total,0.088768,sdge_nbt2026
SDG&E,2026,2026,bundled,all,9,weekday,0,total,0.089501,sdge_nbt2026
SDG&E,2026,2026,bundled,all,9,weekday,1,total,0.087382,sdge_nbt2026
SDG&E,2026,2026,bundled,all,9,weekday,2,total,0.085859,sdge_nbt2026
SDG&E,2026,2026,bundled,all,9,weekday,3,total,0.082266,sdge_nbt2026
SDG&E,2026,2026,bundled,all,9,weekday,4,total,0.081066,sdge_nbt2026
SDG&E,2026,2026,bundled,all,9,weekday,5,total,0.083890,sdge_nbt2026
SDG&E,2026,2026,bundled,all,9,weekday,6,total,0.081363,sdge_nbt2026
SDG&E,2026,2026,bundled,all,9,weekday,7,total,0.068222,sdge_nbt2026
SDG&E,2026,2026,bundled,all,9,weekday,8,total,0.061030,sdge_nbt2026
SDG&E,2026,2026,bundled,all,9,weekday,9,total,0.057084,sdge_nbt2026
SDG&E,2026,2026,bundled,all,9,weekday,10,total,0.055088,sdge_nbt2026
SDG&E,2026,2026,bundled,all,9,weekday,11,total,0.054825,sdge_nbt2026
SDG&E,2026,2026,bundled,all,9,weekday,12,total,0.054642,sdge_nbt2026
SDG&E,2026,2026,bundled,all,9,weekday,13,total,0.056093,sdge_nbt2026
SDG&E,2026,2026,bundled,all,9,weekday,14,total,0.053518,sdge_nbt2026
SDG&E,2026,2026,bundled,all,9,weekday,15,total,0.051662,sdge_nbt2026
SDG&E,2026,2026,bundled,all,9,weekday,16,total,0.068327,sdge_nbt2026
SDG&E,2026,2026,bundled,all,9,weekday,17,total,0.131897,sdge_nbt2026
SDG&E,2026,2026,bundled,all,9,weekday,18,total,0.450081,sdge_nbt2026
SDG&E,2026,2026,bundled,all,9,weekday,19,total,0.581786,sdge_nbt2026
SDG&E,2026,2026,bundled,all,9,weekday,20,total,0.310407,sdge_nbt2026
SDG&E,2026,2026,bundled,all,9,weekday,21,total,0.150702,sdge_nbt2026
SDG&E,2026,2026,bundled,all,9,weekday,22,total,0.150154,sdge_nbt2026
SDG&E,2026,2026,bundled,all,9,weekday,23,total,0.095243,sdge_nbt2026
SDG&E,2026,2026,bundled,all,9,weekend_holiday,0,total,0.079133,sdge_nbt2026
SDG&E,2026,2026,bundled,all,9,weekend_holiday,1,total,0.082018,sdge_nbt2026
SDG&E,2026,2026,bundled,all,9,weekend_holiday,2,total,0.080263,sdge_nbt2026
SDG&E,2026,2026,bundled,all,9,weekend_holiday,3,total,0.076462,sdge_nbt2026
SDG&E,2026,2026,bundled,all,9,weekend_holiday,4,total,0.075522,sdge_nbt2026
SDG&E,2026,2026,bundled,all,9,weekend_holiday,5,total,0.075457,sdge_nbt2026
SDG&E,2026,2026,bundled,all,9,weekend_holiday,6,total,0.073370,sdge_nbt2026
SDG&E,2026,2026,bundled,all,9,weekend_holiday,7,total,0.060450,sdge_nbt2026
SDG&E,2026,2026,bundled,all,9,weekend_holiday,8,total,0.035832,sdge_nbt2026
SDG&E,2026,2026,bundled,all,9,weekend_holiday,9,total,0.023338,sdge_nbt2026
SDG&E,2026,2026,bundled,all,9,weekend_holiday,10,total,0.020315,sdge_nbt2026
SDG&E,2026,2026,bundled,all,9,weekend_holiday,11,total,0.019505,sdge_nbt2026
SDG&E,2026,2026,bundled,all,9,weekend_holiday,12,total,0.016615,sdge_nbt2026
SDG&E,2026,2026,bundled,all,9,weekend_holiday,13,total,0.018622,sdge_nbt2026
SDG&E,2026,2026,bundled,all,9,weekend_holiday,14,total,0.022799,sdge_nbt2026
SDG&E,2026,2026,bundled,all,9,weekend_holiday,15,total,0.025479,sdge_nbt2026
SDG&E,2026,2026,bundled,all,9,weekend_holiday,16,total,0.239859,sdge_nbt2026
SDG&E,2026,2026,bundled,all,9,weekend_holiday,17,total,0.534619,sdge_nbt2026
SDG&E,2026,2026,bundled,all,9,weekend_holiday,18,total,0.932390,sdge_nbt2026
SDG&E,2026,2026,bundled,all,9,weekend_holiday,19,total,0.886458,sdge_nbt2026
SDG&E,2026,2026,bundled,all,9,weekend_holiday,20,total,0.540889,sdge_nbt2026
SDG&E,2026,2026,bundled,all,9,weekend_holiday,21,total,0.162697,sdge_nbt2026
SDG&E,2026,2026,bundled,all,9,weekend_holiday,22,total,0.163186,sdge_nbt2026
SDG&E,2026,2026,bundled,all,9,weekend_holiday,23,total,0.092353,sdge_nbt2026
SDG&E,2026,2026,bundled,all,10,weekday,0,total,0.086108,sdge_nbt2026
SDG&E,2026,2026,bundled,all,10,weekday,1,total,0.086699,sdge_nbt2026
SDG&E,2026,2026,bundled,all,10,weekday,2,total,0.083384,sdge_nbt2026
SDG&E,2026,2026,bundled,all,10,weekday,3,total,0.079285,sdge_nbt2026
SDG&E,2026,2026,bundled,all,10,weekday,4,total,0.079258,sdge_nbt2026
SDG&E,2026,2026,bundled,all,10,weekday,5,total,0.079296,sdge_nbt2026
SDG&E,2026,2026,bundled,all,10,weekday,6,total,0.083516,sdge_nbt2026
SDG&E,2026,2026,bundled,all,10,weekday,7,total,0.073522,sdge_nbt2026
SDG&E,2026,2026,bundled,all,10,weekday,8,total,0.063544,sdge_nbt2026
SDG&E,2026,2026,bundled,all,10,weekday,9,total,0.057829,sdge_nbt2026
SDG&E,2026,2026,bundled,all,10,weekday,10,total,0.056688,sdge_nbt2026
SDG&E,2026,2026,bundled,all,10,weekday,11,total,0.054945,sdge_nbt2026
SDG&E,2026,2026,bundled,all,10,weekday,12,total,0.054259,sdge_nbt2026
SDG&E,2026,2026,bundled,all,10,weekday,13,total,0.053647,sdge_nbt2026
SDG&E,2026,2026,bundled,all,10,weekday,14,total,0.053285,sdge_nbt2026
SDG&E,2026,2026,bundled,all,10,weekday,15,total,0.053008,sdge_nbt2026
SDG&E,2026,2026,bundled,all,10,weekday,16,total,0.058757,sdge_nbt2026
SDG&E,2026,2026,bundled,all,10,weekday,17,total,0.186990,sdge_nbt2026
SDG&E,2026,2026,bundled,all,10,weekday,18,total,0.192285,sdge_nbt2026
SDG&E,2026,2026,bundled,all,10,weekday,19,total,0.090855,sdge_nbt2026
SDG&E,2026,2026,bundled,all,10,weekday,20,total,0.087074,sdge_nbt2026
SDG&E,2026,2026,bundled,all,10,weekday,21,total,0.081269,sdge_nbt2026
SDG&E,2026,2026,bundled,all,10,weekday,22,total,0.087816,sdge_nbt2026
SDG&E,2026,2026,bundled,all,10,weekday,23,total,0.088687,sdge_nbt2026
SDG&E,2026,2026,bundled,all,10,weekend_holiday,0,total,0.078635,sdge_nbt2026
SDG&E,2026,2026,bundled,all,10,weekend_holiday,1,total,0.079561,sdge_nbt2026
SDG&E,2026,2026,bundled,all,10,weekend_holiday,2,total,0.076111,sdge_nbt2026
SDG&E,2026,2026,bundled,all,10,weekend_holiday,3,total,0.076768,sdge_nbt2026
SDG&E,2026,2026,bundled,all,10,weekend_holiday,4,total,0.075186,sdge_nbt2026
SDG&E,2026,2026,bundled,all,10,weekend_holiday,5,total,0.074401,sdge_nbt2026
SDG&E,2026,2026,bundled,all,10,weekend_holiday,6,total,0.072063,sdge_nbt2026
SDG&E,2026,2026,bundled,all,10,weekend_holiday,7,total,0.064841,sdge_nbt2026
SDG&E,2026,2026,bundled,all,10,weekend_holiday,8,total,0.043182,sdge_nbt2026
SDG&E,2026,2026,bundled,all,10,weekend_holiday,9,total,0.021050,sdge_nbt2026
SDG&E,2026,2026,bundled,all,10,weekend_holiday,10,total,0.021034,sdge_nbt2026
SDG&E,2026,2026,bundled,all,10,weekend_holiday,11,total,0.020321,sdge_nbt2026
SDG&E,2026,2026,bundled,all,10,weekend_holiday,12,total,0.019963,sdge_nbt2026
SDG&E,2026,2026,bundled,all,10,weekend_holiday,13,total,0.019072,sdge_nbt2026
SDG&E,2026,2026,bundled,all,10,weekend_holiday,14,total,0.020612,sdge_nbt2026
SDG&E,2026,2026,bundled,all,10,weekend_holiday,15,total,0.021686,sdge_nbt2026
SDG&E,2026,2026,bundled,all,10,weekend_holiday,16,total,0.037766,sdge_nbt2026
SDG&E,2026,2026,bundled,all,10,weekend_holiday,17,total,0.079146,sdge_nbt2026
SDG&E,2026,2026,bundled,all,10,weekend_holiday,18,total,0.083440,sdge_nbt2026
SDG&E,2026,2026,bundled,all,10,weekend_holiday,19,total,0.081874,sdge_nbt2026
SDG&E,2026,2026,bundled,all,10,weekend_holiday,20,total,0.079025,sdge_nbt2026
SDG&E,2026,2026,bundled,all,10,weekend_holiday,21,total,0.076746,sdge_nbt2026
SDG&E,2026,2026,bundled,all,10,weekend_holiday,22,total,0.088594,sdge_nbt2026
SDG&E,2026,2026,bundled,all,10,weekend_holiday,23,total,0.082960,sdge_nbt2026
SDG&E,2026,2026,bundled,all,11,weekday,0,total,0.083465,sdge_nbt2026
SDG&E,2026,2026,bundled,all,11,weekday,1,total,0.082191,sdge_nbt2026
SDG&E,2026,2026,bundled,all,11,weekday,2,total,0.080582,sdge_nbt2026
SDG&E,2026,2026,bundled,all,11,weekday,3,total,0.079505,sdge_nbt2026
SDG&E,2026,2026,bundled,all,11,weekday,4,total,0.083618,sdge_nbt2026
SDG&E,2026,2026,bundled,all,11,weekday,5,total,0.085306,sdge_nbt2026
SDG&E,2026,2026,bundled,all,11,weekday,6,total,0.081837,sdge_nbt2026
SDG&E,2026,2026,bundled,all,11,weekday,7,total,0.072001,sdge_nbt2026
SDG&E,2026,2026,bundled,all,11,weekday,8,total,0.062130,sdge_nbt2026
SDG&E,2026,2026,bundled,all,11,weekday,9,total,0.059489,sdge_nbt2026
SDG&E,2026,2026,bundled,all,11,weekday,10,total,0.057273,sdge_nbt2026
SDG&E,2026,2026,bundled,all,11,weekday,11,total,0.054974,sdge_nbt2026
SDG&E,2026,2026,bundled,all,11,weekday,12,total,0.053593,sdge_nbt2026
SDG&E,2026,2026,bundled,all,11,weekday,13,total,0.047525,sdge_nbt2026
SDG&E,2026,2026,bundled,all,11,weekday,14,total,0.048911,sdge_nbt2026
SDG&E,2026,2026,bundled,all,11,weekday,15,total,0.063249,sdge_nbt2026
SDG&E,2026,2026,bundled,all,11,weekday,16,total,0.090045,sdge_nbt2026
SDG&E,2026,2026,bundled,all,11,weekday,17,total,0.092403,sdge_nbt2026
SDG&E,2026,2026,bundled,all,11,weekday,18,total,0.086679,sdge_nbt2026
SDG&E,2026,2026,bundled,all,11,weekday,19,total,0.084647,sdge_nbt2026
SDG&E,2026,2026,bundled,all,11,weekday,20,total,0.083644,sdge_nbt2026
SDG&E,2026,2026,bundled,all,11,weekday,21,total,0.085518,sdge_nbt2026
SDG&E,2026,2026,bundled,all,11,weekday,22,total,0.086594,sdge_nbt2026
SDG&E,2026,2026,bundled,all,11,weekday,23,total,0.089476,sdge_nbt2026
SDG&E,2026,2026,bundled,all,11,weekend_holiday,0,total,0.079979,sdge_nbt2026
SDG&E,2026,2026,bundled,all,11,weekend_holiday,1,total,0.076610,sdge_nbt2026
SDG&E,2026,2026,bundled,all,11,weekend_holiday,2,total,0.075178,sdge_nbt2026
SDG&E,2026,2026,bundled,all,11,weekend_holiday,3,total,0.074260,sdge_nbt2026
SDG&E,2026,2026,bundled,all,11,weekend_holiday,4,total,0.074994,sdge_nbt2026
SDG&E,2026,2026,bundled,all,11,weekend_holiday,5,total,0.076326,sdge_nbt2026
SDG&E,2026,2026,bundled,all,11,weekend_holiday,6,total,0.076349,sdge_nbt2026
SDG&E,2026,2026,bundled,all,11,weekend_holiday,7,total,0.056052,sdge_nbt2026
SDG&E,2026,2026,bundled,all,11,weekend_holiday,8,total,0.035856,sdge_nbt2026
SDG&E,2026,2026,bundled,all,11,weekend_holiday,9,total,0.026572,sdge_nbt2026
SDG&E,2026,2026,bundled,all,11,weekend_holiday,10,total,0.024142,sdge_nbt2026
SDG&E,2026,2026,bundled,all,11,weekend_holiday,11,total,0.021353,sdge_nbt2026
SDG&E,2026,2026,bundled,all,11,weekend_holiday,12,total,0.020947,sdge_nbt2026
SDG&E,2026,2026,bundled,all,11,weekend_holiday,13,total,0.020477,sdge_nbt2026
SDG&E,2026,2026,bundled,all,11,weekend_holiday,14,total,0.021288,sdge_nbt2026
SDG&E,2026,2026,bundled,all,11,weekend_holiday,15,total,0.039849,sdge_nbt2026
SDG&E,2026,2026,bundled,all,11,weekend_holiday,16,total,0.077317,sdge_nbt2026
SDG&E,2026,2026,bundled,all,11,weekend_holiday,17,total,0.088893,sdge_nbt2026
SDG&E,2026,2026,bundled,all,11,weekend_holiday,18,total,0.084457,sdge_nbt2026
SDG&E,2026,2026,bundled,all,11,weekend_holiday,19,total,0.080977,sdge_nbt2026
SDG&E,2026,2026,bundled,all,11,weekend_holiday,20,total,0.078812,sdge_nbt2026
SDG&E,2026,2026,bundled,all,11,weekend_holiday,21,total,0.078353,sdge_nbt2026
SDG&E,2026,2026,bundled,all,11,weekend_holiday,22,total,0.082666,sdge_nbt2026
SDG&E,2026,2026,bundled,all,11,weekend_holiday,23,total,0.078340,sdge_nbt2026
SDG&E,2026,2026,bundled,all,12,weekday,0,total,0.085735,sdge_nbt2026
SDG&E,2026,2026,bundled,all,12,weekday,1,total,0.083980,sdge_nbt2026
SDG&E,2026,2026,bundled,all,12,weekday,2,total,0.080860,sdge_nbt2026
SDG&E,2026,2026,bundled,all,12,weekday,3,total,0.081487,sdge_nbt2026
SDG&E,2026,2026,bundled,all,12,weekday,4,total,0.083587,sdge_nbt2026
SDG&E,2026,2026,bundled,all,12,weekday,5,total,0.086129,sdge_nbt2026
SDG&E,2026,2026,bundled,all,12,weekday,6,total,0.095979,sdge_nbt2026
SDG&E,2026,2026,bundled,all,12,weekday,7,total,0.080161,sdge_nbt2026
SDG&E,2026,2026,bundled,all,12,weekday,8,total,0.071046,sdge_nbt2026
SDG&E,2026,2026,bundled,all,12,weekday,9,total,0.066888,sdge_nbt2026
SDG&E,2026,2026,bundled,all,12,weekday,10,total,0.064592,sdge_nbt2026
SDG&E,2026,2026,bundled,all,12,weekday,11,total,0.060972,sdge_nbt2026
SDG&E,2026,2026,bundled,all,12,weekday,12,total,0.057166,sdge_nbt2026
SDG&E,2026,2026,bundled,all,12,weekday,13,total,0.057568,sdge_nbt2026
SDG&E,2026,2026,bundled,all,12,weekday,14,total,0.056678,sdge_nbt2026
SDG&E,2026,2026,bundled,all,12,weekday,15,total,0.067270,sdge_nbt2026
SDG&E,2026,2026,bundled,all,12,weekday,16,total,0.091712,sdge_nbt2026
SDG&E,2026,2026,bundled,all,12,weekday,17,total,0.096525,sdge_nbt2026
SDG&E,2026,2026,bundled,all,12,weekday,18,total,0.095787,sdge_nbt2026
SDG&E,2026,2026,bundled,all,12,weekday,19,total,0.088786,sdge_nbt2026
SDG&E,2026,2026,bundled,all,12,weekday,20,total,0.087545,sdge_nbt2026
SDG&E,2026,2026,bundled,all,12,weekday,21,total,0.087134,sdge_nbt2026
SDG&E,2026,2026,bundled,all,12,weekday,22,total,0.088656,sdge_nbt2026
SDG&E,2026,2026,bundled,all,12,weekday,23,total,0.088935,sdge_nbt2026
SDG&E,2026,2026,bundled,all,12,weekend_holiday,0,total,0.079651,sdge_nbt2026
SDG&E,2026,2026,bundled,all,12,weekend_holiday,1,total,0.078065,sdge_nbt2026
SDG&E,2026,2026,bundled,all,12,weekend_holiday,2,total,0.074512,sdge_nbt2026
SDG&E,2026,2026,bundled,all,12,weekend_holiday,3,total,0.070760,sdge_nbt2026
SDG&E,2026,2026,bundled,all,12,weekend_holiday,4,total,0.069793,sdge_nbt2026
SDG&E,2026,2026,bundled,all,12,weekend_holiday,5,total,0.071724,sdge_nbt2026
SDG&E,2026,2026,bundled,all,12,weekend_holiday,6,total,0.074763,sdge_nbt2026
SDG&E,2026,2026,bundled,all,12,weekend_holiday,7,total,0.064863,sdge_nbt2026
SDG&E,2026,2026,bundled,all,12,weekend_holiday,8,total,0.042413,sdge_nbt2026
SDG&E,2026,2026,bundled,all,12,weekend_holiday,9,total,0.022129,sdge_nbt2026
SDG&E,2026,2026,bundled,all,12,weekend_holiday,10,total,0.020983,sdge_nbt2026
SDG&E,2026,2026,bundled,all,12,weekend_holiday,11,total,0.019103,sdge_nbt2026
SDG&E,2026,2026,bundled,all,12,weekend_holiday,12,total,0.020330,sdge_nbt2026
SDG&E,2026,2026,bundled,all,12,weekend_holiday,13,total,0.014622,sdge_nbt2026
SDG&E,2026,2026,bundled,all,12,weekend_holiday,14,total,0.014007,sdge_nbt2026
SDG&E,2026,2026,bundled,all,12,weekend_holiday,15,total,0.040505,sdge_nbt2026
SDG&E,2026,2026,bundled,all,12,weekend_holiday,16,total,0.081130,sdge_nbt2026
SDG&E,2026,2026,bundled,all,12,weekend_holiday,17,total,0.086330,sdge_nbt2026
SDG&E,2026,2026,bundled,all,12,weekend_holiday,18,total,0.084193,sdge_nbt2026
SDG&E,2026,2026,bundled,all,12,weekend_holiday,19,total,0.080087,sdge_nbt2026
SDG&E,2026,2026,bundled,all,12,weekend_holiday,20,total,0.078888,sdge_nbt2026
SDG&E,2026,2026,bundled,all,12,weekend_holiday,21,total,0.074242,sdge_nbt2026
SDG&E,2026,2026,bundled,all,12,weekend_holiday,22,total,0.075531,sdge_nbt2026
SDG&E,2026,2026,bundled,all,12,weekend_holiday,23,total,0.074494,sdge_nbt2026
