timestamp,soc,load,solar,battery_out,grid_in,hour,tou_period,season,has_grid_purchase,has_battery_capacity,no_solar_available,battery_not_discharging,electricity_rate,actual_grid_cost,battery_alternative_cost,economic_savings_from_grid
2018-01-01 17:00:00,79.11566534768944,0.8898038643668227,0.0,0.3423509163794618,0.5474529479873609,17,Peak,Winter,True,True,True,False,0.47,0.2573028855540596,0.11253199486406863,-0.144770890689991
2018-01-01 18:00:00,76.64465238019878,0.8792268582852605,0.0,0.3317739229442102,0.5474529353410502,18,Peak,Winter,True,True,True,False,0.47,0.2573028796102936,0.1125319922645492,-0.1447708873457444
2018-01-01 19:00:00,73.80455273982045,0.9282878888658644,0.0,0.3808349524078822,0.5474529364579823,19,Peak,Winter,True,True,True,False,0.47,0.25730288013525165,0.11253199249414081,-0.14477088764111085
2018-01-01 20:00:00,69.74717229692733,1.0902514029530708,0.0,0.5427984563402937,0.5474529466127771,20,Peak,Winter,True,True,True,False,0.47,0.25730288490800524,0.11253199458151529,-0.14477089032648993
2018-01-01 21:00:00,64.67010343598473,1.2247201147559996,0.0,0.6772671495967513,0.5474529651592484,21,Peak,Winter,True,True,True,False,0.47,0.2573028936248467,0.11253199839384548,-0.14477089523100123
2018-01-02 17:00:00,75.03251041312112,1.289261894786199,0.0,0.7418088405273725,0.5474530542588264,17,Peak,Winter,True,True,True,False,0.47,0.2573029355016484,0.11253201670875876,-0.14477091879288964
2018-01-02 18:00:00,69.93243056988284,1.2294027011816486,0.0,0.6819497550860425,0.5474529460956061,18,Peak,Winter,True,True,True,False,0.47,0.25730288466493484,0.11253199447520792,-0.14477089018972691
2018-01-02 19:00:00,64.66960138759941,1.2494272205678008,0.0,0.7019742615780884,0.5474529589897124,19,Peak,Winter,True,True,True,False,0.47,0.25730289072516477,0.11253199712566309,-0.14477089359950168
2018-01-04 17:00:00,94.80061595700832,0.9410946591077112,0.0,0.0291777815573818,0.9119168775503294,17,Peak,Winter,True,True,True,False,0.47,0.42860093244865477,0.18744958038534548,-0.2411513520633093
2018-01-04 18:00:00,95.0000000000165,0.8489793357260962,0.0,0.0,0.8489793357260962,18,Peak,Winter,True,True,True,True,0.47,0.3990202877912652,0.1745124190103642,-0.22450786878090098
2018-01-04 19:00:00,95.0000000000165,0.8937969925416459,0.0,0.0,0.8937969925416459,19,Peak,Winter,True,True,True,True,0.47,0.42008458649457353,0.18372493735578277,-0.23635964913879076
2018-01-04 20:00:00,94.2802124818092,1.0095215045650854,0.0,0.0976046268743879,0.9119168776906974,20,Peak,Winter,True,True,True,False,0.47,0.4286009325146278,0.18744958041419893,-0.24115135210042885
2018-01-04 21:00:00,92.74739758163264,1.1193745329103992,0.0,0.2074576539371796,0.9119168789732196,21,Peak,Winter,True,True,True,False,0.47,0.4286009331174132,0.18744958067782846,-0.24115135243958474
2018-01-04 22:00:00,90.76991415314164,1.1790955973263526,0.0,0.2671787179571783,0.9119168793691744,22,Off-Peak,Winter,True,True,True,False,0.27,0.2462175574296771,0.1874495807592192,-0.05876797667045791
2018-01-04 23:00:00,88.89829802750269,1.1645137773873837,0.0,0.2525968992260989,0.9119168781612847,23,Off-Peak,Winter,True,True,True,False,0.27,0.2462175571035469,0.18744958051093075,-0.05876797659261615
2018-01-05 00:00:00,87.63629797179966,1.082179698243592,0.0,0.1702628206653851,0.9119168775782068,0,Off-Peak,Winter,True,True,True,False,0.27,0.24621755694611586,0.18744958039107584,-0.058767976555040013
2018-01-05 01:00:00,87.69835002631238,0.902826030106735,0.0,0.0,0.902826030106735,1,Off-Peak,Winter,True,True,True,True,0.27,0.24376302812881848,0.18558090618860662,-0.058182121940211856
2018-01-05 02:00:00,88.90001524447005,0.7356436831281712,0.0,0.0,0.7356436831281712,2,Off-Peak,Winter,True,True,True,True,0.27,0.19862379444460623,0.15121564597634632,-0.047408148468259914
2018-01-05 03:00:00,90.75382388642048,0.6395714610620583,0.0,0.0,0.6395714610620583,3,Off-Peak,Winter,True,True,True,True,0.27,0.17268429448675576,0.13146746699608977,-0.04121682749066599
2018-01-05 04:00:00,92.8004027052295,0.6107571604985408,0.0,0.0,0.6107571604985408,4,Off-Peak,Winter,True,True,True,True,0.27,0.16490443333460603,0.12554452743581115,-0.03935990589879487
2018-01-05 05:00:00,94.44653497386672,0.6693670488021689,0.0,0.0,0.6693670488021689,5,Off-Peak,Winter,True,True,True,True,0.27,0.1807291031765856,0.13759211558711248,-0.043136987589473125
2018-01-05 06:00:00,95.00000000000009,0.7135901943539487,0.0,0.0,0.7135901943539487,6,Off-Peak,Winter,True,True,True,True,0.27,0.19266935247556616,0.14668242883942278,-0.04598692363614337
2018-01-05 07:00:00,95.00000000000009,0.7736016032290836,0.0,0.0,0.7736016032290836,7,Mid-Peak,Winter,True,True,True,True,0.37,0.2862325931947609,0.15901810733042274,-0.12721448586433817
2018-01-05 17:00:00,93.9337812541474,1.0566012738017951,0.0,0.1446843956214853,0.9119168781803098,17,Peak,Winter,True,True,True,False,0.47,0.42860093274474553,0.18744958051484142,-0.2411513522299041
2018-01-05 18:00:00,92.4094422530958,1.1181681658951397,0.0,0.2062512873274144,0.9119168785677252,18,Peak,Winter,True,True,True,False,0.47,0.4286009329268308,0.18744958059447683,-0.241151352332354
2018-01-05 19:00:00,90.17648833585308,1.213448137328048,0.0,0.3015312568074044,0.9119168805206436,19,Peak,Winter,True,True,True,False,0.47,0.42860093384470244,0.18744958099591005,-0.24115135284879238
2018-01-05 20:00:00,87.29960585151929,1.2996345342419635,0.0,0.3877176523012104,0.911916881940753,20,Peak,Winter,True,True,True,False,0.47,0.4286009345121539,0.18744958128782144,-0.24115135322433248
2018-01-05 21:00:00,83.49095993365285,1.424061297272452,0.0,0.5121444105992312,0.9119168866732208,21,Peak,Winter,True,True,True,False,0.47,0.42860093673641375,0.18744958226060648,-0.24115135447580727
2018-01-05 22:00:00,79.45369469665589,1.453872912947479,0.0,0.5419560294098837,0.9119168835375951,22,Off-Peak,Winter,True,True,True,False,0.27,0.2462175585551507,0.18744958161606123,-0.05876797693908947
2018-01-05 23:00:00,75.39374856137162,1.4560693249205574,0.0,0.5441524422887527,0.9119168826318048,23,Off-Peak,Winter,True,True,True,False,0.27,0.2462175583105873,0.18744958142987098,-0.05876797688071633
2018-01-06 00:00:00,71.84232802936921,1.3873803229204809,0.0,0.4754634433142418,0.9119168796062392,0,Off-Peak,Winter,True,True,True,False,0.27,0.24621755749368462,0.18744958080794916,-0.05876797668573547
2018-01-06 01:00:00,69.67872915942704,1.2015419307699735,0.0,0.2896250532110219,0.9119168775589516,1,Off-Peak,Winter,True,True,True,False,0.27,0.24621755694091693,0.18744958038711781,-0.05876797655379912
2018-01-06 02:00:00,68.89541730666866,1.0168181262895473,0.0,0.1049012487251669,0.9119168775643804,2,Off-Peak,Winter,True,True,True,False,0.27,0.24621755694238273,0.18744958038823376,-0.058767976554148976
2018-01-06 03:00:00,68.77406554444309,0.9281734344577272,0.0,0.0162565569085717,0.9119168775491554,3,Off-Peak,Winter,True,True,True,False,0.27,0.24621755693827196,0.18744958038510418,-0.05876797655316779
2018-01-06 04:00:00,68.97158754502424,0.8831978765443786,0.0,0.0,0.8831978765443786,4,Off-Peak,Winter,True,True,True,True,0.27,0.23846342666698225,0.18154623017856672,-0.056917196488415533
2018-01-06 05:00:00,68.53437137724595,0.9704709880213286,0.0,0.058554110465208,0.9119168775561206,5,Off-Peak,Winter,True,True,True,False,0.27,0.24621755694015257,0.1874495803865359,-0.05876797655361668
2018-01-06 06:00:00,67.72452674937031,1.020314089401467,0.0,0.1083972118268785,0.9119168775745884,6,Off-Peak,Winter,True,True,True,False,0.27,0.2462175569451389,0.18744958039033205,-0.05876797655480684
2018-01-06 07:00:00,66.39665923133141,1.0894931077898242,0.0,0.1775762300454931,0.9119168777443312,7,Mid-Peak,Winter,True,True,True,False,0.37,0.3374092447654025,0.1874495804252236,-0.1499596643401789
2018-01-06 17:00:00,95.00000005561483,0.8336977216816619,0.0,0.0,0.8336977216816619,17,Peak,Winter,True,True,True,True,0.47,0.3918379291903811,0.17137119834567496,-0.2204667308447061
2018-01-06 18:00:00,95.00000005561483,0.8161358284801832,0.0,0.0,0.8161358284801832,18,Peak,Winter,True,True,True,True,0.47,0.3835838393856861,0.16776125363203767,-0.2158225857536484
2018-01-06 19:00:00,95.00000005561483,0.8499647873974081,0.0,0.0,0.8499647873974081,19,Peak,Winter,True,True,True,True,0.47,0.39948345007678177,0.1747149840761339,-0.22476846600064787
2018-01-06 20:00:00,94.29091084821914,1.0088701128872537,0.0,0.0969532351998301,0.9119168776874236,20,Peak,Winter,True,True,True,False,0.47,0.42860093251308906,0.18744958041352594,-0.24115135209956312
2018-01-06 21:00:00,92.58363463689054,1.142915485060252,0.0,0.2309986053077808,0.9119168797524712,21,Peak,Winter,True,True,True,False,0.47,0.4286009334836614,0.18744958083800797,-0.24115135264565343
2018-01-06 22:00:00,90.17616383430556,1.2369626138181815,0.0,0.3250457323638687,0.9119168814543128,22,Off-Peak,Winter,True,True,True,False,0.27,0.24621755799266448,0.18744958118783098,-0.058767976804833505
2018-01-06 23:00:00,87.4262291834758,1.2825520446690304,0.0,0.3706351639827866,0.9119168806862438,23,Off-Peak,Winter,True,True,True,False,0.27,0.24621755778528584,0.1874495810299501,-0.05876797675533574
2018-01-07 00:00:00,84.5650402292217,1.2970093998774472,0.0,0.3850925202785671,0.91191687959888,0,Off-Peak,Winter,True,True,True,False,0.27,0.24621755749169763,0.18744958080643645,-0.05876797668526118
2018-01-07 01:00:00,82.19857698521716,1.2301990903211732,0.0,0.3182822124214277,0.9119168778997456,1,Off-Peak,Winter,True,True,True,False,0.27,0.24621755703293133,0.18744958045716992,-0.05876797657576141
2018-01-07 02:00:00,81.09529299458266,1.0603444014175456,0.0,0.1484275238583757,0.9119168775591698,2,Off-Peak,Winter,True,True,True,False,0.27,0.24621755694097588,0.18744958038716267,-0.05876797655381322
2018-01-07 03:00:00,80.31236325839542,1.0172331460562962,0.0,0.1053162685059431,0.911916877550353,3,Off-Peak,Winter,True,True,True,False,0.27,0.24621755693859532,0.18744958038535034,-0.05876797655324498
2018-01-07 04:00:00,79.5877742896171,1.0093615496144277,0.0,0.0974446720609713,0.9119168775534564,4,Off-Peak,Winter,True,True,True,False,0.27,0.24621755693943326,0.18744958038598825,-0.05876797655344501
2018-01-07 05:00:00,77.88249728061089,1.1409747282821745,0.0,0.2290578502224842,0.9119168780596902,5,Off-Peak,Winter,True,True,True,False,0.27,0.2462175570761164,0.18744958049004745,-0.05876797658606894
2018-01-07 06:00:00,75.64790255583962,1.2117315213627688,0.0,0.2998146429962768,0.911916878366492,6,Off-Peak,Winter,True,True,True,False,0.27,0.24621755715895288,0.18744958055311225,-0.05876797660584063
2018-01-07 07:00:00,72.60297182355295,1.3197852265415215,0.0,0.4078683457784215,0.9119168807631,7,Mid-Peak,Winter,True,True,True,False,0.37,0.337409245882347,0.18744958104574833,-0.14995966483659867
2018-01-07 17:00:00,90.1728589568188,1.563348341012721,0.0,0.6514313173547037,0.9119170236580172,17,Peak,Winter,True,True,True,False,0.47,0.4286010011192681,0.18744961041859243,-0.24115139070067565
2018-01-07 18:00:00,85.5167307297669,1.5382075878655328,0.0,0.626290694757616,0.9119168931079168,18,Peak,Winter,True,True,True,False,0.47,0.4286009397607209,0.187449583583294,-0.2411513561774269
2018-01-07 19:00:00,80.61100130562416,1.5703580857703827,0.0,0.6584411943417603,0.9119168914286224,19,Peak,Winter,True,True,True,False,0.47,0.4286009389714525,0.1874495832381057,-0.2411513557333468
2018-01-07 20:00:00,75.29216271183014,1.6241951669502763,0.0,0.7122782710912245,0.9119168958590518,20,Peak,Winter,True,True,True,False,0.47,0.4286009410537543,0.18744958414880508,-0.2411513569049492
2018-01-07 21:00:00,69.62845607741554,1.6685049569561037,0.0,0.7565880530202757,0.911916903935828,21,Peak,Winter,True,True,True,False,0.47,0.4286009448498391,0.18744958580903132,-0.2411513590408078
2018-01-07 22:00:00,63.98097236158057,1.6643924381251902,0.0,0.7524755296236786,0.9119169085015116,22,Off-Peak,Winter,True,True,True,False,0.27,0.24621756529540817,0.18744958674753293,-0.058767978547875244
2018-01-08 17:00:00,90.66947596193737,1.4976897071279909,0.0,0.5857727282512762,0.9119169788767146,17,Peak,Winter,True,True,True,False,0.47,0.4286009800720559,0.1874496012135469,-0.24115137885850899
2018-01-08 18:00:00,87.18474999463143,1.3812588609341825,0.0,0.4693419796253825,0.9119168813088,18,Peak,Winter,True,True,True,False,0.47,0.42860093421513595,0.18744958115792,-0.24115135305721597
2018-01-08 19:00:00,83.72635137489517,1.3769897970025116,0.0,0.4650729158209721,0.9119168811815396,19,Peak,Winter,True,True,True,False,0.47,0.4286009341553236,0.1874495811317609,-0.24115135302356266
2018-01-08 20:00:00,80.14169235227601,1.3932493472201457,0.0,0.4813324661002017,0.911916881119944,20,Peak,Winter,True,True,True,False,0.47,0.4286009341263736,0.1874495811190996,-0.24115135300727403
2018-01-08 21:00:00,76.48843761189951,1.4017605990684676,0.0,0.4898437180942182,0.9119168809742496,21,Peak,Winter,True,True,True,False,0.47,0.4286009340578973,0.1874495810891513,-0.24115135296874599
2018-01-08 22:00:00,72.68797363911979,1.420705160234582,0.0,0.5087882781379585,0.9119168820966236,22,Off-Peak,Winter,True,True,True,False,0.27,0.2462175581660884,0.1874495813198615,-0.058767976846226894
2018-01-08 23:00:00,69.35182785565094,1.3580442053937491,0.0,0.4461273259660824,0.9119168794276666,23,Off-Peak,Winter,True,True,True,False,0.27,0.24621755744547,0.18744958077124257,-0.05876797667422742
2018-01-09 00:00:00,66.82458444316214,1.2496477077908246,0.0,0.3377308298518916,0.911916877938933,0,Off-Peak,Winter,True,True,True,False,0.27,0.24621755704351192,0.1874495804652251,-0.05876797657828681
2018-01-09 01:00:00,65.72672826695862,1.058671839685895,0.0,0.1467549621229895,0.9119168775629054,1,Off-Peak,Winter,True,True,True,False,0.27,0.24621755694198447,0.18744958038793055,-0.05876797655405391
2018-01-09 02:00:00,65.94286630674327,0.880540938555296,0.0,0.0,0.880540938555296,2,Off-Peak,Winter,True,True,True,True,0.27,0.23774605340992994,0.18100008181414418,-0.05674597159578576
2018-01-09 03:00:00,66.79703076154794,0.7878282818922291,0.0,0.0,0.7878282818922291,3,Off-Peak,Winter,True,True,True,True,0.27,0.21271363611090185,0.16194248016673599,-0.05077115594416587
2018-01-09 04:00:00,67.93451954223238,0.7465579680665665,0.0,0.0,0.7465579680665665,4,Off-Peak,Winter,True,True,True,True,0.27,0.20157065137797298,0.1534591378803498,-0.04811151349762319
2018-01-09 05:00:00,68.58093104461162,0.8179456991450964,0.0,0.0,0.8179456991450964,5,Off-Peak,Winter,True,True,True,True,0.27,0.22084533876917603,0.1681332826020476,-0.05271205616712843
2018-01-09 06:00:00,68.9056896239561,0.8647073077961549,0.0,0.0,0.8647073077961549,6,Off-Peak,Winter,True,True,True,True,0.27,0.23347097310496184,0.1777453910469874,-0.055725582057974454
2018-01-09 07:00:00,68.98851360168919,0.8998780879966577,0.0,0.0,0.8998780879966577,7,Mid-Peak,Winter,True,True,True,True,0.37,0.3329548925587633,0.18497494031042405,-0.14797995224833926
2018-01-09 17:00:00,92.56909878971136,1.2414407401022598,0.0,0.3295238491489701,0.9119168909532898,17,Peak,Winter,True,True,True,False,0.47,0.42860093874804617,0.18744958314039842,-0.24115135560764775
2018-01-09 18:00:00,90.29987748011357,1.2182718694669852,0.0,0.3063549900378657,0.9119168794291196,18,Peak,Winter,True,True,True,False,0.47,0.4286009333316862,0.18744958077154125,-0.24115135256014494
2018-01-09 19:00:00,87.61874650107903,1.2732424190225304,0.0,0.3613255384116924,0.911916880610838,19,Peak,Winter,True,True,True,False,0.47,0.4286009338870938,0.18744958101445003,-0.24115135287264378
2018-01-09 20:00:00,84.0529477383436,1.3914390240730996,0.0,0.4795221391767634,0.9119168848963362,20,Peak,Winter,True,True,True,False,0.47,0.42860093590127796,0.18744958189535796,-0.24115135400592
2018-01-09 21:00:00,79.72390420729609,1.492832525069722,0.0,0.5809156368042745,0.9119168882654476,21,Peak,Winter,True,True,True,False,0.47,0.42860093748476036,0.18744958258789754,-0.24115135489686282
2018-01-09 22:00:00,75.17573012051331,1.5211072876527287,0.0,0.6091904010867818,0.9119168865659468,22,Off-Peak,Winter,True,True,True,False,0.27,0.24621755937280565,0.18744958223855573,-0.058767977134249916
2018-01-09 23:00:00,70.8715142578638,1.4875216952237125,0.0,0.5756048115923753,0.9119168836313372,23,Off-Peak,Winter,True,True,True,False,0.27,0.24621755858046104,0.1874495816353304,-0.05876797694513064
2018-01-10 00:00:00,67.19504817012981,1.4029627434629326,0.0,0.4910458630526612,0.9119168804102712,0,Off-Peak,Winter,True,True,True,False,0.27,0.24621755771077325,0.1874495809732224,-0.05876797673755085
2018-01-10 01:00:00,64.65466829375274,1.2510322609391935,0.0,0.3391153831048509,0.9119168778343426,1,Off-Peak,Winter,True,True,True,False,0.27,0.2462175570152725,0.18744958044372598,-0.05876797657154653
2018-01-10 02:00:00,63.37783361528495,1.0823736573498062,0.0,0.1704567797994585,0.9119168775503476,2,Off-Peak,Winter,True,True,True,False,0.27,0.24621755693859385,0.18744958038534923,-0.058767976553244616
2018-01-10 03:00:00,62.79016586284333,0.990376837584644,0.0,0.0784599600352795,0.9119168775493643,3,Off-Peak,Winter,True,True,True,False,0.27,0.2462175569383284,0.1874495803851471,-0.05876797655318128
2018-01-10 04:00:00,62.18602573340355,0.9925501202967536,0.0,0.0806332427419001,0.9119168775548534,4,Off-Peak,Winter,True,True,True,False,0.27,0.24621755693981043,0.18744958038627543,-0.058767976553534995
2018-01-10 05:00:00,60.55011101748523,1.1299420800273925,0.0,0.2180252016380199,0.9119168783893724,5,Off-Peak,Winter,True,True,True,False,0.27,0.24621755716513058,0.18744958055781544,-0.05876797660731514
2018-01-10 17:00:00,91.69530235439098,1.359408759616942,0.0,0.4474918423747135,0.9119169172422285,17,Peak,Winter,True,True,True,False,0.47,0.4286009511038473,0.18744958854423585,-0.24115136255961148
2018-01-10 18:00:00,89.45607381708875,1.2140410698555533,0.0,0.3021241917226727,0.9119168781328806,18,Peak,Winter,True,True,True,False,0.47,0.42860093272245386,0.1874495805050921,-0.24115135221736175
2018-01-10 19:00:00,87.6307710085009,1.1580000601613487,0.0,0.2460831823298903,0.9119168778314584,19,Peak,Winter,True,True,True,False,0.47,0.4286009325807854,0.1874495804431331,-0.24115135213765232
2018-01-10 20:00:00,85.36775514247556,1.21660734812547,0.0,0.3046904694022321,0.911916878723238,20,Peak,Winter,True,True,True,False,0.47,0.42860093299992186,0.18744958062644337,-0.24115135237347848
2018-01-10 21:00:00,82.44814942027989,1.3043842943452604,0.0,0.3924674140727309,0.9119168802725296,21,Peak,Winter,True,True,True,False,0.47,0.4286009337280889,0.18744958094490888,-0.24115135278318
2018-01-10 22:00:00,78.64901853769682,1.4216161607783837,0.0,0.509699276376816,0.9119168844015676,22,Off-Peak,Winter,True,True,True,False,0.27,0.24621755878842327,0.18744958179365556,-0.05876797699476771
2018-01-10 23:00:00,74.82241539651002,1.4245453937011112,0.0,0.5126285121003848,0.9119168816007264,23,Off-Peak,Winter,True,True,True,False,0.27,0.24621755803219614,0.18744958121792707,-0.05876797681426907
2018-01-11 00:00:00,72.11891475192074,1.2739286516606227,0.0,0.3620117739236769,0.911916877736946,0,Off-Peak,Winter,True,True,True,False,0.27,0.24621755698897543,0.18744958042370555,-0.058767976565269886
2018-01-11 01:00:00,70.50570536261323,1.1279210153137489,0.0,0.2160041377632508,0.911916877550498,1,Off-Peak,Winter,True,True,True,False,0.27,0.24621755693863448,0.18744958038538015,-0.05876797655325433
2018-01-11 02:00:00,70.24770620142789,0.9464844410786202,0.0,0.0345675635255367,0.9119168775530836,2,Off-Peak,Winter,True,True,True,False,0.27,0.2462175569393326,0.18744958038591164,-0.05876797655342095
2018-01-11 03:00:00,70.66528252607999,0.8511758865569875,0.0,0.0,0.8511758865569875,3,Off-Peak,Winter,True,True,True,True,0.27,0.22981748937038665,0.1749639322367141,-0.05485355713367254
2018-01-11 04:00:00,71.37896477720832,0.8080565575526292,0.0,0.0,0.8080565575526292,4,Off-Peak,Winter,True,True,True,True,0.27,0.2181752705392099,0.16610051460804046,-0.05207475593116945
2018-01-11 05:00:00,71.56634614889045,0.8846536081656162,0.0,0.0,0.8846536081656162,5,Off-Peak,Winter,True,True,True,True,0.27,0.2388564742047164,0.18184546390071,-0.057011010304006404
2018-01-11 06:00:00,71.36934299944613,0.938325143110024,0.0,0.0264082655606707,0.9119168775493534,6,Off-Peak,Winter,True,True,True,False,0.27,0.24621755693832542,0.18744958038514484,-0.058767976553180584
2018-01-11 07:00:00,70.64454687371241,1.0090183861546431,0.0,0.0971015085808671,0.911916877573776,7,Mid-Peak,Winter,True,True,True,False,0.37,0.3374092447022971,0.18744958039016504,-0.14995966431213206
2018-01-11 17:00:00,95.0000010955594,0.8052577604896467,0.0,0.0,0.8052577604896467,17,Peak,Winter,True,True,True,True,0.47,0.37847114743013394,0.16552520632287182,-0.21294594110726212
2018-01-11 18:00:00,95.0000010955594,0.7690012779563605,0.0,0.0,0.7690012779563605,18,Peak,Winter,True,True,True,True,0.47,0.36143060063948945,0.1580724849132519,-0.20335811572623755
2018-01-11 19:00:00,95.0000010955594,0.8535629062568849,0.0,0.0,0.8535629062568849,19,Peak,Winter,True,True,True,True,0.47,0.40117456594073586,0.17545459739724856,-0.2257199685434873
2018-01-11 20:00:00,94.47659560633174,0.9835791214441332,0.0,0.0716622438517424,0.9119168775923908,20,Peak,Winter,True,True,True,False,0.47,0.4286009324684237,0.18744958039399143,-0.24115135207443225
2018-01-11 21:00:00,92.56314857978433,1.170677646553891,0.0,0.2587607650388766,0.9119168815150144,21,Peak,Winter,True,True,True,False,0.47,0.42860093431205676,0.18744958120030852,-0.24115135311174823
2018-01-11 22:00:00,89.97463490170844,1.2611924389442233,0.0,0.3492755565251811,0.9119168824190422,22,Off-Peak,Winter,True,True,True,False,0.27,0.24621755825314143,0.18744958138613646,-0.05876797686700497
2018-01-11 23:00:00,87.4343765120872,1.25420101195661,0.0,0.3422841326728291,0.9119168792837808,23,Off-Peak,Winter,True,True,True,False,0.27,0.24621755740662085,0.18744958074166604,-0.05876797666495481
2018-01-12 00:00:00,85.12471901495093,1.2228285536265509,0.0,0.3109116754177595,0.9119168782087914,0,Off-Peak,Winter,True,True,True,False,0.27,0.2462175571163737,0.18744958052069602,-0.05876797659567767
2018-01-12 01:00:00,83.88059992452031,1.079401008280913,0.0,0.1674841307314857,0.9119168775494272,1,Off-Peak,Winter,True,True,True,False,0.27,0.24621755693834535,0.18744958038516002,-0.05876797655318533
2018-01-12 02:00:00,83.5722032493703,0.9534495060204092,0.0,0.0415326284689096,0.9119168775514996,2,Off-Peak,Winter,True,True,True,False,0.27,0.24621755693890493,0.18744958038558604,-0.05876797655331889
2018-01-12 03:00:00,83.64594954477964,0.901137786081829,0.0,0.0,0.901137786081829,3,Off-Peak,Winter,True,True,True,True,0.27,0.24330720224209385,0.18523387825015372,-0.05807332399194012
2018-01-12 04:00:00,83.92040576307616,0.8717920861129823,0.0,0.0,0.8717920861129823,4,Off-Peak,Winter,True,True,True,True,0.27,0.23538386325050523,0.1792017065898908,-0.056182156660614435
2018-01-12 05:00:00,83.63895564119568,0.9498221520212722,0.0,0.0379052744708984,0.9119168775503738,5,Off-Peak,Winter,True,True,True,False,0.27,0.24621755693860092,0.1874495803853546,-0.05876797655324631
2018-01-12 06:00:00,82.8718159713307,1.0151739530193042,0.0,0.1032570754452322,0.911916877574072,6,Off-Peak,Winter,True,True,True,False,0.27,0.24621755694499947,0.1874495803902259,-0.05876797655477356
2018-01-12 07:00:00,81.55912255259364,1.0884601417953383,0.0,0.1765432641010731,0.9119168776942652,7,Mid-Peak,Winter,True,True,True,False,0.37,0.3374092447468781,0.1874495804149323,-0.14995966433194582
2018-01-12 08:00:00,79.31913528599385,1.2127574699833712,0.0,0.3008405912414199,0.9119168787419514,8,Mid-Peak,Winter,True,True,True,False,0.37,0.33740924513452203,0.18744958063029002,-0.149959664504232
2018-01-12 18:00:00,94.38157949818348,0.9109538998154958,0.0,0.0,0.9109538998154958,18,Peak,Winter,True,True,True,True,0.47,0.428148332913283,0.18725163496207411,-0.2408966979512089
2018-01-12 19:00:00,94.36271219391564,0.9144751094848173,0.0,0.0025582319357874,0.9119168775490298,19,Peak,Winter,True,True,True,False,0.47,0.428600932448044,0.18744958038507836,-0.24115135206296562
2018-01-12 20:00:00,93.2999302293597,1.0557924484545105,0.0,0.1438755703755325,0.911916878078978,20,Peak,Winter,True,True,True,False,0.47,0.42860093269711963,0.18744958049401214,-0.2411513522031075
2018-01-12 21:00:00,91.19237994844144,1.1965901483528143,0.0,0.2846732672714746,0.9119168810813396,21,Peak,Winter,True,True,True,False,0.47,0.4286009341082296,0.18744958111116425,-0.24115135299706533
2018-01-12 22:00:00,88.3357716008695,1.2969293685091694,0.0,0.3850124856194135,0.911916882889756,22,Off-Peak,Winter,True,True,True,False,0.27,0.24621755838023415,0.18744958148289428,-0.05876797689733987
2018-01-12 23:00:00,85.11622613822216,1.3450782176135856,0.0,0.4331613358856431,0.9119168817279424,23,Off-Peak,Winter,True,True,True,False,0.27,0.24621755806654447,0.18744958124407704,-0.05876797682246743
2018-01-13 00:00:00,82.41468616345624,1.2750774573653376,0.0,0.3631605791509176,0.91191687821442,0,Off-Peak,Winter,True,True,True,False,0.27,0.24621755711789342,0.18744958052185298,-0.05876797659604044
2018-01-13 01:00:00,80.53217922639155,1.1649047992692625,0.0,0.2529879216835848,0.9119168775856776,1,Off-Peak,Winter,True,True,True,False,0.27,0.24621755694813297,0.1874495803926115,-0.05876797655552146
2018-01-13 02:00:00,79.77161857892806,1.0141612288902009,0.0,0.1022443513334155,0.9119168775567852,2,Off-Peak,Winter,True,True,True,False,0.27,0.246217556940332,0.1874495803866725,-0.05876797655365951
2018-01-13 03:00:00,79.28919585293735,0.9767683884503612,0.0,0.0648515109012507,0.9119168775491104,3,Off-Peak,Winter,True,True,True,False,0.27,0.24621755693825984,0.1874495803850949,-0.05876797655316493
2018-01-13 04:00:00,78.72773223798234,0.9873743905099188,0.0,0.0754575129582555,0.9119168775516632,4,Off-Peak,Winter,True,True,True,False,0.27,0.24621755693894906,0.18744958038561965,-0.05876797655332941
2018-01-13 05:00:00,77.17412831029011,1.1204752829156592,0.0,0.2085584049750395,0.9119168779406196,5,Off-Peak,Winter,True,True,True,False,0.27,0.2462175570439673,0.1874495804655718,-0.0587679765783955
2018-01-13 06:00:00,74.8095880380206,1.2289077592058977,0.0,0.3169908803690657,0.911916878836832,6,Off-Peak,Winter,True,True,True,False,0.27,0.24621755728594466,0.18744958064979325,-0.05876797663615141
2018-01-13 07:00:00,71.47537754192864,1.3580714817404735,0.0,0.4461545991949551,0.9119168825455184,7,Mid-Peak,Winter,True,True,True,False,0.37,0.3374092465418418,0.18744958141213433,-0.14995966512970746
2018-01-13 18:00:00,95.00000000034316,0.8186952080821132,0.0,0.0,0.8186952080821132,18,Peak,Winter,True,True,True,True,0.47,0.3847867477985932,0.16828734832798992,-0.21649939947060326
2018-01-13 19:00:00,95.00000000034316,0.872383769844358,0.0,0.0,0.872383769844358,19,Peak,Winter,True,True,True,True,0.47,0.4100203718268482,0.17932333046800691,-0.23069704135884128
2018-01-13 20:00:00,93.88329869879384,1.0637965421009454,0.0,0.151879663789314,0.9119168783116314,20,Peak,Winter,True,True,True,False,0.47,0.4286009328064667,0.18744958054183533,-0.24115135226463139
2018-01-13 21:00:00,91.58195911120156,1.2228046627052789,0.0,0.3108877795314447,0.911916883173834,21,Peak,Winter,True,True,True,False,0.47,0.42860093509170194,0.1874495815412881,-0.24115135355041384
2018-01-13 22:00:00,88.42203699477321,1.3377378879472914,0.0,0.4258210019630333,0.911916885984258,22,Off-Peak,Winter,True,True,True,False,0.27,0.24621755921574967,0.18744958211898638,-0.05876797709676329
2018-01-13 23:00:00,84.64731493047515,1.41948754789677,0.0,0.5075706618750692,0.9119168860217008,23,Off-Peak,Winter,True,True,True,False,0.27,0.24621755922585925,0.18744958212668297,-0.05876797709917628
2018-01-14 00:00:00,81.4917336205445,1.3358309171642757,0.0,0.4239140384840574,0.9119168786802184,0,Off-Peak,Winter,True,True,True,False,0.27,0.24621755724365899,0.18744958061760045,-0.05876797662605854
2018-01-14 01:00:00,79.59808384055356,1.166297124142898,0.0,0.25438024659327,0.911916877549628,1,Off-Peak,Winter,True,True,True,False,0.27,0.24621755693839958,0.18744958038520132,-0.058767976553198265
2018-01-14 02:00:00,78.60168179081451,1.0457824941487883,0.0,0.1338656165981517,0.9119168775506366,2,Off-Peak,Winter,True,True,True,False,0.27,0.2462175569386719,0.18744958038540863,-0.05876797655326327
2018-01-14 03:00:00,78.04127428414695,0.9872092069636638,0.0,0.0752923294145983,0.9119168775490656,3,Off-Peak,Winter,True,True,True,False,0.27,0.24621755693824773,0.1874495803850857,-0.058767976553162043
2018-01-14 04:00:00,77.65349505415709,0.9640134287597636,0.0,0.0520965512106443,0.9119168775491192,4,Off-Peak,Winter,True,True,True,False,0.27,0.2462175569382622,0.18744958038509674,-0.05876797655316546
2018-01-14 05:00:00,76.52244834331081,1.0637408660123489,0.0,0.1518239883506489,0.9119168776617,5,Off-Peak,Winter,True,True,True,False,0.27,0.24621755696865902,0.18744958040823834,-0.05876797656042068
2018-01-14 06:00:00,74.77682098135082,1.1460017416368091,0.0,0.2340848636955833,0.9119168779412258,6,Off-Peak,Winter,True,True,True,False,0.27,0.24621755704413098,0.1874495804656964,-0.05876797657843458
2018-01-14 07:00:00,72.29987496229839,1.243611852995755,0.0,0.3316949739453574,0.9119168790503976,7,Mid-Peak,Winter,True,True,True,False,0.37,0.3374092452486471,0.18744958069369286,-0.14995966455495427
2018-01-14 17:00:00,92.61253883606352,1.012263811130072,0.0,0.1003469335730629,0.9119168775570088,17,Peak,Winter,True,True,True,False,0.47,0.4286009324517941,0.18744958038671847,-0.24115135206507562
2018-01-14 18:00:00,91.55832759194912,1.0544180809361796,0.0,0.1425012032062543,0.9119168777299254,18,Peak,Winter,True,True,True,False,0.47,0.4286009325330649,0.18744958042226242,-0.2411513521108025
2018-01-14 19:00:00,89.95686702271676,1.128092491213052,0.0,0.2161756129279411,0.911916878285111,19,Peak,Winter,True,True,True,False,0.47,0.4286009327940022,0.18744958053638391,-0.24115135225761827
2018-01-14 20:00:00,87.62176133728553,1.2265816036570916,0.0,0.3146647238611007,0.9119168797959908,20,Peak,Winter,True,True,True,False,0.47,0.42860093350411566,0.18744958084695365,-0.241151352657162
2018-01-14 21:00:00,84.41072834462906,1.3437592078619522,0.0,0.4318423251477328,0.9119168827142194,21,Peak,Winter,True,True,True,False,0.47,0.4286009348756831,0.18744958144681176,-0.24115135342887137
2018-01-14 22:00:00,80.81219007109594,1.3950664866616056,0.0,0.4831496046175597,0.911916882044046,22,Off-Peak,Winter,True,True,True,False,0.27,0.24621755815189242,0.18744958130905387,-0.05876797684283855
2018-01-14 23:00:00,77.39499039944474,1.370168009195746,0.0,0.4582511295324136,0.9119168796633323,23,Off-Peak,Winter,True,True,True,False,0.27,0.24621755750909974,0.18744958081968496,-0.058767976689414775
2018-01-15 00:00:00,74.26016908383598,1.331861342908898,0.0,0.4199444639898924,0.9119168789190056,0,Off-Peak,Winter,True,True,True,False,0.27,0.24621755730813155,0.1874495806666845,-0.05876797664144706
2018-01-15 01:00:00,72.14743047630337,1.1948652651248544,0.0,0.2829483875322752,0.9119168775925792,1,Off-Peak,Winter,True,True,True,False,0.27,0.24621755694999642,0.18744958039403017,-0.058767976555966245
2018-01-15 02:00:00,71.57520182328511,0.9886001564045168,0.0,0.0766832788390137,0.9119168775655032,2,Off-Peak,Winter,True,True,True,False,0.27,0.24621755694268588,0.18744958038846454,-0.058767976554221335
2018-01-15 03:00:00,71.69313996086905,0.8947603446199559,0.0,0.0,0.8947603446199559,3,Off-Peak,Winter,True,True,True,True,0.27,0.2415852930473881,0.18392295972743536,-0.05766233331995274
2018-01-15 04:00:00,71.75685918855372,0.9026476407710928,0.0,0.0,0.9026476407710928,4,Off-Peak,Winter,True,True,True,True,0.27,0.2437148630081951,0.1855442372696135,-0.05817062573858159
2018-01-15 05:00:00,70.93123458150004,1.0225125466800242,0.0,0.110595669070493,0.9119168776095312,5,Off-Peak,Winter,True,True,True,False,0.27,0.24621755695457345,0.18744958039751472,-0.05876797655705873
2018-01-15 06:00:00,69.40244429535008,1.1164932380964996,0.0,0.2045763602177715,0.911916877878728,6,Off-Peak,Winter,True,True,True,False,0.27,0.24621755702725656,0.18744958045284962,-0.05876797657440694
2018-01-15 07:00:00,67.1425970311809,1.2138974659432678,0.0,0.3019805870336237,0.911916878909644,7,Mid-Peak,Winter,True,True,True,False,0.37,0.3374092451965683,0.18744958066476017,-0.14995966453180812
2018-01-15 17:00:00,61.19915114918376,0.8486327341497681,0.0,0.0,0.8486327341497681,17,Peak,Winter,True,True,True,True,0.47,0.398857385050391,0.17444117313078567,-0.2244162119196053
2018-01-15 18:00:00,62.02378301903715,0.7924414056873621,0.0,0.0,0.7924414056873621,18,Peak,Winter,True,True,True,True,0.47,0.37244746067306017,0.1628907333912911,-0.20955672728176908
2018-01-15 19:00:00,62.30808912526994,0.8707318830522964,0.0,0.0,0.8707318830522964,19,Peak,Winter,True,True,True,True,0.47,0.4092439850345793,0.17898377596074982,-0.2302602090738295
2018-01-15 20:00:00,61.47513978843227,1.023001383918818,0.0,0.1110845062549913,0.9119168776638266,20,Peak,Winter,True,True,True,False,0.47,0.4286009325019985,0.18744958040867546,-0.24115135209332303
2018-01-16 18:00:00,95.0000000316997,0.8513431486650066,0.0,0.0,0.8513431486650066,18,Peak,Winter,True,True,True,True,0.47,0.4001312798725531,0.17499831389225137,-0.22513296598030172
2018-01-16 19:00:00,95.0000000316997,0.9145062516642256,0.0,0.0,0.9145062516642256,19,Peak,Winter,True,True,True,True,0.47,0.429817938282186,0.18798184061986858,-0.24183609766231742
2018-01-16 20:00:00,94.3474675681361,1.0276379658454915,0.0,0.0897094306375416,0.93792853520795,20,Peak,Winter,True,True,True,False,0.47,0.4408264115477365,0.19279642112607862,-0.24802999042165788
2018-01-16 21:00:00,92.70276639666648,1.160349277885364,0.0,0.2224207407990696,0.9379285370862942,21,Peak,Winter,True,True,True,False,0.47,0.44082641243055826,0.1927964215121827,-0.24802999091837555
2018-01-16 22:00:00,90.39086124568809,1.2499334165304814,0.0,0.3120048779604005,0.9379285385700808,22,Off-Peak,Winter,True,True,True,False,0.27,0.25324070541392185,0.1927964218171833,-0.06044428359673856
2018-01-16 23:00:00,88.0844097822004,1.248776640782403,0.0,0.3108481043176156,0.9379285364647874,23,Off-Peak,Winter,True,True,True,False,0.27,0.2532407048454926,0.1927964213844285,-0.06044428346106409
2018-01-17 00:00:00,86.46112328983692,1.1566076834444372,0.0,0.2186791482684353,0.9379285351760018,0,Off-Peak,Winter,True,True,True,False,0.27,0.2532407044975205,0.19279642111951145,-0.060444283378009056
2018-01-17 01:00:00,86.29258279313842,0.9606496331161052,0.0,0.0227210980080354,0.9379285351080696,1,Off-Peak,Winter,True,True,True,False,0.27,0.2532407044791788,0.19279642110554762,-0.06044428337363117
2018-01-17 02:00:00,87.29764228778502,0.7907424009903565,0.0,0.0,0.7907424009903565,2,Off-Peak,Winter,True,True,True,True,0.27,0.21350044826739628,0.1625414935369066,-0.05095895473048967
2018-01-17 03:00:00,88.56711578629015,0.7518688941618783,0.0,0.0,0.7518688941618783,3,Off-Peak,Winter,True,True,True,True,0.27,0.20300460142370716,0.1545508282443861,-0.048453773179321064
2018-01-17 04:00:00,89.87595964389787,0.7459476792694024,0.0,0.0,0.7459476792694024,4,Off-Peak,Winter,True,True,True,True,0.27,0.20140587340273866,0.15333368962759938,-0.04807218377513928
2018-01-17 05:00:00,90.63675933146584,0.8263137042112979,0.0,0.0,0.8263137042112979,5,Off-Peak,Winter,True,True,True,True,0.27,0.22310470013705044,0.16985337253232233,-0.053251327604728116
2018-01-17 06:00:00,90.92619941486342,0.8954682500728224,0.0,0.0,0.8954682500728224,6,Off-Peak,Winter,True,True,True,True,0.27,0.24177642751966205,0.18406847362608014,-0.05770795389358191
2018-01-17 07:00:00,90.5511280335767,0.9886057499515712,0.0,0.0506772148375956,0.9379285351139756,7,Mid-Peak,Winter,True,True,True,False,0.37,0.34703355799217095,0.19279642110676162,-0.15423713688540933
2018-01-17 18:00:00,95.00000160622818,0.7727399662575899,0.0,0.0,0.7727399662575899,18,Peak,Winter,True,True,True,True,0.47,0.3631877841410672,0.15884099306406016,-0.20434679107700707
2018-01-17 19:00:00,95.00000160622818,0.8441280906306559,0.0,0.0,0.8441280906306559,19,Peak,Winter,True,True,True,True,0.47,0.39674020259640824,0.17351521862963482,-0.22322498396677343
2018-01-17 20:00:00,94.85253994488907,0.9581614362817232,0.0,0.0202329011751593,0.9379285351065638,20,Peak,Winter,True,True,True,False,0.47,0.44082641150008495,0.1927964211052381,-0.24802999039484686
2018-01-17 21:00:00,93.4629264286881,1.1259996807751076,0.0,0.1880711441487355,0.937928536626372,21,Peak,Winter,True,True,True,False,0.47,0.44082641221439484,0.19279642141764314,-0.2480299907967517
2018-01-17 22:00:00,91.2917263652455,1.2311415910704726,0.0,0.293213052412574,0.9379285386578986,22,Off-Peak,Winter,True,True,True,False,0.27,0.25324070543763266,0.1927964218352347,-0.06044428360239795
2018-01-17 23:00:00,89.26504987035187,1.211287888061466,0.0,0.2733593520450944,0.9379285360163716,23,Off-Peak,Winter,True,True,True,False,0.27,0.25324070472442034,0.19279642129225416,-0.06044428343216618
2018-01-18 00:00:00,87.71288079391822,1.1471616438227876,0.0,0.2092331085998908,0.9379285352228968,0,Off-Peak,Winter,True,True,True,False,0.27,0.25324070451018216,0.19279642112915102,-0.06044428338103114
2018-01-18 01:00:00,87.31953988588552,0.9909742004367768,0.0,0.0530456653262835,0.9379285351104932,1,Off-Peak,Winter,True,True,True,False,0.27,0.2532407044798332,0.1927964211060458,-0.060444283373787405
2018-01-18 02:00:00,87.7645993820483,0.872757384046402,0.0,0.0,0.872757384046402,2,Off-Peak,Winter,True,True,True,True,0.27,0.23564449369252857,0.17940012894287152,-0.05624436474965705
2018-01-18 03:00:00,88.69298686839416,0.8018783916841827,0.0,0.0,0.8018783916841827,3,Off-Peak,Winter,True,True,True,True,0.27,0.21650716575472936,0.16483055829063756,-0.051676607464091806
2018-01-18 04:00:00,89.75730888408535,0.7818492395847321,0.0,0.0,0.7818492395847321,4,Off-Peak,Winter,True,True,True,True,0.27,0.21109929468787766,0.16071345480352825,-0.050385839884349415
2018-01-18 05:00:00,90.3459853046805,0.8515916290554668,0.0,0.0,0.8515916290554668,5,Off-Peak,Winter,True,True,True,True,0.27,0.22992973984497606,0.17504939041695705,-0.054880349428019004
2018-01-18 06:00:00,90.4642485321929,0.9205868642818552,0.0,0.0,0.9205868642818552,6,Off-Peak,Winter,True,True,True,True,0.27,0.2485584533561009,0.18923174432460357,-0.05932670903149734
2018-01-18 07:00:00,89.80258245331702,1.027270253398202,0.0,0.0893417182432336,0.9379285351549684,7,Mid-Peak,Winter,True,True,True,False,0.37,0.3470335580073383,0.19279642111518794,-0.15423713689215038
2018-01-18 18:00:00,92.29676575961804,1.1936128664639856,0.0,0.2556843282311626,0.937928538232823,18,Peak,Winter,True,True,True,False,0.47,0.44082641296942676,0.19279642174785805,-0.2480299912215687
2018-01-18 19:00:00,89.913770251878,1.259406127276112,0.0,0.3214775889856701,0.937928538290442,19,Peak,Winter,True,True,True,False,0.47,0.4408264129965077,0.19279642175970196,-0.24802999123680575
2018-01-18 20:00:00,86.91780597071424,1.341296653793251,0.0,0.4033681139531831,0.937928539840068,20,Peak,Winter,True,True,True,False,0.47,0.44082641372483194,0.1927964220782362,-0.24802999164659575
2018-01-18 21:00:00,82.66961222917492,1.5084307865514086,0.0,0.5705022366640023,0.9379285498874064,21,Peak,Winter,True,True,True,False,0.47,0.440826418447081,0.1927964241435224,-0.24802999430355857
2018-01-18 22:00:00,77.98073807743732,1.5663165707251143,0.0,0.6283880240255719,0.9379285466995424,22,Off-Peak,Winter,True,True,True,False,0.27,0.25324070760887646,0.19279642348823928,-0.06044428412063718
2018-01-18 23:00:00,73.4579439353328,1.543061088286768,0.0,0.6051325460338289,0.937928542252939,23,Off-Peak,Winter,True,True,True,False,0.27,0.25324070640829355,0.19279642257421523,-0.06044428383407832
2018-01-19 00:00:00,69.6771230027006,1.443214507511538,0.0,0.5052859699595147,0.9379285375520232,0,Off-Peak,Winter,True,True,True,False,0.27,0.2532407051390463,0.19279642160791588,-0.060444283531130405
2018-01-19 01:00:00,67.52986102521852,1.2248894844581284,0.0,0.2869609493511255,0.9379285351070028,1,Off-Peak,Winter,True,True,True,False,0.27,0.2532407044788908,0.19279642110532832,-0.060444283373562474
2018-01-19 02:00:00,66.86414576347238,1.0269413343635088,0.0,0.0890127992417013,0.9379285351218074,2,Off-Peak,Winter,True,True,True,False,0.27,0.253240704482888,0.19279642110837153,-0.06044428337451646
2018-01-19 03:00:00,66.76940063011084,0.95060037109316,0.0,0.0126718359866464,0.9379285351065136,3,Off-Peak,Winter,True,True,True,False,0.27,0.2532407044787587,0.1927964211052278,-0.06044428337353089
2018-01-19 04:00:00,66.93676850307767,0.9136340069560932,0.0,0.0,0.9136340069560932,4,Off-Peak,Winter,True,True,True,True,0.27,0.2466811818781452,0.18780254587430803,-0.058878636003837165
2018-01-19 05:00:00,66.48932465024954,0.9977532305013892,0.0,0.0598246953870436,0.9379285351143456,5,Off-Peak,Winter,True,True,True,False,0.27,0.2532407044808733,0.19279642110683767,-0.06044428337403565
2018-01-19 06:00:00,65.60924706616491,1.0555212969961678,0.0,0.1175927618462044,0.9379285351499632,6,Off-Peak,Winter,True,True,True,False,0.27,0.2532407044904901,0.19279642111415912,-0.060444283376330954
2018-01-19 07:00:00,63.90895805060256,1.1648248621513155,0.0,0.2268963263735783,0.9379285357777372,7,Mid-Peak,Winter,True,True,True,False,0.37,0.3470335582377627,0.1927964212432015,-0.1542371369945612
2018-01-19 18:00:00,95.00000274623596,0.8270878249646495,0.0,0.0,0.8270878249646495,18,Peak,Winter,True,True,True,True,0.47,0.3887312777333852,0.17001249735384463,-0.2187187803795406
2018-01-19 19:00:00,95.00000274623596,0.916592501956592,0.0,0.0,0.916592501956592,19,Peak,Winter,True,True,True,True,0.47,0.43079847591959824,0.1884106809577439,-0.24238779496185434
2018-01-19 20:00:00,93.7822654143415,1.1036822384368403,0.0,0.1657537022766097,0.9379285361602304,20,Peak,Winter,True,True,True,False,0.47,0.44082641199530825,0.19279642132182512,-0.24802999067348314
2018-01-19 21:00:00,91.42281926373212,1.2565331432779483,0.0,0.3186046023392577,0.9379285409386906,21,Peak,Winter,True,True,True,False,0.47,0.44082641424118457,0.19279642230406416,-0.24802999193712041
2018-01-19 22:00:00,88.19060264220525,1.3733025845643525,0.0,0.4353740406295887,0.9379285439347638,22,Off-Peak,Winter,True,True,True,False,0.27,0.25324070686238626,0.19279642291992366,-0.060444283942462596
2018-01-19 23:00:00,84.61553506754174,1.4185694471752426,0.0,0.4806409061976203,0.9379285409776222,23,Off-Peak,Winter,True,True,True,False,0.27,0.25324070606395804,0.19279642231206678,-0.06044428375189126
2018-01-20 00:00:00,81.31851716817229,1.380658990429859,0.0,0.4427304533941912,0.9379285370356676,0,Off-Peak,Winter,True,True,True,False,0.27,0.25324070499963025,0.19279642150177612,-0.060444283497854134
2018-01-20 01:00:00,78.3279764398735,1.3391126120428358,0.0,0.4011840758706257,0.93792853617221,1,Off-Peak,Winter,True,True,True,False,0.27,0.2532407047664967,0.1927964213242876,-0.06044428344220909
2018-01-20 02:00:00,76.01217702250374,1.248437959833494,0.0,0.310509424554907,0.9379285352785872,2,Off-Peak,Winter,True,True,True,False,0.27,0.2532407045252186,0.19279642114059847,-0.0604442833846201
2018-01-20 03:00:00,74.06256489899611,1.1991947647111267,0.0,0.261266229459731,0.9379285352513956,3,Off-Peak,Winter,True,True,True,False,0.27,0.25324070451787684,0.1927964211350091,-0.060444283382867725
2018-01-20 04:00:00,72.116141012799,1.198566696703608,0.0,0.2606381613044579,0.93792853539915,4,Off-Peak,Winter,True,True,True,False,0.27,0.25324070455777054,0.19279642116538082,-0.06044428339238972
2018-01-20 05:00:00,69.04989518394038,1.347739171775502,0.0,0.4098106321373408,0.9379285396381613,5,Off-Peak,Winter,True,True,True,False,0.27,0.25324070570230356,0.19279642203673314,-0.06044428366557042
2018-01-20 06:00:00,64.96392096721434,1.4827047166838443,0.0,0.5447761676117624,0.937928549072082,6,Off-Peak,Winter,True,True,True,False,0.27,0.25324070824946215,0.19279642397592794,-0.06044428427353421
2018-01-20 18:00:00,95.000000076297,0.9099020042330987,0.0,0.0,0.9099020042330987,18,Peak,Winter,True,True,True,True,0.47,0.42765394198955636,0.18703541198124807,-0.2406185300083083
2018-01-20 19:00:00,95.000000076297,0.9362949439964056,0.0,0.0,0.9362949439964056,19,Peak,Winter,True,True,True,True,0.47,0.4400586236783106,0.1924606273770389,-0.24759799630127172
2018-01-20 20:00:00,94.20878967926932,1.0461588343084138,0.0,0.1082302989969359,0.937928535311478,20,Peak,Winter,True,True,True,False,0.47,0.44082641159639463,0.19279642114735937,-0.24802999044903526
2018-01-20 21:00:00,92.2005838836232,1.2092929696151642,0.0,0.2713644305024067,0.9379285391127574,21,Peak,Winter,True,True,True,False,0.47,0.44082641338299594,0.19279642192873347,-0.24802999145426247
2018-01-20 22:00:00,89.14896664987369,1.3492037200150395,0.0,0.4112751757710513,0.9379285442439882,22,Off-Peak,Winter,True,True,True,False,0.27,0.2532407069458768,0.19279642298348645,-0.06044428396239035
2018-01-20 23:00:00,85.72963837437307,1.3978612651479918,0.0,0.459932724245489,0.9379285409025028,23,Off-Peak,Winter,True,True,True,False,0.27,0.25324070604367577,0.19279642229662555,-0.060444283747050215
2018-01-21 00:00:00,82.21856331815923,1.4094761331073062,0.0,0.4715475943621575,0.9379285387451488,0,Off-Peak,Winter,True,True,True,False,0.27,0.2532407054611902,0.19279642185316948,-0.06044428360802073
2018-01-21 01:00:00,79.16859273435729,1.3471688742755703,0.0,0.409240338172447,0.9379285361031232,1,Off-Peak,Winter,True,True,True,False,0.27,0.25324070474784327,0.19279642131008642,-0.060444283437756846
2018-01-21 02:00:00,76.78770694060617,1.2572216630464066,0.0,0.3192931277381388,0.9379285353082678,2,Off-Peak,Winter,True,True,True,False,0.27,0.25324070453323233,0.1927964211466995,-0.06044428338653282
2018-01-21 03:00:00,74.73143684824647,1.2135207638964638,0.0,0.2755922285892213,0.9379285353072424,3,Off-Peak,Winter,True,True,True,False,0.27,0.25324070453295544,0.1927964211464887,-0.060444283386466735
2018-01-21 04:00:00,72.54723448294727,1.230394918776061,0.0,0.2924663831327411,0.9379285356433198,4,Off-Peak,Winter,True,True,True,False,0.27,0.25324070462369636,0.19279642121557128,-0.06044428340812508
2018-01-21 05:00:00,69.0786481841292,1.4013772618189713,0.0,0.4634487192806187,0.9379285425383526,5,Off-Peak,Winter,True,True,True,False,0.27,0.2532407064853552,0.19279642263288357,-0.06044428385247161
2018-01-21 06:00:00,64.59822953316113,1.5350097805285383,0.0,0.5970812259097479,0.9379285546187904,6,Off-Peak,Winter,True,True,True,False,0.27,0.2532407097470734,0.1927964251160847,-0.06044428463098872
2018-01-21 18:00:00,66.95564602362982,0.9440176542499662,0.0,0.0060891191436296,0.9379285351063366,18,Peak,Winter,True,True,True,False,0.47,0.44082641149997814,0.1927964211051914,-0.24802999039478674
2018-01-21 19:00:00,66.60940347811301,0.984220404492305,0.0,0.0462918693842778,0.9379285351080272,19,Peak,Winter,True,True,True,False,0.47,0.4408264115007728,0.1927964211055389,-0.24802999039523388
2018-01-21 20:00:00,65.29206276097483,1.113850924055111,0.0,0.1759223886286637,0.9379285354264474,20,Peak,Winter,True,True,True,False,0.47,0.44082641165043024,0.19279642117099194,-0.2480299904794383
2018-01-21 21:00:00,63.062035128737485,1.235256930860848,0.0,0.2973283939145144,0.9379285369463336,21,Peak,Winter,True,True,True,False,0.47,0.44082641236477677,0.192796421483413,-0.24802999088136377
2018-01-21 22:00:00,60.50825982893208,1.2779003322617797,0.0,0.3399717948431472,0.9379285374186324,22,Off-Peak,Winter,True,True,True,False,0.27,0.25324070510303076,0.19279642158049665,-0.060444283522534115
2018-01-22 06:00:00,60.33725821966816,1.0121888847109366,0.0,0.0,1.0121888847109366,6,Off-Peak,Winter,True,True,True,True,0.27,0.2732909988719529,0.20806104852391472,-0.06522995034803819
2018-01-22 07:00:00,60.23591449892942,1.084279762946362,0.0,0.0135077828749006,1.0707719800714617,7,Mid-Peak,Winter,True,True,True,False,0.37,0.3961856326264408,0.22010312923691155,-0.17608250338952924
2018-01-22 18:00:00,95.0000038772412,0.7908871359430597,0.0,0.0,0.7908871359430597,18,Peak,Winter,True,True,True,True,0.47,0.37171695389323806,0.16257124461051783,-0.20914570928272022
2018-01-22 19:00:00,95.0000038772412,0.825132548720423,0.0,0.0,0.825132548720423,19,Peak,Winter,True,True,True,True,0.47,0.3878122978985988,0.16961057945919802,-0.21820171843940075
2018-01-22 20:00:00,95.0000038772412,1.003196158018529,0.0,0.0,1.003196158018529,20,Peak,Winter,True,True,True,True,0.47,0.47150219426870854,0.2062125435926976,-0.26528965067601096
2018-01-22 21:00:00,94.43803299341089,1.148850294728281,0.0,0.0780783146000674,1.0707719801282136,21,Peak,Winter,True,True,True,False,0.47,0.5032628306602603,0.22010312924857725,-0.2831597014116831
2018-01-22 22:00:00,93.24572552757851,1.232074314461609,0.0,0.1613023338370771,1.070771980624532,22,Off-Peak,Winter,True,True,True,False,0.27,0.28910843476862363,0.22010312935059823,-0.06900530541802541
2018-01-22 23:00:00,91.74433609651986,1.2736064703908947,0.0,0.2028344895916913,1.070771980799203,23,Off-Peak,Winter,True,True,True,False,0.27,0.28910843481578485,0.22010312938650284,-0.06900530542928202
2018-01-23 00:00:00,90.76783856538104,1.2026412140634433,0.0,0.1318692339670344,1.0707719800964088,0,Off-Peak,Winter,True,True,True,False,0.27,0.2891084346260304,0.22010312924203956,-0.06900530538399086
2018-01-23 01:00:00,90.4655612283696,1.111599335654284,0.0,0.0408273555826568,1.070771980071627,1,Off-Peak,Winter,True,True,True,False,0.27,0.2891084346193393,0.22010312923694555,-0.06900530538239377
2018-01-23 02:00:00,91.09786196043818,0.978017481068679,0.0,0.0,0.978017481068679,2,Off-Peak,Winter,True,True,True,True,0.27,0.26406471988854335,0.20103692666411735,-0.063027793224426
2018-01-23 03:00:00,92.1607708403325,0.9146908635699104,0.0,0.0,0.9146908635699104,3,Off-Peak,Winter,True,True,True,True,0.27,0.24696653316387582,0.18801978862270377,-0.05894674454117205
2018-01-23 04:00:00,93.083148696053,0.9352344507733732,0.0,0.0,0.9352344507733732,4,Off-Peak,Winter,True,True,True,True,0.27,0.25251330170881076,0.1922426371034156,-0.06027066460539515
2018-01-23 05:00:00,93.29598346711693,1.039503560502841,0.0,0.0,1.039503560502841,5,Off-Peak,Winter,True,True,True,True,0.27,0.2806659613357671,0.21367573188113953,-0.06699022945462757
2018-01-23 06:00:00,92.892194847525,1.1254057061310303,0.0,0.0546337260458493,1.070771980085181,6,Off-Peak,Winter,True,True,True,False,0.27,0.28910843462299884,0.22010312923973163,-0.06900530538326721
2018-01-23 07:00:00,91.65093988748195,1.2384751383218495,0.0,0.1677031577148671,1.0707719806069824,7,Mid-Peak,Winter,True,True,True,False,0.37,0.39618563282458347,0.2201031293469908,-0.17608250347759266
2018-01-23 18:00:00,95.00000013291044,0.7458899518860096,0.0,0.0,0.7458899518860096,18,Peak,Winter,True,True,True,True,0.47,0.3505682773864245,0.15332182344323528,-0.1972464539431892
2018-01-23 19:00:00,95.00000013291044,0.826292928024769,0.0,0.0,0.826292928024769,19,Peak,Winter,True,True,True,True,0.47,0.3883576761716414,0.16984910187175806,-0.21850857429988335
2018-01-23 20:00:00,95.00000013291044,0.9064327586260892,0.0,0.0,0.9064327586260892,20,Peak,Winter,True,True,True,True,0.47,0.4260233965542619,0.18632228927314057,-0.23970110728112135
2018-01-23 21:00:00,95.00000013291044,1.0478580673018172,0.0,0.0,1.0478580673018172,21,Peak,Winter,True,True,True,True,0.47,0.49249329163185407,0.21539304716759575,-0.2771002444642583
2018-01-23 22:00:00,94.1333536069659,1.1882928124152046,0.0,0.1175208320532059,1.0707719803619986,22,Off-Peak,Winter,True,True,True,False,0.27,0.28910843469773967,0.22010312929663303,-0.06900530540110664
2018-01-23 23:00:00,93.00781428211005,1.2230135864145355,0.0,0.1522416060240407,1.0707719803904947,23,Off-Peak,Winter,True,True,True,False,0.27,0.28910843470543357,0.22010312930249057,-0.069005305402943
2018-01-24 00:00:00,92.44003044959874,1.1475581297768145,0.0,0.0767861497040177,1.0707719800727966,0,Off-Peak,Winter,True,True,True,False,0.27,0.28910843461965513,0.22010312923718595,-0.06900530538246918
2018-01-24 01:00:00,92.46187149730122,1.0675658674031838,0.0,0.0,1.0675658674031838,1,Off-Peak,Winter,True,True,True,True,0.27,0.2882427841988596,0.21944409496621,-0.06879868923264962
2018-01-24 02:00:00,93.09297421282018,0.9780505995603508,0.0,0.0,0.9780505995603508,2,Off-Peak,Winter,True,True,True,True,0.27,0.2640736618812947,0.20104373435407208,-0.06302992752722264
2018-01-24 03:00:00,93.59780624411655,0.9965738264100256,0.0,0.0,0.9965738264100256,3,Off-Peak,Winter,True,True,True,True,0.27,0.2690749331307069,0.20485128653983858,-0.06422364659086832
2018-01-24 04:00:00,93.9969113243178,1.0120943878399808,0.0,0.0,1.0120943878399808,4,Off-Peak,Winter,True,True,True,True,0.27,0.27326548471679485,0.20804162416710717,-0.06522386054968768
2018-01-24 05:00:00,93.7282446800396,1.1071527068171418,0.0,0.0363807267411015,1.0707719800760402,5,Off-Peak,Winter,True,True,True,False,0.27,0.2891084346205309,0.22010312923785272,-0.06900530538267816
2018-01-24 06:00:00,92.648733286473,1.2167472654247509,0.0,0.145975284951172,1.070771980473579,6,Off-Peak,Winter,True,True,True,False,0.27,0.28910843472786635,0.220103129319569,-0.06900530540829736
2018-01-24 07:00:00,90.66955359660273,1.3378785459430098,0.0,0.2671065635392502,1.0707719824037596,7,Mid-Peak,Winter,True,True,True,False,0.37,0.39618563348939106,0.22010312971632837,-0.1760825037730627
2018-01-24 18:00:00,93.76863818429388,1.2375412059793651,0.0,0.1667692248245147,1.0707719811548504,18,Peak,Winter,True,True,True,False,0.47,0.5032628311427797,0.22010312945960814,-0.28315970168317156
2018-01-24 19:00:00,91.65186530807608,1.3566204158288693,0.0,0.285848432074827,1.0707719837540424,19,Peak,Winter,True,True,True,False,0.47,0.5032628323643998,0.22010312999388645,-0.28315970237051336
2018-01-24 20:00:00,88.8061178535572,1.4542028235420124,0.0,0.3834308377852962,1.0707719857567162,20,Peak,Winter,True,True,True,False,0.47,0.5032628333056566,0.2201031304055472,-0.2831597029001094
2018-01-24 21:00:00,84.93955912135844,1.59045869719714,0.0,0.5196867054903198,1.07077199170682,21,Peak,Winter,True,True,True,False,0.47,0.5032628361022053,0.22010313162862408,-0.2831597044735813
2018-01-24 22:00:00,80.45903628013583,1.671678666300645,0.0,0.6009066746205881,1.0707719916800569,22,Off-Peak,Winter,True,True,True,False,0.27,0.2891084377536154,0.2201031316231228,-0.06900530613049258
2018-01-24 23:00:00,76.56996889922702,1.5917538845677963,0.0,0.5209819019820485,1.0707719825857478,23,Off-Peak,Winter,True,True,True,False,0.27,0.28910843529815194,0.22010312975373705,-0.06900530554441489
2018-01-25 00:00:00,73.44697108880185,1.4888030091775293,0.0,0.4180310283375312,1.070771980839998,0,Off-Peak,Winter,True,True,True,False,0.27,0.2891084348267995,0.2201031293948885,-0.069005305431911
2018-01-25 01:00:00,71.31120604234779,1.3565672161771558,0.0,0.2857952360510039,1.070771980126152,1,Off-Peak,Winter,True,True,True,False,0.27,0.28910843463406105,0.22010312924815345,-0.0690053053859076
2018-01-25 02:00:00,70.43010201196645,1.1887149488689164,0.0,0.1179429687854202,1.0707719800834965,2,Off-Peak,Winter,True,True,True,False,0.27,0.2891084346225441,0.22010312923938538,-0.06900530538315872
2018-01-25 03:00:00,70.15512518615103,1.1075879837257416,0.0,0.0368160036541347,1.070771980071607,3,Off-Peak,Winter,True,True,True,False,0.27,0.2891084346193339,0.2201031292369414,-0.0690053053823925
2018-01-25 04:00:00,70.31036782207212,1.048211896279403,0.0,0.0,1.048211896279403,4,Off-Peak,Winter,True,True,True,True,0.27,0.28301721199543883,0.21546577867965502,-0.06755143331578381
2018-01-25 05:00:00,69.60273926820311,1.1654699244978977,0.0,0.0946979443861155,1.070771980111782,5,Off-Peak,Winter,True,True,True,False,0.27,0.2891084346301812,0.22010312924519965,-0.06900530538498156
2018-01-25 06:00:00,67.93862080866077,1.293192911286683,0.0,0.2224209306287408,1.070771980657942,6,Off-Peak,Winter,True,True,True,False,0.27,0.28910843477764436,0.22010312935746584,-0.06900530542017852
2018-01-25 07:00:00,65.34129228915451,1.4173297382718846,0.0,0.3465577554340374,1.0707719828378472,7,Mid-Peak,Winter,True,True,True,False,0.37,0.3961856336500035,0.2201031298055575,-0.176082503844446
2018-01-25 18:00:00,95.00000006734736,0.8617385098963173,0.0,0.0,0.8617385098963173,18,Peak,Winter,True,True,True,True,0.47,0.4050170996512691,0.1771351381453541,-0.227881961505915
2018-01-25 19:00:00,95.00000006734736,0.936843662739418,0.0,0.0,0.936843662739418,19,Peak,Winter,True,True,True,True,0.47,0.4403165214875264,0.1925734195631026,-0.24774310192442384
2018-01-25 20:00:00,94.96247824315614,1.076707799020033,0.0,0.0059358189487722,1.070771980071261,20,Peak,Winter,True,True,True,False,0.47,0.5032628306334926,0.22010312923687028,-0.2831597013966224
2018-01-25 21:00:00,93.5158745211573,1.2664797542904929,0.0,0.1957077723143905,1.0707719819761023,21,Peak,Winter,True,True,True,False,0.47,0.503262831528768,0.22010312962842102,-0.283159701900347
2018-01-25 22:00:00,91.07948584125192,1.3995666866597416,0.0,0.32879470084272,1.0707719858170217,22,Off-Peak,Winter,True,True,True,False,0.27,0.2891084361705959,0.22010313041794333,-0.06900530575265257
2018-01-25 23:00:00,88.50162114690164,1.4180780672097166,0.0,0.347306084529005,1.0707719826807116,23,Off-Peak,Winter,True,True,True,False,0.27,0.28910843532379216,0.22010312977325738,-0.06900530555053477
2018-01-26 00:00:00,85.97767458779661,1.4103919230855044,0.0,0.3396199417264113,1.0707719813590932,0,Off-Peak,Winter,True,True,True,False,0.27,0.2891084349669552,0.22010312950159136,-0.06900530546536385
2018-01-26 01:00:00,84.33622612522062,1.2915899473006969,0.0,0.2208179672090291,1.0707719800916675,1,Off-Peak,Winter,True,True,True,False,0.27,0.2891084346247503,0.22010312924106498,-0.0690053053836853
2018-01-26 02:00:00,83.73184358255831,1.152102998678849,0.0,0.081331018602804,1.070771980076045,2,Off-Peak,Winter,True,True,True,False,0.27,0.28910843462053215,0.22010312923785366,-0.06900530538267849
2018-01-26 03:00:00,83.57009887731202,1.0925416060907494,0.0,0.0217696260195131,1.070771980071236,3,Off-Peak,Winter,True,True,True,False,0.27,0.28910843461923375,0.2201031292368652,-0.06900530538236854
2018-01-26 04:00:00,83.6439620813641,1.05998310423472,0.0,0.0,1.05998310423472,4,Off-Peak,Winter,True,True,True,True,0.27,0.28619543814337445,0.21788541587047022,-0.06831002227290423
2018-01-26 05:00:00,82.76915521939291,1.1884296627845248,0.0,0.1176576826374373,1.0707719801470874,5,Off-Peak,Winter,True,True,True,False,0.27,0.28910843463971364,0.22010312925245687,-0.06900530538725677
2018-01-26 06:00:00,80.94929449588444,1.315232012703168,0.0,0.2444600320000878,1.0707719807030802,6,Off-Peak,Winter,True,True,True,False,0.27,0.28910843478983167,0.22010312936674425,-0.06900530542308742
2018-01-26 07:00:00,77.94852546869208,1.4731383430614973,0.0,0.4023663593541808,1.0707719837073164,7,Mid-Peak,Winter,True,True,True,False,0.37,0.3961856339717071,0.22010312998428172,-0.17608250398742537
2018-01-26 18:00:00,95.0000027646862,0.8319537889851413,0.0,0.0,0.8319537889851413,18,Peak,Winter,True,True,True,True,0.47,0.3910182808230164,0.17101272329139017,-0.2200055575316262
2018-01-26 19:00:00,95.0000027646862,0.9391455390875276,0.0,0.0,0.9391455390875276,19,Peak,Winter,True,True,True,True,0.47,0.44139840337113795,0.19304658303465844,-0.2483518203364795
2018-01-26 20:00:00,95.0000027646862,1.0692679825982772,0.0,0.0,1.0692679825982772,20,Peak,Winter,True,True,True,True,0.47,0.5025559518211903,0.21979397420075694,-0.2827619776204333
2018-01-26 21:00:00,93.72476330861411,1.2437782361760543,0.0,0.173006254855679,1.070771981320375,21,Peak,Winter,True,True,True,False,0.47,0.5032628312205762,0.22010312949363264,-0.2831597017269436
2018-01-26 22:00:00,91.50761147772008,1.3700974399808314,0.0,0.2993254555747611,1.0707719844060704,22,Off-Peak,Winter,True,True,True,False,0.27,0.289108435789639,0.22010313012791446,-0.06900530566172455
2018-01-26 23:00:00,89.10258239777438,1.3949222913004014,0.0,0.3241503089286013,1.0707719823718,23,Off-Peak,Winter,True,True,True,False,0.27,0.28910843524038604,0.2201031297097589,-0.06900530553062714
2018-01-27 00:00:00,86.62719698606057,1.4039573954744995,0.0,0.3331854139321239,1.0707719815423755,0,Off-Peak,Winter,True,True,True,False,0.27,0.2891084350164414,0.22010312953926608,-0.06900530547717532
2018-01-27 01:00:00,84.56052470735122,1.3487459186846529,0.0,0.2779739383321744,1.0707719803524784,1,Off-Peak,Winter,True,True,True,False,0.27,0.2891084346951692,0.22010312929467613,-0.0690053054004931
2018-01-27 02:00:00,83.6195133068056,1.197369015764545,0.0,0.1265970356869529,1.070771980077592,2,Off-Peak,Winter,True,True,True,False,0.27,0.2891084346209498,0.22010312923817166,-0.06900530538277816
2018-01-27 03:00:00,82.9972717558364,1.1544772526634766,0.0,0.0837052725918216,1.0707719800716549,3,Off-Peak,Winter,True,True,True,False,0.27,0.2891084346193468,0.22010312923695127,-0.06900530538239555
2018-01-27 04:00:00,82.73279178716794,1.1063535910180349,0.0,0.0355816109466888,1.070771980071346,4,Off-Peak,Winter,True,True,True,False,0.27,0.28910843461926344,0.22010312923688777,-0.06900530538237568
2018-01-27 05:00:00,81.368019319818,1.254170076232202,0.0,0.1833980958526979,1.070771980379504,5,Off-Peak,Winter,True,True,True,False,0.27,0.2891084347024661,0.22010312930023135,-0.06900530540223476
2018-01-27 06:00:00,79.20762252660899,1.3607177414871714,0.0,0.2899457604735297,1.0707719810136416,6,Off-Peak,Winter,True,True,True,False,0.27,0.28910843487368326,0.22010312943058188,-0.06900530544310138
2018-01-27 07:00:00,75.93199616619165,1.5095749748060667,0.0,0.438802990080485,1.0707719847255817,7,Mid-Peak,Winter,True,True,True,False,0.37,0.3961856343484652,0.2201031301935918,-0.17608250415487342
2018-01-27 18:00:00,95.00000292169058,0.7947333741512584,0.0,0.0,0.7947333741512584,18,Peak,Winter,True,True,True,True,0.47,0.37352468585109144,0.16336186024220314,-0.2101628256088883
2018-01-27 19:00:00,95.00000292169058,0.9173692017680724,0.0,0.0,0.9173692017680724,19,Peak,Winter,True,True,True,True,0.47,0.43116352483099396,0.18857033591899264,-0.24259318891200132
2018-01-27 20:00:00,95.00000292169058,0.9838961653515182,0.0,0.0,0.9838961653515182,20,Peak,Winter,True,True,True,True,0.47,0.46243119771521357,0.20224532287781208,-0.2601858748374015
2018-01-27 21:00:00,94.88611159491204,1.0867768383423468,0.0,0.0160048582709569,1.07077198007139,21,Peak,Winter,True,True,True,False,0.47,0.5032628306335533,0.22010312923689682,-0.28315970139665647
2018-01-27 22:00:00,94.3181780217079,1.1476966918999818,0.0,0.0769247117846749,1.0707719801153068,22,Off-Peak,Winter,True,True,True,False,0.27,0.28910843463113284,0.22010312924592418,-0.06900530538520866
2018-01-27 23:00:00,93.67461258896536,1.1578827694554907,0.0,0.0871107893486107,1.07077198010688,23,Off-Peak,Winter,True,True,True,False,0.27,0.2891084346288576,0.22010312924419198,-0.06900530538466562
2018-01-28 00:00:00,93.67044914830586,1.071335723957617,0.0,0.0,1.071335723957617,0,Off-Peak,Winter,True,True,True,True,0.27,0.28926064546855657,0.22021900992462123,-0.06904163554393533
2018-01-28 01:00:00,94.10872569073038,1.0063368959831296,0.0,0.0,1.0063368959831296,1,Off-Peak,Winter,True,True,True,True,0.27,0.271710961915445,0.20685813972986553,-0.0648528221855795
2018-01-28 02:00:00,95.00000000188332,0.8449163525343971,0.0,0.0,0.8449163525343971,2,Off-Peak,Winter,True,True,True,True,0.27,0.22812741518428722,0.17367725024318162,-0.054450164941105605
2018-01-28 03:00:00,95.00000000188332,0.8281886610899505,0.0,0.0,0.8281886610899505,3,Off-Peak,Winter,True,True,True,True,0.27,0.22361093849428665,0.1702387803351565,-0.053372158159130156
2018-01-28 04:00:00,95.00000000188332,0.8212048734002404,0.0,0.0,0.8212048734002404,4,Off-Peak,Winter,True,True,True,True,0.27,0.22172531581806493,0.16880322397671607,-0.052922091841348856
2018-01-28 05:00:00,95.00000000188332,0.916257542638132,0.0,0.0,0.916257542638132,5,Off-Peak,Winter,True,True,True,True,0.27,0.24738953651229564,0.18834182820894935,-0.0590477083033463
2018-01-28 06:00:00,95.00000000188332,0.9927108988283572,0.0,0.0,0.9927108988283572,6,Off-Peak,Winter,True,True,True,True,0.27,0.26803194268365643,0.20405724031471786,-0.06397470236893857
2018-01-28 07:00:00,94.8539757954751,1.0906003456614686,0.0,0.0198283655899383,1.0707719800715303,7,Mid-Peak,Winter,True,True,True,False,0.37,0.3961856326264662,0.22010312923692568,-0.17608250338954054
2018-01-28 18:00:00,95.00000000000306,0.7951516939967,0.0,0.0,0.7951516939967,18,Peak,Winter,True,True,True,True,0.47,0.373721296178449,0.16344784821043276,-0.21027344796801625
2018-01-28 19:00:00,95.00000000000306,0.8970743850919285,0.0,0.0,0.8970743850919285,19,Peak,Winter,True,True,True,True,0.47,0.42162496099320634,0.18439862360222972,-0.23722633739097662
2018-01-28 20:00:00,95.00000000000306,0.961384460038342,0.0,0.0,0.961384460038342,20,Peak,Winter,True,True,True,True,0.47,0.4518506962180207,0.19761791678565915,-0.25423277943236156
2018-01-28 21:00:00,95.00000000000306,1.028792776620714,0.0,0.0,1.028792776620714,21,Peak,Winter,True,True,True,True,0.47,0.4835326050117355,0.2114740707498134,-0.2720585342619221
2018-01-28 22:00:00,95.00000000000306,1.067734177549161,0.0,0.0,1.067734177549161,22,Off-Peak,Winter,True,True,True,True,0.27,0.28828822793827347,0.21947869205177195,-0.06880953588650152
2018-01-28 23:00:00,95.00000000000306,1.0550990728928928,0.0,0.0,1.0550990728928928,23,Off-Peak,Winter,True,True,True,True,0.27,0.28487674968108107,0.2168814760946502,-0.06799527358643087
2018-01-29 00:00:00,95.00000000000306,0.9941396645723324,0.0,0.0,0.9941396645723324,0,Off-Peak,Winter,True,True,True,True,0.27,0.26841770943452975,0.20435093105097943,-0.06406677838355032
2018-01-29 01:00:00,95.00000000000306,0.8252185381692035,0.0,0.0,0.8252185381692035,1,Off-Peak,Winter,True,True,True,True,0.27,0.22280900530568498,0.16962825506811408,-0.053180750237570906
2018-01-29 02:00:00,95.00000000000306,0.6813847724812878,0.0,0.0,0.6813847724812878,2,Off-Peak,Winter,True,True,True,True,0.27,0.18397388856994773,0.14006242545448694,-0.04391146311546079
2018-01-29 03:00:00,95.00000000000306,0.6103536858477425,0.0,0.0,0.6103536858477425,3,Off-Peak,Winter,True,True,True,True,0.27,0.1647954951788905,0.12546159097981374,-0.03933390419907676
2018-01-29 04:00:00,95.00000000000306,0.6061049423934588,0.0,0.0,0.6061049423934588,4,Off-Peak,Winter,True,True,True,True,0.27,0.1636483344462339,0.12458823815865541,-0.03906009628757848
2018-01-29 05:00:00,95.00000000000306,0.6977545270692915,0.0,0.0,0.6977545270692915,5,Off-Peak,Winter,True,True,True,True,0.27,0.18839372230870874,0.14342731945313214,-0.0449664028555766
2018-01-29 06:00:00,95.00000000000306,0.8022631537130288,0.0,0.0,0.8022631537130288,6,Off-Peak,Winter,True,True,True,True,0.27,0.2166110515025178,0.1649096482632337,-0.0517014032392841
2018-01-29 07:00:00,95.00000000000306,0.9255407319983716,0.0,0.0,0.9255407319983716,7,Mid-Peak,Winter,True,True,True,True,0.37,0.3424500708393975,0.19025003935522083,-0.15220003148417666
2018-01-29 18:00:00,95.00000000000306,0.8171003637531051,0.0,0.0,0.8171003637531051,18,Peak,Winter,True,True,True,True,0.47,0.3840371709639594,0.16795951921591606,-0.21607765174804333
2018-01-29 19:00:00,95.00000000000306,0.8520861240567394,0.0,0.0,0.8520861240567394,19,Peak,Winter,True,True,True,True,0.47,0.4004804783066675,0.17515103661166312,-0.22532944169500438
2018-01-29 20:00:00,95.00000000000306,0.9988122265026088,0.0,0.0,0.9988122265026088,20,Peak,Winter,True,True,True,True,0.47,0.4694417464562261,0.20531140211442514,-0.26413034434180094
2018-01-29 21:00:00,94.54536389143168,1.1323726498402673,0.0,0.06160066974517,1.0707719800950972,21,Peak,Winter,True,True,True,False,0.47,0.5032628306446957,0.22010312924176997,-0.2831597014029257
2018-01-29 22:00:00,93.68196687477612,1.1876248129434552,0.0,0.1168528327061134,1.070771980237342,22,Off-Peak,Winter,True,True,True,False,0.27,0.28910843466408237,0.22010312927100922,-0.06900530539307315
2018-01-29 23:00:00,92.99761870937851,1.163344507965028,0.0,0.0925725278715151,1.070771980093513,23,Off-Peak,Winter,True,True,True,False,0.27,0.2891084346252485,0.22010312924144432,-0.06900530538380417
2018-01-30 00:00:00,92.82754249076956,1.0937815231244357,0.0,0.0230095430530322,1.0707719800714035,0,Off-Peak,Winter,True,True,True,False,0.27,0.289108434619279,0.22010312923689962,-0.06900530538237937
2018-01-30 01:00:00,93.26823302689392,1.006032929935312,0.0,0.0,1.006032929935312,1,Off-Peak,Winter,True,True,True,True,0.27,0.27162889108253424,0.20679565782003634,-0.0648332332624979
2018-01-30 02:00:00,94.59770919902336,0.8751218818094135,0.0,0.0,0.8751218818094135,2,Off-Peak,Winter,True,True,True,True,0.27,0.23628290808854166,0.1798861645941572,-0.05639674349438445
2018-01-30 03:00:00,95.00000000000152,0.8072905680476112,0.0,0.0,0.8072905680476112,3,Off-Peak,Winter,True,True,True,True,0.27,0.21796845337285506,0.16594306120978675,-0.05202539216306831
2018-01-30 04:00:00,95.00000000000152,0.8117147710881882,0.0,0.0,0.8117147710881882,4,Off-Peak,Winter,True,True,True,True,0.27,0.21916298819381083,0.16685248072368314,-0.05231050747012769
2018-01-30 05:00:00,95.00000000000152,0.911272110323306,0.0,0.0,0.911272110323306,5,Off-Peak,Winter,True,True,True,True,0.27,0.24604346978729263,0.18731704489979067,-0.05872642488750196
2018-01-30 06:00:00,95.00000000000152,0.9799254900887376,0.0,0.0,0.9799254900887376,6,Off-Peak,Winter,True,True,True,True,0.27,0.2645798823239592,0.2014291285182405,-0.06315075380571869
2018-01-30 07:00:00,94.91468192344078,1.0823942681202068,0.0,0.0116222880489141,1.0707719800712927,7,Mid-Peak,Winter,True,True,True,False,0.37,0.3961856326263783,0.22010312923687683,-0.17608250338950146
2018-01-30 18:00:00,95.0000000000004,0.728554660929948,0.0,0.0,0.728554660929948,18,Peak,Winter,True,True,True,True,0.47,0.34242069063707553,0.14975845808004487,-0.19266223255703066
2018-01-30 19:00:00,95.0000000000004,0.7976616628740318,0.0,0.0,0.7976616628740318,19,Peak,Winter,True,True,True,True,0.47,0.37490098155079493,0.16396378625743988,-0.21093719529335506
2018-01-30 20:00:00,95.0000000000004,0.8903179307031056,0.0,0.0,0.8903179307031056,20,Peak,Winter,True,True,True,True,0.47,0.4184494274304596,0.18300979686674948,-0.23543963056371012
2018-01-30 21:00:00,95.0000000000004,0.9973438911622629,0.0,0.0,0.9973438911622629,21,Peak,Winter,True,True,True,True,0.47,0.46875162884626353,0.20500957762779848,-0.26374205121846506
2018-01-30 22:00:00,94.96189992175955,1.075939661576485,0.0,0.005167681505214,1.070771980071271,22,Off-Peak,Winter,True,True,True,False,0.27,0.2891084346192432,0.22010312923687236,-0.06900530538237082
2018-01-30 23:00:00,94.95906588754907,1.0711562088660531,0.0,0.0,1.0711562088660531,23,Off-Peak,Winter,True,True,True,True,0.27,0.28921217639383434,0.22018210960024426,-0.06903006679359008
2018-01-31 00:00:00,95.00000000000004,0.9818125732227836,0.0,0.0,0.9818125732227836,0,Off-Peak,Winter,True,True,True,True,0.27,0.2650893947701516,0.20181702894023884,-0.06327236582991275
2018-01-31 01:00:00,95.00000000000004,0.8042829509175791,0.0,0.0,0.8042829509175791,1,Off-Peak,Winter,True,True,True,True,0.27,0.21715639674774637,0.16532482879972457,-0.051831567948021795
2018-01-31 02:00:00,95.00000000000004,0.699346900102965,0.0,0.0,0.699346900102965,2,Off-Peak,Winter,True,True,True,True,0.27,0.18882366302780054,0.14375464057672058,-0.045069022451079965
2018-01-31 03:00:00,95.00000000000004,0.6908873596348142,0.0,0.0,0.6908873596348142,3,Off-Peak,Winter,True,True,True,True,0.27,0.18653958710139984,0.14201573503604514,-0.044523852065354697
2018-01-31 04:00:00,95.00000000000004,0.7213736647346969,0.0,0.0,0.7213736647346969,4,Off-Peak,Winter,True,True,True,True,0.27,0.19477088947836818,0.1482823644176877,-0.04648852506068049
2018-01-31 05:00:00,95.00000000000004,0.8403438641486622,0.0,0.0,0.8403438641486622,5,Off-Peak,Winter,True,True,True,True,0.27,0.22689284332013882,0.17273734985278058,-0.054155493467358234
2018-01-31 06:00:00,95.00000000000004,0.9422835584034844,0.0,0.0,0.9422835584034844,6,Off-Peak,Winter,True,True,True,True,0.27,0.2544165607689408,0.19369162033849402,-0.060724940430446794
2018-01-31 07:00:00,95.00000000000004,1.0646510683832904,0.0,0.0,1.0646510683832904,7,Mid-Peak,Winter,True,True,True,True,0.37,0.39392089530181745,0.21884494183434303,-0.17507595346747443
2018-01-31 18:00:00,95.00000000000004,0.7143582150014014,0.0,0.0,0.7143582150014014,18,Peak,Winter,True,True,True,True,0.47,0.33574836105065864,0.14684029975028806,-0.18890806130037058
2018-01-31 19:00:00,95.00000000000004,0.7774917773598913,0.0,0.0,0.7774917773598913,19,Peak,Winter,True,True,True,True,0.47,0.3654211353591489,0.15981775423508876,-0.20560338112406013
2018-01-31 20:00:00,95.00000000000004,0.8881610108877344,0.0,0.0,0.8881610108877344,20,Peak,Winter,True,True,True,True,0.47,0.4174356751172351,0.18256643001581205,-0.23486924510142307
2018-01-31 21:00:00,95.00000000000004,1.013176328818323,0.0,0.0,1.013176328818323,21,Peak,Winter,True,True,True,True,0.47,0.47619287454461184,0.20826402314598863,-0.2679288513986232
2018-01-31 22:00:00,94.7640557383831,1.1027512598246372,0.0,0.0319792797514555,1.0707719800731816,22,Off-Peak,Winter,True,True,True,False,0.27,0.28910843461975905,0.2201031292372651,-0.06900530538249394
2018-01-31 23:00:00,94.89823378009636,1.051032555456601,0.0,0.0,1.051032555456601,23,Off-Peak,Winter,True,True,True,True,0.27,0.28377878997328226,0.21604558084385686,-0.0677332091294254
2018-02-01 00:00:00,91.95018653838586,0.9270880805728134,0.0,0.3979511648320783,0.5291369157407351,0,Off-Peak,Winter,True,True,True,False,0.27,0.14286696724999848,0.10876703268003998,-0.034099934569958495
2018-02-01 01:00:00,89.97224760114221,0.7959123487582361,0.0,0.2667754592246059,0.5291368895336303,1,Off-Peak,Winter,True,True,True,False,0.27,0.14286696017408018,0.108767027293024,-0.034099932881056186
2018-02-01 02:00:00,88.92195481427744,0.6707789961808597,0.0,0.1416421070523532,0.5291368891285064,2,Off-Peak,Winter,True,True,True,False,0.27,0.14286696006469674,0.10876702720974854,-0.034099932854948195
2018-02-01 03:00:00,88.11809375898963,0.6375119099739798,0.0,0.1083750208389869,0.5291368891349928,3,Off-Peak,Winter,True,True,True,False,0.27,0.14286696006644806,0.10876702721108183,-0.03409993285536622
2018-02-01 04:00:00,87.2886485396625,0.6409114886463225,0.0,0.1117745995011016,0.529136889145221,4,Off-Peak,Winter,True,True,True,False,0.27,0.14286696006920965,0.10876702721318429,-0.03409993285602536
2018-02-01 05:00:00,85.87917603888971,0.7188857099955431,0.0,0.1897488206046162,0.529136889390927,5,Off-Peak,Winter,True,True,True,False,0.27,0.14286696013555028,0.10876702726369053,-0.03409993287185975
2018-02-01 06:00:00,84.03212343416145,0.7775325491214341,0.0,0.2483956595036965,0.5291368896177375,6,Off-Peak,Winter,True,True,True,False,0.27,0.14286696019678913,0.10876702731031271,-0.03409993288647642
2018-02-01 07:00:00,81.55613067562759,0.861664382034548,0.0,0.3325274915075401,0.529136890527008,7,Mid-Peak,Winter,True,True,True,False,0.37,0.19578064949499294,0.1087670274972183,-0.08701362199777464
2018-02-01 18:00:00,93.76017983366133,0.6972531484160951,0.0,0.1681162581727375,0.5291368902433575,18,Peak,Winter,True,True,True,False,0.47,0.24869433841437802,0.10876702743891237,-0.13992731097546565
2018-02-01 19:00:00,92.02405187533142,0.7636561989137041,0.0,0.2345193082438249,0.5291368906698791,19,Peak,Winter,True,True,True,False,0.47,0.24869433861484316,0.10876702752658625,-0.1399273110882569
2018-02-01 20:00:00,89.62835129718238,0.8521068684745459,0.0,0.3229699759813308,0.5291368924932149,20,Peak,Winter,True,True,True,False,0.47,0.248694339471811,0.10876702790138307,-0.13992731157042793
2018-02-01 21:00:00,86.190159828304,0.991537829953802,0.0,0.4624009319634247,0.5291368979903772,21,Peak,Winter,True,True,True,False,0.47,0.24869434205547727,0.10876702903135531,-0.13992731302412198
2018-02-01 22:00:00,82.16194211398572,1.0697809746699531,0.0,0.5406440770237979,0.5291368976461552,22,Off-Peak,Winter,True,True,True,False,0.27,0.14286696236446192,0.10876702896059857,-0.034099933403863344
2018-02-01 23:00:00,78.37662169925532,1.036507239520068,0.0,0.507370347268197,0.5291368922518711,23,Off-Peak,Winter,True,True,True,False,0.27,0.1428669609080052,0.1087670278517735,-0.03409993305623171
2018-02-02 00:00:00,75.3717855720316,0.9316070101055292,0.0,0.4024701203951332,0.529136889710396,0,Off-Peak,Winter,True,True,True,False,0.27,0.14286696022180692,0.10876702732935917,-0.034099932892447754
2018-02-02 01:00:00,73.478269712218,0.7827249918248698,0.0,0.2535881026918836,0.5291368891329862,1,Off-Peak,Winter,True,True,True,False,0.27,0.14286696006590627,0.10876702721066937,-0.034099932855236895
2018-02-02 02:00:00,72.73846489601465,0.6282490152433279,0.0,0.0991121261076564,0.5291368891356715,2,Off-Peak,Winter,True,True,True,False,0.27,0.1428669600666313,0.10876702721122136,-0.03409993285540994
2018-02-02 03:00:00,72.44042285677241,0.5690707671744556,0.0,0.0399338780477498,0.5291368891267058,3,Off-Peak,Winter,True,True,True,False,0.27,0.14286696006421057,0.1087670272093784,-0.03409993285483216
2018-02-02 04:00:00,72.04151652028537,0.5825737601314838,0.0,0.0534368710040213,0.5291368891274624,4,Off-Peak,Winter,True,True,True,False,0.27,0.14286696006441485,0.10876702720953393,-0.034099932854880916
2018-02-02 05:00:00,71.14744371396155,0.648829108002912,0.0,0.1196922188348468,0.5291368891680652,5,Off-Peak,Winter,True,True,True,False,0.27,0.1428669600753776,0.10876702721788008,-0.03409993285749753
2018-02-02 06:00:00,69.74592749606455,0.7165997180297767,0.0,0.1874628287117344,0.5291368893180424,6,Off-Peak,Winter,True,True,True,False,0.27,0.14286696011587144,0.10876702724870871,-0.03409993286716273
2018-02-02 07:00:00,67.64649557371997,0.809586121557675,0.0,0.2804492314164482,0.5291368901412268,7,Mid-Peak,Winter,True,True,True,False,0.37,0.1957806493522539,0.10876702741791883,-0.08701362193433507
2018-02-02 18:00:00,93.73969196770214,0.7004307364740403,0.0,0.1712938461472523,0.529136890326788,18,Peak,Winter,True,True,True,False,0.47,0.24869433845359035,0.10876702745606197,-0.13992731099752836
2018-02-02 19:00:00,91.70470339707468,0.8038990071762413,0.0,0.2747621150323486,0.5291368921438926,19,Peak,Winter,True,True,True,False,0.47,0.2486943393076295,0.10876702782957791,-0.1399273114780516
2018-02-02 20:00:00,89.10941543417188,0.878846981582032,0.0,0.3497100885623653,0.5291368930196667,20,Peak,Winter,True,True,True,False,0.47,0.24869433971924335,0.10876702800959816,-0.13992731170964517
2018-02-02 21:00:00,85.87784587906188,0.9637097546104644,0.0,0.4345728599983466,0.5291368946121178,21,Peak,Winter,True,True,True,False,0.47,0.24869434046769534,0.10876702833693531,-0.13992731213076004
2018-02-02 22:00:00,82.076163308726,1.039392758214881,0.0,0.5102558624115331,0.5291368958033479,22,Off-Peak,Winter,True,True,True,False,0.27,0.14286696186690392,0.10876702858179929,-0.03409993328510463
2018-02-02 23:00:00,78.21394361156923,1.0467297888578737,0.0,0.5175928954338995,0.5291368934239742,23,Off-Peak,Winter,True,True,True,False,0.27,0.14286696122447304,0.1087670280927058,-0.034099933131767235
2018-02-03 00:00:00,75.14236235692795,0.940470886163904,0.0,0.411333996394393,0.529136889769511,0,Off-Peak,Winter,True,True,True,False,0.27,0.142866960237768,0.1087670273415106,-0.03409993289625739
2018-02-03 01:00:00,73.13377483121445,0.7980661496711043,0.0,0.268929260524166,0.5291368891469383,1,Off-Peak,Winter,True,True,True,False,0.27,0.14286696006967337,0.10876702721353733,-0.034099932856136037
2018-02-03 02:00:00,72.46400963955315,0.6188540440342356,0.0,0.0897171548938393,0.5291368891403962,2,Off-Peak,Winter,True,True,True,False,0.27,0.142866960067907,0.10876702721219256,-0.03409993285571444
2018-02-03 03:00:00,72.4394126843969,0.532432871251596,0.0,0.0032959821250446,0.5291368891265513,3,Off-Peak,Winter,True,True,True,False,0.27,0.14286696006416888,0.10876702720934665,-0.034099932854822226
2018-02-03 04:00:00,72.28717811693738,0.5495335756685463,0.0,0.0203966865419419,0.5291368891266044,4,Off-Peak,Winter,True,True,True,False,0.27,0.1428669600641832,0.10876702720935758,-0.034099932854825626
2018-02-03 05:00:00,71.59136970341301,0.6223084340526571,0.0,0.0931715449045294,0.5291368891481276,5,Off-Peak,Winter,True,True,True,False,0.27,0.14286696006999447,0.10876702721378179,-0.034099932856212684
2018-02-03 06:00:00,70.3228911955338,0.6988485853532006,0.0,0.1697116960791842,0.5291368892740164,6,Off-Peak,Winter,True,True,True,False,0.27,0.14286696010398442,0.10876702723965892,-0.0340999328643255
2018-02-03 07:00:00,68.22646237375373,0.8092407450258341,0.0,0.2801038548221869,0.5291368902036471,7,Mid-Peak,Winter,True,True,True,False,0.37,0.19578064937534942,0.10876702743074967,-0.08701362194459974
2018-02-03 18:00:00,93.03697326709644,0.7952060810810809,0.0,0.2660691858027593,0.5291368952783216,18,Peak,Winter,True,True,True,False,0.47,0.24869434078081115,0.10876702847387722,-0.13992731230693395
2018-02-03 19:00:00,90.71643758852036,0.8421672297297297,0.0,0.3130303374257769,0.5291368923039528,19,Peak,Winter,True,True,True,False,0.47,0.2486943393828578,0.10876702786247917,-0.13992731152037863
2018-02-03 20:00:00,87.7803875339055,0.9243783783783784,0.0,0.39524148420588,0.5291368941724983,20,Peak,Winter,True,True,True,False,0.47,0.2486943402610742,0.10876702824656909,-0.13992731201450512
2018-02-03 21:00:00,84.57971445682533,0.9592880370136484,0.0,0.4301511443103989,0.5291368927032495,21,Peak,Winter,True,True,True,False,0.47,0.24869433957052725,0.10876702794455684,-0.1399273116259704
2018-02-03 22:00:00,80.8582637448754,1.0283788943743797,0.0,0.4992419996776538,0.5291368946967259,22,Off-Peak,Winter,True,True,True,False,0.27,0.14286696156811599,0.10876702835432699,-0.034099933213789
2018-02-03 23:00:00,77.10160218284095,1.0323712066064772,0.0,0.5032343137577947,0.5291368928486825,23,Off-Peak,Winter,True,True,True,False,0.27,0.1428669610691443,0.1087670279744514,-0.03409993309469289
2018-02-04 00:00:00,74.04383894904643,0.9384252894084112,0.0,0.4092883995441068,0.5291368898643043,0,Off-Peak,Winter,True,True,True,False,0.27,0.14286696026336218,0.10876702736099587,-0.034099932902366306
2018-02-04 01:00:00,72.4393177998611,0.7439418854793601,0.0,0.2148049963437056,0.5291368891356545,1,Off-Peak,Winter,True,True,True,False,0.27,0.14286696006662672,0.10876702721121786,-0.034099932855408854
2018-02-04 02:00:00,72.25124365473347,0.5543331050419623,0.0,0.0251962159127063,0.5291368891292559,2,Off-Peak,Winter,True,True,True,False,0.27,0.1428669600648991,0.1087670272099026,-0.034099932854996504
2018-02-04 03:00:00,72.57960734007412,0.4813839670995231,0.0,0.0,0.4813839670995231,3,Off-Peak,Winter,True,True,True,True,0.27,0.12997367111687125,0.09895114879267974,-0.031022522324191504
2018-02-04 04:00:00,72.98774209051736,0.4697708473329871,0.0,0.0,0.4697708473329871,4,Off-Peak,Winter,True,True,True,True,0.27,0.12683812877990652,0.09656400750733624,-0.030274121272570287
2018-02-04 05:00:00,73.07087541362161,0.5170463404246627,0.0,0.0,0.5170463404246627,5,Off-Peak,Winter,True,True,True,True,0.27,0.13960251191465894,0.10628174775395843,-0.03332076416070051
2018-02-04 06:00:00,72.89025123801835,0.5533413162049005,0.0,0.0242044270781596,0.5291368891267407,6,Off-Peak,Winter,True,True,True,False,0.27,0.14286696006422,0.1087670272093856,-0.03409993285483441
2018-02-04 07:00:00,72.12073568505993,0.6321900298894108,0.0,0.1030531407326257,0.5291368891567849,7,Mid-Peak,Winter,True,True,True,False,0.37,0.19578064898801043,0.10876702721556135,-0.08701362177244908
2018-02-04 18:00:00,93.03154317455083,0.7957917232317478,0.0,0.2666548279239685,0.5291368953077793,18,Peak,Winter,True,True,True,False,0.47,0.24869434079465624,0.1087670284799324,-0.13992731231472383
2018-02-04 19:00:00,90.99820074033018,0.8035085320310658,0.0,0.2743716412356442,0.5291368907954215,19,Peak,Winter,True,True,True,False,0.47,0.24869433867384808,0.10876702755239219,-0.1399273111214559
2018-02-04 20:00:00,88.24860184781824,0.8993906885722615,0.0,0.3702537949518925,0.529136893620369,20,Peak,Winter,True,True,True,False,0.47,0.2486943400015734,0.10876702813307583,-0.13992731186849755
2018-02-04 21:00:00,84.4764022847053,1.0358906108146568,0.0,0.5067537115860533,0.5291368992286035,21,Peak,Winter,True,True,True,False,0.47,0.24869434263744364,0.10876702928587961,-0.13992731335156403
2018-02-04 22:00:00,80.60583622723979,1.048264102905918,0.0,0.5191272089201158,0.5291368939858023,22,Off-Peak,Winter,True,True,True,False,0.27,0.14286696137616664,0.10876702820819269,-0.03409993316797395
2018-02-04 23:00:00,76.88882823268725,1.0270054193858746,0.0,0.4978685271989149,0.5291368921869597,23,Off-Peak,Winter,True,True,True,False,0.27,0.14286696089047912,0.1087670278384306,-0.03409993305204852
2018-02-05 00:00:00,73.91526771937909,0.9271334655095448,0.0,0.3979965757718397,0.5291368897377051,0,Off-Peak,Winter,True,True,True,False,0.27,0.14286696022918038,0.1087670273349727,-0.03409993289420768
2018-02-05 01:00:00,71.85792353271115,0.8044163977778513,0.0,0.2752795085983153,0.529136889179536,1,Off-Peak,Winter,True,True,True,False,0.27,0.14286696007847474,0.10876702722023796,-0.03409993285823679
2018-02-05 02:00:00,71.51878138681009,0.5745521170591177,0.0,0.0454152279225452,0.5291368891365724,2,Off-Peak,Winter,True,True,True,False,0.27,0.14286696006687455,0.10876702721140655,-0.034099932855468
2018-02-05 03:00:00,71.73485519443106,0.4977281251267913,0.0,0.0,0.4977281251267913,3,Off-Peak,Winter,True,True,True,True,0.27,0.13438659378423368,0.10231078127606266,-0.032075812508171014
2018-02-05 04:00:00,72.02422623294503,0.4870669154501108,0.0,0.0,0.4870669154501108,4,Off-Peak,Winter,True,True,True,True,0.27,0.13150806717152994,0.10011931039807832,-0.03138875677345161
2018-02-05 05:00:00,71.97231794836036,0.5360904188425613,0.0,0.0069535297160371,0.5291368891265241,5,Off-Peak,Winter,True,True,True,False,0.27,0.14286696006416152,0.10876702720934107,-0.03409993285482045
2018-02-05 06:00:00,71.53580440173334,0.5875885823312179,0.0,0.0584516932007181,0.5291368891304998,6,Off-Peak,Winter,True,True,True,False,0.27,0.14286696006523497,0.1087670272101583,-0.034099932855076676
2018-02-05 07:00:00,70.51986395568899,0.6650766954441372,0.0,0.1359398062461793,0.5291368891979578,7,Mid-Peak,Winter,True,True,True,False,0.37,0.19578064900324438,0.10876702722402465,-0.08701362177921973
2018-02-05 18:00:00,93.4469008915224,0.7398250769107466,0.0,0.2106881851816294,0.5291368917291172,18,Peak,Winter,True,True,True,False,0.47,0.24869433911268504,0.10876702774431853,-0.1399273113683665
2018-02-05 19:00:00,91.37951705273522,0.8081570335590148,0.0,0.2790201418245325,0.5291368917344823,19,Peak,Winter,True,True,True,False,0.47,0.24869433911520666,0.10876702774542135,-0.1399273113697853
2018-02-05 20:00:00,88.73038132264051,0.8859581051797251,0.0,0.3568212121172948,0.5291368930624303,20,Peak,Winter,True,True,True,False,0.47,0.2486943397393422,0.10876702801838845,-0.13992731172095377
2018-02-05 21:00:00,85.46235893781139,0.9684494493851988,0.0,0.4393125548691889,0.52913689451601,21,Peak,Winter,True,True,True,False,0.47,0.24869434042252467,0.10876702831717983,-0.13992731210534484
2018-02-05 22:00:00,81.79725310924584,1.0209656775046057,0.0,0.491828783233892,0.5291368942707136,22,Off-Peak,Winter,True,True,True,False,0.27,0.1428669614530927,0.1087670282667578,-0.03409993318633489
2018-02-05 23:00:00,78.11767212985133,1.0222063724384454,0.0,0.4930694798903831,0.5291368925480622,23,Off-Peak,Winter,True,True,True,False,0.27,0.1428669609879768,0.10876702791265723,-0.03409993307531957
2018-02-06 00:00:00,75.17627256355223,0.9230078494739018,0.0,0.3938709597937782,0.5291368896801236,0,Off-Peak,Winter,True,True,True,False,0.27,0.14286696021363338,0.1087670273231365,-0.03409993289049687
2018-02-06 01:00:00,73.31106605072551,0.7788661696621428,0.0,0.2497292805281607,0.529136889133982,1,Off-Peak,Winter,True,True,True,False,0.27,0.14286696006617516,0.10876702721087408,-0.03409993285530108
2018-02-06 02:00:00,72.98188078002865,0.5732426189466054,0.0,0.0441057298134965,0.529136889133109,2,Off-Peak,Winter,True,True,True,False,0.27,0.14286696006593944,0.10876702721069462,-0.03409993285524482
2018-02-06 03:00:00,73.07420467037527,0.5157109934886926,0.0,0.0,0.5157109934886926,3,Off-Peak,Winter,True,True,True,True,0.27,0.139241968241947,0.10600725977267571,-0.033234708469271304
2018-02-06 04:00:00,73.0945942487447,0.5261718961578826,0.0,0.0,0.5261718961578826,4,Off-Peak,Winter,True,True,True,True,0.27,0.14206641196262831,0.10815755643245364,-0.03390885553017467
2018-02-06 05:00:00,72.49153788491375,0.609909091554619,0.0,0.0807722024123088,0.5291368891423102,5,Off-Peak,Winter,True,True,True,False,0.27,0.14286696006842375,0.10876702721258598,-0.034099932855837775
2018-02-06 06:00:00,71.37909435944255,0.6780264345788494,0.0,0.1488895453679345,0.5291368892109148,6,Off-Peak,Winter,True,True,True,False,0.27,0.14286696008694702,0.10876702722668805,-0.034099932860258975
2018-02-06 18:00:00,93.53181990796706,0.7283878699816423,0.0,0.1992509787342506,0.5291368912473917,18,Peak,Winter,True,True,True,False,0.47,0.2486943388862741,0.10876702764529718,-0.1399273112409769
2018-02-06 19:00:00,91.68297780716205,0.7787336375085264,0.0,0.2495967466979533,0.529136890810573,19,Peak,Winter,True,True,True,False,0.47,0.2486943386809693,0.10876702755550667,-0.13992731112546264
2018-02-06 20:00:00,89.04222445991118,0.8848743698725463,0.0,0.3557374761177317,0.5291368937548145,20,Peak,Winter,True,True,True,False,0.47,0.24869434006476282,0.10876702816071188,-0.13992731190405094
2018-02-06 21:00:00,85.50431339880123,1.0046423208261734,0.0,0.4755054232713804,0.529136897554793,21,Peak,Winter,True,True,True,False,0.47,0.24869434185075268,0.10876702894181856,-0.13992731290893412
2018-02-06 22:00:00,81.90520434009392,1.0121212103859645,0.0,0.4829843174007556,0.5291368929852088,22,Off-Peak,Winter,True,True,True,False,0.27,0.14286696110600638,0.10876702800251514,-0.03409993310349124
2018-02-06 23:00:00,78.25930762493613,1.017701252705841,0.0,0.488564360199649,0.5291368925061921,23,Off-Peak,Winter,True,True,True,False,0.27,0.14286696097667187,0.1087670279040506,-0.03409993307262127
2018-02-07 00:00:00,75.34655890775156,0.9191817319582068,0.0,0.3900448422967622,0.5291368896614447,0,Off-Peak,Winter,True,True,True,False,0.27,0.14286696020859008,0.10876702731929697,-0.03409993288929311
2018-02-07 01:00:00,73.53719559243369,0.7714052328190484,0.0,0.2422683436879703,0.5291368891310781,1,Off-Peak,Winter,True,True,True,False,0.27,0.1428669600653911,0.10876702721027717,-0.034099932855113924
2018-02-07 02:00:00,73.37365291198297,0.5510532760935009,0.0,0.0219163869646368,0.5291368891288639,2,Off-Peak,Winter,True,True,True,False,0.27,0.14286696006479327,0.10876702720982204,-0.03409993285497123
2018-02-07 03:00:00,73.75834920575855,0.4731726611905246,0.0,0.0,0.4731726611905246,3,Off-Peak,Winter,True,True,True,True,0.27,0.12775661852144166,0.09726326924471894,-0.030493349276722717
2018-02-07 04:00:00,74.29099201227145,0.4516274986292679,0.0,0.0,0.4516274986292679,4,Off-Peak,Winter,True,True,True,True,0.27,0.12193942462990233,0.09283454138490506,-0.02910488324499727
2018-02-07 05:00:00,74.46954186274317,0.5031578559340815,0.0,0.0,0.5031578559340815,5,Off-Peak,Winter,True,True,True,True,0.27,0.135852621102202,0.1034268926086723,-0.032425728493529704
2018-02-07 06:00:00,74.1565491303973,0.5710905159448547,0.0,0.0419536268166211,0.5291368891282335,6,Off-Peak,Winter,True,True,True,False,0.27,0.14286696006462307,0.10876702720969245,-0.034099932854930626
2018-02-07 18:00:00,93.5971062905081,0.7194442292322206,0.0,0.1903073383235848,0.5291368909086358,18,Peak,Winter,True,True,True,False,0.47,0.24869433872705882,0.10876702757566402,-0.13992731115139478
2018-02-07 19:00:00,91.8272480959436,0.7680956165667805,0.0,0.2389587259849649,0.5291368905818156,19,Peak,Winter,True,True,True,False,0.47,0.2486943385734533,0.10876702750848431,-0.13992731106496897
2018-02-07 20:00:00,89.37110541765927,0.8600869916813917,0.0,0.3309500989991107,0.5291368926822809,20,Peak,Winter,True,True,True,False,0.47,0.24869433956067202,0.10876702794024662,-0.1399273116204254
2018-02-07 21:00:00,86.04703879585239,0.9760439617340774,0.0,0.4469070655531487,0.5291368961809286,21,Peak,Winter,True,True,True,False,0.47,0.24869434120503645,0.1087670286594131,-0.13992731254562335
2018-02-07 22:00:00,81.94547573932434,1.079378693896908,0.0,0.5502417949315063,0.5291368989654018,22,Off-Peak,Winter,True,True,True,False,0.27,0.1428669627206585,0.10876702923177704,-0.03409993348888145
2018-02-07 23:00:00,77.92410704102303,1.0678103846053462,0.0,0.5386734909218502,0.5291368936834959,23,Off-Peak,Winter,True,True,True,False,0.27,0.1428669612945439,0.10876702814605194,-0.03409993314849197
2018-02-08 00:00:00,74.99267586905435,0.9216074485557592,0.0,0.3924705591411422,0.5291368894146169,0,Off-Peak,Winter,True,True,True,False,0.27,0.14286696014194658,0.10876702726856013,-0.034099932873386446
2018-02-08 01:00:00,73.54728908157549,0.7227004559714608,0.0,0.1935635668266639,0.5291368891447968,1,Off-Peak,Winter,True,True,True,False,0.27,0.14286696006909516,0.10876702721309713,-0.034099932855998036
2018-02-08 02:00:00,73.35929200900713,0.5543287441219554,0.0,0.0251918549938538,0.5291368891281015,2,Off-Peak,Winter,True,True,True,False,0.27,0.14286696006458743,0.1087670272096653,-0.03409993285492213
2018-02-08 03:00:00,73.65567368164022,0.4860262230507128,0.0,0.0,0.4860262230507128,3,Off-Peak,Winter,True,True,True,True,0.27,0.13122708022369248,0.09990539029375763,-0.03132168992993485
2018-02-08 04:00:00,74.14308340142499,0.4582189459641175,0.0,0.0,0.4582189459641175,4,Off-Peak,Winter,True,True,True,True,0.27,0.12371911541031173,0.09418945000373526,-0.029529665406576477
2018-02-08 05:00:00,74.3480309603783,0.4993193622776188,0.0,0.0,0.4993193622776188,5,Off-Peak,Winter,True,True,True,True,0.27,0.13481622781495708,0.10263786891262164,-0.03217835890233545
2018-02-08 06:00:00,74.15969448481704,0.5543821382311304,0.0,0.0252452491041653,0.529136889126965,6,Off-Peak,Winter,True,True,True,False,0.27,0.14286696006428057,0.1087670272094317,-0.03409993285484887
2018-02-08 18:00:00,93.72486548847216,0.7022093728525428,0.0,0.1730724824713725,0.5291368903811703,18,Peak,Winter,True,True,True,False,0.47,0.24869433847915,0.10876702746724057,-0.13992731101190944
2018-02-08 19:00:00,91.94712548302395,0.7691695066860169,0.0,0.2400326158984887,0.5291368907875282,19,Peak,Winter,True,True,True,False,0.47,0.24869433867013827,0.10876702755076968,-0.13992731111936857
2018-02-08 20:00:00,89.48348318987715,0.8611030405405405,0.0,0.3319661477402111,0.5291368928003294,20,Peak,Winter,True,True,True,False,0.47,0.2486943396161548,0.10876702796451215,-0.13992731165164266
2018-02-08 21:00:00,86.48764760205752,0.9320525784858552,0.0,0.402915685124147,0.5291368933617082,21,Peak,Winter,True,True,True,False,0.47,0.24869433988000283,0.10876702807990668,-0.13992731180009615
2018-02-08 22:00:00,83.075766936765,0.987215912148905,0.0,0.4580790186645156,0.5291368934843894,22,Off-Peak,Winter,True,True,True,False,0.27,0.14286696124078516,0.1087670281051245,-0.03409993313566066
2018-02-08 23:00:00,79.41327173065635,1.0200905194544838,0.0,0.4909536262203208,0.5291368932341629,23,Off-Peak,Winter,True,True,True,False,0.27,0.142866961173224,0.10876702805368904,-0.034099933119534964
2018-02-09 00:00:00,76.56421714674457,0.9108080292285928,0.0,0.3816711396910199,0.529136889537573,0,Off-Peak,Winter,True,True,True,False,0.27,0.14286696017514472,0.10876702729383445,-0.034099932881310274
2018-02-09 01:00:00,75.23082264500664,0.7078223522425756,0.0,0.1786854630905602,0.5291368891520154,1,Off-Peak,Winter,True,True,True,False,0.27,0.14286696007104416,0.10876702721458094,-0.03409993285646322
2018-02-09 02:00:00,75.22254993423687,0.5302463058242647,0.0,0.0,0.5302463058242647,2,Off-Peak,Winter,True,True,True,True,0.27,0.14316650257255148,0.10899507397498774,-0.03417142859756374
2018-02-09 03:00:00,75.67077953734673,0.4638856185363018,0.0,0.0,0.4638856185363018,3,Off-Peak,Winter,True,True,True,True,0.27,0.12524911700480149,0.09535426603246203,-0.02989485097233946
2018-02-09 04:00:00,76.00753414359814,0.4801103578776566,0.0,0.0,0.4801103578776566,4,Off-Peak,Winter,True,True,True,True,0.27,0.1296297966269673,0.0986893513415183,-0.03094044528544901
2018-02-09 05:00:00,76.03661096330853,0.5249044020508821,0.0,0.0,0.5249044020508821,5,Off-Peak,Winter,True,True,True,True,0.27,0.14172418855373817,0.10789701597712575,-0.03382717257661241
2018-02-09 06:00:00,75.70820054464203,0.5731789841922753,0.0,0.0440420950642986,0.5291368891279766,6,Off-Peak,Winter,True,True,True,False,0.27,0.1428669600645537,0.10876702720963963,-0.03409993285491408
2018-02-09 18:00:00,93.55741165442876,0.7247361329018077,0.0,0.1955992418080575,0.5291368910937502,18,Peak,Winter,True,True,True,False,0.47,0.24869433881406255,0.1087670276137153,-0.13992731120034724
2018-02-09 19:00:00,91.53310466585894,0.8023285952528133,0.0,0.2731917035463294,0.5291368917064838,19,Peak,Winter,True,True,True,False,0.47,0.24869433910204738,0.10876702773966612,-0.13992731136238126
2018-02-09 20:00:00,88.84562424788768,0.8910704859086226,0.0,0.3619335923209937,0.5291368935876288,20,Peak,Winter,True,True,True,False,0.47,0.24869433998618554,0.10876702812634592,-0.13992731185983961
2018-02-09 21:00:00,85.49615931141504,0.9792992615978592,0.0,0.4501623664032929,0.5291368951945663,21,Peak,Winter,True,True,True,False,0.47,0.24869434074144614,0.10876702845666085,-0.13992731228478528
2018-02-09 22:00:00,82.04644078428664,0.992075548921085,0.0,0.4629386564165438,0.5291368925045411,22,Off-Peak,Winter,True,True,True,False,0.27,0.14286696097622612,0.10876702790371122,-0.034099933072514896
2018-02-09 23:00:00,78.62958696129822,0.9870693383466882,0.0,0.4579324467735474,0.5291368915731408,23,Off-Peak,Winter,True,True,True,False,0.27,0.14286696072474803,0.10876702771225671,-0.03409993301249131
2018-02-10 00:00:00,75.5435852354391,0.942318119528377,0.0,0.4131812292237469,0.5291368903046301,0,Off-Peak,Winter,True,True,True,False,0.27,0.14286696038225014,0.10876702745150728,-0.03409993293074286
2018-02-10 01:00:00,73.81878978567372,0.7600871042049931,0.0,0.2309502150751754,0.5291368891298177,1,Off-Peak,Winter,True,True,True,False,0.27,0.14286696006505079,0.10876702721001807,-0.03409993285503271
2018-02-10 02:00:00,73.86553809965855,0.5223380125179847,0.0,0.0,0.5223380125179847,2,Off-Peak,Winter,True,True,True,True,0.27,0.1410312633798559,0.10736948035091909,-0.0336617830289368
2018-02-10 03:00:00,74.18997688117715,0.4819386787701828,0.0,0.0,0.4819386787701828,3,Off-Peak,Winter,True,True,True,True,0.27,0.13012344326794936,0.09906517285831534,-0.03105827040963402
2018-02-10 04:00:00,74.440021135794,0.492759290130791,0.0,0.0,0.492759290130791,4,Off-Peak,Winter,True,True,True,True,0.27,0.13304500833531357,0.10128940963799592,-0.03175559869731766
2018-02-10 05:00:00,74.361833163482,0.5396180093943734,0.0,0.0104811202678341,0.5291368891265393,5,Off-Peak,Winter,True,True,True,False,0.27,0.14286696006416563,0.10876702720934418,-0.03409993285482145
2018-02-10 06:00:00,73.81488706910496,0.6024205609227792,0.0,0.0732836717878288,0.5291368891349504,6,Off-Peak,Winter,True,True,True,False,0.27,0.14286696006643662,0.10876702721107313,-0.03409993285536349
2018-02-10 18:00:00,93.24793432661424,0.7665309132008015,0.0,0.2373940200078599,0.5291368931929415,18,Peak,Winter,True,True,True,False,0.47,0.2486943398006825,0.10876702804521576,-0.13992731175546674
2018-02-10 19:00:00,91.19206306093692,0.8065025388571468,0.0,0.2773656475927969,0.5291368912643499,19,Peak,Winter,True,True,True,False,0.47,0.24869433889424444,0.10876702764878304,-0.1399273112454614
2018-02-10 20:00:00,88.63085678917673,0.8740306587178516,0.0,0.3448937663268629,0.5291368923909887,20,Peak,Winter,True,True,True,False,0.47,0.24869433942376468,0.10876702788036989,-0.13992731154339477
2018-02-10 21:00:00,85.25882536311894,0.9822567782277912,0.0,0.4531198825809829,0.5291368956468083,21,Peak,Winter,True,True,True,False,0.47,0.2486943409539999,0.10876702854962171,-0.13992731240437817
2018-02-10 22:00:00,81.63071453707596,1.0158642305031205,0.0,0.4867273369343932,0.5291368935687273,22,Off-Peak,Winter,True,True,True,False,0.27,0.14286696126355639,0.10876702812246061,-0.03409993314109577
2018-02-10 23:00:00,77.99505567146319,1.016194757902784,0.0,0.4870578655438928,0.529136892358891,23,Off-Peak,Winter,True,True,True,False,0.27,0.1428669609369006,0.10876702787377206,-0.03409993306312854
2018-02-11 00:00:00,74.98445378113378,0.932133863855504,0.0,0.4029969739946026,0.5291368898609013,0,Off-Peak,Winter,True,True,True,False,0.27,0.14286696026244336,0.10876702736029639,-0.03409993290214697
2018-02-11 01:00:00,73.05345989913262,0.7875773717100243,0.0,0.2584404825709072,0.529136889139117,1,Off-Peak,Winter,True,True,True,False,0.27,0.1428669600675616,0.1087670272119296,-0.03409993285563201
2018-02-11 02:00:00,72.49640547017519,0.6037320480976076,0.0,0.0745951589605007,0.5291368891371069,2,Off-Peak,Winter,True,True,True,False,0.27,0.14286696006701888,0.10876702721151642,-0.03409993285550246
2018-02-11 03:00:00,72.6558770106808,0.5059547606431111,0.0,0.0,0.5059547606431111,3,Off-Peak,Winter,True,True,True,True,0.27,0.13660778537364,0.10400181190997283,-0.03260597346366716
2018-02-11 04:00:00,72.67727229887615,0.5260269001563733,0.0,0.0,0.5260269001563733,4,Off-Peak,Winter,True,True,True,True,0.27,0.1420272630422208,0.10812775169881007,-0.033899511343410724
2018-02-11 05:00:00,72.02767252316836,0.6161039566785893,0.0,0.0869670675317907,0.5291368891467986,5,Off-Peak,Winter,True,True,True,False,0.27,0.14286696006963562,0.10876702721350859,-0.03409993285612703
2018-02-11 06:00:00,70.63225386260143,0.7157689151309315,0.0,0.1866320257540947,0.5291368893768368,6,Off-Peak,Winter,True,True,True,False,0.27,0.14286696013174593,0.10876702726079422,-0.03409993287095171
2018-02-11 18:00:00,91.57076116209323,0.992268485548889,0.0,0.4631315515993585,0.5291369339495304,18,Peak,Winter,True,True,True,False,0.47,0.24869435895627928,0.10876703642295903,-0.13992732253332024
2018-02-11 19:00:00,87.948871375201,1.0163706116314104,0.0,0.4872337127327174,0.5291368988986931,19,Peak,Winter,True,True,True,False,0.47,0.24869434248238573,0.10876702921806469,-0.13992731326432103
2018-02-11 20:00:00,83.76766599748757,1.0903462853227488,0.0,0.5612093850561756,0.5291369002665732,20,Peak,Winter,True,True,True,False,0.47,0.2486943431252894,0.10876702949924005,-0.13992731362604935
2018-02-11 21:00:00,78.32182870909551,1.258018096161224,0.0,0.728881177405673,0.5291369187555509,21,Peak,Winter,True,True,True,False,0.47,0.2486943518151089,0.10876703329975214,-0.13992731851535678
2018-02-11 22:00:00,72.31287389513797,1.331267088516742,0.0,0.8021301665982882,0.5291369219184537,22,Off-Peak,Winter,True,True,True,False,0.27,0.1428669689179825,0.10876703394990438,-0.03409993496807813
2018-02-11 23:00:00,66.0711564018403,1.3599866168011756,0.0,0.8308496837694491,0.5291369330317265,23,Off-Peak,Winter,True,True,True,False,0.27,0.14286697191856615,0.10876703623429933,-0.03409993568426682
2018-02-12 00:00:00,60.5121098945765,1.267309742149141,0.0,0.7381728247619894,0.5291369173871516,0,Off-Peak,Winter,True,True,True,False,0.27,0.14286696769453094,0.10876703301847006,-0.034099934676060886
2018-02-12 18:00:00,93.74314176959766,0.7011146175035416,0.0,0.1719777271621209,0.5291368903414206,18,Peak,Winter,True,True,True,False,0.47,0.24869433846046768,0.1087670274590698,-0.13992731100139788
2018-02-12 19:00:00,91.83524519763677,0.7866253523188731,0.0,0.2574884609382684,0.5291368913806047,19,Peak,Winter,True,True,True,False,0.47,0.2486943389488842,0.10876702767267986,-0.13992731127620434
2018-02-12 20:00:00,89.17608280012038,0.8872368719602037,0.0,0.3580999780637839,0.5291368938964198,20,Peak,Winter,True,True,True,False,0.47,0.2486943401313173,0.10876702818981962,-0.13992731194149768
2018-02-12 21:00:00,85.4008006579944,1.0362551108370557,0.0,0.5071182099754852,0.5291369008615705,21,Peak,Winter,True,True,True,False,0.47,0.24869434340493812,0.10876702962154504,-0.13992731378339307
2018-02-12 22:00:00,80.96700283800674,1.1234049975958649,0.0,0.5942680967511869,0.529136900844678,22,Off-Peak,Winter,True,True,True,False,0.27,0.14286696322806308,0.10876702961807269,-0.03409993360999039
2018-02-12 23:00:00,76.23901094402797,1.1615909485637947,0.0,0.6324540485797507,0.529136899984044,23,Off-Peak,Winter,True,True,True,False,0.27,0.1428669629956919,0.10876702944116459,-0.03409993355452731
2018-02-13 00:00:00,71.70803875329817,1.1342246350023122,0.0,0.6050877384091246,0.5291368965931876,0,Off-Peak,Winter,True,True,True,False,0.27,0.14286696208016067,0.10876702874415523,-0.034099933336005445
2018-02-13 01:00:00,68.0242149162519,1.0205551815735172,0.0,0.4914182902543848,0.5291368913191323,1,Off-Peak,Winter,True,True,True,False,0.27,0.14286696065616575,0.10876702766004387,-0.03409993299612188
2018-02-13 02:00:00,65.17190232190374,0.9093088489781576,0.0,0.3801719590206295,0.529136889957528,2,Off-Peak,Winter,True,True,True,False,0.27,0.14286696028853255,0.10876702738015852,-0.03409993290837403
2018-02-13 03:00:00,62.61093171582742,0.8700983437306948,0.0,0.3409614534277001,0.5291368903029947,3,Off-Peak,Winter,True,True,True,False,0.27,0.14286696038180857,0.10876702745117113,-0.03409993293063744
2018-02-13 04:00:00,60.40823475299909,0.8221119044913362,0.0,0.2929750146721054,0.5291368898192308,4,Off-Peak,Winter,True,True,True,False,0.27,0.14286696025119233,0.10876702735173077,-0.03409993289946156
2018-02-13 18:00:00,93.52230132702093,0.7302524485306601,0.0,0.2011155572226714,0.5291368913079887,18,Peak,Winter,True,True,True,False,0.47,0.24869433891475468,0.10876702765775323,-0.13992731125700145
2018-02-13 19:00:00,91.58721760735546,0.7902144025407888,0.0,0.2610775113976807,0.529136891143108,19,Peak,Winter,True,True,True,False,0.47,0.24869433883726075,0.10876702762386109,-0.13992731121339966
2018-02-13 20:00:00,89.05168911424272,0.8705495031241178,0.0,0.3414126103969341,0.5291368927271837,20,Peak,Winter,True,True,True,False,0.47,0.2486943395817763,0.10876702794947664,-0.13992731163229966
2018-02-13 21:00:00,85.85327480523827,0.9589457373735496,0.0,0.4298088429196891,0.5291368944538605,21,Peak,Winter,True,True,True,False,0.47,0.2486943403933144,0.10876702830440466,-0.13992731208890974
2018-02-13 22:00:00,81.96154803683342,1.0510540087742783,0.0,0.5219171118855322,0.5291368968887461,22,Off-Peak,Winter,True,True,True,False,0.27,0.14286696215996145,0.10876702880490892,-0.03409993335505253
2018-02-13 23:00:00,78.00712737642512,1.0586371438228492,0.0,0.5295002499668415,0.5291368938560077,23,Off-Peak,Winter,True,True,True,False,0.27,0.1428669613411221,0.1087670281815127,-0.034099933159609394
2018-02-14 00:00:00,74.47420045839425,1.001669839736628,0.0,0.472532948622537,0.529136891114091,0,Off-Peak,Winter,True,True,True,False,0.27,0.1428669606008046,0.10876702761789649,-0.0340999329829081
2018-02-14 01:00:00,71.8583911656709,0.8788188688099263,0.0,0.3496819794384326,0.5291368893714936,1,Off-Peak,Winter,True,True,True,False,0.27,0.14286696013030328,0.1087670272596959,-0.03409993287060738
2018-02-14 02:00:00,70.22037378467067,0.748077952289911,0.0,0.2189410631572093,0.5291368891327016,2,Off-Peak,Winter,True,True,True,False,0.27,0.14286696006582944,0.10876702721061089,-0.03409993285521855
2018-02-14 03:00:00,68.6503704973594,0.7388542037252276,0.0,0.2097173144670203,0.5291368892582072,3,Off-Peak,Winter,True,True,True,False,0.27,0.14286696009971597,0.10876702723640927,-0.0340999328633067
2018-02-14 04:00:00,66.84276489706201,0.770366408696414,0.0,0.2412295191833749,0.529136889513039,4,Off-Peak,Winter,True,True,True,False,0.27,0.14286696016852055,0.10876702728879137,-0.03409993287972918
2018-02-14 05:00:00,63.964149415502646,0.9125423291829272,0.0,0.3834054355083007,0.5291368936746265,5,Off-Peak,Winter,True,True,True,False,0.27,0.14286696129214915,0.10876702814422877,-0.03409993314792038
2018-02-14 06:00:00,60.3381956994881,1.0109634521368172,0.0,0.4818265522865046,0.5291368998503125,6,Off-Peak,Winter,True,True,True,False,0.27,0.1428669629595844,0.10876702941367535,-0.03409993354590905
2018-02-14 17:00:00,74.6897115212566,0.7294744958335899,0.0,0.2003376065273945,0.5291368893061954,17,Peak,Winter,True,True,True,False,0.47,0.24869433797391183,0.10876702724627349,-0.13992731072763834
2018-02-14 18:00:00,73.17877483547865,0.7313467778044088,0.0,0.2022098885774818,0.529136889226927,18,Peak,Winter,True,True,True,False,0.47,0.24869433793665568,0.10876702722997944,-0.13992731070667624
2018-02-14 19:00:00,71.06806927873818,0.8112802673383007,0.0,0.2821433774015888,0.5291368899367119,19,Peak,Winter,True,True,True,False,0.47,0.24869433827025458,0.10876702737587968,-0.1399273108943749
2018-02-14 20:00:00,68.42548593883515,0.8818778012618748,0.0,0.3527409102582655,0.5291368910036092,20,Peak,Winter,True,True,True,False,0.47,0.2486943387716963,0.10876702759518632,-0.13992731117650997
2018-02-14 21:00:00,64.75618927020757,1.0178222291448056,0.0,0.4886853303232403,0.5291368988215652,21,Peak,Winter,True,True,True,False,0.47,0.24869434244613564,0.10876702920221062,-0.13992731324392502
2018-02-14 22:00:00,60.02076829669114,1.1578838552269848,0.0,0.6287469337738294,0.5291369214531554,22,Off-Peak,Winter,True,True,True,False,0.27,0.14286696879235197,0.10876703385425972,-0.034099934938092255
2018-02-15 18:00:00,94.5310455720492,0.7149093518249876,0.0,0.0654591884443918,0.6494501633805958,18,Peak,Winter,True,True,True,False,0.47,0.30524157678888003,0.1334980891393447,-0.17174348764953534
2018-02-15 19:00:00,93.27246115540454,0.8195113182740683,0.0,0.1700611541600241,0.6494501641140442,19,Peak,Winter,True,True,True,False,0.47,0.3052415771336008,0.1334980892901091,-0.1717434878434917
2018-02-15 20:00:00,91.40058099044856,0.9019171283398328,0.0,0.2524669630895283,0.6494501652503045,20,Peak,Winter,True,True,True,False,0.47,0.3052415776676431,0.1334980895236737,-0.1717434881439694
2018-02-15 21:00:00,89.08695181800095,0.9609568085755013,0.0,0.3115066429226512,0.64945016565285,21,Peak,Winter,True,True,True,False,0.47,0.3052415778568395,0.13349808960641915,-0.17174348825042032
2018-02-15 22:00:00,86.02359181616298,1.0610790967158807,0.0,0.4116289284934443,0.6494501682224364,22,Off-Peak,Winter,True,True,True,False,0.27,0.17535154542005785,0.13349809013461192,-0.04185345528544593
2018-02-15 23:00:00,82.71649774790843,1.0931379569405104,0.0,0.4436877902736714,0.6494501666668391,23,Off-Peak,Winter,True,True,True,False,0.27,0.17535154500004657,0.13349808981485026,-0.041853455185196314
2018-02-16 00:00:00,79.80318440554491,1.0399467666603213,0.0,0.3904966024026192,0.649450164257702,0,Off-Peak,Winter,True,True,True,False,0.27,0.17535154434957953,0.13349808931963872,-0.04185345502994081
2018-02-16 01:00:00,77.49579420592337,0.958561865399998,0.0,0.3091117018499794,0.6494501635500186,1,Off-Peak,Winter,True,True,True,False,0.27,0.17535154415850504,0.1334980891741705,-0.04185345498433454
2018-02-16 02:00:00,75.92654883610926,0.8596356929456263,0.0,0.2101855295824617,0.6494501633631645,2,Off-Peak,Winter,True,True,True,False,0.27,0.17535154410805442,0.13349808913576158,-0.04185345497229284
2018-02-16 03:00:00,74.41201747188897,0.8521950670998277,0.0,0.2027449036599654,0.6494501634398623,3,Off-Peak,Winter,True,True,True,False,0.27,0.17535154412876283,0.13349808915152725,-0.04185345497723558
2018-02-16 04:00:00,72.65974008227836,0.8838287056500591,0.0,0.2343785420349912,0.6494501636150679,4,Off-Peak,Winter,True,True,True,False,0.27,0.17535154417606835,0.13349808918754172,-0.041853454988526634
2018-02-16 05:00:00,69.96312491718355,1.0095531322182112,0.0,0.3601029663232887,0.6494501658949225,5,Off-Peak,Winter,True,True,True,False,0.27,0.1753515447916291,0.13349808965617851,-0.04185345513545058
2018-02-16 06:00:00,66.34363617441757,1.1317738709396536,0.0,0.4823236995393544,0.6494501714002993,6,Off-Peak,Winter,True,True,True,False,0.27,0.1753515462780808,0.13349809078783928,-0.041853455490241526
2018-02-16 18:00:00,94.65438128593487,0.6972619709161505,0.0,0.0478118075556684,0.6494501633604821,18,Peak,Winter,True,True,True,False,0.47,0.3052415767794266,0.13349808913521022,-0.17174348764421637
2018-02-16 19:00:00,93.70668361666564,0.777566298978067,0.0,0.1281161353548346,0.6494501636232324,19,Peak,Winter,True,True,True,False,0.47,0.3052415769029192,0.13349808918922,-0.1717434877136992
2018-02-16 20:00:00,91.98285796731788,0.8820495475046664,0.0,0.2325993823898367,0.6494501651148296,20,Peak,Winter,True,True,True,False,0.47,0.30524157760396986,0.13349808949582606,-0.1717434881081438
2018-02-16 21:00:00,89.40785761975619,0.9961357106470888,0.0,0.3466855426383896,0.6494501680086993,21,Peak,Winter,True,True,True,False,0.47,0.30524157896408866,0.13349809009067706,-0.1717434888734116
2018-02-16 22:00:00,86.19872899344368,1.0806326901122116,0.0,0.4311825211722185,0.6494501689399931,22,Off-Peak,Winter,True,True,True,False,0.27,0.17535154561379815,0.13349809028210968,-0.041853455331688466
2018-02-16 23:00:00,83.03077033069314,1.07452414384308,0.0,0.4250739781546089,0.649450165688471,23,Off-Peak,Winter,True,True,True,False,0.27,0.17535154473588718,0.13349808961374127,-0.041853455122145916
2018-02-17 00:00:00,80.17780004415226,1.0318955726339558,0.0,0.3824454083662741,0.6494501642676818,0,Off-Peak,Winter,True,True,True,False,0.27,0.1753515443522741,0.13349808932169013,-0.041853455030583964
2018-02-17 01:00:00,78.39737414141702,0.8880984285703035,0.0,0.2386482652152926,0.6494501633550109,1,Off-Peak,Winter,True,True,True,False,0.27,0.17535154410585296,0.13349808913408556,-0.0418534549717674
2018-02-17 02:00:00,77.63802235488166,0.7512616697696683,0.0,0.1018115064129457,0.6494501633567227,2,Off-Peak,Winter,True,True,True,False,0.27,0.17535154410631512,0.13349808913443742,-0.0418534549718777
2018-02-17 03:00:00,77.18711199336575,0.709906755339029,0.0,0.0604565919874104,0.6494501633516186,3,Off-Peak,Winter,True,True,True,False,0.27,0.17535154410493706,0.13349808913338826,-0.0418534549715488
2018-02-17 04:00:00,76.43277257119124,0.7505436434942709,0.0,0.1010934801294065,0.6494501633648644,4,Off-Peak,Winter,True,True,True,False,0.27,0.1753515441085134,0.133498089136111,-0.04185345497240239
2018-02-17 05:00:00,74.82803759318263,0.8642770874379492,0.0,0.2148269237056602,0.6494501637322889,5,Off-Peak,Winter,True,True,True,False,0.27,0.175351544207718,0.13349808921163717,-0.04185345499608084
2018-02-17 06:00:00,72.43699361930561,0.9691009898783776,0.0,0.3196508251400844,0.6494501647382931,6,Off-Peak,Winter,True,True,True,False,0.27,0.17535154447933915,0.13349808941842692,-0.04185345506091223
2018-02-17 18:00:00,94.22108976010796,0.7554917415149165,0.0,0.1060415779684565,0.6494501635464599,18,Peak,Winter,True,True,True,False,0.47,0.3052415768668361,0.13349808917343897,-0.17174348769339715
2018-02-17 19:00:00,93.04705393275916,0.8080419585846714,0.0,0.158591794808086,0.6494501637765854,19,Peak,Winter,True,True,True,False,0.47,0.3052415769749951,0.13349808922074255,-0.17174348775425255
2018-02-17 20:00:00,91.04114542416568,0.9198694317199766,0.0,0.2704192658072439,0.6494501659127326,20,Peak,Winter,True,True,True,False,0.47,0.3052415779789843,0.13349808965983948,-0.17174348831914485
2018-02-17 21:00:00,88.38056794498671,1.0074119615964665,0.0,0.3579617943284955,0.6494501672679709,21,Peak,Winter,True,True,True,False,0.47,0.3052415786159463,0.13349808993841622,-0.1717434886775301
2018-02-17 22:00:00,85.26046003770459,1.0684898270029992,0.0,0.4190396596431813,0.6494501673598179,22,Off-Peak,Winter,True,True,True,False,0.27,0.17535154518715085,0.1334980899572959,-0.04185345522985495
2018-02-17 23:00:00,82.17932037743616,1.062730794791653,0.0,0.4132806295314998,0.6494501652601532,23,Off-Peak,Winter,True,True,True,False,0.27,0.17535154462024138,0.13349808952569817,-0.04185345509454322
2018-02-18 00:00:00,79.55707715102031,1.0009087202760372,0.0,0.351458556427587,0.6494501638484501,0,Off-Peak,Winter,True,True,True,False,0.27,0.17535154423908153,0.13349808923551473,-0.0418534550035668
2018-02-18 01:00:00,77.93097016129408,0.8673819198474497,0.0,0.2179317564938292,0.6494501633536205,1,Off-Peak,Winter,True,True,True,False,0.27,0.17535154410547754,0.13349808913379976,-0.04185345497167778
2018-02-18 02:00:00,77.39636444905095,0.7211269120458815,0.0,0.0716767486888684,0.6494501633570131,2,Off-Peak,Winter,True,True,True,False,0.27,0.17535154410639356,0.13349808913449715,-0.04185345497189641
2018-02-18 03:00:00,77.44205487359764,0.642800895785622,0.0,0.0,0.642800895785622,3,Off-Peak,Winter,True,True,True,True,0.27,0.17355624186211796,0.1321312952448223,-0.04142494661729565
2018-02-18 04:00:00,77.48729570519639,0.6428662132477256,0.0,0.0,0.6428662132477256,4,Off-Peak,Winter,True,True,True,True,0.27,0.17357387757688594,0.13214472161203247,-0.04142915596485347
2018-02-18 05:00:00,76.99771241216727,0.7150822793950419,0.0,0.0656321160357431,0.6494501633592987,5,Off-Peak,Winter,True,True,True,False,0.27,0.17535154410701068,0.13349808913496697,-0.04185345497204371
2018-02-18 06:00:00,76.14954705779323,0.7630936001507098,0.0,0.1136434367732968,0.6494501633774129,6,Off-Peak,Winter,True,True,True,False,0.27,0.1753515441119015,0.1334980891386904,-0.04185345497321108
2018-02-18 18:00:00,93.0172804743146,0.9176566823884686,0.0,0.2682065126733934,0.6494501697150752,18,Peak,Winter,True,True,True,False,0.47,0.30524157976608535,0.13349809044143213,-0.17174348932465322
2018-02-18 19:00:00,90.83220918837294,0.9439396104012548,0.0,0.2944894446943099,0.6494501657069449,19,Peak,Winter,True,True,True,False,0.47,0.3052415778822641,0.13349808961753867,-0.1717434882647254
2018-02-18 20:00:00,87.57343288324013,1.0875464109860964,0.0,0.4380962386515623,0.6494501723345341,20,Peak,Winter,True,True,True,False,0.47,0.305241580997231,0.13349809097987644,-0.17174349001735453
2018-02-18 21:00:00,82.9178910080747,1.2735281821701023,0.0,0.6240779966227951,0.6494501855473073,21,Peak,Winter,True,True,True,False,0.47,0.3052415872072344,0.13349809369583537,-0.171743493511399
2018-02-18 22:00:00,77.12861846034403,1.4232839399972288,0.0,0.773833742247736,0.6494501977494928,22,Off-Peak,Winter,True,True,True,False,0.27,0.17535155339236305,0.1334980962040624,-0.04185345718830066
2018-02-18 23:00:00,71.05966582130115,1.4586095719533283,0.0,0.8091593771627581,0.6494501947905702,23,Off-Peak,Winter,True,True,True,False,0.27,0.17535155259345397,0.13349809559583944,-0.04185345699761453
2018-02-19 00:00:00,65.08836496660759,1.443524482157884,0.0,0.7940742845054174,0.6494501976524667,0,Off-Peak,Winter,True,True,True,False,0.27,0.175351553366166,0.13349809618411815,-0.04185345718204786
2018-02-19 18:00:00,93.62885229092636,0.8365683870656757,0.0,0.1871182220347773,0.6494501650308984,18,Peak,Winter,True,True,True,False,0.47,0.3052415775645222,0.13349808947857353,-0.17174348808594866
2018-02-19 19:00:00,91.9399808446462,0.8772759005577508,0.0,0.2278257360294084,0.6494501645283425,19,Peak,Winter,True,True,True,False,0.47,0.30524157732832097,0.13349808937527038,-0.17174348795305058
2018-02-19 20:00:00,89.1356718592214,1.0268111905999608,0.0,0.377361020397691,0.6494501702022698,20,Peak,Winter,True,True,True,False,0.47,0.3052415799950668,0.13349809054157766,-0.17174348945348913
2018-02-19 21:00:00,84.95815675074768,1.209997812881422,0.0,0.5605476316363173,0.6494501812451047,21,Peak,Winter,True,True,True,False,0.47,0.30524158518519917,0.13349809281149372,-0.17174349237370545
2018-02-19 22:00:00,79.58585110517248,1.3682826147267455,0.0,0.7188324228703628,0.6494501918563828,22,Off-Peak,Winter,True,True,True,False,0.27,0.17535155180122336,0.13349809499270088,-0.04185345680852248
2018-02-19 23:00:00,73.47927990235203,1.4642857684551625,0.0,0.8148355688469098,0.6494501996082527,23,Off-Peak,Winter,True,True,True,False,0.27,0.17535155389422824,0.1334980965861408,-0.04185345730808743
2018-02-20 00:00:00,67.21375212178899,1.4832207199155245,0.0,0.833770516094298,0.6494502038212265,0,Off-Peak,Winter,True,True,True,False,0.27,0.17535155503173117,0.133498097452141,-0.041853457579590164
2018-02-20 01:00:00,61.490757797015085,1.4091124419772374,0.0,0.7596622473813793,0.6494501945958581,1,Off-Peak,Winter,True,True,True,False,0.27,0.1753515525408817,0.13349809555581527,-0.04185345698506643
2018-02-20 18:00:00,93.8577421674387,0.806002733943032,0.0,0.1565525697221884,0.6494501642208437,18,Peak,Winter,True,True,True,False,0.47,0.3052415771837965,0.1334980893120623,-0.1717434878717342
2018-02-20 19:00:00,91.80860064819032,0.92574662798414,0.0,0.2762964612827309,0.6494501667014091,19,Peak,Winter,True,True,True,False,0.47,0.30524157834966226,0.1334980898219563,-0.17174348852770596
2018-02-20 20:00:00,88.82914632324096,1.0502023418005997,0.0,0.4007521709404562,0.6494501708601434,20,Peak,Winter,True,True,True,False,0.47,0.3052415803042674,0.13349809067680726,-0.17174348962746014
2018-02-20 21:00:00,84.53625449805605,1.2252386906997883,0.0,0.5757885087999743,0.649450181899814,21,Peak,Winter,True,True,True,False,0.47,0.3052415854929125,0.13349809294607287,-0.17174349254683965
2018-02-20 22:00:00,79.38271789310653,1.3389229234801303,0.0,0.6894727390196234,0.649450184460507,22,Off-Peak,Winter,True,True,True,False,0.27,0.1753515498043369,0.13349809347243752,-0.04185345633189938
2018-02-20 23:00:00,73.35697452772767,1.453360582629514,0.0,0.8039103826827952,0.6494501999467187,23,Off-Peak,Winter,True,True,True,False,0.27,0.17535155398561406,0.1334980966557144,-0.041853457329899646
2018-02-21 00:00:00,67.4746708733747,1.4323493101489948,0.0,0.7828991194879151,0.6494501906610797,0,Off-Peak,Winter,True,True,True,False,0.27,0.17535155147849152,0.1334980947469997,-0.04185345673149182
2018-02-21 01:00:00,62.66587423513491,1.2883733833947837,0.0,0.6389232100202854,0.6494501733744983,1,Off-Peak,Winter,True,True,True,False,0.27,0.17535154681111456,0.13349809119364686,-0.0418534556174677
2018-02-21 18:00:00,93.98526359995324,0.7885086600811829,0.0,0.1390584961830344,0.6494501638981485,18,Peak,Winter,True,True,True,False,0.47,0.3052415770321298,0.13349808924573053,-0.17174348778639925
2018-02-21 19:00:00,92.4470410775556,0.8569870859265417,0.0,0.2075369214966897,0.6494501644298519,19,Peak,Winter,True,True,True,False,0.47,0.3052415772820304,0.1334980893550251,-0.17174348792700528
2018-02-21 20:00:00,90.31884069573704,0.9360532654811192,0.0,0.2866030997475564,0.6494501657335627,20,Peak,Winter,True,True,True,False,0.47,0.30524157789477446,0.13349808962301013,-0.17174348827176433
2018-02-21 21:00:00,87.13774641914324,1.0768287417026283,0.0,0.4273785707377294,0.6494501709648989,21,Peak,Winter,True,True,True,False,0.47,0.30524158035350246,0.13349809069834032,-0.17174348965516215
2018-02-21 22:00:00,82.64560615120456,1.2513324792389051,0.0,0.6018822974548367,0.6494501817840684,22,Off-Peak,Winter,True,True,True,False,0.27,0.17535154908169848,0.13349809292228074,-0.04185345615941774
2018-02-21 23:00:00,77.40248032461156,1.3502412958208612,0.0,0.7007911120517365,0.6494501837691247,23,Off-Peak,Winter,True,True,True,False,0.27,0.17535154961766367,0.13349809333032006,-0.041853456287343604
2018-02-22 00:00:00,72.49201728226505,1.304648513966609,0.0,0.6551983413438262,0.6494501726227829,0,Off-Peak,Winter,True,True,True,False,0.27,0.17535154660815142,0.1334980910391276,-0.04185345556902381
2018-02-22 01:00:00,68.57860792918261,1.1710471074737128,0.0,0.5215969416862949,0.6494501657874179,1,Off-Peak,Winter,True,True,True,False,0.27,0.17535154476260284,0.13349808963408033,-0.04185345512852251
2018-02-22 02:00:00,65.16000348451205,1.1045109232688208,0.0,0.4550607571961714,0.6494501660726494,2,Off-Peak,Winter,True,True,True,False,0.27,0.17535154483961535,0.13349808969271126,-0.041853455146904084
2018-02-22 03:00:00,62.05088095983924,1.0627412137624357,0.0,0.4132910476803507,0.6494501660820851,3,Off-Peak,Winter,True,True,True,False,0.27,0.17535154484216298,0.1334980896946508,-0.04185345514751218
2018-02-22 18:00:00,92.94464606537576,0.9282018081621164,0.0,0.2787516375127002,0.6494501706494161,18,Peak,Winter,True,True,True,False,0.47,0.30524158020522557,0.13349809063349108,-0.1717434895717345
2018-02-22 19:00:00,90.19047706630316,1.0201526546313566,0.0,0.3707024848015326,0.6494501698298241,19,Peak,Winter,True,True,True,False,0.47,0.3052415798200173,0.1334980904650194,-0.17174348935499792
2018-02-22 20:00:00,85.91517398651631,1.223088665083158,0.0,0.5736384786618484,0.6494501864213097,20,Peak,Winter,True,True,True,False,0.47,0.30524158761801556,0.13349809387549144,-0.17174349374252412
2018-02-22 21:00:00,79.69211394008336,1.4814001621692838,0.0,0.8319499358511623,0.6494502263181215,21,Peak,Winter,True,True,True,False,0.47,0.30524160636951714,0.13349810207650276,-0.17174350429301438
2018-02-22 22:00:00,72.58095758209627,1.597057616147764,0.0,0.9476073839206102,0.6494502322271539,22,Off-Peak,Winter,True,True,True,False,0.27,0.17535156270133156,0.1334981032911372,-0.04185345941019436
2018-02-22 23:00:00,65.75276452635133,1.5568073010028889,0.0,0.9073570857583796,0.6494502152445093,23,Off-Peak,Winter,True,True,True,False,0.27,0.17535155811601752,0.13349809980026023,-0.04185345831575729
2018-02-23 18:00:00,94.09888427525355,0.77378525100984,0.0,0.124335087300674,0.6494501637091659,18,Peak,Winter,True,True,True,False,0.47,0.30524157694330795,0.1334980892068841,-0.17174348773642384
2018-02-23 19:00:00,92.75493360351577,0.8307846057927447,0.0,0.1813344417837544,0.6494501640089902,19,Peak,Winter,True,True,True,False,0.47,0.3052415770842254,0.13349808926851467,-0.17174348781571072
2018-02-23 20:00:00,90.30332570431054,0.9794416600750108,0.0,0.329991491475307,0.6494501685997037,20,Peak,Winter,True,True,True,False,0.47,0.30524157924186074,0.1334980902121613,-0.17174348902969944
2018-02-23 21:00:00,86.66294951183664,1.1381432622963643,0.0,0.4886930865154542,0.6494501757809101,21,Peak,Winter,True,True,True,False,0.47,0.3052415826170277,0.13349809168829818,-0.17174349092872954
2018-02-23 22:00:00,82.01645041963403,1.27161060953507,0.0,0.6221604286250091,0.649450180910061,22,Off-Peak,Winter,True,True,True,False,0.27,0.1753515488457165,0.13349809274262364,-0.04185345610309285
2018-02-23 23:00:00,76.72353274029908,1.3564736413892509,0.0,0.707023458003305,0.6494501833859458,23,Off-Peak,Winter,True,True,True,False,0.27,0.1753515495142054,0.13349809325155554,-0.04185345626264986
2018-02-24 00:00:00,71.29755313780528,1.37265024360447,0.0,0.7232000614587558,0.6494501821457143,0,Off-Peak,Winter,True,True,True,False,0.27,0.17535154917934287,0.13349809299661905,-0.04185345618272382
2018-02-24 01:00:00,66.00902286941879,1.3527555993811626,0.0,0.7033054164219863,0.6494501829591763,1,Off-Peak,Winter,True,True,True,False,0.27,0.17535154939897762,0.13349809316383068,-0.04185345623514694
2018-02-24 02:00:00,61.0356851523682,1.309299873692174,0.0,0.6598496899807688,0.6494501837114052,2,Off-Peak,Winter,True,True,True,False,0.27,0.1753515496020794,0.1334980933184555,-0.04185345628362391
2018-02-24 18:00:00,92.95999109344524,0.9267085486912836,0.0,0.2772583781400476,0.6494501705512359,18,Peak,Winter,True,True,True,False,0.47,0.30524158015908087,0.13349809061330958,-0.1717434895457713
2018-02-24 19:00:00,90.71413698873567,0.951813066245579,0.0,0.3023629003998831,0.6494501658456959,19,Peak,Winter,True,True,True,False,0.47,0.3052415779474771,0.13349808964605972,-0.17174348830141736
2018-02-24 20:00:00,87.62213938272288,1.06478338460087,0.0,0.4153332145657558,0.6494501700351143,20,Peak,Winter,True,True,True,False,0.47,0.3052415799165037,0.13349809050721792,-0.17174348940928577
2018-02-24 21:00:00,83.18136071838668,1.2443140622119095,0.0,0.594863880153597,0.6494501820583125,21,Peak,Winter,True,True,True,False,0.47,0.3052415855674069,0.13349809297865312,-0.17174349258875377
2018-02-24 22:00:00,78.20291966251206,1.3148463302279223,0.0,0.6653961514880352,0.6494501787398871,22,Off-Peak,Winter,True,True,True,False,0.27,0.17535154825976954,0.13349809229653234,-0.041853455963237196
2018-02-24 23:00:00,72.61826119938101,1.3940107032263405,0.0,0.7445605147780051,0.6494501884483354,23,Off-Peak,Winter,True,True,True,False,0.27,0.17535155088105056,0.13349809429215784,-0.04185345658889272
2018-02-25 00:00:00,67.40819938758335,1.3426814310461983,0.0,0.6932312528273546,0.6494501782188437,0,Off-Peak,Winter,True,True,True,False,0.27,0.1753515481190878,0.13349809218942896,-0.041853455929658834
2018-02-25 01:00:00,63.060612201568354,1.2269974414301568,0.0,0.5775472709985763,0.6494501704315805,1,Off-Peak,Winter,True,True,True,False,0.27,0.17535154601652675,0.13349809058871376,-0.04185345542781299
2018-02-25 18:00:00,67.42264183925282,0.8010284850338905,0.0,0.151578321552067,0.6494501634818235,18,Peak,Winter,True,True,True,False,0.47,0.30524157683645703,0.1334980891601526,-0.17174348767630443
2018-02-25 19:00:00,65.66988217640036,0.8829257870146194,0.0,0.2334756231025112,0.6494501639121082,19,Peak,Winter,True,True,True,False,0.47,0.3052415770386908,0.13349808924860002,-0.1717434877900908
2018-02-25 20:00:00,63.07968672734386,0.99387895544487,0.0,0.3444287891993763,0.6494501662454937,20,Peak,Winter,True,True,True,False,0.47,0.305241578135382,0.13349808972824034,-0.17174348840714165
2018-02-25 21:00:00,60.06863227965709,1.049105952220902,0.0,0.3996557842277164,0.6494501679931857,21,Peak,Winter,True,True,True,False,0.47,0.30524157895679727,0.13349809008748817,-0.1717434888693091
2018-02-26 18:00:00,93.99605430979965,0.8654776541062601,0.0,0.1387408411722153,0.7267368129340448,18,Peak,Winter,True,True,True,False,0.47,0.341566302079001,0.14938478932533142,-0.1921815127536696
2018-02-26 19:00:00,92.73487612354526,0.8968381956133988,0.0,0.1701013827873077,0.7267368128260911,19,Peak,Winter,True,True,True,False,0.47,0.3415663020282628,0.14938478930314095,-0.19218151272512188
2018-02-26 20:00:00,90.33736471036951,1.049331296893519,0.0,0.3225944795671037,0.7267368173264152,20,Peak,Winter,True,True,True,False,0.47,0.3415663041434151,0.14938479022820755,-0.19218151391520755
2018-02-26 21:00:00,86.2421880143342,1.2760104441566755,0.0,0.5492736099369762,0.7267368342196994,21,Peak,Winter,True,True,True,False,0.47,0.34156631208325866,0.14938479370071597,-0.1921815183825427
2018-02-26 22:00:00,81.1448057261537,1.4085867801405014,0.0,0.6818499443799034,0.726736835760598,22,Off-Peak,Winter,True,True,True,False,0.27,0.19621894565536147,0.14938479401745625,-0.04683415163790522
2018-02-26 23:00:00,75.21949978769425,1.517177457207287,0.0,0.7904406118735328,0.7267368453337542,23,Off-Peak,Winter,True,True,True,False,0.27,0.19621894824011363,0.14938479598527168,-0.04683415225484194
2018-02-27 00:00:00,69.4137645580765,1.499461658053769,0.0,0.7727248221193437,0.7267368359344253,0,Off-Peak,Winter,True,True,True,False,0.27,0.19621894570229484,0.14938479405318741,-0.046834151649107425
2018-02-27 01:00:00,64.4618460538871,1.3846429846599753,0.0,0.6579061610304154,0.7267368236295598,1,Off-Peak,Winter,True,True,True,False,0.27,0.19621894237998116,0.14938479152385395,-0.046834150856127216
2018-02-27 02:00:00,60.592218271473705,1.2401285754721751,0.0,0.5133917586018,0.7267368168703752,2,Off-Peak,Winter,True,True,True,False,0.27,0.1962189405550013,0.149384790134466,-0.04683415042053529
2018-02-27 18:00:00,90.07015814414885,0.7541580879877993,0.0,0.0274212755915083,0.726736812396291,18,Peak,Winter,True,True,True,False,0.47,0.34156630182625675,0.14938478921479315,-0.1921815126114636
2018-02-27 19:00:00,89.62571927417183,0.7865748890054594,0.0,0.059838076605746,0.7267368123997133,19,Peak,Winter,True,True,True,False,0.47,0.34156630182786524,0.1493847892154966,-0.19218151261236863
2018-02-27 20:00:00,88.14420493642979,0.9259225582918532,0.0,0.1991857452826657,0.7267368130091876,20,Peak,Winter,True,True,True,False,0.47,0.34156630211431815,0.14938478934077742,-0.19218151277354073
2018-02-27 21:00:00,85.7561788475432,1.0472624781538926,0.0,0.3205256636515134,0.7267368145023791,21,Peak,Winter,True,True,True,False,0.47,0.34156630281611816,0.14938478964771126,-0.1921815131684069
2018-02-27 22:00:00,82.36148471454537,1.1814700652815662,0.0,0.4547332471627575,0.7267368181188087,22,Off-Peak,Winter,True,True,True,False,0.27,0.19621894089207836,0.14938479039108846,-0.04683415050098991
2018-02-27 23:00:00,78.57789678158927,1.2327135824156676,0.0,0.5059767650315794,0.7267368173840882,23,Off-Peak,Winter,True,True,True,False,0.27,0.19621894069370382,0.14938479024006257,-0.046834150453641255
2018-02-28 00:00:00,74.74490142868349,1.2385570219341706,0.0,0.511820205417185,0.7267368165169856,0,Off-Peak,Winter,True,True,True,False,0.27,0.19621894045958613,0.1493847900618248,-0.046834150397761315
2018-02-28 01:00:00,70.97946187782077,1.228799797347106,0.0,0.5020629809757623,0.7267368163713438,1,Off-Peak,Winter,True,True,True,False,0.27,0.19621894042026283,0.14938479003188734,-0.04683415038837549
2018-02-28 02:00:00,68.0110724770957,1.1221979661504435,0.0,0.3954611529446405,0.726736813205803,2,Off-Peak,Winter,True,True,True,False,0.27,0.19621893956556682,0.14938478938119282,-0.04683415018437401
2018-02-28 03:00:00,65.05521370515399,1.1199953225928678,0.0,0.3932585079400612,0.7267368146528066,3,Off-Peak,Winter,True,True,True,False,0.27,0.1962189399562578,0.14938478967863245,-0.04683415027762536
2018-02-28 04:00:00,61.646154804681416,1.1793963992206535,0.0,0.4526595801431946,0.726736819077459,4,Off-Peak,Winter,True,True,True,False,0.27,0.19621894115091396,0.14938479058814436,-0.0468341505627696
2018-03-01 18:00:00,95.0000000000005,0.8427553608130195,0.0,0.0,0.8427553608130195,18,Peak,Spring,True,True,True,True,0.47,0.3960950195821191,0.1732330463893429,-0.22286197319277623
2018-03-01 19:00:00,95.0000000000005,0.8690587424113463,0.0,0.0,0.8690587424113463,19,Peak,Spring,True,True,True,True,0.47,0.4084576089333327,0.17863985260677673,-0.229817756326556
2018-03-01 20:00:00,95.0000000000005,0.9413591021278434,0.0,0.0,0.9413591021278434,20,Peak,Spring,True,True,True,True,0.47,0.44243877800008635,0.19350159321516777,-0.24893718478491858
2018-03-01 21:00:00,95.0000000000005,1.0424348828827896,0.0,0.0,1.0424348828827896,21,Peak,Spring,True,True,True,True,0.47,0.4899443949549111,0.2142782814814623,-0.2756661134734488
2018-03-01 22:00:00,94.2746276156932,1.2142634040862437,0.0,0.1005425441536459,1.1137208599325978,22,Off-Peak,Spring,True,True,True,False,0.27,0.30070463218180143,0.2289315100972562,-0.07177312208454523
2018-03-01 23:00:00,93.0488642786502,1.2790370187544189,0.0,0.1653161584548841,1.1137208602995348,23,Off-Peak,Spring,True,True,True,False,0.27,0.3007046322808744,0.22893151017268215,-0.07177312210819226
2018-03-02 00:00:00,91.86412400343178,1.273354704821244,0.0,0.159633844836779,1.1137208599844648,0,Off-Peak,Spring,True,True,True,False,0.27,0.3007046321958055,0.22893151010791774,-0.07177312208788778
2018-03-02 01:00:00,91.77396594711298,1.1258753469805902,0.0,0.0121544872068297,1.1137208597737605,1,Off-Peak,Spring,True,True,True,False,0.27,0.30070463213891535,0.22893151006460633,-0.07177312207430903
2018-03-02 02:00:00,92.30178207508706,1.0364535636161674,0.0,0.0,1.0364535636161674,2,Off-Peak,Spring,True,True,True,True,0.27,0.2798424621763652,0.21304878807665661,-0.0667936740997086
2018-03-02 03:00:00,93.2353900910078,0.9769122439554218,0.0,0.0,0.9769122439554218,3,Off-Peak,Spring,True,True,True,True,0.27,0.2637663058679639,0.20080973903528113,-0.06295656683268278
2018-03-02 04:00:00,94.35187151289674,0.9499251895546416,0.0,0.0,0.9499251895546416,4,Off-Peak,Spring,True,True,True,True,0.27,0.2564798011797532,0.19526240007512077,-0.061217401104632446
2018-03-02 05:00:00,94.84676366059212,1.041103734328111,0.0,0.0,1.041103734328111,5,Off-Peak,Spring,True,True,True,True,0.27,0.28109800826859,0.21400465650077838,-0.06709335176781162
2018-03-02 06:00:00,94.82772277610076,1.1162949726083964,0.0,0.0025741128349145,1.1137208597734818,6,Off-Peak,Spring,True,True,True,False,0.27,0.3007046321388401,0.228931510064549,-0.07177312207429107
2018-03-02 18:00:00,94.98554469226252,1.1157591168433505,0.0,0.002038257069883,1.1137208597734674,18,Peak,Spring,True,True,True,False,0.47,0.5234488040935297,0.22893151006454604,-0.29451729402898363
2018-03-02 19:00:00,94.8537269404131,1.1315404221219478,0.0,0.0178195623483378,1.11372085977361,19,Peak,Spring,True,True,True,False,0.47,0.5234488040935966,0.22893151006457535,-0.29451729402902127
2018-03-02 20:00:00,93.9896774143063,1.2303761624364302,0.0,0.1166553024220176,1.1137208600144126,20,Peak,Spring,True,True,True,False,0.47,0.5234488042067739,0.2289315101140737,-0.29451729409270017
2018-03-02 21:00:00,92.17461887033764,1.358257481486493,0.0,0.2445366192592865,1.1137208622272063,21,Peak,Spring,True,True,True,False,0.47,0.5234488052467869,0.22893151056892574,-0.2945172946778612
2018-03-02 22:00:00,89.41242225490933,1.4849693394865144,0.0,0.3712484734177144,1.1137208660688,22,Off-Peak,Spring,True,True,True,False,0.27,0.30070463383857604,0.22893151135858666,-0.07177312247998938
2018-03-02 23:00:00,86.44803225619617,1.5114740766360402,0.0,0.3977532135820511,1.113720863053989,23,Off-Peak,Spring,True,True,True,False,0.27,0.30070463302457706,0.2289315107388755,-0.07177312228570157
2018-03-03 00:00:00,83.4217380075206,1.5192236579749232,0.0,0.4055027960404325,1.1137208619344907,0,Off-Peak,Spring,True,True,True,False,0.27,0.3007046327223125,0.22893151050875643,-0.07177312221355608
2018-03-03 01:00:00,81.864680974865,1.322393197544034,0.0,0.2086723377609415,1.1137208597830923,1,Off-Peak,Spring,True,True,True,False,0.27,0.30070463214143495,0.22893151006652454,-0.0717731220749104
2018-03-03 02:00:00,81.35141864614108,1.182532394090272,0.0,0.0688115343128502,1.1137208597774215,2,Off-Peak,Spring,True,True,True,False,0.27,0.30070463213990384,0.22893151006535886,-0.07177312207454498
2018-03-03 03:00:00,81.41420707272358,1.1045837874240778,0.0,0.0,1.1045837874240778,3,Off-Peak,Spring,True,True,True,True,0.27,0.29823762260450104,0.227053334081616,-0.07118428852288505
2018-03-03 04:00:00,81.4660132812828,1.1061818299927364,0.0,0.0,1.1061818299927364,4,Off-Peak,Spring,True,True,True,True,0.27,0.2986690940980388,0.227381820609618,-0.07128727348842082
2018-03-03 05:00:00,80.41857510225644,1.2540557587098229,0.0,0.1403348988009765,1.1137208599088464,5,Off-Peak,Spring,True,True,True,False,0.27,0.30070463217538856,0.22893151009237397,-0.07177312208301459
2018-03-03 06:00:00,78.8159042426527,1.328248445996217,0.0,0.2145275859599588,1.113720860036258,6,Off-Peak,Spring,True,True,True,False,0.27,0.3007046322097897,0.22893151011856414,-0.07177312209122558
2018-03-03 18:00:00,94.00558732430405,1.2483859351932436,0.0,0.1346650749386548,1.1137208602545887,18,Peak,Spring,True,True,True,False,0.47,0.5234488043196567,0.22893151016344324,-0.2945172941562134
2018-03-03 19:00:00,93.00066296225437,1.249258282561316,0.0,0.1355374226314216,1.1137208599298944,19,Peak,Spring,True,True,True,False,0.47,0.5234488041670503,0.2289315100967005,-0.29451729407034977
2018-03-03 20:00:00,91.85325935648584,1.2683196840303368,0.0,0.1545988240335358,1.113720859996801,20,Peak,Spring,True,True,True,False,0.47,0.5234488041984964,0.22893151011045354,-0.29451729408804284
2018-03-03 21:00:00,89.92700203424769,1.372807574680031,0.0,0.2590867132122385,1.1137208614677925,21,Peak,Spring,True,True,True,False,0.47,0.5234488048898625,0.228931510412824,-0.29451729447703845
2018-03-03 22:00:00,86.78938441522098,1.5347327257599668,0.0,0.4210118585962209,1.113720867163746,22,Off-Peak,Spring,True,True,True,False,0.27,0.30070463413421145,0.22893151158365888,-0.07177312255055257
2018-03-03 23:00:00,83.28354315276566,1.5833135758630057,0.0,0.4695927113190227,1.113720864543983,23,Off-Peak,Spring,True,True,True,False,0.27,0.3007046334268754,0.22893151104515203,-0.0717731223817234
2018-03-04 00:00:00,79.80523194622056,1.5789943556348427,0.0,0.4652734930997422,1.1137208625351005,0,Off-Peak,Spring,True,True,True,False,0.27,0.30070463288447713,0.2289315106322151,-0.07177312225226204
2018-03-04 01:00:00,77.52467414010901,1.418714445229964,0.0,0.3049935854276612,1.1137208598023027,1,Off-Peak,Spring,True,True,True,False,0.27,0.30070463214662174,0.22893151007047333,-0.07177312207614842
2018-03-04 02:00:00,76.41643990247779,1.2619653589793591,0.0,0.1482444991990882,1.1137208597802708,2,Off-Peak,Spring,True,True,True,False,0.27,0.3007046321406731,0.22893151006594453,-0.07177312207472858
2018-03-04 03:00:00,75.7162986066204,1.2073722335819483,0.0,0.0936513738083823,1.113720859773566,3,Off-Peak,Spring,True,True,True,False,0.27,0.30070463213886284,0.2289315100645663,-0.07177312207429654
2018-03-04 04:00:00,75.06281149156092,1.2011120374357658,0.0,0.0873911776600842,1.1137208597756816,4,Off-Peak,Spring,True,True,True,False,0.27,0.30070463213943405,0.2289315100650012,-0.07177312207443284
2018-03-04 05:00:00,73.44270916166307,1.3301259620849142,0.0,0.2164051018616,1.1137208602233142,5,Off-Peak,Spring,True,True,True,False,0.27,0.30070463226029487,0.22893151015701457,-0.0717731221032803
2018-03-04 06:00:00,70.98250029969486,1.4418652480239702,0.0,0.3281443865795559,1.1137208614444143,6,Off-Peak,Spring,True,True,True,False,0.27,0.30070463258999186,0.22893151040801848,-0.07177312218197338
2018-03-04 18:00:00,95.0000000789575,0.7752870418710547,0.0,0.0,0.7752870418710547,18,Peak,Spring,True,True,True,True,0.47,0.3643849096793957,0.1593645586068279,-0.20502035107256777
2018-03-04 19:00:00,95.0000000789575,0.8534088051698958,0.0,0.0,0.8534088051698958,19,Peak,Spring,True,True,True,True,0.47,0.401102138429851,0.17542292106270083,-0.22567921736715016
2018-03-04 20:00:00,95.0000000789575,0.8960046857775629,0.0,0.0,0.8960046857775629,20,Peak,Spring,True,True,True,True,0.47,0.42112220231545455,0.18417874096538792,-0.23694346135006664
2018-03-04 21:00:00,95.0000000789575,0.991450701918364,0.0,0.0,0.991450701918364,21,Peak,Spring,True,True,True,True,0.47,0.46598182990163106,0.2037981998387748,-0.2621836300628563
2018-03-04 22:00:00,94.96932798295072,1.1186293435587071,0.0,0.0049084837852301,1.1137208597734771,22,Off-Peak,Spring,True,True,True,False,0.27,0.30070463213883886,0.22893151006454807,-0.07177312207429079
2018-03-04 23:00:00,94.24527248250897,1.2114986448757614,0.0,0.0977777849689728,1.1137208599067887,23,Off-Peak,Spring,True,True,True,False,0.27,0.30070463217483295,0.228931510091951,-0.07177312208288195
2018-03-05 00:00:00,93.4238109604585,1.2245599889112948,0.0,0.1108391290478184,1.1137208598634762,0,Off-Peak,Spring,True,True,True,False,0.27,0.3007046321631386,0.22893151008304788,-0.0717731220800907
2018-03-05 01:00:00,93.4138635281838,1.1150636410286143,0.0,0.0,1.1150636410286143,1,Off-Peak,Spring,True,True,True,True,0.27,0.3010671830777259,0.2292075262114374,-0.07185965686628851
2018-03-05 02:00:00,93.91119792112576,1.040821875870081,0.0,0.0,1.040821875870081,2,Off-Peak,Spring,True,True,True,True,0.27,0.28102190648492187,0.21394671892884995,-0.06707518755607192
2018-03-05 03:00:00,94.52637860201816,1.023486945876975,0.0,0.0,1.023486945876975,3,Off-Peak,Spring,True,True,True,True,0.27,0.2763414753867833,0.21038342776360044,-0.06595804762318283
2018-03-05 04:00:00,94.91174904688758,1.05717917351763,0.0,0.0,1.05717917351763,4,Off-Peak,Spring,True,True,True,True,0.27,0.2854383768497601,0.21730905233417946,-0.06812932451558062
2018-03-05 05:00:00,93.95607598184654,1.2427237455881568,0.0,0.1290028852884673,1.1137208602996895,5,Off-Peak,Spring,True,True,True,False,0.27,0.3007046322809162,0.22893151017271393,-0.07177312210820228
2018-03-05 06:00:00,91.75804612332166,1.4096701714086577,0.0,0.2959493065301786,1.113720864878479,6,Off-Peak,Spring,True,True,True,False,0.27,0.3007046335171894,0.22893151111390958,-0.07177312240327982
2018-03-05 18:00:00,95.00028726327588,0.6839538478354041,0.0,0.0,0.6839538478354041,18,Peak,Spring,True,True,True,True,0.47,0.32145830848263995,0.14059051316616641,-0.18086779531647354
2018-03-05 19:00:00,95.00028726327588,0.7558965416414272,0.0,0.0,0.7558965416414272,19,Peak,Spring,True,True,True,True,0.47,0.35527137457147073,0.15537873355962667,-0.19989264101184406
2018-03-05 20:00:00,95.00028726327588,0.8034274896577639,0.0,0.0,0.8034274896577639,20,Peak,Spring,True,True,True,True,0.47,0.377610920139149,0.165148983985207,-0.212461936153942
2018-03-05 21:00:00,95.00028726327588,0.8929994919823916,0.0,0.0,0.8929994919823916,21,Peak,Spring,True,True,True,True,0.47,0.41970976123172404,0.1835610066852694,-0.23614875454645465
2018-03-05 22:00:00,95.00028726327588,0.9621408216431382,0.0,0.0,0.9621408216431382,22,Off-Peak,Spring,True,True,True,True,0.27,0.25977802184364734,0.19777339111553394,-0.06200463072811341
2018-03-05 23:00:00,95.00028726327588,0.977541325213208,0.0,0.0,0.977541325213208,23,Off-Peak,Spring,True,True,True,True,0.27,0.2639361578075662,0.20093905018271496,-0.06299710762485122
2018-03-06 00:00:00,95.00028726327588,0.9395772002795448,0.0,0.0,0.9395772002795448,0,Off-Peak,Spring,True,True,True,True,0.27,0.2536858440754771,0.19313531339079532,-0.0605505306846818
2018-03-06 01:00:00,95.00028726327588,0.801054477751494,0.0,0.0,0.801054477751494,1,Off-Peak,Spring,True,True,True,True,0.27,0.2162847089929034,0.16466119820447375,-0.05162351078842964
2018-03-06 02:00:00,95.00028726327588,0.7184537603169896,0.0,0.0,0.7184537603169896,2,Off-Peak,Spring,True,True,True,True,0.27,0.19398251528558721,0.14768216184293673,-0.04630035344265049
2018-03-06 03:00:00,95.00028726327588,0.750805461035712,0.0,0.0,0.750805461035712,3,Off-Peak,Spring,True,True,True,True,0.27,0.20271747447964225,0.1543322336573408,-0.048385240822301445
2018-03-06 04:00:00,95.00028726327588,0.7715652423917909,0.0,0.0,0.7715652423917909,4,Off-Peak,Spring,True,True,True,True,0.27,0.20832261544578357,0.15859952204720146,-0.04972309339858211
2018-03-06 05:00:00,95.00028726327588,0.875545960359505,0.0,0.0,0.875545960359505,5,Off-Peak,Spring,True,True,True,True,0.27,0.23639740929706637,0.17997333629612047,-0.0564240730009459
2018-03-06 06:00:00,95.00028726327588,0.96696471546306,0.0,0.0,0.96696471546306,6,Off-Peak,Spring,True,True,True,True,0.27,0.2610804731750262,0.198764969289629,-0.062315503885397194
2018-03-06 18:00:00,95.00028726327588,0.7006092173958349,0.0,0.0,0.7006092173958349,18,Peak,Spring,True,True,True,True,0.47,0.3292863321760424,0.14401411690914384,-0.18527221526689858
2018-03-06 19:00:00,95.00028726327588,0.7439367589247128,0.0,0.0,0.7439367589247128,19,Peak,Spring,True,True,True,True,0.47,0.349650276694615,0.15292033377896871,-0.1967299429156463
2018-03-06 20:00:00,95.00028726327588,0.8500459752241145,0.0,0.0,0.8500459752241145,20,Peak,Spring,True,True,True,True,0.47,0.3995216083553338,0.17473167268495687,-0.22478993567037692
2018-03-06 21:00:00,95.00028726327588,0.8876162787416995,0.0,0.0,0.8876162787416995,21,Peak,Spring,True,True,True,True,0.47,0.4171796510085987,0.18245445729690488,-0.23472519371169384
2018-03-06 22:00:00,95.00028726327588,0.948211272979668,0.0,0.0,0.948211272979668,22,Off-Peak,Spring,True,True,True,True,0.27,0.2560170437045104,0.19491009500137618,-0.06110694870313421
2018-03-06 23:00:00,95.00028726327588,0.959631260891914,0.0,0.0,0.959631260891914,23,Off-Peak,Spring,True,True,True,True,0.27,0.2591004404408168,0.19725753696111564,-0.06184290347970117
2018-03-07 00:00:00,95.00028726327588,0.8922975091481411,0.0,0.0,0.8922975091481411,0,Off-Peak,Spring,True,True,True,True,0.27,0.2409203274699981,0.18341671021378456,-0.05750361725621356
2018-03-07 01:00:00,95.00028726327588,0.7471813233098292,0.0,0.0,0.7471813233098292,1,Off-Peak,Spring,True,True,True,True,0.27,0.2017389572936539,0.15358727201368713,-0.04815168527996677
2018-03-07 02:00:00,95.00028726327588,0.5980569589439819,0.0,0.0,0.5980569589439819,2,Off-Peak,Spring,True,True,True,True,0.27,0.16147537891487512,0.12293393044959627,-0.03854144846527885
2018-03-07 03:00:00,95.00028726327588,0.5670939557470946,0.0,0.0,0.5670939557470946,3,Off-Peak,Spring,True,True,True,True,0.27,0.15311536805171558,0.11656931312579168,-0.0365460549259239
2018-03-07 04:00:00,95.00028726327588,0.5776552220891886,0.0,0.0,0.5776552220891886,4,Off-Peak,Spring,True,True,True,True,0.27,0.15596690996408094,0.11874024009611099,-0.03722666986796995
2018-03-07 05:00:00,95.00028726327588,0.6507734394360315,0.0,0.0,0.6507734394360315,5,Off-Peak,Spring,True,True,True,True,0.27,0.17570882864772852,0.13377009588407313,-0.041938732763655395
2018-03-07 06:00:00,95.00028726327588,0.7062873034770415,0.0,0.0,0.7062873034770415,6,Off-Peak,Spring,True,True,True,True,0.27,0.1906975719388012,0.14518127904805853,-0.04551629289074269
2018-03-07 17:00:00,95.00028726327588,0.6603979689297566,0.0,0.0,0.6603979689297566,17,Peak,Spring,True,True,True,True,0.47,0.3103870453969856,0.13574847139111662,-0.17463857400586896
2018-03-07 18:00:00,95.00028726327588,0.667542247816163,0.0,0.0,0.667542247816163,18,Peak,Spring,True,True,True,True,0.47,0.31374485647359657,0.13721701760665572,-0.17652783886694084
2018-03-07 19:00:00,95.00028726327588,0.7549156787449343,0.0,0.0,0.7549156787449343,19,Peak,Spring,True,True,True,True,0.47,0.3548103690101191,0.15517711174201426,-0.19963325726810482
2018-03-07 20:00:00,95.00028726327588,0.8063071881632029,0.0,0.0,0.8063071881632029,20,Peak,Spring,True,True,True,True,0.47,0.37896437843670533,0.16574092201132504,-0.2132234564253803
2018-03-07 21:00:00,95.00028726327588,0.8819093810489013,0.0,0.0,0.8819093810489013,21,Peak,Spring,True,True,True,True,0.47,0.41449740909298355,0.18128137277116302,-0.23321603632182053
2018-03-07 22:00:00,95.00028726327588,0.8996316978612034,0.0,0.0,0.8996316978612034,22,Off-Peak,Spring,True,True,True,True,0.27,0.24290055842252495,0.18492429344924738,-0.05797626497327757
2018-03-07 23:00:00,95.00028726327588,0.911689869729462,0.0,0.0,0.911689869729462,23,Off-Peak,Spring,True,True,True,True,0.27,0.24615626482695474,0.18740291766661163,-0.05875334716034311
2018-03-08 00:00:00,95.00028726327588,0.8635746994857176,0.0,0.0,0.8635746994857176,0,Off-Peak,Spring,True,True,True,True,0.27,0.23316516886114377,0.17751257711650864,-0.05565259174463513
2018-03-08 01:00:00,95.00028726327588,0.6817275267161751,0.0,0.0,0.6817275267161751,1,Off-Peak,Spring,True,True,True,True,0.27,0.1840664322133673,0.1401328804916582,-0.043933551721709097
2018-03-08 02:00:00,95.00028726327588,0.5451002585138989,0.0,0.0,0.5451002585138989,2,Off-Peak,Spring,True,True,True,True,0.27,0.1471770697987527,0.11204838647230143,-0.03512868332645126
2018-03-08 03:00:00,95.00028726327588,0.4762358261405906,0.0,0.0,0.4762358261405906,3,Off-Peak,Spring,True,True,True,True,0.27,0.12858367305795948,0.09789291981778807,-0.03069075324017141
2018-03-08 04:00:00,95.00028726327588,0.4579452003433879,0.0,0.0,0.4579452003433879,4,Off-Peak,Spring,True,True,True,True,0.27,0.12364520409271475,0.09413318007058528,-0.029512024022129463
2018-03-08 05:00:00,95.00028726327588,0.4900688318373818,0.0,0.0,0.4900688318373818,5,Off-Peak,Spring,True,True,True,True,0.27,0.1323185845960931,0.10073637098879515,-0.03158221360729796
2018-03-08 06:00:00,95.00028726327588,0.547933203086413,0.0,0.0,0.547933203086413,6,Off-Peak,Spring,True,True,True,True,0.27,0.14794196483333152,0.11263071396776267,-0.035311250865568855
2018-03-08 18:00:00,95.00028726327588,0.6517055024841104,0.0,0.0,0.6517055024841104,18,Peak,Spring,True,True,True,True,0.47,0.3063015861675319,0.1339616866217338,-0.1723398995457981
2018-03-08 19:00:00,95.00028726327588,0.7167399946077551,0.0,0.0,0.7167399946077551,19,Peak,Spring,True,True,True,True,0.47,0.3368677974656449,0.14732988778048298,-0.1895379096851619
2018-03-08 20:00:00,95.00028726327588,0.7999387776256398,0.0,0.0,0.7999387776256398,20,Peak,Spring,True,True,True,True,0.47,0.3759712254840507,0.1644318598452704,-0.2115393656387803
2018-03-08 21:00:00,95.00028726327588,0.9038258710007588,0.0,0.0,0.9038258710007588,21,Peak,Spring,True,True,True,True,0.47,0.42479815937035664,0.18578642903904488,-0.23901173033131176
2018-03-08 22:00:00,95.00028726327588,0.9630226466207936,0.0,0.0,0.9630226466207936,22,Off-Peak,Spring,True,True,True,True,0.27,0.2600161145876143,0.19795465513871868,-0.06206145944889563
2018-03-08 23:00:00,95.00028726327588,0.9392997898310756,0.0,0.0,0.9392997898310756,23,Off-Peak,Spring,True,True,True,True,0.27,0.25361094325439043,0.19307829013194333,-0.0605326531224471
2018-03-09 00:00:00,95.00028726327588,0.9536378096825212,0.0,0.0,0.9536378096825212,0,Off-Peak,Spring,True,True,True,True,0.27,0.2574822086142807,0.1960255497680738,-0.061456658846206935
2018-03-09 01:00:00,95.00028726327588,0.7618568286132453,0.0,0.0,0.7618568286132453,1,Off-Peak,Spring,True,True,True,True,0.27,0.20570134372557625,0.15660390365938934,-0.04909744006618691
2018-03-09 02:00:00,95.00028726327588,0.6403008609002645,0.0,0.0,0.6403008609002645,2,Off-Peak,Spring,True,True,True,True,0.27,0.17288123244307144,0.13161739918505436,-0.04126383325801708
2018-03-09 03:00:00,95.00028726327588,0.5909504137262177,0.0,0.0,0.5909504137262177,3,Off-Peak,Spring,True,True,True,True,0.27,0.1595566117060788,0.12147314059927808,-0.038083471106800715
2018-03-09 04:00:00,95.00028726327588,0.6079286357831017,0.0,0.0,0.6079286357831017,4,Off-Peak,Spring,True,True,True,True,0.27,0.16414073166143747,0.12496310846652647,-0.039177623194911
2018-03-09 05:00:00,95.00028726327588,0.6868543849566134,0.0,0.0,0.6868543849566134,5,Off-Peak,Spring,True,True,True,True,0.27,0.18545068393828565,0.1411867346855261,-0.04426394925275956
2018-03-09 06:00:00,95.00028726327588,0.7446082586280263,0.0,0.0,0.7446082586280263,6,Off-Peak,Spring,True,True,True,True,0.27,0.2010442298295671,0.15305836427353872,-0.04798586555602838
2018-03-09 18:00:00,95.00028726327588,0.7137751347372293,0.0,0.0,0.7137751347372293,18,Peak,Spring,True,True,True,True,0.47,0.33547431332649774,0.1467204443626527,-0.18875386896384505
2018-03-09 19:00:00,95.00028726327588,0.7711236339270008,0.0,0.0,0.7711236339270008,19,Peak,Spring,True,True,True,True,0.47,0.36242810794569036,0.1585087469738835,-0.20391936097180685
2018-03-09 20:00:00,95.00028726327588,0.8257222260239353,0.0,0.0,0.8257222260239353,20,Peak,Spring,True,True,True,True,0.47,0.3880894462312496,0.16973179090492005,-0.21835765532632953
2018-03-09 21:00:00,95.00028726327588,0.9291227078974564,0.0,0.0,0.9291227078974564,21,Peak,Spring,True,True,True,True,0.47,0.4366876727118045,0.1909863344011438,-0.24570133831066068
2018-03-09 22:00:00,95.00028726327588,0.9733546788828652,0.0,0.0,0.9733546788828652,22,Off-Peak,Spring,True,True,True,True,0.27,0.26280576329837363,0.20007846177036673,-0.0627273015280069
2018-03-09 23:00:00,95.00028726327588,1.0111793564002838,0.0,0.0,1.0111793564002838,23,Off-Peak,Spring,True,True,True,True,0.27,0.27301842622807665,0.20785353437116943,-0.06516489185690721
2018-03-10 00:00:00,95.00028726327588,1.0107239080164805,0.0,0.0,1.0107239080164805,0,Off-Peak,Spring,True,True,True,True,0.27,0.27289545516444974,0.20775991442560987,-0.06513554073883987
2018-03-10 01:00:00,95.00028726327588,0.8368381580124313,0.0,0.0,0.8368381580124313,1,Off-Peak,Spring,True,True,True,True,0.27,0.22594630266335647,0.1720167324803331,-0.053929570183023356
2018-03-10 02:00:00,95.00028726327588,0.6705493180202994,0.0,0.0,0.6705493180202994,2,Off-Peak,Spring,True,True,True,True,0.27,0.18104831586548084,0.13783513759306154,-0.0432131782724193
2018-03-10 03:00:00,95.00028726327588,0.627923162282293,0.0,0.0,0.627923162282293,3,Off-Peak,Spring,True,True,True,True,0.27,0.1695392538162191,0.12907309446913798,-0.040466159347081115
2018-03-10 04:00:00,95.00028726327588,0.6292818655541784,0.0,0.0,0.6292818655541784,4,Off-Peak,Spring,True,True,True,True,0.27,0.1699061036996282,0.12935238347502556,-0.04055372022460263
2018-03-10 05:00:00,95.00028726327588,0.6952126140922876,0.0,0.0,0.6952126140922876,5,Off-Peak,Spring,True,True,True,True,0.27,0.18770740580491768,0.14290481511897024,-0.04480259068594744
2018-03-10 06:00:00,95.00028726327588,0.7303684738301647,0.0,0.0,0.7303684738301647,6,Off-Peak,Spring,True,True,True,True,0.27,0.19719948793414446,0.1501312973984227,-0.047068190535721754
2018-03-10 18:00:00,95.00028726327588,1.0084020971813037,0.0,0.0,1.0084020971813037,18,Peak,Spring,True,True,True,True,0.47,0.4739489856752127,0.2072826533094902,-0.2666663323657225
2018-03-10 19:00:00,95.00028726327588,1.0304449331915329,0.0,0.0,1.0304449331915329,19,Peak,Spring,True,True,True,True,0.47,0.4843091186000204,0.21181368071159284,-0.27249543788842756
2018-03-10 20:00:00,95.00028726327588,1.0357321901263057,0.0,0.0,1.0357321901263057,20,Peak,Spring,True,True,True,True,0.47,0.48679412935936367,0.21290050574818506,-0.27389362361117864
2018-03-10 21:00:00,95.00028726327588,1.0334064789420396,0.0,0.0,1.0334064789420396,21,Peak,Spring,True,True,True,True,0.47,0.4857010451027586,0.21242244289364146,-0.27327860220911715
2018-03-10 22:00:00,95.00028726327588,1.1102090776048166,0.0,0.0,1.1102090776048166,22,Off-Peak,Spring,True,True,True,True,0.27,0.2997564509533005,0.22820964372987895,-0.07154680722342155
2018-03-10 23:00:00,94.49639537938606,1.1818994809581356,0.0,0.0681786211497858,1.1137208598083497,23,Off-Peak,Spring,True,True,True,False,0.27,0.30070463214825444,0.2289315100717163,-0.07177312207653813
2018-03-11 00:00:00,94.14781692787072,1.160798078805683,0.0,0.0470772190307261,1.1137208597749568,0,Off-Peak,Spring,True,True,True,False,0.27,0.30070463213923837,0.22893151006485224,-0.07177312207438613
2018-03-11 01:00:00,94.73660202365431,1.0273417855873808,0.0,0.0,1.0273417855873808,1,Off-Peak,Spring,True,True,True,True,0.27,0.27738228210859284,0.2111758114818505,-0.06620647062674234
2018-03-11 02:00:00,95.00000000000104,0.881323921374185,0.0,0.0,0.881323921374185,2,Off-Peak,Spring,True,True,True,True,0.27,0.23795745877102997,0.18116102828247135,-0.05679643048855862
2018-03-11 03:00:00,95.00000000000104,0.8086716539630957,0.0,0.0,0.8086716539630957,3,Off-Peak,Spring,True,True,True,True,0.27,0.21834134657003584,0.16622695109241412,-0.05211439547762173
2018-03-11 04:00:00,95.00000000000104,0.9014924457289876,0.0,0.0,0.9014924457289876,4,Off-Peak,Spring,True,True,True,True,0.27,0.24340296034682665,0.18530678051095853,-0.05809617983586812
2018-03-11 05:00:00,95.00000000000104,1.0101974153601383,0.0,0.0,1.0101974153601383,5,Off-Peak,Spring,True,True,True,True,0.27,0.27275330214723736,0.20765169093513952,-0.06510161121209784
2018-03-11 06:00:00,94.89915668892397,1.12737465321706,0.0,0.0136537934435022,1.113720859773558,6,Off-Peak,Spring,True,True,True,False,0.27,0.3007046321388607,0.2289315100645647,-0.07177312207429598
2018-03-11 18:00:00,95.0000000000012,0.7730747457666249,0.0,0.0,0.7730747457666249,18,Peak,Spring,True,True,True,True,0.47,0.3633451305103137,0.15890980885202846,-0.20443532165828524
2018-03-11 19:00:00,95.0000000000012,0.8738770953479441,0.0,0.0,0.8738770953479441,19,Peak,Spring,True,True,True,True,0.47,0.4107222348135337,0.17963029182152182,-0.23109194299201188
2018-03-11 20:00:00,95.0000000000012,0.9268498157241724,0.0,0.0,0.9268498157241724,20,Peak,Spring,True,True,True,True,0.47,0.435619413390361,0.19051912878774652,-0.24510028460261446
2018-03-11 21:00:00,95.0000000000012,0.9475699272243734,0.0,0.0,0.9475699272243734,21,Peak,Spring,True,True,True,True,0.47,0.44535786579545544,0.1947782628183434,-0.250579602977112
2018-03-11 22:00:00,95.0000000000012,0.960947748476816,0.0,0.0,0.960947748476816,22,Off-Peak,Spring,True,True,True,True,0.27,0.2594558920887403,0.19752814829801216,-0.06192774379072816
2018-03-11 23:00:00,95.0000000000012,0.8820237523441685,0.0,0.0,0.8820237523441685,23,Off-Peak,Spring,True,True,True,True,0.27,0.2381464131329255,0.1813048824263013,-0.056841530706624205
2018-03-12 00:00:00,95.0000000000012,0.7028972165617715,0.0,0.0,0.7028972165617715,0,Off-Peak,Spring,True,True,True,True,0.27,0.18978224847167832,0.14448442784880858,-0.045297820622869744
2018-03-12 01:00:00,95.0000000000012,0.5459665478500515,0.0,0.0,0.5459665478500515,1,Off-Peak,Spring,True,True,True,True,0.27,0.1474109679195139,0.11222645705806614,-0.035184510861447776
2018-03-12 02:00:00,95.0000000000012,0.5004657533085382,0.0,0.0,0.5004657533085382,2,Off-Peak,Spring,True,True,True,True,0.27,0.13512575339330532,0.10287351595786617,-0.032252237435439146
2018-03-12 03:00:00,95.0000000000012,0.4979273298582538,0.0,0.0,0.4979273298582538,3,Off-Peak,Spring,True,True,True,True,0.27,0.13444037906172854,0.10235172891530771,-0.03208865014642083
2018-03-12 04:00:00,95.0000000000012,0.5659535031481568,0.0,0.0,0.5659535031481568,4,Off-Peak,Spring,True,True,True,True,0.27,0.15280744585000236,0.11633488675823223,-0.036472559091770135
2018-03-12 05:00:00,95.0000000000012,0.5987306490693269,0.0,0.0,0.5987306490693269,5,Off-Peak,Spring,True,True,True,True,0.27,0.16165727524871829,0.12307241119758386,-0.038584864051134427
2018-03-12 06:00:00,95.0000000000012,0.6731482431574658,0.0,0.0,0.6731482431574658,6,Off-Peak,Spring,True,True,True,True,0.27,0.18175002565251577,0.13836936109347908,-0.04338066455903669
2018-03-12 18:00:00,95.0000000000012,0.7458910316082501,0.0,0.0,0.7458910316082501,18,Peak,Spring,True,True,True,True,0.47,0.3505687848558775,0.1533220453861403,-0.1972467394697372
2018-03-12 19:00:00,95.0000000000012,0.8007675876029536,0.0,0.0,0.8007675876029536,19,Peak,Spring,True,True,True,True,0.47,0.3763607661733882,0.16460222634060714,-0.21175853983278106
2018-03-12 20:00:00,95.0000000000012,0.865499123903939,0.0,0.0,0.865499123903939,20,Peak,Spring,True,True,True,True,0.47,0.4067845882348513,0.17790815324692077,-0.22887643498793053
2018-03-12 21:00:00,95.0000000000012,0.9285708090918066,0.0,0.0,0.9285708090918066,21,Peak,Spring,True,True,True,True,0.47,0.43642828027314906,0.190872888535538,-0.24555539173761107
2018-03-12 22:00:00,95.0000000000012,0.9822449630523638,0.0,0.0,0.9822449630523638,22,Off-Peak,Spring,True,True,True,True,0.27,0.2652061400241382,0.20190590907187475,-0.06330023095226348
2018-03-12 23:00:00,95.0000000000012,0.924861735201366,0.0,0.0,0.924861735201366,23,Off-Peak,Spring,True,True,True,True,0.27,0.24971266850436885,0.1901104677913919,-0.05960220071297695
2018-03-13 00:00:00,95.0000000000012,0.6884605755267673,0.0,0.0,0.6884605755267673,0,Off-Peak,Spring,True,True,True,True,0.27,0.1858843553922272,0.14151689608050216,-0.04436745931172503
2018-03-13 01:00:00,95.0000000000012,0.529895960184954,0.0,0.0,0.529895960184954,1,Off-Peak,Spring,True,True,True,True,0.27,0.1430719092499376,0.10892305848246275,-0.03414885076747484
2018-03-13 02:00:00,95.0000000000012,0.4724593460856957,0.0,0.0,0.4724593460856957,2,Off-Peak,Spring,True,True,True,True,0.27,0.12756402344313783,0.09711664336205966,-0.030447380081078168
2018-03-13 03:00:00,95.0000000000012,0.4546282408576031,0.0,0.0,0.4546282408576031,3,Off-Peak,Spring,True,True,True,True,0.27,0.12274962503155284,0.09345136062072952,-0.029298264410823324
2018-03-13 04:00:00,95.0000000000012,0.4674949007188962,0.0,0.0,0.4674949007188962,4,Off-Peak,Spring,True,True,True,True,0.27,0.126223623194102,0.096096174036662,-0.030127449157439992
2018-03-13 05:00:00,95.0000000000012,0.4828451893804684,0.0,0.0,0.4828451893804684,5,Off-Peak,Spring,True,True,True,True,0.27,0.13036820113272649,0.0992515111504296,-0.031116689982296886
2018-03-13 06:00:00,95.0000000000012,0.5217160181528773,0.0,0.0,0.5217160181528773,6,Off-Peak,Spring,True,True,True,True,0.27,0.14086332490127687,0.10724162595364699,-0.03362169894762988
2018-03-13 18:00:00,95.0000000000012,0.8457018989764347,0.0,0.0,0.8457018989764347,18,Peak,Spring,True,True,True,True,0.47,0.3974798925189243,0.17383872367848935,-0.22364116884043495
2018-03-13 19:00:00,95.0000000000012,0.8851407795399056,0.0,0.0,0.8851407795399056,19,Peak,Spring,True,True,True,True,0.47,0.4160161663837556,0.18194560468320278,-0.23407056170055282
2018-03-13 20:00:00,95.0000000000012,0.960050716537162,0.0,0.0,0.960050716537162,20,Peak,Spring,True,True,True,True,0.47,0.45122383677246614,0.1973437583993055,-0.2538800783731606
2018-03-13 21:00:00,95.0000000000012,1.041514661815208,0.0,0.0,1.041514661815208,21,Peak,Spring,True,True,True,True,0.47,0.48951189105314774,0.21408912492868165,-0.2754227661244661
2018-03-13 22:00:00,95.0000000000012,1.0483243954070811,0.0,0.0,1.0483243954070811,22,Off-Peak,Spring,True,True,True,True,0.27,0.28304758675991193,0.21548890350034444,-0.06755868325956749
2018-03-13 23:00:00,95.0000000000012,1.023421339412679,0.0,0.0,1.023421339412679,23,Off-Peak,Spring,True,True,True,True,0.27,0.27632376164142336,0.210369941990384,-0.06595381965103936
2018-03-14 00:00:00,95.0000000000012,0.8785775610273657,0.0,0.0,0.8785775610273657,0,Off-Peak,Spring,True,True,True,True,0.27,0.23721594147738875,0.1805964986556252,-0.056619442821763566
2018-03-14 01:00:00,95.0000000000012,0.7522244667346947,0.0,0.0,0.7522244667346947,1,Off-Peak,Spring,True,True,True,True,0.27,0.20310060601836757,0.1546239181621317,-0.04847668785623588
2018-03-14 02:00:00,95.0000000000012,0.6954850762457085,0.0,0.0,0.6954850762457085,2,Off-Peak,Spring,True,True,True,True,0.27,0.18778097058634133,0.14296082122828455,-0.04482014935805678
2018-03-14 03:00:00,95.0000000000012,0.6963693275106737,0.0,0.0,0.6963693275106737,3,Off-Peak,Spring,True,True,True,True,0.27,0.18801971842788193,0.14314258398830515,-0.04487713443957678
2018-03-14 04:00:00,95.0000000000012,0.7936536247758303,0.0,0.0,0.7936536247758303,4,Off-Peak,Spring,True,True,True,True,0.27,0.2142864786894742,0.16313991175947623,-0.05114656692999797
2018-03-14 05:00:00,95.0000000000012,0.8693960169083885,0.0,0.0,0.8693960169083885,5,Off-Peak,Spring,True,True,True,True,0.27,0.2347369245652649,0.17870918125339097,-0.056027743311873934
2018-03-14 06:00:00,95.0000000000012,0.9397807992269128,0.0,0.0,0.9397807992269128,6,Off-Peak,Spring,True,True,True,True,0.27,0.2537408157912665,0.19317716428553208,-0.06056365150573442
2018-03-14 18:00:00,95.0000000000012,0.7874348990207451,0.0,0.0,0.7874348990207451,18,Peak,Spring,True,True,True,True,0.47,0.3700944025397502,0.16186161813204206,-0.20823278440770812
2018-03-14 19:00:00,95.0000000000012,0.8372146197751963,0.0,0.0,0.8372146197751963,19,Peak,Spring,True,True,True,True,0.47,0.39349087129434224,0.17209411628712368,-0.22139675500721856
2018-03-14 20:00:00,95.0000000000012,0.9332317654343372,0.0,0.0,0.9332317654343372,20,Peak,Spring,True,True,True,True,0.47,0.43861892975413846,0.1918309740059471,-0.24678795574819137
2018-03-14 21:00:00,95.0000000000012,1.0653498338875051,0.0,0.0,1.0653498338875051,21,Peak,Spring,True,True,True,True,0.47,0.5007144219271273,0.21898857696576493,-0.28172584496136244
2018-03-14 22:00:00,95.0000000000012,1.0841242941516434,0.0,0.0,1.0841242941516434,22,Off-Peak,Spring,True,True,True,True,0.27,0.29271355942094374,0.22284777157561558,-0.06986578784532815
2018-03-14 23:00:00,95.0000000000012,1.0470597356177236,0.0,0.0,1.0470597356177236,23,Off-Peak,Spring,True,True,True,True,0.27,0.2827061286167854,0.21522894565475428,-0.06747718296203112
2018-03-15 00:00:00,95.0000000000012,0.9506407799786626,0.0,0.0,0.9506407799786626,0,Off-Peak,Spring,True,True,True,True,0.27,0.2566730105942389,0.19540949366228064,-0.06126351693195828
2018-03-15 01:00:00,95.0000000000012,0.8511778390227702,0.0,0.0,0.8511778390227702,1,Off-Peak,Spring,True,True,True,True,0.27,0.22981801653614797,0.17496433357690275,-0.054853682959245226
2018-03-15 02:00:00,95.0000000000012,0.8187124391323672,0.0,0.0,0.8187124391323672,2,Off-Peak,Spring,True,True,True,True,0.27,0.22105235856573918,0.1682908902660977,-0.052761468299641484
2018-03-15 03:00:00,95.0000000000012,0.8330839628718296,0.0,0.0,0.8330839628718296,3,Off-Peak,Spring,True,True,True,True,0.27,0.22493266997539402,0.17124503681254274,-0.05368763316285127
2018-03-15 04:00:00,95.0000000000012,0.9586202179183926,0.0,0.0,0.9586202179183926,4,Off-Peak,Spring,True,True,True,True,0.27,0.25882745883796604,0.19704971146100292,-0.06177774737696312
2018-03-15 05:00:00,95.0000000000012,1.073086428185841,0.0,0.0,1.073086428185841,5,Off-Peak,Spring,True,True,True,True,0.27,0.2897333356101771,0.2205788769048673,-0.06915445870530981
2018-03-15 06:00:00,94.01739234116133,1.2463663190922216,0.0,0.1326454588520056,1.113720860240216,6,Off-Peak,Spring,True,True,True,False,0.27,0.30070463226485833,0.22893151016048885,-0.07177312210436948
2018-03-15 18:00:00,95.00000013110662,0.9377171122372598,0.0,0.0,0.9377171122372598,18,Peak,Spring,True,True,True,True,0.47,0.4407270427515121,0.19275296195988117,-0.2479740807916309
2018-03-15 19:00:00,95.00000013110662,0.982668213098397,0.0,0.0,0.982668213098397,19,Peak,Spring,True,True,True,True,0.47,0.4618540601562466,0.20199291047022602,-0.2598611496860206
2018-03-15 20:00:00,95.00000013110662,1.049325186471521,0.0,0.0,1.049325186471521,20,Peak,Spring,True,True,True,True,0.47,0.4931828376416148,0.21569462166359044,-0.27748821597802437
2018-03-15 21:00:00,95.00000013110662,1.1102933513872404,0.0,0.0,1.1102933513872404,21,Peak,Spring,True,True,True,True,0.47,0.521837875152003,0.22822696667404385,-0.2936109084779591
2018-03-15 22:00:00,94.78787148140567,1.1424489552107646,0.0,0.0287280954364522,1.1137208597743125,22,Off-Peak,Spring,True,True,True,False,0.27,0.3007046321390644,0.22893151006471976,-0.07177312207434464
2018-03-15 23:00:00,94.64997192333796,1.1323564248148366,0.0,0.0186355650412771,1.1137208597735593,23,Off-Peak,Spring,True,True,True,False,0.27,0.300704632138861,0.22893151006456497,-0.07177312207429604
2018-03-16 00:00:00,95.00000000008492,0.9915982182758802,0.0,0.0,0.9915982182758802,0,Off-Peak,Spring,True,True,True,True,0.27,0.26773151893448766,0.2038285226455976,-0.06390299628889007
2018-03-16 01:00:00,95.00000000008492,0.8778850254181862,0.0,0.0,0.8778850254181862,1,Off-Peak,Spring,True,True,True,True,0.27,0.2370289568629103,0.18045414411373828,-0.05657481274917203
2018-03-16 02:00:00,95.00000000008492,0.8070737149842767,0.0,0.0,0.8070737149842767,2,Off-Peak,Spring,True,True,True,True,0.27,0.21790990304575472,0.16589848585787909,-0.052011417187875636
2018-03-16 03:00:00,95.00000000008492,0.7854891486772868,0.0,0.0,0.7854891486772868,3,Off-Peak,Spring,True,True,True,True,0.27,0.21208207014286745,0.16146165833922005,-0.0506204118036474
2018-03-16 04:00:00,95.00000000008492,0.8461699162571983,0.0,0.0,0.8461699162571983,4,Off-Peak,Spring,True,True,True,True,0.27,0.22846587738944354,0.1739349272306463,-0.05453095015879725
2018-03-16 05:00:00,95.00000000008492,0.8889415254774209,0.0,0.0,0.8889415254774209,5,Off-Peak,Spring,True,True,True,True,0.27,0.24001421187890365,0.1827268691259143,-0.057287342752989356
2018-03-16 06:00:00,95.00000000008492,0.9944906189869406,0.0,0.0,0.9944906189869406,6,Off-Peak,Spring,True,True,True,True,0.27,0.268512467126474,0.20442307168064888,-0.06408939544582509
2018-03-16 18:00:00,95.000000033418,0.81832770104484,0.0,0.0,0.81832770104484,18,Peak,Spring,True,True,True,True,0.47,0.38461401949107477,0.16821180521477266,-0.2164022142763021
2018-03-16 19:00:00,95.000000033418,0.872378334416775,0.0,0.0,0.872378334416775,19,Peak,Spring,True,True,True,True,0.47,0.41001781717588426,0.1793222131856704,-0.23069560399021385
2018-03-16 20:00:00,95.000000033418,0.9657240095828258,0.0,0.0,0.9657240095828258,20,Peak,Spring,True,True,True,True,0.47,0.4538902845039281,0.1985099353031364,-0.25538034920079167
2018-03-16 21:00:00,95.000000033418,1.0883975134182848,0.0,0.0,1.0883975134182848,21,Peak,Spring,True,True,True,True,0.47,0.5115468313065938,0.22372615553598077,-0.2878206757706131
2018-03-16 22:00:00,94.6648102319218,1.159056381206606,0.0,0.0453355214257645,1.1137208597808417,22,Off-Peak,Spring,True,True,True,False,0.27,0.30070463214082727,0.22893151006606188,-0.07177312207476538
2018-03-16 23:00:00,94.34300262550695,1.157191200787354,0.0,0.0434703410119199,1.113720859775434,23,Off-Peak,Spring,True,True,True,False,0.27,0.3007046321393672,0.22893151006495033,-0.07177312207441688
2018-03-17 00:00:00,95.0000000011014,1.0019009564055548,0.0,0.0,1.0019009564055548,0,Off-Peak,Spring,True,True,True,True,0.27,0.2705132582294998,0.20594630770558625,-0.06456695052391354
2018-03-17 01:00:00,95.0000000011014,0.8684811035452189,0.0,0.0,0.8684811035452189,1,Off-Peak,Spring,True,True,True,True,0.27,0.23448989795720912,0.17852111572873944,-0.05596878222846968
2018-03-17 02:00:00,95.0000000011014,0.8421768176105942,0.0,0.0,0.8421768176105942,2,Off-Peak,Spring,True,True,True,True,0.27,0.22738774075486043,0.17311412361995546,-0.05427361713490497
2018-03-17 03:00:00,95.0000000011014,0.8507181165193081,0.0,0.0,0.8507181165193081,3,Off-Peak,Spring,True,True,True,True,0.27,0.22969389146021318,0.1748698350623022,-0.05482405639791099
2018-03-17 04:00:00,95.0000000011014,0.9984123378986274,0.0,0.0,0.9984123378986274,4,Off-Peak,Spring,True,True,True,True,0.27,0.2695713312326294,0.2052292027902734,-0.06434212844235598
2018-03-17 05:00:00,95.0000000011014,1.0846480034150248,0.0,0.0,1.0846480034150248,5,Off-Peak,Spring,True,True,True,True,0.27,0.2928549609220567,0.22295542292419954,-0.06989953799785717
2018-03-17 06:00:00,94.4491586927054,1.1881450640992528,0.0,0.0744242042766188,1.113720859822634,6,Off-Peak,Spring,True,True,True,False,0.27,0.3007046321521112,0.22893151007465254,-0.07177312207745865
2018-03-17 18:00:00,95.00000001089384,0.8265804386593234,0.0,0.0,0.8265804386593234,18,Peak,Spring,True,True,True,True,0.47,0.38849280616988197,0.16990820127997205,-0.2185846048899099
2018-03-17 19:00:00,95.00000001089384,0.8951101307432671,0.0,0.0,0.8951101307432671,19,Peak,Spring,True,True,True,True,0.47,0.4207017614493355,0.18399486020833825,-0.23670690124099728
2018-03-17 20:00:00,95.00000001089384,0.9376888766669784,0.0,0.0,0.9376888766669784,20,Peak,Spring,True,True,True,True,0.47,0.44071377203347983,0.19274715798154554,-0.2479666140519343
2018-03-17 21:00:00,95.00000001089384,1.029427652198826,0.0,0.0,1.029427652198826,21,Peak,Spring,True,True,True,True,0.47,0.48383099653344813,0.21160457295198087,-0.27222642358146726
2018-03-17 22:00:00,95.00000001089384,1.110297059912383,0.0,0.0,1.110297059912383,22,Off-Peak,Spring,True,True,True,True,0.27,0.29978020617634343,0.2282277289819898,-0.07155247719435362
2018-03-17 23:00:00,94.96334273949113,1.1187046640503433,0.0,0.0049838042768705,1.113720859773473,23,Off-Peak,Spring,True,True,True,False,0.27,0.3007046321388377,0.2289315100645472,-0.07177312207429049
2018-03-18 00:00:00,94.99999999999996,1.0596786167997971,0.0,0.0,1.0596786167997971,0,Off-Peak,Spring,True,True,True,True,0.27,0.28611322653594523,0.21782282678662496,-0.06829039974932027
2018-03-18 01:00:00,94.99999999999996,0.955435650394666,0.0,0.0,0.955435650394666,1,Off-Peak,Spring,True,True,True,True,0.27,0.25796762560655984,0.19639510591445913,-0.0615725196921007
2018-03-18 02:00:00,94.99999999999996,0.9587085833765966,0.0,0.0,0.9587085833765966,2,Off-Peak,Spring,True,True,True,True,0.27,0.2588513175116811,0.19706787547185595,-0.061783442039825165
2018-03-18 03:00:00,94.99999999999996,0.9832477853224382,0.0,0.0,0.9832477853224382,3,Off-Peak,Spring,True,True,True,True,0.27,0.2654769020370583,0.2021120447607234,-0.06336485727633492
2018-03-18 04:00:00,94.99999999999996,1.1132183709470524,0.0,0.0,1.1132183709470524,4,Off-Peak,Spring,True,True,True,True,0.27,0.30056896015570417,0.22882822069467187,-0.0717407394610323
2018-03-18 05:00:00,94.18730272397636,1.2234553679568063,0.0,0.1097345079614572,1.113720859995349,5,Off-Peak,Spring,True,True,True,False,0.27,0.30070463219874427,0.22893151011015506,-0.07177312208858921
2018-03-18 06:00:00,92.2392288204412,1.3761413218361336,0.0,0.2624204585714229,1.1137208632647106,6,Off-Peak,Spring,True,True,True,False,0.27,0.3007046330814719,0.2289315107821905,-0.07177312229928137
2018-03-18 18:00:00,95.0000001070212,0.8939288802929449,0.0,0.0,0.8939288802929449,18,Peak,Spring,True,True,True,True,0.47,0.4201465737376841,0.18375204761577202,-0.23639452612191209
2018-03-18 19:00:00,95.0000001070212,0.9443720806040264,0.0,0.0,0.9443720806040264,19,Peak,Spring,True,True,True,True,0.47,0.4438548778838924,0.19412092767971653,-0.24973395020417585
2018-03-18 20:00:00,95.0000001070212,1.018501447055738,0.0,0.0,1.018501447055738,20,Peak,Spring,True,True,True,True,0.47,0.4786956801161969,0.2093586307836795,-0.2693370493325174
2018-03-18 21:00:00,95.0000001070212,1.0587357118463696,0.0,0.0,1.0587357118463696,21,Peak,Spring,True,True,True,True,0.47,0.4976057845677937,0.21762900743508706,-0.27997677713270663
2018-03-18 22:00:00,95.0000001070212,1.0802157553773228,0.0,0.0,1.0802157553773228,22,Off-Peak,Spring,True,True,True,True,0.27,0.29165825395187717,0.22204434971644968,-0.06961390423542749
2018-03-18 23:00:00,95.0000001070212,1.0616521225309017,0.0,0.0,1.0616521225309017,23,Off-Peak,Spring,True,True,True,True,0.27,0.2866460730833435,0.21822849185357424,-0.06841758122976926
2018-03-19 00:00:00,95.0000001070212,0.9744545737200812,0.0,0.0,0.9744545737200812,0,Off-Peak,Spring,True,True,True,True,0.27,0.26310273490442193,0.20030455126468336,-0.06279818363973858
2018-03-19 01:00:00,95.0000001070212,0.8571299523439198,0.0,0.0,0.8571299523439198,1,Off-Peak,Spring,True,True,True,True,0.27,0.23142508713285834,0.1761878235373613,-0.05523726359549705
2018-03-19 02:00:00,95.0000001070212,0.8114822703499367,0.0,0.0,0.8114822703499367,2,Off-Peak,Spring,True,True,True,True,0.27,0.21910021299448293,0.16680468890526476,-0.05229552408921817
2018-03-19 03:00:00,95.0000001070212,0.8427852238311153,0.0,0.0,0.8427852238311153,3,Off-Peak,Spring,True,True,True,True,0.27,0.22755201043440115,0.17323918489861814,-0.05431282553578301
2018-03-19 04:00:00,95.0000001070212,0.962686966973884,0.0,0.0,0.962686966973884,4,Off-Peak,Spring,True,True,True,True,0.27,0.2599254810829487,0.19788565432240948,-0.062039826760539235
2018-03-19 05:00:00,95.0000001070212,1.0691401207966578,0.0,0.0,1.0691401207966578,5,Off-Peak,Spring,True,True,True,True,0.27,0.2886678326150976,0.21976769149709074,-0.06890014111800685
2018-03-19 06:00:00,94.24479603307584,1.215771015146256,0.0,0.1020501552055215,1.1137208599407344,6,Off-Peak,Spring,True,True,True,False,0.27,0.30070463218399834,0.22893151009892873,-0.07177312208506961
2018-03-19 18:00:00,95.00000000256942,0.7527853944855131,0.0,0.0,0.7527853944855131,18,Peak,Spring,True,True,True,True,0.47,0.35380913540819114,0.1547392199775777,-0.19906991543061345
2018-03-19 19:00:00,95.00000000256942,0.8437031390478169,0.0,0.0,0.8437031390478169,19,Peak,Spring,True,True,True,True,0.47,0.39654047535247394,0.17342786747094016,-0.22311260788153378
2018-03-19 20:00:00,95.00000000256942,0.9175252529161446,0.0,0.0,0.9175252529161446,20,Peak,Spring,True,True,True,True,0.47,0.43123686887058793,0.1886024130994297,-0.24263445577115822
2018-03-19 21:00:00,95.00000000256942,0.9533441232258864,0.0,0.0,0.9533441232258864,21,Peak,Spring,True,True,True,True,0.47,0.44807173791616656,0.19596518088532108,-0.2521065570308455
2018-03-19 22:00:00,95.00000000256942,0.9659544789394576,0.0,0.0,0.9659544789394576,22,Off-Peak,Spring,True,True,True,True,0.27,0.2608077093136536,0.19855730955977738,-0.06225039975387622
2018-03-19 23:00:00,95.00000000256942,0.9053445446540336,0.0,0.0,0.9053445446540336,23,Off-Peak,Spring,True,True,True,True,0.27,0.24444302705658907,0.18609860084555133,-0.05834442621103775
2018-03-20 00:00:00,95.00000000256942,0.6912391025898201,0.0,0.0,0.6912391025898201,0,Off-Peak,Spring,True,True,True,True,0.27,0.18663455769925144,0.14208803775457413,-0.044546519944677315
2018-03-20 01:00:00,95.00000000256942,0.5334914291550011,0.0,0.0,0.5334914291550011,1,Off-Peak,Spring,True,True,True,True,0.27,0.14404268587185032,0.10966212710408357,-0.034380558767766745
2018-03-20 02:00:00,95.00000000256942,0.4748193803928326,0.0,0.0,0.4748193803928326,2,Off-Peak,Spring,True,True,True,True,0.27,0.12820123270606482,0.09760176152519337,-0.030599471180871446
2018-03-20 03:00:00,95.00000000256942,0.4804267725068039,0.0,0.0,0.4804267725068039,3,Off-Peak,Spring,True,True,True,True,0.27,0.12971522857683707,0.09875439212639857,-0.030960836450438498
2018-03-20 04:00:00,95.00000000256942,0.5147021197964251,0.0,0.0,0.5147021197964251,4,Off-Peak,Spring,True,True,True,True,0.27,0.1389695723450348,0.10579988018037627,-0.033169692164658524
2018-03-20 05:00:00,95.00000000256942,0.5481810859253881,0.0,0.0,0.5481810859253881,5,Off-Peak,Spring,True,True,True,True,0.27,0.14800889319985477,0.11268166766244087,-0.03532722553741391
2018-03-20 06:00:00,95.00000000256942,0.6078533236991828,0.0,0.0,0.6078533236991828,6,Off-Peak,Spring,True,True,True,True,0.27,0.16412039739877937,0.12494762764927646,-0.039172769749502914
2018-03-20 19:00:00,94.8081618677015,1.124318976685477,0.0,0.0105981169119985,1.1137208597734785,19,Peak,Spring,True,True,True,False,0.47,0.5234488040935349,0.22893151006454834,-0.2945172940289865
2018-03-20 20:00:00,94.42244796096485,1.1658255634582566,0.0,0.0521047036750651,1.1137208597831914,20,Peak,Spring,True,True,True,False,0.47,0.5234488040980999,0.22893151006654489,-0.294517294031555
2018-03-20 21:00:00,93.43371951285526,1.247113704604772,0.0,0.1333928445319969,1.113720860072775,21,Peak,Spring,True,True,True,False,0.47,0.5234488042342043,0.2289315101260704,-0.2945172941081339
2018-03-20 22:00:00,92.52598297901535,1.2360967324873569,0.0,0.1223758726370201,1.1137208598503368,22,Off-Peak,Spring,True,True,True,False,0.27,0.3007046321595909,0.22893151008034698,-0.07177312207924394
2018-03-20 23:00:00,92.1201712162248,1.1684274051672785,0.0,0.0547065453937333,1.1137208597735453,23,Off-Peak,Spring,True,True,True,False,0.27,0.30070463213885723,0.22893151006456208,-0.07177312207429515
2018-03-21 00:00:00,92.93813172077456,0.9939132969797012,0.0,0.0,0.9939132969797012,0,Off-Peak,Spring,True,True,True,True,0.27,0.26835659018451935,0.20430439993471636,-0.06405219024980299
2018-03-21 01:00:00,95.00000005449884,0.8091732838165557,0.0,0.0,0.8091732838165557,1,Off-Peak,Spring,True,True,True,True,0.27,0.21847678663047007,0.16633006389562532,-0.05214672273484475
2018-03-21 02:00:00,95.00000005449884,0.7489083473829907,0.0,0.0,0.7489083473829907,2,Off-Peak,Spring,True,True,True,True,0.27,0.2022052537934075,0.15394227140650366,-0.04826298238690385
2018-03-21 03:00:00,95.00000005449884,0.7275779706966867,0.0,0.0,0.7275779706966867,3,Off-Peak,Spring,True,True,True,True,0.27,0.19644605208810542,0.14955769397654115,-0.04688835811156428
2018-03-21 04:00:00,95.00000005449884,0.7543187393439705,0.0,0.0,0.7543187393439705,4,Off-Peak,Spring,True,True,True,True,0.27,0.20366605962287207,0.15505440753181615,-0.04861165209105592
2018-03-21 05:00:00,95.00000005449884,0.7724156143568262,0.0,0.0,0.7724156143568262,5,Off-Peak,Spring,True,True,True,True,0.27,0.20855221587634307,0.15877432072890313,-0.04977789514743994
2018-03-21 06:00:00,95.00000005449884,0.791577789239314,0.0,0.0,0.791577789239314,6,Off-Peak,Spring,True,True,True,True,0.27,0.21372600309461479,0.16271321223252563,-0.05101279086208915
2018-03-21 19:00:00,95.00000005449884,0.8638270351365762,0.0,0.0,0.8638270351365762,19,Peak,Spring,True,True,True,True,0.47,0.4059987065141908,0.17756444611140734,-0.22843426040278345
2018-03-21 20:00:00,95.00000005449884,0.8912794706676127,0.0,0.0,0.8912794706676127,20,Peak,Spring,True,True,True,True,0.47,0.418901351213778,0.18320744674834263,-0.23569390446543534
2018-03-21 21:00:00,95.00000005449884,0.9250960751443938,0.0,0.0,0.9250960751443938,21,Peak,Spring,True,True,True,True,0.47,0.43479515531786506,0.19015863766856986,-0.2446365176492952
2018-03-21 22:00:00,95.00000005449884,0.979890269033621,0.0,0.0,0.979890269033621,22,Off-Peak,Spring,True,True,True,True,0.27,0.2645703726390777,0.20142188863468874,-0.06314848400438894
2018-03-21 23:00:00,95.00000005449884,0.8889038676415015,0.0,0.0,0.8889038676415015,23,Off-Peak,Spring,True,True,True,True,0.27,0.24000404426320543,0.18271912834853085,-0.05728491591467458
2018-03-22 00:00:00,95.00000005449884,0.6894763519222127,0.0,0.0,0.6894763519222127,0,Off-Peak,Spring,True,True,True,True,0.27,0.18615861501899744,0.14172569456178816,-0.044432920457209285
2018-03-22 01:00:00,95.00000005449884,0.5406836947070597,0.0,0.0,0.5406836947070597,1,Off-Peak,Spring,True,True,True,True,0.27,0.14598459757090612,0.11114053724534004,-0.034844060325566084
2018-03-22 02:00:00,95.00000005449884,0.489313327078786,0.0,0.0,0.489313327078786,2,Off-Peak,Spring,True,True,True,True,0.27,0.13211459831127223,0.10058107278841712,-0.03153352552285511
2018-03-22 03:00:00,95.00000005449884,0.466066097590517,0.0,0.0,0.466066097590517,3,Off-Peak,Spring,True,True,True,True,0.27,0.1258378463494396,0.09580247561582848,-0.030035370733611108
2018-03-22 04:00:00,95.00000005449884,0.4802735334094375,0.0,0.0,0.4802735334094375,4,Off-Peak,Spring,True,True,True,True,0.27,0.12967385402054812,0.0987228929786066,-0.03095096104194152
2018-03-22 05:00:00,95.00000005449884,0.505059441708464,0.0,0.0,0.505059441708464,5,Off-Peak,Spring,True,True,True,True,0.27,0.1363660492612853,0.10381777412896202,-0.032548275132323265
2018-03-22 06:00:00,95.00000005449884,0.5365655177201913,0.0,0.0,0.5365655177201913,6,Off-Peak,Spring,True,True,True,True,0.27,0.14487268978445167,0.1102940230869282,-0.034578666697523464
2018-03-22 19:00:00,95.00000005449884,0.8982440233570301,0.0,0.0,0.8982440233570301,19,Peak,Spring,True,True,True,True,0.47,0.42217469097780413,0.18463904924561175,-0.23753564173219238
2018-03-22 20:00:00,95.00000005449884,0.9854158495111336,0.0,0.0,0.9854158495111336,20,Peak,Spring,True,True,True,True,0.47,0.46314544927023277,0.20255770239951076,-0.260587746870722
2018-03-22 21:00:00,95.00000005449884,1.0779047599330696,0.0,0.0,1.0779047599330696,21,Peak,Spring,True,True,True,True,0.47,0.5066152371685426,0.22156931176401984,-0.2850459254045228
2018-03-22 22:00:00,94.63458997012532,1.1631681328686256,0.0,0.0494472730858723,1.1137208597827533,22,Off-Peak,Spring,True,True,True,False,0.27,0.3007046321413434,0.22893151006645485,-0.07177312207488856
2018-03-22 23:00:00,94.25230940883196,1.165352677402164,0.0,0.0516318176235301,1.113720859778634,23,Off-Peak,Spring,True,True,True,False,0.27,0.30070463214023124,0.2289315100656081,-0.07177312207462314
2018-03-23 00:00:00,94.4864436218446,1.07938825311104,0.0,0.0,1.07938825311104,0,Off-Peak,Spring,True,True,True,True,0.27,0.2914348283399808,0.22187425202838043,-0.06956057631160037
2018-03-23 01:00:00,95.00000000021431,0.9840650121747404,0.0,0.0,0.9840650121747404,1,Off-Peak,Spring,True,True,True,True,0.27,0.2656975532871799,0.2022800302803633,-0.06341752300681663
2018-03-23 02:00:00,95.00000000021431,0.9215864283462532,0.0,0.0,0.9215864283462532,2,Off-Peak,Spring,True,True,True,True,0.27,0.24882833565348836,0.18943721027117424,-0.059391125382314114
2018-03-23 03:00:00,95.00000000021431,0.8833142757215526,0.0,0.0,0.8833142757215526,3,Off-Peak,Spring,True,True,True,True,0.27,0.23849485444481922,0.1815701566760969,-0.056924697768722304
2018-03-23 04:00:00,95.00000000021431,0.969584541270174,0.0,0.0,0.969584541270174,4,Off-Peak,Spring,True,True,True,True,0.27,0.261787826142947,0.19930348903886907,-0.062484337104077914
2018-03-23 05:00:00,95.00000000021431,1.0460759293829924,0.0,0.0,1.0460759293829924,5,Off-Peak,Spring,True,True,True,True,0.27,0.282440500933408,0.2150267188176151,-0.06741378211579291
2018-03-23 06:00:00,94.50692503665913,1.180349248483573,0.0,0.0666283886785881,1.1137208598049848,6,Off-Peak,Spring,True,True,True,False,0.27,0.30070463214734594,0.22893151007102464,-0.0717731220763213
2018-03-23 19:00:00,95.00000000046803,0.8015566455239637,0.0,0.0,0.8015566455239637,19,Peak,Spring,True,True,True,True,0.47,0.3767316233962629,0.16476442157992585,-0.21196720181633708
2018-03-23 20:00:00,95.00000000046803,0.9056012606087476,0.0,0.0,0.9056012606087476,20,Peak,Spring,True,True,True,True,0.47,0.42563259248611135,0.18615137023624254,-0.2394812222498688
2018-03-23 21:00:00,95.00000000046803,0.9496429692971836,0.0,0.0,0.9496429692971836,21,Peak,Spring,True,True,True,True,0.47,0.4463321955696763,0.19520438813330995,-0.2511278074363663
2018-03-23 22:00:00,95.00000000046803,0.9991953704122878,0.0,0.0,0.9991953704122878,22,Off-Peak,Spring,True,True,True,True,0.27,0.26978275001131774,0.20539015947363692,-0.06439259053768082
2018-03-23 23:00:00,95.00000000046803,0.9450799272816468,0.0,0.0,0.9450799272816468,23,Off-Peak,Spring,True,True,True,True,0.27,0.25517158036604465,0.19426642949678297,-0.06090515086926168
2018-03-24 00:00:00,95.00000000046803,0.7723662312751882,0.0,0.0,0.7723662312751882,0,Off-Peak,Spring,True,True,True,True,0.27,0.20853888244430083,0.15876416976212201,-0.04977471268217881
2018-03-24 01:00:00,95.00000000046803,0.6562938389844839,0.0,0.0,0.6562938389844839,1,Off-Peak,Spring,True,True,True,True,0.27,0.17719933652581066,0.1349048446801439,-0.04229449184566675
2018-03-24 02:00:00,95.00000000046803,0.6256830375367608,0.0,0.0,0.6256830375367608,2,Off-Peak,Spring,True,True,True,True,0.27,0.16893442013492543,0.12861262438255638,-0.04032179575236905
2018-03-24 03:00:00,95.00000000046803,0.6431586420518317,0.0,0.0,0.6431586420518317,3,Off-Peak,Spring,True,True,True,True,0.27,0.17365283335399456,0.13220483197732097,-0.04144800137667359
2018-03-24 04:00:00,95.00000000046803,0.7168026592199579,0.0,0.0,0.7168026592199579,4,Off-Peak,Spring,True,True,True,True,0.27,0.19353671798938865,0.14734276883965802,-0.04619394914973063
2018-03-24 05:00:00,95.00000000046803,0.7916162910850585,0.0,0.0,0.7916162910850585,5,Off-Peak,Spring,True,True,True,True,0.27,0.2137363985929658,0.16272112650081758,-0.051015272092148234
2018-03-24 06:00:00,95.00000000046803,0.90818828850121,0.0,0.0,0.90818828850121,6,Off-Peak,Spring,True,True,True,True,0.27,0.24521083789532672,0.1866831481919154,-0.05852768970341132
2018-03-24 19:00:00,95.00000000046803,0.9155254355746844,0.0,0.0,0.9155254355746844,19,Peak,Spring,True,True,True,True,0.47,0.4302969547201016,0.18819133953479622,-0.24210561518530538
2018-03-24 20:00:00,95.00000000046803,0.9316866849390456,0.0,0.0,0.9316866849390456,20,Peak,Spring,True,True,True,True,0.47,0.4378927419213514,0.19151337412635938,-0.24637936779499203
2018-03-24 21:00:00,95.00000000046803,1.047313731964659,0.0,0.0,1.047313731964659,21,Peak,Spring,True,True,True,True,0.47,0.4922374540233897,0.21528115601495768,-0.276956298008432
2018-03-24 22:00:00,95.00000000046803,1.0960250795532236,0.0,0.0,1.0960250795532236,22,Off-Peak,Spring,True,True,True,True,0.27,0.2959267714793704,0.22529404413038484,-0.07063272734898557
2018-03-24 23:00:00,95.00000000046803,1.0632989094148564,0.0,0.0,1.0632989094148564,23,Off-Peak,Spring,True,True,True,True,0.27,0.28709070554201127,0.21856699804638713,-0.06852370749562414
2018-03-25 00:00:00,95.00000000046803,1.002648764050618,0.0,0.0,1.002648764050618,0,Off-Peak,Spring,True,True,True,True,0.27,0.2707151662936669,0.20610002372151592,-0.06461514257215095
2018-03-25 01:00:00,95.00000000046803,0.868863774369357,0.0,0.0,0.868863774369357,1,Off-Peak,Spring,True,True,True,True,0.27,0.2345932190797264,0.17859977584259004,-0.05599344323713637
2018-03-25 02:00:00,95.00000000046803,0.8019920824641826,0.0,0.0,0.8019920824641826,2,Off-Peak,Spring,True,True,True,True,0.27,0.2165378622653293,0.164853928062082,-0.05168393420324732
2018-03-25 03:00:00,95.00000000046803,0.8094316960004657,0.0,0.0,0.8094316960004657,3,Off-Peak,Spring,True,True,True,True,0.27,0.21854655792012576,0.1663831819556513,-0.05216337596447446
2018-03-25 04:00:00,95.00000000046803,0.9494378972447952,0.0,0.0,0.9494378972447952,4,Off-Peak,Spring,True,True,True,True,0.27,0.2563482322560947,0.19516223443365235,-0.061185997822442356
2018-03-25 05:00:00,95.00000000046803,1.0637342487470214,0.0,0.0,1.0637342487470214,5,Off-Peak,Spring,True,True,True,True,0.27,0.2872082471616958,0.2186564844646655,-0.06855176269703028
2018-03-25 06:00:00,94.26983422005316,1.212334447126924,0.0,0.0986135872073584,1.1137208599195656,6,Off-Peak,Spring,True,True,True,False,0.27,0.30070463217828275,0.22893151009457738,-0.07177312208370537
2018-03-25 18:00:00,95.00000000219336,0.8143361159622878,0.0,0.0,0.8143361159622878,18,Peak,Spring,True,True,True,True,0.47,0.38273797450227526,0.1673913127255814,-0.21534666177669387
2018-03-25 19:00:00,95.00000000219336,0.8816808828011934,0.0,0.0,0.8816808828011934,19,Peak,Spring,True,True,True,True,0.47,0.41439001491656086,0.181234403686912,-0.23315561122964887
2018-03-25 20:00:00,95.00000000219336,0.9408594516801594,0.0,0.0,0.9408594516801594,20,Peak,Spring,True,True,True,True,0.47,0.4422039422896749,0.19339888728981053,-0.24880505499986438
2018-03-25 21:00:00,95.00000000219336,1.0029216057318278,0.0,0.0,1.0029216057318278,21,Peak,Spring,True,True,True,True,0.47,0.471373154693959,0.2061561078448757,-0.2652170468490833
2018-03-25 22:00:00,95.00000000219336,1.0709448365586691,0.0,0.0,1.0709448365586691,22,Off-Peak,Spring,True,True,True,True,0.27,0.2891551058708407,0.22013866084817088,-0.06901644502266982
2018-03-25 23:00:00,95.00000000219336,1.0709710625637134,0.0,0.0,1.0709710625637134,23,Off-Peak,Spring,True,True,True,True,0.27,0.28916218689220263,0.22014405174920773,-0.0690181351429949
2018-03-26 00:00:00,95.00000000219336,0.9560865712100228,0.0,0.0,0.9560865712100228,0,Off-Peak,Spring,True,True,True,True,0.27,0.2581433742267062,0.19652890630428246,-0.06161446792242373
2018-03-26 01:00:00,95.00000000219336,0.8571788678207737,0.0,0.0,0.8571788678207737,1,Off-Peak,Spring,True,True,True,True,0.27,0.23143829431160892,0.17619787838538126,-0.055240415926227665
2018-03-26 02:00:00,95.00000000219336,0.8331570983953027,0.0,0.0,0.8331570983953027,2,Off-Peak,Spring,True,True,True,True,0.27,0.22495241656673176,0.1712600702257011,-0.05369234634103065
2018-03-26 03:00:00,95.00000000219336,0.8611068212660947,0.0,0.0,0.8611068212660947,3,Off-Peak,Spring,True,True,True,True,0.27,0.2324988417418456,0.17700529103803056,-0.05549355070381504
2018-03-26 04:00:00,95.00000000219336,0.9784720809149228,0.0,0.0,0.9784720809149228,4,Off-Peak,Spring,True,True,True,True,0.27,0.2641874618470292,0.20113037218806745,-0.06305708965896173
2018-03-26 05:00:00,95.00000000219336,1.0929697423861593,0.0,0.0,1.0929697423861593,5,Off-Peak,Spring,True,True,True,True,0.27,0.295101830444263,0.22466600260159938,-0.07043582784266364
2018-03-26 06:00:00,94.17041492082704,1.2257486928154586,0.0,0.1120278328003639,1.1137208600150947,6,Off-Peak,Spring,True,True,True,False,0.27,0.3007046322040756,0.22893151011421392,-0.0717731220898617
2018-03-26 19:00:00,95.00000003165758,0.8179332509162006,0.0,0.0,0.8179332509162006,19,Peak,Spring,True,True,True,True,0.47,0.3844286279306143,0.16813072379944122,-0.21629790413117306
2018-03-26 20:00:00,95.00000003165758,0.892914805959404,0.0,0.0,0.892914805959404,20,Peak,Spring,True,True,True,True,0.47,0.41966995880091984,0.18354359900276637,-0.23612635979815347
2018-03-26 21:00:00,95.00000003165758,0.9315123163459874,0.0,0.0,0.9315123163459874,21,Peak,Spring,True,True,True,True,0.47,0.4378107886826141,0.19147753169334183,-0.24633325698927225
2018-03-26 22:00:00,95.00000003165758,0.9789535884340722,0.0,0.0,0.9789535884340722,22,Off-Peak,Spring,True,True,True,True,0.27,0.26431746887719954,0.20122934873367038,-0.06308812014352916
2018-03-26 23:00:00,95.00000003165758,0.9115708040568932,0.0,0.0,0.9115708040568932,23,Off-Peak,Spring,True,True,True,True,0.27,0.24612411709536117,0.18737844305613913,-0.05874567403922204
2018-03-27 00:00:00,95.00000003165758,0.7383527034868111,0.0,0.0,0.7383527034868111,0,Off-Peak,Spring,True,True,True,True,0.27,0.19935522994143903,0.15177250016117783,-0.04758272978026121
2018-03-27 01:00:00,95.00000003165758,0.6343443985934367,0.0,0.0,0.6343443985934367,1,Off-Peak,Spring,True,True,True,True,0.27,0.1712729876202279,0.13039301526642866,-0.040879972353799254
2018-03-27 02:00:00,95.00000003165758,0.6241885917919666,0.0,0.0,0.6241885917919666,2,Off-Peak,Spring,True,True,True,True,0.27,0.168530919783831,0.12830543275723758,-0.040225487026593426
2018-03-27 03:00:00,95.00000003165758,0.652247121626862,0.0,0.0,0.652247121626862,3,Off-Peak,Spring,True,True,True,True,0.27,0.17610672283925277,0.13407301944552164,-0.04203370339373114
2018-03-27 04:00:00,95.00000003165758,0.7653398705041285,0.0,0.0,0.7653398705041285,4,Off-Peak,Spring,True,True,True,True,0.27,0.20664176503611473,0.1573198622702931,-0.04932190276582163
2018-03-27 05:00:00,95.00000003165758,0.8582508449996129,0.0,0.0,0.8582508449996129,5,Off-Peak,Spring,True,True,True,True,0.27,0.2317277281498955,0.17641822924992043,-0.05530949889997508
2018-03-27 06:00:00,95.00000003165758,0.959943529007086,0.0,0.0,0.959943529007086,6,Off-Peak,Spring,True,True,True,True,0.27,0.2591847528319132,0.19732172540701212,-0.0618630274249011
2018-03-27 19:00:00,95.00000003165758,0.7921372635393202,0.0,0.0,0.7921372635393202,19,Peak,Spring,True,True,True,True,0.47,0.3723045138634805,0.16282821528308247,-0.20947629858039804
2018-03-27 20:00:00,95.00000003165758,0.8919872400495082,0.0,0.0,0.8919872400495082,20,Peak,Spring,True,True,True,True,0.47,0.41923400282326884,0.18335293267684336,-0.23588107014642548
2018-03-27 21:00:00,95.00000003165758,0.9395169040588114,0.0,0.0,0.9395169040588114,21,Peak,Spring,True,True,True,True,0.47,0.4415729449076413,0.19312291916764457,-0.24845002573999675
2018-03-27 22:00:00,95.00000003165758,0.9460168731496738,0.0,0.0,0.9460168731496738,22,Off-Peak,Spring,True,True,True,True,0.27,0.25542455575041195,0.1944590239252107,-0.06096553182520126
2018-03-27 23:00:00,95.00000003165758,0.9020564201450936,0.0,0.0,0.9020564201450936,23,Off-Peak,Spring,True,True,True,True,0.27,0.2435552334391753,0.18542270858538032,-0.05813252485379497
2018-03-28 00:00:00,95.00000003165758,0.7240827970507974,0.0,0.0,0.7240827970507974,0,Off-Peak,Spring,True,True,True,True,0.27,0.1955023552037153,0.14883924161599724,-0.046663113587718075
2018-03-28 01:00:00,95.00000003165758,0.5379806118085227,0.0,0.0,0.5379806118085227,1,Off-Peak,Spring,True,True,True,True,0.27,0.14525476518830116,0.11058490353841856,-0.0346698616498826
2018-03-28 02:00:00,95.00000003165758,0.4653712737304694,0.0,0.0,0.4653712737304694,2,Off-Peak,Spring,True,True,True,True,0.27,0.12565024390722673,0.09565965071126314,-0.02999059319596359
2018-03-28 03:00:00,95.00000003165758,0.4694217056020973,0.0,0.0,0.4694217056020973,3,Off-Peak,Spring,True,True,True,True,0.27,0.12674386051256628,0.09649223948487555,-0.03025162102769073
2018-03-28 04:00:00,95.00000003165758,0.5368675619226309,0.0,0.0,0.5368675619226309,4,Off-Peak,Spring,True,True,True,True,0.27,0.14495424171911034,0.110356109950763,-0.034598131768347334
2018-03-28 05:00:00,95.00000003165758,0.5866766460664208,0.0,0.0,0.5866766460664208,5,Off-Peak,Spring,True,True,True,True,0.27,0.15840269443793362,0.12059464391365315,-0.03780805052428046
2018-03-28 06:00:00,95.00000003165758,0.6590698459425128,0.0,0.0,0.6590698459425128,6,Off-Peak,Spring,True,True,True,True,0.27,0.17794885840447847,0.13547546833262764,-0.04247339007185083
2018-03-28 19:00:00,95.00000003165758,0.8224932432432432,0.0,0.0,0.8224932432432432,19,Peak,Spring,True,True,True,True,0.47,0.3865718243243243,0.16906805555555554,-0.21750376876876876
2018-03-28 20:00:00,95.00000003165758,0.8658513513513513,0.0,0.0,0.8658513513513513,20,Peak,Spring,True,True,True,True,0.47,0.40695013513513506,0.17798055555555553,-0.22896957957957953
2018-03-28 21:00:00,95.00000003165758,0.9132972972972974,0.0,0.0,0.9132972972972974,21,Peak,Spring,True,True,True,True,0.47,0.42924972972972975,0.18773333333333334,-0.2415163963963964
2018-03-28 22:00:00,95.00000003165758,0.9343902027027028,0.0,0.0,0.9343902027027028,22,Off-Peak,Spring,True,True,True,True,0.27,0.2522853547297298,0.19206909722222223,-0.06021625750750756
2018-03-28 23:00:00,95.00000003165758,0.8784863331183806,0.0,0.0,0.8784863331183806,23,Off-Peak,Spring,True,True,True,True,0.27,0.2371913099419628,0.18057774625211157,-0.05661356368985124
2018-03-29 00:00:00,95.00000003165758,0.6682238824390127,0.0,0.0,0.6682238824390127,0,Off-Peak,Spring,True,True,True,True,0.27,0.18042044825853343,0.13735713139024147,-0.043063316868291956
2018-03-29 01:00:00,95.00000003165758,0.5232523175502716,0.0,0.0,0.5232523175502716,1,Off-Peak,Spring,True,True,True,True,0.27,0.14127812573857335,0.10755742082977804,-0.03372070490879531
2018-03-29 02:00:00,95.00000003165758,0.4548068833660364,0.0,0.0,0.4548068833660364,2,Off-Peak,Spring,True,True,True,True,0.27,0.12279785850882984,0.09348808158079637,-0.029309776928033465
2018-03-29 03:00:00,95.00000003165758,0.4209238198795599,0.0,0.0,0.4209238198795599,3,Off-Peak,Spring,True,True,True,True,0.27,0.11364943136748118,0.08652322964190953,-0.027126201725571647
2018-03-29 04:00:00,95.00000003165758,0.437902287016676,0.0,0.0,0.437902287016676,4,Off-Peak,Spring,True,True,True,True,0.27,0.11823361749450252,0.09001324788676117,-0.028220369607741352
2018-03-29 05:00:00,95.00000003165758,0.4651773887821142,0.0,0.0,0.4651773887821142,5,Off-Peak,Spring,True,True,True,True,0.27,0.12559789497117083,0.09561979658299014,-0.02997809838818069
2018-03-29 19:00:00,95.00000003165758,0.833054054054054,0.0,0.0,0.833054054054054,19,Peak,Spring,True,True,True,True,0.47,0.3915354054054053,0.17123888888888886,-0.22029651651651647
2018-03-29 20:00:00,95.00000003165758,0.904866554054054,0.0,0.0,0.904866554054054,20,Peak,Spring,True,True,True,True,0.47,0.42528728040540537,0.1860003472222222,-0.23928693318318317
2018-03-29 21:00:00,95.00000003165758,0.9459391891891892,0.0,0.0,0.9459391891891892,21,Peak,Spring,True,True,True,True,0.47,0.4445914189189189,0.19444305555555555,-0.2501483633633633
2018-03-29 22:00:00,95.00000003165758,0.9593800675675676,0.0,0.0,0.9593800675675676,22,Off-Peak,Spring,True,True,True,True,0.27,0.25903261824324325,0.19720590277777778,-0.061826715465465476
2018-03-29 23:00:00,95.00000003165758,0.9030522316033855,0.0,0.0,0.9030522316033855,23,Off-Peak,Spring,True,True,True,True,0.27,0.24382410253291412,0.18562740316291815,-0.05819669936999597
2018-03-30 00:00:00,95.00000003165758,0.6489805557795495,0.0,0.0,0.6489805557795495,0,Off-Peak,Spring,True,True,True,True,0.27,0.17522475006047838,0.1334015586880185,-0.04182319137245988
2018-03-30 01:00:00,95.00000003165758,0.5066438066080926,0.0,0.0,0.5066438066080926,1,Off-Peak,Spring,True,True,True,True,0.27,0.136793827784185,0.10414344913610792,-0.032650378648077086
2018-03-30 02:00:00,95.00000003165758,0.4436012246580927,0.0,0.0,0.4436012246580927,2,Off-Peak,Spring,True,True,True,True,0.27,0.11977233065768504,0.09118469617971905,-0.028587634477965987
2018-03-30 03:00:00,95.00000003165758,0.4213635690716436,0.0,0.0,0.4213635690716436,3,Off-Peak,Spring,True,True,True,True,0.27,0.11376816364934378,0.08661362253139339,-0.02715454111795039
2018-03-30 04:00:00,95.00000003165758,0.4269108056187922,0.0,0.0,0.4269108056187922,4,Off-Peak,Spring,True,True,True,True,0.27,0.1152659175170739,0.08775388782164062,-0.027512029695433274
2018-03-30 05:00:00,95.00000003165758,0.4371856759589353,0.0,0.0,0.4371856759589353,5,Off-Peak,Spring,True,True,True,True,0.27,0.11804013250891254,0.08986594450267003,-0.02817418800624251
2018-03-30 19:00:00,95.00000003165758,0.7922162162162161,0.0,0.0,0.7922162162162161,19,Peak,Spring,True,True,True,True,0.47,0.37234162162162154,0.1628444444444444,-0.20949717717717714
2018-03-30 20:00:00,95.00000003165758,0.8602939189189189,0.0,0.0,0.8602939189189189,20,Peak,Spring,True,True,True,True,0.47,0.4043381418918919,0.17683819444444443,-0.22749994744744745
2018-03-30 21:00:00,95.00000003165758,0.934849662162162,0.0,0.0,0.934849662162162,21,Peak,Spring,True,True,True,True,0.47,0.43937934121621613,0.1921635416666666,-0.24721579954954953
2018-03-30 22:00:00,95.00000003165758,0.9584763513513512,0.0,0.0,0.9584763513513512,22,Off-Peak,Spring,True,True,True,True,0.27,0.2587886148648649,0.19702013888888883,-0.06176847597597604
2018-03-30 23:00:00,95.00000003165758,0.9040562075747732,0.0,0.0,0.9040562075747732,23,Off-Peak,Spring,True,True,True,True,0.27,0.2440951760451888,0.18583377600148115,-0.05826140004370764
2018-03-31 00:00:00,95.00000003165758,0.7036689189189189,0.0,0.0,0.7036689189189189,0,Off-Peak,Spring,True,True,True,True,0.27,0.1899906081081081,0.14464305555555557,-0.045347552552552545
2018-03-31 01:00:00,95.00000003165758,0.5161004118857797,0.0,0.0,0.5161004118857797,1,Off-Peak,Spring,True,True,True,True,0.27,0.13934711120916052,0.1060873068876325,-0.033259804321528016
2018-03-31 02:00:00,95.00000003165758,0.4324529664897676,0.0,0.0,0.4324529664897676,2,Off-Peak,Spring,True,True,True,True,0.27,0.11676230095223726,0.08889310977845223,-0.02786919117378503
2018-03-31 03:00:00,95.00000003165758,0.4218087110945886,0.0,0.0,0.4218087110945886,3,Off-Peak,Spring,True,True,True,True,0.27,0.11388835199553893,0.08670512394722099,-0.027183228048317937
2018-03-31 04:00:00,95.00000003165758,0.4188078587893399,0.0,0.0,0.4188078587893399,4,Off-Peak,Spring,True,True,True,True,0.27,0.11307812187312179,0.08608828208447541,-0.026989839788646372
2018-03-31 05:00:00,95.00000003165758,0.4311859149715124,0.0,0.0,0.4311859149715124,5,Off-Peak,Spring,True,True,True,True,0.27,0.11642019704230835,0.08863266029969977,-0.027787536742608587
2018-03-31 19:00:00,95.00000003165758,0.8157498897079511,0.0,0.0,0.8157498897079511,19,Peak,Spring,True,True,True,True,0.47,0.383402448162737,0.16768192177330107,-0.21572052638943592
2018-03-31 20:00:00,95.00000003165758,0.8917045535875132,0.0,0.0,0.8917045535875132,20,Peak,Spring,True,True,True,True,0.47,0.4191011401861312,0.18329482490409993,-0.23580631528203128
2018-03-31 21:00:00,95.00000003165758,0.9599566211500228,0.0,0.0,0.9599566211500228,21,Peak,Spring,True,True,True,True,0.47,0.4511796119405107,0.1973244165697269,-0.2538551953707838
2018-03-31 22:00:00,95.00000003165758,0.9729789948277776,0.0,0.0,0.9729789948277776,22,Off-Peak,Spring,True,True,True,True,0.27,0.26270432860349996,0.20000123782570983,-0.06270309077779013
2018-03-31 23:00:00,95.00000003165758,0.9073976367807282,0.0,0.0,0.9073976367807282,23,Off-Peak,Spring,True,True,True,True,0.27,0.24499736193079663,0.18652062533826078,-0.058476736592535855
2018-04-01 00:00:00,92.68699297225744,0.7305002815805175,0.0,0.3116924117767595,0.418807869803758,0,Off-Peak,Spring,True,True,True,False,0.27,0.11307812484701467,0.08608828434855026,-0.02698984049846441
2018-04-01 01:00:00,91.3965850258456,0.5925838634629756,0.0,0.1737760046211902,0.4188078588417854,1,Off-Peak,Spring,True,True,True,False,0.27,0.11307812188728207,0.08608828209525589,-0.026989839792026182
2018-04-01 02:00:00,90.68358878826412,0.5148080237737881,0.0,0.0960001649820992,0.4188078587916889,2,Off-Peak,Spring,True,True,True,False,0.27,0.11307812187375602,0.08608828208495828,-0.026989839788797737
2018-04-01 03:00:00,89.96675651736047,0.5152795401920568,0.0,0.0964716813861822,0.4188078588058745,3,Off-Peak,Spring,True,True,True,False,0.27,0.11307812187758612,0.0860882820878742,-0.026989839789711922
2018-04-01 04:00:00,88.83279211779612,0.5712796658058646,0.0,0.1524718068623162,0.4188078589435484,4,Off-Peak,Spring,True,True,True,False,0.27,0.11307812191475806,0.08608828211617382,-0.026989839798584242
2018-04-01 05:00:00,87.28698769341729,0.6264370490426873,0.0,0.2076291898934059,0.4188078591492813,5,Off-Peak,Spring,True,True,True,False,0.27,0.11307812197030596,0.08608828215846338,-0.02698983981184258
2018-04-01 19:00:00,89.50531859241684,0.8055844616065629,0.0,0.3867765973847986,0.4188078642217643,19,Peak,Spring,True,True,True,False,0.47,0.19683969618422922,0.08608828320114044,-0.11075141298308878
2018-04-01 20:00:00,86.43013539849083,0.8313322413246546,0.0,0.4125243787640575,0.418807862560597,20,Peak,Spring,True,True,True,False,0.47,0.19683969540348056,0.08608828285967828,-0.11075141254380229
2018-04-01 21:00:00,83.15348872829861,0.8576768659786975,0.0,0.4388690039482545,0.418807862030443,21,Peak,Spring,True,True,True,False,0.47,0.19683969515430821,0.08608828275070217,-0.11075141240360604
2018-04-01 22:00:00,79.5082267911309,0.906251073823484,0.0,0.4874432106371962,0.4188078631862878,22,Off-Peak,Spring,True,True,True,False,0.27,0.11307812306029771,0.08608828298829249,-0.026989840072005222
2018-04-01 23:00:00,75.80632661821467,0.9131121808189858,0.0,0.4943043184674492,0.4188078623515366,23,Off-Peak,Spring,True,True,True,False,0.27,0.11307812283491489,0.08608828281670475,-0.026989840018210143
2018-04-02 00:00:00,73.45325145632327,0.7329539630491365,0.0,0.3141461042410055,0.418807858808131,0,Off-Peak,Spring,True,True,True,False,0.27,0.11307812187819537,0.08608828208833803,-0.026989839789857334
2018-04-02 01:00:00,72.42267485048588,0.5564384185724754,0.0,0.1376305597683076,0.4188078588041678,1,Off-Peak,Spring,True,True,True,False,0.27,0.11307812187712532,0.08608828208752338,-0.02698983978960194
2018-04-02 02:00:00,71.93529965908624,0.4839021346780099,0.0,0.0650942758882836,0.4188078587897262,2,Off-Peak,Spring,True,True,True,False,0.27,0.11307812187322608,0.08608828208455484,-0.02698983978867124
2018-04-02 03:00:00,71.579671298447,0.4663024986405908,0.0,0.047494639851139,0.4188078587894517,3,Off-Peak,Spring,True,True,True,False,0.27,0.11307812187315197,0.08608828208449841,-0.02698983978865356
2018-04-02 04:00:00,70.96378838977503,0.501027269229354,0.0,0.0822194104325563,0.4188078587967977,4,Off-Peak,Spring,True,True,True,False,0.27,0.11307812187513538,0.08608828208600842,-0.02698983978912696
2018-04-02 05:00:00,70.07910923595584,0.5368501138672485,0.0,0.1180422550512479,0.4188078588160006,5,Off-Peak,Spring,True,True,True,False,0.27,0.11307812188032017,0.08608828208995567,-0.026989839790364498
2018-04-02 19:00:00,90.69291528930096,0.7487130428034203,0.0,0.3299051795679211,0.4188078632354992,19,Peak,Spring,True,True,True,False,0.47,0.1968396957206846,0.08608828299840816,-0.11075141272227644
2018-04-02 20:00:00,87.7393229401519,0.815283834404661,0.0,0.3964759708416716,0.4188078635629894,20,Peak,Spring,True,True,True,False,0.47,0.196839695874605,0.0860882830657256,-0.11075141280887942
2018-04-02 21:00:00,84.33012640541573,0.8755964385092209,0.0,0.4567885746990673,0.4188078638101535,21,Peak,Spring,True,True,True,False,0.47,0.19683969599077214,0.08608828311653156,-0.11075141287424058
2018-04-02 22:00:00,80.92990587269695,0.873768720822557,0.0,0.4549608593276733,0.4188078614948837,22,Off-Peak,Spring,True,True,True,False,0.27,0.1130781226036186,0.08608828264061498,-0.026989839963003623
2018-04-02 23:00:00,77.49304289216384,0.8780588580317628,0.0,0.4592509966263136,0.4188078614054491,23,Off-Peak,Spring,True,True,True,False,0.27,0.11307812257947127,0.0860882826222312,-0.026989839957240067
2018-04-03 00:00:00,75.04586119890529,0.7456851663830141,0.0,0.3268773074776477,0.4188078589053663,0,Off-Peak,Spring,True,True,True,False,0.27,0.11307812190444891,0.0860882821083253,-0.026989839796123613
2018-04-03 01:00:00,73.6934712167674,0.5994645057668794,0.0,0.1806566469758464,0.418807858791033,1,Off-Peak,Spring,True,True,True,False,0.27,0.11307812187357892,0.08608828208482344,-0.02698983978875548
2018-04-03 02:00:00,72.67073121391051,0.5553982907230535,0.0,0.1365904319273223,0.4188078587957311,2,Off-Peak,Spring,True,True,True,False,0.27,0.1130781218748474,0.08608828208578917,-0.026989839789058237
2018-04-03 03:00:00,71.77453570202529,0.5384630089423077,0.0,0.119655150143628,0.4188078587986796,3,Off-Peak,Spring,True,True,True,False,0.27,0.1130781218756435,0.08608828208639524,-0.026989839789248266
2018-04-03 04:00:00,70.45409186478211,0.5949693188892367,0.0,0.1761614599619066,0.41880785892733,4,Off-Peak,Spring,True,True,True,False,0.27,0.11307812191037911,0.08608828211284006,-0.02698983979753905
2018-04-03 05:00:00,68.60769641234644,0.6648715904034573,0.0,0.2460637310842987,0.4188078593191586,5,Off-Peak,Spring,True,True,True,False,0.27,0.11307812201617283,0.08608828219338259,-0.02698983982279024
2018-04-03 19:00:00,90.56833093880124,0.7638874018107077,0.0,0.345079537648166,0.4188078641625417,19,Peak,Spring,True,True,True,False,0.47,0.19683969615639457,0.0860882831889669,-0.11075141296742767
2018-04-03 20:00:00,87.76731799775814,0.7948154506146008,0.0,0.3760075884697277,0.4188078621448731,20,Peak,Spring,True,True,True,False,0.47,0.19683969520809033,0.08608828277422391,-0.11075141243386642
2018-04-03 21:00:00,84.5452815195709,0.8505764173911775,0.0,0.4317685545322492,0.4188078628589282,21,Peak,Spring,True,True,True,False,0.47,0.19683969554369624,0.0860882829210019,-0.11075141262269433
2018-04-03 22:00:00,81.12079856853734,0.8770139824459119,0.0,0.4582061203731267,0.4188078620727852,22,Off-Peak,Spring,True,True,True,False,0.27,0.11307812275965201,0.08608828275940585,-0.026989840000246165
2018-04-03 23:00:00,77.4769379223103,0.9056295435823216,0.0,0.4868216810065648,0.4188078625757567,23,Off-Peak,Spring,True,True,True,False,0.27,0.11307812289545431,0.08608828286279444,-0.026989840032659876
2018-04-04 00:00:00,75.27435086607794,0.7130608325177379,0.0,0.2942529737269674,0.4188078587907705,0,Off-Peak,Spring,True,True,True,False,0.27,0.11307812187350803,0.08608828208476949,-0.02698983978873855
2018-04-04 01:00:00,74.25394331176082,0.5551633765904919,0.0,0.1363555177936836,0.4188078587968082,1,Off-Peak,Spring,True,True,True,False,0.27,0.11307812187513823,0.08608828208601058,-0.026989839789127654
2018-04-04 02:00:00,73.56922018488545,0.5102987719445652,0.0,0.0914909131547525,0.4188078587898126,2,Off-Peak,Spring,True,True,True,False,0.27,0.11307812187324941,0.08608828208457257,-0.026989839788676834
2018-04-04 03:00:00,72.83234107631644,0.5172361824781457,0.0,0.0984283236820382,0.4188078587961075,3,Off-Peak,Spring,True,True,True,False,0.27,0.11307812187494903,0.08608828208586654,-0.026989839789082495
2018-04-04 04:00:00,71.71264888444796,0.5682713882648255,0.0,0.1494635294053793,0.4188078588594461,4,Off-Peak,Spring,True,True,True,False,0.27,0.11307812189205045,0.08608828209888615,-0.0269898397931643
2018-04-04 05:00:00,70.25287255261765,0.6135140361499138,0.0,0.1947061771867315,0.4188078589631823,5,Off-Peak,Spring,True,True,True,False,0.27,0.11307812192005923,0.08608828212020969,-0.026989839799849535
2018-04-04 19:00:00,90.20644069424569,0.7824154939458946,0.0,0.3636076292702001,0.4188078646756945,19,Peak,Spring,True,True,True,False,0.47,0.1968396963975764,0.08608828329444831,-0.11075141310312808
2018-04-04 20:00:00,87.33619661730111,0.8039870076122292,0.0,0.3851791455671978,0.4188078620450313,20,Peak,Spring,True,True,True,False,0.47,0.1968396951611647,0.08608828275370087,-0.11075141240746383
2018-04-04 21:00:00,84.26068737004336,0.8309002164611489,0.0,0.4120923548317919,0.4188078616293569,21,Peak,Spring,True,True,True,False,0.47,0.19683969496579773,0.0860882826682567,-0.11075141229754103
2018-04-04 22:00:00,80.79439905251444,0.8825115900395264,0.0,0.4637037273898943,0.4188078626496321,22,Off-Peak,Spring,True,True,True,False,0.27,0.11307812291540068,0.08608828287797993,-0.026989840037420748
2018-04-04 23:00:00,77.26335875120225,0.890520690097643,0.0,0.4717128283463596,0.4188078617512834,23,Off-Peak,Spring,True,True,True,False,0.27,0.11307812267284652,0.08608828269331935,-0.02698983997952717
2018-04-05 00:00:00,75.77140893306274,0.7097193486679757,0.0,0.1994205766361808,0.5102987720317949,0,Off-Peak,Spring,True,True,True,False,0.27,0.1377806684485846,0.10489474758431337,-0.03288592086427124
2018-04-05 01:00:00,75.3899073579817,0.5613156676654825,0.0,0.0510168957169937,0.5102987719484887,1,Off-Peak,Spring,True,True,True,False,0.27,0.13778066842609196,0.10489474756718935,-0.032885920858902615
2018-04-05 02:00:00,75.43038768782138,0.5044235148068688,0.0,0.0,0.5044235148068688,2,Off-Peak,Spring,True,True,True,True,0.27,0.13619434899785457,0.10368705582141191,-0.03250729317644266
2018-04-05 03:00:00,75.51512002630169,0.4980001422193004,0.0,0.0,0.4980001422193004,3,Off-Peak,Spring,True,True,True,True,0.27,0.1344600383992111,0.10236669590063396,-0.03209334249857715
2018-04-05 04:00:00,75.30414508150501,0.5385134449283919,0.0,0.0282146729835013,0.5102987719448906,4,Off-Peak,Spring,True,True,True,False,0.27,0.13778066842512046,0.10489474756644973,-0.03288592085867073
2018-04-05 05:00:00,74.84752758543732,0.5713453775598611,0.0,0.0610466056121647,0.5102987719476965,5,Off-Peak,Spring,True,True,True,False,0.27,0.13778066842587805,0.10489474756702649,-0.03288592085885156
2018-04-05 19:00:00,91.64162830034304,0.7844807766420008,0.0,0.2741820017947619,0.510298774847239,19,Peak,Spring,True,True,True,False,0.47,0.23984042417820228,0.10489474816304356,-0.13494567601515872
2018-04-05 20:00:00,89.37977438546906,0.8142616570545369,0.0,0.3039628831675414,0.5102987738869955,20,Peak,Spring,True,True,True,False,0.47,0.23984042372688788,0.10489474796566019,-0.13494567576122768
2018-04-05 21:00:00,86.5980823578055,0.8834607924125253,0.0,0.3731620172814376,0.5102987751310877,21,Peak,Spring,True,True,True,False,0.47,0.2398404243116112,0.10489474822139024,-0.13494567609022096
2018-04-05 22:00:00,83.60183768474802,0.911659348510682,0.0,0.4013605741626997,0.5102987743479823,22,Off-Peak,Spring,True,True,True,False,0.27,0.13778066907395523,0.10489474806041858,-0.03288592101353664
2018-04-05 23:00:00,80.54560624772151,0.9191826203759323,0.0,0.408883846615056,0.5102987737608763,23,Off-Peak,Spring,True,True,True,False,0.27,0.1377806689154366,0.10489474793973567,-0.032885920975700936
2018-04-06 00:00:00,78.6854071467423,0.7591558576822997,0.0,0.2488570857363189,0.5102987719459807,0,Off-Peak,Spring,True,True,True,False,0.27,0.1377806684254148,0.10489474756667382,-0.032885920858740994
2018-04-06 01:00:00,78.15995391184406,0.5806314076559415,0.0,0.0703326357010514,0.51029877195489,1,Off-Peak,Spring,True,True,True,False,0.27,0.13778066842782033,0.10489474756850517,-0.03288592085931516
2018-04-06 02:00:00,78.0267697930452,0.5281285939200119,0.0,0.0178298219753879,0.5102987719446239,2,Off-Peak,Spring,True,True,True,False,0.27,0.13778066842504846,0.10489474756639491,-0.03288592085865355
2018-04-06 03:00:00,77.99721100351535,0.5142560911853444,0.0,0.0039573192407825,0.5102987719445619,3,Off-Peak,Spring,True,True,True,False,0.27,0.1377806684250317,0.10489474756638215,-0.03288592085864955
2018-04-06 04:00:00,77.69904295182293,0.5502069904541753,0.0,0.0399082185088095,0.5102987719453658,4,Off-Peak,Spring,True,True,True,False,0.27,0.13778066842524878,0.1048947475665474,-0.03288592085870137
2018-04-06 05:00:00,77.19303637312359,0.5780043454585928,0.0,0.0677055735110914,0.5102987719475013,5,Off-Peak,Spring,True,True,True,False,0.27,0.13778066842582534,0.10489474756698637,-0.03288592085883897
2018-04-06 19:00:00,89.91949238116695,0.8443466771122847,0.0,0.3340479021605106,0.5102987749517741,19,Peak,Spring,True,True,True,False,0.47,0.23984042422733381,0.10489474818453134,-0.13494567604280247
2018-04-06 20:00:00,87.41070410697574,0.8470221281988619,0.0,0.3367233545332356,0.5102987736656264,20,Peak,Spring,True,True,True,False,0.47,0.23984042362284438,0.10489474792015652,-0.13494567570268787
2018-04-06 21:00:00,84.45198216368198,0.9067665860261264,0.0,0.3964678111352237,0.5102987748909027,21,Peak,Spring,True,True,True,False,0.47,0.23984042419872426,0.10489474817201888,-0.13494567602670537
2018-04-06 22:00:00,81.23182934718697,0.9411703563077384,0.0,0.430871581632381,0.5102987746753573,22,Off-Peak,Spring,True,True,True,False,0.27,0.1377806691623465,0.10489474812771235,-0.03288592103463414
2018-04-06 23:00:00,78.33028664635205,0.8981750255293467,0.0,0.3878762526671094,0.5102987728622372,23,Off-Peak,Spring,True,True,True,False,0.27,0.13778066867280406,0.10489474775501542,-0.032885920917788636
2018-04-07 00:00:00,76.53630763803513,0.750099470413696,0.0,0.2398006984672487,0.5102987719464471,0,Off-Peak,Spring,True,True,True,False,0.27,0.13778066842554074,0.10489474756676968,-0.03288592085877105
2018-04-07 01:00:00,76.17085383357065,0.5591804954478748,0.0,0.0488817234955435,0.5102987719523313,1,Off-Peak,Spring,True,True,True,False,0.27,0.13778066842712947,0.1048947475679792,-0.032885920859150264
2018-04-07 02:00:00,76.31931553691257,0.4887685833475451,0.0,0.0,0.4887685833475451,2,Off-Peak,Spring,True,True,True,True,0.27,0.13196751750383717,0.10046909768810648,-0.03149841981573069
2018-04-07 03:00:00,76.63924086081185,0.4638407800503791,0.0,0.0,0.4638407800503791,3,Off-Peak,Spring,True,True,True,True,0.27,0.12523701061360237,0.09534504923257792,-0.029891961381024457
2018-04-07 04:00:00,76.8069773034812,0.485941390918536,0.0,0.0,0.485941390918536,4,Off-Peak,Spring,True,True,True,True,0.27,0.13120417554800473,0.09988795257769906,-0.031316222970305674
2018-04-07 05:00:00,76.89219774526026,0.4979238833717336,0.0,0.0,0.4979238833717336,5,Off-Peak,Spring,True,True,True,True,0.27,0.13443944851036807,0.10235102047085635,-0.032088428039511716
2018-04-07 19:00:00,91.20232845691108,0.8062053288824677,0.0,0.2959065536484612,0.5102987752340065,19,Peak,Spring,True,True,True,False,0.47,0.239840424359983,0.10489474824254577,-0.13494567611743724
2018-04-07 20:00:00,88.9964011708923,0.8066638227832219,0.0,0.2963650494517642,0.5102987733314577,20,Peak,Spring,True,True,True,False,0.47,0.2398404234657851,0.1048947478514663,-0.1349456756143188
2018-04-07 21:00:00,86.55857018988094,0.8373602294151983,0.0,0.3270614559019628,0.5102987735132354,21,Peak,Spring,True,True,True,False,0.47,0.23984042355122062,0.10489474788883171,-0.1349456756623889
2018-04-07 22:00:00,83.81915341275284,0.8773105363339911,0.0,0.3670117625654597,0.5102987737685314,22,Off-Peak,Spring,True,True,True,False,0.27,0.13778066891750348,0.10489474794130924,-0.03288592097619425
2018-04-07 23:00:00,80.67923067904837,0.930346665573315,0.0,0.4200478909657493,0.5102987746075658,23,Off-Peak,Spring,True,True,True,False,0.27,0.13778066914404277,0.10489474811377741,-0.03288592103026536
2018-04-08 00:00:00,78.79695525252704,0.7620957640785909,0.0,0.251796992133677,0.5102987719449139,0,Off-Peak,Spring,True,True,True,False,0.27,0.13778066842512676,0.10489474756645452,-0.03288592085867224
2018-04-08 01:00:00,78.39395440038906,0.5642448872300294,0.0,0.0539461152765982,0.5102987719534312,1,Off-Peak,Spring,True,True,True,False,0.27,0.13778066842742642,0.1048947475682053,-0.032885920859221124
2018-04-08 02:00:00,78.51816754491767,0.4922509166754183,0.0,0.0,0.4922509166754183,2,Off-Peak,Spring,True,True,True,True,0.27,0.13290774750236295,0.1011849106499471,-0.03172283685241585
2018-04-08 03:00:00,78.68100834038282,0.486636453311825,0.0,0.0,0.486636453311825,3,Off-Peak,Spring,True,True,True,True,0.27,0.13139184239419274,0.10003082651409735,-0.03136101588009539
2018-04-08 04:00:00,78.50017997325011,0.5345085775174805,0.0,0.0242098055726911,0.5102987719447893,4,Off-Peak,Spring,True,True,True,False,0.27,0.13778066842509312,0.10489474756642891,-0.03288592085866421
2018-04-08 05:00:00,77.98161358850885,0.579699351618152,0.0,0.0694005796685033,0.5102987719496487,5,Off-Peak,Spring,True,True,True,False,0.27,0.13778066842640516,0.10489474756742778,-0.032885920858977374
2018-04-08 19:00:00,90.96977349588636,0.8345157196083092,0.0,0.3242169427903507,0.5102987768179585,19,Peak,Spring,True,True,True,False,0.47,0.2398404251044405,0.10489474856813592,-0.13494567653630457
2018-04-08 20:00:00,88.5429168347942,0.8362109363250726,0.0,0.3259121624994791,0.5102987738255935,20,Peak,Spring,True,True,True,False,0.47,0.23984042369802894,0.10489474795303866,-0.13494567574499028
2018-04-08 21:00:00,85.94821103898933,0.8582638280483665,0.0,0.3479650543684489,0.5102987736799176,21,Peak,Spring,True,True,True,False,0.47,0.23984042362956126,0.10489474792309417,-0.1349456757064671
2018-04-08 22:00:00,83.15801241219988,0.8839875616003083,0.0,0.37368878795011,0.5102987736501983,22,Off-Peak,Spring,True,True,True,False,0.27,0.13778066888555354,0.10489474791698519,-0.03288592096856835
2018-04-08 23:00:00,80.30480699177764,0.8919818445002083,0.0,0.3816830711820838,0.5102987733181246,23,Off-Peak,Spring,True,True,True,False,0.27,0.13778066879589365,0.1048947478487256,-0.03288592094716805
2018-04-09 00:00:00,78.57723075943522,0.7413932449374302,0.0,0.231094472992366,0.5102987719450642,0,Off-Peak,Spring,True,True,True,False,0.27,0.13778066842516734,0.10489474756648541,-0.03288592085868193
2018-04-09 01:00:00,78.22118907711342,0.557955263499368,0.0,0.0476564915488993,0.5102987719504686,1,Off-Peak,Spring,True,True,True,False,0.27,0.13778066842662653,0.10489474756759631,-0.03288592085903022
2018-04-09 02:00:00,78.2010256422897,0.5129981430715937,0.0,0.0026993711270363,0.5102987719445574,2,Off-Peak,Spring,True,True,True,False,0.27,0.1377806684250305,0.10489474756638124,-0.03288592085864926
2018-04-09 03:00:00,78.16496295897679,0.5151265399275164,0.0,0.0048277679829492,0.5102987719445672,3,Off-Peak,Spring,True,True,True,False,0.27,0.13778066842503314,0.10489474756638324,-0.0328859208586499
2018-04-09 04:00:00,77.64291153658603,0.580154122539149,0.0,0.0698553505884568,0.5102987719506922,4,Off-Peak,Spring,True,True,True,False,0.27,0.1377806684266869,0.10489474756764228,-0.032885920859044626
2018-04-09 05:00:00,76.73581493515039,0.6316092761201237,0.0,0.1213105041443607,0.510298771975763,5,Off-Peak,Spring,True,True,True,False,0.27,0.13778066843345602,0.10489474757279572,-0.03288592086066029
2018-04-09 06:00:00,75.19309715222208,0.7164201895611574,0.0,0.206121417356294,0.5102987722048634,6,Off-Peak,Spring,True,True,True,False,0.27,0.13778066849531312,0.1048947476198886,-0.032885920875424524
2018-04-09 18:00:00,93.31296820613944,0.7383973099204351,0.0,0.2280985344776056,0.5102987754428294,18,Peak,Spring,True,True,True,False,0.47,0.2398404244581298,0.10489474828547049,-0.13494567617265932
2018-04-09 19:00:00,91.0913464006782,0.8091385135135134,0.0,0.2988397383676815,0.5102987751458319,19,Peak,Spring,True,True,True,False,0.47,0.23984042431854097,0.10489474822442099,-0.13494567609411998
2018-04-09 20:00:00,88.74574637693787,0.825331081081081,0.0,0.3150323072952599,0.5102987737858211,20,Peak,Spring,True,True,True,False,0.47,0.23984042367933592,0.10489474794486323,-0.1349456757344727
2018-04-09 21:00:00,86.30723956386811,0.8373817567567566,0.0,0.3270829834685641,0.5102987732881925,21,Peak,Spring,True,True,True,False,0.47,0.23984042344545048,0.1048947478425729,-0.13494567560287757
2018-04-09 22:00:00,83.42805095324358,0.8959087837837838,0.0,0.3856100094601248,0.510298774323659,22,Off-Peak,Spring,True,True,True,False,0.27,0.13778066906738795,0.10489474805541879,-0.03288592101196916
2018-04-09 23:00:00,80.6483969497432,0.882186526568582,0.0,0.3718877535641251,0.5102987730044568,23,Off-Peak,Spring,True,True,True,False,0.27,0.13778066871120334,0.10489474778424945,-0.03288592092695389
2018-04-10 00:00:00,79.30351491857806,0.6902786527726346,0.0,0.1799798808108281,0.5102987719618064,0,Off-Peak,Spring,True,True,True,False,0.27,0.13778066842968772,0.10489474756992687,-0.03288592085976086
2018-04-10 01:00:00,79.30351491857806,0.5100486065477756,0.0,0.0,0.5100486065477756,1,Off-Peak,Spring,True,True,True,True,0.27,0.13771312376789943,0.104843324679265,-0.03286979908863444
2018-04-10 02:00:00,79.81428674889264,0.4360393376087186,0.0,0.0,0.4360393376087186,2,Off-Peak,Spring,True,True,True,True,0.27,0.11773062115435404,0.0896303082862366,-0.02810031286811744
2018-04-10 03:00:00,80.44479760385565,0.4186026834372728,0.0,0.0,0.4186026834372728,3,Off-Peak,Spring,True,True,True,True,0.27,0.11302272452806367,0.08604610715099496,-0.026976617377068704
2018-04-10 04:00:00,81.11953555207008,0.4121426762017556,0.0,0.0,0.4121426762017556,4,Off-Peak,Spring,True,True,True,True,0.27,0.11127852257447401,0.08471821677480532,-0.0265603057996687
2018-04-10 05:00:00,81.70044562224939,0.425777239152923,0.0,0.0,0.425777239152923,5,Off-Peak,Spring,True,True,True,True,0.27,0.11495985457128921,0.08752087693698972,-0.02743897763429949
2018-04-10 06:00:00,82.51248182580161,0.4566584807878998,0.0,0.0,0.4566584807878998,6,Off-Peak,Spring,True,True,True,True,0.27,0.12329778981273296,0.09386868771751272,-0.029429102095220233
2018-04-10 07:00:00,88.48372296763944,0.5026610453607507,0.0,0.0,0.5026610453607507,7,Mid-Peak,Spring,True,True,True,True,0.37,0.18598458678347776,0.10332477043526542,-0.08265981634821234
2018-04-10 19:00:00,91.99224409612764,0.7689447981089597,0.0,0.2586460234734214,0.5102987746355382,19,Peak,Spring,True,True,True,False,0.47,0.23984042407870293,0.10489474811952729,-0.13494567595917564
2018-04-10 20:00:00,89.69917785235158,0.8184467760078435,0.0,0.3081480016439979,0.5102987743638456,20,Peak,Spring,True,True,True,False,0.47,0.23984042395100744,0.10489474806367936,-0.1349456758873281
2018-04-10 21:00:00,87.0070798731138,0.8714573476150037,0.0,0.3611585728669534,0.5102987747480503,21,Peak,Spring,True,True,True,False,0.47,0.23984042413158363,0.10489474814265477,-0.13494567598892887
2018-04-10 22:00:00,83.99431186331884,0.9138523454814876,0.0,0.4035535707770575,0.5102987747044301,22,Off-Peak,Spring,True,True,True,False,0.27,0.13778066917019613,0.1048947481336884,-0.032885921036507726
2018-04-10 23:00:00,80.92290338197786,0.9211850017788252,0.0,0.4108862279543377,0.5102987738244875,23,Off-Peak,Spring,True,True,True,False,0.27,0.13778066893261165,0.10489474795281133,-0.03288592097980032
2018-04-11 00:00:00,79.09500529512415,0.754826582844582,0.0,0.2445278108998549,0.5102987719447272,0,Off-Peak,Spring,True,True,True,False,0.27,0.13778066842507636,0.10489474756641613,-0.032885920858660225
2018-04-11 01:00:00,78.57305882651352,0.5801586701628025,0.0,0.0698598982094336,0.5102987719533689,1,Off-Peak,Spring,True,True,True,False,0.27,0.13778066842740963,0.10489474756819249,-0.03288592085921714
2018-04-11 02:00:00,78.3107964706356,0.5454027824753075,0.0,0.0351040105307456,0.5102987719445619,2,Off-Peak,Spring,True,True,True,False,0.27,0.1377806684250317,0.10489474756638215,-0.03288592085864955
2018-04-11 03:00:00,78.09882892670313,0.5386692895101068,0.0,0.0283705175654846,0.5102987719446223,3,Off-Peak,Spring,True,True,True,False,0.27,0.13778066842504802,0.10489474756639458,-0.03288592085865344
2018-04-11 04:00:00,77.5835810217215,0.5792364897602134,0.0,0.0689377178114739,0.5102987719487394,4,Off-Peak,Spring,True,True,True,False,0.27,0.13778066842615966,0.10489474756724088,-0.03288592085891878
2018-04-11 05:00:00,76.73467385346933,0.623821078080792,0.0,0.113522306114953,0.510298771965839,5,Off-Peak,Spring,True,True,True,False,0.27,0.13778066843077652,0.10489474757075579,-0.032885920860020734
2018-04-11 19:00:00,91.20556232209924,0.7929388084465527,0.0,0.2826400340249058,0.510298774421647,19,Peak,Spring,True,True,True,False,0.47,0.23984042397817407,0.10489474807556076,-0.1349456759026133
2018-04-11 20:00:00,88.89256694165326,0.8209617929948241,0.0,0.3106630191516215,0.5102987738432025,20,Peak,Spring,True,True,True,False,0.47,0.23984042370630518,0.10489474795665829,-0.1349456757496469
2018-04-11 21:00:00,85.94944841727525,0.904863660550706,0.0,0.3945648847273472,0.5102987758233588,21,Peak,Spring,True,True,True,False,0.47,0.23984042463697863,0.10489474836369042,-0.1349456762732882
2018-04-11 22:00:00,82.34333820948089,0.9928259620915388,0.0,0.4825271842547051,0.5102987778368338,22,Off-Peak,Spring,True,True,True,False,0.27,0.13778067001594513,0.10489474877757138,-0.03288592123837375
2018-04-11 23:00:00,78.878276423901,0.9733655874965724,0.0,0.4630668131659248,0.5102987743306475,23,Off-Peak,Spring,True,True,True,False,0.27,0.13778066906927483,0.10489474805685532,-0.03288592101241951
2018-04-12 00:00:00,76.55755335901318,0.8487299232285206,0.0,0.310060633676571,0.5386692895519496,0,Off-Peak,Spring,True,True,True,False,0.27,0.1454407081790264,0.1107264650745674,-0.034714243104459
2018-04-12 01:00:00,75.22815926606918,0.7162897770897978,0.0,0.1776204875793409,0.5386692895104569,1,Off-Peak,Spring,True,True,True,False,0.27,0.14544070816782337,0.11072646506603835,-0.03471424310178502
2018-04-12 02:00:00,74.29571421646042,0.6632356322261465,0.0,0.1245663427136973,0.5386692895124491,2,Off-Peak,Spring,True,True,True,False,0.27,0.14544070816836127,0.11072646506644787,-0.0347142431019134
2018-04-12 03:00:00,73.45035907985114,0.6515692235150978,0.0,0.1128999339978866,0.5386692895172113,3,Off-Peak,Spring,True,True,True,False,0.27,0.14544070816964705,0.11072646506742675,-0.034714243102220294
2018-04-12 04:00:00,71.99350431345678,0.7330583740880322,0.0,0.1943890843478517,0.5386692897401805,4,Off-Peak,Spring,True,True,True,False,0.27,0.14544070822984873,0.11072646511325931,-0.03471424311658941
2018-04-12 05:00:00,69.95053725155864,0.8109457293139997,0.0,0.2722764390588952,0.5386692902551045,5,Off-Peak,Spring,True,True,True,False,0.27,0.1454407083688782,0.1107264652191048,-0.03471424314977341
2018-04-12 06:00:00,67.30106641290796,0.8912515454629863,0.0,0.3525822538408285,0.5386692916221578,6,Off-Peak,Spring,True,True,True,False,0.27,0.14544070873798262,0.11072646550011021,-0.03471424323787241
2018-04-12 19:00:00,92.14924103366124,0.7756690123266473,0.0,0.2369997209666767,0.5386692913599707,19,Peak,Spring,True,True,True,False,0.47,0.2531745669391862,0.11072646544621619,-0.14244810149297005
2018-04-12 20:00:00,90.01508770930052,0.8255149935943561,0.0,0.2868457021223141,0.5386692914720419,20,Peak,Spring,True,True,True,False,0.47,0.2531745669918597,0.11072646546925305,-0.14244810152260665
2018-04-12 21:00:00,87.65283554289587,0.8557069762293227,0.0,0.3170376850784155,0.5386692911509071,21,Peak,Spring,True,True,True,False,0.47,0.2531745668409263,0.110726465403242,-0.14244810143768433
2018-04-12 22:00:00,84.95288979838566,0.9004969607790467,0.0,0.3618276692498218,0.5386692915292249,22,Off-Peak,Spring,True,True,True,False,0.27,0.14544070871289075,0.11072646548100736,-0.03471424323188339
2018-04-12 23:00:00,81.89956062630259,0.9472570051503478,0.0,0.408587713172284,0.5386692919780638,23,Off-Peak,Spring,True,True,True,False,0.27,0.14544070883407723,0.11072646557326865,-0.034714243260808575
2018-04-13 00:00:00,79.98366463223249,0.7950182537824944,0.0,0.2563489642659436,0.5386692895165508,0,Off-Peak,Spring,True,True,True,False,0.27,0.14544070816946872,0.11072646506729099,-0.03471424310217773
2018-04-13 01:00:00,78.93488983554879,0.6790072396351806,0.0,0.1403379501241984,0.5386692895109821,1,Off-Peak,Spring,True,True,True,False,0.27,0.1454407081679652,0.11072646506614632,-0.03471424310181888
2018-04-13 02:00:00,78.19320622928696,0.6379037780892134,0.0,0.0992344885780868,0.5386692895111266,2,Off-Peak,Spring,True,True,True,False,0.27,0.1454407081680042,0.11072646506617602,-0.03471424310182818
2018-04-13 03:00:00,77.30187038598876,0.6578765758559943,0.0,0.1192072863277539,0.5386692895282403,3,Off-Peak,Spring,True,True,True,False,0.27,0.1454407081726249,0.11072646506969383,-0.03471424310293106
2018-04-13 04:00:00,75.70820722653157,0.75159415186855,0.0,0.2129248620457567,0.5386692898227934,4,Off-Peak,Spring,True,True,True,False,0.27,0.14544070825215422,0.11072646513024086,-0.03471424312191336
2018-04-13 05:00:00,73.4592901776667,0.8387701313393136,0.0,0.3001008408393316,0.5386692904999819,5,Off-Peak,Spring,True,True,True,False,0.27,0.14544070843499513,0.11072646526944072,-0.03471424316555441
2018-04-13 19:00:00,92.74528403797407,0.7640138206375338,0.0,0.2253445289041128,0.5386692917334208,19,Peak,Spring,True,True,True,False,0.47,0.25317456711470776,0.11072646552298093,-0.14244810159172683
2018-04-13 20:00:00,90.90201472177549,0.786589224324124,0.0,0.2479199336287955,0.5386692906953285,20,Peak,Spring,True,True,True,False,0.47,0.2531745666268044,0.1107264653095953,-0.14244810131720909
2018-04-13 21:00:00,88.68370992782339,0.8365613676017775,0.0,0.2978920763561226,0.5386692912456549,21,Peak,Spring,True,True,True,False,0.47,0.25317456688545775,0.11072646542271794,-0.1424481014627398
2018-04-13 22:00:00,86.101800820261,0.8848637873147331,0.0,0.3461944957768647,0.5386692915378684,22,Off-Peak,Spring,True,True,True,False,0.27,0.14544070871522446,0.11072646548278404,-0.03471424323244042
2018-04-13 23:00:00,83.59540774633093,0.8743820166831868,0.0,0.3357127262796484,0.5386692904035384,23,Off-Peak,Spring,True,True,True,False,0.27,0.14544070840895537,0.11072646524961623,-0.034714243159339145
2018-04-14 00:00:00,82.37643917410553,0.7019752985544774,0.0,0.1633060090362341,0.5386692895182432,0,Off-Peak,Spring,True,True,True,False,0.27,0.1454407081699257,0.11072646506763888,-0.03471424310228681
2018-04-14 01:00:00,82.28315034857215,0.5511745107849972,0.0,0.0125052212745116,0.5386692895104855,1,Off-Peak,Spring,True,True,True,False,0.27,0.1454407081678311,0.11072646506604424,-0.034714243101786876
2018-04-14 02:00:00,82.53463992698173,0.5020790577434282,0.0,0.0,0.5020790577434282,2,Off-Peak,Spring,True,True,True,True,0.27,0.13556134559072563,0.10320513964726025,-0.03235620594346539
2018-04-14 03:00:00,82.79396927881145,0.5009343090041655,0.0,0.0,0.5009343090041655,3,Off-Peak,Spring,True,True,True,True,0.27,0.13525226343112468,0.10296983018418956,-0.03228243324693511
2018-04-14 04:00:00,82.6694052786699,0.5553692006353086,0.0,0.016699911125114,0.5386692895101945,4,Off-Peak,Spring,True,True,True,False,0.27,0.14544070816775254,0.11072646506598442,-0.034714243101768114
2018-04-14 05:00:00,82.2143326172632,0.5996572861963287,0.0,0.0609879966828541,0.5386692895134746,5,Off-Peak,Spring,True,True,True,False,0.27,0.14544070816863816,0.11072646506665866,-0.0347142431019795
2018-04-14 19:00:00,92.12912188719858,0.7938549967074916,0.0,0.2551857044191753,0.5386692922883163,19,Peak,Spring,True,True,True,False,0.47,0.25317456737550864,0.11072646563704278,-0.14244810173846587
2018-04-14 20:00:00,90.02447176817641,0.8215337837837837,0.0,0.2828644926001495,0.5386692911836342,20,Peak,Spring,True,True,True,False,0.47,0.253174566856308,0.11072646540996924,-0.1424481014463388
2018-04-14 21:00:00,87.63746556639818,0.8589973921675664,0.0,0.320328100867705,0.5386692912998614,21,Peak,Spring,True,True,True,False,0.47,0.2531745669109349,0.1107264654338604,-0.14244810147707448
2018-04-14 22:00:00,84.60321228574279,0.9451301067372264,0.0,0.4064608135028801,0.5386692932343462,22,Off-Peak,Spring,True,True,True,False,0.27,0.14544070917327348,0.1107264658315045,-0.03471424334176898
2018-04-14 23:00:00,81.89194384417135,0.9015222685296016,0.0,0.3628529782027019,0.5386692903268997,23,Off-Peak,Spring,True,True,True,False,0.27,0.14544070838826292,0.11072646523386272,-0.03471424315440021
2018-04-15 00:00:00,80.56438548009581,0.7163813080225102,0.0,0.1777120184997438,0.5386692895227664,0,Off-Peak,Spring,True,True,True,False,0.27,0.14544070817114693,0.11072646506856865,-0.034714243102578285
2018-04-15 01:00:00,80.54018025364319,0.5419117830905955,0.0,0.0032424935805106,0.5386692895100849,1,Off-Peak,Spring,True,True,True,False,0.27,0.14544070816772292,0.11072646506596188,-0.034714243101761036
2018-04-15 02:00:00,81.0096776752136,0.470394984352611,0.0,0.0,0.470394984352611,2,Off-Peak,Spring,True,True,True,True,0.27,0.12700664577520498,0.09669230233914781,-0.03031434343605717
2018-04-15 03:00:00,81.61610766952856,0.4504547411502809,0.0,0.0,0.4504547411502809,3,Off-Peak,Spring,True,True,True,True,0.27,0.12162278011057585,0.09259347456977997,-0.029029305540795886
2018-04-15 04:00:00,82.05063292244867,0.4754560425700347,0.0,0.0,0.4754560425700347,4,Off-Peak,Spring,True,True,True,True,0.27,0.1283731314939094,0.09773263097272936,-0.03064050052118003
2018-04-15 05:00:00,82.27579902208284,0.5059137229719227,0.0,0.0,0.5059137229719227,5,Off-Peak,Spring,True,True,True,True,0.27,0.13659670520241915,0.10399337638867301,-0.03260332881374614
2018-04-15 19:00:00,91.3901430900041,0.8265237864440027,0.0,0.2878544937082347,0.538669292735768,19,Peak,Spring,True,True,True,False,0.47,0.253174567585811,0.11072646572901898,-0.142448101856792
2018-04-15 20:00:00,89.25838656471551,0.8250308900690756,0.0,0.2863615993036242,0.5386692907654513,20,Peak,Spring,True,True,True,False,0.47,0.2531745666597621,0.11072646532400943,-0.1424481013357527
2018-04-15 21:00:00,86.92286395648932,0.851975307329719,0.0,0.3133060164511697,0.5386692908785493,21,Peak,Spring,True,True,True,False,0.47,0.25317456671291816,0.11072646534725734,-0.14244810136566083
2018-04-15 22:00:00,84.17265606366293,0.907058746399838,0.0,0.3683894547840123,0.5386692916158257,22,Off-Peak,Spring,True,True,True,False,0.27,0.14544070873627293,0.1107264654988086,-0.03471424323746433
2018-04-15 23:00:00,81.211676043542,0.9347697403933448,0.0,0.3961004489825269,0.538669291410818,23,Off-Peak,Spring,True,True,True,False,0.27,0.14544070868092088,0.11072646545666813,-0.03471424322425275
2018-04-16 00:00:00,79.19596001510004,0.8082495128745413,0.0,0.2695802233318998,0.5386692895426415,0,Off-Peak,Spring,True,True,True,False,0.27,0.14544070817651322,0.11072646507265407,-0.03471424310385915
2018-04-16 01:00:00,78.1709689098238,0.6757720669264433,0.0,0.137102777412809,0.5386692895136344,1,Off-Peak,Spring,True,True,True,False,0.27,0.1454407081686813,0.1107264650666915,-0.0347142431019898
2018-04-16 02:00:00,77.66554247294543,0.6062814688165433,0.0,0.0676121793061063,0.5386692895104369,2,Off-Peak,Spring,True,True,True,False,0.27,0.14544070816781798,0.11072646506603424,-0.03471424310178374
2018-04-16 03:00:00,77.29805724596129,0.5878255992409585,0.0,0.0491563097308528,0.5386692895101056,3,Off-Peak,Spring,True,True,True,False,0.27,0.14544070816772853,0.11072646506596616,-0.03471424310176237
2018-04-16 04:00:00,76.69235707807832,0.6196609451083297,0.0,0.0809916555923402,0.5386692895159895,4,Off-Peak,Spring,True,True,True,False,0.27,0.14544070816931717,0.11072646506717561,-0.034714243102141565
2018-04-16 05:00:00,75.7662698473784,0.6624361752767827,0.0,0.1237668857375999,0.5386692895391827,5,Off-Peak,Spring,True,True,True,False,0.27,0.14544070817557933,0.1107264650719431,-0.03471424310363623
2018-04-16 19:00:00,91.669327369199,0.8141569187571507,0.0,0.2754876261905506,0.5386692925666,19,Peak,Spring,True,True,True,False,0.47,0.253174567506302,0.11072646569424556,-0.14244810181205647
2018-04-16 20:00:00,89.22849873202473,0.8664745027787681,0.0,0.3278052104154926,0.5386692923632754,20,Peak,Spring,True,True,True,False,0.47,0.25317456741073946,0.11072646565245106,-0.1424481017582884
2018-04-16 21:00:00,86.20682379518622,0.9437128902595248,0.0,0.4050435964415358,0.5386692938179889,21,Peak,Spring,True,True,True,False,0.47,0.25317456809445477,0.11072646595147549,-0.14244810214297926
2018-04-16 22:00:00,82.63538665412193,1.0165228743925656,0.0,0.4778535794665285,0.5386692949260371,22,Off-Peak,Spring,True,True,True,False,0.27,0.14544070963003003,0.11072646617924095,-0.03471424345078908
2018-04-16 23:00:00,78.93020175541996,1.0336672893994814,0.0,0.4949979959939789,0.5386692934055024,23,Off-Peak,Spring,True,True,True,False,0.27,0.14544070921948565,0.11072646586668661,-0.034714243352799046
2018-04-17 00:00:00,76.11979067215796,0.913912738215251,0.0,0.3752434483763512,0.5386692898388998,0,Off-Peak,Spring,True,True,True,False,0.27,0.14544070825650296,0.11072646513355162,-0.034714243122951335
2018-04-17 01:00:00,74.29512415859166,0.7822579184751303,0.0,0.2435886289542296,0.5386692895209007,1,Off-Peak,Spring,True,True,True,False,0.27,0.1454407081706432,0.11072646506818513,-0.03471424310245806
2018-04-17 02:00:00,72.5904377424575,0.7661028785212656,0.0,0.2274335888723885,0.538669289648877,2,Off-Peak,Spring,True,True,True,False,0.27,0.14544070820519678,0.11072646509449136,-0.03471424311070542
2018-04-17 03:00:00,70.81249194968622,0.7756957546635981,0.0,0.2370264649118757,0.5386692897517223,3,Off-Peak,Spring,True,True,True,False,0.27,0.14544070823296504,0.1107264651156318,-0.03471424311733323
2018-04-17 04:00:00,68.10887978254401,0.8985005264380548,0.0,0.359831234223976,0.5386692922140788,4,Off-Peak,Spring,True,True,True,False,0.27,0.14544070889780128,0.11072646562178286,-0.03471424327601842
2018-04-17 05:00:00,64.70140322813572,0.9912893173770554,0.0,0.4526200215349554,0.5386692958421,5,Off-Peak,Spring,True,True,True,False,0.27,0.145440709877367,0.11072646636754278,-0.03471424350982423
2018-04-17 19:00:00,92.67102296876403,0.7678279716265863,0.0,0.2291586798281998,0.5386692917983865,19,Peak,Spring,True,True,True,False,0.47,0.25317456714524167,0.110726465536335,-0.14244810160890667
2018-04-17 20:00:00,90.68857176946352,0.8052041057100324,0.0,0.2665348145884774,0.5386692911215549,20,Peak,Spring,True,True,True,False,0.47,0.2531745668271308,0.1107264653972085,-0.1424481014299223
2018-04-17 21:00:00,88.47353242345656,0.8360370876410174,0.0,0.2973677966319042,0.5386692910091131,21,Peak,Spring,True,True,True,False,0.47,0.2531745667742831,0.11072646537409546,-0.14244810140018765
2018-04-17 22:00:00,85.76110642704681,0.9022175404610344,0.0,0.3635482483998933,0.5386692920611411,22,Off-Peak,Spring,True,True,True,False,0.27,0.14544070885650812,0.11072646559034567,-0.034714243266162445
2018-04-17 23:00:00,82.60719549076738,0.9607178494358756,0.0,0.4220485568004894,0.5386692926353862,23,Off-Peak,Spring,True,True,True,False,0.27,0.1454407090115543,0.11072646570838494,-0.03471424330316934
2018-04-18 00:00:00,80.87374316829396,0.7706578095762744,0.0,0.2319885200631156,0.5386692895131588,0,Off-Peak,Spring,True,True,True,False,0.27,0.1454407081685529,0.11072646506659375,-0.03471424310195914
2018-04-18 01:00:00,80.55157094819172,0.5818137608852132,0.0,0.0431444713700939,0.5386692895151192,1,Off-Peak,Spring,True,True,True,False,0.27,0.1454407081690822,0.11072646506699672,-0.03471424310208547
2018-04-18 02:00:00,80.32200438822866,0.5694110951701528,0.0,0.0307418056600215,0.5386692895101313,2,Off-Peak,Spring,True,True,True,False,0.27,0.14544070816773544,0.11072646506597143,-0.034714243101764006
2018-04-18 03:00:00,79.9087838523628,0.5939902878357519,0.0,0.055320998324367,0.5386692895113848,3,Off-Peak,Spring,True,True,True,False,0.27,0.14544070816807392,0.11072646506622909,-0.03471424310184483
2018-04-18 04:00:00,78.75746035549656,0.6926757183474044,0.0,0.1540064287179108,0.5386692896294936,4,Off-Peak,Spring,True,True,True,False,0.27,0.14544070819996327,0.110726465090507,-0.03471424310945627
2018-04-18 05:00:00,77.20035949774461,0.7467849417608834,0.0,0.2081156520516532,0.5386692897092301,5,Off-Peak,Spring,True,True,True,False,0.27,0.14544070822149213,0.1107264651068973,-0.034714243114594825
2018-04-18 19:00:00,91.672674887469,0.7795231892175714,0.0,0.24085389836226,0.5386692908553112,19,Peak,Spring,True,True,True,False,0.47,0.2531745667019963,0.11072646534248065,-0.14244810135951563
2018-04-18 20:00:00,89.80983765418802,0.788987601471515,0.0,0.2503183110927535,0.5386692903787615,20,Peak,Spring,True,True,True,False,0.47,0.2531745664780179,0.1107264652445232,-0.1424481012334947
2018-04-18 21:00:00,87.347051972569,0.8690428901209152,0.0,0.330373598246174,0.5386692918747411,21,Peak,Spring,True,True,True,False,0.47,0.2531745671811283,0.11072646555203011,-0.14244810162909818
2018-04-18 22:00:00,84.49659734712361,0.9204592738244116,0.0,0.3817899818457482,0.5386692919786634,22,Off-Peak,Spring,True,True,True,False,0.27,0.14544070883423912,0.11072646557339193,-0.0347142432608472
2018-04-18 23:00:00,81.49769118389008,0.9398172660908376,0.0,0.4011479746678462,0.5386692914229914,23,Off-Peak,Spring,True,True,True,False,0.27,0.14544070868420766,0.11072646545917043,-0.03471424322503723
2018-04-19 00:00:00,79.4536371480807,0.8120193476630666,0.0,0.2733500581164748,0.5386692895465918,0,Off-Peak,Spring,True,True,True,False,0.27,0.14544070817757979,0.11072646507346608,-0.03471424310411371
2018-04-19 01:00:00,78.15104731764984,0.712848558989736,0.0,0.1741792694782922,0.5386692895114438,1,Off-Peak,Spring,True,True,True,False,0.27,0.14544070816808982,0.11072646506624122,-0.034714243101848605
2018-04-19 02:00:00,77.2368254772333,0.6609006091536773,0.0,0.1222313196419791,0.5386692895116982,2,Off-Peak,Spring,True,True,True,False,0.27,0.14544070816815854,0.11072646506629352,-0.03471424310186502
2018-04-19 03:00:00,76.10523237178703,0.6898798843173986,0.0,0.1512105947624269,0.5386692895549716,3,Off-Peak,Spring,True,True,True,False,0.27,0.14544070817984234,0.1107264650751886,-0.034714243104653736
2018-04-19 04:00:00,74.15698086575723,0.7986944194501981,0.0,0.2600251292372651,0.5386692902129331,4,Off-Peak,Spring,True,True,True,False,0.27,0.14544070835749195,0.11072646521043623,-0.03471424314705572
2018-04-19 05:00:00,71.43676505163658,0.9011770776422314,0.0,0.3625077859463615,0.5386692916958699,5,Off-Peak,Spring,True,True,True,False,0.27,0.14544070875788487,0.11072646551526212,-0.03471424324262275
2018-04-19 19:00:00,92.70985891488708,0.7390962463592652,0.0,0.2004269557018473,0.5386692906574179,19,Peak,Spring,True,True,True,False,0.47,0.2531745666089864,0.11072646530180255,-0.14244810130718386
2018-04-19 20:00:00,90.84339157834027,0.7896288473178538,0.0,0.2509595564038218,0.5386692909140319,20,Peak,Spring,True,True,True,False,0.47,0.253174566729595,0.11072646535455101,-0.142448101375044
2018-04-19 21:00:00,88.62909318800897,0.8359352161933624,0.0,0.2972659250070916,0.5386692911862707,21,Peak,Spring,True,True,True,False,0.47,0.25317456685754725,0.11072646541051119,-0.14244810144703607
2018-04-19 22:00:00,86.20120374861713,0.8641674643386442,0.0,0.3254981734016215,0.5386692909370228,22,Off-Peak,Spring,True,True,True,False,0.27,0.14544070855299615,0.1107264653592769,-0.034714243193719255
2018-04-19 23:00:00,83.62293724386805,0.8839065778192001,0.0,0.3452372870531046,0.5386692907660955,23,Off-Peak,Spring,True,True,True,False,0.27,0.1454407085068458,0.11072646532414185,-0.03471424318270394
2018-04-20 00:00:00,82.27078819615082,0.7197480174398573,0.0,0.1810787279273363,0.5386692895125209,0,Off-Peak,Spring,True,True,True,False,0.27,0.14544070816838064,0.11072646506646262,-0.03471424310191802
2018-04-20 01:00:00,81.99777684608475,0.575248436223637,0.0,0.0365791467112723,0.5386692895123647,1,Off-Peak,Spring,True,True,True,False,0.27,0.14544070816833848,0.11072646506643052,-0.03471424310190796
2018-04-20 02:00:00,81.90356833736081,0.5512924875576483,0.0,0.0126231980475404,0.5386692895101078,2,Off-Peak,Spring,True,True,True,False,0.27,0.14544070816772914,0.1107264650659666,-0.034714243101762535
2018-04-20 03:00:00,81.82866202499328,0.5487059544784026,0.0,0.0100366649682932,0.5386692895101094,3,Off-Peak,Spring,True,True,True,False,0.27,0.14544070816772955,0.11072646506596692,-0.03471424310176263
2018-04-20 04:00:00,81.2734209898879,0.6130299846169963,0.0,0.0743606950979493,0.538669289519047,4,Off-Peak,Spring,True,True,True,False,0.27,0.1454407081701427,0.11072646506780412,-0.03471424310233859
2018-04-20 05:00:00,80.23846901562143,0.6771832973744938,0.0,0.1385140078059924,0.5386692895685014,5,Off-Peak,Spring,True,True,True,False,0.27,0.1454407081834954,0.11072646507796971,-0.03471424310552568
2018-04-20 19:00:00,92.725322092806,0.7605187384824952,0.0,0.2218494469322435,0.5386692915502517,19,Peak,Spring,True,True,True,False,0.47,0.2531745670286183,0.11072646548532951,-0.1424481015432888
2018-04-20 20:00:00,90.58744310924686,0.82602096136631,0.0,0.2873516694500546,0.5386692919162555,20,Peak,Spring,True,True,True,False,0.47,0.2531745672006401,0.11072646556056362,-0.14244810164007646
2018-04-20 21:00:00,88.06846704773206,0.8766673793853417,0.0,0.3379980873218499,0.5386692920634917,21,Peak,Spring,True,True,True,False,0.47,0.25317456726984106,0.11072646559082884,-0.14244810167901223
2018-04-20 22:00:00,85.44589276925977,0.890097299695391,0.0,0.3514280085898089,0.538669291105582,22,Off-Peak,Spring,True,True,True,False,0.27,0.14544070859850716,0.1107264653939252,-0.03471424320458197
2018-04-20 23:00:00,82.83161929063493,0.8885963278751263,0.0,0.3499270373215593,0.538669290553567,23,Off-Peak,Spring,True,True,True,False,0.27,0.1454407084494631,0.11072646528045545,-0.03471424316900766
2018-04-21 00:00:00,81.26651738604419,0.7481524071030268,0.0,0.2094831175926444,0.5386692895103824,0,Off-Peak,Spring,True,True,True,False,0.27,0.14544070816780325,0.11072646506602304,-0.0347142431017802
2018-04-21 01:00:00,81.28799648517452,0.5355470812961393,0.0,0.0,0.5355470812961393,1,Off-Peak,Spring,True,True,True,True,0.27,0.1445977119499576,0.11008467782198417,-0.034513034127973435
2018-04-21 02:00:00,81.6002832135869,0.4932624036822861,0.0,0.0,0.4932624036822861,2,Off-Peak,Spring,True,True,True,True,0.27,0.13318084899421725,0.10139282742358102,-0.03178802157063623
2018-04-21 03:00:00,81.90803619465092,0.4939162999060708,0.0,0.0,0.4939162999060708,3,Off-Peak,Spring,True,True,True,True,0.27,0.1333574009746391,0.10152723942513678,-0.03183016154950233
2018-04-21 04:00:00,81.87938092414328,0.5425088517121708,0.0,0.003839562202077,0.5386692895100937,4,Off-Peak,Spring,True,True,True,False,0.27,0.1454407081677253,0.1107264650659637,-0.034714243101761605
2018-04-21 05:00:00,81.52085161588826,0.5866936897468746,0.0,0.0480244002352127,0.5386692895116619,5,Off-Peak,Spring,True,True,True,False,0.27,0.14544070816814872,0.11072646506628606,-0.03471424310186266
2018-04-21 19:00:00,92.323010178326,0.764722972972973,0.0,0.2260536818312446,0.5386692911417283,19,Peak,Spring,True,True,True,False,0.47,0.2531745668366123,0.11072646540135526,-0.14244810143525705
2018-04-21 20:00:00,90.29967846685813,0.8105827702702703,0.0,0.2719134790911147,0.5386692911791555,20,Peak,Spring,True,True,True,False,0.47,0.2531745668542031,0.11072646540904862,-0.14244810144515446
2018-04-21 21:00:00,87.92175650462681,0.8577314189189189,0.0,0.3190621274705267,0.5386692914483922,21,Peak,Spring,True,True,True,False,0.47,0.2531745669807443,0.11072646546439172,-0.1424481015163526
2018-04-21 22:00:00,84.79548566191639,0.9573445945945944,0.0,0.4186753005588807,0.5386692940357136,22,Off-Peak,Spring,True,True,True,False,0.27,0.14544070938964268,0.11072646599623001,-0.03471424339341267
2018-04-21 23:00:00,82.24192886490388,0.8803898404626164,0.0,0.3417205504949522,0.5386692899676642,23,Off-Peak,Spring,True,True,True,False,0.27,0.14544070829126934,0.11072646516001985,-0.03471424313124949
2018-04-22 00:00:00,81.12383803001525,0.6883457900344353,0.0,0.1496765005046814,0.5386692895297539,0,Off-Peak,Spring,True,True,True,False,0.27,0.14544070817303356,0.11072646507000496,-0.034714243103028605
2018-04-22 01:00:00,81.2347146128401,0.5225522380904587,0.0,0.0,0.5225522380904587,1,Off-Peak,Spring,True,True,True,True,0.27,0.14108910428442387,0.10741351560748318,-0.03367558867694069
2018-04-22 02:00:00,81.61098003180686,0.4839592225057616,0.0,0.0,0.4839592225057616,2,Off-Peak,Spring,True,True,True,True,0.27,0.13066899007655564,0.09948050684840655,-0.031188483228149086
2018-04-22 03:00:00,82.25861244642138,0.4444635312182702,0.0,0.0,0.4444635312182702,3,Off-Peak,Spring,True,True,True,True,0.27,0.12000515342893296,0.09136194808375553,-0.028643205345177433
2018-04-22 04:00:00,82.81547298060936,0.4576532724456417,0.0,0.0,0.4576532724456417,4,Off-Peak,Spring,True,True,True,True,0.27,0.12356638356032326,0.09407317266938191,-0.029493210890941354
2018-04-22 05:00:00,83.19374133573355,0.4836330329467462,0.0,0.0,0.4836330329467462,5,Off-Peak,Spring,True,True,True,True,0.27,0.13058091889562148,0.09941345677238672,-0.031167462123234763
2018-04-22 19:00:00,91.79818842469572,0.8113648648648648,0.0,0.2726955721873549,0.5386692926775098,19,Peak,Spring,True,True,True,False,0.47,0.2531745675584296,0.11072646571704368,-0.1424481018413859
2018-04-22 20:00:00,89.70656891428658,0.8196368243243243,0.0,0.2809675334551337,0.5386692908691906,20,Peak,Spring,True,True,True,False,0.47,0.25317456670851957,0.1107264653453336,-0.14244810136318597
2018-04-22 21:00:00,87.36035864992748,0.8533817567567566,0.0,0.3147124656922987,0.5386692910644579,21,Peak,Spring,True,True,True,False,0.47,0.2531745668002952,0.1107264653854719,-0.1424481014148233
2018-04-22 22:00:00,84.87388952306478,0.8717804054054055,0.0,0.3331111146631223,0.5386692907422832,22,Off-Peak,Spring,True,True,True,False,0.27,0.1454407085004165,0.1107264653192471,-0.03471424318116939
2018-04-22 23:00:00,82.44862904003753,0.8632617518375261,0.0,0.3245924616206844,0.5386692902168416,23,Off-Peak,Spring,True,True,True,False,0.27,0.14544070835854725,0.11072646521123967,-0.034714243147307575
2018-04-23 00:00:00,81.21813425754607,0.7033843768830204,0.0,0.1647150873671043,0.538669289515916,0,Off-Peak,Spring,True,True,True,False,0.27,0.14544070816929733,0.11072646506716051,-0.03471424310213682
2018-04-23 01:00:00,81.40936731275332,0.5108692510212395,0.0,0.0,0.5108692510212395,1,Off-Peak,Spring,True,True,True,True,0.27,0.13793469777573467,0.10501201270992144,-0.03292268506581322
2018-04-23 02:00:00,82.1709521890428,0.4278878390583508,0.0,0.0,0.4278878390583508,2,Off-Peak,Spring,True,True,True,True,0.27,0.11552971654575472,0.08795472247310544,-0.02757499407264928
2018-04-23 03:00:00,82.99762425893611,0.4183758430044353,0.0,0.0,0.4183758430044353,3,Off-Peak,Spring,True,True,True,True,0.27,0.11296147761119754,0.08599947883980058,-0.02696199877139696
2018-04-23 04:00:00,83.71529297848011,0.4342128402949045,0.0,0.0,0.4342128402949045,4,Off-Peak,Spring,True,True,True,True,0.27,0.11723746687962422,0.08925486161617481,-0.02798260526344941
2018-04-23 05:00:00,84.30180703487284,0.4532873500844315,0.0,0.0,0.4532873500844315,5,Off-Peak,Spring,True,True,True,True,0.27,0.12238758452279651,0.09317573307291091,-0.029211851449885598
2018-04-23 06:00:00,85.04228319797392,0.4915759618518712,0.0,0.0,0.4915759618518712,6,Off-Peak,Spring,True,True,True,True,0.27,0.13272550970000524,0.10104616993621796,-0.031679339763787284
2018-04-23 19:00:00,92.52706026278332,0.7667043918918919,0.0,0.2280351003753254,0.5386692915165664,19,Peak,Spring,True,True,True,False,0.47,0.2531745670127862,0.11072646547840531,-0.14244810153438087
2018-04-23 20:00:00,90.5905851958391,0.7989577702702703,0.0,0.2602884793488692,0.538669290921401,20,Peak,Spring,True,True,True,False,0.47,0.2531745667330585,0.11072646535606577,-0.1424481013769927
2018-04-23 21:00:00,88.35917756264973,0.8381503378378378,0.0,0.2994810467573738,0.5386692910804639,21,Peak,Spring,True,True,True,False,0.47,0.253174566807818,0.11072646538876202,-0.142448101419056
2018-04-23 22:00:00,85.98501312363545,0.8569054054054053,0.0,0.3182361146978866,0.5386692907075187,22,Off-Peak,Spring,True,True,True,False,0.27,0.14544070849103005,0.11072646531210106,-0.03471424317892899
2018-04-23 23:00:00,83.15773244261132,0.9170822905141296,0.0,0.3784129987990546,0.5386692917150749,23,Off-Peak,Spring,True,True,True,False,0.27,0.14544070876307025,0.11072646551920985,-0.034714243243860396
2018-04-24 00:00:00,82.15532385611168,0.6729152060717345,0.0,0.1342459165177598,0.5386692895539746,0,Off-Peak,Spring,True,True,True,False,0.27,0.14544070817957316,0.11072646507498368,-0.03471424310458948
2018-04-24 01:00:00,82.37763254887504,0.5063396714434419,0.0,0.0,0.5063396714434419,1,Off-Peak,Spring,True,True,True,True,0.27,0.13671171128972934,0.10408093246337417,-0.032630778826355164
2018-04-24 02:00:00,82.99266447877058,0.4491857613637388,0.0,0.0,0.4491857613637388,2,Off-Peak,Spring,True,True,True,True,0.27,0.12128015556820948,0.09233262872476852,-0.028947526843440957
2018-04-24 03:00:00,83.57376002995007,0.454104672903434,0.0,0.0,0.454104672903434,3,Off-Peak,Spring,True,True,True,True,0.27,0.12260826168392719,0.0933437383190392,-0.029264523364887995
2018-04-24 04:00:00,84.06565084662762,0.4670750353043048,0.0,0.0,0.4670750353043048,4,Off-Peak,Spring,True,True,True,True,0.27,0.1261102595321623,0.0960098683681071,-0.03010039116405519
2018-04-24 05:00:00,84.38008145058512,0.4929025254399891,0.0,0.0,0.4929025254399891,5,Off-Peak,Spring,True,True,True,True,0.27,0.13308368186879707,0.10131885245155331,-0.03176482941724376
2018-04-24 06:00:00,85.52959630707456,0.5274021051644173,0.0,0.0,0.5274021051644173,6,Off-Peak,Spring,True,True,True,True,0.27,0.1423985683943927,0.10841043272824134,-0.033988135666151345
2018-04-24 19:00:00,92.65391786109883,0.7773910217894154,0.0,0.2387217294395461,0.5386692923498694,19,Peak,Spring,True,True,True,False,0.47,0.2531745674044386,0.11072646564969536,-0.14244810175474326
2018-04-24 20:00:00,90.73409428009784,0.7967400906527747,0.0,0.2580707998333751,0.5386692908193996,20,Peak,Spring,True,True,True,False,0.47,0.2531745666851178,0.1107264653350988,-0.14244810135001898
2018-04-24 21:00:00,88.63336576098021,0.8206672535417722,0.0,0.2819979628365151,0.538669290705257,21,Peak,Spring,True,True,True,False,0.47,0.2531745666314708,0.11072646531163617,-0.14244810131983465
2018-04-24 22:00:00,86.08662290820139,0.8800131391593475,0.0,0.3413438476247881,0.5386692915345594,22,Off-Peak,Spring,True,True,True,False,0.27,0.14544070871433107,0.11072646548210388,-0.03471424323222719
2018-04-24 23:00:00,83.60111958817589,0.871452457555477,0.0,0.3327831671735117,0.5386692903819652,23,Off-Peak,Spring,True,True,True,False,0.27,0.14544070840313061,0.11072646524518173,-0.03471424315794888
2018-04-25 00:00:00,82.17124308927175,0.730114504701113,0.0,0.191445215191,0.538669289510113,0,Off-Peak,Spring,True,True,True,False,0.27,0.1454407081677305,0.11072646506596764,-0.034714243101762854
2018-04-25 01:00:00,81.97372769499334,0.5651303054620072,0.0,0.0264610159505073,0.5386692895114998,1,Off-Peak,Spring,True,True,True,False,0.27,0.14544070816810498,0.11072646506625275,-0.03471424310185223
2018-04-25 02:00:00,82.26390873357758,0.496470655968557,0.0,0.0,0.496470655968557,2,Off-Peak,Spring,True,True,True,True,0.27,0.1340470771115104,0.10205230150464782,-0.03199477560686258
2018-04-25 03:00:00,82.60003779172405,0.4897809981781633,0.0,0.0,0.4897809981781633,3,Off-Peak,Spring,True,True,True,True,0.27,0.1322408695081041,0.10067720518106689,-0.03156366432703721
2018-04-25 04:00:00,82.63543851607726,0.5335212065475006,0.0,0.0,0.5335212065475006,4,Off-Peak,Spring,True,True,True,True,0.27,0.14405072576782516,0.10966824801254178,-0.03438247775528337
2018-04-25 05:00:00,82.45569401643742,0.5627544109506746,0.0,0.0240851214403724,0.5386692895103021,5,Off-Peak,Spring,True,True,True,False,0.27,0.1454407081677816,0.11072646506600654,-0.03471424310177505
2018-04-25 19:00:00,92.89027371215592,0.7777811615703332,0.0,0.2391118686843028,0.5386692928860303,19,Peak,Spring,True,True,True,False,0.47,0.2531745676564342,0.11072646575990622,-0.14244810189652798
2018-04-25 20:00:00,90.84855237117203,0.8131218610078536,0.0,0.2744525696420752,0.5386692913657782,20,Peak,Spring,True,True,True,False,0.47,0.25317456694191576,0.11072646544740997,-0.1424481014945058
2018-04-25 21:00:00,88.59611624106827,0.8409928305691067,0.0,0.3023235394604396,0.538669291108667,21,Peak,Spring,True,True,True,False,0.47,0.2531745668210735,0.11072646539455933,-0.14244810142651415
2018-04-25 22:00:00,86.00261055375364,0.8862491009873481,0.0,0.347579809485946,0.5386692915014021,22,Off-Peak,Spring,True,True,True,False,0.27,0.14544070870537856,0.11072646547528821,-0.034714243230090355
2018-04-25 23:00:00,83.54583265722518,0.8675953346437435,0.0,0.3289260443635459,0.5386692902801975,23,Off-Peak,Spring,True,True,True,False,0.27,0.14544070837565334,0.11072646522426281,-0.03471424315139053
2018-04-26 00:00:00,82.34725354045815,0.6991736503216048,0.0,0.1605043608036908,0.538669289517914,0,Off-Peak,Spring,True,True,True,False,0.27,0.1454407081698368,0.11072646506757121,-0.034714243102265605
2018-04-26 01:00:00,82.24527984569872,0.5523324712723108,0.0,0.0136631817618986,0.5386692895104122,1,Off-Peak,Spring,True,True,True,False,0.27,0.1454407081678113,0.11072646506602916,-0.03471424310178213
2018-04-26 02:00:00,82.43463867307945,0.5111327704113325,0.0,0.0,0.5111327704113325,2,Off-Peak,Spring,True,True,True,True,0.27,0.1380058480110598,0.10506618058455168,-0.032939667426508126
2018-04-26 03:00:00,82.57117697280792,0.5188134063097811,0.0,0.0,0.5188134063097811,3,Off-Peak,Spring,True,True,True,True,0.27,0.1400796197036409,0.10664497796367722,-0.03343464173996369
2018-04-26 04:00:00,82.46761610878852,0.552546353952216,0.0,0.0138770644421287,0.5386692895100872,4,Off-Peak,Spring,True,True,True,False,0.27,0.14544070816772356,0.11072646506596236,-0.0347142431017612
2018-04-26 05:00:00,82.13780768678458,0.5828520219619154,0.0,0.0441827324510069,0.5386692895109084,5,Off-Peak,Spring,True,True,True,False,0.27,0.14544070816794527,0.11072646506613118,-0.03471424310181409
2018-04-26 19:00:00,92.63311238787053,0.7693040793574157,0.0,0.2306347875084858,0.5386692918489299,19,Peak,Spring,True,True,True,False,0.47,0.253174567168997,0.11072646554672447,-0.14244810162227253
2018-04-26 20:00:00,90.5878809861218,0.8135376728132857,0.0,0.2748683814534848,0.5386692913598009,20,Peak,Spring,True,True,True,False,0.47,0.2531745669391064,0.11072646544618128,-0.1424481014929251
2018-04-26 21:00:00,88.19663658431791,0.8595207205274447,0.0,0.3208514289434325,0.5386692915840121,21,Peak,Spring,True,True,True,False,0.47,0.25317456704448565,0.11072646549226914,-0.14244810155221652
2018-04-26 22:00:00,85.59619334745516,0.8871031449975246,0.0,0.3484338537651658,0.5386692912323588,22,Off-Peak,Spring,True,True,True,False,0.27,0.1454407086327369,0.11072646541998486,-0.03471424321275203
2018-04-26 23:00:00,83.08883939099393,0.8742852724176557,0.0,0.3356159820693212,0.5386692903483346,23,Off-Peak,Spring,True,True,True,False,0.27,0.14544070839405035,0.11072646523826876,-0.03471424315578159
2018-04-27 00:00:00,81.79703619245939,0.711606244100536,0.0,0.1729369545861209,0.5386692895144151,0,Off-Peak,Spring,True,True,True,False,0.27,0.14544070816889207,0.11072646506685198,-0.03471424310204009
2018-04-27 01:00:00,81.57910426528368,0.5678590779322396,0.0,0.0291897884206015,0.5386692895116381,1,Off-Peak,Spring,True,True,True,False,0.27,0.14544070816814228,0.11072646506628114,-0.034714243101861136
2018-04-27 02:00:00,81.67150614032784,0.5252373691394432,0.0,0.0,0.5252373691394432,2,Off-Peak,Spring,True,True,True,True,0.27,0.14181408966764966,0.10796545921199666,-0.033848630455653006
2018-04-27 03:00:00,81.79047731979804,0.521374082046978,0.0,0.0,0.521374082046978,3,Off-Peak,Spring,True,True,True,True,0.27,0.14077100215268407,0.10717133908743436,-0.03359966306524971
2018-04-27 04:00:00,81.7099719156507,0.5494535461326873,0.0,0.0107842566225461,0.5386692895101411,4,Off-Peak,Spring,True,True,True,False,0.27,0.14544070816773813,0.11072646506597345,-0.034714243101764686
2018-04-27 05:00:00,81.45794993071853,0.5724228626294955,0.0,0.0337535731190654,0.53866928951043,5,Off-Peak,Spring,True,True,True,False,0.27,0.14544070816781612,0.11072646506603283,-0.034714243101783296
2018-04-27 19:00:00,92.53819085898124,0.787741012419722,0.0,0.2490717196409039,0.5386692927788181,19,Peak,Spring,True,True,True,False,0.47,0.2531745676060445,0.11072646573786817,-0.14244810186817636
2018-04-27 20:00:00,90.4417429759872,0.8203780903173907,0.0,0.2817087989444464,0.5386692913729443,20,Peak,Spring,True,True,True,False,0.47,0.2531745669452838,0.11072646544888298,-0.1424481014964008
2018-04-27 21:00:00,88.2017337271872,0.8392457909497024,0.0,0.3005765000598503,0.538669290889852,21,Peak,Spring,True,True,True,False,0.47,0.25317456671823046,0.1107264653495807,-0.14244810136864977
2018-04-27 22:00:00,85.79449435291838,0.8612702837346043,0.0,0.322600992964478,0.5386692907701263,22,Off-Peak,Spring,True,True,True,False,0.27,0.1454407085079341,0.1107264653249704,-0.03471424318296372
2018-04-27 23:00:00,83.21997658571043,0.8832716565484982,0.0,0.3446023658224549,0.5386692907260433,23,Off-Peak,Spring,True,True,True,False,0.27,0.1454407084960317,0.11072646531590889,-0.0347142431801228
2018-04-28 00:00:00,82.05571178544184,0.6945549336191652,0.0,0.1558856440935335,0.5386692895256316,0,Off-Peak,Spring,True,True,True,False,0.27,0.14544070817192056,0.11072646506915762,-0.03471424310276294
2018-04-28 01:00:00,82.1871967423784,0.5195523067553084,0.0,0.0,0.5195523067553084,1,Off-Peak,Spring,True,True,True,True,0.27,0.14027912282393326,0.10679686305525783,-0.03348225976867543
2018-04-28 02:00:00,82.70720506588827,0.4630318832226124,0.0,0.0,0.4630318832226124,2,Off-Peak,Spring,True,True,True,True,0.27,0.12501860847010535,0.09517877599575922,-0.02983983247434613
2018-04-28 03:00:00,83.12587885312882,0.4777644392604558,0.0,0.0,0.4777644392604558,3,Off-Peak,Spring,True,True,True,True,0.27,0.12899639860032308,0.09820713473687147,-0.030789263863451613
2018-04-28 04:00:00,83.41528097627376,0.4965676779082079,0.0,0.0,0.4965676779082079,4,Off-Peak,Spring,True,True,True,True,0.27,0.13407327303521613,0.10207224490335384,-0.032001028131862286
2018-04-28 05:00:00,83.59859890265578,0.5120001076750423,0.0,0.0,0.5120001076750423,5,Off-Peak,Spring,True,True,True,True,0.27,0.13824002907226143,0.10524446657764758,-0.032995562494613856
2018-04-28 19:00:00,91.95235351008064,0.8005221579167378,0.0,0.2618528655973791,0.5386692923193586,19,Peak,Spring,True,True,True,False,0.47,0.2531745673900985,0.1107264656434237,-0.14244810174667483
2018-04-28 20:00:00,89.92006110498058,0.81166870347164,0.0,0.272999412669251,0.5386692908023889,20,Peak,Spring,True,True,True,False,0.47,0.2531745666771228,0.11072646533160216,-0.14244810134552063
2018-04-28 21:00:00,87.42189853023274,0.8736932139551664,0.0,0.3350239221229916,0.5386692918321747,21,Peak,Spring,True,True,True,False,0.47,0.2531745671611221,0.11072646554328035,-0.14244810161784172
2018-04-28 22:00:00,84.77877776117657,0.8926652305324846,0.0,0.3539959394459056,0.5386692910865789,22,Off-Peak,Spring,True,True,True,False,0.27,0.14544070859337632,0.11072646539001899,-0.03471424320335734
2018-04-28 23:00:00,82.21962025496482,0.8810709827321355,0.0,0.342401692367459,0.5386692903646764,23,Off-Peak,Spring,True,True,True,False,0.27,0.14544070839846263,0.11072646524162791,-0.03471424315683472
2018-04-29 00:00:00,80.84500749156163,0.7226054516570606,0.0,0.183936162144459,0.5386692895126015,0,Off-Peak,Spring,True,True,True,False,0.27,0.1454407081684024,0.11072646506647921,-0.0347142431019232
2018-04-29 01:00:00,80.58662896878135,0.5732605072077368,0.0,0.0345912176956127,0.5386692895121241,1,Off-Peak,Spring,True,True,True,False,0.27,0.1454407081682735,0.11072646506638106,-0.034714243101892445
2018-04-29 02:00:00,80.78864273072818,0.5093136500680658,0.0,0.0,0.5093136500680658,2,Off-Peak,Spring,True,True,True,True,0.27,0.13751468551837778,0.10469225029176908,-0.0328224352266087
2018-04-29 03:00:00,81.15335233794613,0.4856592612017448,0.0,0.0,0.4856592612017448,3,Off-Peak,Spring,True,True,True,True,0.27,0.1311280005244711,0.09982995924702531,-0.03129804127744579
2018-04-29 04:00:00,81.2405346920754,0.5259989552758739,0.0,0.0,0.5259989552758739,4,Off-Peak,Spring,True,True,True,True,0.27,0.14201971792448598,0.10812200747337408,-0.033897710451111895
2018-04-29 05:00:00,81.13875977382243,0.5522988064704215,0.0,0.0136295169603052,0.5386692895101163,5,Off-Peak,Spring,True,True,True,False,0.27,0.14544070816773141,0.11072646506596834,-0.034714243101763076
2018-04-29 19:00:00,92.10054097638236,0.7950444893082075,0.0,0.2563751970053089,0.5386692923028986,19,Peak,Spring,True,True,True,False,0.47,0.2531745673823623,0.11072646564004027,-0.14244810174232206
2018-04-29 20:00:00,90.02888358545083,0.8169615388609966,0.0,0.2782922478303544,0.5386692910306422,20,Peak,Spring,True,True,True,False,0.47,0.2531745667844018,0.11072646537852089,-0.14244810140588093
2018-04-29 21:00:00,87.69355635404942,0.8519182566377529,0.0,0.3132489655098447,0.5386692911279081,21,Peak,Spring,True,True,True,False,0.47,0.2531745668301168,0.11072646539851444,-0.14244810143160236
2018-04-29 22:00:00,85.20711250892225,0.8717632570490567,0.0,0.3330939662361162,0.5386692908129405,22,Off-Peak,Spring,True,True,True,False,0.27,0.14544070851949392,0.11072646533377109,-0.03471424318572283
2018-04-29 23:00:00,82.70696185700345,0.8732427843797256,0.0,0.3345734939801413,0.5386692903995842,23,Off-Peak,Spring,True,True,True,False,0.27,0.14544070840788775,0.11072646524880342,-0.034714243159084335
2018-04-30 00:00:00,81.30757690827424,0.7259459217140115,0.0,0.1872766322032654,0.5386692895107461,0,Off-Peak,Spring,True,True,True,False,0.27,0.14544070816790147,0.1107264650660978,-0.03471424310180367
2018-04-30 01:00:00,81.09363166742472,0.5673173562342718,0.0,0.0286480667223609,0.5386692895119108,1,Off-Peak,Spring,True,True,True,False,0.27,0.14544070816821594,0.11072646506633724,-0.034714243101878706
2018-04-30 02:00:00,81.27593088403555,0.5121745118988861,0.0,0.0,0.5121745118988861,2,Off-Peak,Spring,True,True,True,True,0.27,0.13828711821269926,0.10528031633477102,-0.033006801877928246
2018-04-30 03:00:00,81.54487065070441,0.4995764835277184,0.0,0.0,0.4995764835277184,3,Off-Peak,Spring,True,True,True,True,0.27,0.13488565055248397,0.102690721614031,-0.032194928938452966
2018-04-30 04:00:00,81.68544249413526,0.5182362215666573,0.0,0.0,0.5182362215666573,4,Off-Peak,Spring,True,True,True,True,0.27,0.13992377982299747,0.10652633443314621,-0.03339744538985126
2018-04-30 05:00:00,81.56881899001375,0.554289346671747,0.0,0.0156200571616087,0.5386692895101383,5,Off-Peak,Spring,True,True,True,False,0.27,0.14544070816773735,0.11072646506597286,-0.03471424310176449
2018-04-30 19:00:00,93.15122271713685,0.7532414332803092,0.0,0.2145721414268663,0.5386692918534429,19,Peak,Spring,True,True,True,False,0.47,0.25317456717111814,0.11072646554765216,-0.142448101623466
2018-04-30 20:00:00,91.22934136002188,0.7970626559629348,0.0,0.2583933647675085,0.5386692911954263,20,Peak,Spring,True,True,True,False,0.47,0.25317456686185036,0.11072646541239317,-0.1424481014494572
2018-04-30 21:00:00,88.9571397300953,0.8436628549363484,0.0,0.3049935634417087,0.5386692914946397,21,Peak,Spring,True,True,True,False,0.47,0.25317456700248064,0.11072646547389817,-0.14244810152858248
2018-04-30 22:00:00,86.49887674633963,0.8681804720698773,0.0,0.3295111810026858,0.5386692910671915,22,Off-Peak,Spring,True,True,True,False,0.27,0.14544070858814173,0.11072646538603381,-0.03471424320210792
2018-04-30 23:00:00,84.00596918323201,0.872444551001458,0.0,0.3337752604737939,0.538669290527664,23,Off-Peak,Spring,True,True,True,False,0.27,0.14544070844246929,0.11072646527513093,-0.03471424316733836
2018-05-01 00:00:00,81.8162024992737,0.7084184665141675,0.0,0.2929748779761087,0.4154435885380587,0,Off-Peak,Spring,True,True,True,False,0.27,0.11216976890527586,0.08539673764393428,-0.026773031261341576
2018-05-01 01:00:00,80.6449113251882,0.5721697818742892,0.0,0.1567261936488128,0.4154435882254763,1,Off-Peak,Spring,True,True,True,False,0.27,0.1121697688208786,0.08539673757968123,-0.02677303124119737
2018-05-01 02:00:00,79.7569869556135,0.5342314545162026,0.0,0.1187878662895321,0.4154435882266705,2,Off-Peak,Spring,True,True,True,False,0.27,0.11216976882120104,0.0853967375799267,-0.026773031241274337
2018-05-01 03:00:00,78.86486812703701,0.5347517593585656,0.0,0.1193081711226575,0.415443588235908,3,Off-Peak,Spring,True,True,True,False,0.27,0.11216976882369517,0.08539673758182553,-0.026773031241869638
2018-05-01 04:00:00,77.52462626781927,0.5945465873797748,0.0,0.1791029990299616,0.4154435883498132,4,Off-Peak,Spring,True,True,True,False,0.27,0.11216976885444957,0.08539673760523937,-0.026773031249210197
2018-05-01 05:00:00,75.74359148193496,0.6532327819540735,0.0,0.2377891933849439,0.4154435885691295,5,Off-Peak,Spring,True,True,True,False,0.27,0.11216976891366497,0.08539673765032106,-0.026773031263343905
2018-05-01 19:00:00,91.19420102667246,0.7569966061970109,0.0,0.3415530103457144,0.4154435958512965,19,Peak,Spring,True,True,True,False,0.47,0.19525849005010934,0.08539673914721094,-0.1098617509028984
2018-05-01 20:00:00,88.22242401600103,0.8140080149244776,0.0,0.398564421510111,0.4154435934143665,20,Peak,Spring,True,True,True,False,0.47,0.19525848890475223,0.08539673864628644,-0.10986175025846578
2018-05-01 21:00:00,85.14685604682909,0.8272864919412897,0.0,0.4118429007789931,0.4154435911622965,21,Peak,Spring,True,True,True,False,0.47,0.19525848784627936,0.08539673818336095,-0.10986174966291841
2018-05-01 22:00:00,81.70722025965624,0.8752875535237835,0.0,0.459843961395056,0.4154435921287275,22,Off-Peak,Spring,True,True,True,False,0.27,0.11216976987475644,0.08539673838201621,-0.026773031492740226
2018-05-01 23:00:00,78.39958269585158,0.8571099051176522,0.0,0.4416663149522409,0.4154435901654112,23,Off-Peak,Spring,True,True,True,False,0.27,0.11216976934466104,0.08539673797844564,-0.026773031366215394
2018-05-02 00:00:00,76.81920080206994,0.7453324587317358,0.0,0.2111010041784104,0.5342314545533253,0,Off-Peak,Spring,True,True,True,False,0.27,0.14424249272939785,0.10981424343596131,-0.03442824929343653
2018-05-02 01:00:00,76.42290463549503,0.5871935689424668,0.0,0.0529621144209582,0.5342314545215084,1,Off-Peak,Spring,True,True,True,False,0.27,0.1442424927208073,0.10981424342942117,-0.03442824929138613
2018-05-02 02:00:00,76.5339422872854,0.5181245273966228,0.0,0.0,0.5181245273966228,2,Off-Peak,Spring,True,True,True,True,0.27,0.1398936223970882,0.10650337507597246,-0.03339024732111573
2018-05-02 03:00:00,76.69907222398326,0.5102757784446035,0.0,0.0,0.5102757784446035,3,Off-Peak,Spring,True,True,True,True,0.27,0.13777446018004294,0.10489002112472405,-0.03288443905531889
2018-05-02 04:00:00,76.56450049428642,0.5522195492114945,0.0,0.0179880946951939,0.5342314545163005,4,Off-Peak,Spring,True,True,True,False,0.27,0.14424249271940115,0.10981424342835067,-0.03442824929105048
2018-05-02 05:00:00,76.20487550316999,0.5822897050087373,0.0,0.0480582504915153,0.534231454517222,5,Off-Peak,Spring,True,True,True,False,0.27,0.14424249271964995,0.10981424342854007,-0.03442824929110988
2018-05-02 19:00:00,92.78862375278112,0.7592640593750583,0.0,0.2250326025731424,0.5342314568019157,19,Peak,Spring,True,True,True,False,0.47,0.2510887846969004,0.10981424389817157,-0.1412745407987288
2018-05-02 20:00:00,90.81977602555384,0.798836465337682,0.0,0.2646050091695327,0.5342314561681494,20,Peak,Spring,True,True,True,False,0.47,0.2510887843990302,0.10981424376789736,-0.14127454063113284
2018-05-02 21:00:00,88.44637466187929,0.852674830883638,0.0,0.3184433741658157,0.5342314567178224,21,Peak,Spring,True,True,True,False,0.47,0.2510887846573765,0.1098142438808857,-0.1412745407764908
2018-05-02 22:00:00,85.63666432928142,0.9105974536522872,0.0,0.3763659963774398,0.5342314572748473,22,Off-Peak,Spring,True,True,True,False,0.27,0.14424249346420878,0.10981424399538528,-0.0344282494688235
2018-05-02 23:00:00,83.10897125428795,0.8725047300349758,0.0,0.338273274818534,0.5342314552164418,23,Off-Peak,Spring,True,True,True,False,0.27,0.1442424929084393,0.10981424357226857,-0.034428249336170724
2018-05-03 00:00:00,82.11707797740557,0.6670321962486911,0.0,0.1328007417069374,0.5342314545417537,0,Off-Peak,Spring,True,True,True,False,0.27,0.1442424927262735,0.10981424343358269,-0.034428249292690824
2018-05-03 01:00:00,82.17293802160344,0.5261115005075286,0.0,0.0,0.5261115005075286,1,Off-Peak,Spring,True,True,True,True,0.27,0.14205010513703273,0.10814514177099199,-0.033904963366040736
2018-05-03 02:00:00,82.51649283350231,0.4842767391523938,0.0,0.0,0.4842767391523938,2,Off-Peak,Spring,True,True,True,True,0.27,0.13075471957114632,0.09954577415910316,-0.03120894541204315
2018-05-03 03:00:00,82.77381317945132,0.4968135802289372,0.0,0.0,0.4968135802289372,3,Off-Peak,Spring,True,True,True,True,0.27,0.13413966666181304,0.10212279149150376,-0.03201687517030928
2018-05-03 04:00:00,82.81061984046394,0.5288798330209254,0.0,0.0,0.5288798330209254,4,Off-Peak,Spring,True,True,True,True,0.27,0.14279755491564988,0.10871418789874579,-0.03408336701690409
2018-05-03 05:00:00,82.61043567123441,0.5610502714757768,0.0,0.0268188169593424,0.5342314545164343,5,Off-Peak,Spring,True,True,True,False,0.27,0.14424249271943726,0.10981424342837816,-0.0344282492910591
2018-05-03 19:00:00,92.9340917161376,0.7677634555346425,0.0,0.2335319979336132,0.5342314576010293,19,Peak,Spring,True,True,True,False,0.47,0.2510887850724838,0.1098142440624338,-0.14127454101005
2018-05-03 20:00:00,90.99964710000216,0.7942429969538208,0.0,0.2600115409316608,0.53423145602216,20,Peak,Spring,True,True,True,False,0.47,0.2510887843304152,0.10981424373788845,-0.14127454059252675
2018-05-03 21:00:00,88.97080729822355,0.8065687927389646,0.0,0.272337337170216,0.5342314555687486,21,Peak,Spring,True,True,True,False,0.47,0.25108878411731184,0.10981424364468721,-0.1412745404726246
2018-05-03 22:00:00,86.46547323884818,0.8700028310500465,0.0,0.3357713744905565,0.53423145655949,22,Off-Peak,Spring,True,True,True,False,0.27,0.1442424932710623,0.10981424384833961,-0.0344282494227227
2018-05-03 23:00:00,83.81834949296312,0.8885594474911613,0.0,0.3543279915580142,0.5342314559331471,23,Off-Peak,Spring,True,True,True,False,0.27,0.14424249310194973,0.10981424371959135,-0.034428249382358375
2018-05-04 00:00:00,82.34764315805455,0.7310998437313455,0.0,0.1968683892148137,0.5342314545165319,0,Off-Peak,Spring,True,True,True,False,0.27,0.14424249271946363,0.10981424342839821,-0.034428249291065416
2018-05-04 01:00:00,82.12326580326375,0.5642844011267467,0.0,0.0300529466076646,0.534231454519082,1,Off-Peak,Spring,True,True,True,False,0.27,0.14424249272015216,0.1098142434289224,-0.03442824929122976
2018-05-04 02:00:00,82.19057338651128,0.5244475848765877,0.0,0.0,0.5244475848765877,2,Off-Peak,Spring,True,True,True,True,0.27,0.14160084791667868,0.10780311466907637,-0.03379773324760231
2018-05-04 03:00:00,82.27332660296629,0.5222018998081948,0.0,0.0,0.5222018998081948,3,Off-Peak,Spring,True,True,True,True,0.27,0.14099451294821258,0.10734150162724003,-0.03365301132097255
2018-05-04 04:00:00,82.0237088145447,0.567663302304767,0.0,0.033431847787933,0.534231454516834,4,Off-Peak,Spring,True,True,True,False,0.27,0.14424249271954517,0.10981424342846031,-0.03442824929108486
2018-05-04 05:00:00,81.65289958368734,0.5838841579402662,0.0,0.0496527034234194,0.5342314545168467,5,Off-Peak,Spring,True,True,True,False,0.27,0.14424249271954862,0.10981424342846294,-0.03442824929108568
2018-05-04 19:00:00,92.93458643064449,0.7591268458749023,0.0,0.2248953888067547,0.5342314570681476,19,Peak,Spring,True,True,True,False,0.47,0.25108878482202934,0.10981424395289699,-0.14127454086913235
2018-05-04 20:00:00,91.04890189770724,0.7876976535494606,0.0,0.2534661976458005,0.5342314559036602,20,Peak,Spring,True,True,True,False,0.47,0.25108878427472026,0.10981424371353014,-0.1412745405611901
2018-05-04 21:00:00,89.08306484752659,0.7981307794859345,0.0,0.2638993240371244,0.53423145544881,21,Peak,Spring,True,True,True,False,0.47,0.2510887840609407,0.10981424362003317,-0.14127454044090754
2018-05-04 22:00:00,86.96463129798857,0.8182708211417232,0.0,0.2840393657409086,0.5342314554008146,22,Off-Peak,Spring,True,True,True,False,0.27,0.14424249295821995,0.10981424361016745,-0.0344282493480525
2018-05-04 23:00:00,84.820237013015,0.8214618088954678,0.0,0.2872303537749289,0.5342314551205389,23,Off-Peak,Spring,True,True,True,False,0.27,0.1442424928825455,0.10981424355255523,-0.03442824932999028
2018-05-05 00:00:00,83.80973022311244,0.669609096354115,0.0,0.1353776418330534,0.5342314545210616,0,Off-Peak,Spring,True,True,True,False,0.27,0.14424249272068665,0.10981424342932933,-0.03442824929135732
2018-05-05 01:00:00,83.8780402039507,0.5242952935166395,0.0,0.0,0.5242952935166395,1,Off-Peak,Spring,True,True,True,True,0.27,0.14155972924949267,0.1077718103339759,-0.033787918915516774
2018-05-05 02:00:00,84.47221589806101,0.4477577320036109,0.0,0.0,0.4477577320036109,2,Off-Peak,Spring,True,True,True,True,0.27,0.12089458764097495,0.0920390893562978,-0.02885549828467715
2018-05-05 03:00:00,85.09376031444937,0.4437487032122503,0.0,0.0,0.4437487032122503,3,Off-Peak,Spring,True,True,True,True,0.27,0.1198121498673076,0.09121501121585145,-0.028597138651456147
2018-05-05 04:00:00,85.49825263403076,0.475342895656393,0.0,0.0,0.475342895656393,4,Off-Peak,Spring,True,True,True,True,0.27,0.1283425818272261,0.09770937299603633,-0.03063320883118978
2018-05-05 05:00:00,85.6701060481828,0.5092131765187566,0.0,0.0,0.5092131765187566,5,Off-Peak,Spring,True,True,True,True,0.27,0.1374875576600643,0.10467159739552219,-0.0328159602645421
2018-05-05 19:00:00,92.1192937837192,0.8152695092751846,0.0,0.2810380500568364,0.5342314592183481,19,Peak,Spring,True,True,True,False,0.47,0.2510887858326236,0.10981424439488267,-0.14127454143774093
2018-05-05 20:00:00,89.96977722738323,0.8229070686212945,0.0,0.2886756124897227,0.5342314561315717,20,Peak,Spring,True,True,True,False,0.47,0.2510887843818387,0.10981424376037863,-0.14127454062146005
2018-05-05 21:00:00,87.67826464104387,0.8415521659386297,0.0,0.3073207100546497,0.53423145588398,21,Peak,Spring,True,True,True,False,0.47,0.2510887842654706,0.10981424370948477,-0.14127454055598582
2018-05-05 22:00:00,85.45074172119881,0.8326598210852783,0.0,0.2984283658629506,0.5342314552223276,22,Off-Peak,Spring,True,True,True,False,0.27,0.14424249291002847,0.10981424357347846,-0.034428249336550004
2018-05-05 23:00:00,82.91501675860313,0.8735255498439,0.0,0.3392940940646451,0.5342314557792548,23,Off-Peak,Spring,True,True,True,False,0.27,0.1442424930603988,0.10981424368795792,-0.03442824937244088
2018-05-06 00:00:00,81.47074073098332,0.7274879876609335,0.0,0.1932565331446545,0.534231454516279,0,Off-Peak,Spring,True,True,True,False,0.27,0.14424249271939532,0.10981424342834623,-0.034428249291049096
2018-05-06 01:00:00,81.00978226794207,0.595933840621871,0.0,0.0617023861021856,0.5342314545196853,1,Off-Peak,Spring,True,True,True,False,0.27,0.14424249272031506,0.10981424342904643,-0.03442824929126863
2018-05-06 02:00:00,80.99529795495751,0.5361707410832103,0.0,0.0,0.5361707410832103,2,Off-Peak,Spring,True,True,True,True,0.27,0.1447661000924668,0.11021287455599321,-0.03455322553647358
2018-05-06 03:00:00,81.03380401405444,0.5286371021706449,0.0,0.0,0.5286371021706449,3,Off-Peak,Spring,True,True,True,True,0.27,0.14273201758607412,0.1086642932239659,-0.034067724362108226
2018-05-06 04:00:00,80.78166174820372,0.5679832703981773,0.0,0.0337518158814548,0.5342314545167225,4,Off-Peak,Spring,True,True,True,False,0.27,0.1442424927195151,0.1098142434284374,-0.034428249291077684
2018-05-06 05:00:00,80.33365081326681,0.5941854803771961,0.0,0.0599540258586706,0.5342314545185255,5,Off-Peak,Spring,True,True,True,False,0.27,0.1442424927200019,0.10981424342880801,-0.03442824929119388
2018-05-06 19:00:00,92.31584617957836,0.7810736240440032,0.0,0.246842166867661,0.5342314571763421,19,Peak,Spring,True,True,True,False,0.47,0.2510887848728808,0.10981424397513699,-0.14127454089774377
2018-05-06 20:00:00,90.27607025514834,0.8082308440943583,0.0,0.2739993880288719,0.5342314560654864,20,Peak,Spring,True,True,True,False,0.47,0.2510887843507786,0.10981424374679442,-0.14127454060398414
2018-05-06 21:00:00,88.26895735551183,0.8035288841521661,0.0,0.2692974288632516,0.5342314552889145,21,Peak,Spring,True,True,True,False,0.47,0.25108878398578977,0.10981424358716575,-0.14127454039862403
2018-05-06 22:00:00,85.96654788527628,0.8427437432187663,0.0,0.3085122875032384,0.5342314557155279,22,Off-Peak,Spring,True,True,True,False,0.27,0.14424249304319253,0.10981424367485851,-0.034428249368334024
2018-05-06 23:00:00,83.57491947933427,0.8543474063207097,0.0,0.3201159509308668,0.5342314553898428,23,Off-Peak,Spring,True,True,True,False,0.27,0.14424249295525757,0.10981424360791213,-0.03442824934734544
2018-05-07 00:00:00,81.93309059545048,0.7539319919162464,0.0,0.2197005373794143,0.5342314545368321,0,Off-Peak,Spring,True,True,True,False,0.27,0.14424249272494466,0.10981424343257104,-0.03442824929237362
2018-05-07 01:00:00,81.73833929758254,0.560310693650483,0.0,0.0260792391320655,0.5342314545184175,1,Off-Peak,Spring,True,True,True,False,0.27,0.14424249271997272,0.1098142434287858,-0.034428249291186916
2018-05-07 02:00:00,82.10181090699798,0.4813944768813318,0.0,0.0,0.4813944768813318,2,Off-Peak,Spring,True,True,True,True,0.27,0.1299765087579596,0.0989533091367182,-0.031023199621241407
2018-05-07 03:00:00,82.43595320010503,0.4856523107508729,0.0,0.0,0.4856523107508729,3,Off-Peak,Spring,True,True,True,True,0.27,0.1311261239027357,0.09982853054323497,-0.03129759335950073
2018-05-07 04:00:00,82.5626714163549,0.5158097341622618,0.0,0.0,0.5158097341622618,4,Off-Peak,Spring,True,True,True,True,0.27,0.1392686282238107,0.10602755646668714,-0.033241071757123555
2018-05-07 05:00:00,82.45707057087228,0.548377246468924,0.0,0.0141457919526943,0.5342314545162297,5,Off-Peak,Spring,True,True,True,False,0.27,0.14424249271938203,0.1098142434283361,-0.03442824929104593
2018-05-07 19:00:00,93.13415808646344,0.7370600845114267,0.0,0.2028286282535933,0.5342314562578334,19,Peak,Spring,True,True,True,False,0.47,0.2510887844411817,0.10981424378633242,-0.1412745406548493
2018-05-07 20:00:00,91.32010398306524,0.7781064189189189,0.0,0.2438749630493276,0.5342314558695913,20,Peak,Spring,True,True,True,False,0.47,0.2510887842587079,0.10981424370652709,-0.1412745405521808
2018-05-07 21:00:00,89.19300032498012,0.8197502751113728,0.0,0.2855188190303845,0.5342314560809882,21,Peak,Spring,True,True,True,False,0.47,0.2510887843580644,0.1098142437499809,-0.14127454060808353
2018-05-07 22:00:00,87.00470661040546,0.8276091740659565,0.0,0.293377718604991,0.5342314554609654,22,Off-Peak,Spring,True,True,True,False,0.27,0.14424249297446068,0.10981424362253177,-0.03442824935192891
2018-05-07 23:00:00,84.88314984292192,0.8183918767281797,0.0,0.2841604216911127,0.534231455037067,23,Off-Peak,Spring,True,True,True,False,0.27,0.14424249286000812,0.10981424353539712,-0.034428249324611
2018-05-08 00:00:00,83.78389212262827,0.6814787035831708,0.0,0.1472472490659176,0.5342314545172532,0,Off-Peak,Spring,True,True,True,False,0.27,0.14424249271965836,0.10981424342854648,-0.03442824929111188
2018-05-08 01:00:00,83.9938214976282,0.5036943181589146,0.0,0.0,0.5036943181589146,1,Off-Peak,Spring,True,True,True,True,0.27,0.13599746590290696,0.10353716539933244,-0.03246030050357451
2018-05-08 02:00:00,84.66663682091581,0.4363081381350028,0.0,0.0,0.4363081381350028,2,Off-Peak,Spring,True,True,True,True,0.27,0.11780319729645077,0.08968556172775058,-0.028117635568700186
2018-05-08 03:00:00,85.3767067347821,0.4308514917132272,0.0,0.0,0.4308514917132272,3,Off-Peak,Spring,True,True,True,True,0.27,0.11632990276257134,0.08856391774105225,-0.027765985021519085
2018-05-08 04:00:00,85.91566708233664,0.4557516167618346,0.0,0.0,0.4557516167618346,4,Off-Peak,Spring,True,True,True,True,0.27,0.12305293652569535,0.09368227677882156,-0.029370659746873792
2018-05-08 05:00:00,86.28128024098676,0.4809892376629612,0.0,0.0,0.4809892376629612,5,Off-Peak,Spring,True,True,True,True,0.27,0.12986709416899953,0.09887000996405314,-0.030997084204946387
2018-05-08 06:00:00,87.80313854031657,0.5216637513319937,0.0,0.0,0.5216637513319937,6,Off-Peak,Spring,True,True,True,True,0.27,0.1408492128596383,0.10723088221824315,-0.03361833064139516
2018-05-08 19:00:00,93.19417389238326,0.7356334502401527,0.0,0.2014019939673853,0.5342314562727674,19,Peak,Spring,True,True,True,False,0.47,0.25108878444820065,0.10981424378940217,-0.14127454065879846
2018-05-08 20:00:00,91.33718419114037,0.7838701223682909,0.0,0.2496386663120526,0.5342314560562382,20,Peak,Spring,True,True,True,False,0.47,0.25108878434643195,0.1098142437448934,-0.14127454060153855
2018-05-08 21:00:00,89.19919995558494,0.8212036504957898,0.0,0.2869721944243523,0.5342314560714375,21,Peak,Spring,True,True,True,False,0.47,0.2510887843535756,0.1098142437480177,-0.14127454060555794
2018-05-08 22:00:00,86.77880603106524,0.8586415641394487,0.0,0.324410107984791,0.5342314561546577,22,Off-Peak,Spring,True,True,True,False,0.27,0.1442424931617576,0.10981424376512408,-0.034428249396633526
2018-05-08 23:00:00,84.31652034404866,0.8638789256043319,0.0,0.3296474700655682,0.5342314555387636,23,Off-Peak,Spring,True,True,True,False,0.27,0.14424249299546618,0.10981424363852361,-0.03442824935694257
2018-05-09 00:00:00,82.99490035403477,0.7111812000757156,0.0,0.1769497455582554,0.5342314545174602,0,Off-Peak,Spring,True,True,True,False,0.27,0.14424249271971426,0.10981424342858905,-0.034428249291125215
2018-05-09 01:00:00,83.08983856021858,0.5204277396842122,0.0,0.0,0.5204277396842122,1,Off-Peak,Spring,True,True,True,True,0.27,0.1405154897147373,0.10697681315731028,-0.03353867655742701
2018-05-09 02:00:00,83.74472500352408,0.4389580447503912,0.0,0.0,0.4389580447503912,2,Off-Peak,Spring,True,True,True,True,0.27,0.11851867208260562,0.09023026475424707,-0.02828840732835855
2018-05-09 03:00:00,84.46822662914649,0.4289396008971044,0.0,0.0,0.4289396008971044,3,Off-Peak,Spring,True,True,True,True,0.27,0.1158136922422182,0.08817091796218257,-0.02764277428003563
2018-05-09 04:00:00,85.08278482131088,0.4447755814192002,0.0,0.0,0.4447755814192002,4,Off-Peak,Spring,True,True,True,True,0.27,0.12008940698318406,0.09142609173616893,-0.028663315247015125
2018-05-09 05:00:00,85.59512097144535,0.4596421853359694,0.0,0.0,0.4596421853359694,5,Off-Peak,Spring,True,True,True,True,0.27,0.12410339004071175,0.09448200476350481,-0.029621385277206938
2018-05-09 06:00:00,87.4016131944933,0.4882259569816123,0.0,0.0,0.4882259569816123,6,Off-Peak,Spring,True,True,True,True,0.27,0.13182100838503533,0.10035755782399808,-0.03146345056103725
2018-05-09 19:00:00,92.72427916865968,0.8004397106499008,0.0,0.2662082509396397,0.5342314597102611,19,Peak,Spring,True,True,True,False,0.47,0.2510887860638227,0.10981424449599811,-0.14127454156782457
2018-05-09 20:00:00,90.64715479153163,0.8132896452545358,0.0,0.2790581890214421,0.5342314562330936,20,Peak,Spring,True,True,True,False,0.47,0.251088784429554,0.10981424378124703,-0.14127454064830697
2018-05-09 21:00:00,88.48134391361113,0.8248088396070583,0.0,0.2905773838578219,0.5342314557492365,21,Peak,Spring,True,True,True,False,0.47,0.25108878420214115,0.1098142436817875,-0.14127454052035365
2018-05-09 22:00:00,86.1534540324291,0.8461580076919799,0.0,0.3119265520204195,0.5342314556715604,22,Off-Peak,Spring,True,True,True,False,0.27,0.1442424930313213,0.10981424366582074,-0.03442824936550057
2018-05-09 23:00:00,83.75637644677552,0.8550765821222772,0.0,0.3208451267419809,0.5342314553802963,23,Off-Peak,Spring,True,True,True,False,0.27,0.14424249295268,0.10981424360594978,-0.03442824934673021
2018-05-10 00:00:00,82.52523089542316,0.6990405706844385,0.0,0.1648091161644359,0.5342314545200026,0,Off-Peak,Spring,True,True,True,False,0.27,0.1442424927204007,0.10981424342911165,-0.034428249291289056
2018-05-10 01:00:00,82.42128490210118,0.5481543601250444,0.0,0.0139229056083766,0.5342314545166678,1,Off-Peak,Spring,True,True,True,False,0.27,0.1442424927195003,0.10981424342842613,-0.03442824929107416
2018-05-10 02:00:00,82.85705794816366,0.4708671330666679,0.0,0.0,0.4708671330666679,2,Off-Peak,Spring,True,True,True,True,0.27,0.12713412592800033,0.09678935513037061,-0.03034477079762972
2018-05-10 03:00:00,83.35161925411715,0.4623020653592624,0.0,0.0,0.4623020653592624,3,Off-Peak,Spring,True,True,True,True,0.27,0.12482155764700086,0.09502875787940393,-0.029792799767596925
2018-05-10 04:00:00,83.64337079562996,0.4917984627861982,0.0,0.0,0.4917984627861982,4,Off-Peak,Spring,True,True,True,True,0.27,0.13278558495227352,0.10109190623938519,-0.031693678712888335
2018-05-10 05:00:00,83.76183545946881,0.5170024742208847,0.0,0.0,0.5170024742208847,5,Off-Peak,Spring,True,True,True,True,0.27,0.13959066803963888,0.10627273081207075,-0.03331793722756812
2018-05-10 19:00:00,93.03032516368216,0.7645116285958626,0.0,0.2302801710137559,0.5342314575821067,19,Peak,Spring,True,True,True,False,0.47,0.2510887850635901,0.10981424405854415,-0.14127454100504597
2018-05-10 20:00:00,91.22078189845205,0.7774659671309828,0.0,0.2432345114931794,0.5342314556378034,20,Peak,Spring,True,True,True,False,0.47,0.2510887841497676,0.10981424365888182,-0.14127454049088578
2018-05-10 21:00:00,88.93749915800073,0.8406205933350358,0.0,0.3063891366446427,0.5342314566903931,21,Peak,Spring,True,True,True,False,0.47,0.25108878464448475,0.10981424387524745,-0.1412745407692373
2018-05-10 22:00:00,86.53952372088003,0.8555876479618959,0.0,0.3213561921281978,0.534231455833698,22,Off-Peak,Spring,True,True,True,False,0.27,0.14424249307509848,0.10981424369914902,-0.03442824937594946
2018-05-10 23:00:00,84.27566914941397,0.83732598226233,0.0,0.3030945271605201,0.5342314551018099,23,Off-Peak,Spring,True,True,True,False,0.27,0.1442424928774887,0.10981424354870538,-0.034428249328783314
2018-05-11 00:00:00,83.03995108652273,0.6996825924532085,0.0,0.1654511379363464,0.534231454516862,0,Off-Peak,Spring,True,True,True,False,0.27,0.14424249271955275,0.10981424342846607,-0.03442824929108668
2018-05-11 01:00:00,82.74146404582939,0.5742117785642691,0.0,0.039980324046519,0.5342314545177501,1,Off-Peak,Spring,True,True,True,False,0.27,0.14424249271979253,0.10981424342864864,-0.034428249291143895
2018-05-11 02:00:00,83.16680210889665,0.4723785553396162,0.0,0.0,0.4723785553396162,2,Off-Peak,Spring,True,True,True,True,0.27,0.12754220994169638,0.09710003637536554,-0.030442173566330832
2018-05-11 03:00:00,83.5895129556657,0.4727499715125448,0.0,0.0,0.4727499715125448,3,Off-Peak,Spring,True,True,True,True,0.27,0.1276424923083871,0.0971763830331342,-0.030466109275252895
2018-05-11 04:00:00,83.87268778995049,0.4930431607682362,0.0,0.0,0.4930431607682362,4,Off-Peak,Spring,True,True,True,True,0.27,0.13312165340742377,0.10134776082458188,-0.031773892582841884
2018-05-11 05:00:00,83.90246663829517,0.5299006138682489,0.0,0.0,0.5299006138682489,5,Off-Peak,Spring,True,True,True,True,0.27,0.14307316574442722,0.10892401507291782,-0.03414915067150939
2018-05-11 19:00:00,92.91210442149293,0.7768716216216217,0.0,0.242640163413505,0.5342314582081167,19,Peak,Spring,True,True,True,False,0.47,0.2510887853578148,0.10981424418722398,-0.14127454117059085
2018-05-11 20:00:00,90.99238229285564,0.7922128378378379,0.0,0.2579813819614123,0.5342314558764256,20,Peak,Spring,True,True,True,False,0.47,0.25108878426192005,0.10981424370793193,-0.14127454055398814
2018-05-11 21:00:00,88.79921867355357,0.8285118243243242,0.0,0.2942803682276057,0.5342314560967185,21,Peak,Spring,True,True,True,False,0.47,0.2510887843654577,0.10981424375321436,-0.14127454061224332
2018-05-11 22:00:00,86.56315559010905,0.8339121621621621,0.0,0.299680706707943,0.5342314554542191,22,Off-Peak,Spring,True,True,True,False,0.27,0.14424249297263916,0.10981424362114503,-0.03442824935149413
2018-05-11 23:00:00,84.20710599788185,0.8496365121234021,0.0,0.3154050567064967,0.5342314554169053,23,Off-Peak,Spring,True,True,True,False,0.27,0.14424249296256444,0.10981424361347498,-0.03442824934908946
2018-05-12 00:00:00,83.10622670811412,0.6816402027027026,0.0,0.147408748179125,0.5342314545235776,0,Off-Peak,Spring,True,True,True,False,0.27,0.14424249272136594,0.1098142434298465,-0.03442824929151944
2018-05-12 01:00:00,83.38715336284622,0.49337947882387,0.0,0.0,0.49337947882387,1,Off-Peak,Spring,True,True,True,True,0.27,0.1332124592824449,0.10141689286935104,-0.03179556641309386
2018-05-12 02:00:00,84.15542030187758,0.4224453473763366,0.0,0.0,0.4224453473763366,2,Off-Peak,Spring,True,True,True,True,0.27,0.1140602437916109,0.08683598807180253,-0.02722425571980837
2018-05-12 03:00:00,84.97486357626958,0.4149533808491276,0.0,0.0,0.4149533808491276,3,Off-Peak,Spring,True,True,True,True,0.27,0.11203741282926445,0.08529597273009844,-0.026741440099166014
2018-05-12 04:00:00,85.85787827194822,0.4056443326097562,0.0,0.0,0.4056443326097562,4,Off-Peak,Spring,True,True,True,True,0.27,0.10952396980463418,0.08338244614756099,-0.026141523657073187
2018-05-12 05:00:00,86.69918045737802,0.411672717674774,0.0,0.0,0.411672717674774,5,Off-Peak,Spring,True,True,True,True,0.27,0.11115163377218898,0.08462161418870354,-0.026530019583485442
2018-05-12 06:00:00,89.01938513170535,0.432240388810951,0.0,0.0,0.432240388810951,6,Off-Peak,Spring,True,True,True,True,0.27,0.11670490497895677,0.08884941325558438,-0.0278554917233724
2018-05-12 19:00:00,91.68585414669188,0.7978395270270269,0.0,0.2636080701045601,0.5342314569224667,19,Peak,Spring,True,True,True,False,0.47,0.25108878475355934,0.10981424392295147,-0.14127454083060786
2018-05-12 20:00:00,89.89378911180825,0.7748952702702703,0.0,0.2406638151434628,0.5342314551268075,20,Peak,Spring,True,True,True,False,0.47,0.2510887839095995,0.10981424355384375,-0.14127454035575573
2018-05-12 21:00:00,87.76456308156688,0.819775337837838,0.0,0.2855438821088771,0.5342314557289609,21,Peak,Spring,True,True,True,False,0.47,0.2510887841926116,0.10981424367761974,-0.14127454051499186
2018-05-12 22:00:00,85.50174446163832,0.8373361486486486,0.0,0.3031046932189893,0.5342314554296592,22,Off-Peak,Spring,True,True,True,False,0.27,0.144242492966008,0.10981424361609661,-0.034428249349911386
2018-05-12 23:00:00,83.26394347746056,0.8337005285535604,0.0,0.2994690734668949,0.5342314550866654,23,Off-Peak,Spring,True,True,True,False,0.27,0.14424249287339966,0.10981424354559233,-0.03442824932780733
2018-05-13 00:00:00,81.82981224967098,0.7261248221569906,0.0,0.1918933676359727,0.5342314545210178,0,Off-Peak,Spring,True,True,True,False,0.27,0.14424249272067483,0.10981424342932034,-0.03442824929135449
2018-05-13 01:00:00,81.71962723038537,0.5489847857578541,0.0,0.0147533312410202,0.5342314545168338,1,Off-Peak,Spring,True,True,True,False,0.27,0.14424249271954515,0.10981424342846027,-0.03442824929108487
2018-05-13 02:00:00,82.33699323191664,0.4444787896470598,0.0,0.0,0.4444787896470598,2,Off-Peak,Spring,True,True,True,True,0.27,0.12000927320470615,0.09136508453856229,-0.028644188666143863
2018-05-13 03:00:00,83.01151273893858,0.4361400447969472,0.0,0.0,0.4361400447969472,3,Off-Peak,Spring,True,True,True,True,0.27,0.11775781209517575,0.08965100920826137,-0.028106802886914375
2018-05-13 04:00:00,83.55856730155656,0.4546641741816376,0.0,0.0,0.4546641741816376,4,Off-Peak,Spring,True,True,True,True,0.27,0.12275932702904217,0.0934587469151144,-0.029300580113927777
2018-05-13 05:00:00,84.07091761557113,0.4596972012433122,0.0,0.0,0.4596972012433122,5,Off-Peak,Spring,True,True,True,True,0.27,0.12411824433569431,0.09449331358890306,-0.029624930746791248
2018-05-13 06:00:00,85.81064783974381,0.4930054331351668,0.0,0.0,0.4930054331351668,6,Off-Peak,Spring,True,True,True,True,0.27,0.13311146694649506,0.10134000570000651,-0.03177146124648855
2018-05-13 07:00:00,92.32320327662816,0.5337119109543559,0.0,0.0,0.5337119109543559,7,Mid-Peak,Spring,True,True,True,True,0.37,0.19747340705311167,0.10970744836283981,-0.08776595869027186
2018-05-13 19:00:00,92.71626492396572,0.7864235285962665,0.0,0.2521920701322152,0.5342314584640513,19,Peak,Spring,True,True,True,False,0.47,0.2510887854781041,0.10981424423983276,-0.14127454123827132
2018-05-13 20:00:00,90.79314517415712,0.792620654631514,0.0,0.2583891988555978,0.5342314557759162,20,Peak,Spring,True,True,True,False,0.47,0.2510887842146806,0.10981424368727166,-0.14127454052740895
2018-05-13 21:00:00,88.60071970289536,0.8283653064208685,0.0,0.2941338504033429,0.5342314560175256,21,Peak,Spring,True,True,True,False,0.47,0.25108878432823706,0.10981424373693582,-0.14127454059130123
2018-05-13 22:00:00,86.19665121290694,0.8563264078931577,0.0,0.3220949520115929,0.5342314558815648,22,Off-Peak,Spring,True,True,True,False,0.27,0.1442424930880225,0.10981424370898832,-0.03442824937903419
2018-05-13 23:00:00,83.82554113563259,0.8515827748782154,0.0,0.3173513196099557,0.5342314552682597,23,Off-Peak,Spring,True,True,True,False,0.27,0.1442424929224301,0.10981424358292004,-0.03442824933951007
2018-05-14 00:00:00,82.45012108400866,0.7183154874149442,0.0,0.1840840328986012,0.5342314545163429,0,Off-Peak,Spring,True,True,True,False,0.27,0.14424249271941258,0.10981424342835937,-0.03442824929105322
2018-05-14 01:00:00,82.38029475568115,0.5435833297405159,0.0,0.0093518752239502,0.5342314545165657,1,Off-Peak,Spring,True,True,True,False,0.27,0.14424249271947276,0.10981424342840516,-0.034428249291067595
2018-05-14 02:00:00,82.80941006217756,0.4718429135281644,0.0,0.0,0.4718429135281644,2,Off-Peak,Spring,True,True,True,True,0.27,0.1273975866526044,0.09698993222523379,-0.030407654427370603
2018-05-14 03:00:00,83.16508604344749,0.4825147527130297,0.0,0.0,0.4825147527130297,3,Off-Peak,Spring,True,True,True,True,0.27,0.13027898323251802,0.09918358805767832,-0.031095395174839696
2018-05-14 04:00:00,83.55586479921769,0.4774004185422232,0.0,0.0,0.4774004185422232,4,Off-Peak,Spring,True,True,True,True,0.27,0.12889811300640028,0.09813230825590144,-0.030765804750498837
2018-05-14 05:00:00,83.80662122178578,0.4977628776208177,0.0,0.0,0.4977628776208177,5,Off-Peak,Spring,True,True,True,True,0.27,0.1343959769576208,0.10231792484427919,-0.032078052113341596
2018-05-14 19:00:00,93.07477625165563,0.7732708956416371,0.0,0.2390394373181177,0.5342314583235194,19,Peak,Spring,True,True,True,False,0.47,0.2510887854120541,0.10981424421094564,-0.14127454120110844
2018-05-14 20:00:00,91.17162064487717,0.7900015237140806,0.0,0.2557700678147108,0.5342314558993697,20,Peak,Spring,True,True,True,False,0.47,0.25108878427270376,0.10981424371264821,-0.14127454056005556
2018-05-14 21:00:00,89.04276980335601,0.8199104686716889,0.0,0.2856790127281975,0.5342314559434914,21,Peak,Spring,True,True,True,False,0.47,0.25108878429344095,0.10981424372171768,-0.14127454057172328
2018-05-14 22:00:00,86.48308412013715,0.8771846014905187,0.0,0.3429531448138185,0.5342314566767001,22,Off-Peak,Spring,True,True,True,False,0.27,0.14424249330270905,0.10981424387243281,-0.03442824943027624
2018-05-14 23:00:00,84.05344680850956,0.8594287087685833,0.0,0.3251972534773961,0.5342314552911873,23,Off-Peak,Spring,True,True,True,False,0.27,0.1442424929286206,0.10981424358763293,-0.03442824934098766
2018-05-15 00:00:00,82.81813912634198,0.6995961412285678,0.0,0.1653646867082581,0.5342314545203097,0,Off-Peak,Spring,True,True,True,False,0.27,0.14424249272048364,0.10981424342917477,-0.034428249291308874
2018-05-15 01:00:00,82.7045610497012,0.5494442569256555,0.0,0.0152128024090665,0.5342314545165888,1,Off-Peak,Spring,True,True,True,False,0.27,0.144242492719479,0.10981424342840992,-0.03442824929106908
2018-05-15 02:00:00,83.08831261212131,0.4784347607389788,0.0,0.0,0.4784347607389788,2,Off-Peak,Spring,True,True,True,True,0.27,0.12917738539952428,0.09834492304079007,-0.030832462358734214
2018-05-15 03:00:00,83.55001696138295,0.4670849513150524,0.0,0.0,0.4670849513150524,3,Off-Peak,Spring,True,True,True,True,0.27,0.12611293685506417,0.09601190665920521,-0.030101030195858955
2018-05-15 04:00:00,83.86699080340436,0.4881309243812121,0.0,0.0,0.4881309243812121,4,Off-Peak,Spring,True,True,True,True,0.27,0.13179534958292727,0.10033802334502692,-0.031457326237900346
2018-05-15 05:00:00,84.0342260775722,0.5099091131535107,0.0,0.0,0.5099091131535107,5,Off-Peak,Spring,True,True,True,True,0.27,0.13767546055144791,0.10481465103711053,-0.03286080951433738
2018-05-15 19:00:00,92.97575827389146,0.789453815963821,0.0,0.2552223565460207,0.5342314594178003,19,Peak,Spring,True,True,True,False,0.47,0.25108878592636613,0.10981424443588116,-0.14127454149048496
2018-05-15 20:00:00,90.85222475273248,0.81951412392215,0.0,0.2852826672672957,0.5342314566548543,20,Peak,Spring,True,True,True,False,0.47,0.2510887846277815,0.10981424386794227,-0.14127454075983925
2018-05-15 21:00:00,88.73512661886794,0.8182783526716381,0.0,0.2840468970752584,0.5342314555963796,21,Peak,Spring,True,True,True,False,0.47,0.2510887841302984,0.10981424365036692,-0.1412745404799315
2018-05-15 22:00:00,86.484742990697,0.8357874321895561,0.0,0.301555976641414,0.534231455548142,22,Off-Peak,Spring,True,True,True,False,0.27,0.14424249299799835,0.10981424364045142,-0.03442824935754693
2018-05-15 23:00:00,84.13805869704942,0.8483436055904249,0.0,0.3141121501984712,0.5342314553919536,23,Off-Peak,Spring,True,True,True,False,0.27,0.14424249295582747,0.10981424360834602,-0.034428249347481454
2018-05-16 00:00:00,82.98040430363378,0.689214069810047,0.0,0.1549826152892467,0.5342314545208002,0,Off-Peak,Spring,True,True,True,False,0.27,0.14424249272061607,0.1098142434292756,-0.034428249291340474
2018-05-16 01:00:00,83.05708335781344,0.5230847694425094,0.0,0.0,0.5230847694425094,1,Off-Peak,Spring,True,True,True,True,0.27,0.14123288774947754,0.1075229803854047,-0.03370990736407284
2018-05-16 02:00:00,83.54150211514563,0.4637826660694646,0.0,0.0,0.4637826660694646,2,Off-Peak,Spring,True,True,True,True,0.27,0.12522131983875545,0.09533310358094549,-0.029888216257809963
2018-05-16 03:00:00,84.0169645716774,0.4650717494948183,0.0,0.0,0.4650717494948183,3,Off-Peak,Spring,True,True,True,True,0.27,0.12556937236360094,0.09559808184060152,-0.02997129052299942
2018-05-16 04:00:00,84.24808752136211,0.5006140266967171,0.0,0.0,0.5006140266967171,4,Off-Peak,Spring,True,True,True,True,0.27,0.13516578720811362,0.10290399437654739,-0.03226179283156623
2018-05-16 05:00:00,84.38416287080564,0.5144388227067896,0.0,0.0,0.5144388227067896,5,Off-Peak,Spring,True,True,True,True,0.27,0.13889848213083322,0.10574575800084009,-0.033152724129993136
2018-05-16 19:00:00,93.16800072370592,0.737266052176756,0.0,0.2030345958652776,0.5342314563114784,19,Peak,Spring,True,True,True,False,0.47,0.2510887844663948,0.10981424379735945,-0.1412745406690354
2018-05-16 20:00:00,91.3560058921878,0.7777824034109156,0.0,0.2435509475300312,0.5342314558808845,20,Peak,Spring,True,True,True,False,0.47,0.2510887842640157,0.10981424370884847,-0.14127454055516725
2018-05-16 21:00:00,89.22254278691605,0.820544681525157,0.0,0.2863132254117305,0.5342314561134265,21,Peak,Spring,True,True,True,False,0.47,0.25108878437331045,0.10981424375664878,-0.14127454061666167
2018-05-16 22:00:00,86.99926121626864,0.8322275857070297,0.0,0.2979961301605995,0.5342314555464303,22,Off-Peak,Spring,True,True,True,False,0.27,0.1442424929975362,0.10981424364009955,-0.034428249357436644
2018-05-16 23:00:00,84.79151217279127,0.8298452865931629,0.0,0.2956138314354112,0.5342314551577516,23,Off-Peak,Spring,True,True,True,False,0.27,0.14424249289259294,0.1098142435602045,-0.034428249332388444
2018-05-17 00:00:00,83.66949893100664,0.6844845584045541,0.0,0.1502531038864443,0.5342314545181098,0,Off-Peak,Spring,True,True,True,False,0.27,0.14424249271988968,0.10981424342872256,-0.03442824929116711
2018-05-17 01:00:00,83.78442264173285,0.5175202469974796,0.0,0.0,0.5175202469974796,1,Off-Peak,Spring,True,True,True,True,0.27,0.1397304666893195,0.10637916188281524,-0.03335130480650425
2018-05-17 02:00:00,84.38299926964183,0.4471465035328171,0.0,0.0,0.4471465035328171,2,Off-Peak,Spring,True,True,True,True,0.27,0.12072955595386062,0.0919134479484124,-0.02881610800544822
2018-05-17 03:00:00,85.0913624111264,0.4311360135014349,0.0,0.0,0.4311360135014349,3,Off-Peak,Spring,True,True,True,True,0.27,0.11640672364538743,0.08862240277529494,-0.027784320870092485
2018-05-17 04:00:00,85.66017134376607,0.4514319430508884,0.0,0.0,0.4514319430508884,4,Off-Peak,Spring,True,True,True,True,0.27,0.12188662462373988,0.09279434384934927,-0.029092280774390605
2018-05-17 05:00:00,86.07849249708667,0.4733311768151908,0.0,0.0,0.4733311768151908,5,Off-Peak,Spring,True,True,True,True,0.27,0.12779941774010153,0.09729585301201145,-0.030503564728090085
2018-05-17 06:00:00,87.69354355224603,0.5114258662805257,0.0,0.0,0.5114258662805257,6,Off-Peak,Spring,True,True,True,True,0.27,0.13808498389574195,0.10512642806877472,-0.03295855582696723
2018-05-17 19:00:00,92.85045996645668,0.7695713671344251,0.0,0.2353399095874856,0.5342314575469395,19,Peak,Spring,True,True,True,False,0.47,0.25108878504706156,0.10981424405131533,-0.1412745409957462
2018-05-17 20:00:00,90.83791187151392,0.8046050829865161,0.0,0.2703736267213726,0.5342314562651435,20,Peak,Spring,True,True,True,False,0.47,0.2510887844446174,0.10981424378783505,-0.14127454065678235
2018-05-17 21:00:00,88.73149136968149,0.8168336107610237,0.0,0.2826021550959302,0.5342314556650936,21,Peak,Spring,True,True,True,False,0.47,0.25108878416259395,0.10981424366449144,-0.1412745404981025
2018-05-17 22:00:00,86.37602299939348,0.8498196809948683,0.0,0.3155882251357172,0.534231455859151,22,Off-Peak,Spring,True,True,True,False,0.27,0.1442424930819708,0.10981424370438103,-0.03442824937758976
2018-05-17 23:00:00,83.87886501763646,0.8684051758837713,0.0,0.3341737202488078,0.5342314556349634,23,Off-Peak,Spring,True,True,True,False,0.27,0.14424249302144013,0.10981424365829803,-0.034428249363142094
2018-05-18 00:00:00,82.57557943269958,0.7086599286272796,0.0,0.1744284741084811,0.5342314545187984,0,Off-Peak,Spring,True,True,True,False,0.27,0.14424249272007558,0.1098142434288641,-0.03442824929121148
2018-05-18 01:00:00,82.41951280529636,0.5551308507314597,0.0,0.0208993962144385,0.5342314545170211,1,Off-Peak,Spring,True,True,True,False,0.27,0.14424249271959572,0.10981424342849878,-0.03442824929109693
2018-05-18 02:00:00,82.86332260329807,0.4697108256202093,0.0,0.0,0.4697108256202093,2,Off-Peak,Spring,True,True,True,True,0.27,0.12682192291745653,0.09655166971082081,-0.03027025320663572
2018-05-18 03:00:00,83.27639052492253,0.4741709268909319,0.0,0.0,0.4741709268909319,3,Off-Peak,Spring,True,True,True,True,0.27,0.1280261502605516,0.09746846830535821,-0.0305576819551934
2018-05-18 04:00:00,83.55199559700431,0.494156628880254,0.0,0.0,0.494156628880254,4,Off-Peak,Spring,True,True,True,True,0.27,0.1334222897976686,0.10157664038094111,-0.03184564941672749
2018-05-18 05:00:00,83.69967670720695,0.5127578148937861,0.0,0.0,0.5127578148937861,5,Off-Peak,Spring,True,True,True,True,0.27,0.13844461002132227,0.10540021750594492,-0.03304439251537736
2018-05-18 19:00:00,93.10875583556746,0.7663888467835075,0.0,0.2321573888844617,0.5342314578990458,19,Peak,Spring,True,True,True,False,0.47,0.2510887852125515,0.10981424412369274,-0.14127454108885878
2018-05-18 20:00:00,91.2194996054558,0.788119129404883,0.0,0.253887673476267,0.5342314559286161,20,Peak,Spring,True,True,True,False,0.47,0.25108878428644954,0.10981424371865997,-0.14127454056778957
2018-05-18 21:00:00,88.95210279084054,0.8384336969603161,0.0,0.3042022404499577,0.5342314565103583,21,Peak,Spring,True,True,True,False,0.47,0.2510887845598684,0.10981424383824032,-0.14127454072162807
2018-05-18 22:00:00,86.71815995810121,0.8335986897988696,0.0,0.299367234398867,0.5342314554000027,22,Off-Peak,Spring,True,True,True,False,0.27,0.14424249295800073,0.10981424361000056,-0.03442824934800018
2018-05-18 23:00:00,84.22463526605986,0.867959557707724,0.0,0.3337281019100335,0.5342314557976905,23,Off-Peak,Spring,True,True,True,False,0.27,0.14424249306537645,0.10981424369174748,-0.03442824937362897
2018-05-19 00:00:00,82.64098266148054,0.7461508464966032,0.0,0.2119193919727063,0.5342314545238969,0,Off-Peak,Spring,True,True,True,False,0.27,0.14424249272145218,0.10981424342991213,-0.03442824929154005
2018-05-19 01:00:00,82.42969498920044,0.5625241798923378,0.0,0.0282927253731997,0.5342314545191381,1,Off-Peak,Spring,True,True,True,False,0.27,0.14424249272016731,0.10981424342893395,-0.034428249291233365
2018-05-19 02:00:00,82.54970387150152,0.5167904567110325,0.0,0.0,0.5167904567110325,2,Off-Peak,Spring,True,True,True,True,0.27,0.1395334233119788,0.10622914943504556,-0.03330427387693323
2018-05-19 03:00:00,82.67376162410154,0.516201089532108,0.0,0.0,0.516201089532108,3,Off-Peak,Spring,True,True,True,True,0.27,0.13937429417366917,0.10610800173715552,-0.03326629243651365
2018-05-19 04:00:00,82.54965168347584,0.5508521374757054,0.0,0.0166206829594275,0.5342314545162778,4,Off-Peak,Spring,True,True,True,False,0.27,0.14424249271939502,0.109814243428346,-0.03442824929104901
2018-05-19 05:00:00,82.21006111545915,0.579697540283733,0.0,0.0454660857663785,0.5342314545173544,5,Off-Peak,Spring,True,True,True,False,0.27,0.1442424927196857,0.1098142434285673,-0.0344282492911184
2018-05-19 06:00:00,81.50446573491503,0.6286547944730795,0.0,0.0944233399421316,0.5342314545309478,6,Off-Peak,Spring,True,True,True,False,0.27,0.1442424927233559,0.10981424343136148,-0.03442824929199442
2018-05-19 17:00:00,93.59919973373049,0.7232324387756106,0.0,0.1890009825140965,0.534231456261514,17,Peak,Spring,True,True,True,False,0.47,0.2510887844429116,0.109814243787089,-0.14127454065582262
2018-05-19 19:00:00,90.26751689252627,0.8550947315473366,0.0,0.320863271557917,0.5342314599894196,19,Peak,Spring,True,True,True,False,0.47,0.25108878619502717,0.10981424455338068,-0.1412745416416465
2018-05-19 20:00:00,87.87142818911187,0.855477431996878,0.0,0.3212459759512199,0.534231456045658,20,Peak,Spring,True,True,True,False,0.47,0.25108878434145926,0.10981424374271859,-0.14127454059874067
2018-05-19 21:00:00,85.41733831543907,0.8628515158814696,0.0,0.328620060199779,0.5342314556816905,21,Peak,Spring,True,True,True,False,0.47,0.25108878417039454,0.10981424366790304,-0.1412745405024915
2018-05-19 22:00:00,82.66391344785887,0.902442967235474,0.0,0.3682115110356844,0.5342314561997896,22,Off-Peak,Spring,True,True,True,False,0.27,0.14424249317394322,0.10981424377440119,-0.03442824939954203
2018-05-19 23:00:00,79.84483862246688,0.9107924826293612,0.0,0.3765610268411209,0.5342314557882403,23,Off-Peak,Spring,True,True,True,False,0.27,0.14424249306282488,0.10981424368980494,-0.03442824937301994
2018-05-20 00:00:00,78.00573190292198,0.779852413730221,0.0,0.2456209592018809,0.5342314545283401,0,Off-Peak,Spring,True,True,True,False,0.27,0.14424249272265183,0.10981424343082545,-0.03442824929182638
2018-05-20 01:00:00,77.4461307181775,0.6090053778921904,0.0,0.0747739233674859,0.5342314545247044,1,Off-Peak,Spring,True,True,True,False,0.27,0.1442424927216702,0.10981424343007813,-0.034428249291592064
2018-05-20 02:00:00,77.39573988041144,0.5409664337181255,0.0,0.0067349792018868,0.5342314545162387,2,Off-Peak,Spring,True,True,True,False,0.27,0.14424249271938444,0.10981424342833794,-0.0344282492910465
2018-05-20 03:00:00,77.50107111057225,0.5189538996612238,0.0,0.0,0.5189538996612238,3,Off-Peak,Spring,True,True,True,True,0.27,0.14011755290853045,0.1066738571525849,-0.03344369575594555
2018-05-20 04:00:00,77.41096663705903,0.5462741601905031,0.0,0.0120427056742798,0.5342314545162232,4,Off-Peak,Spring,True,True,True,False,0.27,0.14424249271938028,0.10981424342833476,-0.034428249291045515
2018-05-20 05:00:00,77.05583738270914,0.5816821322347151,0.0,0.0474506777175993,0.5342314545171157,5,Off-Peak,Spring,True,True,True,False,0.27,0.14424249271962125,0.10981424342851823,-0.034428249291103025
2018-05-20 19:00:00,92.65266597263565,0.7924924329775347,0.0,0.2582609741841886,0.5342314587933461,19,Peak,Spring,True,True,True,False,0.47,0.2510887856328727,0.10981424430752115,-0.14127454132535153
2018-05-20 20:00:00,90.5130489414652,0.821567464270235,0.0,0.2873360077426042,0.5342314565276307,20,Peak,Spring,True,True,True,False,0.47,0.25108878456798644,0.10981424384179075,-0.1412745407261957
2018-05-20 21:00:00,88.3849761112318,0.8196544342126169,0.0,0.2854229786710992,0.5342314555415176,21,Peak,Spring,True,True,True,False,0.47,0.2510887841045133,0.10981424363908973,-0.14127454046542356
2018-05-20 22:00:00,85.95428295041269,0.8597909120210495,0.0,0.3255594560190634,0.5342314560019861,22,Off-Peak,Spring,True,True,True,False,0.27,0.14424249312053625,0.10981424373374157,-0.034428249386794674
2018-05-20 23:00:00,83.28785479324308,0.8909039282996509,0.0,0.356672472278835,0.5342314560208159,23,Off-Peak,Spring,True,True,True,False,0.27,0.1442424931256203,0.10981424373761214,-0.03442824938800815
2018-05-21 00:00:00,81.47042636066006,0.7772741351452107,0.0,0.2430426805991551,0.5342314545460556,0,Off-Peak,Spring,True,True,True,False,0.27,0.14424249272743503,0.10981424343446697,-0.03442824929296806
2018-05-21 01:00:00,80.9150491983807,0.60853675995132,0.0,0.0743053054260275,0.5342314545252924,1,Off-Peak,Spring,True,True,True,False,0.27,0.14424249272182896,0.109814243430199,-0.034428249291629964
2018-05-21 02:00:00,80.84469711813344,0.5436462830784591,0.0,0.0094148285621969,0.5342314545162621,2,Off-Peak,Spring,True,True,True,False,0.27,0.14424249271939077,0.10981424342834276,-0.03442824929104801
2018-05-21 03:00:00,80.83922779376721,0.5349634083389372,0.0,0.0,0.5349634083389372,3,Off-Peak,Spring,True,True,True,True,0.27,0.14444012025151304,0.10996470060300374,-0.034475419648509295
2018-05-21 04:00:00,80.52601273258207,0.5761365424951695,0.0,0.0419050879775281,0.5342314545176414,4,Off-Peak,Spring,True,True,True,False,0.27,0.1442424927197632,0.1098142434286263,-0.0344282492911369
2018-05-21 05:00:00,80.04037541228534,0.5991866644927293,0.0,0.064955209974144,0.5342314545185852,5,Off-Peak,Spring,True,True,True,False,0.27,0.14424249272001802,0.10981424342882029,-0.03442824929119773
2018-05-21 19:00:00,92.9584750843944,0.7714168581114574,0.0,0.2371854001968338,0.5342314579146237,19,Peak,Spring,True,True,True,False,0.47,0.2510887852198731,0.10981424412689486,-0.14127454109297824
2018-05-21 20:00:00,90.95081365553148,0.8039376865441801,0.0,0.2697062302689497,0.5342314562752304,20,Peak,Spring,True,True,True,False,0.47,0.2510887844493583,0.10981424378990846,-0.14127454065944983
2018-05-21 21:00:00,88.88617391383754,0.8112254137578307,0.0,0.2769939581743542,0.5342314555834765,21,Peak,Spring,True,True,True,False,0.47,0.25108878412423397,0.10981424364771461,-0.14127454047651936
2018-05-21 22:00:00,86.50911720196929,0.8526902018289523,0.0,0.3184587458325552,0.5342314559963971,22,Off-Peak,Spring,True,True,True,False,0.27,0.14424249311902723,0.10981424373259274,-0.03442824938643449
2018-05-21 23:00:00,84.02126530187655,0.8671413687492577,0.0,0.3329099131425521,0.5342314556067056,23,Off-Peak,Spring,True,True,True,False,0.27,0.1442424930138105,0.10981424365248948,-0.03442824936132102
2018-05-22 00:00:00,82.66901752798545,0.7151930148312519,0.0,0.180961560313941,0.5342314545173108,0,Off-Peak,Spring,True,True,True,False,0.27,0.14424249271967393,0.10981424342855833,-0.0344282492911156
2018-05-22 01:00:00,82.45161693792001,0.5633401624918078,0.0,0.0291087079737254,0.5342314545180824,1,Off-Peak,Spring,True,True,True,False,0.27,0.14424249271988226,0.10981424342871694,-0.03442824929116532
2018-05-22 02:00:00,82.71602393315177,0.4958029423224674,0.0,0.0,0.4958029423224674,2,Off-Peak,Spring,True,True,True,True,0.27,0.1338667944270662,0.10191504925517386,-0.03195174517189234
2018-05-22 03:00:00,83.05273215607585,0.485286159851705,0.0,0.0,0.485286159851705,3,Off-Peak,Spring,True,True,True,True,0.27,0.13102726315996036,0.09975326619173935,-0.031273996968221
2018-05-22 04:00:00,83.09954798111255,0.5274270636381813,0.0,0.0,0.5274270636381813,4,Off-Peak,Spring,True,True,True,True,0.27,0.14240530718230895,0.1084155630811817,-0.03398974410112725
2018-05-22 05:00:00,83.05900441333844,0.5396618695342711,0.0,0.0054304150180718,0.5342314545161992,5,Off-Peak,Spring,True,True,True,False,0.27,0.1442424927193738,0.10981424342832985,-0.03442824929104396
2018-05-22 19:00:00,92.5250313679763,0.7940594188102751,0.0,0.2598279602598589,0.5342314585504162,19,Peak,Spring,True,True,True,False,0.47,0.2510887855186956,0.10981424425758556,-0.14127454126111005
2018-05-22 20:00:00,90.40936372371814,0.8183199288812898,0.0,0.2840884725267889,0.5342314563545009,20,Peak,Spring,True,True,True,False,0.47,0.25108878448661537,0.10981424380620294,-0.14127454068041242
2018-05-22 21:00:00,88.18369914294279,0.8326786824673911,0.0,0.2984472266495949,0.5342314558177961,21,Peak,Spring,True,True,True,False,0.47,0.25108878423436415,0.1098142436958803,-0.14127454053848384
2018-05-22 22:00:00,85.49403161030548,0.8943301119471717,0.0,0.3600986551052227,0.534231456841949,22,Off-Peak,Spring,True,True,True,False,0.27,0.14424249334732622,0.1098142439064006,-0.03442824944092562
2018-05-22 23:00:00,82.90895576547751,0.8799645744251251,0.0,0.3457331189992395,0.5342314554258856,23,Off-Peak,Spring,True,True,True,False,0.27,0.14424249296498912,0.10981424361532091,-0.034428249349668205
2018-05-23 00:00:00,81.37331234665442,0.7396039162200113,0.0,0.2053724617033606,0.5342314545166507,0,Off-Peak,Spring,True,True,True,False,0.27,0.14424249271949569,0.10981424342842262,-0.03442824929107306
2018-05-23 01:00:00,80.87619341282284,0.6007396868836196,0.0,0.0665082323633886,0.5342314545202309,1,Off-Peak,Spring,True,True,True,False,0.27,0.14424249272046236,0.10981424342915858,-0.03442824929130378
2018-05-23 02:00:00,80.73416178332636,0.5532361468341522,0.0,0.0190046923178329,0.5342314545163193,2,Off-Peak,Spring,True,True,True,False,0.27,0.1442424927194062,0.10981424342835451,-0.03442824929105169
2018-05-23 03:00:00,80.83835203781143,0.5191015371189671,0.0,0.0,0.5191015371189671,3,Off-Peak,Spring,True,True,True,True,0.27,0.14015741502212112,0.10670420485223213,-0.03345321016988899
2018-05-23 04:00:00,80.68986588193702,0.5540993908430107,0.0,0.0198679363266147,0.534231454516396,4,Off-Peak,Spring,True,True,True,False,0.27,0.14424249271942693,0.10981424342837028,-0.03442824929105666
2018-05-23 05:00:00,80.34969951501127,0.5797360783976454,0.0,0.0455046238804923,0.5342314545171531,5,Off-Peak,Spring,True,True,True,False,0.27,0.14424249271963135,0.10981424342852592,-0.03442824929110544
2018-05-23 19:00:00,92.79677434723963,0.7625212352118773,0.0,0.2282897782117481,0.5342314570001292,19,Peak,Spring,True,True,True,False,0.47,0.2510887847900607,0.10981424393891545,-0.14127454085114524
2018-05-23 20:00:00,90.81556037319562,0.8003494109755886,0.0,0.2661179547936501,0.5342314561819386,20,Peak,Spring,True,True,True,False,0.47,0.25108878440551113,0.10981424377073182,-0.14127454063477932
2018-05-23 21:00:00,88.6255917201753,0.8279602739698363,0.0,0.293728818013631,0.5342314559562052,21,Peak,Spring,True,True,True,False,0.47,0.25108878429941645,0.10981424372433107,-0.14127454057508537
2018-05-23 22:00:00,86.2727195929104,0.8494015502252173,0.0,0.3151700944802073,0.5342314557450101,22,Off-Peak,Spring,True,True,True,False,0.27,0.14424249305115272,0.10981424368091873,-0.03442824937023399
2018-05-23 23:00:00,84.07690586628397,0.8281003771334633,0.0,0.2938689221309924,0.5342314550024708,23,Off-Peak,Spring,True,True,True,False,0.27,0.14424249285066712,0.10981424352828566,-0.03442824932238146
2018-05-24 00:00:00,82.72890022903975,0.7146202060661666,0.0,0.1803887515472851,0.5342314545188814,0,Off-Peak,Spring,True,True,True,False,0.27,0.144242492720098,0.10981424342888117,-0.034428249291216836
2018-05-24 01:00:00,82.45622463969642,0.5707381283964648,0.0,0.0365066738787562,0.5342314545177085,1,Off-Peak,Spring,True,True,True,False,0.27,0.1442424927197813,0.10981424342864007,-0.034428249291141216
2018-05-24 02:00:00,82.61374528726277,0.5113411850348554,0.0,0.0,0.5113411850348554,2,Off-Peak,Spring,True,True,True,True,0.27,0.13806211995941095,0.10510902136827582,-0.03295309859113513
2018-05-24 03:00:00,82.8309492547375,0.502664440577213,0.0,0.0,0.502664440577213,3,Off-Peak,Spring,True,True,True,True,0.27,0.13571939895584753,0.10332546834087157,-0.03239393061497596
2018-05-24 04:00:00,82.788033055013,0.5399787037723539,0.0,0.0057472492561513,0.5342314545162026,4,Off-Peak,Spring,True,True,True,False,0.27,0.1442424927193747,0.10981424342833052,-0.03442824929104418
2018-05-24 05:00:00,82.52973044656108,0.5688151216090869,0.0,0.0345836670923619,0.5342314545167249,5,Off-Peak,Spring,True,True,True,False,0.27,0.14424249271951575,0.1098142434284379,-0.03442824929107785
2018-05-24 19:00:00,92.7446696916306,0.7943326005924808,0.0,0.2601011413836051,0.5342314592088757,19,Peak,Spring,True,True,True,False,0.47,0.25108878582817157,0.10981424439293555,-0.14127454143523602
2018-05-24 20:00:00,90.68508151027068,0.8108333486379519,0.0,0.2766018924339727,0.5342314562039792,20,Peak,Spring,True,True,True,False,0.47,0.2510887844158702,0.10981424377526237,-0.1412745406406078
2018-05-24 21:00:00,88.29208838399839,0.8550880531756614,0.0,0.3208565965701873,0.5342314566054741,21,Peak,Spring,True,True,True,False,0.47,0.2510887846045728,0.1098142438577919,-0.1412745407467809
2018-05-24 22:00:00,85.97253672640352,0.8448921711068689,0.0,0.3106607156902373,0.5342314554166315,22,Off-Peak,Spring,True,True,True,False,0.27,0.14424249296249053,0.1098142436134187,-0.034428249349071835
2018-05-24 23:00:00,83.58118068264754,0.85416088776213,0.0,0.3199294323816868,0.5342314553804431,23,Off-Peak,Spring,True,True,True,False,0.27,0.14424249295271965,0.10981424360597998,-0.03442824934673967
2018-05-25 00:00:00,82.27737116367521,0.7086739817440803,0.0,0.1744425272269831,0.5342314545170972,0,Off-Peak,Spring,True,True,True,False,0.27,0.14424249271961626,0.10981424342851442,-0.03442824929110183
2018-05-25 01:00:00,82.02800186805203,0.5676116680518948,0.0,0.0333802135338057,0.5342314545180891,1,Off-Peak,Spring,True,True,True,False,0.27,0.14424249271988407,0.1098142434287183,-0.034428249291165766
2018-05-25 02:00:00,82.15820958066294,0.515314414190156,0.0,0.0,0.515314414190156,2,Off-Peak,Spring,True,True,True,True,0.27,0.13913489183134212,0.10592574069464318,-0.033209151136698936
2018-05-25 03:00:00,82.43749297401665,0.4936483261486098,0.0,0.0,0.4936483261486098,3,Off-Peak,Spring,True,True,True,True,0.27,0.13328504806012467,0.10147215593054758,-0.031812892129577094
2018-05-25 04:00:00,82.4690557548268,0.5296455793569221,0.0,0.0,0.5296455793569221,4,Off-Peak,Spring,True,True,True,True,0.27,0.143004306426369,0.10887159131225621,-0.03413271511411278
2018-05-25 05:00:00,82.28617799794843,0.5587146155258063,0.0,0.0244831610094139,0.5342314545163923,5,Off-Peak,Spring,True,True,True,False,0.27,0.14424249271942594,0.10981424342836954,-0.034428249291056395
2018-05-25 19:00:00,92.63596168742836,0.7883599397958977,0.0,0.2541284813984277,0.53423145839747,19,Peak,Spring,True,True,True,False,0.47,0.2510887854468109,0.1098142442261466,-0.1412745412206643
2018-05-25 20:00:00,90.78159335865836,0.783309966018773,0.0,0.249078510498175,0.534231455520598,20,Peak,Spring,True,True,True,False,0.47,0.25108878409468105,0.10981424363478959,-0.14127454045989146
2018-05-25 21:00:00,88.5459656459321,0.8340478995723228,0.0,0.2998164433081463,0.5342314562641766,21,Peak,Spring,True,True,True,False,0.47,0.251088784444163,0.10981424378763628,-0.14127454065652673
2018-05-25 22:00:00,86.27017932430772,0.8390724277544734,0.0,0.3048409722757689,0.5342314554787044,22,Off-Peak,Spring,True,True,True,False,0.27,0.1442424929792502,0.10981424362617813,-0.03442824935307208
2018-05-25 23:00:00,83.77318350845776,0.8682926191523059,0.0,0.334061163447762,0.5342314557045439,23,Off-Peak,Spring,True,True,True,False,0.27,0.14424249304022685,0.10981424367260068,-0.034428249367626174
2018-05-26 00:00:00,82.57439471619738,0.6946469020339948,0.0,0.1604154475084966,0.5342314545254983,0,Off-Peak,Spring,True,True,True,False,0.27,0.14424249272188452,0.1098142434302413,-0.03442824929164322
2018-05-26 01:00:00,82.65905728228746,0.5219295384285184,0.0,0.0,0.5219295384285184,1,Off-Peak,Spring,True,True,True,True,0.27,0.14092097537569998,0.10728551623252877,-0.033635459143171204
2018-05-26 02:00:00,83.21299061740315,0.4537031912232325,0.0,0.0,0.4537031912232325,2,Off-Peak,Spring,True,True,True,True,0.27,0.12249986163027278,0.09326121152922001,-0.02923865010105277
2018-05-26 03:00:00,83.78433951228446,0.4511509336923106,0.0,0.0,0.4511509336923106,3,Off-Peak,Spring,True,True,True,True,0.27,0.12181075209692387,0.0927365808145305,-0.02907417128239337
2018-05-26 04:00:00,84.07365429959343,0.4921632172391808,0.0,0.0,0.4921632172391808,4,Off-Peak,Spring,True,True,True,True,0.27,0.13288406865457883,0.10116688354360936,-0.031717185110969465
2018-05-26 05:00:00,84.20262995826671,0.5154781802211533,0.0,0.0,0.5154781802211533,5,Off-Peak,Spring,True,True,True,True,0.27,0.13917910865971142,0.10595940371212595,-0.03321970494758547
2018-05-26 19:00:00,92.94138644162496,0.7677969342745158,0.0,0.233565476657085,0.5342314576174307,19,Peak,Spring,True,True,True,False,0.47,0.25108878508019244,0.10981424406580521,-0.14127454101438724
2018-05-26 20:00:00,91.02085463614816,0.792223618063157,0.0,0.2579921621008371,0.5342314559623198,20,Peak,Spring,True,True,True,False,0.47,0.2510887843022903,0.10981424372558796,-0.14127454057670236
2018-05-26 21:00:00,89.11125594016933,0.7904460937153529,0.0,0.256214638434625,0.5342314552807279,21,Peak,Spring,True,True,True,False,0.47,0.2510887839819421,0.10981424358548296,-0.14127454039645915
2018-05-26 22:00:00,86.7676175277281,0.848216706961695,0.0,0.3139852508346939,0.5342314561270012,22,Off-Peak,Spring,True,True,True,False,0.27,0.14424249315429033,0.10981424375943913,-0.0344282493948512
2018-05-26 23:00:00,84.39139968559833,0.8522308653644117,0.0,0.3179994099744163,0.5342314553899954,23,Off-Peak,Spring,True,True,True,False,0.27,0.14424249295529876,0.10981424360794349,-0.034428249347355264
2018-05-27 00:00:00,83.09443616588493,0.7078070858424701,0.0,0.1735756313258339,0.5342314545166361,0,Off-Peak,Spring,True,True,True,False,0.27,0.14424249271949177,0.10981424342841965,-0.03442824929107212
2018-05-27 01:00:00,82.72706676655119,0.5834150545402959,0.0,0.0491836000220118,0.534231454518284,1,Off-Peak,Spring,True,True,True,False,0.27,0.1442424927199367,0.10981424342875837,-0.034428249291178326
2018-05-27 02:00:00,82.9748177025602,0.4982250144843372,0.0,0.0,0.4982250144843372,2,Off-Peak,Spring,True,True,True,True,0.27,0.13452075391077106,0.10241291964400265,-0.032107834266768415
2018-05-27 03:00:00,83.48700303016543,0.4597674717928808,0.0,0.0,0.4597674717928808,3,Off-Peak,Spring,True,True,True,True,0.27,0.12413721738407782,0.09450775809075883,-0.02962945929331899
2018-05-27 04:00:00,83.73275466214888,0.4985044503430189,0.0,0.0,0.4985044503430189,4,Off-Peak,Spring,True,True,True,True,0.27,0.1345962015926151,0.1024703592371761,-0.032125842355439
2018-05-27 05:00:00,83.71694930698389,0.536348751841712,0.0,0.0021172973254999,0.5342314545162121,5,Off-Peak,Spring,True,True,True,False,0.27,0.14424249271937728,0.10981424342833249,-0.034428249291044793
2018-05-27 19:00:00,90.8147424186873,0.8413716216216216,0.0,0.3071401639883327,0.5342314576332888,19,Peak,Spring,True,True,True,False,0.47,0.25108878508764576,0.10981424406906491,-0.14127454101858083
2018-05-27 20:00:00,88.73876946145768,0.8126773648648649,0.0,0.2784459095121878,0.534231455352677,20,Peak,Spring,True,True,True,False,0.47,0.2510887840157582,0.10981424360027249,-0.1412745404154857
2018-05-27 21:00:00,86.30570280723467,0.8601013513513515,0.0,0.3258698952033021,0.5342314561480493,21,Peak,Spring,True,True,True,False,0.47,0.25108878438958315,0.1098142437637657,-0.14127454062581746
2018-05-27 22:00:00,83.86376751129725,0.8609324324324324,0.0,0.3267009770238941,0.5342314554085383,22,Off-Peak,Spring,True,True,True,False,0.27,0.14424249296030536,0.1098142436117551,-0.034428249348550266
2018-05-27 23:00:00,81.39299944032315,0.8644543918918919,0.0,0.3302229365943648,0.5342314552975271,23,Off-Peak,Spring,True,True,True,False,0.27,0.14424249293033234,0.10981424358893613,-0.03442824934139621
2018-05-28 00:00:00,80.17938774192434,0.6964685812108227,0.0,0.1622371266858199,0.5342314545250026,0,Off-Peak,Spring,True,True,True,False,0.27,0.14424249272175071,0.10981424343013943,-0.034428249291611285
2018-05-28 01:00:00,80.37902864635026,0.5052481743586342,0.0,0.0,0.5052481743586342,1,Off-Peak,Spring,True,True,True,True,0.27,0.13641700707683124,0.10385656917371926,-0.032560437903111986
2018-05-28 02:00:00,81.05130456969863,0.4365817383381848,0.0,0.0,0.4365817383381848,2,Off-Peak,Spring,True,True,True,True,0.27,0.11787706935130991,0.08974180176951577,-0.028135267581794146
2018-05-28 03:00:00,81.76907100078148,0.4299422359016493,0.0,0.0,0.4299422359016493,3,Off-Peak,Spring,True,True,True,True,0.27,0.11608440369344532,0.08837701515756125,-0.027707388535884073
2018-05-28 04:00:00,82.50327135220833,0.4275223139711993,0.0,0.0,0.4275223139711993,4,Off-Peak,Spring,True,True,True,True,0.27,0.1154310247722238,0.08787958676074652,-0.02755143801147729
2018-05-28 05:00:00,83.18102203076853,0.4357027048318772,0.0,0.0,0.4357027048318772,5,Off-Peak,Spring,True,True,True,True,0.27,0.11763973030460685,0.08956111154877475,-0.028078618755832105
2018-05-28 06:00:00,85.53068514508742,0.4627303145137159,0.0,0.0,0.4627303145137159,6,Off-Peak,Spring,True,True,True,True,0.27,0.1249371849187033,0.09511678687226383,-0.029820398046439475
2018-05-28 07:00:00,92.82909393472558,0.5239186932819789,0.0,0.0,0.5239186932819789,7,Mid-Peak,Spring,True,True,True,True,0.37,0.1938499165143322,0.10769439806351788,-0.08615551845081432
2018-05-28 19:00:00,93.14340788102434,0.7725405405405406,0.0,0.2383090821092843,0.5342314584312562,19,Peak,Spring,True,True,True,False,0.47,0.2510887854626904,0.10981424423309155,-0.14127454122959887
2018-05-28 20:00:00,91.03108697351028,0.8179442567567567,0.0,0.2837127998982674,0.5342314568584894,20,Peak,Spring,True,True,True,False,0.47,0.25108878472349,0.10981424390980059,-0.1412745408136894
2018-05-28 21:00:00,88.82740395638788,0.8297922297297297,0.0,0.2955607738084108,0.5342314559213188,21,Peak,Spring,True,True,True,False,0.47,0.25108878428301984,0.10981424371715998,-0.14127454056585986
2018-05-28 22:00:00,86.50938472188771,0.844733108108108,0.0,0.3105016524533331,0.5342314556547749,22,Off-Peak,Spring,True,True,True,False,0.27,0.14424249302678924,0.10981424366237039,-0.03442824936441885
2018-05-28 23:00:00,84.04664244602037,0.8637280405405405,0.0,0.3294965849361086,0.5342314556044319,23,Off-Peak,Spring,True,True,True,False,0.27,0.1442424930131966,0.1098142436520221,-0.034428249361174515
2018-05-29 00:00:00,83.05668261128362,0.666733108108108,0.0,0.1325016535731513,0.5342314545349567,0,Off-Peak,Spring,True,True,True,False,0.27,0.14424249272443831,0.10981424343218554,-0.03442824929225277
2018-05-29 01:00:00,83.33337669643798,0.4940142589429241,0.0,0.0,0.4940142589429241,1,Off-Peak,Spring,True,True,True,True,0.27,0.13338384991458951,0.10154737544937885,-0.031836474465210665
2018-05-29 02:00:00,83.99719708803094,0.437698685802361,0.0,0.0,0.437698685802361,2,Off-Peak,Spring,True,True,True,True,0.27,0.11817864516663748,0.08997139652604086,-0.02820724864059662
2018-05-29 03:00:00,84.78905273157174,0.4190325803971593,0.0,0.0,0.4190325803971593,3,Off-Peak,Spring,True,True,True,True,0.27,0.11313879670723302,0.08613447485941607,-0.027004321847816953
2018-05-29 04:00:00,85.61260147123603,0.4143758285705783,0.0,0.0,0.4143758285705783,4,Off-Peak,Spring,True,True,True,True,0.27,0.11188147371405616,0.08517725365061887,-0.026704220063437284
2018-05-29 05:00:00,86.44804958373103,0.4125959307525108,0.0,0.0,0.4125959307525108,5,Off-Peak,Spring,True,True,True,True,0.27,0.11140090130317791,0.08481138576579388,-0.026589515537384034
2018-05-29 06:00:00,88.89944096229748,0.4296448889176125,0.0,0.0,0.4296448889176125,6,Off-Peak,Spring,True,True,True,True,0.27,0.11600412000775538,0.08831589383306478,-0.027688226174690606
2018-05-29 19:00:00,93.36999514018504,0.7539273648648647,0.0,0.2196959072935216,0.534231457571343,19,Peak,Spring,True,True,True,False,0.47,0.2510887850585312,0.10981424405633163,-0.1412745410021996
2018-05-29 20:00:00,91.30999194697624,0.810972972972973,0.0,0.2767415160688193,0.5342314569041537,20,Peak,Spring,True,True,True,False,0.47,0.2510887847449522,0.10981424391918715,-0.14127454082576507
2018-05-29 21:00:00,89.00481007396141,0.8434121621621621,0.0,0.3091807056848046,0.5342314564773575,21,Peak,Spring,True,True,True,False,0.47,0.251088784544358,0.1098142438314568,-0.14127454071290121
2018-05-29 22:00:00,86.51563351122729,0.8676216216216216,0.0,0.3333901654895368,0.5342314561320847,22,Off-Peak,Spring,True,True,True,False,0.27,0.14424249315566287,0.10981424376048407,-0.0344282493951788
2018-05-29 23:00:00,84.01323493646895,0.8690137225793986,0.0,0.334782267046303,0.5342314555330956,23,Off-Peak,Spring,True,True,True,False,0.27,0.14424249299393582,0.10981424363735853,-0.03442824935657729
2018-05-30 00:00:00,82.88745183245956,0.6848872179212737,0.0,0.150655763391058,0.5342314545302157,0,Off-Peak,Spring,True,True,True,False,0.27,0.14424249272315826,0.10981424343121099,-0.034428249291947266
2018-05-30 01:00:00,83.10686630553349,0.5023445218327443,0.0,0.0,0.5023445218327443,1,Off-Peak,Spring,True,True,True,True,0.27,0.13563302089484094,0.10325970726561966,-0.03237331362922129
2018-05-30 02:00:00,83.68770639240549,0.4497825163435566,0.0,0.0,0.4497825163435566,2,Off-Peak,Spring,True,True,True,True,0.27,0.12144127941276028,0.09245529502617551,-0.02898598438658477
2018-05-30 03:00:00,84.4088224766341,0.429347594095311,0.0,0.0,0.429347594095311,3,Off-Peak,Spring,True,True,True,True,0.27,0.11592385040573397,0.08825478323070281,-0.027669067175031162
2018-05-30 04:00:00,85.0449923520155,0.4416813847827561,0.0,0.0,0.4416813847827561,4,Off-Peak,Spring,True,True,True,True,0.27,0.11925397389134415,0.09079006242756653,-0.028463911463777622
2018-05-30 05:00:00,85.47728182440238,0.4719187020855278,0.0,0.0,0.4719187020855278,5,Off-Peak,Spring,True,True,True,True,0.27,0.1274180495630925,0.09700551098424737,-0.030412538578845127
2018-05-30 06:00:00,87.45946375764785,0.5010006714928081,0.0,0.0,0.5010006714928081,6,Off-Peak,Spring,True,True,True,True,0.27,0.1352701813030582,0.10298347136241057,-0.03228670994064764
2018-05-30 19:00:00,93.18145414706731,0.7639183310107562,0.0,0.2296868731583087,0.5342314578524475,19,Peak,Spring,True,True,True,False,0.47,0.2510887851906503,0.10981424411411421,-0.1412745410765361
2018-05-30 20:00:00,90.93543130451872,0.8358456984775273,0.0,0.3016142407234982,0.534231457754029,20,Peak,Spring,True,True,True,False,0.47,0.25108878514439364,0.10981424409388374,-0.1412745410505099
2018-05-30 21:00:00,88.63800958354237,0.8423011037461144,0.0,0.3080696476546203,0.5342314560914941,21,Peak,Spring,True,True,True,False,0.47,0.25108878436300225,0.10981424375214045,-0.1412745406108618
2018-05-30 22:00:00,86.26631991914128,0.851860894710612,0.0,0.317629439032177,0.5342314556784349,22,Off-Peak,Spring,True,True,True,False,0.27,0.14424249303317743,0.10981424366723383,-0.0344282493659436
2018-05-30 23:00:00,83.94103861094472,0.8453313239679731,0.0,0.311099868756571,0.534231455211402,23,Off-Peak,Spring,True,True,True,False,0.27,0.14424249290707855,0.10981424357123264,-0.034428249335845915
2018-05-31 00:00:00,82.50198853910156,0.7267418169451941,0.0,0.1925103624263777,0.5342314545188164,0,Off-Peak,Spring,True,True,True,False,0.27,0.14424249272008044,0.10981424342886781,-0.03442824929121263
2018-05-31 01:00:00,82.09873673331083,0.588198801918149,0.0,0.0539673473981087,0.5342314545200403,1,Off-Peak,Spring,True,True,True,False,0.27,0.1442424927204109,0.10981424342911938,-0.03442824929129151
2018-05-31 02:00:00,82.09873673331083,0.5334206395135633,0.0,0.0,0.5334206395135633,2,Off-Peak,Spring,True,True,True,True,0.27,0.14402357266866211,0.10964757590001024,-0.03437599676865187
2018-05-31 03:00:00,82.23104556310933,0.515011540577828,0.0,0.0,0.515011540577828,3,Off-Peak,Spring,True,True,True,True,0.27,0.13905311595601358,0.10586348334099799,-0.03318963261501559
2018-05-31 04:00:00,82.11835355585096,0.5493155891950054,0.0,0.0150841346787933,0.5342314545162121,4,Off-Peak,Spring,True,True,True,False,0.27,0.14424249271937728,0.10981424342833249,-0.034428249291044793
2018-05-31 19:00:00,93.30749181422397,0.7623407338510922,0.0,0.2281092758205145,0.5342314580305778,19,Peak,Spring,True,True,True,False,0.47,0.25108878527437156,0.10981424415072988,-0.14127454112364168
2018-05-31 20:00:00,91.43744086021717,0.7854910028476316,0.0,0.2512595468959295,0.5342314559517021,20,Peak,Spring,True,True,True,False,0.47,0.25108878429729997,0.10981424372340542,-0.14127454057389455
2018-05-31 21:00:00,89.42140621657349,0.804725473108187,0.0,0.270494017422509,0.534231455685678,21,Peak,Spring,True,True,True,False,0.47,0.25108878417226865,0.1098142436687227,-0.14127454050354596
2018-05-31 22:00:00,87.22311262591832,0.828796109775932,0.0,0.2945646541475218,0.5342314556284102,22,Off-Peak,Spring,True,True,True,False,0.27,0.14424249301967076,0.109814243656951,-0.034428249362719765
2018-05-31 23:00:00,84.8285499242389,0.8547019837259271,0.0,0.3204705281062993,0.5342314556196278,23,Off-Peak,Spring,True,True,True,False,0.27,0.14424249301729952,0.10981424365514571,-0.034428249362153815
2018-06-01 00:00:00,82.80863963279226,0.6590955675145944,0.0,0.2701556893035881,0.3889398782110063,0,Off-Peak,Summer,True,True,True,False,0.27,0.1050137671169717,0.0799487527433735,-0.025065014373598205
2018-06-01 01:00:00,81.78613178684544,0.525715447009674,0.0,0.136775569010227,0.3889398779994469,1,Off-Peak,Summer,True,True,True,False,0.27,0.10501376705985067,0.0799487526998863,-0.025065014359964374
2018-06-01 02:00:00,81.04617637940946,0.4879065093619358,0.0,0.0989666313640492,0.3889398779978865,2,Off-Peak,Summer,True,True,True,False,0.27,0.10501376705942936,0.07994875269956556,-0.025065014359863802
2018-06-01 03:00:00,80.37689055225016,0.4784349691736124,0.0,0.0894950911741369,0.3889398779994755,3,Off-Peak,Summer,True,True,True,False,0.27,0.10501376705985839,0.07994875269989217,-0.02506501435996622
2018-06-01 04:00:00,79.40329411824932,0.5190562950761957,0.0,0.1301164170463319,0.3889398780298637,4,Off-Peak,Summer,True,True,True,False,0.27,0.1050137670680632,0.07994875270613865,-0.025065014361924556
2018-06-01 19:00:00,91.58413905384944,0.7366841216216214,0.0,0.3477442329589872,0.3889398886626342,19,Peak,Summer,True,True,True,False,0.47,0.18280174767143806,0.07994875489176369,-0.10285299277967437
2018-06-01 20:00:00,88.98741356800548,0.7371351351351352,0.0,0.3481952544065521,0.3889398807285831,20,Peak,Summer,True,True,True,False,0.47,0.18280174394243404,0.07994875326087542,-0.10285299068155862
2018-06-01 21:00:00,86.2835985919038,0.7509645270270271,0.0,0.3620246469573814,0.3889398800696457,21,Peak,Summer,True,True,True,False,0.47,0.18280174363273347,0.07994875312542717,-0.1028529905073063
2018-06-01 22:00:00,83.46846835088742,0.7653783783783784,0.0,0.3764384986772098,0.3889398797011686,22,Off-Peak,Summer,True,True,True,False,0.27,0.10501376751931553,0.07994875304968466,-0.025065014469630872
2018-06-01 23:00:00,80.53578573584596,0.7806142796996729,0.0,0.3916744000948076,0.3889398796048652,23,Off-Peak,Summer,True,True,True,False,0.27,0.1050137674933136,0.07994875302988896,-0.025065014463424642
2018-06-02 00:00:00,78.73884370755485,0.6289150948172402,0.0,0.2399752168190386,0.3889398779982015,0,Off-Peak,Summer,True,True,True,False,0.27,0.10501376705951442,0.0799487526996303,-0.02506501435988412
2018-06-02 01:00:00,78.00001420450361,0.4876375808770611,0.0,0.0986977028740077,0.3889398780030534,1,Off-Peak,Summer,True,True,True,False,0.27,0.10501376706082442,0.07994875270062764,-0.025065014360196786
2018-06-02 02:00:00,77.64500483886341,0.4363679696231892,0.0,0.0474280916265462,0.388939877996643,2,Off-Peak,Summer,True,True,True,False,0.27,0.10501376705909361,0.07994875269930994,-0.02506501435978367
2018-06-02 03:00:00,77.44967549878078,0.4150355934716653,0.0,0.0260957154749923,0.3889398779966729,3,Off-Peak,Summer,True,True,True,False,0.27,0.10501376705910169,0.07994875269931609,-0.0250650143597856
2018-06-02 04:00:00,77.22280426230344,0.4192464106869867,0.0,0.0303065326902017,0.388939877996785,4,Off-Peak,Summer,True,True,True,False,0.27,0.10501376705913196,0.07994875269933913,-0.02506501435979283
2018-06-02 05:00:00,76.87735119595261,0.4350780729914773,0.0,0.0461381949940532,0.3889398779974241,5,Off-Peak,Summer,True,True,True,False,0.27,0.10501376705930451,0.07994875269947051,-0.025065014359834006
2018-06-02 19:00:00,91.54244011971338,0.7352466216216215,0.0,0.346306733455909,0.3889398881657124,19,Peak,Summer,True,True,True,False,0.47,0.18280174743788483,0.07994875478961866,-0.10285299264826617
2018-06-02 20:00:00,88.92201832890684,0.7402820945945946,0.0,0.3513422137447458,0.3889398808498487,20,Peak,Summer,True,True,True,False,0.47,0.1828017439994289,0.07994875328580223,-0.10285299071362666
2018-06-02 21:00:00,86.33298567662129,0.7356131756756759,0.0,0.3466732961160774,0.3889398795595984,21,Peak,Summer,True,True,True,False,0.47,0.18280174339301125,0.07994875302058412,-0.10285299037242714
2018-06-02 22:00:00,83.42767815863976,0.7773969594594595,0.0,0.3884570792129194,0.3889398802465401,22,Off-Peak,Summer,True,True,True,False,0.27,0.10501376766656582,0.07994875316178879,-0.025065014504777036
2018-06-02 23:00:00,80.62894748093954,0.7627516891891892,0.0,0.373811810118114,0.3889398790710752,23,Off-Peak,Summer,True,True,True,False,0.27,0.10501376734919031,0.07994875292016546,-0.025065014429024854
2018-06-03 00:00:00,78.52243697888235,0.6701756756756758,0.0,0.2812357975779302,0.3889398780977455,0,Off-Peak,Summer,True,True,True,False,0.27,0.10501376708639129,0.07994875272009212,-0.025065014366299168
2018-06-03 01:00:00,77.74282837420493,0.4930688373874886,0.0,0.1041289593767208,0.3889398780107678,1,Off-Peak,Summer,True,True,True,False,0.27,0.10501376706290731,0.07994875270221337,-0.025065014360693944
2018-06-03 02:00:00,77.43429015238168,0.4301558312159837,0.0,0.041215953219082,0.3889398779969016,2,Off-Peak,Summer,True,True,True,False,0.27,0.10501376705916345,0.07994875269936311,-0.02506501435980034
2018-06-03 03:00:00,77.2182230303343,0.4178022150752647,0.0,0.0288623370785985,0.3889398779966662,3,Off-Peak,Summer,True,True,True,False,0.27,0.10501376705909987,0.0799487526993147,-0.02506501435978517
2018-06-03 04:00:00,77.01434572989977,0.4161719672566859,0.0,0.02723208926001,0.3889398779966759,4,Off-Peak,Summer,True,True,True,False,0.27,0.1050137670591025,0.07994875269931671,-0.02506501435978578
2018-06-03 19:00:00,91.17647826377362,0.7418766891891891,0.0,0.3529368020518879,0.3889398871373012,19,Peak,Summer,True,True,True,False,0.47,0.18280174695453155,0.07994875457822304,-0.10285299237630852
2018-06-03 20:00:00,88.42592472745507,0.7575878378378378,0.0,0.368647956540678,0.3889398812971598,20,Peak,Summer,True,True,True,False,0.47,0.18280174420966508,0.07994875337774951,-0.10285299083191557
2018-06-03 21:00:00,85.68422534438751,0.7559003378378378,0.0,0.3669604580251145,0.3889398798127233,21,Peak,Summer,True,True,True,False,0.47,0.18280174351197995,0.07994875307261534,-0.1028529904393646
2018-06-03 22:00:00,82.63387969105582,0.7966097972972974,0.0,0.4076699167796047,0.3889398805176927,22,Off-Peak,Summer,True,True,True,False,0.27,0.10501376773977703,0.07994875321752572,-0.025065014522251308
2018-06-03 23:00:00,79.62428476333879,0.7906993243243243,0.0,0.4017594448265143,0.38893987949781,23,Off-Peak,Summer,True,True,True,False,0.27,0.10501376746440871,0.07994875300788316,-0.02506501445652555
2018-06-04 00:00:00,77.40251135576109,0.6854085034016044,0.0,0.296468625302942,0.3889398780986624,0,Off-Peak,Summer,True,True,True,False,0.27,0.10501376708663884,0.07994875272028058,-0.02506501436635826
2018-06-04 01:00:00,76.63807470259351,0.4909966746505007,0.0,0.1020567966346754,0.3889398780158252,1,Off-Peak,Summer,True,True,True,False,0.27,0.1050137670642728,0.07994875270325295,-0.02506501436101985
2018-06-04 02:00:00,76.30666581039632,0.4331898519779976,0.0,0.0442499739813035,0.388939877996694,2,Off-Peak,Summer,True,True,True,False,0.27,0.10501376705910738,0.07994875269932043,-0.025065014359786947
2018-06-04 03:00:00,76.08865244206487,0.4180485834443571,0.0,0.0291087054476812,0.3889398779966758,3,Off-Peak,Summer,True,True,True,False,0.27,0.10501376705910247,0.07994875269931669,-0.02506501435978578
2018-06-04 04:00:00,75.92728838052928,0.4104842236220098,0.0,0.0215443456253433,0.3889398779966664,4,Off-Peak,Summer,True,True,True,False,0.27,0.10501376705909994,0.07994875269931476,-0.025065014359785184
2018-06-04 19:00:00,92.03492928561847,0.7181243949890804,0.0,0.3291845067791053,0.3889398882099751,19,Peak,Summer,True,True,True,False,0.47,0.1828017474586883,0.0799487547987171,-0.10285299265997119
2018-06-04 20:00:00,89.35205786863384,0.7487060810810812,0.0,0.3597661991906464,0.3889398818904347,20,Peak,Summer,True,True,True,False,0.47,0.1828017444885043,0.07994875349970047,-0.10285299098880384
2018-06-04 21:00:00,86.74363725375825,0.7382483108108109,0.0,0.3493084311501322,0.3889398796606786,21,Peak,Summer,True,True,True,False,0.47,0.18280174344051894,0.07994875304136172,-0.10285299039915723
2018-06-04 22:00:00,83.67434006190383,0.7992977831668561,0.0,0.4103579020239122,0.3889398811429438,22,Off-Peak,Summer,True,True,True,False,0.27,0.10501376790859483,0.07994875334604956,-0.02506501456254527
2018-06-04 23:00:00,80.53618585449743,0.8079621157656667,0.0,0.4190222357241246,0.388939880041542,23,Off-Peak,Summer,True,True,True,False,0.27,0.10501376761121635,0.07994875311965029,-0.025065014491566062
2018-06-05 00:00:00,78.06269848770681,0.719020982636363,0.0,0.3300811043857767,0.3889398782505863,0,Off-Peak,Summer,True,True,True,False,0.27,0.10501376712765831,0.07994875275150941,-0.0250650143761489
2018-06-05 01:00:00,76.97300116583354,0.5344078020036193,0.0,0.1454679239886755,0.3889398780149437,1,Off-Peak,Summer,True,True,True,False,0.27,0.1050137670640348,0.07994875270307175,-0.025065014360963048
2018-06-05 02:00:00,76.50539619573354,0.4513724985249095,0.0,0.0624326205273965,0.3889398779975129,2,Off-Peak,Summer,True,True,True,False,0.27,0.1050137670593285,0.07994875269948877,-0.025065014359839724
2018-06-05 03:00:00,76.10060010216803,0.4429800443490324,0.0,0.0540401663522454,0.3889398779967869,3,Off-Peak,Summer,True,True,True,False,0.27,0.10501376705913247,0.07994875269933953,-0.025065014359792942
2018-06-05 04:00:00,75.61857350081084,0.4532756951345364,0.0,0.0643358171366841,0.3889398779978522,4,Off-Peak,Summer,True,True,True,False,0.27,0.1050137670594201,0.0799487526995585,-0.025065014359861595
2018-06-05 05:00:00,74.99387011713556,0.472292110612428,0.0,0.083352232610474,0.3889398780019539,5,Off-Peak,Summer,True,True,True,False,0.27,0.10501376706052756,0.07994875270040162,-0.02506501436012594
2018-06-05 19:00:00,91.35542190983746,0.7426173603850564,0.0,0.3536774721378271,0.3889398882472293,19,Peak,Summer,True,True,True,False,0.47,0.18280174747619776,0.07994875480637491,-0.10285299266982285
2018-06-05 20:00:00,88.79758826850228,0.7318383870169901,0.0,0.3428985067047657,0.3889398803122244,20,Peak,Summer,True,True,True,False,0.47,0.18280174374674543,0.07994875317529057,-0.10285299057145486
2018-06-05 21:00:00,86.20160280794926,0.7364812238391645,0.0,0.3475413442115495,0.3889398796276149,21,Peak,Summer,True,True,True,False,0.47,0.18280174342497899,0.07994875303456528,-0.1028529903904137
2018-06-05 22:00:00,83.01644655247496,0.81462798821887,0.0,0.4256881065191577,0.3889398816997122,22,Off-Peak,Summer,True,True,True,False,0.27,0.1050137680589223,0.07994875346049639,-0.025065014598425917
2018-06-05 23:00:00,80.04752521321116,0.7853115793224091,0.0,0.3963717001264745,0.3889398791959346,23,Off-Peak,Summer,True,True,True,False,0.27,0.10501376738290234,0.079948752945831,-0.025065014437071348
2018-06-06 00:00:00,78.17004134216899,0.6395678855257083,0.0,0.2506280075232981,0.3889398780024102,0,Off-Peak,Summer,True,True,True,False,0.27,0.10501376706065076,0.07994875270049542,-0.025065014360155333
2018-06-06 01:00:00,77.3115716124682,0.5035650180451985,0.0,0.1146251400432697,0.3889398780019287,1,Off-Peak,Summer,True,True,True,False,0.27,0.10501376706052075,0.07994875270039645,-0.025065014360124302
2018-06-06 02:00:00,76.72560764431783,0.467173613760929,0.0,0.0782337357639576,0.3889398779969713,2,Off-Peak,Summer,True,True,True,False,0.27,0.10501376705918225,0.07994875269937742,-0.025065014359804835
2018-06-06 03:00:00,76.21398286596897,0.4572378458110399,0.0,0.0682979678134046,0.3889398779976352,3,Off-Peak,Summer,True,True,True,False,0.27,0.10501376705936151,0.0799487526995139,-0.025065014359847607
2018-06-06 04:00:00,75.46216117892013,0.4892601598737658,0.0,0.1003202818648552,0.3889398780089106,4,Off-Peak,Summer,True,True,True,False,0.27,0.10501376706240587,0.07994875270183163,-0.025065014360574234
2018-06-06 19:00:00,91.72375615837318,0.7365175210356693,0.0,0.3475776315824895,0.3889398894531797,19,Peak,Summer,True,True,True,False,0.47,0.18280174804299446,0.0799487550542647,-0.10285299298872976
2018-06-06 20:00:00,89.27330508401255,0.7175388160140194,0.0,0.328598935957001,0.3889398800570183,20,Peak,Summer,True,True,True,False,0.47,0.1828017436267986,0.07994875312283153,-0.10285299050396707
2018-06-06 21:00:00,86.68029362850838,0.7361487381782866,0.0,0.3472088582723039,0.3889398799059827,21,Peak,Summer,True,True,True,False,0.47,0.18280174355581186,0.07994875309178533,-0.10285299046402653
2018-06-06 22:00:00,83.61762541142207,0.7983699297564553,0.0,0.4094300486366062,0.388939881119849,22,Off-Peak,Summer,True,True,True,False,0.27,0.10501376790235924,0.07994875334130229,-0.025065014561056947
2018-06-06 23:00:00,80.41422104167026,0.8166043053293227,0.0,0.4276644249979625,0.3889398803313602,23,Off-Peak,Summer,True,True,True,False,0.27,0.10501376768946726,0.07994875317922402,-0.025065014510243233
2018-06-07 00:00:00,78.23518688720802,0.6797692401220119,0.0,0.2908293620831814,0.3889398780388304,0,Off-Peak,Summer,True,True,True,False,0.27,0.10501376707048421,0.0799487527079818,-0.025065014362502414
2018-06-07 01:00:00,77.16192702781221,0.532213379341484,0.0,0.1432735013395764,0.3889398780019076,1,Off-Peak,Summer,True,True,True,False,0.27,0.10501376706051506,0.07994875270039212,-0.025065014360122942
2018-06-07 02:00:00,76.63954230931444,0.4586822232217076,0.0,0.0697423452246336,0.3889398779970739,2,Off-Peak,Summer,True,True,True,False,0.27,0.10501376705920996,0.07994875269939852,-0.02506501435981144
2018-06-07 03:00:00,76.18184679577601,0.4500372303297474,0.0,0.0610973523324358,0.3889398779973115,3,Off-Peak,Summer,True,True,True,False,0.27,0.10501376705927411,0.07994875269944736,-0.02506501435982675
2018-06-07 04:00:00,75.6142426603527,0.4646878031289249,0.0,0.0757479251294195,0.3889398779995053,4,Off-Peak,Summer,True,True,True,False,0.27,0.10501376705986644,0.07994875269989832,-0.02506501435996812
2018-06-07 19:00:00,91.19662500033488,0.7806165958926132,0.0,0.3916767015998451,0.3889398942927681,19,Peak,Summer,True,True,True,False,0.47,0.182801750317601,0.079948756049069,-0.10285299426853199
2018-06-07 20:00:00,88.69684665957534,0.7240198379513874,0.0,0.3350799583738953,0.388939879577492,20,Peak,Summer,True,True,True,False,0.47,0.18280174340142122,0.07994875302426224,-0.10285299037715898
2018-06-07 21:00:00,85.99849148546154,0.7501019735390985,0.0,0.3611620934419718,0.3889398800971266,21,Peak,Summer,True,True,True,False,0.47,0.1828017436456495,0.07994875313107601,-0.10285299051457349
2018-06-07 22:00:00,83.24647439183418,0.7568320274427656,0.0,0.3678921480147412,0.3889398794280244,22,Off-Peak,Summer,True,True,True,False,0.27,0.10501376744556659,0.07994875299353835,-0.025065014452028245
2018-06-07 23:00:00,80.3711359559513,0.7728537221984775,0.0,0.383913842722578,0.3889398794758994,23,Off-Peak,Summer,True,True,True,False,0.27,0.10501376745849285,0.07994875300337932,-0.025065014455113527
2018-06-08 00:00:00,78.55001063630164,0.6320671887922836,0.0,0.2431273107901396,0.388939878002144,0,Off-Peak,Summer,True,True,True,False,0.27,0.1050137670605789,0.07994875270044072,-0.02506501436013818
2018-06-08 01:00:00,77.72730344656638,0.4988003937738693,0.0,0.1098605157724876,0.3889398780013817,1,Off-Peak,Summer,True,True,True,False,0.27,0.10501376706037306,0.07994875270028401,-0.025065014360089052
2018-06-08 02:00:00,77.27910466038205,0.4487923959450716,0.0,0.0598525179484003,0.3889398779966712,2,Off-Peak,Summer,True,True,True,False,0.27,0.10501376705910123,0.07994875269931574,-0.02506501435978549
2018-06-08 03:00:00,76.96180836996042,0.4313095994278645,0.0,0.0423697214311334,0.388939877996731,3,Off-Peak,Summer,True,True,True,False,0.27,0.10501376705911739,0.07994875269932804,-0.025065014359789348
2018-06-08 04:00:00,76.43386771053476,0.4594153909443719,0.0,0.0704755129446375,0.3889398779997344,4,Off-Peak,Summer,True,True,True,False,0.27,0.10501376705992829,0.0799487526999454,-0.025065014359982887
2018-06-08 19:00:00,92.06707512949733,0.7251993243243243,0.0,0.3362594347497193,0.3889398895746049,19,Peak,Summer,True,True,True,False,0.47,0.1828017481000643,0.07994875507922435,-0.10285299302083996
2018-06-08 20:00:00,89.26212915385237,0.7649706062860661,0.0,0.3760307235571851,0.3889398827288809,20,Peak,Summer,True,True,True,False,0.47,0.18280174488257403,0.07994875367204775,-0.10285299121052628
2018-06-08 21:00:00,86.42388902787424,0.7688573794007222,0.0,0.3799174989682746,0.3889398804324475,21,Peak,Summer,True,True,True,False,0.47,0.18280174380325032,0.07994875320000308,-0.10285299060324724
2018-06-08 22:00:00,83.75093001655166,0.7463400387288212,0.0,0.3574001596486615,0.3889398790801596,22,Off-Peak,Summer,True,True,True,False,0.27,0.1050137673516431,0.0799487529220328,-0.025065014429610302
2018-06-08 23:00:00,80.82599146309116,0.7795193140156798,0.0,0.3905794342007482,0.3889398798149315,23,Off-Peak,Summer,True,True,True,False,0.27,0.10501376755003151,0.07994875307306926,-0.025065014476962258
2018-06-09 00:00:00,78.77989886500998,0.6620807686121833,0.0,0.2731408905669023,0.388939878045281,0,Off-Peak,Summer,True,True,True,False,0.27,0.10501376707222589,0.07994875270930776,-0.025065014362918123
2018-06-09 01:00:00,77.81753672951635,0.5174388492485953,0.0,0.1284989712446059,0.3889398780039893,1,Off-Peak,Summer,True,True,True,False,0.27,0.10501376706107712,0.07994875270082002,-0.0250650143602571
2018-06-09 02:00:00,77.49496110176783,0.4320214977015277,0.0,0.0430816197041184,0.3889398779974092,2,Off-Peak,Summer,True,True,True,False,0.27,0.10501376705930049,0.07994875269946744,-0.02506501435983305
2018-06-09 03:00:00,77.24945402611907,0.4217269314042566,0.0,0.0327870534075344,0.3889398779967222,3,Off-Peak,Summer,True,True,True,False,0.27,0.105013767059115,0.07994875269932622,-0.02506501435978878
2018-06-09 04:00:00,76.88604266328795,0.4374630088795622,0.0,0.0485231308821434,0.3889398779974188,4,Off-Peak,Summer,True,True,True,False,0.27,0.10501376705930308,0.07994875269946941,-0.025065014359833673
2018-06-09 19:00:00,91.21663720815302,0.7532553732601855,0.0,0.3643154840942467,0.3889398891659388,19,Peak,Summer,True,True,True,False,0.47,0.18280174790799122,0.07994875499522075,-0.10285299291277047
2018-06-09 20:00:00,88.49062186499556,0.7542307122043642,0.0,0.3652908312037802,0.388939881000584,20,Peak,Summer,True,True,True,False,0.47,0.18280174407027447,0.0799487533167867,-0.10285299075348776
2018-06-09 21:00:00,85.85076614670568,0.7422324272257889,0.0,0.3532925477430754,0.3889398794827134,21,Peak,Summer,True,True,True,False,0.47,0.1828017433568753,0.07994875300477998,-0.10285299035209532
2018-06-09 22:00:00,82.94620592745954,0.7771144540840105,0.0,0.3881745740333651,0.3889398800506453,22,Off-Peak,Summer,True,True,True,False,0.27,0.10501376761367423,0.07994875312152153,-0.025065014492152704
2018-06-09 23:00:00,79.94797029871873,0.7891403764982493,0.0,0.4002004968317575,0.3889398796664918,23,Off-Peak,Summer,True,True,True,False,0.27,0.1050137675099528,0.07994875304255664,-0.02506501446739616
2018-06-10 00:00:00,77.87871751821007,0.665064168292791,0.0,0.2761242902539461,0.3889398780388449,0,Off-Peak,Summer,True,True,True,False,0.27,0.10501376707048812,0.07994875270798478,-0.025065014362503343
2018-06-10 01:00:00,77.10467138321019,0.4922729008569991,0.0,0.1033330228484267,0.3889398780085724,1,Off-Peak,Summer,True,True,True,False,0.27,0.10501376706231455,0.0799487527017621,-0.025065014360552446
2018-06-10 02:00:00,76.71180226713211,0.4413899612679701,0.0,0.0524500832712964,0.3889398779966736,2,Off-Peak,Summer,True,True,True,False,0.27,0.10501376705910188,0.07994875269931624,-0.025065014359785642
2018-06-10 03:00:00,76.38564809090308,0.4324793535209679,0.0,0.0435394755241791,0.3889398779967888,3,Off-Peak,Summer,True,True,True,False,0.27,0.10501376705913298,0.07994875269933992,-0.025065014359793067
2018-06-10 04:00:00,75.91313460692895,0.4520009265296375,0.0,0.0630610485308834,0.388939877998754,4,Off-Peak,Summer,True,True,True,False,0.27,0.10501376705966359,0.07994875269974389,-0.0250650143599197
2018-06-10 19:00:00,91.40660008923732,0.7544853977531116,0.0,0.365545507135403,0.3889398906177086,19,Peak,Summer,True,True,True,False,0.47,0.18280174859032303,0.07994875529364011,-0.10285299329668292
2018-06-10 20:00:00,88.68992740902803,0.753006646464708,0.0,0.3640667654146541,0.3889398810500539,20,Peak,Summer,True,True,True,False,0.47,0.18280174409352531,0.07994875332695552,-0.1028529907665698
2018-06-10 21:00:00,85.90786111954488,0.7612306375704628,0.0,0.3722907574570096,0.3889398801134532,21,Peak,Summer,True,True,True,False,0.47,0.182801743653323,0.07994875313443205,-0.10285299051889095
2018-06-10 22:00:00,83.03762886129114,0.7725331356968073,0.0,0.3835932559723514,0.3889398797244558,22,Off-Peak,Summer,True,True,True,False,0.27,0.10501376752560308,0.07994875305447148,-0.025065014471131603
2018-06-10 23:00:00,80.0891084463477,0.7825209627977121,0.0,0.393581083230722,0.3889398795669901,23,Off-Peak,Summer,True,True,True,False,0.27,0.10501376748308734,0.07994875302210352,-0.025065014460983817
2018-06-11 00:00:00,78.02608251322243,0.6642386936847923,0.0,0.27529881564282,0.3889398780419723,0,Off-Peak,Summer,True,True,True,False,0.27,0.10501376707133252,0.07994875270862763,-0.02506501436270489
2018-06-11 01:00:00,77.1928854548752,0.5001650953918768,0.0,0.1112252173845358,0.388939878007341,1,Off-Peak,Summer,True,True,True,False,0.27,0.10501376706198207,0.07994875270150897,-0.025065014360473092
2018-06-11 02:00:00,76.90862625820813,0.4268935681772293,0.0,0.037953690180231,0.3889398779969982,2,Off-Peak,Summer,True,True,True,False,0.27,0.10501376705918952,0.07994875269938295,-0.02506501435980657
2018-06-11 03:00:00,76.65324154584209,0.423035535926367,0.0,0.0340956579297111,0.3889398779966558,3,Off-Peak,Summer,True,True,True,False,0.27,0.10501376705909707,0.07994875269931258,-0.02506501435978449
2018-06-11 04:00:00,76.27540997308286,0.4393724021553001,0.0,0.0504325241577869,0.3889398779975132,4,Off-Peak,Summer,True,True,True,False,0.27,0.10501376705932856,0.07994875269948881,-0.025065014359839752
2018-06-11 19:00:00,92.06004711789946,0.7066790540540541,0.0,0.3177391674236717,0.3889398866303823,19,Peak,Summer,True,True,True,False,0.47,0.1828017467162797,0.07994875447402304,-0.10285299224225665
2018-06-11 20:00:00,89.41315024650987,0.743804054054054,0.0,0.3548641722251436,0.3889398818289104,20,Peak,Summer,True,True,True,False,0.47,0.18280174445958788,0.07994875348705381,-0.10285299097253407
2018-06-11 21:00:00,86.7327919391806,0.7477668918918919,0.0,0.3588270118717598,0.3889398800201321,21,Peak,Summer,True,True,True,False,0.47,0.18280174360946205,0.07994875311524936,-0.10285299049421269
2018-06-11 22:00:00,84.07707647899558,0.744045608108108,0.0,0.3551057288495788,0.3889398792585292,22,Off-Peak,Summer,True,True,True,False,0.27,0.1050137673998029,0.07994875295869767,-0.02506501444110522
2018-06-11 23:00:00,81.43065877981726,0.7424238118412505,0.0,0.353483932850227,0.3889398789910234,23,Off-Peak,Summer,True,True,True,False,0.27,0.10501376732757632,0.07994875290371035,-0.025065014423865967
2018-06-12 00:00:00,79.6980361188278,0.6203284718172454,0.0,0.2313885938094991,0.3889398780077462,0,Off-Peak,Summer,True,True,True,False,0.27,0.10501376706209148,0.07994875270159227,-0.02506501436049921
2018-06-12 01:00:00,78.98876749837001,0.4836889690598944,0.0,0.0947490910588464,0.3889398780010479,1,Off-Peak,Summer,True,True,True,False,0.27,0.10501376706028294,0.07994875270021541,-0.025065014360067528
2018-06-12 02:00:00,78.71950601257903,0.4249147211259353,0.0,0.0359748431290775,0.3889398779968577,2,Off-Peak,Summer,True,True,True,False,0.27,0.10501376705915158,0.07994875269935407,-0.025065014359797508
2018-06-12 03:00:00,78.51385584070609,0.41641470648402,0.0,0.0274748284873656,0.3889398779966543,3,Off-Peak,Summer,True,True,True,False,0.27,0.10501376705909667,0.07994875269931227,-0.025065014359784393
2018-06-12 04:00:00,78.34597529724701,0.4113677263164055,0.0,0.0224278483197256,0.3889398779966798,4,Off-Peak,Summer,True,True,True,False,0.27,0.10501376705910355,0.07994875269931752,-0.02506501435978603
2018-06-12 19:00:00,91.91613424302602,0.711822635135135,0.0,0.3228827484743509,0.3889398866607841,19,Peak,Summer,True,True,True,False,0.47,0.1828017467305685,0.07994875448027228,-0.10285299225029623
2018-06-12 20:00:00,89.2522248118924,0.7460354729729729,0.0,0.3570955912296043,0.3889398817433686,20,Peak,Summer,True,True,True,False,0.47,0.1828017444193832,0.07994875346947021,-0.102852990949913
2018-06-12 21:00:00,86.62514112081828,0.7406148648648649,0.0,0.3516749851390424,0.3889398797258225,21,Peak,Summer,True,True,True,False,0.47,0.18280174347113656,0.07994875305475241,-0.10285299041638415
2018-06-12 22:00:00,83.77559592602157,0.7698614864864866,0.0,0.380921606488646,0.3889398799978406,22,Off-Peak,Summer,True,True,True,False,0.27,0.10501376759941697,0.07994875311066724,-0.02506501448874973
2018-06-12 23:00:00,80.8395037267794,0.7809498013445707,0.0,0.3920099217342863,0.3889398796102843,23,Off-Peak,Summer,True,True,True,False,0.27,0.10501376749477677,0.07994875303100289,-0.025065014463773877
2018-06-13 00:00:00,78.83702037142358,0.656231443319752,0.0,0.2672915652891549,0.3889398780305971,0,Off-Peak,Summer,True,True,True,False,0.27,0.10501376706826122,0.0799487527062894,-0.025065014361971824
2018-06-13 01:00:00,78.04729268695829,0.494391316746516,0.0,0.1054514387391547,0.3889398780073613,1,Off-Peak,Summer,True,True,True,False,0.27,0.10501376706198756,0.07994875270151315,-0.02506501436047441
2018-06-13 02:00:00,77.7955661693291,0.422559346432932,0.0,0.0336194684360792,0.3889398779968527,2,Off-Peak,Summer,True,True,True,False,0.27,0.10501376705915023,0.07994875269935306,-0.025065014359797175
2018-06-13 03:00:00,77.62899834120134,0.4111855664075936,0.0,0.0222456884109036,0.3889398779966899,3,Off-Peak,Summer,True,True,True,False,0.27,0.10501376705910627,0.07994875269931957,-0.025065014359786697
2018-06-13 04:00:00,77.4582929820367,0.4117366193318493,0.0,0.0227967413351176,0.3889398779967317,4,Off-Peak,Summer,True,True,True,False,0.27,0.10501376705911757,0.07994875269932818,-0.02506501435978939
2018-06-13 05:00:00,77.21683100150452,0.4211815615647166,0.0,0.0322416835678745,0.3889398779968421,5,Off-Peak,Summer,True,True,True,False,0.27,0.10501376705914738,0.07994875269935088,-0.025065014359796495
2018-06-13 19:00:00,91.9388296114714,0.7340591216216216,0.0,0.3451192312344888,0.3889398903871327,19,Peak,Summer,True,True,True,False,0.47,0.18280174848195238,0.07994875524624395,-0.10285299323570843
2018-06-13 20:00:00,89.34265542754946,0.7369746621621622,0.0,0.3480347811706137,0.3889398809915485,20,Peak,Summer,True,True,True,False,0.47,0.1828017440660278,0.07994875331492941,-0.1028529907510984
2018-06-13 21:00:00,86.36602605315585,0.7872668918918919,0.0,0.3983270102145602,0.3889398816773317,21,Peak,Summer,True,True,True,False,0.47,0.18280174438834587,0.07994875345589596,-0.10285299093244991
2018-06-13 22:00:00,83.51026548617324,0.7706351351351352,0.0,0.3816952556715294,0.3889398794636057,22,Off-Peak,Summer,True,True,True,False,0.27,0.10501376745517355,0.07994875300085229,-0.025065014454321258
2018-06-13 23:00:00,80.6736273761448,0.7676540585435808,0.0,0.3787141792858945,0.3889398792576863,23,Off-Peak,Summer,True,True,True,False,0.27,0.10501376739957531,0.07994875295852441,-0.0250650144410509
2018-06-14 00:00:00,78.7870023721395,0.6407688908740017,0.0,0.2518290128608006,0.388939878013201,0,Off-Peak,Summer,True,True,True,False,0.27,0.10501376706356429,0.07994875270271355,-0.025065014360850735
2018-06-14 01:00:00,77.8537501322534,0.5135325681632458,0.0,0.1245926901632392,0.3889398780000065,1,Off-Peak,Summer,True,True,True,False,0.27,0.10501376706000176,0.07994875270000133,-0.02506501436000043
2018-06-14 02:00:00,77.46530003199234,0.4408072908363601,0.0,0.0518674128394623,0.3889398779968978,2,Off-Peak,Summer,True,True,True,False,0.27,0.1050137670591624,0.07994875269936232,-0.02506501435980009
2018-06-14 03:00:00,77.14720001216992,0.431410377047787,0.0,0.0424704990510727,0.3889398779967142,3,Off-Peak,Summer,True,True,True,False,0.27,0.10501376705911285,0.0799487526993246,-0.02506501435978825
2018-06-14 04:00:00,76.89267422348183,0.4229202875301318,0.0,0.0339804095334735,0.3889398779966582,4,Off-Peak,Summer,True,True,True,False,0.27,0.10501376705909772,0.07994875269931308,-0.025065014359784643
2018-06-14 05:00:00,76.54957342213694,0.4347372691285821,0.0,0.0457973911315384,0.3889398779970436,5,Off-Peak,Summer,True,True,True,False,0.27,0.10501376705920178,0.07994875269939229,-0.025065014359809484
2018-06-14 19:00:00,92.0101137471497,0.7088429054054054,0.0,0.3199030187225505,0.3889398866828549,19,Peak,Summer,True,True,True,False,0.47,0.1828017467409418,0.07994875448480906,-0.10285299225613273
2018-06-14 20:00:00,89.52251379223064,0.7224628378378379,0.0,0.3335229570982164,0.3889398807396215,20,Peak,Summer,True,True,True,False,0.47,0.18280174394762208,0.07994875326314442,-0.10285299068447766
2018-06-14 21:00:00,86.879479221871,0.7427652027027026,0.0,0.353825322554712,0.3889398801479906,21,Peak,Summer,True,True,True,False,0.47,0.18280174366955557,0.0799487531415314,-0.10285299052802417
2018-06-14 22:00:00,83.94068261379701,0.7817719594594595,0.0,0.39283207903725,0.3889398804222095,22,Off-Peak,Summer,True,True,True,False,0.27,0.10501376771399658,0.07994875319789861,-0.025065014516097966
2018-06-14 23:00:00,81.05050093582209,0.7748334135412434,0.0,0.3858935341962843,0.388939879344959,23,Off-Peak,Summer,True,True,True,False,0.27,0.10501376742313893,0.0799487529764638,-0.025065014446675138
2018-06-15 00:00:00,79.18011163563833,0.6386320550314648,0.0,0.2496921770244878,0.388939878006977,0,Off-Peak,Summer,True,True,True,False,0.27,0.1050137670618838,0.07994875270143416,-0.02506501436044964
2018-06-15 01:00:00,78.43430138117348,0.4885368407170414,0.0,0.0995969627137915,0.3889398780032498,1,Off-Peak,Summer,True,True,True,False,0.27,0.10501376706087745,0.07994875270066801,-0.025065014360209442
2018-06-15 02:00:00,78.08488253106306,0.43560591605936,0.0,0.046666038062631,0.3889398779967289,2,Off-Peak,Summer,True,True,True,False,0.27,0.10501376705911682,0.07994875269932761,-0.02506501435978921
2018-06-15 03:00:00,77.92859544739682,0.4098135066674092,0.0,0.0208736286707155,0.3889398779966936,3,Off-Peak,Summer,True,True,True,False,0.27,0.10501376705910728,0.07994875269932035,-0.025065014359786933
2018-06-15 04:00:00,77.67704322416472,0.4225321126984835,0.0,0.0335922347016699,0.3889398779968135,4,Off-Peak,Summer,True,True,True,False,0.27,0.10501376705913966,0.079948752699345,-0.025065014359794663
2018-06-15 19:00:00,92.14108744287364,0.7049364370988606,0.0,0.3159965503047595,0.3889398867941011,19,Peak,Summer,True,True,True,False,0.47,0.1828017467932275,0.07994875450767633,-0.10285299228555117
2018-06-15 20:00:00,89.4332696426934,0.7519124020701905,0.0,0.3629725197003091,0.3889398823698814,20,Peak,Summer,True,True,True,False,0.47,0.18280174471384425,0.0799487535982534,-0.10285299111559085
2018-06-15 21:00:00,86.37869523488283,0.7976527733660431,0.0,0.408712891390625,0.388939881975418,21,Peak,Summer,True,True,True,False,0.47,0.18280174452844644,0.07994875351716925,-0.10285299101127719
2018-06-15 22:00:00,83.3446074709853,0.7943731337575732,0.0,0.405433253732758,0.3889398800248152,22,Off-Peak,Summer,True,True,True,False,0.27,0.10501376760670011,0.07994875311621201,-0.025065014490488105
2018-06-15 23:00:00,80.36234920993046,0.7869869576471358,0.0,0.3980470781907769,0.3889398794563588,23,Off-Peak,Summer,True,True,True,False,0.27,0.10501376745321687,0.07994875299936265,-0.02506501445385423
2018-06-16 00:00:00,78.448235945147,0.6443827688289603,0.0,0.255442890821606,0.3889398780073543,0,Off-Peak,Summer,True,True,True,False,0.27,0.10501376706198567,0.07994875270151171,-0.025065014360473967
2018-06-16 01:00:00,77.61920604916041,0.4996069343718924,0.0,0.1106670563686305,0.3889398780032618,1,Off-Peak,Summer,True,True,True,False,0.27,0.1050137670608807,0.07994875270067048,-0.02506501436021022
2018-06-16 02:00:00,77.22909723770853,0.4410202667903675,0.0,0.0520803887935164,0.388939877996851,2,Off-Peak,Summer,True,True,True,False,0.27,0.10501376705914978,0.0799487526993527,-0.025065014359797078
2018-06-16 03:00:00,76.95808718835613,0.4251189583098453,0.0,0.0361790803131436,0.3889398779967016,3,Off-Peak,Summer,True,True,True,False,0.27,0.10501376705910943,0.079948752699322,-0.025065014359787433
2018-06-16 04:00:00,76.59598805604863,0.4372700208991331,0.0,0.0483301429019734,0.3889398779971597,4,Off-Peak,Summer,True,True,True,False,0.27,0.10501376705923313,0.07994875269941615,-0.02506501435981698
2018-06-16 19:00:00,90.88840390422222,0.7689425675675675,0.0,0.3800026777970701,0.3889398897704974,19,Peak,Summer,True,True,True,False,0.47,0.18280174819213377,0.07994875511949114,-0.10285299307264263
2018-06-16 20:00:00,88.19124143612667,0.7502179054054054,0.0,0.3612780249674702,0.3889398804379352,20,Peak,Summer,True,True,True,False,0.47,0.18280174380582953,0.07994875320113112,-0.10285299060469841
2018-06-16 21:00:00,85.44117747946683,0.7567956494918646,0.0,0.3678557696261714,0.3889398798656932,21,Peak,Summer,True,True,True,False,0.47,0.1828017435368758,0.0799487530835036,-0.1028529904533722
2018-06-16 22:00:00,82.59464552858859,0.7692190635018755,0.0,0.3802791838950417,0.3889398796068338,22,Off-Peak,Summer,True,True,True,False,0.27,0.10501376749384513,0.07994875303029361,-0.025065014463551513
2018-06-16 23:00:00,79.38526808489799,0.8170708413125124,0.0,0.4281309606501787,0.3889398806623337,23,Off-Peak,Summer,True,True,True,False,0.27,0.1050137677788301,0.07994875324725748,-0.02506501453157263
2018-06-17 00:00:00,77.25429011690736,0.673150344726874,0.0,0.2842104667025242,0.3889398780243497,0,Off-Peak,Summer,True,True,True,False,0.27,0.10501376706657442,0.07994875270500522,-0.0250650143615692
2018-06-17 01:00:00,76.29598056784408,0.5167861689307792,0.0,0.127846290926001,0.3889398780047782,1,Off-Peak,Summer,True,True,True,False,0.27,0.10501376706129012,0.07994875270098219,-0.025065014360307933
2018-06-17 02:00:00,75.9368658464837,0.436857891268113,0.0,0.0479180132706775,0.3889398779974354,2,Off-Peak,Summer,True,True,True,False,0.27,0.10501376705930757,0.07994875269947284,-0.025065014359834728
2018-06-17 03:00:00,75.55152131547834,0.4403495006179838,0.0,0.0514096226208281,0.3889398779971556,3,Off-Peak,Summer,True,True,True,False,0.27,0.10501376705923203,0.07994875269941532,-0.025065014359816715
2018-06-17 04:00:00,75.08581605756412,0.4510567213387484,0.0,0.0621168433412809,0.3889398779974675,4,Off-Peak,Summer,True,True,True,False,0.27,0.10501376705931623,0.07994875269947942,-0.02506501435983681
2018-06-17 19:00:00,91.08370839645056,0.7669070945945945,0.0,0.3779672039034576,0.3889398906911369,19,Peak,Summer,True,True,True,False,0.47,0.18280174862483434,0.07994875530873369,-0.10285299331610065
2018-06-17 20:00:00,88.42028667754099,0.7457347972972972,0.0,0.3567949168989183,0.3889398803983788,20,Peak,Summer,True,True,True,False,0.47,0.182801743787238,0.07994875319300007,-0.10285299059423794
2018-06-17 21:00:00,85.7163720731178,0.7506621621621621,0.0,0.3617222823681879,0.3889398797939742,21,Peak,Summer,True,True,True,False,0.47,0.18280174350316786,0.07994875306876136,-0.1028529904344065
2018-06-17 22:00:00,82.91624540547832,0.7630625,0.0,0.3741226204442729,0.388939879555727,22,Off-Peak,Summer,True,True,True,False,0.27,0.1050137674800463,0.07994875301978832,-0.02506501446025798
2018-06-17 23:00:00,80.07926295186874,0.7675557432432433,0.0,0.3786158639516469,0.3889398792915963,23,Off-Peak,Summer,True,True,True,False,0.27,0.105013767408731,0.0799487529654948,-0.025065014443236208
2018-06-18 00:00:00,78.12028685822752,0.6503101433329092,0.0,0.2613702653018412,0.3889398780310679,0,Off-Peak,Summer,True,True,True,False,0.27,0.10501376706838833,0.07994875270638618,-0.025065014362002147
2018-06-18 01:00:00,77.35053829735847,0.4916782080245185,0.0,0.1027383300180513,0.3889398780064672,1,Off-Peak,Summer,True,True,True,False,0.27,0.10501376706174614,0.07994875270132935,-0.02506501436041679
2018-06-18 02:00:00,77.06897146571914,0.4265266477370234,0.0,0.0375867697399478,0.3889398779970756,2,Off-Peak,Summer,True,True,True,False,0.27,0.10501376705921041,0.07994875269939887,-0.025065014359811538
2018-06-18 03:00:00,76.92150258845395,0.4086260600982516,0.0,0.0196861821015809,0.3889398779966706,3,Off-Peak,Summer,True,True,True,False,0.27,0.10501376705910108,0.07994875269931563,-0.025065014359785448
2018-06-18 04:00:00,76.75865267951156,0.4106778029480429,0.0,0.0217379249513585,0.3889398779966843,4,Off-Peak,Summer,True,True,True,False,0.27,0.10501376705910476,0.07994875269931843,-0.025065014359786322
2018-06-18 20:00:00,88.90551020002833,0.7366199324324324,0.0,0.3476800519529642,0.3889398804794682,20,Peak,Summer,True,True,True,False,0.47,0.18280174382535005,0.07994875320966846,-0.1028529906156816
2018-06-18 21:00:00,86.12653753667662,0.7607449324324326,0.0,0.3718050520645764,0.3889398803678561,21,Peak,Summer,True,True,True,False,0.47,0.18280174377289235,0.07994875318672598,-0.10285299058616637
2018-06-18 22:00:00,83.33014932363629,0.7626133701666393,0.0,0.3736734906623239,0.3889398795043154,22,Off-Peak,Summer,True,True,True,False,0.27,0.10501376746616517,0.07994875300922039,-0.025065014456944784
2018-06-18 23:00:00,80.4182867399913,0.7775694062184645,0.0,0.3886295266577976,0.3889398795606668,23,Off-Peak,Summer,True,True,True,False,0.27,0.10501376748138004,0.07994875302080373,-0.02506501446057631
2018-06-19 00:00:00,78.40054183979687,0.6581611729782417,0.0,0.2692212949426423,0.3889398780355994,0,Off-Peak,Summer,True,True,True,False,0.27,0.10501376706961184,0.07994875270731765,-0.02506501436229419
2018-06-19 01:00:00,77.32651513924309,0.5322596467094329,0.0,0.1433197687108966,0.3889398779985362,1,Off-Peak,Summer,True,True,True,False,0.27,0.10501376705960477,0.0799487526996991,-0.02506501435990567
2018-06-19 02:00:00,76.8461648677589,0.4530477379153878,0.0,0.0641078599183307,0.3889398779970571,2,Off-Peak,Summer,True,True,True,False,0.27,0.10501376705920543,0.07994875269939507,-0.02506501435981036
2018-06-19 03:00:00,76.5994567598399,0.4218668329694464,0.0,0.0329269549727926,0.3889398779966537,3,Off-Peak,Summer,True,True,True,False,0.27,0.1050137670590965,0.07994875269931215,-0.02506501435978435
2018-06-19 04:00:00,76.2469429634282,0.4359791607468372,0.0,0.0470392827497406,0.3889398779970965,4,Off-Peak,Summer,True,True,True,False,0.27,0.10501376705921606,0.07994875269940317,-0.025065014359812884
2018-06-19 19:00:00,91.91499353239966,0.7438926585984327,0.0,0.3549527665062714,0.3889398920921612,19,Peak,Summer,True,True,True,False,0.47,0.18280174928331575,0.07994875559672202,-0.10285299368659373
2018-06-19 20:00:00,89.2824865927426,0.7417457560742504,0.0,0.3528058750102109,0.3889398810640395,20,Peak,Summer,True,True,True,False,0.47,0.18280174410009856,0.07994875332983033,-0.10285299077026823
2018-06-19 21:00:00,86.40817727586101,0.7735166258237354,0.0,0.3845767448791962,0.3889398809445391,21,Peak,Summer,True,True,True,False,0.47,0.18280174404393335,0.07994875330526637,-0.10285299073866698
2018-06-19 22:00:00,83.58516432128907,0.7661910256929825,0.0,0.3772511461868911,0.3889398795060913,22,Off-Peak,Summer,True,True,True,False,0.27,0.10501376746664466,0.07994875300958544,-0.02506501445705922
2018-06-19 23:00:00,80.41318006747181,0.812208772001842,0.0,0.4232688913809143,0.3889398806209277,23,Off-Peak,Summer,True,True,True,False,0.27,0.10501376776765049,0.07994875323874624,-0.02506501452890425
2018-06-20 00:00:00,78.61269485862307,0.6292116453735581,0.0,0.2402717673752214,0.3889398779983367,0,Off-Peak,Summer,True,True,True,False,0.27,0.10501376705955091,0.0799487526996581,-0.02506501435989282
2018-06-20 01:00:00,77.84318718442549,0.4916574970866193,0.0,0.1027176190844286,0.3889398780021907,1,Off-Peak,Summer,True,True,True,False,0.27,0.1050137670605915,0.0799487527004503,-0.02506501436014119
2018-06-20 02:00:00,77.35846911426827,0.4536406062911605,0.0,0.0647007282944637,0.3889398779966967,2,Off-Peak,Summer,True,True,True,False,0.27,0.10501376705910812,0.07994875269932099,-0.025065014359787127
2018-06-20 03:00:00,76.96688150968565,0.441204340438781,0.0,0.0522644624418884,0.3889398779968925,3,Off-Peak,Summer,True,True,True,False,0.27,0.10501376705916098,0.07994875269936123,-0.025065014359799742
2018-06-20 04:00:00,76.46507180126162,0.4558986377999011,0.0,0.0669587598012546,0.3889398779986464,4,Off-Peak,Summer,True,True,True,False,0.27,0.10501376705963453,0.07994875269972175,-0.025065014359912777
2018-06-20 19:00:00,91.66331113794188,0.7640801274953908,0.0,0.3751402329765508,0.38893989451884,19,Peak,Summer,True,True,True,False,0.47,0.18280175042385477,0.07994875609553932,-0.10285299432831545
2018-06-20 20:00:00,88.88958756164328,0.7605438157838816,0.0,0.3716039343133087,0.3889398814705729,20,Peak,Summer,True,True,True,False,0.47,0.18280174429116924,0.07994875341339554,-0.1028529908777737
2018-06-20 21:00:00,86.22805878723541,0.7450443509099092,0.0,0.3561044713212799,0.3889398795886292,21,Peak,Summer,True,True,True,False,0.47,0.1828017434066557,0.07994875302655155,-0.10285299038010415
2018-06-20 22:00:00,83.55491130159565,0.7461749591352093,0.0,0.3572350798724064,0.3889398792628029,22,Off-Peak,Summer,True,True,True,False,0.27,0.10501376740095679,0.07994875295957615,-0.025065014441380637
2018-06-20 23:00:00,80.49226915789065,0.7976394547313025,0.0,0.4086995743352658,0.3889398803960366,23,Off-Peak,Summer,True,True,True,False,0.27,0.1050137677069299,0.07994875319251864,-0.02506501451441126
2018-06-21 00:00:00,78.626194279872,0.6379471968825846,0.0,0.2490073188846226,0.3889398779979619,0,Off-Peak,Summer,True,True,True,False,0.27,0.10501376705944973,0.07994875269958107,-0.02506501435986866
2018-06-21 01:00:00,77.97516010026905,0.4758497281123484,0.0,0.0869098501061681,0.3889398780061802,1,Off-Peak,Summer,True,True,True,False,0.27,0.10501376706166865,0.07994875270127036,-0.02506501436039829
2018-06-21 02:00:00,77.5621049463474,0.444079259631544,0.0,0.0551393816348544,0.3889398779966895,2,Off-Peak,Summer,True,True,True,False,0.27,0.10501376705910617,0.0799487526993195,-0.02506501435978667
2018-06-21 03:00:00,77.15846220511871,0.4428148041633096,0.0,0.0538749261662485,0.388939877997061,3,Off-Peak,Summer,True,True,True,False,0.27,0.10501376705920647,0.07994875269939586,-0.02506501435981061
2018-06-21 04:00:00,76.64568377577697,0.4573639005431841,0.0,0.0684240225444,0.388939877998784,4,Off-Peak,Summer,True,True,True,False,0.27,0.10501376705967168,0.07994875269975003,-0.025065014359921645
2018-06-21 19:00:00,92.34238371252049,0.7200287162162162,0.0,0.3310888258027887,0.3889398904134274,19,Peak,Summer,True,True,True,False,0.47,0.18280174849431088,0.07994875525164896,-0.10285299324266192
2018-06-21 20:00:00,89.8503800508381,0.7230304054054054,0.0,0.3340905245534606,0.3889398808519448,20,Peak,Summer,True,True,True,False,0.47,0.18280174400041405,0.07994875328623309,-0.10285299071418096
2018-06-21 21:00:00,87.08087717883261,0.7596081081081081,0.0,0.370668227186258,0.38893988092185,21,Peak,Summer,True,True,True,False,0.47,0.1828017440332695,0.07994875330060248,-0.102852990732667
2018-06-21 22:00:00,84.07403223806045,0.7907685810810811,0.0,0.4018287005080717,0.3889398805730094,22,Off-Peak,Summer,True,True,True,False,0.27,0.10501376775471254,0.07994875322889636,-0.02506501452581618
2018-06-21 23:00:00,81.3928131042284,0.7469263825841346,0.0,0.357986503850545,0.3889398787335896,23,Off-Peak,Summer,True,True,True,False,0.27,0.1050137672580692,0.0799487528507934,-0.025065014407275793
2018-06-22 00:00:00,79.62830079276941,0.6244888062579322,0.0,0.2355489282485786,0.3889398780093536,0,Off-Peak,Summer,True,True,True,False,0.27,0.10501376706252548,0.07994875270192268,-0.025065014360602794
2018-06-22 01:00:00,78.90886115117578,0.4850082876948426,0.0,0.0960684096923549,0.3889398780024877,1,Off-Peak,Summer,True,True,True,False,0.27,0.10501376706067168,0.07994875270051136,-0.02506501436016033
2018-06-22 02:00:00,78.70511732174434,0.416151840729591,0.0,0.0272119627326937,0.3889398779968972,2,Off-Peak,Summer,True,True,True,False,0.27,0.10501376705916225,0.0799487526993622,-0.025065014359800047
2018-06-22 03:00:00,78.55419688753432,0.4090961930024935,0.0,0.0201563150058189,0.3889398779966745,3,Off-Peak,Summer,True,True,True,False,0.27,0.10501376705910212,0.07994875269931642,-0.025065014359785698
2018-06-22 04:00:00,78.33730681334778,0.417903395966132,0.0,0.0289635179693587,0.3889398779967733,4,Off-Peak,Summer,True,True,True,False,0.27,0.1050137670591288,0.07994875269933674,-0.025065014359792068
2018-06-22 19:00:00,92.11008382575892,0.7426824324324324,0.0,0.3537425391055676,0.3889398933268647,19,Peak,Summer,True,True,True,False,0.47,0.18280174986362638,0.07994875585052218,-0.1028529940131042
2018-06-22 20:00:00,89.51515559351967,0.7367263513513513,0.0,0.3477864703654568,0.3889398809858945,20,Peak,Summer,True,True,True,False,0.47,0.1828017440633704,0.07994875331376719,-0.10285299074960322
2018-06-22 21:00:00,86.60692362876536,0.7780422297297297,0.0,0.3891023483999941,0.3889398813297355,21,Peak,Summer,True,True,True,False,0.47,0.18280174422497567,0.07994875338444563,-0.10285299084053004
2018-06-22 22:00:00,83.79003157173173,0.7653648648648649,0.0,0.3764249854040553,0.3889398794608095,22,Off-Peak,Summer,True,True,True,False,0.27,0.10501376745441857,0.07994875300027751,-0.025065014454141055
2018-06-22 23:00:00,81.0184451009344,0.7589068046474019,0.0,0.3699669255160558,0.388939879131346,23,Off-Peak,Summer,True,True,True,False,0.27,0.10501376736546342,0.07994875293255445,-0.02506501443290897
2018-06-23 00:00:00,79.23415250783589,0.6270827702702703,0.0,0.2381428922658736,0.3889398780043966,0,Off-Peak,Summer,True,True,True,False,0.27,0.10501376706118709,0.07994875270090375,-0.02506501436028334
2018-06-23 01:00:00,78.50970480772513,0.4856587837837838,0.0,0.0967189057810205,0.3889398780027632,1,Off-Peak,Summer,True,True,True,False,0.27,0.10501376706074607,0.07994875270056799,-0.02506501436017808
2018-06-23 02:00:00,78.32361501135068,0.4137897654394903,0.0,0.0248498874427681,0.3889398779967222,2,Off-Peak,Summer,True,True,True,False,0.27,0.105013767059115,0.07994875269932622,-0.02506501435978878
2018-06-23 03:00:00,78.16514379471377,0.4101007092508822,0.0,0.0211608312541936,0.3889398779966886,3,Off-Peak,Summer,True,True,True,False,0.27,0.10501376705910594,0.07994875269931932,-0.025065014359786614
2018-06-23 04:00:00,78.03308218363128,0.4065735783660398,0.0,0.0176337003693817,0.388939877996658,4,Off-Peak,Summer,True,True,True,False,0.27,0.10501376705909768,0.07994875269931304,-0.025065014359784643
2018-06-23 05:00:00,77.87511450670503,0.4100311565462713,0.0,0.0210912785495411,0.3889398779967302,5,Off-Peak,Summer,True,True,True,False,0.27,0.10501376705911716,0.07994875269932787,-0.025065014359789292
2018-06-23 20:00:00,89.17610271427046,0.7223057432432431,0.0,0.3333658632169473,0.3889398800262958,20,Peak,Summer,True,True,True,False,0.47,0.182801743612359,0.07994875311651636,-0.10285299049584265
2018-06-23 21:00:00,86.50659264189629,0.7461199324324325,0.0,0.3571800522862652,0.3889398801461672,21,Peak,Summer,True,True,True,False,0.47,0.18280174366869859,0.0799487531411566,-0.10285299052754199
2018-06-23 22:00:00,83.76817232783115,0.7548783783783783,0.0,0.3659384988686459,0.3889398795097324,22,Off-Peak,Summer,True,True,True,False,0.27,0.10501376746762776,0.07994875301033388,-0.02506501445729388
2018-06-23 23:00:00,80.77295708949447,0.7886570945945947,0.0,0.39971721460292,0.3889398799916747,23,Off-Peak,Summer,True,True,True,False,0.27,0.10501376759775218,0.07994875310939979,-0.025065014488352383
2018-06-24 00:00:00,78.79481884864934,0.6528733108108107,0.0,0.2639334327952176,0.388939878015593,0,Off-Peak,Summer,True,True,True,False,0.27,0.10501376706421012,0.07994875270320521,-0.025065014361004903
2018-06-24 01:00:00,78.11682491697312,0.4794425675675676,0.0,0.0905026895574657,0.3889398780101018,1,Off-Peak,Summer,True,True,True,False,0.27,0.1050137670627275,0.07994875270207648,-0.02506501436065102
2018-06-24 02:00:00,77.87044563897696,0.4218327702702702,0.0,0.0328928922733235,0.3889398779969467,2,Off-Peak,Summer,True,True,True,False,0.27,0.10501376705917562,0.07994875269937238,-0.02506501435980324
2018-06-24 03:00:00,77.71546753326712,0.4096300675675675,0.0,0.0206901895708954,0.388939877996672,3,Off-Peak,Summer,True,True,True,False,0.27,0.10501376705910145,0.07994875269931591,-0.025065014359785545
2018-06-24 04:00:00,77.60859918113243,0.4032070233424634,0.0,0.0142671453457886,0.3889398779966747,4,Off-Peak,Summer,True,True,True,False,0.27,0.10501376705910218,0.07994875269931646,-0.02506501435978571
2018-06-24 20:00:00,88.85838522992182,0.7434881756756757,0.0,0.35454829504088,0.3889398806347957,20,Peak,Summer,True,True,True,False,0.47,0.18280174389835396,0.07994875324159688,-0.10285299065675708
2018-06-24 21:00:00,86.36527795300995,0.7225152027027028,0.0,0.333575323504631,0.3889398791980717,21,Peak,Summer,True,True,True,False,0.47,0.1828017432230937,0.0799487529462703,-0.1028529902768234
2018-06-24 22:00:00,83.56875783307854,0.7625861486486486,0.0,0.3736462686941693,0.3889398799544793,22,Off-Peak,Summer,True,True,True,False,0.27,0.10501376758770942,0.07994875310175409,-0.025065014485955328
2018-06-24 23:00:00,80.6422340234787,0.7794712837837837,0.0,0.3905314041631611,0.3889398796206226,23,Off-Peak,Summer,True,True,True,False,0.27,0.1050137674975681,0.07994875303312797,-0.025065014464440136
2018-06-25 00:00:00,78.84220516819312,0.6291283783783784,0.0,0.2401885003797102,0.3889398779986682,0,Off-Peak,Summer,True,True,True,False,0.27,0.10501376705964043,0.07994875269972625,-0.02506501435991418
2018-06-25 01:00:00,78.20755603163782,0.4736585900085212,0.0,0.0847187120046534,0.3889398780038677,1,Off-Peak,Summer,True,True,True,False,0.27,0.10501376706104429,0.07994875270079502,-0.02506501436024927
2018-06-25 02:00:00,78.01038207373723,0.4152647883433425,0.0,0.0263249103465119,0.3889398779968305,2,Off-Peak,Summer,True,True,True,False,0.27,0.10501376705914424,0.0799487526993485,-0.025065014359795745
2018-06-25 03:00:00,77.8932861797307,0.4045734786226809,0.0,0.0156335927009479,0.3889398859217329,3,Off-Peak,Summer,True,True,True,False,0.27,0.10501376919886789,0.0799487543283562,-0.025065014870511687
2018-06-25 04:00:00,77.77881179678164,0.4042228284471024,0.0,0.0152829504504228,0.3889398779966795,4,Off-Peak,Summer,True,True,True,False,0.27,0.10501376705910348,0.07994875269931745,-0.02506501435978603
2018-06-25 19:00:00,91.88863927797448,0.7110067567567567,0.0,0.3220668703386734,0.3889398864180833,19,Peak,Summer,True,True,True,False,0.47,0.18280174661649914,0.0799487544303838,-0.10285299218611535
2018-06-25 20:00:00,89.27889713276426,0.7386233108108108,0.0,0.3496834294410463,0.3889398813697644,20,Peak,Summer,True,True,True,False,0.47,0.18280174424378925,0.07994875339267378,-0.10285299085111548
2018-06-25 21:00:00,86.6309423237584,0.7432364864864865,0.0,0.3542966065843506,0.3889398799021359,21,Peak,Summer,True,True,True,False,0.47,0.18280174355400386,0.0799487530909946,-0.10285299046300926
2018-06-25 22:00:00,83.90092736707601,0.7537516891891892,0.0,0.3648118096720102,0.3889398795171789,22,Off-Peak,Summer,True,True,True,False,0.27,0.10501376746963831,0.07994875301186455,-0.02506501445777376
2018-06-25 23:00:00,81.20390093736867,0.7489572968285295,0.0,0.3600174178033696,0.3889398790251598,23,Off-Peak,Summer,True,True,True,False,0.27,0.10501376733679316,0.0799487529107273,-0.02506501442606586
2018-06-26 00:00:00,79.61104304435096,0.6015633891655091,0.0,0.2126235111688316,0.3889398779966775,0,Off-Peak,Summer,True,True,True,False,0.27,0.10501376705910294,0.07994875269931703,-0.025065014359785906
2018-06-26 01:00:00,78.92189971764067,0.4809519722360222,0.0,0.0920120942363646,0.3889398779996575,1,Off-Peak,Summer,True,True,True,False,0.27,0.10501376705990753,0.0799487526999296,-0.025065014359977933
2018-06-26 02:00:00,78.68913974573894,0.4200222313131415,0.0,0.0310823533164123,0.3889398779967291,2,Off-Peak,Summer,True,True,True,False,0.27,0.10501376705911686,0.07994875269932765,-0.02506501435978921
2018-06-26 03:00:00,78.50790173685209,0.4131410978476423,0.0,0.024201219850917,0.3889398779967252,3,Off-Peak,Summer,True,True,True,False,0.27,0.1050137670591158,0.07994875269932684,-0.02506501435978896
2018-06-26 04:00:00,78.30599913571974,0.4158981276672717,0.0,0.0269582496705527,0.3889398779967189,4,Off-Peak,Summer,True,True,True,False,0.27,0.10501376705911411,0.07994875269932554,-0.02506501435978857
2018-06-26 05:00:00,78.01129057595998,0.4282832766333197,0.0,0.0393433986362174,0.3889398779971023,5,Off-Peak,Summer,True,True,True,False,0.27,0.10501376705921762,0.07994875269940435,-0.025065014359813273
2018-06-26 20:00:00,89.25268853495763,0.7452601351351351,0.0,0.3563202533862035,0.3889398817489316,20,Peak,Summer,True,True,True,False,0.47,0.18280174442199784,0.07994875347061371,-0.10285299095138413
2018-06-26 21:00:00,86.26841680722764,0.788079391891892,0.0,0.3991395103548589,0.388939881537033,21,Peak,Summer,True,True,True,False,0.47,0.1828017443224055,0.07994875342705679,-0.10285299089534872
2018-06-26 22:00:00,83.31473916299028,0.7834814189189189,0.0,0.394541539121186,0.3889398797977328,22,Off-Peak,Summer,True,True,True,False,0.27,0.10501376754538787,0.07994875306953396,-0.02506501447585391
2018-06-26 23:00:00,80.08794289941376,0.8193486392133768,0.0,0.4304087585824632,0.3889398806309135,23,Off-Peak,Summer,True,True,True,False,0.27,0.10501376777034666,0.07994875324079888,-0.025065014529547777
2018-06-27 00:00:00,78.25266925863903,0.6337548127567253,0.0,0.244814934758484,0.3889398779982412,0,Off-Peak,Summer,True,True,True,False,0.27,0.10501376705952513,0.07994875269963846,-0.025065014359886673
2018-06-27 01:00:00,77.44411953723565,0.4968234095804009,0.0,0.1078835315784269,0.3889398780019739,1,Off-Peak,Summer,True,True,True,False,0.27,0.10501376706053296,0.07994875270040575,-0.025065014360127216
2018-06-27 02:00:00,77.17240763653301,0.4252009099165963,0.0,0.0362610319194992,0.388939877997097,2,Off-Peak,Summer,True,True,True,False,0.27,0.1050137670592162,0.07994875269940328,-0.025065014359812912
2018-06-27 03:00:00,76.99577485187362,0.412511871747428,0.0,0.0235719937507454,0.3889398779966825,3,Off-Peak,Summer,True,True,True,False,0.27,0.10501376705910428,0.07994875269931807,-0.02506501435978621
2018-06-27 04:00:00,76.76840776266334,0.4192789973985459,0.0,0.0303391194017752,0.3889398779967707,4,Off-Peak,Summer,True,True,True,False,0.27,0.1050137670591281,0.0799487526993362,-0.0250650143597919
2018-06-27 05:00:00,76.45241808856572,0.4310973820114029,0.0,0.0421575040142691,0.3889398779971338,5,Off-Peak,Summer,True,True,True,False,0.27,0.10501376705922613,0.07994875269941083,-0.0250650143598153
2018-06-27 19:00:00,92.05273025773882,0.7393983608485595,0.0,0.3504584686365225,0.3889398922120369,19,Peak,Summer,True,True,True,False,0.47,0.18280174933965734,0.07994875562136314,-0.1028529937182942
2018-06-27 20:00:00,89.3094027955483,0.7564762259625842,0.0,0.3675363439808633,0.3889398819817209,20,Peak,Summer,True,True,True,False,0.47,0.18280174453140882,0.07994875351846485,-0.10285299101294397
2018-06-27 21:00:00,86.48201249517112,0.7671537362558483,0.0,0.3782138557540114,0.3889398805018368,21,Peak,Summer,True,True,True,False,0.47,0.18280174383586328,0.07994875321426646,-0.10285299062159682
2018-06-27 22:00:00,83.67611159581443,0.7638146020501531,0.0,0.3748747225360702,0.3889398795140828,22,Off-Peak,Summer,True,True,True,False,0.27,0.10501376746880237,0.07994875301122813,-0.02506501445757424
2018-06-27 23:00:00,80.69172592482415,0.787145392528257,0.0,0.3982055126968975,0.3889398798313594,23,Off-Peak,Summer,True,True,True,False,0.27,0.10501376755446705,0.0799487530764461,-0.025065014478020953
2018-06-28 00:00:00,78.7531587395134,0.6475584573872567,0.0,0.2586185793759604,0.3889398780112962,0,Off-Peak,Summer,True,True,True,False,0.27,0.10501376706304998,0.07994875270232199,-0.025065014360727986
2018-06-28 01:00:00,77.99309432610946,0.4903741326791805,0.0,0.1014342546736345,0.388939878005546,1,Off-Peak,Summer,True,True,True,False,0.27,0.10501376706149744,0.07994875270114002,-0.02506501436035742
2018-06-28 02:00:00,77.67034025226012,0.4320180181483878,0.0,0.043078140151567,0.3889398779968208,2,Off-Peak,Summer,True,True,True,False,0.27,0.10501376705914162,0.07994875269934648,-0.025065014359795135
2018-06-28 03:00:00,77.41851796356153,0.4225488145488368,0.0,0.0336089365521619,0.3889398779966748,3,Off-Peak,Summer,True,True,True,False,0.27,0.1050137670591022,0.07994875269931648,-0.025065014359785726
2018-06-28 04:00:00,77.13608062150963,0.4266301137036353,0.0,0.0376902357068648,0.3889398779967705,4,Off-Peak,Summer,True,True,True,False,0.27,0.10501376705912804,0.07994875269933616,-0.025065014359791887
2018-06-28 05:00:00,76.77159068464312,0.4375708059572518,0.0,0.0486309279600712,0.3889398779971805,5,Off-Peak,Summer,True,True,True,False,0.27,0.10501376705923875,0.07994875269942044,-0.02506501435981831
2018-06-28 19:00:00,91.9108088176357,0.7376042460072744,0.0,0.3486643551507944,0.3889398908564799,19,Peak,Summer,True,True,True,False,0.47,0.18280174870254554,0.07994875534272086,-0.10285299335982467
2018-06-28 20:00:00,89.28955103737628,0.7401284470257724,0.0,0.3511885659710003,0.3889398810547721,20,Peak,Summer,True,True,True,False,0.47,0.18280174409574287,0.07994875332792538,-0.1028529907678175
2018-06-28 21:00:00,86.64611885639101,0.7425966799227228,0.0,0.3536568000548479,0.3889398798678749,21,Peak,Summer,True,True,True,False,0.47,0.1828017435379012,0.07994875308395206,-0.10285299045394915
2018-06-28 22:00:00,83.58456520123913,0.7978825110354797,0.0,0.4089426300482752,0.3889398809872045,22,Off-Peak,Summer,True,True,True,False,0.27,0.10501376786654522,0.07994875331403649,-0.02506501455250873
2018-06-28 23:00:00,80.88714308846005,0.7489267115070817,0.0,0.3599868328092291,0.3889398786978525,23,Off-Peak,Summer,True,True,True,False,0.27,0.10501376724842018,0.07994875284344745,-0.025065014404972732
2018-06-29 00:00:00,79.01100079936494,0.6392544899471961,0.0,0.2503146119189385,0.3889398780282576,0,Off-Peak,Summer,True,True,True,False,0.27,0.10501376706762955,0.07994875270580849,-0.025065014361821056
2018-06-29 01:00:00,78.3536257818006,0.4766834648721602,0.0,0.0877435868656149,0.3889398780065452,1,Off-Peak,Summer,True,True,True,False,0.27,0.10501376706176722,0.07994875270134541,-0.025065014360421814
2018-06-29 02:00:00,77.9059461064054,0.4486909534529288,0.0,0.0597510754560618,0.3889398779968669,2,Off-Peak,Summer,True,True,True,False,0.27,0.10501376705915408,0.07994875269935597,-0.025065014359798105
2018-06-29 03:00:00,77.68932568231074,0.4178531393601399,0.0,0.0289132613634647,0.3889398779966751,3,Off-Peak,Summer,True,True,True,False,0.27,0.10501376705910229,0.07994875269931656,-0.025065014359785726
2018-06-29 04:00:00,77.41918430686007,0.4249920573646406,0.0,0.0360521793678469,0.3889398779967936,4,Off-Peak,Summer,True,True,True,False,0.27,0.10501376705913427,0.0799487526993409,-0.025065014359793372
2018-06-29 05:00:00,77.02942880818588,0.4409442542496783,0.0,0.0520043762520485,0.3889398779976297,5,Off-Peak,Summer,True,True,True,False,0.27,0.10501376705936002,0.07994875269951278,-0.025065014359847246
2018-06-29 19:00:00,92.10756633478805,0.705625,0.0,0.316685113247817,0.3889398867521829,19,Peak,Summer,True,True,True,False,0.47,0.18280174677352595,0.07994875449905982,-0.10285299227446613
2018-06-29 20:00:00,89.49687671600756,0.7387449324324324,0.0,0.3498050508149009,0.3889398816175315,20,Peak,Summer,True,True,True,False,0.47,0.1828017443602398,0.0799487534436037,-0.10285299091663609
2018-06-29 21:00:00,86.6908997681315,0.7643040540540541,0.0,0.3753641733485393,0.3889398807055148,21,Peak,Summer,True,True,True,False,0.47,0.18280174393159193,0.07994875325613358,-0.10285299067545835
2018-06-29 22:00:00,83.6996870635765,0.7885067567567567,0.0,0.3995668764183091,0.3889398803384476,22,Off-Peak,Summer,True,True,True,False,0.27,0.10501376769138086,0.0799487531806809,-0.025065014510699965
2018-06-29 23:00:00,80.96029130423868,0.7545168918918919,0.0,0.3655770130388111,0.3889398788530807,23,Off-Peak,Summer,True,True,True,False,0.27,0.1050137672903318,0.07994875287535548,-0.025065014414976314
2018-06-30 00:00:00,79.44329843169659,0.6203158783783784,0.0,0.2024627390163078,0.4178531393620706,0,Off-Peak,Summer,True,True,True,False,0.27,0.11282034762775907,0.08589203420220339,-0.026928313425555683
2018-06-30 01:00:00,78.94385120552074,0.4845354729729729,0.0,0.0666823336092305,0.4178531393637423,1,Off-Peak,Summer,True,True,True,False,0.27,0.11282034762821043,0.08589203420254703,-0.026928313425663403
2018-06-30 02:00:00,78.93464486104061,0.4190826252966738,0.0,0.0,0.4190826252966738,2,Off-Peak,Summer,True,True,True,True,0.27,0.11315230883010192,0.08614476186653851,-0.027007546963563417
2018-06-30 03:00:00,78.95041113235524,0.4155684275832338,0.0,0.0,0.4155684275832338,3,Off-Peak,Summer,True,True,True,True,0.27,0.11220347544747314,0.08542239900322028,-0.026781076444252858
2018-06-30 04:00:00,79.05003729254165,0.4034149668194902,0.0,0.0,0.4034149668194902,4,Off-Peak,Summer,True,True,True,True,0.27,0.10892204104126235,0.0829241876240063,-0.02599785341725605
2018-06-30 05:00:00,79.12461456873511,0.4070449805684065,0.0,0.0,0.4070449805684065,5,Off-Peak,Summer,True,True,True,True,0.27,0.10990214475346977,0.08367035711683911,-0.026231787636630657
2018-06-30 19:00:00,92.09384723339188,0.7336283783783785,0.0,0.315775230463616,0.4178531479147624,19,Peak,Summer,True,True,True,False,0.47,0.19639097951993834,0.08589203596025673,-0.11049894355968161
2018-06-30 20:00:00,89.619039359941,0.7494898648648649,0.0,0.3316367227274935,0.4178531421373714,20,Peak,Summer,True,True,True,False,0.47,0.19639097680456455,0.0858920347726819,-0.11049894203188265
2018-06-30 21:00:00,87.09167280997411,0.7560540540540541,0.0,0.3382009129832227,0.4178531410708314,21,Peak,Summer,True,True,True,False,0.47,0.19639097630329075,0.08589203455344867,-0.11049894174984208
2018-06-30 22:00:00,84.3370156377817,0.7859560810810812,0.0,0.3681029398503863,0.4178531412306949,22,Off-Peak,Summer,True,True,True,False,0.27,0.11282034813228763,0.08589203458630949,-0.026928313545978133
2018-06-30 23:00:00,81.56274864902248,0.788152027027027,0.0,0.3702988864212818,0.4178531406057452,23,Off-Peak,Summer,True,True,True,False,0.27,0.11282034796355121,0.08589203445784761,-0.0269283135057036
2018-07-01 00:00:00,78.50335635405094,0.6318445945945946,0.0,0.407811761737149,0.2240328328574456,0,Off-Peak,Summer,True,True,True,False,0.27,0.06048886487151032,0.046051193420697155,-0.014437671450813164
2018-07-01 01:00:00,76.58952383975408,0.4791182432432432,0.0,0.255085412456911,0.2240328307863321,1,Off-Peak,Summer,True,True,True,False,0.27,0.06048886431230967,0.046051192994968265,-0.014437671317341402
2018-07-01 02:00:00,75.1139895764359,0.4206357267416372,0.0,0.1966028959297673,0.2240328308118698,2,Off-Peak,Summer,True,True,True,False,0.27,0.06048886431920485,0.046051193000217684,-0.01443767131898717
2018-07-01 03:00:00,73.70766245524472,0.4113190246544468,0.0,0.1872861938070621,0.2240328308473846,3,Off-Peak,Summer,True,True,True,False,0.27,0.06048886432879384,0.04605119300751795,-0.014437671321275894
2018-07-01 04:00:00,72.3090096375241,0.4101942815383219,0.0,0.186161450681896,0.2240328308564259,4,Off-Peak,Summer,True,True,True,False,0.27,0.060488864331234994,0.04605119300937643,-0.014437671321858567
2018-07-01 05:00:00,70.9225347863553,0.4084703411732784,0.0,0.1844375103115125,0.2240328308617658,5,Off-Peak,Summer,True,True,True,False,0.27,0.06048886433267677,0.046051193010474084,-0.014437671322202687
2018-07-01 20:00:00,84.61795789162649,0.7614983108108109,0.0,0.5374654722059385,0.2240328386048723,20,Peak,Summer,True,True,True,False,0.47,0.10529543414428998,0.04605119460211264,-0.059244239542177335
2018-07-01 21:00:00,80.75447219465812,0.7392195945945946,0.0,0.5151867597757367,0.2240328348188579,21,Peak,Summer,True,True,True,False,0.47,0.10529543236486322,0.046051193823876346,-0.05924423854098687
2018-07-01 22:00:00,76.95328243248544,0.7301942567567568,0.0,0.5061614223790871,0.2240328343776696,22,Off-Peak,Summer,True,True,True,False,0.27,0.0604888652819708,0.04605119373318764,-0.014437671548783157
2018-07-01 23:00:00,72.81756280679036,0.7737550675675675,0.0,0.5497222297754547,0.2240328377921128,23,Off-Peak,Summer,True,True,True,False,0.27,0.060488866203870464,0.04605119443504541,-0.014437671768825051
2018-07-02 00:00:00,69.59558316191608,0.6519474633527038,0.0,0.4279146316454419,0.2240328317072618,0,Off-Peak,Summer,True,True,True,False,0.27,0.06048886456096069,0.04605119318427048,-0.014437671376690213
2018-07-02 01:00:00,67.5357590975958,0.4975292812077877,0.0,0.2734964503883784,0.2240328308194093,1,Off-Peak,Summer,True,True,True,False,0.27,0.06048886432124052,0.04605119300176747,-0.014437671319473044
2018-07-02 02:00:00,65.89708859990799,0.4414971339721228,0.0,0.2174643030917921,0.2240328308803306,2,Off-Peak,Summer,True,True,True,False,0.27,0.06048886433768927,0.04605119301429018,-0.014437671323399091
2018-07-02 03:00:00,64.41004508202278,0.4212511981757345,0.0,0.1972183672722045,0.2240328309035299,3,Off-Peak,Summer,True,True,True,False,0.27,0.06048886434395308,0.046051193019058925,-0.014437671324894152
2018-07-02 04:00:00,62.97236198063339,0.4145731466887876,0.0,0.1905403157658485,0.224032830922939,4,Off-Peak,Summer,True,True,True,False,0.27,0.06048886434919353,0.046051193023048574,-0.014437671326144957
2018-07-02 05:00:00,61.53326986156591,0.414616558446864,0.0,0.1905837274987168,0.2240328309481471,5,Off-Peak,Summer,True,True,True,False,0.27,0.06048886435599972,0.046051193028230235,-0.014437671327769484
2018-07-02 19:00:00,89.50704990252537,0.7146317567567566,0.0,0.490598900944616,0.2240328558121405,19,Peak,Summer,True,True,True,False,0.47,0.10529544223170603,0.04605119813916222,-0.059244244092543814
2018-07-02 20:00:00,85.52051738368259,0.7566013513513512,0.0,0.5325685104126023,0.2240328409387488,20,Peak,Summer,True,True,True,False,0.47,0.10529543524121193,0.04605119508185392,-0.05924424015935801
2018-07-02 21:00:00,81.42011374721385,0.7708412162162162,0.0,0.5468083788881951,0.224032837328021,21,Peak,Summer,True,True,True,False,0.47,0.10529543354416987,0.046051194339648764,-0.059244239204521106
2018-07-02 22:00:00,77.20101875299827,0.785722972972973,0.0,0.5616901359544606,0.2240328370185124,22,Off-Peak,Summer,True,True,True,False,0.27,0.06048886599499835,0.04605119427602755,-0.014437671718970799
2018-07-02 23:00:00,73.2627783700335,0.7476155311052686,0.0,0.5235826966372642,0.2240328344680043,23,Off-Peak,Summer,True,True,True,False,0.27,0.06048886530636116,0.04605119375175644,-0.014437671554604722
2018-07-03 00:00:00,70.2443042578502,0.6384518962377121,0.0,0.401011099521073,0.2374407967166391,0,Off-Peak,Summer,True,True,True,False,0.27,0.06410901511349255,0.04880727488064247,-0.01530174023285008
2018-07-03 01:00:00,68.28156671289146,0.4981266835904904,0.0,0.2606858874556516,0.2374407961348387,1,Off-Peak,Summer,True,True,True,False,0.27,0.06410901495640646,0.04880727476105018,-0.015301740195356281
2018-07-03 02:00:00,66.87214362277498,0.4245757834913131,0.0,0.1871349873650875,0.2374407961262255,2,Off-Peak,Summer,True,True,True,False,0.27,0.06410901495408089,0.048807274759279685,-0.015301740194801204
2018-07-03 03:00:00,65.48851504350422,0.4210354522105624,0.0,0.1835946560105303,0.237440796200032,3,Off-Peak,Summer,True,True,True,False,0.27,0.06410901497400864,0.048807274774451015,-0.015301740199557629
2018-07-03 04:00:00,64.06540594115413,0.4261401260943711,0.0,0.1886993298527072,0.2374407962416638,4,Off-Peak,Summer,True,True,True,False,0.27,0.06410901498524924,0.04880727478300867,-0.015301740202240566
2018-07-03 05:00:00,62.66136029642714,0.4234825560307664,0.0,0.1860417597918662,0.2374407962389001,5,Off-Peak,Summer,True,True,True,False,0.27,0.06410901498450303,0.048807274782440575,-0.015301740202062451
2018-07-03 19:00:00,89.60853026262271,0.7350912162162162,0.0,0.4976503915764808,0.2374408246397353,19,Peak,Summer,True,True,True,False,0.47,0.11159718758067558,0.048807280620390026,-0.06278990696028555
2018-07-03 20:00:00,85.83397097897239,0.7417854729729729,0.0,0.5043446694565684,0.2374408035164045,20,Peak,Summer,True,True,True,False,0.47,0.11159717765271011,0.04880727627837203,-0.06278990137433808
2018-07-03 21:00:00,82.10266949396285,0.7352263513513514,0.0,0.4977855510603776,0.2374408002909737,21,Peak,Summer,True,True,True,False,0.47,0.11159717613675763,0.04880727561536681,-0.06278990052139082
2018-07-03 22:00:00,78.13136231817582,0.7663631756756757,0.0,0.5289223741532703,0.2374408015224054,22,Off-Peak,Summer,True,True,True,False,0.27,0.06410901641104946,0.04880727586849445,-0.015301740542555016
2018-07-03 23:00:00,74.235746765766,0.7555290178755256,0.0,0.5180882177207559,0.2374408001547697,23,Off-Peak,Summer,True,True,True,False,0.27,0.06410901604178783,0.04880727558736933,-0.015301740454418497
2018-07-04 00:00:00,71.37468027233245,0.61772328061879,0.0,0.3802824841747672,0.2374407964440227,0,Off-Peak,Summer,True,True,True,False,0.27,0.06410901503988613,0.04880727482460466,-0.015301740215281467
2018-07-04 01:00:00,69.65293678017423,0.4662676643240418,0.0,0.228826868222477,0.2374407961015648,1,Off-Peak,Summer,True,True,True,False,0.27,0.0641090149474225,0.04880727475421054,-0.015301740193211955
2018-07-04 02:00:00,68.3009424044657,0.4170580553358807,0.0,0.1796172592038385,0.2374407961320422,2,Off-Peak,Summer,True,True,True,False,0.27,0.0641090149556514,0.04880727476047533,-0.015301740195176064
2018-07-04 03:00:00,66.99611068025159,0.4106957944640452,0.0,0.1732549982913573,0.2374407961726878,3,Off-Peak,Summer,True,True,True,False,0.27,0.0641090149666257,0.04880727476883027,-0.015301740197795434
2018-07-04 04:00:00,65.70147288150272,0.4092402992497033,0.0,0.1717995030702516,0.2374407961794516,4,Off-Peak,Summer,True,True,True,False,0.27,0.06410901496845194,0.04880727477022061,-0.015301740198231328
2018-07-04 05:00:00,64.38515195720339,0.4120052792070513,0.0,0.1745644830084562,0.2374407961985951,5,Off-Peak,Summer,True,True,True,False,0.27,0.06410901497362068,0.04880727477415566,-0.015301740199465015
2018-07-04 19:00:00,89.91269867613866,0.7161773648648648,0.0,0.4787365423458993,0.2374408225189654,19,Peak,Summer,True,True,True,False,0.47,0.11159718658391372,0.048807280184453995,-0.06278990639945972
2018-07-04 20:00:00,86.28856651507682,0.721795608108108,0.0,0.484354805297951,0.237440802810157,20,Peak,Summer,True,True,True,False,0.47,0.11159717732077379,0.048807276133198935,-0.06278990118757485
2018-07-04 21:00:00,82.51394412406515,0.7410422297297297,0.0,0.503601428449428,0.2374408012803016,21,Peak,Summer,True,True,True,False,0.47,0.11159717660174175,0.04880727581872866,-0.06278990078301308
2018-07-04 22:00:00,78.47389049583786,0.7755320945945945,0.0,0.5380912925916888,0.2374408020029057,22,Off-Peak,Summer,True,True,True,False,0.27,0.06410901654078455,0.04880727596726395,-0.0153017405735206
2018-07-04 23:00:00,74.37099300613997,0.7830251306581578,0.0,0.5455843290595015,0.2374408015986563,23,Off-Peak,Summer,True,True,True,False,0.27,0.0641090164316372,0.048807275884168236,-0.015301740547468967
2018-07-05 00:00:00,71.41795824417389,0.6299074964591427,0.0,0.3924667000241402,0.2374407964350025,0,Off-Peak,Summer,True,True,True,False,0.27,0.06410901503745067,0.048807274822750504,-0.015301740214700169
2018-07-05 01:00:00,69.53210288599792,0.4880260483847192,0.0,0.2505852522676126,0.2374407961171066,1,Off-Peak,Summer,True,True,True,False,0.27,0.06410901495161879,0.04880727475740525,-0.015301740194213542
2018-07-05 02:00:00,68.14310180566962,0.4219452554915363,0.0,0.1845044593654403,0.2374407961260959,2,Off-Peak,Summer,True,True,True,False,0.27,0.06410901495404589,0.04880727475925304,-0.01530174019479285
2018-07-05 03:00:00,66.77362906579253,0.4192413808930602,0.0,0.1818005847054433,0.2374407961876168,3,Off-Peak,Summer,True,True,True,False,0.27,0.06410901497065653,0.04880727477189901,-0.015301740198757526
2018-07-05 04:00:00,65.37980895072685,0.4223509016791918,0.0,0.1849101054647393,0.2374407962144524,4,Off-Peak,Summer,True,True,True,False,0.27,0.06410901497790215,0.04880727477741521,-0.01530174020048694
2018-07-05 05:00:00,63.922757503018815,0.4305960429552975,0.0,0.1931552466922069,0.2374407962630905,5,Off-Peak,Summer,True,True,True,False,0.27,0.06410901499103444,0.04880727478741305,-0.015301740203621392
2018-07-05 19:00:00,89.59533411842862,0.7607466216216217,0.0,0.523305787723114,0.2374408338985076,19,Peak,Summer,True,True,True,False,0.47,0.11159719193229856,0.048807282523582116,-0.06278990940871644
2018-07-05 20:00:00,85.69721273491032,0.7581554054054055,0.0,0.5207146012749373,0.2374408041304682,20,Peak,Summer,True,True,True,False,0.47,0.11159717794132004,0.04880727640459624,-0.0627899015367238
2018-07-05 21:00:00,82.1630590042387,0.7089222972972974,0.0,0.4714814985921136,0.2374407987051837,21,Peak,Summer,True,True,True,False,0.47,0.11159717539143633,0.04880727528939887,-0.06278990010203747
2018-07-05 22:00:00,78.42594326305506,0.735222972972973,0.0,0.4977821726773738,0.2374408002955992,22,Off-Peak,Summer,True,True,True,False,0.27,0.06410901607981179,0.048807275616317605,-0.015301740463494182
2018-07-05 23:00:00,74.46714571909892,0.7638880149552385,0.0,0.5264472135416448,0.2374408014135937,23,Off-Peak,Summer,True,True,True,False,0.27,0.0641090163816703,0.04880727584612759,-0.015301740535542709
2018-07-06 00:00:00,71.76797665094085,0.5979763513513515,0.0,0.358803481125741,0.2391728702256105,0,Off-Peak,Summer,True,True,True,False,0.27,0.06457667496091485,0.04916331221304216,-0.015413362747872687
2018-07-06 01:00:00,70.10183886308742,0.460627610695238,0.0,0.2214547405991491,0.2391728700960888,1,Off-Peak,Summer,True,True,True,False,0.27,0.06457667492594399,0.04916331218641825,-0.01541336273952574
2018-07-06 02:00:00,68.76440875835938,0.4168679444467383,0.0,0.1776950743203144,0.2391728701264239,2,Off-Peak,Summer,True,True,True,False,0.27,0.06457667493413446,0.0491633121926538,-0.015413362741480661
2018-07-06 03:00:00,67.44245132205724,0.4147111833301962,0.0,0.1755383131601454,0.2391728701700507,3,Off-Peak,Summer,True,True,True,False,0.27,0.0645766749459137,0.049163312201621526,-0.01541336274429217
2018-07-06 04:00:00,66.21594299148921,0.4019541976547495,0.0,0.1627813275104454,0.239172870144304,4,Off-Peak,Summer,True,True,True,False,0.27,0.06457667493896209,0.04916331219632915,-0.015413362742632941
2018-07-06 05:00:00,64.97076122547479,0.4043336449806918,0.0,0.165160774814625,0.2391728701660667,5,Off-Peak,Summer,True,True,True,False,0.27,0.06457667494483801,0.0491633122008026,-0.015413362744035417
2018-07-06 19:00:00,90.03721231834584,0.7170152027027027,0.0,0.4778423049686338,0.2391728977340688,19,Peak,Summer,True,True,True,False,0.47,0.11241126193501233,0.049163317867558586,-0.06324794406745374
2018-07-06 20:00:00,86.0570047890906,0.7708817567567567,0.0,0.5317088752517097,0.239172881505047,20,Peak,Summer,True,True,True,False,0.47,0.11241125430737209,0.04916331453159299,-0.0632479397757791
2018-07-06 21:00:00,82.3559370579772,0.7328817567567567,0.0,0.4937088831640416,0.239172873592715,21,Peak,Summer,True,True,True,False,0.47,0.11241125058857604,0.04916331290516919,-0.06324793768340685
2018-07-06 22:00:00,78.53500605314603,0.7480827702702704,0.0,0.5089098958825279,0.2391728743877424,22,Off-Peak,Summer,True,True,True,False,0.27,0.06457667608469045,0.04916331306859149,-0.015413363016098962
2018-07-06 23:00:00,74.50981966518628,0.774402027027027,0.0,0.535229151364771,0.2391728756622559,23,Off-Peak,Summer,True,True,True,False,0.27,0.0645766764288091,0.04916331333057482,-0.015413363098234281
2018-07-07 00:00:00,71.46614477443292,0.6436182432432432,0.0,0.4044453726066805,0.2391728706365627,0,Off-Peak,Summer,True,True,True,False,0.27,0.06457667507187194,0.049163312297515666,-0.015413362774356273
2018-07-07 01:00:00,69.69668991117082,0.4742905405405406,0.0,0.2351176704493092,0.2391728700912314,1,Off-Peak,Summer,True,True,True,False,0.27,0.06457667492463248,0.049163312185419784,-0.015413362739212698
2018-07-07 02:00:00,68.2532551181431,0.4308851351351351,0.0,0.1917122649890336,0.2391728701461014,2,Off-Peak,Summer,True,True,True,False,0.27,0.06457667493944738,0.049163312196698616,-0.015413362742748765
2018-07-07 03:00:00,66.87962715132053,0.4215084459459459,0.0,0.1823355757713838,0.239172870174562,3,Off-Peak,Summer,True,True,True,False,0.27,0.06457667494713175,0.04916331220254886,-0.015413362744582888
2018-07-07 04:00:00,65.51380556878587,0.420358009200284,0.0,0.1811851390094404,0.2391728701908436,4,Off-Peak,Summer,True,True,True,False,0.27,0.06457667495152777,0.04916331220589563,-0.015413362745632146
2018-07-07 05:00:00,64.24458946883459,0.4074486212481925,0.0,0.1682757510853358,0.2391728701628566,5,Off-Peak,Summer,True,True,True,False,0.27,0.06457667494397129,0.04916331220014274,-0.015413362743828547
2018-07-07 19:00:00,89.66035351333082,0.7489358108108108,0.0,0.5097629071941155,0.2391729036166953,19,Peak,Summer,True,True,True,False,0.47,0.11241126469984679,0.04916331907676514,-0.06324794562308164
2018-07-07 20:00:00,85.73437132672767,0.7635388513513514,0.0,0.524365972357427,0.2391728789939243,20,Peak,Summer,True,True,True,False,0.47,0.11241125312714442,0.04916331401541777,-0.06324793911172666
2018-07-07 21:00:00,81.5798139497487,0.7930287162162162,0.0,0.5538558386632647,0.2391728775529514,21,Peak,Summer,True,True,True,False,0.47,0.11241125244988716,0.04916331371921778,-0.06324793873066938
2018-07-07 22:00:00,77.41200842968678,0.7939020270270271,0.0,0.5547291513513151,0.239172875675712,22,Off-Peak,Summer,True,True,True,False,0.27,0.06457667643244225,0.0491633133333408,-0.015413363099101449
2018-07-07 23:00:00,73.41900574412237,0.7698682432432432,0.0,0.5306953689118228,0.2391728743314204,23,Off-Peak,Summer,True,True,True,False,0.27,0.06457667606948352,0.04916331305701419,-0.015413363012469324
2018-07-08 00:00:00,70.59126734992908,0.6148074324324324,0.0,0.375634562077214,0.2391728703552184,0,Off-Peak,Summer,True,True,True,False,0.27,0.06457667499590897,0.049163312239683774,-0.015413362756225193
2018-07-08 01:00:00,68.68692599099806,0.4920675675675676,0.0,0.2528946974307289,0.2391728701368386,1,Off-Peak,Summer,True,True,True,False,0.27,0.06457667493694642,0.0491633121947946,-0.015413362742151826
2018-07-08 02:00:00,67.09690769213425,0.450213226104064,0.0,0.2110403559151261,0.2391728701889378,2,Off-Peak,Summer,True,True,True,False,0.27,0.06457667495101321,0.04916331220550388,-0.015413362745509335
2018-07-08 03:00:00,65.81921798731865,0.4086876506992055,0.0,0.1695147805696164,0.239172870129589,3,Off-Peak,Summer,True,True,True,False,0.27,0.06457667493498903,0.0491633121933044,-0.01541336274168463
2018-07-08 04:00:00,64.55923021781312,0.4062400944851019,0.0,0.1670672243173716,0.2391728701677302,4,Off-Peak,Summer,True,True,True,False,0.27,0.06457667494528715,0.04916331220114454,-0.015413362744142615
2018-07-08 05:00:00,63.25291003236231,0.4122668657176104,0.0,0.1730939955176371,0.2391728701999732,5,Off-Peak,Summer,True,True,True,False,0.27,0.06457667495399276,0.049163312207772265,-0.015413362746220495
2018-07-08 19:00:00,89.55495512118655,0.7513344594594593,0.0,0.5121615564955022,0.2391729029639571,19,Peak,Summer,True,True,True,False,0.47,0.11241126439305983,0.049163318942591176,-0.06324794545046866
2018-07-08 20:00:00,85.85603731631457,0.7332652027027027,0.0,0.4940923264950976,0.239172876207605,20,Peak,Summer,True,True,True,False,0.47,0.11241125181757435,0.04916331344267436,-0.06324793837489998
2018-07-08 21:00:00,82.11227906907013,0.7384459459459458,0.0,0.4992730713252689,0.2391728746206769,21,Peak,Summer,True,True,True,False,0.47,0.11241125107171814,0.04916331311647247,-0.06324793795524566
2018-07-08 22:00:00,77.91528743207954,0.7978445945945946,0.0,0.5586717169078435,0.2391728776867511,22,Off-Peak,Summer,True,True,True,False,0.27,0.0645766769754228,0.04916331374672105,-0.015413363228701744
2018-07-08 23:00:00,73.74001732958533,0.7940675675675677,0.0,0.5548946918684324,0.2391728756991352,23,Off-Peak,Summer,True,True,True,False,0.27,0.06457667643876651,0.049163313338155566,-0.015413363100610943
2018-07-09 00:00:00,70.53459424586583,0.6648496621621622,0.0,0.4256767912939214,0.2391728708682408,0,Off-Peak,Summer,True,True,True,False,0.27,0.06457667513442501,0.049163312345138384,-0.015413362789286629
2018-07-09 01:00:00,68.62282951123346,0.493027027027027,0.0,0.2538541569308151,0.2391728700962119,1,Off-Peak,Summer,True,True,True,False,0.27,0.06457667492597723,0.049163312186443556,-0.01541336273953367
2018-07-09 02:00:00,67.12055110750791,0.4385651114109391,0.0,0.199392241260239,0.2391728701507,2,Off-Peak,Summer,True,True,True,False,0.27,0.064576674940689,0.04916331219764389,-0.015413362743045111
2018-07-09 03:00:00,65.85403422259283,0.4071970270005125,0.0,0.1680241568661839,0.2391728701343285,3,Off-Peak,Summer,True,True,True,False,0.27,0.0645766749362687,0.049163312194278636,-0.015413362741990067
2018-07-09 04:00:00,64.5999773553738,0.4054455820064819,0.0,0.1662727118418054,0.2391728701646764,4,Off-Peak,Summer,True,True,True,False,0.27,0.06457667494446263,0.04916331220051681,-0.015413362743945822
2018-07-09 05:00:00,63.32350141533932,0.4083090190541441,0.0,0.1691361488674776,0.2391728701866664,5,Off-Peak,Summer,True,True,True,False,0.27,0.06457667495039993,0.049163312205036974,-0.015413362745362952
2018-07-09 19:00:00,90.02169966785861,0.7123141891891893,0.0,0.4731412930851187,0.2391728961040705,19,Peak,Summer,True,True,True,False,0.47,0.11241126116891313,0.04916331753250337,-0.06324794363640976
2018-07-09 20:00:00,86.47008990831554,0.7137297297297297,0.0,0.4745568533936845,0.2391728763360451,20,Peak,Summer,True,True,True,False,0.47,0.11241125187794118,0.04916331346907593,-0.06324793840886525
2018-07-09 21:00:00,82.68700570901098,0.7437601351351351,0.0,0.5045872594363643,0.2391728756987707,21,Peak,Summer,True,True,True,False,0.47,0.11241125157842222,0.04916331333808064,-0.06324793824034158
2018-07-09 22:00:00,78.73296592176663,0.7657010135135136,0.0,0.5265281382613811,0.2391728752521325,22,Off-Peak,Summer,True,True,True,False,0.27,0.06457667631807577,0.04916331324627168,-0.015413363071804097
2018-07-09 23:00:00,74.74113029316247,0.7699121621621621,0.0,0.5307392872878902,0.2391728748742718,23,Off-Peak,Summer,True,True,True,False,0.27,0.0645766762160534,0.04916331316860031,-0.01541336304745309
2018-07-10 00:00:00,71.7334845848979,0.6387972972972973,0.0,0.3996244267141963,0.2391728705831009,0,Off-Peak,Summer,True,True,True,False,0.27,0.06457667505743725,0.049163312286526296,-0.015413362770910953
2018-07-10 01:00:00,69.88936964753199,0.4841689189189189,0.0,0.2449960488220016,0.2391728700969173,1,Off-Peak,Summer,True,True,True,False,0.27,0.06457667492616767,0.04916331218658855,-0.01541336273957912
2018-07-10 02:00:00,68.37194028936507,0.4406722972972973,0.0,0.201499427138914,0.2391728701583833,2,Off-Peak,Summer,True,True,True,False,0.27,0.06457667494276349,0.04916331219922323,-0.015413362743540264
2018-07-10 03:00:00,67.10995837441725,0.4066807432432432,0.0,0.1675078731133849,0.2391728701298582,3,Off-Peak,Summer,True,True,True,False,0.27,0.06457667493506171,0.04916331219335973,-0.015413362741701978
2018-07-10 04:00:00,65.88264788193483,0.4019896908683362,0.0,0.1628168207133219,0.2391728701550142,4,Off-Peak,Summer,True,True,True,False,0.27,0.06457667494185385,0.0491633121985307,-0.015413362743323146
2018-07-10 05:00:00,64.64984057431626,0.4026223073128672,0.0,0.1634494371509695,0.2391728701618976,5,Off-Peak,Summer,True,True,True,False,0.27,0.06457667494371236,0.049163312199945616,-0.015413362743766743
2018-07-10 19:00:00,90.00258122423206,0.7163192567567567,0.0,0.4771463596339983,0.2391728971227583,19,Peak,Summer,True,True,True,False,0.47,0.1124112616476964,0.04916331774190031,-0.06324794390579608
2018-07-10 20:00:00,86.24693139789656,0.7408496621621622,0.0,0.5016767837213494,0.2391728784408128,20,Peak,Summer,True,True,True,False,0.47,0.11241125286718201,0.04916331390172263,-0.06324793896545938
2018-07-10 21:00:00,82.44536081215126,0.7461368243243243,0.0,0.5069639492742075,0.2391728750501167,21,Peak,Summer,True,True,True,False,0.47,0.11241125127355484,0.04916331320474621,-0.06324793806880863
2018-07-10 22:00:00,78.2905207435052,0.7922483108108109,0.0,0.5530754338016094,0.2391728770092015,22,Off-Peak,Summer,True,True,True,False,0.27,0.06457667679248441,0.049163313607446975,-0.015413363185037436
2018-07-10 23:00:00,74.04245856829674,0.8037073434830924,0.0,0.5645344669455309,0.2391728765375614,23,Off-Peak,Summer,True,True,True,False,0.27,0.06457667666514158,0.04916331351049873,-0.015413363154642853
2018-07-11 00:00:00,71.04313089665976,0.6375540540540542,0.0,0.3983811836542248,0.2391728703998293,0,Off-Peak,Summer,True,True,True,False,0.27,0.06457667500795392,0.04916331224885379,-0.015413362759100123
2018-07-11 01:00:00,69.15093129612866,0.4904541536091701,0.0,0.2512812835034223,0.2391728701057477,1,Off-Peak,Summer,True,True,True,False,0.27,0.06457667492855189,0.04916331218840369,-0.0154133627401482
2018-07-11 02:00:00,67.67166195180458,0.4355349165028211,0.0,0.1963620463613248,0.2391728701414962,2,Off-Peak,Summer,True,True,True,False,0.27,0.06457667493820399,0.049163312195752,-0.015413362742451989
2018-07-11 03:00:00,66.326544592385,0.41763127706761,0.0,0.1784584069069878,0.2391728701606222,3,Off-Peak,Summer,True,True,True,False,0.27,0.064576674943368,0.04916331219968345,-0.015413362743684544
2018-07-11 04:00:00,65.08128100690296,0.4042957759100705,0.0,0.1651229057614278,0.2391728701486426,4,Off-Peak,Summer,True,True,True,False,0.27,0.06457667494013351,0.049163312197220976,-0.015413362742912537
2018-07-11 05:00:00,63.79573547738799,0.4095264215400738,0.0,0.170353551350453,0.2391728701896207,5,Off-Peak,Summer,True,True,True,False,0.27,0.0645766749511976,0.04916331220564425,-0.015413362745553341
2018-07-11 19:00:00,89.82642569310546,0.7154189189189188,0.0,0.4762460242246226,0.2391728946942962,19,Peak,Summer,True,True,True,False,0.47,0.11241126050631921,0.04916331724271644,-0.06324794326360277
2018-07-11 20:00:00,86.16100503108541,0.7287668918918919,0.0,0.4895940147129314,0.2391728771789604,20,Peak,Summer,True,True,True,False,0.47,0.11241125227411139,0.04916331364234186,-0.06324793863176953
2018-07-11 21:00:00,82.43271983484209,0.7363462837837838,0.0,0.4971734090545224,0.2391728747292613,21,Peak,Summer,True,True,True,False,0.47,0.1124112511227528,0.049163313138792596,-0.0632479379839602
2018-07-11 22:00:00,78.4874132724879,0.764418918918919,0.0,0.5252460435963529,0.2391728753225661,22,Off-Peak,Summer,True,True,True,False,0.27,0.06457667633709285,0.04916331326074969,-0.01541336307634316
2018-07-11 23:00:00,74.60049811691883,0.7558924746490818,0.0,0.5167196005332518,0.23917287411583,23,Off-Peak,Summer,True,True,True,False,0.27,0.0645766760112741,0.049163313012698384,-0.015413362998575722
2018-07-12 00:00:00,71.28874188093896,0.6789898648648649,0.0,0.4398169933382738,0.239172871526591,0,Off-Peak,Summer,True,True,True,False,0.27,0.06457667531217957,0.049163312480465925,-0.01541336283171365
2018-07-12 01:00:00,69.29662214444072,0.5037068006782565,0.0,0.2645339305812961,0.2391728700969603,1,Off-Peak,Summer,True,True,True,False,0.27,0.06457667492617929,0.0491633121865974,-0.015413362739581889
2018-07-12 02:00:00,67.91221895138061,0.422958476463028,0.0,0.183785606354571,0.2391728701084569,2,Off-Peak,Summer,True,True,True,False,0.27,0.06457667492928336,0.049163312188960584,-0.015413362740322775
2018-07-12 03:00:00,66.60212514840349,0.4129978600776024,0.0,0.1738249899174717,0.2391728701601306,3,Off-Peak,Summer,True,True,True,False,0.27,0.06457667494323527,0.04916331219958241,-0.015413362743652861
2018-07-12 04:00:00,65.30894185969278,0.4106520144581443,0.0,0.1714791442840001,0.2391728701741441,4,Off-Peak,Summer,True,True,True,False,0.27,0.06457667494701891,0.04916331220246296,-0.015413362744555952
2018-07-12 05:00:00,63.971605220691984,0.4163874333473219,0.0,0.177214563144724,0.2391728702025979,5,Off-Peak,Summer,True,True,True,False,0.27,0.06457667495470143,0.049163312208311785,-0.015413362746389644
2018-07-12 19:00:00,89.53292317039472,0.7451722972972973,0.0,0.5059993967379104,0.2391729005593869,19,Peak,Summer,True,True,True,False,0.47,0.11241126326291183,0.049163318448318415,-0.06324794481459342
2018-07-12 20:00:00,85.53243727446994,0.7732314189189189,0.0,0.5340585390009347,0.2391728799179842,20,Peak,Summer,True,True,True,False,0.47,0.11241125356145257,0.04916331420536341,-0.06324793935608916
2018-07-12 21:00:00,81.64021386964382,0.7579611486486487,0.0,0.5187882739256823,0.2391728747229664,21,Peak,Summer,True,True,True,False,0.47,0.11241125111979419,0.049163313137498645,-0.06324793798229555
2018-07-12 22:00:00,77.91443547304335,0.7351097972972973,0.0,0.4959369241071911,0.2391728731901061,22,Off-Peak,Summer,True,True,True,False,0.27,0.06457667576132865,0.049163312822410696,-0.015413362938917957
2018-07-12 23:00:00,74.08736770265102,0.7478158783783784,0.0,0.5086430039909442,0.2391728743874341,23,Off-Peak,Summer,True,True,True,False,0.27,0.06457667608460721,0.049163313068528114,-0.015413363016079096
2018-07-13 00:00:00,70.98250341942092,0.6514797297297298,0.0,0.4123068587394736,0.2391728709902561,0,Off-Peak,Summer,True,True,True,False,0.27,0.06457667516736916,0.049163312370219314,-0.015413362797149846
2018-07-13 01:00:00,68.87702404820459,0.5186722972972974,0.0,0.2794994271395628,0.2391728701577345,1,Off-Peak,Summer,True,True,True,False,0.27,0.06457667494258831,0.04916331219908986,-0.01541336274349845
2018-07-13 02:00:00,67.43250439898007,0.4308783783783783,0.0,0.1917055082667697,0.2391728701116085,2,Off-Peak,Summer,True,True,True,False,0.27,0.0645766749301343,0.04916331218960841,-0.01541336274052589
2018-07-13 03:00:00,66.06259741150387,0.4208698850621685,0.0,0.1816970148792286,0.2391728701829398,3,Off-Peak,Summer,True,True,True,False,0.27,0.06457667494939376,0.04916331220427096,-0.015413362745122797
2018-07-13 04:00:00,64.7798372442542,0.4092157907264527,0.0,0.1700429205629431,0.2391728701635095,4,Off-Peak,Summer,True,True,True,False,0.27,0.06457667494414757,0.04916331220027695,-0.015413362743870618
2018-07-13 05:00:00,63.5186213627848,0.4062580332048157,0.0,0.1670851630322888,0.2391728701725268,5,Off-Peak,Summer,True,True,True,False,0.27,0.06457667494658224,0.049163312202130514,-0.01541336274445173
2018-07-13 19:00:00,90.01869377011651,0.7101182432432432,0.0,0.4709453478116717,0.2391728954315715,19,Peak,Summer,True,True,True,False,0.47,0.1124112608528386,0.04916331739426747,-0.06324794345857113
2018-07-13 20:00:00,86.2725881562582,0.7394780405405406,0.0,0.5003051620407053,0.2391728784998352,20,Peak,Summer,True,True,True,False,0.47,0.11241125289492254,0.049163313913855006,-0.06324793898106754
2018-07-13 21:00:00,82.59395732484312,0.7297010135135136,0.0,0.4905281393505983,0.2391728741629152,21,Peak,Summer,True,True,True,False,0.47,0.11241125085657014,0.049163313022377,-0.06324793783419314
2018-07-13 22:00:00,78.85013557345145,0.7376486486486487,0.0,0.4984757747150985,0.2391728739335501,22,Off-Peak,Summer,True,True,True,False,0.27,0.06457667596205853,0.049163312975229745,-0.015413362986828785
2018-07-13 23:00:00,74.89361393590823,0.7651114864864864,0.0,0.5259386111745006,0.2391728753119858,23,Off-Peak,Summer,True,True,True,False,0.27,0.06457667633423617,0.049163313258574856,-0.01541336307566131
2018-07-14 00:00:00,71.9429384787047,0.6311638513513513,0.0,0.3919909808443267,0.2391728705070245,0,Off-Peak,Summer,True,True,True,False,0.27,0.06457667503689661,0.04916331227088837,-0.015413362766008243
2018-07-14 01:00:00,70.20483889273586,0.4700641092844811,0.0,0.230891239192769,0.2391728700917121,1,Off-Peak,Summer,True,True,True,False,0.27,0.06457667492476227,0.049163312185518594,-0.015413362739243673
2018-07-14 02:00:00,68.74946972762288,0.4324157555929332,0.0,0.193242885441396,0.2391728701515372,2,Off-Peak,Summer,True,True,True,False,0.27,0.06457667494091505,0.04916331219781598,-0.015413362743099075
2018-07-14 03:00:00,67.34307621798803,0.4258017009654689,0.0,0.1866288307799604,0.2391728701855084,3,Off-Peak,Summer,True,True,True,False,0.27,0.06457667495008727,0.04916331220479895,-0.015413362745288324
2018-07-14 04:00:00,66.05275946494774,0.4103080083463489,0.0,0.1711351381953475,0.2391728701510013,4,Off-Peak,Summer,True,True,True,False,0.27,0.06457667494077035,0.04916331219770582,-0.015413362743064533
2018-07-14 05:00:00,64.72852296737908,0.4146930398175735,0.0,0.1755201696245398,0.2391728701930336,5,Off-Peak,Summer,True,True,True,False,0.27,0.06457667495211908,0.04916331220634579,-0.01541336274577329
2018-07-14 19:00:00,89.62569325924605,0.7300608108108108,0.0,0.490887913996337,0.2391728968144737,19,Peak,Summer,True,True,True,False,0.47,0.11241126150280263,0.0491633176785307,-0.06324794382427193
2018-07-14 20:00:00,85.93709170525321,0.7317027027027027,0.0,0.4925298259325122,0.2391728767701904,20,Peak,Summer,True,True,True,False,0.47,0.11241125208198947,0.04916331355831691,-0.06324793852367257
2018-07-14 21:00:00,82.00984506474063,0.7626233108108108,0.0,0.5234504345517117,0.2391728762590991,21,Peak,Summer,True,True,True,False,0.47,0.11241125184177657,0.04916331345325926,-0.0632479383885173
2018-07-14 22:00:00,78.0919675127851,0.7605878378378379,0.0,0.5214149634582499,0.239172874379588,22,Off-Peak,Summer,True,True,True,False,0.27,0.06457667608248877,0.04916331306691531,-0.015413363015573459
2018-07-14 23:00:00,74.22388715035544,0.7532111486486486,0.0,0.5140382745678577,0.2391728740807909,23,Off-Peak,Summer,True,True,True,False,0.27,0.06457667600181355,0.0491633130054959,-0.015413362996317646
2018-07-15 00:00:00,71.15258756903128,0.6545329263700236,0.0,0.4078291145708902,0.2467038117991333,0,Off-Peak,Summer,True,True,True,False,0.27,0.066610029185766,0.05071133909204407,-0.015898690093721933
2018-07-15 01:00:00,69.27451665765308,0.4960543274061323,0.0,0.2493505163745789,0.2467038110315533,1,Off-Peak,Summer,True,True,True,False,0.27,0.06661002897851939,0.05071133893426374,-0.015898690044255655
2018-07-15 02:00:00,67.85827089199681,0.4346695472870781,0.0,0.1879657362289288,0.2467038110581492,2,Off-Peak,Summer,True,True,True,False,0.27,0.06661002898570029,0.05071133893973067,-0.015898690045969617
2018-07-15 03:00:00,66.64920064406826,0.407103699489945,0.0,0.1603998884287126,0.2467038110612323,3,Off-Peak,Summer,True,True,True,False,0.27,0.06661002898653272,0.05071133894036441,-0.015898690046168305
2018-07-15 04:00:00,65.43294929416913,0.4079642088853601,0.0,0.1612603977948024,0.2467038110905577,4,Off-Peak,Summer,True,True,True,False,0.27,0.06661002899445058,0.05071133894639242,-0.01589869004805816
2018-07-15 05:00:00,64.15783004057141,0.4156597482635112,0.0,0.1689559371434018,0.2467038111201093,5,Off-Peak,Summer,True,True,True,False,0.27,0.06661002900242952,0.050711338952466906,-0.01589869004996261
2018-07-15 19:00:00,89.67801183158561,0.741722972972973,0.0,0.4950191332312635,0.2467038397417094,19,Peak,Summer,True,True,True,False,0.47,0.11595080467860341,0.05071134483579581,-0.0652394598428076
2018-07-15 20:00:00,85.9169887045959,0.7488445945945945,0.0,0.5021407761402148,0.2467038184543797,20,Peak,Summer,True,True,True,False,0.47,0.11595079467355845,0.05071134046006693,-0.06523945421349153
2018-07-15 21:00:00,82.12334488807464,0.7523716216216216,0.0,0.505667805834744,0.2467038157868776,21,Peak,Summer,True,True,True,False,0.47,0.11595079341983247,0.05071133991174706,-0.06523945350808541
2018-07-15 22:00:00,78.21319044770505,0.7670810810810811,0.0,0.5203772654090721,0.2467038156720089,22,Off-Peak,Summer,True,True,True,False,0.27,0.06661003023144241,0.050711339888135164,-0.015898690343307244
2018-07-15 23:00:00,74.08938057406115,0.7945827702702702,0.0,0.5478789530483671,0.2467038172219031,23,Off-Peak,Summer,True,True,True,False,0.27,0.06661003064991385,0.05071134020672452,-0.015898690443189326
2018-07-16 00:00:00,70.97339496073053,0.660397197481283,0.0,0.4136933858433075,0.2467038116379755,0,Off-Peak,Summer,True,True,True,False,0.27,0.06661002914225339,0.050711339058917185,-0.015898690083336206
2018-07-16 01:00:00,69.11141536037249,0.4938855824167482,0.0,0.2471817713893912,0.2467038110273569,1,Off-Peak,Summer,True,True,True,False,0.27,0.06661002897738637,0.05071133893340114,-0.015898690043985225
2018-07-16 02:00:00,67.67936131713832,0.4367376449707651,0.0,0.190033833905899,0.246703811064866,2,Off-Peak,Summer,True,True,True,False,0.27,0.06661002898751382,0.050711338941111336,-0.015898690046402486
2018-07-16 03:00:00,66.33100676427715,0.425529331567767,0.0,0.1788255204658873,0.2467038111018797,3,Off-Peak,Summer,True,True,True,False,0.27,0.06661002899750752,0.05071133894871971,-0.015898690048787814
2018-07-16 04:00:00,65.05163953416248,0.4162840899698908,0.0,0.1695802788737235,0.2467038110961672,4,Off-Peak,Summer,True,True,True,False,0.27,0.06661002899596515,0.05071133894754548,-0.015898690048419664
2018-07-16 05:00:00,63.712239597301554,0.424119269720996,0.0,0.1774154585767722,0.2467038111442238,5,Off-Peak,Summer,True,True,True,False,0.27,0.06661002900894043,0.050711338957423774,-0.01589869005151666
2018-07-16 19:00:00,90.32839013260084,0.6906722972972973,0.0,0.4439684651692552,0.246703832128042,19,Peak,Summer,True,True,True,False,0.47,0.11595080110017973,0.05071134327076419,-0.06523945782941554
2018-07-16 20:00:00,86.91473393636176,0.7027381756756756,0.0,0.456034358686975,0.2467038169887006,20,Peak,Summer,True,True,True,False,0.47,0.11595079398468928,0.050711340158788455,-0.06523945382590082
2018-07-16 21:00:00,83.18871765587089,0.743554054054054,0.0,0.4968502372099356,0.2467038168441183,21,Peak,Summer,True,True,True,False,0.47,0.11595079391673559,0.050711340129068756,-0.06523945378766682
2018-07-16 22:00:00,79.30299707614424,0.7640135135135135,0.0,0.5173096976438626,0.2467038158696509,22,Off-Peak,Summer,True,True,True,False,0.27,0.06661003028480575,0.05071133992876157,-0.01589869035604418
2018-07-16 23:00:00,75.30793560649704,0.7777279139812696,0.0,0.5310240979689579,0.2467038160123117,23,Off-Peak,Summer,True,True,True,False,0.27,0.06661003032332416,0.05071133995808629,-0.015898690365237868
2018-07-17 00:00:00,72.32172207378957,0.6433856224360962,0.0,0.3966818109758441,0.2467038114602521,0,Off-Peak,Summer,True,True,True,False,0.27,0.06661002909426808,0.05071133902238515,-0.01589869007188293
2018-07-17 01:00:00,70.52442171268044,0.4854333577108914,0.0,0.2387295466847061,0.2467038110261852,1,Off-Peak,Summer,True,True,True,False,0.27,0.06661002897707001,0.05071133893316028,-0.01589869004390973
2018-07-17 02:00:00,69.11419828424205,0.433947121413148,0.0,0.1872433103511339,0.246703811062014,2,Off-Peak,Summer,True,True,True,False,0.27,0.06661002898674379,0.050711338940525104,-0.01589869004621868
2018-07-17 03:00:00,67.82428523516299,0.4178875090389701,0.0,0.1711836979606483,0.2467038110783217,3,Off-Peak,Summer,True,True,True,False,0.27,0.06661002899114686,0.050711338943877235,-0.015898690047269626
2018-07-17 04:00:00,66.59582457218347,0.4096472105365775,0.0,0.162943399455128,0.2467038110814494,4,Off-Peak,Summer,True,True,True,False,0.27,0.06661002899199134,0.05071133894452015,-0.015898690047471187
2018-07-17 05:00:00,65.31219007922505,0.4168581352023737,0.0,0.1701543240900092,0.2467038111123644,5,Off-Peak,Summer,True,True,True,False,0.27,0.06661002900033838,0.0507113389508749,-0.015898690049463482
2018-07-17 19:00:00,89.85536208082908,0.7292449324324324,0.0,0.4825410944603324,0.2467038379721,19,Peak,Summer,True,True,True,False,0.47,0.115950803846887,0.05071134447204278,-0.06523945937484421
2018-07-17 20:00:00,86.40347845913745,0.7076891891891891,0.0,0.4609853732361735,0.2467038159530155,20,Peak,Summer,True,True,True,False,0.47,0.11595079349791727,0.05071133994589763,-0.06523945355201964
2018-07-17 21:00:00,82.68837678992084,0.7419662162162162,0.0,0.4952623998838336,0.2467038163323825,21,Peak,Summer,True,True,True,False,0.47,0.11595079367621977,0.05071134002387862,-0.06523945365234116
2018-07-17 22:00:00,78.6104568223741,0.7893631756756757,0.0,0.5426593580963163,0.2467038175793594,22,Off-Peak,Summer,True,True,True,False,0.27,0.06661003074642705,0.05071134028020166,-0.015898690466225385
2018-07-17 23:00:00,74.52231735798779,0.7898691994308396,0.0,0.5431653832239679,0.2467038162068716,23,Off-Peak,Summer,True,True,True,False,0.27,0.06661003037585533,0.05071133999807916,-0.01589869037777617
2018-07-18 00:00:00,71.60969297362202,0.6334874737771248,0.0,0.3867836624676947,0.2467038113094301,0,Off-Peak,Summer,True,True,True,False,0.27,0.06661002905354613,0.050711338991382846,-0.01589869006216328
2018-07-18 01:00:00,69.72232259710816,0.4972827014247251,0.0,0.2505788903781544,0.2467038110465707,1,Off-Peak,Summer,True,True,True,False,0.27,0.0666100289825741,0.05071133893735064,-0.01589869004522345
2018-07-18 02:00:00,68.35764939507992,0.4278315797662665,0.0,0.1811277687211877,0.2467038110450788,2,Off-Peak,Summer,True,True,True,False,0.27,0.06661002898217128,0.05071133893704397,-0.015898690045127305
2018-07-18 03:00:00,67.09494132634875,0.4142131967532395,0.0,0.1675093856755547,0.2467038110776847,3,Off-Peak,Summer,True,True,True,False,0.27,0.06661002899097487,0.0507113389437463,-0.015898690047228575
2018-07-18 04:00:00,65.8131275687347,0.4166454373423778,0.0,0.169941626240283,0.2467038111020947,4,Off-Peak,Summer,True,True,True,False,0.27,0.06661002899756557,0.0507113389487639,-0.01589869004880167
2018-07-18 05:00:00,64.51448240807215,0.4187684372355273,0.0,0.172064626118789,0.2467038111167382,5,Off-Peak,Summer,True,True,True,False,0.27,0.06661002900151931,0.05071133895177396,-0.015898690049745354
2018-07-18 18:00:00,86.63266834430374,0.6836942974248118,0.0,0.4369904802804121,0.2467038171443997,18,Peak,Summer,True,True,True,False,0.47,0.11595079405786786,0.05071134019079327,-0.06523945386707458
2018-07-18 19:00:00,82.94405634543438,0.7384594594594596,0.0,0.4917556426213686,0.2467038168380909,19,Peak,Summer,True,True,True,False,0.47,0.11595079391390271,0.050711340127829796,-0.06523945378607292
2018-07-18 20:00:00,79.51930239622672,0.7027347972972973,0.0,0.4560309841794551,0.2467038131178421,20,Peak,Summer,True,True,True,False,0.47,0.11595079216538577,0.05071133936311198,-0.06523945280227379
2018-07-18 21:00:00,75.88958956352494,0.7293040540540541,0.0,0.4826002393545663,0.2467038146994877,21,Peak,Summer,True,True,True,False,0.47,0.11595079290875922,0.050711339688228024,-0.0652394532205312
2018-07-18 22:00:00,72.04642943686244,0.7568530405405406,0.0,0.5101492244815542,0.2467038160589864,22,Off-Peak,Summer,True,True,True,False,0.27,0.06661003033592633,0.05071133996768053,-0.015898690368245802
2018-07-18 23:00:00,68.05734287680323,0.77528923363107,0.0,0.5285854159204425,0.2467038177106275,23,Off-Peak,Summer,True,True,True,False,0.27,0.06661003078186943,0.05071134030718454,-0.01589869047468489
2018-07-19 00:00:00,65.20460482362721,0.6342212837837837,0.0,0.3777512028680643,0.2564700809157194,0,Off-Peak,Summer,True,True,True,False,0.27,0.06924692184724424,0.05271884996600898,-0.016528071881235257
2018-07-19 01:00:00,63.60746380691261,0.4679399668921455,0.0,0.2114698864998443,0.2564700803923011,1,Off-Peak,Summer,True,True,True,False,0.27,0.06924692170592131,0.05271884985841745,-0.016528071847503857
2018-07-19 02:00:00,62.299603171873045,0.429549706277566,0.0,0.1730796258229129,0.256470080454653,2,Off-Peak,Summer,True,True,True,False,0.27,0.06924692172275632,0.05271884987123423,-0.016528071851522087
2018-07-19 03:00:00,61.15182473756056,0.4082856994095901,0.0,0.1518156189675306,0.2564700804420594,3,Off-Peak,Summer,True,True,True,False,0.27,0.06924692171935604,0.052718849868645536,-0.0165280718507105
2018-07-19 19:00:00,90.20052704538128,0.701133445945946,0.0,0.4446633455436445,0.2564701004023014,19,Peak,Summer,True,True,True,False,0.47,0.12054094718908165,0.05271885397158417,-0.06782209321749748
2018-07-19 20:00:00,86.68436482746247,0.7260152027027026,0.0,0.4695451154978174,0.2564700872048851,20,Peak,Summer,True,True,True,False,0.47,0.120540940986296,0.05271885125878194,-0.06782208972751406
2018-07-19 21:00:00,83.0505866572801,0.740910472972973,0.0,0.4844403879716437,0.2564700850013293,21,Peak,Summer,True,True,True,False,0.47,0.12054093995062476,0.0527188508058288,-0.06782208914479596
2018-07-19 22:00:00,79.22815170795909,0.7652449324324324,0.0,0.5087748474234584,0.256470085008974,22,Off-Peak,Summer,True,True,True,False,0.27,0.06924692295242299,0.052718850807400214,-0.016528072145022776
2018-07-19 23:00:00,75.25204902066727,0.7848512070934561,0.0,0.528381121618403,0.2564700854750531,23,Off-Peak,Summer,True,True,True,False,0.27,0.06924692307826434,0.05271885090320536,-0.01652807217505898
2018-07-20 00:00:00,72.55992835639921,0.614097972972973,0.0,0.3576278924672737,0.2564700805056992,0,Off-Peak,Summer,True,True,True,False,0.27,0.06924692173653879,0.05271884988172705,-0.01652807185481174
2018-07-20 01:00:00,70.90508300212494,0.4762809807446854,0.0,0.2198109003514608,0.2564700803932246,1,Off-Peak,Summer,True,True,True,False,0.27,0.06924692170617065,0.052718849858607274,-0.01652807184756338
2018-07-20 02:00:00,69.59098269453959,0.4309567020983243,0.0,0.1744866216794358,0.2564700804188884,2,Off-Peak,Summer,True,True,True,False,0.27,0.06924692171309987,0.052718849863882616,-0.016528071849217257
2018-07-20 03:00:00,68.38852538092179,0.416059580421447,0.0,0.1595894999915519,0.256470080429895,3,Off-Peak,Summer,True,True,True,False,0.27,0.06924692171607165,0.052718849866145084,-0.016528071849926565
2018-07-20 04:00:00,67.19493918235474,0.4147988361010191,0.0,0.1583287556578047,0.2564700804432144,4,Off-Peak,Summer,True,True,True,False,0.27,0.0692469217196679,0.052718849868882964,-0.016528071850784934
2018-07-20 05:00:00,66.04775945269856,0.4085667886058826,0.0,0.1520967081728734,0.2564700804330092,5,Off-Peak,Summer,True,True,True,False,0.27,0.06924692171691248,0.05271884986678522,-0.01652807185012726
2018-07-20 19:00:00,89.71121856809089,0.7561266891891892,0.0,0.4996565780065181,0.2564701111826711,19,Peak,Summer,True,True,True,False,0.47,0.12054095225585541,0.05271885618754906,-0.06782209606830636
2018-07-20 20:00:00,86.02988450082803,0.7478429054054053,0.0,0.4913728185233947,0.2564700868820105,20,Peak,Summer,True,True,True,False,0.47,0.12054094083454493,0.05271885119241326,-0.06782208964213167
2018-07-20 21:00:00,82.12128097509778,0.7772415540540542,0.0,0.5207714675822879,0.2564700864717663,21,Peak,Summer,True,True,True,False,0.47,0.12054094064173014,0.05271885110808529,-0.06782208953364485
2018-07-20 22:00:00,78.30947275454554,0.7636233108108109,0.0,0.5071532268095212,0.2564700840012897,22,Off-Peak,Summer,True,True,True,False,0.27,0.06924692268034821,0.0527188506002651,-0.01652807208008311
2018-07-20 23:00:00,74.35063158915199,0.7823445945945946,0.0,0.5258745091605457,0.2564700854340489,23,Off-Peak,Summer,True,True,True,False,0.27,0.06924692306719321,0.05271885089477672,-0.01652807217241649
2018-07-21 00:00:00,71.65443302847106,0.6144847972972973,0.0,0.358014716774556,0.2564700805227413,0,Off-Peak,Summer,True,True,True,False,0.27,0.06924692174114015,0.05271884988523015,-0.01652807185591
2018-07-21 01:00:00,69.75684560876167,0.5083530405405405,0.0,0.2518829600919503,0.2564700804485902,1,Off-Peak,Summer,True,True,True,False,0.27,0.06924692172111936,0.05271884986998799,-0.016528071851131372
2018-07-21 02:00:00,68.50330147636382,0.4228327702702702,0.0,0.1663626898731746,0.2564700803970956,2,Off-Peak,Summer,True,True,True,False,0.27,0.06924692170721582,0.05271884985940299,-0.016528071847812825
2018-07-21 03:00:00,67.37673201898762,0.4059172297297297,0.0,0.1494471493099219,0.2564700804198078,3,Off-Peak,Summer,True,True,True,False,0.27,0.0692469217133481,0.052718849864071604,-0.0165280718492765
2018-07-21 04:00:00,66.27255212344734,0.4028750720919121,0.0,0.1464049916625049,0.2564700804294071,4,Off-Peak,Summer,True,True,True,False,0.27,0.06924692171593992,0.05271884986604479,-0.016528071849895132
2018-07-21 05:00:00,65.14897618340053,0.4053664472664402,0.0,0.1488963668262225,0.2564700804402177,5,Off-Peak,Summer,True,True,True,False,0.27,0.06924692171885878,0.05271884986826696,-0.016528071850591818
2018-07-21 19:00:00,89.42269654261014,0.7505726351351351,0.0,0.4941025294559291,0.2564701056792059,19,Peak,Summer,True,True,True,False,0.47,0.12054094966922678,0.05271885505628121,-0.06782209461294557
2018-07-21 20:00:00,85.82779607252156,0.7362516891891893,0.0,0.4797816033032273,0.256470085885962,20,Peak,Summer,True,True,True,False,0.47,0.12054094036640213,0.05271885098766996,-0.06782208937873217
2018-07-21 21:00:00,82.19718688747152,0.740258445945946,0.0,0.4837883615543703,0.2564700843915757,21,Peak,Summer,True,True,True,False,0.47,0.12054093966404057,0.052718850680490564,-0.06782208898355001
2018-07-21 22:00:00,78.31604231456065,0.7727956081081081,0.0,0.5163255227170469,0.2564700853910612,22,Off-Peak,Summer,True,True,True,False,0.27,0.06924692305558652,0.05271885088594035,-0.01652807216964617
2018-07-21 23:00:00,74.57661903067604,0.7532685810810811,0.0,0.4967984974693584,0.2564700836117227,23,Off-Peak,Summer,True,True,True,False,0.27,0.06924692257516513,0.05271885052018744,-0.016528072054977687
2018-07-22 00:00:00,71.69920020983072,0.6384915540540541,0.0,0.3820214731933806,0.2564700808606734,0,Off-Peak,Summer,True,True,True,False,0.27,0.06924692183238182,0.05271884995469398,-0.016528071877687837
2018-07-22 01:00:00,70.03784560636569,0.4770359669761427,0.0,0.2205658865864963,0.2564700803896463,1,Off-Peak,Summer,True,True,True,False,0.27,0.06924692170520451,0.05271884985787174,-0.016528071847332772
2018-07-22 02:00:00,68.69036161931392,0.4352932997878806,0.0,0.1788232193596556,0.256470080428225,2,Off-Peak,Summer,True,True,True,False,0.27,0.06924692171562076,0.0527188498658018,-0.016528071849818957
2018-07-22 03:00:00,67.5238782687559,0.4112085695112552,0.0,0.1547384890882698,0.2564700804229853,3,Off-Peak,Summer,True,True,True,False,0.27,0.06924692171420603,0.05271884986472475,-0.016528071849481282
2018-07-22 04:00:00,66.37935047897724,0.4082188555994172,0.0,0.1517487751647252,0.2564700804346919,4,Off-Peak,Summer,True,True,True,False,0.27,0.06924692171736681,0.05271884986713111,-0.0165280718502357
2018-07-22 05:00:00,65.22832881232658,0.4089968429072663,0.0,0.152526762464129,0.2564700804431372,5,Off-Peak,Summer,True,True,True,False,0.27,0.06924692171964704,0.05271884986886709,-0.016528071850779952
2018-07-22 19:00:00,89.36164815018833,0.7641993243243241,0.0,0.5077292151685011,0.256470109155823,19,Peak,Summer,True,True,True,False,0.47,0.12054095130323682,0.05271885577091917,-0.06782209553231765
2018-07-22 20:00:00,85.85146519956294,0.7249408783783784,0.0,0.4684707935996254,0.256470084778753,20,Peak,Summer,True,True,True,False,0.47,0.1205409398460139,0.052718850760077,-0.0678220890859369
2018-07-22 21:00:00,82.25610103790446,0.7355506756756758,0.0,0.4790805912906669,0.2564700843850089,21,Peak,Summer,True,True,True,False,0.47,0.12054093966095418,0.052718850679140714,-0.06782208898181347
2018-07-22 22:00:00,78.44503746449276,0.7634831081081082,0.0,0.507013023151602,0.2564700849565061,22,Off-Peak,Summer,True,True,True,False,0.27,0.06924692293825664,0.05271885079661513,-0.01652807214164151
2018-07-22 23:00:00,74.47911169824344,0.7832398648648649,0.0,0.5267697793715448,0.25647008549332,23,Off-Peak,Summer,True,True,True,False,0.27,0.06924692308319641,0.05271885090696023,-0.016528072176236183
2018-07-23 00:00:00,71.54229289018832,0.6463141891891893,0.0,0.3898441083915775,0.2564700807976117,0,Off-Peak,Summer,True,True,True,False,0.27,0.06924692181535516,0.052718849941731295,-0.016528071873623866
2018-07-23 01:00:00,69.6700312150419,0.5049524940916205,0.0,0.2484824136851944,0.256470080406426,1,Off-Peak,Summer,True,True,True,False,0.27,0.06924692170973502,0.0527188498613209,-0.016528071848414122
2018-07-23 02:00:00,68.40030844163458,0.4249483264920732,0.0,0.168478246092735,0.2564700803993381,2,Off-Peak,Summer,True,True,True,False,0.27,0.06924692170782129,0.05271884985986394,-0.01652807184795735
2018-07-23 03:00:00,67.28801461412517,0.4039990464143096,0.0,0.1475289659970473,0.2564700804172622,3,Off-Peak,Summer,True,True,True,False,0.27,0.06924692171266081,0.05271884986354834,-0.016528071849112466
2018-07-23 04:00:00,66.18126681764502,0.4031895522648104,0.0,0.1467194718340543,0.256470080430756,4,Off-Peak,Summer,True,True,True,False,0.27,0.06924692171630412,0.05271884986632206,-0.016528071849982055
2018-07-23 05:00:00,65.03581008824514,0.4082357801455871,0.0,0.151765699695301,0.2564700804502861,5,Off-Peak,Summer,True,True,True,False,0.27,0.06924692172157725,0.05271884987033658,-0.016528071851240667
2018-07-23 19:00:00,90.02878212698903,0.7191655405405405,0.0,0.462695437064246,0.2564701034762944,19,Peak,Summer,True,True,True,False,0.47,0.12054094863385836,0.05271885460346051,-0.06782209403039785
2018-07-23 20:00:00,86.19283844248781,0.7683733108108108,0.0,0.5119032205384202,0.2564700902723906,20,Peak,Summer,True,True,True,False,0.47,0.12054094242802357,0.05271885188932473,-0.06782209053869884
2018-07-23 21:00:00,82.24865469497065,0.7818935810810811,0.0,0.525423494764658,0.2564700863164231,21,Peak,Summer,True,True,True,False,0.47,0.12054094056871885,0.052718851076153636,-0.06782208949256521
2018-07-23 22:00:00,78.41721475115439,0.7661486486486486,0.0,0.5096785646178192,0.2564700840308294,22,Off-Peak,Summer,True,True,True,False,0.27,0.06924692268832394,0.052718850606337145,-0.016528072081986797
2018-07-23 23:00:00,74.61096212287526,0.7620678041579887,0.0,0.5055977199752432,0.2564700841827455,23,Off-Peak,Summer,True,True,True,False,0.27,0.06924692272934128,0.052718850637564346,-0.016528072091776938
2018-07-24 00:00:00,71.82748807265736,0.6305793918918919,0.0,0.3695378299663087,0.2610415619255832,0,Off-Peak,Summer,True,True,True,False,0.27,0.07048122171990746,0.05365854328470321,-0.016822678435204255
2018-07-24 01:00:00,70.1333282186955,0.4859376652741268,0.0,0.2248961036320776,0.2610415616420491,1,Off-Peak,Summer,True,True,True,False,0.27,0.07048122164335327,0.053658543226421204,-0.016822678416932066
2018-07-24 02:00:00,68.96579652256683,0.4159965995617962,0.0,0.1549550379157452,0.2610415616460509,2,Off-Peak,Summer,True,True,True,False,0.27,0.07048122164443375,0.053658543227243796,-0.016822678417189957
2018-07-24 03:00:00,67.8159862692689,0.4135691808183633,0.0,0.1525276191387313,0.2610415616796319,3,Off-Peak,Summer,True,True,True,False,0.27,0.07048122165350061,0.05365854323414655,-0.01682267841935406
2018-07-24 04:00:00,66.68554280423112,0.4109251698792411,0.0,0.1498836081983824,0.2610415616808587,4,Off-Peak,Summer,True,True,True,False,0.27,0.07048122165383185,0.053658543234398726,-0.01682267841943312
2018-07-24 05:00:00,65.49159721380995,0.4192512473439793,0.0,0.1582096856374556,0.2610415617065236,5,Off-Peak,Summer,True,True,True,False,0.27,0.07048122166076137,0.05365854323967429,-0.016822678421087083
2018-07-24 19:00:00,90.2337831967874,0.7243800675675676,0.0,0.4633384802169368,0.2610415873506307,19,Peak,Summer,True,True,True,False,0.47,0.12268954605479643,0.053658548510962974,-0.06903099754383346
2018-07-24 20:00:00,86.85784216106315,0.7117820945945945,0.0,0.4507405279155981,0.2610415666789963,20,Peak,Summer,True,True,True,False,0.47,0.12268953633912826,0.05365854426179368,-0.06903099207733457
2018-07-24 21:00:00,83.26529223914171,0.7398766891891891,0.0,0.4788351227714826,0.2610415664177065,21,Peak,Summer,True,True,True,False,0.47,0.12268953621632205,0.05365854420808411,-0.06903099200823794
2018-07-24 22:00:00,79.63962220479331,0.7435912162162163,0.0,0.4825496511911514,0.2610415650250648,22,Off-Peak,Summer,True,True,True,False,0.27,0.0704812225567675,0.053658543921818874,-0.01682267863494863
2018-07-24 23:00:00,75.85788814904129,0.7635938209249468,0.0,0.5025522551268923,0.2610415657980545,23,Off-Peak,Summer,True,True,True,False,0.27,0.07048122276547472,0.053658544080711204,-0.016822678684763517
2018-07-25 00:00:00,72.86073378201525,0.6590371621621621,0.0,0.397995599902684,0.2610415622594781,0,Off-Peak,Summer,True,True,True,False,0.27,0.0704812218100591,0.05365854335333717,-0.016822678456721932
2018-07-25 01:00:00,71.10885956524059,0.4936689490453612,0.0,0.2326273874073662,0.2610415616379949,1,Off-Peak,Summer,True,True,True,False,0.27,0.07048122164225863,0.05365854322558784,-0.01682267841667079
2018-07-25 02:00:00,69.8731579937731,0.4250894423063152,0.0,0.1640478806582278,0.2610415616480873,2,Off-Peak,Summer,True,True,True,False,0.27,0.07048122164498358,0.05365854322766238,-0.0168226784173212
2018-07-25 03:00:00,68.69526899791875,0.4173403893837011,0.0,0.1562988277052734,0.2610415616784276,3,Off-Peak,Summer,True,True,True,False,0.27,0.07048122165317547,0.053658543233899014,-0.016822678419276454
2018-07-25 04:00:00,67.58908937779073,0.4077591502383446,0.0,0.1467175885682701,0.2610415616700744,4,Off-Peak,Summer,True,True,True,False,0.27,0.07048122165092009,0.05365854323218196,-0.016822678418738135
2018-07-25 05:00:00,66.40760212727808,0.4176569243492455,0.0,0.156615362646312,0.2610415617029334,5,Off-Peak,Summer,True,True,True,False,0.27,0.07048122165979202,0.05365854323893631,-0.016822678420855712
2018-07-25 19:00:00,89.90616817471177,0.7367246621621621,0.0,0.4756830750180066,0.2610415871441555,19,Peak,Summer,True,True,True,False,0.47,0.12268954595775307,0.05365854846852085,-0.06903099748923222
2018-07-25 20:00:00,86.20949578896197,0.7543327702702703,0.0,0.4932912010852193,0.261041569185051,20,Peak,Summer,True,True,True,False,0.47,0.12268953751697396,0.05365854477692715,-0.06903099274004681
2018-07-25 21:00:00,82.7951252842684,0.7160557432432433,0.0,0.4550141790344443,0.261041564208799,21,Peak,Summer,True,True,True,False,0.47,0.12268953517813551,0.053658543754030896,-0.06903099142410461
2018-07-25 22:00:00,79.17915473249325,0.7421875000000001,0.0,0.4811459346194501,0.2610415653805499,22,Off-Peak,Summer,True,True,True,False,0.27,0.07048122265274848,0.053658543994890805,-0.016822678657857672
2018-07-25 23:00:00,75.41925966465382,0.760581583933563,0.0,0.4995400182663106,0.2610415656672523,23,Off-Peak,Summer,True,True,True,False,0.27,0.07048122273015812,0.05365854405382408,-0.016822678676334045
2018-07-26 00:00:00,72.96938207762236,0.602706081081081,0.0,0.3254132132894278,0.2772928677916532,0,Off-Peak,Summer,True,True,True,False,0.27,0.07486907430374637,0.056999089490506485,-0.017869984813239884
2018-07-26 01:00:00,71.3370886394833,0.4940621461544229,0.0,0.2167692783901766,0.2772928677642463,1,Off-Peak,Summer,True,True,True,False,0.27,0.0748690742963465,0.056999089484872846,-0.01786998481147365
2018-07-26 02:00:00,70.20864187355144,0.4271223940537716,0.0,0.1498295262970796,0.277292867756692,2,Off-Peak,Summer,True,True,True,False,0.27,0.07486907429430684,0.05699908948332002,-0.017869984810986818
2018-07-26 03:00:00,69.22334876895917,0.4080707224320498,0.0,0.1307778546666667,0.2772928677653831,3,Off-Peak,Summer,True,True,True,False,0.27,0.07486907429665345,0.05699908948510652,-0.017869984811546925
2018-07-26 04:00:00,68.26259584820642,0.4047619927080004,0.0,0.1274691249385353,0.277292867769465,4,Off-Peak,Summer,True,True,True,False,0.27,0.07486907429775555,0.05699908948594558,-0.017869984811809972
2018-07-26 05:00:00,67.21558630104134,0.4161348054681791,0.0,0.1388419376783843,0.2772928677897948,5,Off-Peak,Summer,True,True,True,False,0.27,0.07486907430324459,0.056999089490124485,-0.017869984813120104
2018-07-26 19:00:00,90.41250616746476,0.7102145270270269,0.0,0.4329216400628602,0.2772928869641667,19,Peak,Summer,True,True,True,False,0.47,0.13032765687315834,0.05699909343152316,-0.07332856344163519
2018-07-26 20:00:00,87.20744818754842,0.7052787162162162,0.0,0.4279858439798036,0.2772928722364126,20,Peak,Summer,True,True,True,False,0.47,0.1303276499511139,0.05699909040415147,-0.07332855954696244
2018-07-26 21:00:00,83.86760010468029,0.7225641891891891,0.0,0.445271317842388,0.277292871346801,21,Peak,Summer,True,True,True,False,0.47,0.13032764953299644,0.056999090221286866,-0.07332855931170958
2018-07-26 22:00:00,80.34749564164537,0.7458885135135136,0.0,0.4685956423094443,0.2772928712040692,22,Off-Peak,Summer,True,True,True,False,0.27,0.07486907522509868,0.05699909019194756,-0.017869985033151126
2018-07-26 23:00:00,76.70398654144502,0.7616093319891675,0.0,0.4843164607586665,0.2772928712305009,23,Off-Peak,Summer,True,True,True,False,0.27,0.07486907523223525,0.05699909019738074,-0.017869985034854513
2018-07-27 00:00:00,74.42833905308372,0.5995430569500535,0.0,0.3024543675700314,0.297088689380022,0,Off-Peak,Summer,True,True,True,False,0.27,0.08021394613260593,0.06106823059478229,-0.019145715537823647
2018-07-27 01:00:00,73.15655225396046,0.4661294354199208,0.0,0.1690407460489486,0.2970886893709722,1,Off-Peak,Summer,True,True,True,False,0.27,0.0802139461301625,0.06106823059292207,-0.019145715537240433
2018-07-27 02:00:00,72.19045557149761,0.4254702906335484,0.0,0.1283816012574394,0.297088689376109,2,Off-Peak,Summer,True,True,True,False,0.27,0.08021394613154943,0.06106823059397796,-0.019145715537571474
2018-07-27 03:00:00,71.32992092253032,0.4114091056096361,0.0,0.1143204162312374,0.2970886893783986,3,Off-Peak,Summer,True,True,True,False,0.27,0.08021394613216763,0.061068230594448596,-0.019145715537719037
2018-07-27 04:00:00,70.45561505133546,0.4131957044512965,0.0,0.1161070150671653,0.2970886893841312,4,Off-Peak,Summer,True,True,True,False,0.27,0.08021394613371542,0.06106823059562696,-0.019145715538088463
2018-07-27 05:00:00,69.53941480702088,0.4187094188159367,0.0,0.121620729427288,0.2970886893886487,5,Off-Peak,Summer,True,True,True,False,0.27,0.08021394613493515,0.06106823059655556,-0.01914571553837959
2018-07-27 19:00:00,88.88322784450297,0.6960202702702702,0.0,0.3989315737788687,0.2970886964914015,19,Peak,Summer,True,True,True,False,0.47,0.1396316873509587,0.06106823205656586,-0.07856345529439285
2018-07-27 20:00:00,85.64388235270253,0.7292972972972974,0.0,0.4322086036343875,0.2970886936629098,20,Peak,Summer,True,True,True,False,0.47,0.13963168602156759,0.061068231475153674,-0.07856345454641392
2018-07-27 21:00:00,82.26197931287344,0.7476346262961457,0.0,0.4505459336753303,0.2970886926208154,21,Peak,Summer,True,True,True,False,0.47,0.13963168553178323,0.061068231260945384,-0.07856345427083786
2018-07-27 22:00:00,78.67428277294415,0.7743322709962941,0.0,0.4772435780194437,0.2970886929768503,22,Off-Peak,Summer,True,True,True,False,0.27,0.08021394710374959,0.06106823133413034,-0.019145715769619244
2018-07-27 23:00:00,75.4436027269662,0.7263957152108753,0.0,0.4293070244227691,0.2970886907881062,23,Off-Peak,Summer,True,True,True,False,0.27,0.08021394651278868,0.06106823088422183,-0.019145715628566852
2018-07-28 00:00:00,73.21550565913235,0.605619650484863,0.0,0.2959848452496851,0.3096348052351779,0,Off-Peak,Summer,True,True,True,False,0.27,0.08360139741349804,0.06364715440945323,-0.019954243004044803
2018-07-28 01:00:00,71.9374438719809,0.4794166653797882,0.0,0.169781860207125,0.3096348051726632,1,Off-Peak,Summer,True,True,True,False,0.27,0.08360139739661906,0.06364715439660298,-0.01995424300001608
2018-07-28 02:00:00,70.99322648504493,0.435042249695291,0.0,0.1254074445188416,0.3096348051764493,2,Off-Peak,Summer,True,True,True,False,0.27,0.08360139739764132,0.06364715439738125,-0.019954243000260066
2018-07-28 03:00:00,70.16619639682958,0.4194471037003698,0.0,0.1098122985200677,0.309634805180302,3,Off-Peak,Summer,True,True,True,False,0.27,0.08360139739868155,0.06364715439817319,-0.019954243000508368
2018-07-28 04:00:00,69.32222253257916,0.4216557157305012,0.0,0.1120209105460984,0.3096348051844027,4,Off-Peak,Summer,True,True,True,False,0.27,0.08360139739978872,0.06364715439901611,-0.019954243000772615
2018-07-28 05:00:00,68.3768997104356,0.4350494098711344,0.0,0.1254146046728461,0.3096348051982882,5,Off-Peak,Summer,True,True,True,False,0.27,0.08360139740353781,0.06364715440187035,-0.019954243001667454
2018-07-28 19:00:00,90.2243331405016,0.7327179054054054,0.0,0.4230830849515409,0.3096348204538645,19,Peak,Summer,True,True,True,False,0.47,0.1455283656133163,0.06364715753773881,-0.0818812080755775
2018-07-28 20:00:00,87.02913062703276,0.7362195945945946,0.0,0.4265847849750552,0.3096348096195394,20,Peak,Summer,True,True,True,False,0.47,0.1455283605211835,0.0636471553106831,-0.08188120521050041
2018-07-28 21:00:00,83.86402930699201,0.7315996621621621,0.0,0.4219648544231461,0.3096348077390159,21,Peak,Summer,True,True,True,False,0.47,0.14552835963733748,0.06364715492413105,-0.08188120471320644
2018-07-28 22:00:00,80.18747290086793,0.798928583475118,0.0,0.4892937732095551,0.3096348102655629,22,Off-Peak,Summer,True,True,True,False,0.27,0.08360139877170199,0.06364715544347682,-0.019954243328225166
2018-07-28 23:00:00,76.45898705534643,0.8051200931514539,0.0,0.495485284338692,0.3096348088127619,23,Off-Peak,Summer,True,True,True,False,0.27,0.08360139837944572,0.0636471551448455,-0.019954243234600225
2018-07-29 00:00:00,73.9640185269834,0.6490340298722244,0.0,0.3314657271293049,0.3175683027429194,0,Off-Peak,Summer,True,True,True,False,0.27,0.08574344174058825,0.06527792889715565,-0.020465512843432593
2018-07-29 01:00:00,72.6634533996859,0.4903774583636485,0.0,0.1728091556775476,0.3175683026861008,1,Off-Peak,Summer,True,True,True,False,0.27,0.08574344172524723,0.06527792888547627,-0.020465512839770952
2018-07-29 02:00:00,71.79067732031753,0.4335225513197828,0.0,0.1159542486368034,0.3175683026829794,2,Off-Peak,Summer,True,True,True,False,0.27,0.08574344172440444,0.06527792888483465,-0.020465512839569794
2018-07-29 03:00:00,71.03139964217526,0.4184184520383221,0.0,0.100850149351975,0.317568302686347,3,Off-Peak,Summer,True,True,True,False,0.27,0.0857434417253137,0.06527792888552687,-0.02046551283978683
2018-07-29 04:00:00,70.27994172495508,0.4173490498847758,0.0,0.0997807471967472,0.3175683026880286,4,Off-Peak,Summer,True,True,True,False,0.27,0.08574344172576773,0.06527792888587254,-0.020465512839895186
2018-07-29 05:00:00,69.42410776363003,0.4311607322011577,0.0,0.1135924295019073,0.3175683026992503,5,Off-Peak,Summer,True,True,True,False,0.27,0.08574344172879758,0.06527792888817922,-0.020465512840618358
2018-07-29 19:00:00,90.50316785554264,0.717089527027027,0.0,0.3995212115855382,0.3175683154414888,19,Peak,Summer,True,True,True,False,0.47,0.14925710825749972,0.06527793150741713,-0.08397917675008258
2018-07-29 20:00:00,87.50739905293311,0.7176452702702703,0.0,0.4000769639318112,0.317568306338459,20,Peak,Summer,True,True,True,False,0.47,0.1492571039790757,0.0652779296362388,-0.08397917434283692
2018-07-29 21:00:00,84.31812327259138,0.7428091216216217,0.0,0.4252408156675991,0.3175683059540226,21,Peak,Summer,True,True,True,False,0.47,0.1492571037983906,0.06527792955721574,-0.08397917424117486
2018-07-29 22:00:00,80.84819598238815,0.7795077595989162,0.0,0.461939453309396,0.3175683062895201,22,Off-Peak,Summer,True,True,True,False,0.27,0.08574344269817043,0.06527792962617912,-0.020465513071991306
2018-07-29 23:00:00,77.35643001928993,0.7817888513513515,0.0,0.4642205459341561,0.3175683054171953,23,Off-Peak,Summer,True,True,True,False,0.27,0.08574344246264273,0.06527792944686792,-0.020465513015774817
2018-07-30 00:00:00,75.04033278660525,0.6254123946522808,0.0,0.3078440919336122,0.3175683027186686,0,Off-Peak,Summer,True,True,True,False,0.27,0.08574344173404053,0.06527792889217077,-0.02046551284186976
2018-07-30 01:00:00,73.61396202016823,0.5071414525429082,0.0,0.1895731498603416,0.3175683026825666,1,Off-Peak,Summer,True,True,True,False,0.27,0.08574344172429298,0.06527792888474979,-0.02046551283954319
2018-07-30 02:00:00,72.69167771450348,0.4401344244471887,0.0,0.1225661217653055,0.3175683026818832,2,Off-Peak,Summer,True,True,True,False,0.27,0.08574344172410847,0.06527792888460932,-0.020465512839499156
2018-07-30 03:00:00,72.01141553423378,0.4079583984374479,0.0,0.0903900957547171,0.3175683026827308,3,Off-Peak,Summer,True,True,True,False,0.27,0.08574344172433732,0.06527792888478355,-0.020465512839553765
2018-07-30 04:00:00,71.28350124763313,0.4142589868291921,0.0,0.0966906841402314,0.3175683026889606,4,Off-Peak,Summer,True,True,True,False,0.27,0.08574344172601936,0.06527792888606412,-0.020465512839955236
2018-07-30 05:00:00,70.47430903281929,0.4250145591142161,0.0,0.1074462564215555,0.3175683026926605,5,Off-Peak,Summer,True,True,True,False,0.27,0.08574344172701834,0.06527792888682465,-0.020465512840193684
2018-07-30 19:00:00,89.97501550779025,0.7422972972972972,0.0,0.424728980955547,0.3175683163417501,19,Peak,Summer,True,True,True,False,0.47,0.14925710868062253,0.06527793169247084,-0.08397917698815169
2018-07-30 20:00:00,86.59171192640187,0.7690743243243243,0.0,0.4515060158528632,0.317568308471461,20,Peak,Summer,True,True,True,False,0.47,0.14925710498158667,0.06527793007468921,-0.08397917490689746
2018-07-30 21:00:00,83.22126080355223,0.7666908783783783,0.0,0.449122572573853,0.3175683058045253,21,Peak,Summer,True,True,True,False,0.47,0.14925710372812687,0.06527792952648574,-0.08397917420164112
2018-07-30 22:00:00,79.93615566206871,0.7547702702702703,0.0,0.4372019655065681,0.3175683047637022,22,Off-Peak,Summer,True,True,True,False,0.27,0.0857434422861996,0.06527792931253877,-0.020465512973660824
2018-07-30 23:00:00,76.78338235798714,0.7366851598610294,0.0,0.4191168556143986,0.3175683042466308,23,Off-Peak,Summer,True,True,True,False,0.27,0.08574344214659033,0.06527792920625189,-0.020465512940338437
2018-07-31 00:00:00,74.44346554968936,0.6284860017874316,0.0,0.3109176989641576,0.317568302823274,0,Off-Peak,Summer,True,True,True,False,0.27,0.08574344176228398,0.06527792891367298,-0.020465512848610992
2018-07-31 01:00:00,73.1518487258359,0.4892041862705248,0.0,0.1716358835884041,0.3175683026821206,1,Off-Peak,Summer,True,True,True,False,0.27,0.08574344172417257,0.06527792888465812,-0.02046551283951445
2018-07-31 02:00:00,72.32341920253593,0.4276453143158495,0.0,0.1100770116341778,0.3175683026816717,2,Off-Peak,Summer,True,True,True,False,0.27,0.08574344172405136,0.06527792888456584,-0.020465512839485528
2018-07-31 03:00:00,71.61281741933738,0.4119679744335313,0.0,0.0943996717493322,0.317568302684199,3,Off-Peak,Summer,True,True,True,False,0.27,0.08574344172473373,0.06527792888508535,-0.020465512839648384
2018-07-31 04:00:00,70.83244864276134,0.4211989489053344,0.0,0.1036306462145457,0.3175683026907886,4,Off-Peak,Summer,True,True,True,False,0.27,0.08574344172651294,0.06527792888643988,-0.020465512840073058
2018-07-31 05:00:00,69.98481540942495,0.4300874346720997,0.0,0.1125191319761301,0.3175683026959696,5,Off-Peak,Summer,True,True,True,False,0.27,0.08574344172791179,0.06527792888750486,-0.02046551284040693
2018-07-31 19:00:00,90.4094544289396,0.7391537162162162,0.0,0.4215853970323558,0.3175683191838603,19,Peak,Summer,True,True,True,False,0.47,0.14925711001641434,0.0652779322766824,-0.08397917773973194
2018-07-31 20:00:00,87.39389461330717,0.7202179054054053,0.0,0.402649599382292,0.3175683060231133,20,Peak,Summer,True,True,True,False,0.47,0.14925710383086324,0.06527792957141773,-0.08397917425944551
2018-07-31 21:00:00,84.29479112371561,0.730758445945946,0.0,0.4131901405765046,0.3175683053694413,21,Peak,Summer,True,True,True,False,0.47,0.1492571035236374,0.06527792943705182,-0.08397917408658559
2018-07-31 22:00:00,81.05669251427899,0.7486891891891893,0.0,0.4311208840032034,0.3175683051859858,22,Off-Peak,Summer,True,True,True,False,0.27,0.08574344240021617,0.06527792939934152,-0.020465513000874652
2018-07-31 23:00:00,77.44928730336686,0.7970984054857602,0.0,0.479530098774499,0.3175683067112611,23,Off-Peak,Summer,True,True,True,False,0.27,0.0857434428120405,0.06527792971287033,-0.020465513099170163
2018-08-01 00:00:00,74.75793139172384,0.6707436642378181,0.0,0.3575708956198969,0.3131727686179211,0,Off-Peak,Summer,True,True,True,False,0.27,0.0845566475268387,0.06437440243812823,-0.02018224508871047
2018-08-01 01:00:00,73.48550869570263,0.4822730408348411,0.0,0.1691002724516975,0.3131727683831435,1,Off-Peak,Summer,True,True,True,False,0.27,0.08455664746344875,0.06437440238986838,-0.020182245073580365
2018-08-01 02:00:00,72.68857297240565,0.4190766905493514,0.0,0.105903922183197,0.3131727683661544,2,Off-Peak,Summer,True,True,True,False,0.27,0.08455664745886168,0.06437440238637618,-0.020182245072485505
2018-08-01 03:00:00,71.94952526447666,0.411357942432018,0.0,0.0981851740612397,0.3131727683707782,3,Off-Peak,Summer,True,True,True,False,0.27,0.08455664746011012,0.06437440238732663,-0.02018224507278349
2018-08-01 04:00:00,71.15856842688648,0.4182173513007938,0.0,0.1050445829251208,0.313172768375673,4,Off-Peak,Summer,True,True,True,False,0.27,0.08455664746143171,0.06437440238833278,-0.02018224507309893
2018-08-01 05:00:00,70.26794291906403,0.4314038369121151,0.0,0.1182310685273534,0.3131727683847616,5,Off-Peak,Summer,True,True,True,False,0.27,0.08455664746388564,0.064374402390201,-0.020182245073684643
2018-08-01 19:00:00,89.99193331081705,0.7181773648648648,0.0,0.4050045861415081,0.3131727787233567,19,Peak,Summer,True,True,True,False,0.47,0.14719120599997765,0.06437440451535666,-0.08281680148462099
2018-08-01 20:00:00,86.87580459638117,0.729097972972973,0.0,0.4159252006022398,0.3131727723707331,20,Peak,Summer,True,True,True,False,0.47,0.14719120301424454,0.06437440320953958,-0.08281679980470497
2018-08-01 21:00:00,83.71043480845894,0.7350557432432433,0.0,0.4218829722295608,0.3131727710136825,21,Peak,Summer,True,True,True,False,0.47,0.14719120237643077,0.0643744029305903,-0.08281679944584047
2018-08-01 22:00:00,80.32118453916851,0.7642280405405405,0.0,0.4510552691014948,0.3131727714390457,22,Off-Peak,Summer,True,True,True,False,0.27,0.08455664828854234,0.06437440301802606,-0.020182245270516277
2018-08-01 23:00:00,76.8740626810494,0.7713121234458904,0.0,0.458139352421091,0.3131727710247993,23,Off-Peak,Summer,True,True,True,False,0.27,0.08455664817669581,0.06437440293287541,-0.020182245243820396
2018-08-02 00:00:00,74.48020222496523,0.6312194220964622,0.0,0.31804665364666,0.3131727684498022,0,Off-Peak,Summer,True,True,True,False,0.27,0.08455664748144659,0.06437440240357045,-0.020182245077876138
2018-08-02 01:00:00,73.26236961579707,0.4750002073065904,0.0,0.1618274389353457,0.3131727683712446,1,Off-Peak,Summer,True,True,True,False,0.27,0.08455664746023604,0.0643744023874225,-0.02018224507281355
2018-08-02 02:00:00,72.37657199022811,0.4308587552784019,0.0,0.1176859869098348,0.313172768368567,2,Off-Peak,Summer,True,True,True,False,0.27,0.08455664745951309,0.0643744023868721,-0.020182245072640992
2018-08-02 03:00:00,71.59636669471764,0.4168031620115862,0.0,0.1036303936399794,0.3131727683716068,3,Off-Peak,Summer,True,True,True,False,0.27,0.08455664746033384,0.06437440238749695,-0.02018224507283689
2018-08-02 04:00:00,70.7917668773529,0.4200065773129727,0.0,0.1068338089370806,0.313172768375892,4,Off-Peak,Summer,True,True,True,False,0.27,0.08455664746149084,0.06437440238837779,-0.02018224507311306
2018-08-02 05:00:00,69.88542231506139,0.4334637456007251,0.0,0.1202909772143016,0.3131727683864234,5,Off-Peak,Summer,True,True,True,False,0.27,0.08455664746433432,0.06437440239054258,-0.020182245073791738
2018-08-02 19:00:00,90.64054211139054,0.7281047297297298,0.0,0.4149319443597253,0.3131727853700045,19,Peak,Summer,True,True,True,False,0.47,0.1471912091239021,0.06437440588161203,-0.08281680324229007
2018-08-02 20:00:00,87.36410079562755,0.7505405405405405,0.0,0.4373677664644658,0.3131727740760747,20,Peak,Summer,True,True,True,False,0.47,0.1471912038157551,0.06437440356008202,-0.08281680025567308
2018-08-02 21:00:00,84.08681074382123,0.7499915540540542,0.0,0.4368187825858354,0.3131727714682187,21,Peak,Summer,True,True,True,False,0.47,0.14719120259006277,0.06437440302402272,-0.08281679956604004
2018-08-02 22:00:00,80.22891873331159,0.8264189189189189,0.0,0.513246144187668,0.3131727747312509,22,Off-Peak,Summer,True,True,True,False,0.27,0.08455664917743774,0.06437440369475712,-0.02018224548268062
2018-08-02 23:00:00,76.59885901797784,0.7955002136209904,0.0,0.4823274426464304,0.31317277097456,23,Off-Peak,Summer,True,True,True,False,0.27,0.0845566481631312,0.06437440292254844,-0.020182245240582763
2018-08-03 00:00:00,74.13314540727978,0.6406907147295582,0.0,0.3275179462882392,0.3131727684413189,0,Off-Peak,Summer,True,True,True,False,0.27,0.08455664747915612,0.06437440240182667,-0.02018224507732945
2018-08-03 01:00:00,72.46842582827217,0.534247014830762,0.0,0.221074246448877,0.3131727683818849,1,Off-Peak,Summer,True,True,True,False,0.27,0.08455664746310892,0.06437440238960968,-0.02018224507349925
2018-08-03 02:00:00,71.54942171171211,0.4352207707774977,0.0,0.1220480024112148,0.3131727683662828,2,Off-Peak,Summer,True,True,True,False,0.27,0.08455664745889636,0.06437440238640259,-0.020182245072493776
2018-08-03 03:00:00,70.73245511657781,0.4216393111221145,0.0,0.1084665427493908,0.3131727683727236,3,Off-Peak,Summer,True,True,True,False,0.27,0.08455664746063539,0.06437440238772653,-0.02018224507290886
2018-08-03 04:00:00,69.9515536428553,0.4168191999200822,0.0,0.1036464315474351,0.3131727683726471,4,Off-Peak,Summer,True,True,True,False,0.27,0.08455664746061473,0.06437440238771079,-0.020182245072903934
2018-08-03 05:00:00,69.1155987036028,0.4240833653316694,0.0,0.1109105969517017,0.3131727683799676,5,Off-Peak,Summer,True,True,True,False,0.27,0.08455664746259126,0.06437440238921556,-0.020182245073375696
2018-08-03 19:00:00,89.63267277385155,0.7540219594594594,0.0,0.4408491768623288,0.3131727825971306,19,Peak,Summer,True,True,True,False,0.47,0.14719120782065137,0.0643744053116324,-0.08281680250901897
2018-08-03 20:00:00,86.2968132435416,0.7581993243243242,0.0,0.4450265512720924,0.3131727730522318,20,Peak,Summer,True,True,True,False,0.47,0.14719120333454894,0.06437440334962542,-0.08281679998492351
2018-08-03 21:00:00,82.87721456029251,0.7686689189189189,0.0,0.4554961471163258,0.313172771802593,21,Peak,Summer,True,True,True,False,0.47,0.1471912027472187,0.06437440309275523,-0.08281679965446347
2018-08-03 22:00:00,79.15517570648112,0.8081503378378379,0.0,0.4949775650018029,0.3131727728360349,22,Off-Peak,Summer,True,True,True,False,0.27,0.08455664866572943,0.06437440330518494,-0.020182245360544485
2018-08-03 23:00:00,75.65133139515548,0.7785669462894258,0.0,0.4653941756622137,0.3131727706272121,23,Off-Peak,Summer,True,True,True,False,0.27,0.08455664806934728,0.06437440285114916,-0.020182245218198114
2018-08-04 00:00:00,73.38704583257805,0.6312871621621622,0.0,0.3006905304102095,0.3305966317519527,0,Off-Peak,Summer,True,True,True,False,0.27,0.08926109057302724,0.06795597430456805,-0.021305116268459184
2018-08-04 01:00:00,72.29534579801441,0.4756013513513514,0.0,0.1450047196196612,0.3305966317316902,1,Off-Peak,Summer,True,True,True,False,0.27,0.08926109056755635,0.06795597430040298,-0.021305116267153368
2018-08-04 02:00:00,71.58242759851444,0.4252820945945945,0.0,0.0946854628687845,0.33059663172581,2,Off-Peak,Summer,True,True,True,False,0.27,0.0892610905659687,0.06795597429919427,-0.021305116266774435
2018-08-04 03:00:00,70.99833492075608,0.4081591646321001,0.0,0.0775625329053286,0.3305966317267714,3,Off-Peak,Summer,True,True,True,False,0.27,0.08926109056622829,0.06795597429939189,-0.0213051162668364
2018-08-04 04:00:00,70.45450929280405,0.4027973377643709,0.0,0.0722007060371642,0.3305966317272066,4,Off-Peak,Summer,True,True,True,False,0.27,0.08926109056634579,0.06795597429948136,-0.021305116266864432
2018-08-04 05:00:00,69.89499494390847,0.4048621423051112,0.0,0.0742655105772436,0.3305966317278675,5,Off-Peak,Summer,True,True,True,False,0.27,0.08926109056652423,0.06795597429961721,-0.021305116266907023
2018-08-04 19:00:00,90.31738755443628,0.7463108108108106,0.0,0.4157141645666802,0.3305966462441304,19,Peak,Summer,True,True,True,False,0.47,0.15538042373474126,0.06795597728351568,-0.08742444645122557
2018-08-04 20:00:00,87.19778138522864,0.746983108108108,0.0,0.4163864722922337,0.3305966358158742,20,Peak,Summer,True,True,True,False,0.47,0.15538041883346085,0.0679559751399297,-0.08742444369353115
2018-08-04 21:00:00,84.04242402324255,0.7511368243243243,0.0,0.4205401898835361,0.3305966344407881,21,Peak,Summer,True,True,True,False,0.47,0.15538041818717038,0.0679559748572731,-0.08742444332989728
2018-08-04 22:00:00,80.35677226936878,0.8209442567567569,0.0,0.4903476198071572,0.3305966369495996,22,Off-Peak,Summer,True,True,True,False,0.27,0.0892610919763919,0.06795597537297325,-0.021305116603418647
2018-08-04 23:00:00,76.50204484053306,0.8426368243243244,0.0,0.5120401880818831,0.3305966362424413,23,Off-Peak,Summer,True,True,True,False,0.27,0.08926109178545916,0.06795597522761293,-0.021305116557846226
2018-08-05 00:00:00,73.85941534691722,0.6815033783783783,0.0,0.350906746541371,0.3305966318370072,0,Off-Peak,Summer,True,True,True,False,0.27,0.08926109059599195,0.06795597432205147,-0.02130511627394048
2018-08-05 01:00:00,72.63319885588928,0.4934695945945947,0.0,0.1628729628542063,0.3305966317403884,1,Off-Peak,Summer,True,True,True,False,0.27,0.08926109056990487,0.06795597430219094,-0.021305116267713933
2018-08-05 02:00:00,71.72729001147647,0.4509017066924936,0.0,0.1203050749629825,0.330596631729511,2,Off-Peak,Summer,True,True,True,False,0.27,0.08926109056696797,0.06795597429995504,-0.02130511626701294
2018-08-05 03:00:00,71.11892790188467,0.4113804488706866,0.0,0.0807838171448533,0.3305966317258332,3,Off-Peak,Summer,True,True,True,False,0.27,0.08926109056597498,0.06795597429919904,-0.021305116266775934
2018-08-05 04:00:00,70.56638303206252,0.4039539917724842,0.0,0.0733573600455245,0.3305966317269597,4,Off-Peak,Summer,True,True,True,False,0.27,0.08926109056627912,0.0679559742994306,-0.02130511626684853
2018-08-05 05:00:00,69.975493799226,0.4090236117317729,0.0,0.0784269800030618,0.330596631728711,5,Off-Peak,Summer,True,True,True,False,0.27,0.08926109056675198,0.0679559742997906,-0.021305116266961382
2018-08-05 19:00:00,90.0599830184162,0.7800861486486487,0.0,0.4494894969498033,0.3305966516988453,19,Peak,Summer,True,True,True,False,0.47,0.15538042629845727,0.06795597840476264,-0.08742444789369463
2018-08-05 20:00:00,86.87595208820795,0.7554763513513513,0.0,0.4248797159105673,0.3305966354407839,20,Peak,Summer,True,True,True,False,0.47,0.15538041865716842,0.0679559750628278,-0.08742444359434062
2018-08-05 21:00:00,83.74100007231766,0.7483462837837838,0.0,0.417749649693646,0.3305966340901377,21,Peak,Summer,True,True,True,False,0.47,0.15538041802236469,0.06795597478519497,-0.08742444323716972
2018-08-05 22:00:00,80.37493513056346,0.7784831081081082,0.0,0.4478864733701229,0.3305966347379852,22,Off-Peak,Summer,True,True,True,False,0.27,0.089261091379256,0.06795597491836361,-0.021305116460892393
2018-08-05 23:00:00,76.9459197589026,0.7862466216216215,0.0,0.4556499872812186,0.3305966343404029,23,Off-Peak,Summer,True,True,True,False,0.27,0.08926109127190879,0.06795597483663837,-0.021305116435270416
2018-08-06 00:00:00,74.5456709917531,0.649429054054054,0.0,0.3188324222366824,0.3305966318173716,0,Off-Peak,Summer,True,True,True,False,0.27,0.08926109059069033,0.06795597431801527,-0.021305116272675062
2018-08-06 01:00:00,73.22679850629066,0.5057997407652094,0.0,0.1752031090381284,0.330596631727081,1,Off-Peak,Summer,True,True,True,False,0.27,0.08926109056631187,0.06795597429945553,-0.02130511626685634
2018-08-06 02:00:00,72.51364455076175,0.4253387569358848,0.0,0.0947421252102182,0.3305966317256665,2,Off-Peak,Summer,True,True,True,False,0.27,0.08926109056592996,0.06795597429916478,-0.02130511626676518
2018-08-06 03:00:00,71.93473195679947,0.407492586046056,0.0,0.0768959543195625,0.3305966317264934,3,Off-Peak,Summer,True,True,True,False,0.27,0.08926109056615322,0.06795597429933475,-0.02130511626681847
2018-08-06 04:00:00,71.37503651821785,0.4049238430641261,0.0,0.0743272113365267,0.3305966317275993,4,Off-Peak,Summer,True,True,True,False,0.27,0.08926109056645182,0.06795597429956207,-0.021305116266889745
2018-08-06 05:00:00,70.78212298803646,0.4093145165925095,0.0,0.0787178848639123,0.3305966317285972,5,Off-Peak,Summer,True,True,True,False,0.27,0.08926109056672125,0.0679559742997672,-0.021305116266954055
2018-08-06 19:00:00,90.738605862203,0.707268581081081,0.0,0.376671938956881,0.3305966421242,19,Peak,Summer,True,True,True,False,0.47,0.15538042179837397,0.06795597643664111,-0.08742444536173286
2018-08-06 20:00:00,87.81943416029694,0.7203564189189189,0.0,0.3897597835040109,0.3305966354149079,20,Peak,Summer,True,True,True,False,0.47,0.1553804186450067,0.06795597505750885,-0.08742444358749786
2018-08-06 21:00:00,84.66072580380936,0.7516503378378377,0.0,0.4210537027419573,0.3305966350958804,21,Peak,Summer,True,True,True,False,0.47,0.15538041849506376,0.06795597499193097,-0.08742444350313279
2018-08-06 22:00:00,81.30757275379445,0.7769070945945947,0.0,0.446310459826871,0.3305966347677237,22,Off-Peak,Summer,True,True,True,False,0.27,0.08926109138728541,0.06795597492447654,-0.021305116462808874
2018-08-06 23:00:00,77.96374571184235,0.7750966897486343,0.0,0.4445000557697504,0.3305966339788839,23,Off-Peak,Summer,True,True,True,False,0.27,0.08926109117429866,0.06795597476232614,-0.021305116411972524
2018-08-07 00:00:00,75.62782812020755,0.641008445945946,0.0,0.3104118141387271,0.3305966318072188,0,Off-Peak,Summer,True,True,True,False,0.27,0.0892610905879491,0.06795597431592831,-0.02130511627202078
2018-08-07 01:00:00,74.37756095721441,0.4967587193650182,0.0,0.1661620876369728,0.3305966317280454,1,Off-Peak,Summer,True,True,True,False,0.27,0.08926109056657226,0.06795597429965376,-0.0213051162669185
2018-08-07 02:00:00,73.59909132832702,0.4340514452450209,0.0,0.1034548135193334,0.3305966317256874,2,Off-Peak,Summer,True,True,True,False,0.27,0.08926109056593559,0.06795597429916907,-0.021305116266766524
2018-08-07 03:00:00,72.97496491459394,0.4135265231309514,0.0,0.0829298914038309,0.3305966317271204,3,Off-Peak,Summer,True,True,True,False,0.27,0.08926109056632252,0.06795597429946364,-0.02130511626685888
2018-08-07 04:00:00,72.33613582136155,0.4154577600353186,0.0,0.0848611283066951,0.3305966317286234,4,Off-Peak,Summer,True,True,True,False,0.27,0.08926109056672833,0.06795597429977258,-0.021305116266955748
2018-08-07 05:00:00,71.65808472218148,0.4206413093531389,0.0,0.0900446776223208,0.330596631730818,5,Off-Peak,Summer,True,True,True,False,0.27,0.08926109056732086,0.0679559743002237,-0.021305116267097163
2018-08-07 19:00:00,90.74680152770502,0.7201739864864865,0.0,0.3895773421246123,0.3305966443618741,19,Peak,Summer,True,True,True,False,0.47,0.1553804228500808,0.06795597689660744,-0.08742444595347336
2018-08-07 20:00:00,87.64546554691806,0.7445793918918918,0.0,0.4139827553562098,0.330596636535682,20,Peak,Summer,True,True,True,False,0.47,0.15538041917177053,0.06795597528789019,-0.08742444388388035
2018-08-07 21:00:00,84.17562666022636,0.7929256756756757,0.0,0.4623290389202147,0.330596636755461,21,Peak,Summer,True,True,True,False,0.47,0.15538041927506668,0.06795597533306698,-0.0874244439419997
2018-08-07 22:00:00,80.74575821278388,0.7869763513513514,0.0,0.4563797169263146,0.3305966344250367,22,Off-Peak,Summer,True,True,True,False,0.27,0.08926109129475991,0.06795597485403532,-0.021305116440724595
2018-08-07 23:00:00,77.1271803125702,0.8113705749877043,0.0,0.4807739396542551,0.3305966353334492,23,Off-Peak,Summer,True,True,True,False,0.27,0.08926109154003128,0.06795597504076455,-0.021305116499266738
2018-08-08 00:00:00,74.62650791238326,0.6627272466972725,0.0,0.3321306148786412,0.3305966318186312,0,Off-Peak,Summer,True,True,True,False,0.27,0.08926109059103043,0.06795597431827419,-0.021305116272756247
2018-08-08 01:00:00,73.24983648520713,0.5134553284875817,0.0,0.1828586967603565,0.3305966317272251,1,Off-Peak,Summer,True,True,True,False,0.27,0.08926109056635077,0.06795597429948515,-0.021305116266865626
2018-08-08 02:00:00,72.52772864537559,0.4265186501762008,0.0,0.0959220184502815,0.3305966317259192,2,Off-Peak,Summer,True,True,True,False,0.27,0.08926109056599818,0.06795597429921672,-0.021305116266781457
2018-08-08 03:00:00,71.84158045554051,0.4217184916670302,0.0,0.0911218599381147,0.3305966317289155,3,Off-Peak,Summer,True,True,True,False,0.27,0.0892610905668072,0.06795597429983263,-0.021305116266974566
2018-08-08 04:00:00,71.17039563076621,0.4197076212279806,0.0,0.0891109894983206,0.33059663172966,4,Off-Peak,Summer,True,True,True,False,0.27,0.0892610905670082,0.06795597429998565,-0.021305116267022556
2018-08-08 05:00:00,70.45297641698333,0.4258152794242619,0.0,0.0952186476914591,0.3305966317328027,5,Off-Peak,Summer,True,True,True,False,0.27,0.08926109056785674,0.06795597430063166,-0.021305116267225074
2018-08-08 19:00:00,90.70377160210468,0.7267364864864865,0.0,0.3961398411456318,0.3305966453408547,19,Peak,Summer,True,True,True,False,0.47,0.1553804233102017,0.06795597709784236,-0.08742444621235933
2018-08-08 20:00:00,87.69196430186332,0.7326368243243243,0.0,0.4020401886141341,0.3305966357101902,20,Peak,Summer,True,True,True,False,0.47,0.1553804187837894,0.06795597511820577,-0.08742444366558362
2018-08-08 21:00:00,84.41736983107904,0.7669797297297297,0.0,0.4363830941653615,0.3305966355643682,21,Peak,Summer,True,True,True,False,0.47,0.15538041871525304,0.06795597508823123,-0.08742444362702181
2018-08-08 22:00:00,81.02704536689565,0.7817500000000001,0.0,0.4511533653135717,0.3305966346864283,22,Off-Peak,Summer,True,True,True,False,0.27,0.08926109136533565,0.06795597490776582,-0.021305116457569828
2018-08-08 23:00:00,77.74183035514277,0.7672379352458504,0.0,0.4366413015931661,0.3305966336526842,23,Off-Peak,Summer,True,True,True,False,0.27,0.08926109108622475,0.06795597469527397,-0.021305116390950785
2018-08-09 00:00:00,75.3503687479486,0.6588702206873245,0.0,0.3177168321565146,0.3411533885308098,0,Off-Peak,Summer,True,True,True,False,0.27,0.09211141490331864,0.0701259743091109,-0.021985440594207747
2018-08-09 01:00:00,74.17708507550195,0.4970627340484315,0.0,0.155909345635354,0.3411533884130775,1,Off-Peak,Summer,True,True,True,False,0.27,0.09211141487153093,0.07012597428491037,-0.021985440586620567
2018-08-09 02:00:00,73.58484646703918,0.4198585562323328,0.0,0.0787051678277917,0.341153388404541,2,Off-Peak,Summer,True,True,True,False,0.27,0.09211141486922608,0.07012597428315565,-0.021985440586070437
2018-08-09 03:00:00,73.00559685135607,0.4181153056310968,0.0,0.0769619172245154,0.3411533884065814,3,Off-Peak,Summer,True,True,True,False,0.27,0.09211141486977698,0.07012597428357505,-0.02198544058620193
2018-08-09 04:00:00,72.42477589446715,0.4183061165641945,0.0,0.0771527281576676,0.3411533884065268,4,Off-Peak,Summer,True,True,True,False,0.27,0.09211141486976225,0.07012597428356385,-0.021985440586198404
2018-08-09 05:00:00,71.74160232160686,0.4318718842273308,0.0,0.0907184958163567,0.3411533884109741,5,Off-Peak,Summer,True,True,True,False,0.27,0.09211141487096301,0.070125974284478,-0.02198544058648501
2018-08-09 19:00:00,90.88359250441688,0.7035878378378378,0.0,0.3624344403386585,0.3411533974991793,19,Peak,Summer,True,True,True,False,0.47,0.16034209682461426,0.07012597615260907,-0.09021612067200518
2018-08-09 20:00:00,87.97508571011957,0.729464527027027,0.0,0.3883111346608687,0.3411533923661583,20,Peak,Summer,True,True,True,False,0.47,0.1603420944120944,0.0701259750974881,-0.09021611931460631
2018-08-09 21:00:00,84.72953864216936,0.7737094594594595,0.0,0.4325560670215005,0.3411533924379589,21,Peak,Summer,True,True,True,False,0.47,0.16034209444584066,0.07012597511224711,-0.09021611933359355
2018-08-09 22:00:00,81.1900948884637,0.8121182432432432,0.0,0.4709648508255173,0.3411533924177258,22,Off-Peak,Summer,True,True,True,False,0.27,0.09211141595278598,0.07012597510808807,-0.021985440844697904
2018-08-09 23:00:00,77.71511404613753,0.8029408783783785,0.0,0.4617874874482298,0.3411533909301487,23,Off-Peak,Summer,True,True,True,False,0.27,0.09211141555114015,0.07012597480230834,-0.02198544074883181
2018-08-10 00:00:00,75.70440014497044,0.6083648648648649,0.0,0.2672114764599049,0.3411533884049599,0,Off-Peak,Summer,True,True,True,False,0.27,0.09211141486933917,0.07012597428324176,-0.021985440586097416
2018-08-10 01:00:00,74.83703751806861,0.4564541818494073,0.0,0.1153007934365179,0.3411533884128893,1,Off-Peak,Summer,True,True,True,False,0.27,0.09211141487148011,0.07012597428487169,-0.021985440586608423
2018-08-10 02:00:00,74.22656375767505,0.4222974353077866,0.0,0.0811440469031266,0.3411533884046599,2,Off-Peak,Summer,True,True,True,False,0.27,0.09211141486925818,0.07012597428318008,-0.021985440586078098
2018-08-10 03:00:00,73.72034005969552,0.4084310462669608,0.0,0.0672776578619011,0.3411533884050597,3,Off-Peak,Summer,True,True,True,False,0.27,0.09211141486936612,0.07012597428326228,-0.02198544058610384
2018-08-10 04:00:00,73.18890663194128,0.4117656640232867,0.0,0.0706122756173988,0.3411533884058878,4,Off-Peak,Summer,True,True,True,False,0.27,0.09211141486958972,0.0701259742834325,-0.02198544058615723
2018-08-10 05:00:00,72.62267086011403,0.4163715076486889,0.0,0.0752181192416825,0.3411533884070063,5,Off-Peak,Summer,True,True,True,False,0.27,0.09211141486989172,0.0701259742836624,-0.02198544058622931
2018-08-10 19:00:00,90.6595519711462,0.7023665540540541,0.0,0.3612131578729922,0.3411533961810619,19,Peak,Summer,True,True,True,False,0.47,0.16034209620509907,0.07012597588166272,-0.09021612032343634
2018-08-10 20:00:00,87.82389128771888,0.719706081081081,0.0,0.3785526893295793,0.3411533917515016,20,Peak,Summer,True,True,True,False,0.47,0.16034209412320574,0.070125974971142,-0.09021611915206375
2018-08-10 21:00:00,84.9312292676795,0.7267685810810811,0.0,0.3856151905401526,0.3411533905409284,21,Peak,Summer,True,True,True,False,0.47,0.16034209355423634,0.07012597472230195,-0.0902161188319344
2018-08-10 22:00:00,81.59419831162779,0.7852837837837839,0.0,0.4441303917448613,0.3411533920389226,22,Off-Peak,Summer,True,True,True,False,0.27,0.09211141585050911,0.07012597503022298,-0.021985440820286126
2018-08-10 23:00:00,78.0351621904596,0.8141246456996203,0.0,0.4729712538337617,0.3411533918658586,23,Off-Peak,Summer,True,True,True,False,0.27,0.09211141580378182,0.0701259749946487,-0.021985440809133117
2018-08-11 00:00:00,75.87208111051521,0.6285945945945947,0.0,0.2874412061881037,0.3411533884064909,0,Off-Peak,Summer,True,True,True,False,0.27,0.09211141486975255,0.07012597428355645,-0.0219854405861961
2018-08-11 01:00:00,74.8151620917532,0.4816300675675676,0.0,0.1404766791573042,0.3411533884102633,1,Off-Peak,Summer,True,True,True,False,0.27,0.09211141487077111,0.0701259742843319,-0.02198544058643921
2018-08-11 02:00:00,74.16885794536466,0.4270523648648647,0.0,0.0858989764605415,0.3411533884043231,2,Off-Peak,Summer,True,True,True,False,0.27,0.09211141486916724,0.07012597428311086,-0.02198544058605638
2018-08-11 03:00:00,73.54670878877442,0.4238228954106883,0.0,0.0826695070041416,0.3411533884065467,3,Off-Peak,Summer,True,True,True,False,0.27,0.09211141486976761,0.07012597428356793,-0.02198544058619968
2018-08-11 04:00:00,73.03462204115074,0.4091884191579639,0.0,0.0680350307527764,0.3411533884051874,4,Off-Peak,Summer,True,True,True,False,0.27,0.0921114148694006,0.07012597428328853,-0.02198544058611207
2018-08-11 05:00:00,72.4273498741356,0.4218108355253821,0.0,0.0806574471174852,0.3411533884078969,5,Off-Peak,Summer,True,True,True,False,0.27,0.09211141487013216,0.07012597428384547,-0.021985440586286695
2018-08-11 19:00:00,90.31788556995151,0.7634070945945947,0.0,0.422253690239194,0.3411534043554006,19,Peak,Summer,True,True,True,False,0.47,0.16034210004703828,0.07012597756194344,-0.09021612248509484
2018-08-11 20:00:00,87.17304404460218,0.76075,0.0,0.4195966074388544,0.3411533925611456,20,Peak,Summer,True,True,True,False,0.47,0.1603420945037384,0.07012597513756881,-0.09021611936616959
2018-08-11 21:00:00,84.01334546185699,0.7621182432432432,0.0,0.4209648521857034,0.3411533910575398,21,Peak,Summer,True,True,True,False,0.47,0.1603420937970437,0.07012597482849428,-0.09021611896854942
2018-08-11 22:00:00,80.59380209964232,0.7960456081081082,0.0,0.4548922163897642,0.341153391718344,22,Off-Peak,Summer,True,True,True,False,0.27,0.09211141576395289,0.07012597496432627,-0.021985440799626624
2018-08-11 23:00:00,77.12961704031734,0.8013631756756756,0.0,0.4602097845744663,0.3411533911012093,23,Off-Peak,Summer,True,True,True,False,0.27,0.09211141559732651,0.0701259748374708,-0.021985440759855715
2018-08-12 00:00:00,74.94169567742584,0.6317736486486487,0.0,0.2906202602333459,0.3411533884153028,0,Off-Peak,Summer,True,True,True,False,0.27,0.09211141487213176,0.0701259742853678,-0.021985440586763952
2018-08-12 01:00:00,73.78737816018254,0.4944985459698297,0.0,0.1533451575631877,0.341153388406642,1,Off-Peak,Summer,True,True,True,False,0.27,0.09211141486979335,0.07012597428358752,-0.02198544058620583
2018-08-12 02:00:00,73.21987494913022,0.4165506460040361,0.0,0.0753972575994037,0.3411533884046323,2,Off-Peak,Summer,True,True,True,False,0.27,0.09211141486925072,0.07012597428317442,-0.021985440586076294
2018-08-12 03:00:00,72.72547463896993,0.4068280708623027,0.0,0.0656746824573377,0.3411533884049649,3,Off-Peak,Summer,True,True,True,False,0.27,0.09211141486934053,0.07012597428324278,-0.02198544058609775
2018-08-12 04:00:00,72.23807218251662,0.4058860915765529,0.0,0.0647327031711953,0.3411533884053576,4,Off-Peak,Summer,True,True,True,False,0.27,0.09211141486944656,0.0701259742833235,-0.021985440586123062
2018-08-12 05:00:00,71.66743664230583,0.4169194435561736,0.0,0.0757660551483444,0.3411533884078292,5,Off-Peak,Summer,True,True,True,False,0.27,0.0921114148701139,0.07012597428383156,-0.021985440586282337
2018-08-12 19:00:00,90.228853896955,0.7631604729729727,0.0,0.4220070693840408,0.3411534035889319,19,Peak,Summer,True,True,True,False,0.47,0.160342099686798,0.07012597740439155,-0.09021612228240644
2018-08-12 20:00:00,87.17348252238159,0.7488125,0.0,0.4076591081267774,0.3411533918732226,20,Peak,Summer,True,True,True,False,0.47,0.1603420941804146,0.07012597499616242,-0.09021611918425217
2018-08-12 21:00:00,84.0843637550181,0.752722972972973,0.0,0.4115695820812983,0.3411533908916746,21,Peak,Summer,True,True,True,False,0.47,0.16034209371908706,0.07012597479439979,-0.09021611892468727
2018-08-12 22:00:00,80.60526391289504,0.8039324324324324,0.0,0.4627790401528097,0.3411533922796226,22,Off-Peak,Summer,True,True,True,False,0.27,0.09211141591549811,0.0701259750797002,-0.021985440835797912
2018-08-12 23:00:00,77.24227901121395,0.7879408783783783,0.0,0.4467874879087338,0.3411533904696445,23,Off-Peak,Summer,True,True,True,False,0.27,0.09211141542680402,0.07012597470764914,-0.021985440719154883
2018-08-13 00:00:00,74.85242629714399,0.6585343234649168,0.0,0.3173809349562843,0.3411533885086325,0,Off-Peak,Summer,True,True,True,False,0.27,0.09211141489733078,0.07012597430455224,-0.021985440592778543
2018-08-13 01:00:00,73.6705967357153,0.4981360632763988,0.0,0.1569826748650793,0.3411533884113195,1,Off-Peak,Summer,True,True,True,False,0.27,0.09211141487105627,0.07012597428454899,-0.021985440586507282
2018-08-13 02:00:00,72.9457346288324,0.4374334797150568,0.0,0.0962800913106753,0.3411533884043814,2,Off-Peak,Summer,True,True,True,False,0.27,0.09211141486918299,0.07012597428312285,-0.02198544058606014
2018-08-13 03:00:00,72.27799836065388,0.4298247995852761,0.0,0.0886714111784671,0.341153388406809,3,Off-Peak,Summer,True,True,True,False,0.27,0.09211141486983843,0.07012597428362184,-0.021985440586216584
2018-08-13 04:00:00,71.71237158687246,0.4162522783735356,0.0,0.0750988899680553,0.3411533884054803,4,Off-Peak,Summer,True,True,True,False,0.27,0.09211141486947969,0.07012597428334874,-0.021985440586130944
2018-08-13 05:00:00,71.11205065892928,0.4208375627651511,0.0,0.0796841743578952,0.3411533884072558,5,Off-Peak,Summer,True,True,True,False,0.27,0.09211141486995907,0.07012597428371369,-0.02198544058624538
2018-08-13 19:00:00,90.47420021782476,0.7285456081081082,0.0,0.3873922091885369,0.3411533989195712,19,Peak,Summer,True,True,True,False,0.47,0.16034209749219847,0.07012597644457853,-0.09021612104761993
2018-08-13 20:00:00,87.42878278264052,0.7475185810810812,0.0,0.4063651884928634,0.3411533925882177,20,Peak,Summer,True,True,True,False,0.47,0.1603420945164623,0.07012597514313364,-0.09021611937332867
2018-08-13 21:00:00,84.2067107330504,0.7704060769166156,0.0,0.4292526852037323,0.3411533917128832,21,Peak,Summer,True,True,True,False,0.47,0.1603420941050551,0.07012597496320376,-0.09021611914185133
2018-08-13 22:00:00,80.74237983228608,0.8019727806291128,0.0,0.4608193887713686,0.3411533918577442,22,Off-Peak,Summer,True,True,True,False,0.27,0.09211141580159093,0.07012597499298075,-0.021985440808610188
2018-08-13 23:00:00,77.5792593492589,0.7614665783893086,0.0,0.4203131886424433,0.3411533897468653,23,Off-Peak,Summer,True,True,True,False,0.27,0.09211141523165364,0.07012597455907786,-0.02198544067257578
2018-08-14 00:00:00,75.56808762501177,0.6083597785550794,0.0,0.2672063901417351,0.3411533884133442,0,Off-Peak,Summer,True,True,True,False,0.27,0.09211141487160295,0.07012597428496518,-0.02198544058663776
2018-08-14 01:00:00,74.54746330200658,0.4767746965129866,0.0,0.1356213081059204,0.3411533884070661,1,Off-Peak,Summer,True,True,True,False,0.27,0.09211141486990786,0.07012597428367469,-0.021985440586233168
2018-08-14 02:00:00,73.69793466185578,0.4540124817083387,0.0,0.1128590932989343,0.3411533884094043,2,Off-Peak,Summer,True,True,True,False,0.27,0.09211141487053917,0.07012597428415533,-0.02198544058638384
2018-08-14 03:00:00,73.07451749515693,0.4239636461149624,0.0,0.0828102577098094,0.3411533884051529,3,Off-Peak,Summer,True,True,True,False,0.27,0.0921114148693913,0.07012597428328143,-0.021985440586109864
2018-08-14 04:00:00,72.52629915502638,0.4139618547461049,0.0,0.0728084663404962,0.3411533884056086,4,Off-Peak,Summer,True,True,True,False,0.27,0.09211141486951432,0.07012597428337511,-0.021985440586139215
2018-08-14 05:00:00,71.92557765745255,0.4209131573429687,0.0,0.0797597689356473,0.3411533884073213,5,Off-Peak,Summer,True,True,True,False,0.27,0.09211141486997676,0.07012597428372715,-0.021985440586249613
2018-08-14 19:00:00,89.95310270037423,0.7154649492590996,0.0,0.3743115547048599,0.3411533945542397,19,Peak,Summer,True,True,True,False,0.47,0.16034209544049266,0.07012597554726038,-0.09021611989323228
2018-08-14 20:00:00,87.02768945294326,0.7314335402958339,0.0,0.3902801486317311,0.3411533916641027,20,Peak,Summer,True,True,True,False,0.47,0.16034209408212827,0.07012597495317667,-0.0902161191289516
2018-08-14 21:00:00,83.99905642654407,0.7446230155928117,0.0,0.4034696248002227,0.341153390792589,21,Peak,Summer,True,True,True,False,0.47,0.1603420936725168,0.0701259747740322,-0.09021611889848462
2018-08-14 22:00:00,80.89749320846586,0.7538047750826317,0.0,0.4126513847164838,0.3411533903661478,22,Off-Peak,Summer,True,True,True,False,0.27,0.0921114153988599,0.07012597468637483,-0.02198544071248508
2018-08-14 23:00:00,77.58463270375067,0.7813073501197223,0.0,0.4401539591488219,0.3411533909709004,23,Off-Peak,Summer,True,True,True,False,0.27,0.09211141556214311,0.0701259748106851,-0.021985440751458016
2018-08-15 00:00:00,75.08307702775245,0.6733451711043785,0.0,0.3321917824949448,0.3411533886094337,0,Off-Peak,Summer,True,True,True,False,0.27,0.09211141492454711,0.07012597432527248,-0.021985440599274625
2018-08-15 01:00:00,73.96200410852784,0.490072922607332,0.0,0.1489195341875933,0.3411533884197387,1,Off-Peak,Summer,True,True,True,False,0.27,0.09211141487332945,0.07012597428627962,-0.021985440587049834
2018-08-15 02:00:00,73.36119754112387,0.4209663828547515,0.0,0.0798129944503358,0.3411533884044157,2,Off-Peak,Summer,True,True,True,False,0.27,0.09211141486919225,0.0701259742831299,-0.021985440586062346
2018-08-15 03:00:00,72.85300524980885,0.4086530314274991,0.0,0.0674996430222572,0.3411533884052418,3,Off-Peak,Summer,True,True,True,False,0.27,0.09211141486941529,0.0701259742832997,-0.021985440586115595
2018-08-15 04:00:00,72.35657843219548,0.4070776339071671,0.0,0.0659242455016329,0.3411533884055341,4,Off-Peak,Summer,True,True,True,False,0.27,0.09211141486949422,0.07012597428335979,-0.021985440586134428
2018-08-15 05:00:00,71.80614938479486,0.4142305810616807,0.0,0.073077192654599,0.3411533884070817,5,Off-Peak,Summer,True,True,True,False,0.27,0.09211141486991206,0.07012597428367791,-0.021985440586234153
2018-08-15 19:00:00,90.5451278731811,0.7192905405405404,0.0,0.378137142622083,0.3411533979184574,19,Peak,Summer,True,True,True,False,0.47,0.16034209702167496,0.07012597623879402,-0.09021612078288094
2018-08-15 20:00:00,87.57690406273582,0.7372263513513513,0.0,0.3960729591014649,0.3411533922498863,20,Peak,Summer,True,True,True,False,0.47,0.16034209435744654,0.07012597507358774,-0.0902161192838588
2018-08-15 21:00:00,84.35304729790815,0.7706283783783785,0.0,0.4294749863974724,0.341153391980906,21,Peak,Summer,True,True,True,False,0.47,0.1603420942310258,0.07012597501829733,-0.09021611921272847
2018-08-15 22:00:00,80.95880790954007,0.7926604729729732,0.0,0.451507081498098,0.3411533914748751,22,Off-Peak,Summer,True,True,True,False,0.27,0.09211141569821629,0.07012597491427988,-0.02198544078393641
2018-08-15 23:00:00,77.51731214959761,0.7983316260330204,0.0,0.4571782349807839,0.3411533910522365,23,Off-Peak,Summer,True,True,True,False,0.27,0.09211141558410386,0.07012597482740417,-0.021985440756699698
2018-08-16 00:00:00,75.26984178971969,0.6396524736599328,0.0,0.2984990852297486,0.3411533884301841,0,Off-Peak,Summer,True,True,True,False,0.27,0.09211141487614971,0.07012597428842672,-0.02198544058772299
2018-08-16 01:00:00,74.09638941661187,0.4970268514051916,0.0,0.1558734629978765,0.341153388407315,1,Off-Peak,Summer,True,True,True,False,0.27,0.09211141486997507,0.07012597428372586,-0.02198544058624921
2018-08-16 02:00:00,73.4926352371713,0.4213580181165898,0.0,0.080204629712066,0.3411533884045237,2,Off-Peak,Summer,True,True,True,False,0.27,0.0921114148692214,0.07012597428315209,-0.021985440586069313
2018-08-16 03:00:00,72.99172239248544,0.4076868008972598,0.0,0.0665334124924123,0.3411533884048474,3,Off-Peak,Summer,True,True,True,False,0.27,0.0921114148693088,0.07012597428321862,-0.02198544058609017
2018-08-16 04:00:00,72.49283316300453,0.4074048936894574,0.0,0.0662515052834545,0.3411533884060028,4,Off-Peak,Summer,True,True,True,False,0.27,0.09211141486962075,0.07012597428345611,-0.02198544058616464
2018-08-16 05:00:00,71.97332994772661,0.4101271749705233,0.0,0.068973786564404,0.3411533884061193,5,Off-Peak,Summer,True,True,True,False,0.27,0.09211141486965221,0.07012597428348008,-0.021985440586172134
2018-08-16 19:00:00,90.2630546169452,0.7288124999999999,0.0,0.3876591022712819,0.3411533977287179,19,Peak,Summer,True,True,True,False,0.47,0.1603420969324974,0.07012597619979201,-0.0902161207327054
2018-08-16 20:00:00,87.17250238631901,0.7534172297297297,0.0,0.4122638369511263,0.3411533927786034,20,Peak,Summer,True,True,True,False,0.47,0.1603420946059436,0.07012597518226847,-0.09021611942367512
2018-08-16 21:00:00,84.00479746330618,0.7630777027027026,0.0,0.4219243114804054,0.3411533912222971,21,Peak,Summer,True,True,True,False,0.47,0.16034209387447962,0.07012597486236107,-0.09021611901211855
2018-08-16 22:00:00,80.58294534297593,0.7962381756756757,0.0,0.4550847839794608,0.3411533916962149,22,Off-Peak,Summer,True,True,True,False,0.27,0.09211141575797803,0.07012597495977752,-0.021985440798200515
2018-08-16 23:00:00,77.16700518725396,0.7948606085112975,0.0,0.4537072176584436,0.3411533908528538,23,Off-Peak,Summer,True,True,True,False,0.27,0.09211141553027052,0.07012597478641995,-0.021985440743850573
2018-08-17 00:00:00,74.97498272635409,0.6322497012034951,0.0,0.2910963127812366,0.3411533884222584,0,Off-Peak,Summer,True,True,True,False,0.27,0.09211141487400977,0.07012597428679755,-0.02198544058721222
2018-08-17 01:00:00,74.00610776628666,0.4698558047977887,0.0,0.1287024163837688,0.3411533884140199,1,Off-Peak,Summer,True,True,True,False,0.27,0.09211141487178537,0.07012597428510407,-0.021985440586681296
2018-08-17 02:00:00,73.4211944685398,0.4188499759883911,0.0,0.0776965875840763,0.3411533884043147,2,Off-Peak,Summer,True,True,True,False,0.27,0.09211141486916498,0.07012597428310913,-0.02198544058605585
2018-08-17 03:00:00,72.90490752893942,0.4097225808003486,0.0,0.0685691923951617,0.3411533884051869,3,Off-Peak,Summer,True,True,True,False,0.27,0.09211141486940047,0.07012597428328841,-0.021985440586112057
2018-08-17 04:00:00,72.41992343352813,0.405553799944759,0.0,0.0644004115391698,0.3411533884055891,4,Off-Peak,Summer,True,True,True,False,0.27,0.09211141486950906,0.0701259742833711,-0.021985440586137966
2018-08-17 05:00:00,71.89185964707025,0.4112577053042312,0.0,0.0701043168981598,0.3411533884060714,5,Off-Peak,Summer,True,True,True,False,0.27,0.09211141486963928,0.07012597428347023,-0.021985440586169053
2018-08-17 19:00:00,90.77864471280162,0.6943429054054054,0.0,0.3531895096503499,0.3411533957550555,19,Peak,Summer,True,True,True,False,0.47,0.16034209600487606,0.07012597579409474,-0.09021612021078132
2018-08-17 20:00:00,87.95139544429489,0.7184814189189188,0.0,0.377328027040707,0.3411533918782117,20,Peak,Summer,True,True,True,False,0.47,0.1603420941827595,0.07012597499718795,-0.09021611918557154
2018-08-17 21:00:00,84.62223241807388,0.7846402027027027,0.0,0.443486809419067,0.3411533932836357,21,Peak,Summer,True,True,True,False,0.47,0.16034209484330877,0.07012597528608067,-0.09021611955722811
2018-08-17 22:00:00,81.3369543573515,0.7782145270270271,0.0,0.4370611362807831,0.3411533907462439,22,Off-Peak,Summer,True,True,True,False,0.27,0.09211141550148585,0.07012597476450569,-0.021985440736980166
2018-08-17 23:00:00,78.15704418057835,0.7637041507463653,0.0,0.4225507606486649,0.3411533900977004,23,Off-Peak,Summer,True,True,True,False,0.27,0.09211141532637912,0.07012597463119398,-0.02198544069518514
2018-08-18 00:00:00,76.01830654539613,0.6252820945945945,0.0,0.2841287061558353,0.3411533884387591,0,Off-Peak,Summer,True,True,True,False,0.27,0.09211141487846496,0.07012597429018937,-0.02198544058827559
2018-08-18 01:00:00,74.86076823837311,0.4949450450013259,0.0,0.1537916565953227,0.3411533884060032,1,Off-Peak,Summer,True,True,True,False,0.27,0.09211141486962086,0.07012597428345621,-0.021985440586164653
2018-08-18 02:00:00,74.19732690647905,0.4292999586804066,0.0,0.0881465702761033,0.3411533884043033,2,Off-Peak,Summer,True,True,True,False,0.27,0.0921114148691619,0.07012597428310678,-0.021985440586055116
2018-08-18 03:00:00,73.69172299767743,0.4083217635342624,0.0,0.0671683751295395,0.3411533884047229,3,Off-Peak,Summer,True,True,True,False,0.27,0.0921114148692752,0.07012597428319305,-0.02198544058608215
2018-08-18 04:00:00,73.15107518953484,0.4129605635292198,0.0,0.0718071751230565,0.3411533884061632,4,Off-Peak,Summer,True,True,True,False,0.27,0.09211141486966408,0.0701259742834891,-0.02198544058617498
2018-08-18 05:00:00,72.53267265846692,0.4232639687593655,0.0,0.0821105803504522,0.3411533884089133,5,Off-Peak,Summer,True,True,True,False,0.27,0.0921114148704066,0.07012597428405438,-0.021985440586352212
2018-08-18 19:00:00,89.9763997692667,0.7309020270270271,0.0,0.3897486304993788,0.3411533965276483,19,Peak,Summer,True,True,True,False,0.47,0.1603420963679947,0.07012597595290548,-0.09021612041508922
2018-08-18 20:00:00,87.07236082936603,0.7285202702702702,0.0,0.3873668789586251,0.341153391311645,20,Peak,Summer,True,True,True,False,0.47,0.16034209391647314,0.07012597488072703,-0.09021611903574611
2018-08-18 21:00:00,84.1566921877096,0.7295489864864865,0.0,0.3883955961433248,0.3411533903431616,21,Peak,Summer,True,True,True,False,0.47,0.16034209346128594,0.07012597468164988,-0.09021611877963606
2018-08-18 22:00:00,80.89262152626797,0.7753023648648649,0.0,0.4341489734619536,0.3411533914029113,22,Off-Peak,Summer,True,True,True,False,0.27,0.09211141567878606,0.07012597489948731,-0.021985440779298746
2018-08-18 23:00:00,77.53672258190059,0.7869206081081079,0.0,0.4457672172441794,0.3411533908639285,23,Off-Peak,Summer,True,True,True,False,0.27,0.0921114155332607,0.07012597478869641,-0.021985440744564294
2018-08-19 00:00:00,75.36271318352607,0.6374611486486488,0.0,0.2887226083249326,0.3487385403237161,0,Off-Peak,Summer,True,True,True,False,0.27,0.09415940588740335,0.07168514439987497,-0.022474261487528374
2018-08-19 01:00:00,74.25386158843092,0.4960238705971544,0.0,0.1472853302881345,0.3487385403090198,1,Off-Peak,Summer,True,True,True,False,0.27,0.09415940588343535,0.07168514439685406,-0.0224742614865813
2018-08-19 02:00:00,73.65053536166448,0.4288797433266361,0.0,0.080141203021803,0.3487385403048331,2,Off-Peak,Summer,True,True,True,False,0.27,0.09415940588230494,0.07168514439599347,-0.022474261486311473
2018-08-19 03:00:00,73.18542629936626,0.4105133736097419,0.0,0.0617748333046303,0.3487385403051116,3,Off-Peak,Summer,True,True,True,False,0.27,0.09415940588238013,0.07168514439605071,-0.022474261486329417
2018-08-19 04:00:00,72.7083737200748,0.4120872496475463,0.0,0.0633487093416346,0.3487385403059116,4,Off-Peak,Summer,True,True,True,False,0.27,0.09415940588259614,0.07168514439621516,-0.022474261486380973
2018-08-19 05:00:00,72.12463969220741,0.4262309851719357,0.0,0.077492444862711,0.3487385403092246,5,Off-Peak,Summer,True,True,True,False,0.27,0.09415940588349064,0.07168514439689616,-0.022474261486594482
2018-08-19 19:00:00,90.07886061298302,0.7434915540540541,0.0,0.3947530043858902,0.3487385496681638,19,Peak,Summer,True,True,True,False,0.47,0.16390711834403698,0.07168514632067811,-0.09222197202335887
2018-08-19 20:00:00,87.12313530947421,0.7429797297297298,0.0,0.3942411862357034,0.3487385434940264,20,Peak,Summer,True,True,True,False,0.47,0.16390711544219239,0.07168514505154987,-0.09222197039064252
2018-08-19 21:00:00,83.91349647966497,0.776160472972973,0.0,0.4274219293240382,0.3487385436489347,21,Peak,Summer,True,True,True,False,0.47,0.16390711551499929,0.07168514508339212,-0.09222197043160717
2018-08-19 22:00:00,80.48444533422764,0.804695945945946,0.0,0.4559574023973906,0.3487385435485553,22,Off-Peak,Summer,True,True,True,False,0.27,0.09415940675810994,0.0716851450627586,-0.02247426169535134
2018-08-19 23:00:00,77.02272384900758,0.8084234759551964,0.0,0.4596849329972822,0.3487385429579142,23,Off-Peak,Summer,True,True,True,False,0.27,0.09415940659863684,0.07168514494134902,-0.022474261657287817
2018-08-20 00:00:00,74.6466421538161,0.6728064789736528,0.0,0.3154215928096012,0.3573848861640515,0,Off-Peak,Summer,True,True,True,False,0.27,0.09649391926429392,0.07346244882261059,-0.023031470441683327
2018-08-20 01:00:00,73.42114277483961,0.5200927397963092,0.0,0.1627078537039162,0.357384886092393,1,Off-Peak,Summer,True,True,True,False,0.27,0.09649391924494612,0.07346244880788079,-0.023031470437065327
2018-08-20 02:00:00,72.72933248201254,0.449237200932689,0.0,0.0918523148445376,0.3573848860881514,2,Off-Peak,Summer,True,True,True,False,0.27,0.09649391924380088,0.07346244880700889,-0.02303147043679199
2018-08-20 03:00:00,72.2828455426374,0.4166627407379019,0.0,0.0592778546496911,0.3573848860882107,3,Off-Peak,Summer,True,True,True,False,0.27,0.0964939192438169,0.07346244880702109,-0.023031470436795806
2018-08-20 04:00:00,71.80052163829735,0.4214068942614893,0.0,0.0640220081721009,0.3573848860893883,4,Off-Peak,Summer,True,True,True,False,0.27,0.09649391924413485,0.07346244880726314,-0.023031470436871704
2018-08-20 05:00:00,71.26492765491807,0.4284601606385341,0.0,0.0710752745480744,0.3573848860904596,5,Off-Peak,Summer,True,True,True,False,0.27,0.0964939192444241,0.07346244880748336,-0.023031470436940746
2018-08-20 19:00:00,90.61530657358206,0.7293834459459458,0.0,0.3719985508033346,0.3573848951426112,19,Peak,Summer,True,True,True,False,0.47,0.16797090071702725,0.07346245066820341,-0.09450845004882384
2018-08-20 20:00:00,87.74818784570037,0.739929054054054,0.0,0.3825441646310507,0.3573848894230033,20,Peak,Summer,True,True,True,False,0.47,0.16797089802881154,0.07346244949250623,-0.09450844853630531
2018-08-20 21:00:00,84.60155198583256,0.7765337837837839,0.0,0.4191488943159242,0.3573848894678597,21,Peak,Summer,True,True,True,False,0.47,0.16797089804989404,0.0734624495017267,-0.09450844854816734
2018-08-20 22:00:00,81.23483440297218,0.8051773648648649,0.0,0.447792475647116,0.3573848892177488,22,Off-Peak,Summer,True,True,True,False,0.27,0.09649392008879218,0.07346244945031502,-0.02303147063847716
2018-08-20 23:00:00,78.01138720235792,0.785624582516937,0.0,0.4282396946904138,0.3573848878265231,23,Off-Peak,Summer,True,True,True,False,0.27,0.09649391971316125,0.07346244916434086,-0.02303147054882039
2018-08-21 00:00:00,75.80052443568468,0.6510163970390332,0.0,0.2936315109007958,0.3573848861382374,0,Off-Peak,Summer,True,True,True,False,0.27,0.0964939192573241,0.07346244881730433,-0.02303147044001977
2018-08-21 01:00:00,74.81937971364462,0.4877322020795092,0.0,0.1303473159804233,0.3573848860990858,1,Off-Peak,Summer,True,True,True,False,0.27,0.09649391924675317,0.07346244880925652,-0.02303147043749665
2018-08-21 02:00:00,74.25114927487306,0.4328759883200774,0.0,0.0754911022319114,0.357384886088166,2,Off-Peak,Summer,True,True,True,False,0.27,0.09649391924380482,0.0734624488070119,-0.02303147043679292
2018-08-21 03:00:00,73.79121717067547,0.4184808599596176,0.0,0.0610959738710033,0.3573848860886142,3,Off-Peak,Summer,True,True,True,False,0.27,0.09649391924392584,0.07346244880710402,-0.023031470436821813
2018-08-21 04:00:00,73.27042666151678,0.4265486025319227,0.0,0.0691637164420468,0.3573848860898759,4,Off-Peak,Summer,True,True,True,False,0.27,0.0964939192442665,0.07346244880736337,-0.023031470436903123
2018-08-21 05:00:00,72.69490629864362,0.4337972369736437,0.0,0.0764123508829585,0.3573848860906852,5,Off-Peak,Summer,True,True,True,False,0.27,0.09649391924448501,0.07346244880752974,-0.023031470436955276
2018-08-21 19:00:00,90.41348548709652,0.7204577702702702,0.0,0.3630728772811701,0.3573848929891001,19,Peak,Summer,True,True,True,False,0.47,0.16797089970487702,0.07346245022553724,-0.09450844947933978
2018-08-21 20:00:00,87.5643093842574,0.7374847972972972,0.0,0.3800999079766808,0.3573848893206164,20,Peak,Summer,True,True,True,False,0.47,0.1679708979806897,0.07346244947146004,-0.09450844850922967
2018-08-21 21:00:00,84.33098859250828,0.7879898648648648,0.0,0.4306049748847995,0.3573848899800653,21,Peak,Summer,True,True,True,False,0.47,0.16797089829063067,0.07346244960701341,-0.09450844868361725
2018-08-21 22:00:00,81.2635111920688,0.7654290540540541,0.0,0.4080441664005882,0.3573848876534659,22,Off-Peak,Summer,True,True,True,False,0.27,0.09649391966643579,0.073462449128768,-0.023031470537667798
2018-08-21 23:00:00,78.07502058713442,0.7809791629788634,0.0,0.4235942748202778,0.3573848881585856,23,Off-Peak,Summer,True,True,True,False,0.27,0.09649391980281811,0.07346244923259815,-0.023031470570219967
2018-08-22 00:00:00,76.15802442259788,0.6122568112840321,0.0,0.2546661474868569,0.3575906637971752,0,Off-Peak,Summer,True,True,True,False,0.27,0.09654947922523731,0.07350474755830823,-0.02304473166692908
2018-08-22 01:00:00,75.23984448770024,0.4795912934520239,0.0,0.1220006296511252,0.3575906638008986,1,Off-Peak,Summer,True,True,True,False,0.27,0.09654947922624263,0.0735047475590736,-0.023044731667169027
2018-08-22 02:00:00,74.80796387172566,0.4149813066736708,0.0,0.0573906428768124,0.3575906637968583,2,Off-Peak,Summer,True,True,True,False,0.27,0.09654947922515174,0.07350474755824309,-0.023044731666908652
2018-08-22 03:00:00,74.38779765941929,0.4134158830618095,0.0,0.0558252192645435,0.3575906637972659,3,Off-Peak,Summer,True,True,True,False,0.27,0.0965494792252618,0.07350474755832688,-0.023044731666934923
2018-08-22 04:00:00,73.9891795151875,0.410545291926717,0.0,0.0529546281299779,0.3575906637967391,4,Off-Peak,Summer,True,True,True,False,0.27,0.09654947922511956,0.07350474755821859,-0.023044731666900964
2018-08-22 05:00:00,73.61484829886564,0.4073122385997059,0.0,0.049721574802982,0.3575906637967239,5,Off-Peak,Summer,True,True,True,False,0.27,0.09654947922511546,0.07350474755821546,-0.023044731666900006
2018-08-22 19:00:00,90.83591090595104,0.7034746621621621,0.0,0.3458839916089886,0.3575906705531735,19,Peak,Summer,True,True,True,False,0.47,0.16806761515999155,0.07350474894704122,-0.09456286621295033
2018-08-22 20:00:00,87.88583025581156,0.751179054054054,0.0,0.3935883857218871,0.3575906683321669,20,Peak,Summer,True,True,True,False,0.47,0.16806761411611842,0.07350474849050097,-0.09456286562561746
2018-08-22 21:00:00,84.81984162544754,0.7660168918918918,0.0,0.4084262253070682,0.3575906665848236,21,Peak,Summer,True,True,True,False,0.47,0.16806761329486708,0.07350474813132485,-0.09456286516354223
2018-08-22 22:00:00,81.60512905345747,0.7852246621621621,0.0,0.4276339958226227,0.3575906663395394,22,Off-Peak,Summer,True,True,True,False,0.27,0.09654947991167565,0.07350474808090532,-0.023044731830770326
2018-08-22 23:00:00,78.36302056090841,0.7883237221762093,0.0,0.4307330563011865,0.3575906658750227,23,Off-Peak,Summer,True,True,True,False,0.27,0.09654947978625614,0.07350474798542132,-0.023044731800834814
2018-08-23 00:00:00,76.30963645803257,0.6303588932289744,0.0,0.2727682294232827,0.3575906638056916,0,Off-Peak,Summer,True,True,True,False,0.27,0.09654947922753673,0.07350474756005883,-0.023044731667477905
2018-08-23 01:00:00,75.31624356647374,0.4895776389982227,0.0,0.1319869751976826,0.3575906638005401,1,Off-Peak,Summer,True,True,True,False,0.27,0.09654947922614583,0.07350474755899991,-0.02304473166714592
2018-08-23 02:00:00,74.78666236176423,0.4279568438812237,0.0,0.0703661800846362,0.3575906637965874,2,Off-Peak,Summer,True,True,True,False,0.27,0.0965494792250786,0.07350474755818741,-0.023044731666891194
2018-08-23 03:00:00,74.17850973057344,0.4383741549470637,0.0,0.0807834911468675,0.3575906638001961,3,Off-Peak,Summer,True,True,True,False,0.27,0.09654947922605296,0.07350474755892919,-0.023044731667123772
2018-08-23 04:00:00,73.7185316787748,0.4186854457607596,0.0,0.061094781963887,0.3575906637968726,4,Off-Peak,Summer,True,True,True,False,0.27,0.09654947922515561,0.07350474755824604,-0.023044731666909568
2018-08-23 05:00:00,73.33097762261495,0.409060191203739,0.0,0.0514695274068809,0.357590663796858,5,Off-Peak,Summer,True,True,True,False,0.27,0.09654947922515167,0.07350474755824303,-0.02304473166690864
2018-08-23 19:00:00,90.71549078244624,0.7152601351351352,0.0,0.3576694637415503,0.3575906713935849,19,Peak,Summer,True,True,True,False,0.47,0.1680676155549849,0.07350474911979245,-0.09456286643519245
2018-08-23 20:00:00,87.92601704623695,0.7297753378378378,0.0,0.3721846708915808,0.3575906669462569,20,Peak,Summer,True,True,True,False,0.47,0.16806761346474075,0.07350474820561947,-0.09456286525912128
2018-08-23 21:00:00,84.82244741657868,0.7709966216216215,0.0,0.4134059544486058,0.3575906671730157,21,Peak,Summer,True,True,True,False,0.47,0.16806761357131736,0.073504748252231,-0.09456286531908636
2018-08-23 22:00:00,81.5403611577736,0.7941402027027027,0.0,0.4365495361129659,0.3575906665897367,22,Off-Peak,Summer,True,True,True,False,0.27,0.09654947997922891,0.07350474813233476,-0.02304473184689415
2018-08-23 23:00:00,78.31117337135744,0.7865824779150757,0.0,0.4289918122294173,0.3575906656856584,23,Off-Peak,Summer,True,True,True,False,0.27,0.09654947973512777,0.07350474794649645,-0.023044731788631326
2018-08-24 00:00:00,76.1623674523477,0.6429907896885211,0.0,0.2854001258621482,0.3575906638263728,0,Off-Peak,Summer,True,True,True,False,0.27,0.09654947923312066,0.07350474756430996,-0.0230447316688107
2018-08-24 01:00:00,75.29698374565392,0.4725717616480574,0.0,0.1149810978396604,0.3575906638083969,1,Off-Peak,Summer,True,True,True,False,0.27,0.09654947922826716,0.07350474756061491,-0.023044731667652252
2018-08-24 02:00:00,74.83436883513083,0.4190595693580372,0.0,0.0614689055614658,0.3575906637965713,2,Off-Peak,Summer,True,True,True,False,0.27,0.09654947922507426,0.07350474755818409,-0.023044731666890167
2018-08-24 03:00:00,74.45837718887203,0.4075447790614957,0.0,0.0499541152647681,0.3575906637967276,3,Off-Peak,Summer,True,True,True,False,0.27,0.09654947922511646,0.07350474755821623,-0.02304473166690023
2018-08-24 04:00:00,74.0823979943711,0.4075358027243783,0.0,0.0499451389273677,0.3575906637970105,4,Off-Peak,Summer,True,True,True,False,0.27,0.09654947922519284,0.07350474755827438,-0.023044731666918464
2018-08-24 05:00:00,73.6062290406696,0.4208297456421673,0.0,0.0632390818439189,0.3575906637982484,5,Off-Peak,Summer,True,True,True,False,0.27,0.09654947922552708,0.07350474755852883,-0.023044731666998247
2018-08-24 06:00:00,73.07271292954125,0.4284287457840618,0.0,0.0708380819856743,0.3575906637983874,6,Off-Peak,Summer,True,True,True,False,0.27,0.0965494792255646,0.0735047475585574,-0.0230447316670072
2018-08-24 19:00:00,90.40663740108768,0.727856418918919,0.0,0.3702657473832969,0.3575906715356221,19,Peak,Summer,True,True,True,False,0.47,0.16806761562174236,0.07350474914898898,-0.09456286647275337
2018-08-24 20:00:00,87.54033596401686,0.7399155405405405,0.0,0.3823248735107022,0.3575906670298383,20,Peak,Summer,True,True,True,False,0.47,0.168067613504024,0.07350474822280009,-0.0945628652812239
2018-08-24 21:00:00,84.63251403849927,0.7449138513513512,0.0,0.3873231854819184,0.3575906658694328,21,Peak,Summer,True,True,True,False,0.47,0.1680676129586334,0.07350474798427228,-0.09456286497436112
2018-08-24 22:00:00,81.32574714117801,0.7973597972972973,0.0,0.4397691301563227,0.3575906671409746,22,Off-Peak,Summer,True,True,True,False,0.27,0.09654948012806315,0.07350474824564478,-0.023044731882418373
2018-08-24 23:00:00,77.98701388300388,0.8010338107865231,0.0,0.4434431446513668,0.3575906661351563,23,Off-Peak,Summer,True,True,True,False,0.27,0.0965494798564922,0.07350474803889323,-0.023044731817598973
2018-08-25 00:00:00,75.9165964377838,0.632552706148636,0.0,0.2749620423471048,0.3575906638015312,0,Off-Peak,Summer,True,True,True,False,0.27,0.09654947922641344,0.07350474755920364,-0.0230447316672098
2018-08-25 01:00:00,74.61339040245947,0.5306487955683669,0.0,0.1730581317699837,0.3575906637983831,1,Off-Peak,Summer,True,True,True,False,0.27,0.09654947922556345,0.07350474755855653,-0.02304473166700692
2018-08-25 02:00:00,73.87875093789961,0.4551488833457875,0.0,0.0975582195491569,0.3575906637966305,2,Off-Peak,Summer,True,True,True,False,0.27,0.09654947922509025,0.07350474755819628,-0.02304473166689397
2018-08-25 03:00:00,73.41303942480533,0.4194337203987038,0.0,0.0618430566021852,0.3575906637965185,3,Off-Peak,Summer,True,True,True,False,0.27,0.09654947922506,0.07350474755817324,-0.023044731666886767
2018-08-25 04:00:00,72.9859724139924,0.4142936209367181,0.0,0.0567029571395874,0.3575906637971306,4,Off-Peak,Summer,True,True,True,False,0.27,0.09654947922522528,0.07350474755829907,-0.023044731666926208
2018-08-25 05:00:00,72.51073321782826,0.4206759524298109,0.0,0.0630852886320144,0.3575906637977964,5,Off-Peak,Summer,True,True,True,False,0.27,0.09654947922540504,0.07350474755843593,-0.023044731666969104
2018-08-25 19:00:00,90.24793314603204,0.7493462837837835,0.0,0.391755610067127,0.3575906737166565,19,Peak,Summer,True,True,True,False,0.47,0.16806761664682854,0.07350474959731272,-0.09456286704951582
2018-08-25 20:00:00,87.30058112444155,0.7506418918918918,0.0,0.3930512248049149,0.3575906670869768,20,Peak,Summer,True,True,True,False,0.47,0.16806761353087907,0.07350474823454523,-0.09456286529633384
2018-08-25 21:00:00,84.26187061438598,0.7622347972972974,0.0,0.4046441310192786,0.3575906662780188,21,Peak,Summer,True,True,True,False,0.47,0.16806761315066882,0.0735047480682594,-0.09456286508240941
2018-08-25 22:00:00,80.9787622222424,0.7941385135135136,0.0,0.4365478468639395,0.357590666649574,22,Off-Peak,Summer,True,True,True,False,0.27,0.09654947999538499,0.07350474814463466,-0.02304473185075033
2018-08-25 23:00:00,77.64569714126608,0.800203251948849,0.0,0.442612585819909,0.35759066612894,23,Off-Peak,Summer,True,True,True,False,0.27,0.09654947985481381,0.07350474803761545,-0.023044731817198363
2018-08-26 00:00:00,75.50802400119252,0.641415738930825,0.0,0.2838250751198097,0.3575906638110153,0,Off-Peak,Summer,True,True,True,False,0.27,0.09654947922897414,0.07350474756115315,-0.023044731667820992
2018-08-26 01:00:00,74.26428153605366,0.5227272385565845,0.0,0.1651365747600805,0.357590663796504,1,Off-Peak,Summer,True,True,True,False,0.27,0.09654947922505609,0.07350474755817027,-0.023044731666885823
2018-08-26 02:00:00,73.60502268158992,0.4451284477273196,0.0,0.0875377839305088,0.3575906637968107,2,Off-Peak,Summer,True,True,True,False,0.27,0.0965494792251389,0.07350474755823332,-0.023044731666905585
2018-08-26 03:00:00,73.15285176552966,0.4176269553630253,0.0,0.0600362915664543,0.3575906637965709,3,Off-Peak,Summer,True,True,True,False,0.27,0.09654947922507415,0.07350474755818402,-0.023044731666890125
2018-08-26 04:00:00,72.64370407686872,0.4251761466457225,0.0,0.0675854828475429,0.3575906637981796,4,Off-Peak,Summer,True,True,True,False,0.27,0.0965494792255085,0.0735047475585147,-0.023044731666993792
2018-08-26 05:00:00,72.05359608176842,0.4359009574656669,0.0,0.078310293665586,0.3575906638000808,5,Off-Peak,Summer,True,True,True,False,0.27,0.09654947922602182,0.0735047475589055,-0.02304473166711632
2018-08-26 19:00:00,90.09201258323662,0.7489442567567568,0.0,0.3913535839702328,0.3575906727865239,19,Peak,Summer,True,True,True,False,0.47,0.16806761620966623,0.0735047494061188,-0.09456286680354743
2018-08-26 20:00:00,87.12147468786817,0.7536739864864864,0.0,0.396083319347285,0.3575906671392014,20,Peak,Summer,True,True,True,False,0.47,0.16806761355542466,0.07350474824528028,-0.09456286531014438
2018-08-26 21:00:00,84.15591173222691,0.752472972972973,0.0,0.3948823071414104,0.3575906658315625,21,Peak,Summer,True,True,True,False,0.47,0.16806761294083436,0.07350474797648786,-0.0945628649643465
2018-08-26 22:00:00,81.07708729222189,0.7670168918918919,0.0,0.4094262260908088,0.357590665801083,22,Off-Peak,Summer,True,True,True,False,0.27,0.09654947976629241,0.07350474797022262,-0.023044731796069792
2018-08-26 23:00:00,77.99735982557567,0.7666530068997554,0.0,0.4090623414776929,0.3575906654220624,23,Off-Peak,Summer,True,True,True,False,0.27,0.09654947966395686,0.07350474789231283,-0.023044731771644025
2018-08-27 00:00:00,75.94123019274667,0.6435866500027342,0.0,0.2730426568272117,0.3705439931755225,0,Off-Peak,Summer,True,True,True,False,0.27,0.10004687815739108,0.07616737637496851,-0.02387950178242257
2018-08-27 01:00:00,74.91583901623406,0.5067333347386299,0.0,0.1361893415859415,0.3705439931526884,1,Off-Peak,Summer,True,True,True,False,0.27,0.10004687815122587,0.07616737637027483,-0.023879501780951037
2018-08-27 02:00:00,74.4943900168161,0.4265289186398093,0.0,0.0559849254905207,0.3705439931492885,2,Off-Peak,Summer,True,True,True,False,0.27,0.1000468781503079,0.07616737636957596,-0.023879501780731935
2018-08-27 03:00:00,74.18325930722067,0.411871816560311,0.0,0.0413278234115083,0.3705439931488027,3,Off-Peak,Summer,True,True,True,False,0.27,0.10004687815017674,0.07616737636947611,-0.023879501780700627
2018-08-27 04:00:00,73.85771775704855,0.4137801756827897,0.0,0.0432361825338254,0.3705439931489642,4,Off-Peak,Summer,True,True,True,False,0.27,0.10004687815022034,0.07616737636950931,-0.023879501780711035
2018-08-27 05:00:00,73.48862510227431,0.419556050451713,0.0,0.0490120573024702,0.3705439931492427,5,Off-Peak,Summer,True,True,True,False,0.27,0.10004687815029553,0.07616737636956655,-0.02387950178072898
2018-08-27 19:00:00,90.54993622361492,0.7116435810810811,0.0,0.3410995828117412,0.3705439982693398,19,Peak,Summer,True,True,True,False,0.47,0.1741556791865897,0.07616737742203096,-0.09798830176455874
2018-08-27 20:00:00,87.85276796526477,0.7303496621621621,0.0,0.3598056662778089,0.3705439958843532,20,Peak,Summer,True,True,True,False,0.47,0.174155678065646,0.07616737693178371,-0.09798830113386228
2018-08-27 21:00:00,85.06737348518301,0.7416030405405406,0.0,0.3710590454683902,0.3705439950721503,21,Peak,Summer,True,True,True,False,0.47,0.17415567768391063,0.0761673767648309,-0.09798830091907973
2018-08-27 22:00:00,82.09237170961086,0.7663271641920736,0.0,0.3957831690431617,0.3705439951489118,22,Off-Peak,Summer,True,True,True,False,0.27,0.10004687869020619,0.07616737678060964,-0.02387950190959655
2018-08-27 23:00:00,78.85407307287969,0.8007523159320417,0.0,0.4302083202636657,0.370543995668376,23,Off-Peak,Summer,True,True,True,False,0.27,0.10004687883046152,0.0761673768873884,-0.02387950194307313
2018-08-28 00:00:00,76.6920285476634,0.6577045790918562,0.0,0.2871605859122348,0.3705439931796213,0,Off-Peak,Summer,True,True,True,False,0.27,0.10004687815849775,0.07616737637581103,-0.02387950178268672
2018-08-28 01:00:00,75.86408961463006,0.4805554745661036,0.0,0.1100114814023813,0.3705439931637223,1,Off-Peak,Summer,True,True,True,False,0.27,0.10004687815420502,0.07616737637254291,-0.023879501781662107
2018-08-28 02:00:00,75.45225886058661,0.4252693561080602,0.0,0.0547253629594597,0.3705439931486005,2,Off-Peak,Summer,True,True,True,False,0.27,0.10004687815012214,0.07616737636943455,-0.023879501780687595
2018-08-28 03:00:00,75.03199929715882,0.4263800997000487,0.0,0.0558361065505371,0.3705439931495115,3,Off-Peak,Summer,True,True,True,False,0.27,0.1000468781503681,0.0761673763696218,-0.0238795017807463
2018-08-28 04:00:00,74.68298978559359,0.4169092897245841,0.0,0.0463652965757616,0.3705439931488224,4,Off-Peak,Summer,True,True,True,False,0.27,0.10004687815018205,0.07616737636948016,-0.02387950178070189
2018-08-28 05:00:00,74.29491947970499,0.422089567317652,0.0,0.0515455741685586,0.3705439931490934,5,Off-Peak,Summer,True,True,True,False,0.27,0.10004687815025523,0.07616737636953587,-0.02387950178071936
2018-08-28 19:00:00,90.78871360832022,0.7101300675675676,0.0,0.3395860685714554,0.3705439989961121,19,Peak,Summer,True,True,True,False,0.47,0.17415567952817268,0.07616737757142304,-0.09798830195674964
2018-08-28 20:00:00,88.03415856630247,0.7380135135135135,0.0,0.3674695171389998,0.3705439963745137,20,Peak,Summer,True,True,True,False,0.47,0.1741556782960214,0.07616737703253891,-0.0979883012634825
2018-08-28 21:00:00,85.12814426247198,0.7576402027027026,0.0,0.3870962071622892,0.3705439955404133,21,Peak,Summer,True,True,True,False,0.47,0.17415567790399422,0.07616737686108495,-0.09798830104290927
2018-08-28 22:00:00,81.94704650353628,0.7936554054054055,0.0,0.4231114095167816,0.3705439958886238,22,Off-Peak,Summer,True,True,True,False,0.27,0.10004687888992843,0.07616737693266155,-0.023879501957266874
2018-08-28 23:00:00,78.75271124782739,0.7948876687884697,0.0,0.4243436737035291,0.3705439950849405,23,Off-Peak,Summer,True,True,True,False,0.27,0.10004687867293395,0.07616737676745998,-0.02387950190547397
2018-08-29 00:00:00,76.81620593816135,0.6277817357391093,0.0,0.2572377425893054,0.3705439931498039,0,Off-Peak,Summer,True,True,True,False,0.27,0.10004687815044706,0.0761673763696819,-0.02387950178076516
2018-08-29 01:00:00,76.01412731820571,0.4771224390160336,0.0,0.1065784458594524,0.3705439931565811,1,Off-Peak,Summer,True,True,True,False,0.27,0.1000468781522769,0.07616737637107501,-0.023879501781201892
2018-08-29 02:00:00,75.62592337194278,0.4221316789321582,0.0,0.0515876857833652,0.3705439931487929,2,Off-Peak,Summer,True,True,True,False,0.27,0.10004687815017409,0.0761673763694741,-0.023879501780699988
2018-08-29 03:00:00,75.35451597881242,0.4066093466909994,0.0,0.0360653535423117,0.3705439931486876,3,Off-Peak,Summer,True,True,True,False,0.27,0.10004687815014565,0.07616737636945245,-0.023879501780693202
2018-08-29 04:00:00,75.04950656924781,0.4110689630088461,0.0,0.0405249698600181,0.3705439931488279,4,Off-Peak,Summer,True,True,True,False,0.27,0.10004687815018354,0.07616737636948129,-0.02387950178070225
2018-08-29 05:00:00,74.65670172220966,0.422723432565872,0.0,0.0521794394163631,0.3705439931495088,5,Off-Peak,Summer,True,True,True,False,0.27,0.10004687815036739,0.07616737636962125,-0.023879501780746146
2018-08-29 19:00:00,90.57403345168996,0.7218766891891892,0.0,0.3513326897873831,0.3705439994018061,19,Peak,Summer,True,True,True,False,0.47,0.17415567971884885,0.0761673776548157,-0.09798830206403315
2018-08-29 20:00:00,87.87438802408492,0.7306537162162162,0.0,0.3601097204376461,0.3705439957785701,20,Peak,Summer,True,True,True,False,0.47,0.17415567801592793,0.0761673769100394,-0.09798830110588853
2018-08-29 21:00:00,85.00958544393858,0.7521233108108109,0.0,0.3815793154108502,0.3705439953999606,21,Peak,Summer,True,True,True,False,0.47,0.17415567783798147,0.07616737683221411,-0.09798830100576736
2018-08-29 22:00:00,81.95658930768225,0.7766300675675677,0.0,0.406086072242138,0.3705439953254296,22,Off-Peak,Summer,True,True,True,False,0.27,0.100046878737866,0.07616737681689385,-0.023879501920972143
2018-08-29 23:00:00,78.83493202467123,0.7852452991606301,0.0,0.4147013041516839,0.3705439950089462,23,Off-Peak,Summer,True,True,True,False,0.27,0.10004687865241547,0.07616737675183893,-0.02387950190057654
2018-08-30 00:00:00,76.75135844670528,0.6493125000000001,0.0,0.2767331652505266,0.3725793347494734,0,Off-Peak,Summer,True,True,True,False,0.27,0.10059642038235783,0.07658575214294731,-0.024010668239410518
2018-08-30 01:00:00,75.75986756143196,0.5042945349262542,0.0,0.131715200199115,0.3725793347271392,1,Off-Peak,Summer,True,True,True,False,0.27,0.1005964203763276,0.0765857521383564,-0.024010668237971197
2018-08-30 02:00:00,75.28285644589077,0.4359543725009667,0.0,0.0633750377789098,0.3725793347220568,2,Off-Peak,Summer,True,True,True,False,0.27,0.10059642037495534,0.07658575213731168,-0.024010668237643654
2018-08-30 03:00:00,74.83748426695583,0.4317417136025718,0.0,0.059162378879929,0.3725793347226427,3,Off-Peak,Summer,True,True,True,False,0.27,0.10059642037511354,0.0765857521374321,-0.024010668237681443
2018-08-30 04:00:00,74.51701675257205,0.4151472361890621,0.0,0.0425679014671533,0.3725793347219087,4,Off-Peak,Summer,True,True,True,False,0.27,0.10059642037491535,0.07658575213728122,-0.024010668237634133
2018-08-30 05:00:00,74.2293055763229,0.4107925947514729,0.0,0.0382132600295371,0.3725793347219358,5,Off-Peak,Summer,True,True,True,False,0.27,0.10059642037492267,0.07658575213728679,-0.024010668237635882
2018-08-30 19:00:00,90.05172472063634,0.7108057432432432,0.0,0.3382264039098319,0.3725793393334113,19,Peak,Summer,True,True,True,False,0.47,0.1751122894867033,0.0765857530852012,-0.0985265364015021
2018-08-30 20:00:00,87.23261715354552,0.7484594594594595,0.0,0.3758801215468639,0.3725793379125955,20,Peak,Summer,True,True,True,False,0.47,0.17511228881891988,0.07658575279314463,-0.09852653602577525
2018-08-30 21:00:00,84.30321030133821,0.7626131756756757,0.0,0.3900338387632187,0.372579336912457,21,Peak,Summer,True,True,True,False,0.47,0.17511228834885478,0.0765857525875606,-0.09852653576129418
2018-08-30 22:00:00,81.20010151682166,0.7851790540540541,0.0,0.4125997171329092,0.3725793369211448,22,Off-Peak,Summer,True,True,True,False,0.27,0.1005964209687091,0.07658575258934643,-0.02401066837936268
2018-08-30 23:00:00,78.09506339761604,0.7849429191990472,0.0,0.4123635827719566,0.3725793364270906,23,Off-Peak,Summer,True,True,True,False,0.27,0.10059642083531448,0.07658575248779084,-0.024010668347523634
2018-08-31 00:00:00,76.01566874001104,0.6486687501931966,0.0,0.2760894154436494,0.3725793347495472,0,Off-Peak,Summer,True,True,True,False,0.27,0.10059642038237775,0.07658575214296248,-0.024010668239415264
2018-08-31 01:00:00,75.02855639461265,0.503670694581037,0.0,0.1310913598535224,0.3725793347275145,1,Off-Peak,Summer,True,True,True,False,0.27,0.10059642037642892,0.07658575213843352,-0.0240106682379954
2018-08-31 02:00:00,74.38944495668503,0.4574502928057508,0.0,0.084870958083804,0.3725793347219467,2,Off-Peak,Summer,True,True,True,False,0.27,0.10059642037492562,0.07658575213728903,-0.02401066823763659
2018-08-31 03:00:00,73.99587759178857,0.4248421999882653,0.0,0.0522628652663656,0.3725793347218996,3,Off-Peak,Summer,True,True,True,False,0.27,0.1005964203749129,0.07658575213727936,-0.024010668237633537
2018-08-31 04:00:00,73.7091016296446,0.410659025429876,0.0,0.0380796907079438,0.3725793347219321,4,Off-Peak,Summer,True,True,True,False,0.27,0.10059642037492168,0.07658575213728605,-0.024010668237635632
2018-08-31 05:00:00,73.39144907892853,0.414752998016474,0.0,0.0421736632942864,0.3725793347221875,5,Off-Peak,Summer,True,True,True,False,0.27,0.10059642037499064,0.07658575213733854,-0.024010668237652105
2018-08-31 19:00:00,90.35723862160528,0.7179425675675676,0.0,0.3453632280111721,0.3725793395563955,19,Peak,Summer,True,True,True,False,0.47,0.17511228959150588,0.07658575313103685,-0.09852653646046902
2018-08-31 20:00:00,87.56987765842506,0.7442804054054054,0.0,0.3717010675957825,0.3725793378096229,20,Peak,Summer,True,True,True,False,0.47,0.17511228877052273,0.07658575277197804,-0.09852653599854469
2018-08-31 21:00:00,84.50742287003997,0.7803158783783785,0.0,0.4077365406702276,0.3725793377081508,21,Peak,Summer,True,True,True,False,0.47,0.17511228872283088,0.0765857527511199,-0.09852653597171099
2018-08-31 22:00:00,81.30599231637719,0.7982280405405406,0.0,0.4256487033739126,0.372579337166628,22,Off-Peak,Summer,True,True,True,False,0.27,0.10059642103498957,0.07658575263980687,-0.024010668395182705
2018-08-31 23:00:00,78.25305580260321,0.7780414034190114,0.0,0.405462067328517,0.3725793360904944,23,Off-Peak,Summer,True,True,True,False,0.27,0.10059642074443349,0.07658575241860162,-0.024010668325831874
2018-09-01 00:00:00,76.15691738733777,0.6408788761539582,0.0,0.2783126122206961,0.3625662639332621,0,Off-Peak,Fall,True,True,True,False,0.27,0.09789289126198077,0.07452750980850387,-0.0233653814534769
2018-09-01 01:00:00,75.07583434166234,0.5061260230087021,0.0,0.1435597591150056,0.3625662638936965,1,Off-Peak,Fall,True,True,True,False,0.27,0.09789289125129806,0.07452750980037094,-0.02336538145092712
2018-09-01 02:00:00,74.50693245210148,0.4381167031208757,0.0,0.0755504392295966,0.362566263891279,2,Off-Peak,Fall,True,True,True,False,0.27,0.09789289125064533,0.07452750979987402,-0.023365381450771314
2018-09-01 03:00:00,74.00006978495655,0.4298668424957735,0.0,0.0673005786036468,0.3625662638921267,3,Off-Peak,Fall,True,True,True,False,0.27,0.09789289125087422,0.07452750980004826,-0.023365381450825964
2018-09-01 04:00:00,73.58955378862014,0.4170681441759546,0.0,0.0545018802846364,0.3625662638913182,4,Off-Peak,Fall,True,True,True,False,0.27,0.09789289125065592,0.07452750979988207,-0.023365381450773853
2018-09-01 05:00:00,73.15159228089514,0.4207009952435541,0.0,0.0581347313516959,0.3625662638918581,5,Off-Peak,Fall,True,True,True,False,0.27,0.0978928912508017,0.07452750979999305,-0.023365381450808645
2018-09-01 19:00:00,89.44420191285622,0.7676081081081081,0.0,0.4050418368040318,0.3625662713040762,19,Peak,Fall,True,True,True,False,0.47,0.1704061475129158,0.07452751132361565,-0.09587863618930015
2018-09-01 20:00:00,86.26328470842876,0.7863648648648649,0.0,0.4237985969051932,0.3625662679596717,20,Peak,Fall,True,True,True,False,0.47,0.17040614594104567,0.07452751063615473,-0.09587863530489094
2018-09-01 21:00:00,82.90234367689234,0.8096486486486487,0.0,0.447082381327299,0.3625662673213497,21,Peak,Fall,True,True,True,False,0.47,0.17040614564103437,0.0745275105049441,-0.09587863513609027
2018-09-01 22:00:00,79.27394547893772,0.8444695945945946,0.0,0.481903326716678,0.3625662678779165,22,Off-Peak,Fall,True,True,True,False,0.27,0.09789289232703746,0.07452751061934951,-0.023365381707687954
2018-09-01 23:00:00,75.82493384508335,0.8200871062676476,0.0,0.4575208402048421,0.3625662660628054,23,Off-Peak,Fall,True,True,True,False,0.27,0.09789289183695746,0.07452751024624334,-0.02336538159071412
2018-09-02 00:00:00,73.6881422798119,0.6459860380942861,0.0,0.2834197741960118,0.3625662638982743,0,Off-Peak,Fall,True,True,True,False,0.27,0.09789289125253406,0.07452750980131194,-0.02336538145122212
2018-09-02 01:00:00,72.7810162487008,0.4829234313137492,0.0,0.1203571674123129,0.3625662639014362,1,Off-Peak,Fall,True,True,True,False,0.27,0.09789289125338778,0.07452750980196188,-0.0233653814514259
2018-09-02 02:00:00,72.35595048142403,0.4189691264835767,0.0,0.0564028625921318,0.3625662638914448,2,Off-Peak,Fall,True,True,True,False,0.27,0.0978928912506901,0.07452750979990809,-0.023365381450782013
2018-09-02 03:00:00,71.9882878147585,0.4113464887422893,0.0,0.048780224850999,0.3625662638912902,3,Off-Peak,Fall,True,True,True,False,0.27,0.09789289125064836,0.07452750979987631,-0.02336538145077205
2018-09-02 04:00:00,71.57275582688123,0.4176868739973808,0.0,0.055120610105191,0.3625662638921897,4,Off-Peak,Fall,True,True,True,False,0.27,0.09789289125089123,0.07452750980006122,-0.023365381450830017
2018-09-02 05:00:00,71.07358788065739,0.4287646586565937,0.0,0.066198394763718,0.3625662638928756,5,Off-Peak,Fall,True,True,True,False,0.27,0.09789289125107642,0.07452750980020222,-0.023365381450874204
2018-09-02 19:00:00,89.40936449137922,0.7552364864864864,0.0,0.3926702167316073,0.3625662697548791,19,Peak,Fall,True,True,True,False,0.47,0.17040614678479316,0.07452751100516959,-0.09587863577962356
2018-09-02 20:00:00,86.4670306629538,0.7546469594594594,0.0,0.3920806927788938,0.3625662666805656,20,Peak,Fall,True,True,True,False,0.47,0.1704061453398658,0.07452751037322737,-0.09587863496663844
2018-09-02 21:00:00,83.10083423430515,0.8103597972972972,0.0,0.4477935292671102,0.362566268030187,21,Peak,Fall,True,True,True,False,0.47,0.17040614597418788,0.07452751065064954,-0.09587863532353834
2018-09-02 22:00:00,79.42217979861627,0.8511334459459459,0.0,0.4885671777141842,0.3625662682317617,22,Off-Peak,Fall,True,True,True,False,0.27,0.09789289242257566,0.07452751069208435,-0.02336538173049131
2018-09-02 23:00:00,75.80081410854372,0.8428757946858796,0.0,0.4803095278201799,0.3625662668656997,23,Off-Peak,Fall,True,True,True,False,0.27,0.09789289205373893,0.07452751041128272,-0.023365381642456204
2018-09-03 00:00:00,73.49303843017142,0.6685970383833216,0.0,0.3060307744719606,0.362566263911361,0,Off-Peak,Fall,True,True,True,False,0.27,0.09789289125606747,0.07452750980400198,-0.023365381452065487
2018-09-03 01:00:00,72.45940947657097,0.4996735675649441,0.0,0.137107303663292,0.362566263901652,1,Off-Peak,Fall,True,True,True,False,0.27,0.09789289125344604,0.07452750980200623,-0.023365381451439807
2018-09-03 02:00:00,71.89332969265142,0.437656866257618,0.0,0.0750906023664786,0.3625662638911394,2,Off-Peak,Fall,True,True,True,False,0.27,0.09789289125060764,0.07452750979984532,-0.02336538145076232
2018-09-03 03:00:00,71.4605179510081,0.4199729048332213,0.0,0.0574066409419896,0.3625662638912316,3,Off-Peak,Fall,True,True,True,False,0.27,0.09789289125063254,0.07452750979986426,-0.023365381450768274
2018-09-03 04:00:00,71.01574807958798,0.4215478268562357,0.0,0.0589815629642664,0.3625662638919693,4,Off-Peak,Fall,True,True,True,False,0.27,0.09789289125083171,0.0745275098000159,-0.023365381450815806
2018-09-03 05:00:00,70.56296975677306,0.4225983048360971,0.0,0.060032040943936,0.362566263892161,5,Off-Peak,Fall,True,True,True,False,0.27,0.09789289125088348,0.07452750980005532,-0.023365381450828157
2018-09-03 19:00:00,90.30139740776671,0.709518581081081,0.0,0.3469523123858778,0.3625662686952032,19,Peak,Fall,True,True,True,False,0.47,0.1704061462867455,0.07452751078734733,-0.09587863549939817
2018-09-03 20:00:00,87.38604869600573,0.7512128378378379,0.0,0.3886465701094785,0.3625662677283593,20,Peak,Fall,True,True,True,False,0.47,0.17040614583232888,0.07452751058860718,-0.0958786352437217
2018-09-03 21:00:00,84.18770209272817,0.788241554054054,0.0,0.4256752867039225,0.3625662673501315,21,Peak,Fall,True,True,True,False,0.47,0.17040614565456177,0.07452751051086036,-0.09587863514370142
2018-09-03 22:00:00,80.73381658884948,0.8215456081081081,0.0,0.4589793407563924,0.3625662673517156,22,Off-Peak,Fall,True,True,True,False,0.27,0.09789289218496322,0.07452751051118599,-0.023365381673777233
2018-09-03 23:00:00,77.39645704466423,0.8055228546114761,0.0,0.4429565886982301,0.362566265913246,23,Off-Peak,Fall,True,True,True,False,0.27,0.09789289179657643,0.07452751021550057,-0.02336538158107586
2018-09-04 00:00:00,75.40425778839791,0.6555826062935577,0.0,0.2644111216657218,0.3911714846278358,0,Off-Peak,Fall,True,True,True,False,0.27,0.10561630084951568,0.08040747184016625,-0.025208829009349426
2018-09-04 01:00:00,74.46717834388022,0.5155703948065172,0.0,0.1243989101741357,0.3911714846323815,1,Off-Peak,Fall,True,True,True,False,0.27,0.10561630085074301,0.08040747184110064,-0.025208829009642372
2018-09-04 02:00:00,74.12236596525608,0.4369545997801957,0.0,0.0457831151522892,0.3911714846279064,2,Off-Peak,Fall,True,True,True,False,0.27,0.10561630084953473,0.08040747184018077,-0.025208829009353964
2018-09-04 03:00:00,73.93444392405613,0.41612349566269,0.0,0.0249520110353087,0.3911714846273813,3,Off-Peak,Fall,True,True,True,False,0.27,0.10561630084939297,0.08040747184007282,-0.025208829009320144
2018-09-04 04:00:00,73.76047342159167,0.4142696311312088,0.0,0.0230981465037997,0.3911714846274091,4,Off-Peak,Fall,True,True,True,False,0.27,0.10561630084940046,0.08040747184007853,-0.025208829009321934
2018-09-04 05:00:00,73.5373624308229,0.4207906412180376,0.0,0.0296191565905614,0.3911714846274762,5,Off-Peak,Fall,True,True,True,False,0.27,0.10561630084941857,0.08040747184009232,-0.02520882900932625
2018-09-04 19:00:00,90.5593853032628,0.7268868243243244,0.0,0.3357153350390052,0.3911714892853192,19,Peak,Fall,True,True,True,False,0.47,0.18385059996410003,0.08040747279753782,-0.1034431271665622
2018-09-04 20:00:00,87.73321812472442,0.7679983108108109,0.0,0.3768268225803204,0.3911714882304904,20,Peak,Fall,True,True,True,False,0.47,0.1838505994683305,0.08040747258071192,-0.10344312688761857
2018-09-04 21:00:00,84.59129964911402,0.8094037162162163,0.0,0.4182322281391732,0.391171488077043,21,Peak,Fall,True,True,True,False,0.47,0.1838505993962102,0.08040747254916994,-0.10344312684704027
2018-09-04 22:00:00,81.21083047792325,0.8404763513513513,0.0,0.4493048634816529,0.3911714878696984,22,Off-Peak,Fall,True,True,True,False,0.27,0.10561630172481858,0.08040747250654912,-0.02520882921826946
2018-09-04 23:00:00,78.10035218191487,0.8041583839993451,0.0,0.4129868980664977,0.3911714859328474,23,Off-Peak,Fall,True,True,True,False,0.27,0.10561630120186881,0.08040747210841863,-0.02520882909345018
2018-09-05 00:00:00,76.25743733228516,0.6358582821645533,0.0,0.2446867975371999,0.3911714846273534,0,Off-Peak,Fall,True,True,True,False,0.27,0.10561630084938543,0.0804074718400671,-0.02520882900931834
2018-09-05 01:00:00,75.56176301735708,0.4835706189691205,0.0,0.0923991343345526,0.3911714846345678,1,Off-Peak,Fall,True,True,True,False,0.27,0.10561630085133332,0.08040747184155005,-0.025208829009783273
2018-09-05 02:00:00,75.31190904318133,0.4243618707123269,0.0,0.033190386084807,0.3911714846275199,2,Off-Peak,Fall,True,True,True,False,0.27,0.10561630084943037,0.0804074718401013,-0.025208829009329067
2018-09-05 03:00:00,75.14007567327471,0.4139971426204535,0.0,0.022825657993068,0.3911714846273854,3,Off-Peak,Fall,True,True,True,False,0.27,0.10561630084939407,0.08040747184007366,-0.025208829009320408
2018-09-05 04:00:00,74.9808570966643,0.4123202893691585,0.0,0.0211488047417961,0.3911714846273623,4,Off-Peak,Fall,True,True,True,False,0.27,0.10561630084938782,0.08040747184006891,-0.02520882900931891
2018-09-05 05:00:00,74.68723265549391,0.4301659529641571,0.0,0.0389944683364414,0.3911714846277156,5,Off-Peak,Fall,True,True,True,False,0.27,0.10561630084948323,0.08040747184014153,-0.025208829009341696
2018-09-05 19:00:00,90.402636525151,0.7476520270270269,0.0,0.3564805362774473,0.3911714907495796,19,Peak,Fall,True,True,True,False,0.47,0.18385060065230238,0.08040747309852468,-0.1034431275537777
2018-09-05 20:00:00,87.3564810199143,0.7971858108108109,0.0,0.406014321482753,0.3911714893280578,20,Peak,Fall,True,True,True,False,0.47,0.18385059998418715,0.08040747280632299,-0.10344312717786416
2018-09-05 21:00:00,84.29139365837905,0.7991234770615373,0.0,0.4079519900003277,0.3911714870612096,21,Peak,Fall,True,True,True,False,0.47,0.18385059891876848,0.08040747234035975,-0.10344312657840873
2018-09-05 22:00:00,81.23845484666937,0.7970035333717908,0.0,0.4058320469750519,0.3911714863967389,22,Off-Peak,Fall,True,True,True,False,0.27,0.10561630132711951,0.0804074722037741,-0.025208829123345405
2018-09-05 23:00:00,78.2369649244237,0.7897153496252515,0.0,0.3985438636020827,0.3911714860231687,23,Off-Peak,Fall,True,True,True,False,0.27,0.10561630122625555,0.08040747212698468,-0.02520882909927087
2018-09-06 00:00:00,76.50645964067739,0.6209597661885937,0.0,0.2297882815607766,0.3911714846278171,0,Off-Peak,Fall,True,True,True,False,0.27,0.10561630084951062,0.08040747184016239,-0.025208829009348233
2018-09-06 01:00:00,75.85802987953097,0.4773039979543115,0.0,0.0861325133200284,0.3911714846342831,1,Off-Peak,Fall,True,True,True,False,0.27,0.10561630085125644,0.08040747184149152,-0.025208829009764913
2018-09-06 02:00:00,75.56316833067763,0.4303418045579506,0.0,0.0391703199304681,0.3911714846274824,2,Off-Peak,Fall,True,True,True,False,0.27,0.10561630084942025,0.08040747184009361,-0.02520882900932664
2018-09-06 03:00:00,75.41089843199522,0.4113998811709619,0.0,0.0202283965435759,0.391171484627386,3,Off-Peak,Fall,True,True,True,False,0.27,0.10561630084939422,0.08040747184007378,-0.025208829009320435
2018-09-06 04:00:00,75.17234954858442,0.4228572639293932,0.0,0.0316857793018417,0.3911714846275514,4,Off-Peak,Fall,True,True,True,False,0.27,0.10561630084943889,0.0804074718401078,-0.025208829009331093
2018-09-06 05:00:00,74.80468193585969,0.4399973559310076,0.0,0.0488258713026128,0.3911714846283947,5,Off-Peak,Fall,True,True,True,False,0.27,0.10561630084966657,0.08040747184028113,-0.02520882900938544
2018-09-06 19:00:00,90.24586053709903,0.7510304054054053,0.0,0.3598589148943915,0.3911714905110138,19,Peak,Fall,True,True,True,False,0.47,0.18385060054017646,0.08040747304948616,-0.1034431274906903
2018-09-06 20:00:00,87.60071492806532,0.7438429054054053,0.0,0.3526714186626282,0.3911714867427771,20,Peak,Fall,True,True,True,False,0.47,0.18385059876910523,0.08040747227490418,-0.10344312649420105
2018-09-06 21:00:00,84.6948365630893,0.7780185810810812,0.0,0.3868470939996284,0.3911714870814528,21,Peak,Fall,True,True,True,False,0.47,0.1838505989282828,0.08040747234452085,-0.10344312658376194
2018-09-06 22:00:00,81.26691731877187,0.8467432432432432,0.0,0.4555717544818027,0.3911714887614405,22,Off-Peak,Fall,True,True,True,False,0.27,0.10561630196558894,0.08040747268985166,-0.025208829275737282
2018-09-06 23:00:00,78.00696133611014,0.8239180729563771,0.0,0.4327465865650361,0.391171486391341,23,Off-Peak,Fall,True,True,True,False,0.27,0.10561630132566208,0.08040747220266452,-0.02520882912299756
2018-09-07 00:00:00,76.03972364033956,0.6523034921791081,0.0,0.2611320075507934,0.3911714846283147,0,Off-Peak,Fall,True,True,True,False,0.27,0.10561630084964498,0.08040747184026469,-0.02520882900938029
2018-09-07 01:00:00,75.22606802093274,0.4992108728744144,0.0,0.1080393882387378,0.3911714846356766,1,Off-Peak,Fall,True,True,True,False,0.27,0.10561630085163268,0.08040747184177796,-0.025208829009854716
2018-09-07 02:00:00,74.84793729285275,0.4413853246619537,0.0,0.0502138400344224,0.3911714846275312,2,Off-Peak,Fall,True,True,True,False,0.27,0.10561630084943344,0.08040747184010363,-0.025208829009329803
2018-09-07 03:00:00,74.52734945072605,0.4337399673828038,0.0,0.0425684827553651,0.3911714846274386,3,Off-Peak,Fall,True,True,True,False,0.27,0.10561630084940843,0.08040747184008461,-0.02520882900932382
2018-09-07 04:00:00,74.15843897200133,0.4401480380281785,0.0,0.0489765534004893,0.3911714846276891,4,Off-Peak,Fall,True,True,True,False,0.27,0.10561630084947606,0.0804074718401361,-0.02520882900933996
2018-09-07 05:00:00,73.73207831337237,0.4477638922954006,0.0,0.0565924076673386,0.3911714846280619,5,Off-Peak,Fall,True,True,True,False,0.27,0.10561630084957672,0.08040747184021273,-0.025208829009363998
2018-09-07 19:00:00,90.3761885543998,0.721097972972973,0.0,0.3299264847094809,0.3911714882634921,19,Peak,Fall,True,True,True,False,0.47,0.18385059948384128,0.0804074725874956,-0.10344312689634567
2018-09-07 20:00:00,87.617508140934,0.7589442567567568,0.0,0.3677727689704327,0.391171487786324,20,Peak,Fall,True,True,True,False,0.47,0.18385059925957226,0.08040747248941105,-0.10344312677016121
2018-09-07 21:00:00,84.49402230925483,0.806883445945946,0.0,0.4157119578867073,0.3911714880592387,21,Peak,Fall,True,True,True,False,0.47,0.18385059938784218,0.08040747254551017,-0.103443126842332
2018-09-07 22:00:00,81.25218067103654,0.822035472972973,0.0,0.4308639858256058,0.3911714871473671,22,Off-Peak,Fall,True,True,True,False,0.27,0.10561630152978913,0.0804074723580699,-0.025208829171719224
2018-09-07 23:00:00,78.21038351011909,0.7950196748243641,0.0,0.4038481889285083,0.3911714858958557,23,Off-Peak,Fall,True,True,True,False,0.27,0.10561630119188105,0.08040747210081478,-0.025208829091066268
2018-09-08 00:00:00,76.39903240856636,0.6316538039936369,0.0,0.2404823193661706,0.3911714846274663,0,Off-Peak,Fall,True,True,True,False,0.27,0.10561630084941591,0.0804074718400903,-0.025208829009325612
2018-09-08 01:00:00,75.64112326444916,0.4918233316958854,0.0,0.1006518470634551,0.3911714846324302,1,Off-Peak,Fall,True,True,True,False,0.27,0.10561630085075616,0.08040747184111065,-0.02520882900964551
2018-09-08 02:00:00,75.3266561186493,0.4329384226095585,0.0,0.0417669379819863,0.3911714846275721,2,Off-Peak,Fall,True,True,True,False,0.27,0.10561630084944448,0.08040747184011206,-0.025208829009332426
2018-09-08 03:00:00,75.11470790630806,0.4193213269211728,0.0,0.0281498422937846,0.3911714846273881,3,Off-Peak,Fall,True,True,True,False,0.27,0.1056163008493948,0.08040747184007421,-0.025208829009320588
2018-09-08 04:00:00,74.99246083749236,0.4074077243130086,0.0,0.0162362396856281,0.3911714846273804,4,Off-Peak,Fall,True,True,True,False,0.27,0.1056163008493927,0.08040747184007264,-0.02520882900932006
2018-09-08 05:00:00,74.7772839884051,0.4197463582539747,0.0,0.0285748736264719,0.3911714846275028,5,Off-Peak,Fall,True,True,True,False,0.27,0.10561630084942576,0.08040747184009779,-0.02520882900932797
2018-09-08 19:00:00,89.36767750985857,0.7706114864864865,0.0,0.3794399974144621,0.3911714890720243,19,Peak,Fall,True,True,True,False,0.47,0.1838505998638514,0.08040747275369388,-0.10344312711015753
2018-09-08 20:00:00,86.30042002383867,0.7997297297297297,0.0,0.4085582413824774,0.3911714883472522,20,Peak,Fall,True,True,True,False,0.47,0.1838505995232085,0.08040747260471295,-0.10344312691849555
2018-09-08 21:00:00,83.07582890120572,0.8200422297297297,0.0,0.4288707422082907,0.391171487521439,21,Peak,Fall,True,True,True,False,0.47,0.18385059913507631,0.08040747243496245,-0.10344312670011387
2018-09-08 22:00:00,79.59925143388438,0.8528597972972973,0.0,0.4616883093162486,0.3911714879810486,22,Off-Peak,Fall,True,True,True,False,0.27,0.10561630175488314,0.08040747252943777,-0.025208829225445373
2018-09-08 23:00:00,76.16546321408315,0.8465912162162162,0.0,0.4554197291819353,0.3911714870342809,23,Off-Peak,Fall,True,True,True,False,0.27,0.10561630149925585,0.08040747233482441,-0.025208829164431443
2018-09-09 00:00:00,74.1911618573315,0.6530304054054055,0.0,0.2618589207773855,0.39117148462802,0,Off-Peak,Fall,True,True,True,False,0.27,0.1056163008495654,0.08040747184020411,-0.02520882900936129
2018-09-09 01:00:00,73.42577234162383,0.492724591561569,0.0,0.1015531069254333,0.3911714846361356,1,Off-Peak,Fall,True,True,True,False,0.27,0.10561630085175662,0.08040747184187232,-0.025208829009884304
2018-09-09 02:00:00,73.0448332801249,0.4417180965117675,0.0,0.0505466118842622,0.3911714846275053,2,Off-Peak,Fall,True,True,True,False,0.27,0.10561630084942643,0.08040747184009832,-0.02520882900932811
2018-09-09 03:00:00,72.94173638494782,0.4048528785170268,0.0,0.0136813938896694,0.3911714846273573,3,Off-Peak,Fall,True,True,True,False,0.27,0.10561630084938647,0.08040747184006788,-0.02520882900931859
2018-09-09 04:00:00,72.81835195862072,0.4075441334353609,0.0,0.0163726488079655,0.3911714846273953,4,Off-Peak,Fall,True,True,True,False,0.27,0.10561630084939674,0.08040747184007571,-0.025208829009321032
2018-09-09 05:00:00,72.63806021135794,0.4150930536612245,0.0,0.0239215690337927,0.3911714846274318,5,Off-Peak,Fall,True,True,True,False,0.27,0.10561630084940658,0.0804074718400832,-0.025208829009323377
2018-09-09 19:00:00,89.69632214099151,0.7527939189189189,0.0,0.3616224302378376,0.3911714886810812,19,Peak,Fall,True,True,True,False,0.47,0.18385059968010817,0.08040747267333336,-0.10344312700677481
2018-09-09 20:00:00,86.95489210180114,0.7564932432432433,0.0,0.3653217563128305,0.3911714869304127,20,Peak,Fall,True,True,True,False,0.47,0.18385059885729396,0.08040747231347373,-0.10344312654382024
2018-09-09 21:00:00,83.81250341079853,0.8092364864864865,0.0,0.4180649985364806,0.3911714879500059,21,Peak,Fall,True,True,True,False,0.47,0.18385059933650275,0.08040747252305677,-0.10344312681344597
2018-09-09 22:00:00,80.50585950010317,0.8304662162162163,0.0,0.4392947289002261,0.3911714873159902,22,Off-Peak,Fall,True,True,True,False,0.27,0.10561630157531737,0.08040747239273131,-0.02520882918258606
2018-09-09 23:00:00,77.41939646492301,0.8007804054054054,0.0,0.4096089194574315,0.3911714859479738,23,Off-Peak,Fall,True,True,True,False,0.27,0.10561630120595293,0.08040747211152795,-0.025208829094424984
2018-09-10 00:00:00,75.42372064755666,0.6559763846014967,0.0,0.2648048999612503,0.3911714846402463,0,Off-Peak,Fall,True,True,True,False,0.27,0.10561630085286651,0.08040747184271729,-0.025208829010149217
2018-09-10 01:00:00,74.66516539370363,0.4918622801957664,0.0,0.1006907955560763,0.3911714846396901,1,Off-Peak,Fall,True,True,True,False,0.27,0.10561630085271634,0.08040747184260295,-0.025208829010113384
2018-09-10 02:00:00,74.42139209365209,0.4235360511080636,0.0,0.0323645664802904,0.3911714846277732,2,Off-Peak,Fall,True,True,True,False,0.27,0.10561630084949876,0.08040747184015337,-0.025208829009345388
2018-09-10 03:00:00,74.28448454240065,0.4093481108494744,0.0,0.0181766262220939,0.3911714846273805,3,Off-Peak,Fall,True,True,True,False,0.27,0.10561630084939275,0.08040747184007266,-0.02520882900932009
2018-09-10 04:00:00,74.13299803307083,0.411282347103115,0.0,0.0201108624757128,0.3911714846274021,4,Off-Peak,Fall,True,True,True,False,0.27,0.10561630084939858,0.0804074718400771,-0.025208829009321476
2018-09-10 05:00:00,73.92459734419988,0.4188349742424951,0.0,0.0276634896150168,0.3911714846274782,5,Off-Peak,Fall,True,True,True,False,0.27,0.10561630084941911,0.08040747184009273,-0.02520882900932639
2018-09-10 19:00:00,90.24412134758052,0.7400641891891891,0.0,0.348892699752197,0.3911714894369921,19,Peak,Fall,True,True,True,False,0.47,0.18385060003538628,0.08040747282871503,-0.10344312720667125
2018-09-10 20:00:00,87.19761644885602,0.7971114864864866,0.0,0.4059399971177133,0.3911714893687733,20,Peak,Fall,True,True,True,False,0.47,0.18385060000332343,0.08040747281469228,-0.10344312718863115
2018-09-10 21:00:00,83.96916688076197,0.8206756756756757,0.0,0.4295041877945519,0.3911714878811237,21,Peak,Fall,True,True,True,False,0.47,0.18385059930412814,0.08040747250889765,-0.10344312679523049
2018-09-10 22:00:00,80.69316343528693,0.8264155405405406,0.0,0.4352440535203705,0.39117148702017,22,Off-Peak,Fall,True,True,True,False,0.27,0.10561630149544592,0.08040747233192383,-0.025208829163522087
2018-09-10 23:00:00,77.44111587878967,0.8227010733115953,0.0,0.4315295867138135,0.3911714865977818,23,Off-Peak,Fall,True,True,True,False,0.27,0.10561630138140109,0.08040747224509959,-0.0252088291363015
2018-09-11 00:00:00,75.42563413105675,0.6585900772497729,0.0,0.2674185926179973,0.3911714846317756,0,Off-Peak,Fall,True,True,True,False,0.27,0.10561630085057942,0.0804074718409761,-0.02520882900960332
2018-09-11 01:00:00,74.67112436587401,0.4913213707799248,0.0,0.1001498861408859,0.3911714846390389,1,Off-Peak,Fall,True,True,True,False,0.27,0.1056163008525405,0.0804074718424691,-0.025208829010071404
2018-09-11 02:00:00,74.45313164214255,0.4201127964526657,0.0,0.0289413118250671,0.3911714846275985,2,Off-Peak,Fall,True,True,True,False,0.27,0.1056163008494516,0.08040747184011747,-0.025208829009334133
2018-09-11 03:00:00,74.27487940188438,0.414835612218129,0.0,0.0236641275907339,0.391171484627395,3,Off-Peak,Fall,True,True,True,False,0.27,0.10561630084939665,0.08040747184007563,-0.025208829009321018
2018-09-11 04:00:00,74.16657980557602,0.4055488926414103,0.0,0.014377408014031,0.3911714846273793,4,Off-Peak,Fall,True,True,True,False,0.27,0.10561630084939241,0.08040747184007241,-0.025208829009320005
2018-09-11 05:00:00,74.0150506611598,0.4112862023677522,0.0,0.0201147177403446,0.3911714846274076,5,Off-Peak,Fall,True,True,True,False,0.27,0.10561630084940006,0.08040747184007822,-0.025208829009321837
2018-09-11 18:00:00,92.93304628843048,0.6682989864864864,0.0,0.2771274946171162,0.3911714918693702,18,Peak,Fall,True,True,True,False,0.47,0.183850601178604,0.08040747332870388,-0.10344312784990012
2018-09-11 19:00:00,90.48696616276884,0.7178141891891892,0.0,0.3266427008368623,0.3911714883523268,19,Peak,Fall,True,True,True,False,0.47,0.18385059952559357,0.08040747260575606,-0.10344312691983751
2018-09-11 20:00:00,87.72679352986822,0.7590996621621621,0.0,0.367928174248648,0.391171487913514,20,Peak,Fall,True,True,True,False,0.47,0.18385059931935158,0.08040747251555566,-0.10344312680379592
2018-09-11 21:00:00,84.76785863001305,0.7849966216216216,0.0,0.3938251344197104,0.3911714872019112,21,Peak,Fall,True,True,True,False,0.47,0.18385059898489825,0.08040747236928174,-0.10344312661561651
2018-09-11 22:00:00,81.6089181355501,0.8110219594594594,0.0,0.4198504723756016,0.3911714870838578,22,Off-Peak,Fall,True,True,True,False,0.27,0.1056163015126416,0.0804074723450152,-0.0252088291676264
2018-09-11 23:00:00,78.70674255251535,0.776517567697309,0.0,0.3853460820755086,0.3911714856218003,23,Off-Peak,Fall,True,True,True,False,0.27,0.1056163011178861,0.08040747204448118,-0.025208829073404923
2018-09-12 00:00:00,76.845876646701,0.6382198373654278,0.0,0.2470483527295152,0.3911714846359125,0,Off-Peak,Fall,True,True,True,False,0.27,0.10561630085169638,0.08040747184182645,-0.025208829009869926
2018-09-12 01:00:00,76.16148861340409,0.4820654591360208,0.0,0.090893974499447,0.3911714846365737,1,Off-Peak,Fall,True,True,True,False,0.27,0.1056163008518749,0.08040747184196236,-0.025208829009912545
2018-09-12 02:00:00,75.91674238751204,0.4236811380776902,0.0,0.0325096534501432,0.3911714846275469,2,Off-Peak,Fall,True,True,True,False,0.27,0.10561630084943767,0.08040747184010687,-0.025208829009330802
2018-09-12 03:00:00,75.76014953453696,0.41197147449526,0.0,0.020799989867882,0.3911714846273779,3,Off-Peak,Fall,True,True,True,False,0.27,0.10561630084939204,0.08040747184007212,-0.025208829009319922
2018-09-12 04:00:00,75.56276887268254,0.4173866860916229,0.0,0.0262152014642217,0.3911714846274012,4,Off-Peak,Fall,True,True,True,False,0.27,0.10561630084939833,0.0804074718400769,-0.02520882900932142
2018-09-12 05:00:00,75.32795696832582,0.422354678604511,0.0,0.0311831939770178,0.3911714846274932,5,Off-Peak,Fall,True,True,True,False,0.27,0.10561630084942317,0.08040747184009582,-0.025208829009327346
2018-09-12 18:00:00,92.7720425219056,0.6897241222201307,0.0,0.2985526280671105,0.3911714941530201,18,Peak,Fall,True,True,True,False,0.47,0.18385060225191943,0.08040747379812078,-0.10344312845379865
2018-09-12 19:00:00,90.26394850136748,0.7260219594594596,0.0,0.3348504711325236,0.3911714883269359,19,Peak,Fall,True,True,True,False,0.47,0.18385059951365984,0.08040747260053681,-0.10344312691312303
2018-09-12 20:00:00,87.63535983064061,0.7415540954378104,0.0,0.3503826084601467,0.3911714869776636,20,Peak,Fall,True,True,True,False,0.47,0.18385059887950186,0.0804074723231864,-0.10344312655631546
2018-09-12 21:00:00,84.6582086298277,0.7873823894861168,0.0,0.3962109019912589,0.3911714874948579,21,Peak,Fall,True,True,True,False,0.47,0.1838505991225832,0.08040747242949857,-0.10344312669308463
2018-09-12 22:00:00,81.33606540226258,0.8326085891616631,0.0,0.4414371012656779,0.3911714878959852,22,Off-Peak,Fall,True,True,True,False,0.27,0.10561630173191601,0.08040747251195252,-0.025208829219963494
2018-09-12 23:00:00,78.13610161171752,0.8158789509817644,0.0,0.42470746465297,0.3911714863287944,23,Off-Peak,Fall,True,True,True,False,0.27,0.10561630130877449,0.08040747218980775,-0.02520882911896674
2018-09-13 00:00:00,76.21422536850085,0.6462393163273426,0.0,0.2550678316994291,0.3911714846279134,0,Off-Peak,Fall,True,True,True,False,0.27,0.10561630084953663,0.0804074718401822,-0.025208829009354436
2018-09-13 01:00:00,75.3153938705667,0.5104882959134696,0.0,0.1193168112817787,0.3911714846316908,1,Off-Peak,Fall,True,True,True,False,0.27,0.10561630085055652,0.08040747184095867,-0.025208829009597852
2018-09-13 02:00:00,75.0314638097984,0.428870771290802,0.0,0.0376992866628085,0.3911714846279934,2,Off-Peak,Fall,True,True,True,False,0.27,0.10561630084955823,0.08040747184019863,-0.0252088290093596
2018-09-13 03:00:00,74.88143367808598,0.4110922874977111,0.0,0.019920802870326,0.391171484627385,3,Off-Peak,Fall,True,True,True,False,0.27,0.10561630084939395,0.08040747184007357,-0.02520882900932038
2018-09-13 04:00:00,74.68468889546325,0.4172923390027175,0.0,0.0261208543752955,0.3911714846274219,4,Off-Peak,Fall,True,True,True,False,0.27,0.10561630084940392,0.08040747184008117,-0.025208829009322753
2018-09-13 05:00:00,74.42705896480793,0.4253712042088541,0.0,0.0341997195814824,0.3911714846273716,5,Off-Peak,Fall,True,True,True,False,0.27,0.10561630084939035,0.08040747184007084,-0.025208829009319506
2018-09-13 18:00:00,93.00487822084408,0.6586824324324323,0.0,0.2675109414147811,0.3911714910176511,18,Peak,Fall,True,True,True,False,0.47,0.183850600778296,0.08040747315362827,-0.10344312762466772
2018-09-13 19:00:00,90.34265600806188,0.7465726351351349,0.0,0.3554011447209959,0.391171490414139,19,Peak,Fall,True,True,True,False,0.47,0.18385060049464533,0.08040747302957302,-0.10344312746507231
2018-09-13 20:00:00,87.74908615416915,0.7368986486486486,0.0,0.3457271620533792,0.3911714865952694,20,Peak,Fall,True,True,True,False,0.47,0.1838505986997766,0.08040747224458315,-0.10344312645519345
2018-09-13 21:00:00,84.77015428837525,0.7876216216216215,0.0,0.3964501340163166,0.3911714876053049,21,Peak,Fall,True,True,True,False,0.47,0.18385059917449328,0.08040747245220156,-0.10344312672229172
2018-09-13 22:00:00,81.51137084015457,0.8242160305745647,0.0,0.4330445430255379,0.3911714875490268,22,Off-Peak,Fall,True,True,True,False,0.27,0.10561630163823725,0.08040747244063329,-0.025208829197603963
2018-09-13 23:00:00,78.27494406511752,0.8207143518599944,0.0,0.4295428652669642,0.3911714865930302,23,Off-Peak,Fall,True,True,True,False,0.27,0.10561630138011815,0.08040747224412287,-0.025208829135995287
2018-09-14 00:00:00,76.44210257449421,0.6344455082892627,0.0,0.2432740236595754,0.3911714846296873,0,Off-Peak,Fall,True,True,True,False,0.27,0.10561630085001558,0.08040747184054682,-0.02520882900946876
2018-09-14 01:00:00,75.75948512947164,0.4818089580327181,0.0,0.0906374733970624,0.3911714846356556,1,Off-Peak,Fall,True,True,True,False,0.27,0.10561630085162702,0.08040747184177366,-0.025208829009853356
2018-09-14 02:00:00,75.45807579485215,0.4311961117347923,0.0,0.040024627107309,0.3911714846274832,2,Off-Peak,Fall,True,True,True,False,0.27,0.10561630084942047,0.08040747184009377,-0.025208829009326708
2018-09-14 03:00:00,75.27589328493427,0.4153636705813739,0.0,0.0241921859539915,0.3911714846273824,3,Off-Peak,Fall,True,True,True,False,0.27,0.10561630084939325,0.08040747184007303,-0.025208829009320213
2018-09-14 04:00:00,75.10428324169145,0.4139583662695824,0.0,0.0227868816421822,0.3911714846274001,4,Off-Peak,Fall,True,True,True,False,0.27,0.10561630084939803,0.08040747184007668,-0.02520882900932135
2018-09-14 05:00:00,74.82905154872326,0.4277115926301097,0.0,0.0365401080025197,0.39117148462759,5,Off-Peak,Fall,True,True,True,False,0.27,0.1056163008494493,0.08040747184011572,-0.025208829009333578
2018-09-14 18:00:00,92.949089384503,0.6661013513513513,0.0,0.274929859675481,0.3911714916758702,18,Peak,Fall,True,True,True,False,0.47,0.18385060108765897,0.08040747328892887,-0.10344312779873009
2018-09-14 19:00:00,90.2918905443974,0.745876689189189,0.0,0.3547051990460624,0.3911714901431266,19,Peak,Fall,True,True,True,False,0.47,0.18385060036726947,0.08040747297386491,-0.10344312739340455
2018-09-14 20:00:00,87.47765100668326,0.7662010135135134,0.0,0.3750295258075565,0.3911714877059569,20,Peak,Fall,True,True,True,False,0.47,0.18385059922179972,0.08040747247289114,-0.10344312674890858
2018-09-14 21:00:00,84.27615381997684,0.817081081081081,0.0,0.4259095927222302,0.3911714883588508,21,Peak,Fall,True,True,True,False,0.47,0.18385059952865987,0.0804074726070971,-0.10344312692156277
2018-09-14 22:00:00,80.81829734809742,0.8504763513513514,0.0,0.4593048632269339,0.3911714881244174,22,Off-Peak,Fall,True,True,True,False,0.27,0.1056163017935927,0.08040747255890801,-0.02520882923468469
2018-09-14 23:00:00,77.63666414179754,0.8133347261763229,0.0,0.422163240125852,0.3911714860504708,23,Off-Peak,Fall,True,True,True,False,0.27,0.10561630123362713,0.08040747213259677,-0.025208829101030353
2018-09-15 00:00:00,75.79315797218926,0.6357887096283686,0.0,0.2446172250007509,0.3911714846276177,0,Off-Peak,Fall,True,True,True,False,0.27,0.10561630084945678,0.08040747184012141,-0.025208829009335368
2018-09-15 01:00:00,74.94763988521575,0.5033890542311625,0.0,0.1122175695990515,0.391171484632111,1,Off-Peak,Fall,True,True,True,False,0.27,0.10561630085066998,0.08040747184104503,-0.025208829009624942
2018-09-15 02:00:00,74.57791996081482,0.440246623306845,0.0,0.049075138679187,0.391171484627658,2,Off-Peak,Fall,True,True,True,False,0.27,0.10561630084946766,0.0804074718401297,-0.025208829009337963
2018-09-15 03:00:00,74.39943190816786,0.4148641045255635,0.0,0.0236926198981651,0.3911714846273983,3,Off-Peak,Fall,True,True,True,False,0.27,0.10561630084939755,0.08040747184007632,-0.025208829009321226
2018-09-15 04:00:00,74.18504184046488,0.4196268244284,0.0,0.0284553398009968,0.3911714846274031,4,Off-Peak,Fall,True,True,True,False,0.27,0.10561630084939884,0.0804074718400773,-0.025208829009321546
2018-09-15 05:00:00,73.86679674706922,0.4334035277079849,0.0,0.0422320430801991,0.3911714846277858,5,Off-Peak,Fall,True,True,True,False,0.27,0.10561630084950217,0.08040747184015597,-0.025208829009346206
2018-09-15 18:00:00,92.47876872386313,0.7288327702702702,0.0,0.3376612707971403,0.3911714994731298,18,Peak,Fall,True,True,True,False,0.47,0.183850604752371,0.0804074748916989,-0.1034431298606721
2018-09-15 19:00:00,89.87112881603014,0.7391621621621621,0.0,0.3479906739900307,0.3911714881721314,19,Peak,Fall,True,True,True,False,0.47,0.18385059944090174,0.0804074725687159,-0.10344312687218583
2018-09-15 20:00:00,87.02336905909907,0.770557183153295,0.0,0.3793856953916072,0.3911714877616878,20,Peak,Fall,True,True,True,False,0.47,0.18385059924799327,0.08040747248434693,-0.10344312676364634
2018-09-15 21:00:00,83.99131231470442,0.7945100592637356,0.0,0.4033385720966708,0.3911714871670648,21,Peak,Fall,True,True,True,False,0.47,0.18385059896852043,0.08040747236211887,-0.10344312660640156
2018-09-15 22:00:00,80.7389656200312,0.8231946621998106,0.0,0.4320231749065916,0.391171487293219,22,Off-Peak,Fall,True,True,True,False,0.27,0.10561630156916914,0.08040747238805057,-0.025208829181118567
2018-09-15 23:00:00,77.51996383574699,0.8182464556917102,0.0,0.4270749691830404,0.3911714865086697,23,Off-Peak,Fall,True,True,True,False,0.27,0.10561630135734082,0.0804074722267821,-0.02520882913055872
2018-09-16 00:00:00,75.41055844984653,0.6709769477667801,0.0,0.2798054631170824,0.3911714846496977,0,Off-Peak,Fall,True,True,True,False,0.27,0.10561630085541839,0.08040747184466009,-0.0252088290107583
2018-09-16 01:00:00,74.4916217898011,0.513101326615549,0.0,0.1219298419796397,0.3911714846359092,1,Off-Peak,Fall,True,True,True,False,0.27,0.10561630085169549,0.08040747184182577,-0.025208829009869718
2018-09-16 02:00:00,74.08165517602929,0.44557467275803,0.0,0.0544031881303892,0.3911714846276407,2,Off-Peak,Fall,True,True,True,False,0.27,0.105616300849463,0.08040747184012613,-0.025208829009336867
2018-09-16 03:00:00,73.89407990838212,0.4160642042717532,0.0,0.0248927196443424,0.3911714846274107,3,Off-Peak,Fall,True,True,True,False,0.27,0.1056163008494009,0.08040747184007886,-0.02520882900932203
2018-09-16 04:00:00,73.68785673563912,0.4185364339940284,0.0,0.0273649493666357,0.3911714846273926,4,Off-Peak,Fall,True,True,True,False,0.27,0.10561630084939601,0.08040747184007514,-0.025208829009320866
2018-09-16 05:00:00,73.3837626176526,0.4315165027052078,0.0,0.0403450180775653,0.3911714846276424,5,Off-Peak,Fall,True,True,True,False,0.27,0.10561630084946345,0.08040747184012649,-0.025208829009336964
2018-09-16 18:00:00,92.29071719342814,0.7538834459459459,0.0,0.3627119421557693,0.3911715037901766,18,Peak,Fall,True,True,True,False,0.47,0.183850606781383,0.08040747577909185,-0.10344313100229116
2018-09-16 19:00:00,89.68038181664775,0.739464527027027,0.0,0.348293039357172,0.391171487669855,19,Peak,Fall,True,True,True,False,0.47,0.18385059920483182,0.0804074724654702,-0.10344312673936162
2018-09-16 20:00:00,86.8858022678648,0.7634408783783784,0.0,0.3722693910130495,0.3911714873653288,20,Peak,Fall,True,True,True,False,0.47,0.18385059906170453,0.08040747240287315,-0.10344312665883139
2018-09-16 21:00:00,83.96728606628673,0.7794087837837839,0.0,0.3882372970950415,0.3911714866887423,21,Peak,Fall,True,True,True,False,0.47,0.18385059874370888,0.08040747226379703,-0.10344312647991184
2018-09-16 22:00:00,80.58299077779516,0.8406418918918918,0.0,0.4494704035899364,0.3911714883019553,22,Off-Peak,Fall,True,True,True,False,0.27,0.10561630184152794,0.08040747259540193,-0.02520882924612601
2018-09-16 23:00:00,77.36083712579527,0.8186185247959263,0.0,0.42744703850378,0.3911714862921463,23,Off-Peak,Fall,True,True,True,False,0.27,0.10561630129887951,0.08040747218227452,-0.02520882911660499
2018-09-17 00:00:00,75.14162396298143,0.6854809468415864,0.0,0.2943094621567574,0.391171484684829,0,Off-Peak,Fall,True,True,True,False,0.27,0.10561630086490384,0.0804074718518815,-0.025208829013022335
2018-09-17 01:00:00,74.2164843121693,0.5139052009545422,0.0,0.1227337163146985,0.3911714846398436,1,Off-Peak,Fall,True,True,True,False,0.27,0.10561630085275778,0.08040747184263451,-0.025208829010123265
2018-09-17 02:00:00,73.9013521266772,0.4329873097334184,0.0,0.0418158251053231,0.3911714846280952,2,Off-Peak,Fall,True,True,True,False,0.27,0.10561630084958572,0.08040747184021957,-0.02520882900936615
2018-09-17 03:00:00,73.68808409582884,0.4194698594181758,0.0,0.0282983747907924,0.3911714846273833,3,Off-Peak,Fall,True,True,True,False,0.27,0.10561630084939351,0.08040747184007324,-0.02520882900932027
2018-09-17 04:00:00,73.53756659752891,0.4111430403280471,0.0,0.0199715557006779,0.3911714846273691,4,Off-Peak,Fall,True,True,True,False,0.27,0.10561630084938967,0.08040747184007031,-0.025208829009319353
2018-09-17 05:00:00,73.30666564013588,0.4218046560186431,0.0,0.0306331713911897,0.3911714846274533,5,Off-Peak,Fall,True,True,True,False,0.27,0.10561630084941241,0.08040747184008763,-0.02520882900932478
2018-09-17 18:00:00,92.88278085872528,0.674962571575777,0.0,0.2837910789955091,0.3911714925802678,18,Peak,Fall,True,True,True,False,0.47,0.18385060151272584,0.08040747347483282,-0.10344312803789302
2018-09-17 19:00:00,90.19279416734528,0.7501756756756757,0.0,0.3590041854855952,0.3911714901900804,19,Peak,Fall,True,True,True,False,0.47,0.1838506003893378,0.08040747298351653,-0.10344312740582126
2018-09-17 20:00:00,87.27788281147262,0.7795033783783784,0.0,0.388331890178249,0.3911714882001293,20,Peak,Fall,True,True,True,False,0.47,0.18385059945406076,0.08040747257447103,-0.10344312687958973
2018-09-17 21:00:00,84.17986933745254,0.8032647172879468,0.0,0.4120932298247261,0.3911714874632206,21,Peak,Fall,True,True,True,False,0.47,0.18385059910771367,0.08040747242299534,-0.10344312668471833
2018-09-17 22:00:00,80.60840840097389,0.8654340792612657,0.0,0.4742625901248948,0.3911714891363709,22,Off-Peak,Fall,True,True,True,False,0.27,0.10561630206682016,0.08040747276692069,-0.02520882929989947
2018-09-17 23:00:00,77.30741978906033,0.8290289496159404,0.0,0.4378574633270536,0.3911714862888867,23,Off-Peak,Fall,True,True,True,False,0.27,0.10561630129799941,0.08040747218160449,-0.025208829116394924
2018-09-18 00:00:00,75.16149622627509,0.6757619887487625,0.0,0.2845905041013241,0.3911714846474383,0,Off-Peak,Fall,True,True,True,False,0.27,0.10561630085480835,0.08040747184419565,-0.025208829010612693
2018-09-18 01:00:00,74.35335112299559,0.4983918030638007,0.0,0.1072203184230509,0.3911714846407498,1,Off-Peak,Fall,True,True,True,False,0.27,0.10561630085300246,0.0804074718428208,-0.025208829010181663
2018-09-18 02:00:00,73.98634138295303,0.439869114636057,0.0,0.0486976300085408,0.3911714846275161,2,Off-Peak,Fall,True,True,True,False,0.27,0.10561630084942936,0.08040747184010054,-0.025208829009328818
2018-09-18 03:00:00,73.82337971032614,0.4127955036615021,0.0,0.0216240190341344,0.3911714846273676,3,Off-Peak,Fall,True,True,True,False,0.27,0.10561630084938926,0.08040747184007001,-0.025208829009319256
2018-09-18 04:00:00,73.6410883471198,0.4153584474702897,0.0,0.0241869628428538,0.3911714846274359,4,Off-Peak,Fall,True,True,True,False,0.27,0.1056163008494077,0.08040747184008405,-0.02520882900932364
2018-09-18 05:00:00,73.39273518180399,0.4241193086896738,0.0,0.0329478240620615,0.3911714846276122,5,Off-Peak,Fall,True,True,True,False,0.27,0.1056163008494553,0.08040747184012029,-0.025208829009335007
2018-09-18 18:00:00,92.7641181013248,0.6907685810810811,0.0,0.2995970868038339,0.3911714942772471,18,Peak,Fall,True,True,True,False,0.47,0.18385060231030614,0.08040747382365636,-0.10344312848664979
2018-09-18 19:00:00,90.20380890647444,0.7328800675675676,0.0,0.3417085788982886,0.391171488669279,19,Peak,Fall,True,True,True,False,0.47,0.1838505996745611,0.08040747267090735,-0.10344312700365375
2018-09-18 20:00:00,87.52316177536137,0.7483682432432432,0.0,0.3571967561278421,0.3911714871154012,20,Peak,Fall,True,True,True,False,0.47,0.18385059894423855,0.08040747235149913,-0.10344312659273942
2018-09-18 21:00:00,84.48244378787363,0.7956903776729999,0.0,0.4045188899671513,0.3911714877058486,21,Peak,Fall,True,True,True,False,0.47,0.18385059922174882,0.08040747247286888,-0.10344312674887994
2018-09-18 22:00:00,81.1218288398523,0.8375558271812598,0.0,0.4463843392450012,0.3911714879362585,22,Off-Peak,Fall,True,True,True,False,0.27,0.1056163017427898,0.08040747252023091,-0.02520882922255889
2018-09-18 23:00:00,77.96855573001443,0.8095554667603846,0.0,0.4183839806563793,0.3911714861040052,23,Off-Peak,Fall,True,True,True,False,0.27,0.10561630124808141,0.08040747214360106,-0.025208829104480357
2018-09-19 00:00:00,75.92907848249997,0.6617285690841932,0.0,0.2705570844421589,0.3911714846420343,0,Off-Peak,Fall,True,True,True,False,0.27,0.10561630085334926,0.08040747184308483,-0.02520882901026443
2018-09-19 01:00:00,75.04013165674857,0.5091330169234397,0.0,0.1179615322876748,0.3911714846357649,1,Off-Peak,Fall,True,True,True,False,0.27,0.10561630085165653,0.08040747184179613,-0.025208829009860406
2018-09-19 02:00:00,74.65576648460085,0.4421824778211896,0.0,0.0510109931935444,0.3911714846276451,2,Off-Peak,Fall,True,True,True,False,0.27,0.10561630084946419,0.08040747184012706,-0.02520882900933713
2018-09-19 03:00:00,74.3829490006299,0.4273768027563839,0.0,0.036205318129004,0.3911714846273798,3,Off-Peak,Fall,True,True,True,False,0.27,0.10561630084939255,0.0804074718400725,-0.025208829009320047
2018-09-19 04:00:00,73.985419084235,0.4439154732183953,0.0,0.0527439885898871,0.3911714846285082,4,Off-Peak,Fall,True,True,True,False,0.27,0.10561630084969723,0.08040747184030446,-0.025208829009392766
2018-09-19 05:00:00,73.44001237947846,0.4635142976360765,0.0,0.0723428130060708,0.3911714846300057,5,Off-Peak,Fall,True,True,True,False,0.27,0.10561630085010154,0.08040747184061227,-0.025208829009489273
2018-09-19 18:00:00,92.76394685590095,0.6907922297297296,0.0,0.2996207354711156,0.391171494258614,18,Peak,Fall,True,True,True,False,0.47,0.1838506023015486,0.08040747381982623,-0.10344312848172237
2018-09-19 19:00:00,89.95055033771138,0.7665287162162162,0.0,0.3753572252891763,0.3911714909270399,19,Peak,Fall,True,True,True,False,0.47,0.18385060073570875,0.08040747313500266,-0.10344312760070609
2018-09-19 20:00:00,87.12697921992847,0.7672905405405406,0.0,0.3761190532566335,0.3911714872839071,20,Peak,Fall,True,True,True,False,0.47,0.18385059902343634,0.08040747238613646,-0.10344312663729988
2018-09-19 21:00:00,84.20455502414819,0.7799138513513513,0.0,0.3887423646155689,0.3911714867357824,21,Peak,Fall,True,True,True,False,0.47,0.18385059876581772,0.08040747227346638,-0.10344312649235134
2018-09-19 22:00:00,80.97359799340651,0.8203192567567568,0.0,0.4291477693198117,0.391171487436945,22,Off-Peak,Fall,True,True,True,False,0.27,0.10561630160797517,0.08040747241759424,-0.02520882919038092
2018-09-19 23:00:00,77.68470022477129,0.8274507663814794,0.0,0.4362792795561604,0.391171486825319,23,Off-Peak,Fall,True,True,True,False,0.27,0.10561630144283614,0.08040747229187113,-0.025208829150965006
2018-09-20 00:00:00,75.77315877866863,0.6447474070033864,0.0,0.2535759223757116,0.3911714846276748,0,Off-Peak,Fall,True,True,True,False,0.27,0.10561630084947221,0.08040747184013317,-0.025208829009339045
2018-09-20 01:00:00,75.1574692731653,0.4728844085748527,0.0,0.0817129239382268,0.3911714846366259,1,Off-Peak,Fall,True,True,True,False,0.27,0.105616300851889,0.0804074718419731,-0.025208829009915903
2018-09-20 02:00:00,74.79545441103805,0.4392172163894751,0.0,0.0480457317620948,0.3911714846273803,2,Off-Peak,Fall,True,True,True,False,0.27,0.10561630084939268,0.0804074718400726,-0.025208829009320075
2018-09-20 03:00:00,74.65502535943602,0.4098101286909937,0.0,0.0186386440635957,0.391171484627398,3,Off-Peak,Fall,True,True,True,False,0.27,0.10561630084939747,0.08040747184007625,-0.025208829009321213
2018-09-20 04:00:00,74.52911547777946,0.4078823668233475,0.0,0.0167108821959471,0.3911714846274003,4,Off-Peak,Fall,True,True,True,False,0.27,0.10561630084939809,0.08040747184007672,-0.025208829009321365
2018-09-20 05:00:00,74.33530521622066,0.416891277079593,0.0,0.0257197924521097,0.3911714846274832,5,Off-Peak,Fall,True,True,True,False,0.27,0.10561630084942047,0.08040747184009377,-0.025208829009326708
2018-09-20 18:00:00,93.044142147179,0.653366554054054,0.0,0.2621950635087315,0.3911714905453224,18,Peak,Fall,True,True,True,False,0.47,0.18385060055630154,0.08040747305653849,-0.10344312749976305
2018-09-20 19:00:00,90.58372559423027,0.7196182432432433,0.0,0.3284467544681156,0.3911714887751276,19,Peak,Fall,True,True,True,False,0.47,0.18385059972430995,0.08040747269266511,-0.10344312703164484
2018-09-20 20:00:00,88.04628515417252,0.729375,0.0,0.3382035132534227,0.3911714867465773,20,Peak,Fall,True,True,True,False,0.47,0.18385059877089133,0.08040747227568533,-0.103443126495206
2018-09-20 21:00:00,84.97488119067931,0.7998175675675675,0.0,0.4086460791652385,0.3911714884023289,21,Peak,Fall,True,True,True,False,0.47,0.18385059954909458,0.08040747261603427,-0.1034431269330603
2018-09-20 22:00:00,81.73305924366092,0.8218699324324324,0.0,0.4306984451144514,0.391171487317981,22,Off-Peak,Fall,True,True,True,False,0.27,0.10561630157585489,0.08040747239314054,-0.025208829182714346
2018-09-20 23:00:00,78.43224056877338,0.8291351351351351,0.0,0.4379636482282573,0.3911714869068778,23,Off-Peak,Fall,True,True,True,False,0.27,0.10561630146485701,0.08040747230863599,-0.025208829156221024
2018-09-21 00:00:00,76.43622799447935,0.6559966216216216,0.0,0.2648251369932737,0.3911714846283479,0,Off-Peak,Fall,True,True,True,False,0.27,0.10561630084965394,0.08040747184027151,-0.025208829009382427
2018-09-21 01:00:00,75.66701422607497,0.4932668918918919,0.0,0.1020954072545336,0.3911714846373582,1,Off-Peak,Fall,True,True,True,False,0.27,0.10561630085208672,0.08040747184212362,-0.025208829009963102
2018-09-21 02:00:00,75.28608186343149,0.4417347972972972,0.0,0.050563312669804,0.3911714846274931,2,Off-Peak,Fall,True,True,True,False,0.27,0.10561630084942315,0.08040747184009582,-0.025208829009327333
2018-09-21 03:00:00,75.16830854148601,0.4068057432432432,0.0,0.0156342586158219,0.3911714846274213,3,Off-Peak,Fall,True,True,True,False,0.27,0.10561630084940375,0.08040747184008104,-0.02520882900932271
2018-09-21 04:00:00,75.09474719902963,0.4009366178575145,0.0,0.0097651332301339,0.3911714846273806,4,Off-Peak,Fall,True,True,True,False,0.27,0.10561630084939277,0.08040747184007269,-0.02520882900932009
2018-09-21 05:00:00,75.010491589567,0.4023558328370444,0.0,0.0111843482096817,0.3911714846273626,5,Off-Peak,Fall,True,True,True,False,0.27,0.10561630084938792,0.08040747184006898,-0.025208829009318937
2018-09-21 18:00:00,92.94461963444544,0.6666030405405403,0.0,0.2754315488041665,0.3911714917363738,18,Peak,Fall,True,True,True,False,0.47,0.18385060111609566,0.08040747330136572,-0.10344312781472995
2018-09-21 19:00:00,90.43462635740327,0.7261807432432432,0.0,0.3350092543827666,0.3911714888604766,19,Peak,Fall,True,True,True,False,0.47,0.183850599764424,0.08040747271020907,-0.10344312705421493
2018-09-21 20:00:00,87.5365836786602,0.7772432432432432,0.0,0.3860717545870943,0.3911714886561489,20,Peak,Fall,True,True,True,False,0.47,0.18385059966838999,0.0804074726682084,-0.10344312700018159
2018-09-21 21:00:00,84.48263291599632,0.7973952702702704,0.0,0.4062237829258882,0.3911714873443822,21,Peak,Fall,True,True,True,False,0.47,0.1838505990518596,0.08040747239856745,-0.10344312665329215
2018-09-21 22:00:00,80.97582958366148,0.8568496621621622,0.0,0.4656781732848876,0.3911714888772745,22,Off-Peak,Fall,True,True,True,False,0.27,0.10561630199686411,0.08040747271366197,-0.025208829283202144
2018-09-21 23:00:00,77.56785172182471,0.8431597930672533,0.0,0.4519883062175742,0.3911714868496791,23,Off-Peak,Fall,True,True,True,False,0.27,0.10561630144941336,0.08040747229687849,-0.025208829152534876
2018-09-22 00:00:00,75.60256551612522,0.6518304403450204,0.0,0.2606589557169948,0.3911714846280255,0,Off-Peak,Fall,True,True,True,False,0.27,0.10561630084956689,0.08040747184020523,-0.025208829009361652
2018-09-22 01:00:00,74.6130718573829,0.5224294000198412,0.0,0.1312579153900218,0.3911714846298193,1,Off-Peak,Fall,True,True,True,False,0.27,0.10561630085005122,0.08040747184057397,-0.025208829009477254
2018-09-22 02:00:00,74.22938235164601,0.4420777626876119,0.0,0.050906278059508,0.3911714846281038,2,Off-Peak,Fall,True,True,True,False,0.27,0.10561630084958804,0.08040747184022133,-0.025208829009366704
2018-09-22 03:00:00,73.9094484055497,0.4336151167317545,0.0,0.0424436321043314,0.3911714846274231,3,Off-Peak,Fall,True,True,True,False,0.27,0.10561630084940425,0.08040747184008142,-0.025208829009322836
2018-09-22 04:00:00,73.60618263583538,0.4313994281212782,0.0,0.0402279434938016,0.3911714846274765,4,Off-Peak,Fall,True,True,True,False,0.27,0.10561630084941866,0.08040747184009239,-0.025208829009326264
2018-09-22 05:00:00,73.27061985550537,0.4356769173643414,0.0,0.0445054327366439,0.3911714846276974,5,Off-Peak,Fall,True,True,True,False,0.27,0.1056163008494783,0.0804074718401378,-0.025208829009340503
2018-09-22 18:00:00,91.08107486482292,0.771768581081081,0.0,0.3805970830522271,0.3911714980288538,18,Peak,Fall,True,True,True,False,0.47,0.18385060407356127,0.08040747459481995,-0.10344312947874132
2018-09-22 19:00:00,88.13012343132104,0.7843851351351352,0.0,0.3932136464216104,0.3911714887135247,19,Peak,Fall,True,True,True,False,0.47,0.1838505996953566,0.0804074726800023,-0.10344312701535431
2018-09-22 20:00:00,85.29045242649661,0.769054054054054,0.0,0.377882567606506,0.391171486447548,20,Peak,Fall,True,True,True,False,0.47,0.18385059863034756,0.08040747221421819,-0.10344312641612936
2018-09-22 21:00:00,82.2392641599983,0.7966317567567568,0.0,0.4054602698743029,0.3911714868824539,21,Peak,Fall,True,True,True,False,0.47,0.18385059883475333,0.08040747230361552,-0.10344312653113781
2018-09-22 22:00:00,78.8321257726329,0.8432454582543452,0.0,0.4520739703414855,0.3911714879128596,22,Off-Peak,Fall,True,True,True,False,0.27,0.1056163017364721,0.08040747251542113,-0.02520882922105097
2018-09-22 23:00:00,75.66020493418223,0.8115806686079261,0.0,0.4204091825239472,0.3911714860839789,23,Off-Peak,Fall,True,True,True,False,0.27,0.10561630124267431,0.08040747213948456,-0.02520882910318975
2018-09-23 00:00:00,73.9296183213565,0.6607997149928906,0.0,0.2294002868667368,0.4313994281261537,0,Off-Peak,Fall,True,True,True,False,0.27,0.1164778455940615,0.08867654911482048,-0.027801296479241025
2018-09-23 01:00:00,73.35300051545687,0.5078646855904528,0.0,0.0764652574627055,0.4313994281277473,1,Off-Peak,Fall,True,True,True,False,0.27,0.11647784559449177,0.08867654911514804,-0.027801296479343734
2018-09-23 02:00:00,73.2837707583944,0.4405822782061454,0.0,0.0091828500848293,0.431399428121316,2,Off-Peak,Fall,True,True,True,False,0.27,0.11647784559275533,0.08867654911382607,-0.02780129647892926
2018-09-23 03:00:00,73.36281956173029,0.4200208945838902,0.0,0.0,0.4200208945838902,3,Off-Peak,Fall,True,True,True,True,0.27,0.11340564153765036,0.08633762833113297,-0.02706801320651739
2018-09-23 04:00:00,73.38262708427766,0.4285483409976411,0.0,0.0,0.4285483409976411,4,Off-Peak,Fall,True,True,True,True,0.27,0.1157080520693631,0.08809049231618178,-0.027617559753181323
2018-09-23 05:00:00,73.2652874959891,0.4469631925467839,0.0,0.0155637644254195,0.4313994281213644,5,Off-Peak,Fall,True,True,True,False,0.27,0.1164778455927684,0.088676549113836,-0.027801296478932397
2018-09-23 06:00:00,72.86728610078417,0.4841733541161546,0.0,0.0527739259929777,0.4313994281231769,6,Off-Peak,Fall,True,True,True,False,0.27,0.11647784559325777,0.08867654911420858,-0.027801296479049192
2018-09-23 18:00:00,91.11642359547034,0.7554324324324323,0.0,0.3240329987749412,0.4313994336574911,18,Peak,Fall,True,True,True,False,0.47,0.20275773381902082,0.08867655025181762,-0.1140811835672032
2018-09-23 19:00:00,88.72332024124098,0.7504662162162162,0.0,0.3190667863251069,0.4313994298911093,19,Peak,Fall,True,True,True,False,0.47,0.20275773204882136,0.08867654947761691,-0.11408118257120445
2018-09-23 20:00:00,86.20794389577053,0.7663125000000001,0.0,0.3349130703474087,0.4313994296525913,20,Peak,Fall,True,True,True,False,0.47,0.2027577319367179,0.08867654942858821,-0.11408118250812968
2018-09-23 21:00:00,83.56117091533305,0.7833699324324325,0.0,0.3519705029629801,0.4313994294694523,21,Peak,Fall,True,True,True,False,0.47,0.20275773185064258,0.08867654939094297,-0.11408118245969961
2018-09-23 22:00:00,80.39557237882251,0.8517128378378378,0.0,0.4203134067773589,0.4313994310604788,22,Off-Peak,Fall,True,True,True,False,0.27,0.11647784638632928,0.0886765497179873,-0.027801296668341982
2018-09-23 23:00:00,77.20454652155524,0.8545666886157788,0.0,0.4231672585762644,0.4313994300395143,23,Off-Peak,Fall,True,True,True,False,0.27,0.11647784611066887,0.08867654950812238,-0.027801296602546488
2018-09-24 00:00:00,75.20659544566993,0.6963211204571941,0.0,0.2649216923293085,0.4313994281278855,0,Off-Peak,Fall,True,True,True,False,0.27,0.11647784559452909,0.08867654911517646,-0.02780129647935263
2018-09-24 01:00:00,74.49621286321033,0.5256341884384811,0.0,0.0942347603056985,0.4313994281327825,1,Off-Peak,Fall,True,True,True,False,0.27,0.11647784559585128,0.08867654911618307,-0.02780129647966821
2018-09-24 02:00:00,74.51862422761593,0.4281722544009907,0.0,0.0,0.4281722544009907,2,Off-Peak,Fall,True,True,True,True,0.27,0.1156065086882675,0.0880131856268703,-0.027593323061397196
2018-09-24 03:00:00,74.59082138750716,0.4210026648733906,0.0,0.0,0.4210026648733906,3,Off-Peak,Fall,True,True,True,True,0.27,0.11367071951581548,0.08653943666841918,-0.0271312828473963
2018-09-24 04:00:00,74.59082138750716,0.4309124284803646,0.0,0.0,0.4309124284803646,4,Off-Peak,Fall,True,True,True,True,0.27,0.11634635568969845,0.08857644363207494,-0.02776991205762351
2018-09-24 05:00:00,74.40370458647591,0.4562273382607842,0.0,0.0248279101394011,0.4313994281213831,5,Off-Peak,Fall,True,True,True,False,0.27,0.11647784559277344,0.08867654911383986,-0.027801296478933576
2018-09-24 17:00:00,93.59034612165598,0.6206469594594595,0.0,0.189247529560813,0.4313994298986464,17,Peak,Fall,True,True,True,False,0.47,0.20275773205236378,0.0886765494791662,-0.11408118257319758
2018-09-24 18:00:00,91.73310357958732,0.6795658783783783,0.0,0.2481664484906928,0.4313994298876855,18,Peak,Fall,True,True,True,False,0.47,0.20275773204721217,0.08867654947691313,-0.11408118257029905
2018-09-24 19:00:00,89.48942027082215,0.7306891891891891,0.0,0.2992897589115569,0.4313994302776321,19,Peak,Fall,True,True,True,False,0.47,0.20275773223048707,0.08867654955706882,-0.11408118267341825
2018-09-24 20:00:00,87.05431150599102,0.755758445945946,0.0,0.3243590161879777,0.4313994297579683,20,Peak,Fall,True,True,True,False,0.47,0.20275773198624508,0.08867654945024904,-0.11408118253599604
2018-09-24 21:00:00,84.33293711628505,0.7933783783783784,0.0,0.3619789483932746,0.4313994299851038,21,Peak,Fall,True,True,True,False,0.47,0.20275773209299877,0.088676549496938,-0.11408118259606077
2018-09-24 22:00:00,81.46866917361463,0.8119087837837838,0.0,0.3805093540708446,0.4313994297129392,22,Off-Peak,Fall,True,True,True,False,0.27,0.1164778460224936,0.08867654944099305,-0.027801296581500545
2018-09-24 23:00:00,78.5879918850821,0.8136602916255282,0.0,0.3822608622319103,0.4313994293936178,23,Off-Peak,Fall,True,True,True,False,0.27,0.11647784593627682,0.08867654937535478,-0.027801296560922034
2018-09-25 00:00:00,77.06311295534998,0.633780652731344,0.0,0.2023812246026338,0.4313994281287101,0,Off-Peak,Fall,True,True,True,False,0.27,0.11647784559475174,0.08867654911534598,-0.027801296479405768
2018-09-25 01:00:00,76.66769667987032,0.4839033613270456,0.0,0.0525039332015337,0.4313994281255118,1,Off-Peak,Fall,True,True,True,False,0.27,0.1164778455938882,0.08867654911468853,-0.02780129647919967
2018-09-25 02:00:00,76.74640649013665,0.4200558744175357,0.0,0.0,0.4200558744175357,2,Off-Peak,Fall,True,True,True,True,0.27,0.11341508609273465,0.08634481863027123,-0.027070267462463424
2018-09-25 03:00:00,76.89301311110336,0.4102687130309917,0.0,0.0,0.4102687130309917,3,Off-Peak,Fall,True,True,True,True,0.27,0.11077255251836778,0.0843330132341483,-0.02643953928421948
2018-09-25 04:00:00,76.98591898464574,0.418008631545136,0.0,0.0,0.418008631545136,4,Off-Peak,Fall,True,True,True,True,0.27,0.11286233051718673,0.08592399648427795,-0.02693833403290878
2018-09-25 05:00:00,76.98591898464574,0.4309310707909298,0.0,0.0,0.4309310707909298,5,Off-Peak,Fall,True,True,True,True,0.27,0.11635138911355106,0.08858027566258002,-0.02777111345097104
2018-09-25 06:00:00,76.7640558795328,0.4608625989856676,0.0,0.0294631708642238,0.4313994281214438,6,Off-Peak,Fall,True,True,True,False,0.27,0.11647784559278983,0.08867654911385234,-0.02780129647893749
2018-09-25 18:00:00,93.07196479495572,0.689760135135135,0.0,0.2583607014107097,0.4313994337244253,18,Peak,Fall,True,True,True,False,0.47,0.20275773385047988,0.08867655026557632,-0.11408118358490356
2018-09-25 19:00:00,90.80754044239823,0.7336959459459459,0.0,0.3022965149451727,0.4313994310007732,19,Peak,Fall,True,True,True,False,0.47,0.2027577325703634,0.0886765497057145,-0.1140811828646489
2018-09-25 20:00:00,88.3110027750003,0.7641351351351352,0.0,0.3327357046960324,0.4313994304391028,20,Peak,Fall,True,True,True,False,0.47,0.2027577323063783,0.08867654959026001,-0.11408118271611829
2018-09-25 21:00:00,85.73104055654971,0.7747956081081082,0.0,0.3433961784602098,0.4313994296478983,21,Peak,Fall,True,True,True,False,0.47,0.2027577319345122,0.08867654942762354,-0.11408118250688865
2018-09-25 22:00:00,82.93540034557964,0.8030101351351352,0.0,0.3716107053180796,0.4313994298170556,22,Off-Peak,Fall,True,True,True,False,0.27,0.11647784605060502,0.08867654946239475,-0.02780129658821026
2018-09-25 23:00:00,80.10275142940708,0.8075007540178245,0.0,0.3761013246184901,0.4313994293993344,23,Off-Peak,Fall,True,True,True,False,0.27,0.11647784593782029,0.08867654937652984,-0.027801296561290448
2018-09-26 00:00:00,78.54554799707914,0.6381759267740242,0.0,0.2067764986502225,0.4313994281238016,0,Off-Peak,Fall,True,True,True,False,0.27,0.11647784559342644,0.08867654911433699,-0.027801296479089452
2018-09-26 01:00:00,78.24379005241956,0.4714918465960759,0.0,0.0400924184714468,0.4313994281246291,1,Off-Peak,Fall,True,True,True,False,0.27,0.11647784559364986,0.08867654911450709,-0.02780129647914277
2018-09-26 02:00:00,78.21377596159631,0.4353877313082914,0.0,0.0039883031870147,0.4313994281212766,2,Off-Peak,Fall,True,True,True,False,0.27,0.11647784559274468,0.08867654911381796,-0.02780129647892672
2018-09-26 03:00:00,78.21377596159631,0.4300374980269856,0.0,0.0,0.4300374980269856,3,Off-Peak,Fall,True,True,True,True,0.27,0.11611012446728612,0.08839659681665814,-0.027713527650627984
2018-09-26 04:00:00,78.21377596159631,0.4296533321734277,0.0,0.0,0.4296533321734277,4,Off-Peak,Fall,True,True,True,True,0.27,0.1160063996868255,0.08831762939120458,-0.027688770295620918
2018-09-26 05:00:00,78.10031376747398,0.4464750645022707,0.0,0.0150756363809843,0.4313994281212863,5,Off-Peak,Fall,True,True,True,False,0.27,0.1164778455927473,0.08867654911381996,-0.027801296478927345
2018-09-26 18:00:00,93.25730788965105,0.6649881756756756,0.0,0.2335887436696925,0.4313994320059831,18,Peak,Fall,True,True,True,False,0.47,0.20275773304281203,0.08867654991234096,-0.11408118313047107
2018-09-26 19:00:00,91.01684463462202,0.7305337837837838,0.0,0.2991343524801495,0.4313994313036342,19,Peak,Fall,True,True,True,False,0.47,0.20275773271270806,0.08867654976796925,-0.1140811829447388
2018-09-26 20:00:00,88.36582812061565,0.7846925675675676,0.0,0.3532931361135096,0.4313994314540579,20,Peak,Fall,True,True,True,False,0.47,0.2027577327834072,0.08867654979888967,-0.11408118298451753
2018-09-26 21:00:00,85.59706936245591,0.7998513513513513,0.0,0.3684519211811772,0.4313994301701741,21,Peak,Fall,True,True,True,False,0.47,0.20275773217998183,0.08867654953498023,-0.1140811826450016
2018-09-26 22:00:00,82.3195985605125,0.8668192567567569,0.0,0.435419824928615,0.4313994318281418,22,Off-Peak,Fall,True,True,True,False,0.27,0.11647784659359829,0.08867654987578469,-0.027801296717813603
2018-09-26 23:00:00,79.29054325856572,0.8333959678076203,0.0,0.4019965384596632,0.431399429347957,23,Off-Peak,Fall,True,True,True,False,0.27,0.1164778459239484,0.08867654936596893,-0.02780129655797947
2018-09-27 00:00:00,77.79365360618611,0.6301098358781657,0.0,0.1987104077369783,0.4313994281411874,0,Off-Peak,Fall,True,True,True,False,0.27,0.11647784559812062,0.08867654911791074,-0.027801296480209875
2018-09-27 01:00:00,77.4676920556731,0.4746927571014628,0.0,0.0432933289770428,0.4313994281244199,1,Off-Peak,Fall,True,True,True,False,0.27,0.11647784559359338,0.08867654911446408,-0.027801296479129295
2018-09-27 02:00:00,77.5243033305556,0.4232389597387946,0.0,0.0,0.4232389597387946,2,Off-Peak,Fall,True,True,True,True,0.27,0.11427451912947455,0.08699911950186334,-0.027275399627611205
2018-09-27 03:00:00,77.60961880392891,0.4191006819589367,0.0,0.0,0.4191006819589367,3,Off-Peak,Fall,True,True,True,True,0.27,0.11315718412891292,0.08614847351378142,-0.027008710615131493
2018-09-27 04:00:00,77.60386031111457,0.4321644287598891,0.0,0.0,0.4321644287598891,4,Off-Peak,Fall,True,True,True,True,0.27,0.11668439576517006,0.0888337992450883,-0.02785059652008176
2018-09-27 05:00:00,77.46903762557115,0.4493080885997069,0.0,0.0179086604783811,0.4313994281213257,5,Off-Peak,Fall,True,True,True,False,0.27,0.11647784559275795,0.08867654911382807,-0.027801296478929885
2018-09-27 18:00:00,93.1418455639752,0.6804019404201102,0.0,0.249002507363568,0.4313994330565421,18,Peak,Fall,True,True,True,False,0.47,0.20275773353657478,0.0886765501282892,-0.11408118340828557
2018-09-27 19:00:00,90.8957291199643,0.731251689189189,0.0,0.2998522581417923,0.4313994310473967,19,Peak,Fall,True,True,True,False,0.47,0.20275773259227645,0.0886765497152982,-0.11408118287697824
2018-09-27 20:00:00,88.33712165552548,0.7723769080809859,0.0,0.3409774772268995,0.4313994308540864,20,Peak,Fall,True,True,True,False,0.47,0.2027577325014206,0.0886765496755622,-0.1140811828258584
2018-09-27 21:00:00,85.59124571061524,0.7967965580482986,0.0,0.3653971278399364,0.4313994302083622,21,Peak,Fall,True,True,True,False,0.47,0.20275773219793022,0.08867654954283001,-0.11408118265510021
2018-09-27 22:00:00,82.59639278655399,0.829364120278066,0.0,0.3979646899291233,0.4313994303489427,22,Off-Peak,Fall,True,True,True,False,0.27,0.11647784619421453,0.0886765495717271,-0.027801296622487426
2018-09-27 23:00:00,79.85853192554147,0.794874233674191,0.0,0.3634748047428274,0.4313994289313635,23,Off-Peak,Fall,True,True,True,False,0.27,0.11647784581146815,0.08867654928033583,-0.027801296531132322
2018-09-28 00:00:00,78.43438810311078,0.6204996222541556,0.0,0.1891001941257354,0.4313994281284201,0,Off-Peak,Fall,True,True,True,False,0.27,0.11647784559467343,0.08867654911528634,-0.02780129647938709
2018-09-28 01:00:00,77.91952042017016,0.499784964359497,0.0,0.0683855362345751,0.4313994281249218,1,Off-Peak,Fall,True,True,True,False,0.27,0.1164778455937289,0.08867654911456725,-0.027801296479161644
2018-09-28 02:00:00,77.83904506534667,0.44209049826888,0.0,0.010691070147584,0.4313994281212959,2,Off-Peak,Fall,True,True,True,False,0.27,0.1164778455927499,0.08867654911382193,-0.02780129647892797
2018-09-28 03:00:00,77.87246209835725,0.4265819893940724,0.0,0.0,0.4265819893940724,3,Off-Peak,Fall,True,True,True,True,0.27,0.11517713713639956,0.08768629781989265,-0.027490839316506907
2018-09-28 04:00:00,77.7314982360348,0.4501249525306596,0.0,0.0187255244093822,0.4313994281212773,4,Off-Peak,Fall,True,True,True,False,0.27,0.11647784559274488,0.0886765491138181,-0.027801296478926776
2018-09-28 05:00:00,77.48161470899166,0.4645886269316227,0.0,0.033189198810133,0.4313994281214895,5,Off-Peak,Fall,True,True,True,False,0.27,0.11647784559280218,0.08867654911386173,-0.027801296478940446
2018-09-28 18:00:00,93.1172115899747,0.6836794458987858,0.0,0.2522800126262857,0.4313994332725001,18,Peak,Fall,True,True,True,False,0.47,0.20275773363807503,0.08867655017268056,-0.11408118346539448
2018-09-28 19:00:00,90.86307718630472,0.7323031813496714,0.0,0.3009037502977604,0.431399431051911,19,Peak,Fall,True,True,True,False,0.47,0.20275773259439814,0.08867654971622614,-0.114081182878172
2018-09-28 20:00:00,88.35836269027426,0.7651963932945529,0.0,0.3337969627586931,0.4313994305358598,20,Peak,Fall,True,True,True,False,0.47,0.20275773235185407,0.08867654961014895,-0.11408118274170512
2018-09-28 21:00:00,85.6296737597108,0.7945061426356267,0.0,0.3631067124139341,0.4313994302216926,21,Peak,Fall,True,True,True,False,0.47,0.2027577322041955,0.08867654954557015,-0.11408118265862534
2018-09-28 22:00:00,82.56090405813607,0.8391493818441458,0.0,0.4077499511069067,0.431399430737239,22,Off-Peak,Fall,True,True,True,False,0.27,0.11647784629905454,0.08867654965154358,-0.027801296647510965
2018-09-28 23:00:00,79.46234821820022,0.8426012734597589,0.0,0.4112018435633976,0.4313994298963612,23,Off-Peak,Fall,True,True,True,False,0.27,0.11647784607201754,0.08867654947869646,-0.027801296593321076
2018-09-29 00:00:00,77.7375327161313,0.6603167573230897,0.0,0.2289173291984726,0.431399428124617,0,Off-Peak,Fall,True,True,True,False,0.27,0.1164778455936466,0.08867654911450461,-0.027801296479141993
2018-09-29 01:00:00,77.26206626160247,0.4945349226091624,0.0,0.0631354944813115,0.4313994281278508,1,Off-Peak,Fall,True,True,True,False,0.27,0.11647784559451972,0.08867654911516934,-0.027801296479350382
2018-09-29 02:00:00,77.28653542132278,0.4278728555753369,0.0,0.0,0.4278728555753369,2,Off-Peak,Fall,True,True,True,True,0.27,0.11552567100534096,0.08795164253493036,-0.0275740284704106
2018-09-29 03:00:00,77.39935261294768,0.4151383770471832,0.0,0.0,0.4151383770471832,3,Off-Peak,Fall,True,True,True,True,0.27,0.11208736180273947,0.08533399972636543,-0.026753362076374035
2018-09-29 04:00:00,77.47012263314329,0.4211988598092682,0.0,0.0,0.4211988598092682,4,Off-Peak,Fall,True,True,True,True,0.27,0.11372369214850242,0.08657976562746068,-0.027143926521041736
2018-09-29 05:00:00,77.39395017611929,0.4415168086516475,0.0,0.0101173805303823,0.4313994281212651,5,Off-Peak,Fall,True,True,True,False,0.27,0.11647784559274157,0.08867654911381559,-0.027801296478925985
2018-09-29 18:00:00,92.74306451254957,0.7335506756756757,0.0,0.30215123763337,0.4313994380423057,18,Peak,Fall,True,True,True,False,0.47,0.20275773587988366,0.08867655115314062,-0.11408118472674304
2018-09-29 19:00:00,90.23294777551338,0.7662753378378379,0.0,0.3348759060891313,0.4313994317487065,19,Peak,Fall,True,True,True,False,0.47,0.20275773292189203,0.08867654985945633,-0.1140811830624357
2018-09-29 20:00:00,87.69473755511382,0.7695219594594594,0.0,0.3381225294248564,0.431399430034603,20,Peak,Fall,True,True,True,False,0.47,0.2027577321162634,0.08867654950711283,-0.11408118260915058
2018-09-29 21:00:00,84.90889715946396,0.8019662162162162,0.0,0.3705667859691781,0.4313994302470381,21,Peak,Fall,True,True,True,False,0.47,0.20275773221610788,0.08867654955078005,-0.11408118266532782
2018-09-29 22:00:00,81.86986889886357,0.8350777027027028,0.0,0.4036782723347386,0.4313994303679641,22,Off-Peak,Fall,True,True,True,False,0.27,0.11647784619935031,0.08867654957563705,-0.027801296623713265
2018-09-29 23:00:00,78.75700513549872,0.8443705099188158,0.0,0.4129710799634076,0.4313994299554082,23,Off-Peak,Fall,True,True,True,False,0.27,0.11647784608796022,0.0886765494908339,-0.027801296597126324
2018-09-30 00:00:00,76.89466286473396,0.6784624574443243,0.0,0.2470630293226851,0.4313994281216391,0,Off-Peak,Fall,True,True,True,False,0.27,0.11647784559284256,0.08867654911389249,-0.027801296478950077
2018-09-30 01:00:00,76.25707143428552,0.5160199197423005,0.0,0.0846204916122069,0.4313994281300936,1,Off-Peak,Fall,True,True,True,False,0.27,0.11647784559512528,0.08867654911563035,-0.027801296479494933
2018-09-30 02:00:00,76.22571135988683,0.4355628334110582,0.0,0.0041634052897483,0.4313994281213099,2,Off-Peak,Fall,True,True,True,False,0.27,0.11647784559275368,0.08867654911382482,-0.027801296478928858
2018-09-30 03:00:00,76.37985323133344,0.4091909237284493,0.0,0.0,0.4091909237284493,3,Off-Peak,Fall,True,True,True,True,0.27,0.11048154940668131,0.08411146765529234,-0.02637008175138897
2018-09-30 04:00:00,76.5252518561989,0.4104495736492247,0.0,0.0,0.4104495736492247,4,Off-Peak,Fall,True,True,True,True,0.27,0.11082138488529067,0.0843701901390073,-0.026451194746283366
2018-09-30 05:00:00,76.61029278226688,0.4191462515390164,0.0,0.0,0.4191462515390164,5,Off-Peak,Fall,True,True,True,True,0.27,0.11316948791553444,0.08615784059413115,-0.027011647321403293
2018-09-30 06:00:00,76.57123245825242,0.4365857911750277,0.0,0.005186363053749,0.4313994281212786,6,Off-Peak,Fall,True,True,True,False,0.27,0.11647784559274524,0.08867654911381838,-0.02780129647892686
2018-09-30 18:00:00,92.82190158345377,0.7230591216216214,0.0,0.2916596847793971,0.4313994368422243,18,Peak,Fall,True,True,True,False,0.47,0.20275773531584543,0.08867655090645721,-0.11408118440938822
2018-09-30 19:00:00,90.26988227935011,0.7718530405405406,0.0,0.3404536082493634,0.4313994322911772,19,Peak,Fall,True,True,True,False,0.47,0.20275773317685328,0.0886765499709642,-0.11408118320588907
2018-09-30 20:00:00,87.5912433602246,0.7881689189189189,0.0,0.3567694882809111,0.4313994306380078,20,Peak,Fall,True,True,True,False,0.47,0.20275773239986364,0.08867654963114605,-0.11408118276871759
2018-09-30 21:00:00,84.5607161948443,0.834383445945946,0.0,0.4029840147825775,0.4313994311633685,21,Peak,Fall,True,True,True,False,0.47,0.20275773264678318,0.08867654973913686,-0.11408118290764632
2018-09-30 22:00:00,81.2629473424796,0.8692631991654878,0.0,0.4378637680552203,0.4313994311102674,22,Off-Peak,Fall,True,True,True,False,0.27,0.11647784639977221,0.08867654972822163,-0.027801296671550582
2018-09-30 23:00:00,78.1391454683847,0.8457058846369183,0.0,0.4143064550484153,0.431399429588503,23,Off-Peak,Fall,True,True,True,False,0.27,0.11647784598889582,0.0886765494154145,-0.02780129657348132
2018-10-01 00:00:00,75.54186126040304,0.6995875193895094,0.0,0.344232502101437,0.3553550172880723,0,Off-Peak,Fall,True,True,True,False,0.27,0.09594585466777952,0.07304519799810376,-0.022900656669675765
2018-10-01 01:00:00,74.41793403690026,0.5043705175306301,0.0,0.1490155006321963,0.3553550168984338,1,Off-Peak,Fall,True,True,True,False,0.27,0.09594585456257713,0.07304519791801138,-0.022900656644565753
2018-10-01 02:00:00,73.96515851317267,0.4153975060367056,0.0,0.0600424891595421,0.3553550168771635,2,Off-Peak,Fall,True,True,True,False,0.27,0.09594585455683415,0.07304519791363916,-0.02290065664319499
2018-10-01 03:00:00,73.61867547247275,0.4012984945634262,0.0,0.0459434776871157,0.3553550168763104,3,Off-Peak,Fall,True,True,True,False,0.27,0.09594585455660382,0.0730451979134638,-0.02290065664314002
2018-10-01 04:00:00,73.3175368335132,0.3952820945804405,0.0,0.039927077704271,0.3553550168761694,4,Off-Peak,Fall,True,True,True,False,0.27,0.09594585455656574,0.07304519791343482,-0.022900656643130915
2018-10-01 05:00:00,73.00099829747734,0.3973183006748401,0.0,0.041963283798448,0.355355016876392,5,Off-Peak,Fall,True,True,True,False,0.27,0.09594585455662584,0.07304519791348056,-0.02290065664314528
2018-10-01 06:00:00,72.57321078656479,0.4120533689091373,0.0,0.0566983520315935,0.3553550168775437,6,Off-Peak,Fall,True,True,True,False,0.27,0.0959458545569368,0.0730451979137173,-0.022900656643219497
2018-10-01 18:00:00,92.43389219303609,0.6988011933639773,0.0,0.3434461606701359,0.3553550326938413,18,Peak,Fall,True,True,True,False,0.47,0.16701686536610538,0.07304520116484514,-0.09397166420126024
2018-10-01 19:00:00,89.30733376420244,0.7720574324324324,0.0,0.4167024072715315,0.3553550251609009,19,Peak,Fall,True,True,True,False,0.47,0.16701686182562342,0.0730451996164074,-0.09397166220921602
2018-10-01 20:00:00,85.49928614250068,0.8617027027027027,0.0,0.5063476758054499,0.3553550268972527,20,Peak,Fall,True,True,True,False,0.47,0.16701686264170876,0.07304519997332416,-0.0939716626683846
2018-10-01 21:00:00,81.34422240062464,0.9067804054054052,0.0,0.5514253806779459,0.3553550247274593,21,Peak,Fall,True,True,True,False,0.47,0.16701686162190585,0.07304519952731107,-0.09397166209459477
2018-10-01 22:00:00,76.93797070490895,0.9390472972972972,0.0,0.5836922724289669,0.3553550248683302,22,Off-Peak,Fall,True,True,True,False,0.27,0.09594585671444916,0.07304519955626787,-0.022900657158181292
2018-10-01 23:00:00,73.21037045584,0.8486168069116974,0.0,0.4932617879918896,0.3553550189198078,23,Off-Peak,Fall,True,True,True,False,0.27,0.09594585510834812,0.07304519833351605,-0.022900656774832065
2018-10-02 00:00:00,71.1356388356585,0.6299160914789875,0.0,0.2745610746007171,0.3553550168782704,0,Off-Peak,Fall,True,True,True,False,0.27,0.09594585455713302,0.0730451979138667,-0.02290065664326632
2018-10-02 01:00:00,70.22244479164421,0.4762341449161137,0.0,0.1208791280330887,0.3553550168830249,1,Off-Peak,Fall,True,True,True,False,0.27,0.09594585455841673,0.07304519791484401,-0.022900656643572714
2018-10-02 02:00:00,69.65986981408642,0.4298194304253931,0.0,0.0744644135490954,0.3553550168762976,2,Off-Peak,Fall,True,True,True,False,0.27,0.09594585455660036,0.07304519791346116,-0.0229006566431392
2018-10-02 03:00:00,69.29714819905807,0.4033639490844252,0.0,0.0480089322082121,0.355355016876213,3,Off-Peak,Fall,True,True,True,False,0.27,0.09594585455657752,0.07304519791344379,-0.022900656643133732
2018-10-02 04:00:00,68.96723711548609,0.3990158117398539,0.0,0.0436607948634047,0.3553550168764491,4,Off-Peak,Fall,True,True,True,False,0.27,0.09594585455664126,0.07304519791349232,-0.022900656643148942
2018-10-02 05:00:00,68.64840360715077,0.3975442127583555,0.0,0.0421891958818545,0.3553550168765009,5,Off-Peak,Fall,True,True,True,False,0.27,0.09594585455665525,0.07304519791350296,-0.022900656643152287
2018-10-02 06:00:00,68.28475807560498,0.4034650648078008,0.0,0.048110047931098,0.3553550168767027,6,Off-Peak,Fall,True,True,True,False,0.27,0.09594585455670973,0.07304519791354443,-0.022900656643165304
2018-10-02 18:00:00,91.80510888379692,0.7195638748411634,0.0,0.3642088424224568,0.3553550324187065,18,Peak,Fall,True,True,True,False,0.47,0.16701686523679204,0.07304520110828966,-0.09397166412850239
2018-10-02 19:00:00,88.52137634929919,0.792741554054054,0.0,0.4373865286029545,0.3553550254510994,19,Peak,Fall,True,True,True,False,0.47,0.16701686196201673,0.07304519967605932,-0.09397166228595741
2018-10-02 20:00:00,84.76451773400264,0.8547128378378378,0.0,0.499357813215202,0.3553550246226357,20,Peak,Fall,True,True,True,False,0.47,0.16701686157263876,0.073045199505764,-0.09397166206687475
2018-10-02 21:00:00,80.52418263222064,0.9178530405405404,0.0,0.5624980149315505,0.3553550256089899,21,Peak,Fall,True,True,True,False,0.47,0.16701686203622523,0.0730451997085146,-0.09397166232771063
2018-10-02 22:00:00,75.94951184851094,0.9610320945945944,0.0,0.6056770680270808,0.3553550265675136,22,Off-Peak,Fall,True,True,True,False,0.27,0.09594585717322868,0.07304519990554445,-0.022900657267684227
2018-10-02 23:00:00,71.88900573909896,0.892250359310288,0.0,0.5368953387714566,0.3553550205388314,23,Off-Peak,Fall,True,True,True,False,0.27,0.09594585554548449,0.07304519866631533,-0.02290065687916916
2018-10-03 00:00:00,69.60868917685113,0.6568751863573525,0.0,0.3015201694807362,0.3553550168766163,0,Off-Peak,Fall,True,True,True,False,0.27,0.0959458545566864,0.07304519791352669,-0.02290065664315971
2018-10-03 01:00:00,68.70144033225299,0.4753614864864866,0.0,0.12000646959746,0.3553550168890265,1,Off-Peak,Fall,True,True,True,False,0.27,0.09594585456003715,0.07304519791607766,-0.02290065664395949
2018-10-03 02:00:00,68.24626830287643,0.4155658783783784,0.0,0.0602108615021721,0.3553550168762062,2,Off-Peak,Fall,True,True,True,False,0.27,0.09594585455657567,0.07304519791344238,-0.022900656643133288
2018-10-03 03:00:00,67.8973087011729,0.4015115011269863,0.0,0.0461564842507252,0.3553550168762611,3,Off-Peak,Fall,True,True,True,False,0.27,0.09594585455659049,0.07304519791345367,-0.022900656643136827
2018-10-03 04:00:00,67.61362712192178,0.3928738525050596,0.0,0.0375188356288579,0.3553550168762016,4,Off-Peak,Fall,True,True,True,False,0.27,0.09594585455657444,0.07304519791344143,-0.02290065664313301
2018-10-03 05:00:00,67.35895337073579,0.3890340557643766,0.0,0.0336790388880117,0.3553550168763649,5,Off-Peak,Fall,True,True,True,False,0.27,0.09594585455661853,0.073045197913475,-0.02290065664314353
2018-10-03 06:00:00,66.98791231182372,0.4044115558396737,0.0,0.0490565389621462,0.3553550168775274,6,Off-Peak,Fall,True,True,True,False,0.27,0.0959458545569324,0.07304519791371396,-0.022900656643218442
2018-10-03 18:00:00,91.7585050138904,0.7820253378378377,0.0,0.4266702875485543,0.3553550502892833,18,Peak,Fall,True,True,True,False,0.47,0.16701687363596315,0.07304520478168601,-0.09397166885427714
2018-10-03 19:00:00,88.60459230077427,0.7754729729729729,0.0,0.4201179505658649,0.355355022407108,19,Peak,Fall,True,True,True,False,0.47,0.16701686053134074,0.07304519905034998,-0.09397166148099076
2018-10-03 20:00:00,85.07803711114632,0.8241959459459459,0.0,0.4688409230954358,0.35535502285051,20,Peak,Fall,True,True,True,False,0.47,0.1670168607397397,0.07304519914149372,-0.09397166159824598
2018-10-03 21:00:00,81.05485351356076,0.8891875,0.0,0.5338324757437652,0.3553550242562348,21,Peak,Fall,True,True,True,False,0.47,0.16701686140043034,0.07304519943044825,-0.09397166196998209
2018-10-03 22:00:00,76.93000495696646,0.9017820945945946,0.0,0.5464270720751017,0.3553550225194929,22,Off-Peak,Fall,True,True,True,False,0.27,0.0959458560802631,0.07304519907345132,-0.022900657006811778
2018-10-03 23:00:00,73.2995786358565,0.835738696226782,0.0,0.4803836772031814,0.3553550190236005,23,Off-Peak,Fall,True,True,True,False,0.27,0.09594585513637215,0.07304519835485121,-0.022900656781520937
2018-10-04 00:00:00,70.88817538027975,0.6811408667960029,0.0,0.3189821394590399,0.362158727336963,0,Off-Peak,Fall,True,True,True,False,0.27,0.09778285638098003,0.0744437383970424,-0.023339117983937632
2018-10-04 01:00:00,69.75016559216323,0.5127286091776119,0.0,0.1505698819059303,0.3621587272716815,1,Off-Peak,Fall,True,True,True,False,0.27,0.09778285636335401,0.07444373838362342,-0.023339117979730595
2018-10-04 02:00:00,69.00039327296071,0.4613502159634137,0.0,0.0991914886992234,0.3621587272641902,2,Off-Peak,Fall,True,True,True,False,0.27,0.09778285636133136,0.07444373838208354,-0.023339117979247814
2018-10-04 03:00:00,68.5925949847675,0.4161091499260217,0.0,0.0539504226627723,0.3621587272632494,3,Off-Peak,Fall,True,True,True,False,0.27,0.09778285636107734,0.07444373838189014,-0.023339117979187196
2018-10-04 04:00:00,68.37118249595456,0.3914510515055915,0.0,0.0292923242423431,0.3621587272632483,4,Off-Peak,Fall,True,True,True,False,0.27,0.09778285636107706,0.07444373838188993,-0.023339117979187127
2018-10-04 05:00:00,68.14624454258771,0.3919144606423237,0.0,0.0297557333789279,0.3621587272633958,5,Off-Peak,Fall,True,True,True,False,0.27,0.09778285636111687,0.07444373838192024,-0.023339117979196633
2018-10-04 06:00:00,67.8247477291494,0.4046793675382369,0.0,0.042520640274498,0.3621587272637388,6,Off-Peak,Fall,True,True,True,False,0.27,0.0977828563612095,0.07444373838199075,-0.02333911797921874
2018-10-04 18:00:00,92.50264060909622,0.6913902027027027,0.0,0.3292314621413901,0.3621587405613126,18,Peak,Fall,True,True,True,False,0.47,0.1702146080638169,0.07444374111538092,-0.09577086694843599
2018-10-04 19:00:00,89.46743114987518,0.7666689189189189,0.0,0.4045101839602018,0.3621587349587171,19,Peak,Fall,True,True,True,False,0.47,0.17021460543059702,0.0744437399637363,-0.09577086546686073
2018-10-04 20:00:00,85.94181057412584,0.8310320945945945,0.0,0.4688733601962337,0.3621587343983607,20,Peak,Fall,True,True,True,False,0.47,0.17021460516722953,0.07444373984855192,-0.09577086531867761
2018-10-04 21:00:00,81.91326883968914,0.8968496621621621,0.0,0.5346909270353085,0.3621587351268536,21,Peak,Fall,True,True,True,False,0.47,0.17021460550962117,0.07444373999829768,-0.0957708655113235
2018-10-04 22:00:00,77.68753643845024,0.9220474546987116,0.0,0.5598887207983151,0.3621587339003965,22,Off-Peak,Fall,True,True,True,False,0.27,0.09778285815310706,0.07444373974619262,-0.02333911840691444
2018-10-04 23:00:00,73.89172271738865,0.8644686069760639,0.0,0.50230987700288,0.3621587299731839,23,Off-Peak,Fall,True,True,True,False,0.27,0.09778285709275965,0.07444373893893225,-0.0233391181538274
2018-10-05 00:00:00,71.83448855950321,0.6396196733872999,0.0,0.2722745744948259,0.3673450988924739,0,Off-Peak,Fall,True,True,True,False,0.27,0.09918317670096796,0.07550982588345298,-0.023673350817514982
2018-10-05 01:00:00,71.01722038267586,0.4755475869095207,0.0,0.1082024880153327,0.3673450988941879,1,Off-Peak,Fall,True,True,True,False,0.27,0.09918317670143074,0.07550982588380528,-0.023673350817625463
2018-10-05 02:00:00,70.64620033929141,0.4164708590026445,0.0,0.049125760118646,0.3673450988839985,2,Off-Peak,Fall,True,True,True,False,0.27,0.09918317669867961,0.0755098258817108,-0.023673350816968808
2018-10-05 03:00:00,70.38053057972822,0.4025198420375358,0.0,0.0351747431537061,0.3673450988838296,3,Off-Peak,Fall,True,True,True,False,0.27,0.099183176698634,0.07550982588167608,-0.023673350816957914
2018-10-05 04:00:00,70.09111571041437,0.4056585490371063,0.0,0.038313450153139,0.3673450988839672,4,Off-Peak,Fall,True,True,True,False,0.27,0.09918317669867116,0.07550982588170438,-0.02367335081696678
2018-10-05 05:00:00,69.75131079908645,0.4123216062031437,0.0,0.0449765073188086,0.367345098884335,5,Off-Peak,Fall,True,True,True,False,0.27,0.09918317669877046,0.07550982588177996,-0.0236733508169905
2018-10-05 06:00:00,69.27244726402658,0.4307096052648155,0.0,0.0633645063782848,0.3673450988865306,6,Off-Peak,Fall,True,True,True,False,0.27,0.09918317669936327,0.07550982588223128,-0.023673350817131997
2018-10-05 18:00:00,92.1613788019604,0.688902027027027,0.0,0.3215569182468021,0.3673451087802248,18,Peak,Fall,True,True,True,False,0.47,0.17265220112670565,0.0755098279159351,-0.09714237321077056
2018-10-05 19:00:00,89.0281990329416,0.7847584459459459,0.0,0.4174133385525042,0.3673451073934416,19,Peak,Fall,True,True,True,False,0.47,0.17265220047491756,0.0755098276308741,-0.09714237284404345
2018-10-05 20:00:00,85.25106258064865,0.869412162162162,0.0,0.5020670540827602,0.3673451080794018,20,Peak,Fall,True,True,True,False,0.47,0.17265220079731883,0.07550982777187704,-0.09714237302544179
2018-10-05 21:00:00,81.28851396862196,0.8931368243243243,0.0,0.5257917195782773,0.367345104746047,21,Peak,Fall,True,True,True,False,0.47,0.17265219923064207,0.07550982708668744,-0.09714237214395463
2018-10-05 22:00:00,77.3624807600286,0.8875169325599469,0.0,0.5201718294801632,0.3673451030797837,22,Off-Peak,Fall,True,True,True,False,0.27,0.0991831778315416,0.07550982674417775,-0.023673351087363848
2018-10-05 23:00:00,73.67472363109535,0.855315517569694,0.0,0.4879704158238179,0.3673451017458761,23,Off-Peak,Fall,True,True,True,False,0.27,0.09918317747138655,0.07550982646998564,-0.023673351001400916
2018-10-06 00:00:00,71.57739581691659,0.6800501303958438,0.0,0.2775302883579421,0.4025198420379017,0,Off-Peak,Fall,True,True,True,False,0.27,0.10868035735023347,0.08274018975223535,-0.025940167597998123
2018-10-06 01:00:00,70.89765235897113,0.4925119890096606,0.0,0.0899921469575248,0.4025198420521357,1,Off-Peak,Fall,True,True,True,False,0.27,0.10868035735407665,0.08274018975516123,-0.025940167598915417
2018-10-06 02:00:00,70.68479065758615,0.4307055974185423,0.0,0.0281857553808231,0.4025198420377192,2,Off-Peak,Fall,True,True,True,False,0.27,0.10868035735018418,0.08274018975219784,-0.02594016759798634
2018-10-06 03:00:00,70.72419226754718,0.396857831491262,0.0,0.0,0.396857831491262,3,Off-Peak,Fall,True,True,True,True,0.27,0.10715161450264075,0.08157633202875941,-0.02557528247388134
2018-10-06 04:00:00,70.72419226754718,0.4013676393674432,0.0,0.0,0.4013676393674432,4,Off-Peak,Fall,True,True,True,True,0.27,0.10836926262920966,0.08250334809219664,-0.02586591453701302
2018-10-06 05:00:00,70.64734559102403,0.412695975292995,0.0,0.0101761332554553,0.4025198420375397,5,Off-Peak,Fall,True,True,True,False,0.27,0.10868035735013573,0.08274018975216094,-0.025940167597974795
2018-10-06 06:00:00,70.38381192585301,0.4374099020897214,0.0,0.034890060051788,0.4025198420379333,6,Off-Peak,Fall,True,True,True,False,0.27,0.108680357350242,0.08274018975224184,-0.02594016759800015
2018-10-06 18:00:00,92.03825823062158,0.7386097972972973,0.0,0.3360899436977025,0.4025198535995947,18,Peak,Fall,True,True,True,False,0.47,0.1891843311918095,0.08274019212880557,-0.10644413906300393
2018-10-06 19:00:00,88.93340304639763,0.8161216216216217,0.0,0.4136017720055586,0.4025198496160631,19,Peak,Fall,True,True,True,False,0.47,0.18918432931954962,0.08274019130996851,-0.10644413800958111
2018-10-06 20:00:00,85.55313022783093,0.8519695945945945,0.0,0.449449747453358,0.4025198471412365,20,Peak,Fall,True,True,True,False,0.47,0.18918432815638114,0.08274019080125417,-0.10644413735512698
2018-10-06 21:00:00,81.83751957976403,0.8956925675675675,0.0,0.493172720362509,0.4025198472050585,21,Peak,Fall,True,True,True,False,0.47,0.18918432818637748,0.08274019081437313,-0.10644413737200435
2018-10-06 22:00:00,78.01226159575556,0.9094662162162162,0.0,0.5069463699556662,0.4025198462605499,22,Off-Peak,Fall,True,True,True,False,0.27,0.10868035849034847,0.08274019062022414,-0.025940167870124334
2018-10-06 23:00:00,74.61338225814768,0.8524780434033452,0.0,0.4499581997173934,0.4025198436859518,23,Off-Peak,Fall,True,True,True,False,0.27,0.10868035779520699,0.0827401900910012,-0.02594016770420579
2018-10-07 00:00:00,72.59995363427507,0.6690564434494934,0.0,0.2665366014112879,0.4025198420382055,0,Off-Peak,Fall,True,True,True,False,0.27,0.10868035735031549,0.0827401897522978,-0.02594016759801769
2018-10-07 01:00:00,71.83688119081587,0.5035729585263774,0.0,0.1010531164776789,0.4025198420486984,1,Off-Peak,Fall,True,True,True,False,0.27,0.10868035735314857,0.08274018975445467,-0.0259401675986939
2018-10-07 02:00:00,71.7305951432862,0.4165996712053788,0.0,0.0140798291677219,0.4025198420376568,2,Off-Peak,Fall,True,True,True,False,0.27,0.10868035735016734,0.082740189752185,-0.025940167597982344
2018-10-07 03:00:00,71.7449553153758,0.4004555578610746,0.0,0.0,0.4004555578610746,3,Off-Peak,Fall,True,True,True,True,0.27,0.10812300062249015,0.08231586467144311,-0.02580713595104704
2018-10-07 04:00:00,71.82807482379341,0.390570505486375,0.0,0.0,0.390570505486375,4,Off-Peak,Fall,True,True,True,True,0.27,0.10545403648132126,0.08028393723886597,-0.025170099242455293
2018-10-07 05:00:00,71.89832543555654,0.3924203330495749,0.0,0.0,0.3924203330495749,5,Off-Peak,Fall,True,True,True,True,0.27,0.10595348992338523,0.08066417957130151,-0.02528931035208372
2018-10-07 06:00:00,71.87796584905978,0.4052171868975864,0.0,0.0026973448600507,0.4025198420375356,6,Off-Peak,Fall,True,True,True,False,0.27,0.10868035735013462,0.0827401897521601,-0.025940167597974517
2018-10-07 18:00:00,92.07077636131416,0.7373581081081079,0.0,0.3348382545167141,0.4025198535913937,18,Peak,Fall,True,True,True,False,0.47,0.18918433118795502,0.08274019212711982,-0.1064441390608352
2018-10-07 19:00:00,88.99434250445556,0.8123361486486488,0.0,0.4098162992825779,0.4025198493660708,19,Peak,Fall,True,True,True,False,0.47,0.18918432920205328,0.08274019125858123,-0.10644413794347204
2018-10-07 20:00:00,85.58284103021087,0.8560979729729729,0.0,0.4535781254614976,0.4025198475114752,20,Peak,Fall,True,True,True,False,0.47,0.18918432833039334,0.08274019087735879,-0.10644413745303455
2018-10-07 21:00:00,81.67999071790477,0.9204341216216216,0.0,0.5179142727299906,0.402519848891631,21,Peak,Fall,True,True,True,False,0.47,0.18918432897906656,0.08274019116105748,-0.10644413781800909
2018-10-07 22:00:00,77.75652863251538,0.9223766891891892,0.0,0.5198568427878582,0.4025198464013311,22,Off-Peak,Fall,True,True,True,False,0.27,0.1086803585283594,0.08274019064916249,-0.02594016787919691
2018-10-07 23:00:00,74.2714478347828,0.8637837837837838,0.0,0.4612639399148286,0.4025198438689552,23,Off-Peak,Fall,True,True,True,False,0.27,0.10868035784461791,0.08274019012861857,-0.025940167715999343
2018-10-08 00:00:00,72.20523096997387,0.6759797297297298,0.0,0.2734598876911897,0.40251984203854,0,Off-Peak,Fall,True,True,True,False,0.27,0.1086803573504058,0.08274018975236655,-0.025940167598039257
2018-10-08 01:00:00,71.4986335468231,0.4960793918918919,0.0,0.0935595498393615,0.4025198420525303,1,Off-Peak,Fall,True,True,True,False,0.27,0.10868035735418319,0.08274018975524232,-0.02594016759894087
2018-10-08 02:00:00,71.20827042171719,0.4409705811695317,0.0,0.0384507391318611,0.4025198420376706,2,Off-Peak,Fall,True,True,True,False,0.27,0.10868035735017106,0.08274018975218785,-0.02594016759798322
2018-10-08 03:00:00,71.22936026658616,0.3994889402351128,0.0,0.0,0.3994889402351128,3,Off-Peak,Fall,True,True,True,True,0.27,0.10786201386348046,0.08211717104832873,-0.025744842815151728
2018-10-08 04:00:00,71.32122431937404,0.3893167011035137,0.0,0.0,0.3893167011035137,4,Off-Peak,Fall,True,True,True,True,0.27,0.1051155092979487,0.08002621078238892,-0.025089298515559785
2018-10-08 05:00:00,71.38773027776317,0.392961159697904,0.0,0.0,0.392961159697904,5,Off-Peak,Fall,True,True,True,True,0.27,0.10609951311843409,0.08077534949345805,-0.02532416362497604
2018-10-08 06:00:00,71.36547643919242,0.4054673829468631,0.0,0.0029475409093289,0.4025198420375341,6,Off-Peak,Fall,True,True,True,False,0.27,0.10868035735013422,0.08274018975215978,-0.025940167597974434
2018-10-08 18:00:00,92.3531049943238,0.7200574324324323,0.0,0.3175375801017949,0.4025198523306373,18,Peak,Fall,True,True,True,False,0.47,0.18918433059539952,0.08274019186796433,-0.10644413872743519
2018-10-08 19:00:00,89.32647755593146,0.8057702702702703,0.0,0.4032504205803558,0.4025198496899144,19,Peak,Fall,True,True,True,False,0.47,0.18918432935425974,0.08274019132514907,-0.10644413802911068
2018-10-08 20:00:00,85.75588218250452,0.8772229729729728,0.0,0.4747031234453696,0.4025198495276032,20,Peak,Fall,True,True,True,False,0.47,0.18918432927797352,0.0827401912917851,-0.10644413798618842
2018-10-08 21:00:00,82.32761180846586,0.8576689189189188,0.0,0.4551490741040967,0.4025198448148221,21,Peak,Fall,True,True,True,False,0.47,0.1891843270629664,0.08274019032304678,-0.10644413673991962
2018-10-08 22:00:00,78.40168504798665,0.922804054054054,0.0,0.5202842059393198,0.4025198481147342,22,Off-Peak,Fall,True,True,True,False,0.27,0.10868035899097823,0.08274019100136203,-0.02594016798961621
2018-10-08 23:00:00,74.69785545935166,0.8927339918089064,0.0,0.4902141468994079,0.4025198449094985,23,Off-Peak,Fall,True,True,True,False,0.27,0.1086803581255646,0.08274019034250803,-0.025940167783056578
2018-10-09 00:00:00,72.61325786742317,0.6784408783783783,0.0,0.2759210363383093,0.4025198420400689,0,Off-Peak,Fall,True,True,True,False,0.27,0.10868035735081862,0.08274018975268083,-0.02594016759813779
2018-10-09 01:00:00,71.75745432001915,0.5158325209911327,0.0,0.1133126789435879,0.4025198420475448,1,Off-Peak,Fall,True,True,True,False,0.27,0.10868035735283711,0.08274018975421754,-0.02594016759861957
2018-10-09 02:00:00,71.47691650729386,0.4396718889244448,0.0,0.0371520468862359,0.4025198420382088,2,Off-Peak,Fall,True,True,True,False,0.27,0.10868035735031638,0.08274018975229848,-0.0259401675980179
2018-10-09 03:00:00,71.47098111908963,0.4033059905691815,0.0,0.0,0.4033059905691815,3,Off-Peak,Fall,True,True,True,True,0.27,0.10889261745367901,0.08290178695033175,-0.02599083050334726
2018-10-09 04:00:00,71.54963011567875,0.3912156316926547,0.0,0.0,0.3912156316926547,4,Off-Peak,Fall,True,True,True,True,0.27,0.10562822055701677,0.08041654651460124,-0.025211674042415533
2018-10-09 05:00:00,71.60515875867624,0.3945386372543272,0.0,0.0,0.3945386372543272,5,Off-Peak,Fall,True,True,True,True,0.27,0.10652543205866835,0.08109960876894504,-0.025425823289723315
2018-10-09 06:00:00,71.53900515048888,0.4112819134726634,0.0,0.0087620714351322,0.4025198420375311,6,Off-Peak,Fall,True,True,True,False,0.27,0.1086803573501334,0.08274018975215917,-0.025940167597974226
2018-10-09 18:00:00,92.2151659890219,0.7176368243243243,0.0,0.3151169730785493,0.4025198512457749,18,Peak,Fall,True,True,True,False,0.47,0.1891843300855142,0.08274019164496484,-0.10644413844054935
2018-10-09 19:00:00,89.65960196905218,0.7431469594594595,0.0,0.3406271141087,0.4025198453507595,19,Peak,Fall,True,True,True,False,0.47,0.18918432731485696,0.08274019043321167,-0.1064441368816453
2018-10-09 20:00:00,86.59163437213333,0.8106520270270269,0.0,0.4081321803770206,0.4025198466500062,20,Peak,Fall,True,True,True,False,0.47,0.18918432792550288,0.08274019070027905,-0.10644413722522383
2018-10-09 21:00:00,82.96710936835817,0.8837736486486486,0.0,0.481253800715444,0.4025198479332045,21,Peak,Fall,True,True,True,False,0.47,0.18918432852860612,0.08274019096404758,-0.10644413756455853
2018-10-09 22:00:00,79.38647454475876,0.8772884044575471,0.0,0.474768559429874,0.4025198450276731,22,Off-Peak,Fall,True,True,True,False,0.27,0.10868035815747173,0.08274019036679946,-0.025940167790672278
2018-10-09 23:00:00,76.02353853201323,0.8479040964757422,0.0,0.4453842525365637,0.4025198439391784,23,Off-Peak,Fall,True,True,True,False,0.27,0.10868035786357817,0.08274019014305332,-0.025940167720524848
2018-10-10 00:00:00,74.23928090241387,0.6388661797069646,0.0,0.2363463376575711,0.4025198420493934,0,Off-Peak,Fall,True,True,True,False,0.27,0.10868035735333623,0.08274018975459753,-0.025940167598738698
2018-10-10 01:00:00,73.69309982375663,0.4749015434244055,0.0,0.0723817013793696,0.4025198420450359,1,Off-Peak,Fall,True,True,True,False,0.27,0.1086803573521597,0.08274018975370181,-0.02594016759845788
2018-10-10 02:00:00,73.62246322917802,0.4118830058741842,0.0,0.0093631638366575,0.4025198420375266,2,Off-Peak,Fall,True,True,True,False,0.27,0.10868035735013219,0.08274018975215824,-0.025940167597973948
2018-10-10 03:00:00,73.60987933830721,0.4041879318499257,0.0,0.0,0.4041879318499257,3,Off-Peak,Fall,True,True,True,True,0.27,0.10913074159947994,0.0830830748802625,-0.026047666719217447
2018-10-10 04:00:00,73.60987933830721,0.4024273705550895,0.0,0.0,0.4024273705550895,4,Off-Peak,Fall,True,True,True,True,0.27,0.10865539004987416,0.08272118172521284,-0.025934208324661326
2018-10-10 05:00:00,73.52514216498584,0.4137515770213139,0.0,0.0112317349837764,0.4025198420375374,5,Off-Peak,Fall,True,True,True,False,0.27,0.10868035735013509,0.08274018975216045,-0.025940167597974642
2018-10-10 06:00:00,73.32784587067323,0.4286674082705112,0.0,0.0261475662328462,0.402519842037665,6,Off-Peak,Fall,True,True,True,False,0.27,0.10868035735016955,0.0827401897521867,-0.025940167597982858
2018-10-10 18:00:00,91.85667451943787,0.7372162162162161,0.0,0.3346963638618905,0.4025198523543256,18,Peak,Fall,True,True,True,False,0.47,0.189184330606533,0.08274019187283359,-0.10644413873369941
2018-10-10 19:00:00,88.92823789148534,0.792581081081081,0.0,0.3900612334643307,0.4025198476167503,19,Peak,Fall,True,True,True,False,0.47,0.18918432837987262,0.08274019089899866,-0.10644413748087396
2018-10-10 20:00:00,85.64091111484798,0.8395658783783784,0.0,0.4370460315336392,0.4025198468447391,20,Peak,Fall,True,True,True,False,0.47,0.1891843280170274,0.08274019074030749,-0.1064441372767199
2018-10-10 21:00:00,81.96647181173856,0.8901689189189189,0.0,0.4876490716906438,0.402519847228275,21,Peak,Fall,True,True,True,False,0.47,0.18918432819728923,0.08274019081914541,-0.10644413737814382
2018-10-10 22:00:00,78.14711293450047,0.90861345794406,0.0,0.5060936115609194,0.4025198463831406,22,Off-Peak,Fall,True,True,True,False,0.27,0.10868035852344797,0.08274019064542334,-0.025940167878024625
2018-10-10 23:00:00,74.86150654429629,0.8374665625098954,0.0,0.4349467192085613,0.402519843301334,23,Off-Peak,Fall,True,True,True,False,0.27,0.10868035769136018,0.08274019001194087,-0.025940167679419313
2018-10-11 00:00:00,72.8088731766941,0.6742102109952112,0.0,0.2716903689479232,0.4025198420472879,0,Off-Peak,Fall,True,True,True,False,0.27,0.10868035735276774,0.08274018975416474,-0.025940167598603
2018-10-11 01:00:00,72.08115990052661,0.4988829535539291,0.0,0.0963631115040812,0.4025198420498478,1,Off-Peak,Fall,True,True,True,False,0.27,0.10868035735345892,0.08274018975469093,-0.025940167598767994
2018-10-11 02:00:00,71.92085561073708,0.4237523927588098,0.0,0.0212325507209847,0.4025198420378251,2,Off-Peak,Fall,True,True,True,False,0.27,0.10868035735021278,0.0827401897522196,-0.025940167597993183
2018-10-11 03:00:00,71.80371570797517,0.4180348316198143,0.0,0.0155149895822733,0.402519842037541,3,Off-Peak,Fall,True,True,True,False,0.27,0.10868035735013608,0.0827401897521612,-0.025940167597974878
2018-10-11 04:00:00,71.63585693694688,0.4247503286370431,0.0,0.0222304865994492,0.4025198420375938,4,Off-Peak,Fall,True,True,True,False,0.27,0.10868035735015033,0.08274018975217205,-0.025940167597978278
2018-10-11 05:00:00,71.3205975261512,0.4442626847872434,0.0,0.0417428427491629,0.4025198420380804,5,Off-Peak,Fall,True,True,True,False,0.27,0.10868035735028171,0.08274018975227208,-0.025940167598009628
2018-10-11 06:00:00,70.7827753749846,0.4737072963166384,0.0,0.071187454274236,0.4025198420424024,6,Off-Peak,Fall,True,True,True,False,0.27,0.10868035735144865,0.08274018975316048,-0.02594016759828817
2018-10-11 18:00:00,92.31884282161828,0.6938445945945946,0.0,0.2913247459996524,0.4025198485949421,18,Peak,Fall,True,True,True,False,0.47,0.18918432883962277,0.08274019110007143,-0.10644413773955134
2018-10-11 19:00:00,89.60783656661876,0.7637888513513515,0.0,0.3612690043317709,0.4025198470195806,19,Peak,Fall,True,True,True,False,0.47,0.18918432809920288,0.08274019077624711,-0.10644413732295577
2018-10-11 20:00:00,86.53948210769396,0.8106537162162162,0.0,0.4081338699760591,0.402519846240157,20,Peak,Fall,True,True,True,False,0.47,0.18918432773287377,0.08274019061603227,-0.1064441371168415
2018-10-11 21:00:00,82.97317958352693,0.8760135135135136,0.0,0.4734936661424819,0.4025198473710317,21,Peak,Fall,True,True,True,False,0.47,0.1891843282643849,0.08274019084848984,-0.10644413741589505
2018-10-11 22:00:00,78.95005025994337,0.9356908664053633,0.0,0.5331710177717441,0.4025198486336191,22,Off-Peak,Fall,True,True,True,False,0.27,0.10868035913107717,0.08274019110802171,-0.02594016802305546
2018-10-11 23:00:00,75.1495412378435,0.9055175099793368,0.0,0.5029976647607901,0.4025198452185466,23,Off-Peak,Fall,True,True,True,False,0.27,0.1086803582090076,0.08274019040603459,-0.025940167802973008
2018-10-12 00:00:00,73.26729088102,0.6672287138039681,0.0,0.2491938821420084,0.4180348316619596,0,Off-Peak,Fall,True,True,True,False,0.27,0.1128694045487291,0.08592938206384725,-0.02694002248488185
2018-10-12 01:00:00,72.83719978532874,0.4750106898389153,0.0,0.0569758582090294,0.4180348316298858,1,Off-Peak,Fall,True,True,True,False,0.27,0.11286940454006918,0.08592938205725431,-0.026940022482814865
2018-10-12 02:00:00,72.76584997050344,0.4274884056167279,0.0,0.0094535739968856,0.4180348316198423,2,Off-Peak,Fall,True,True,True,False,0.27,0.11286940453735743,0.08592938205518981,-0.02694002248216762
2018-10-12 03:00:00,72.782943923211,0.4155771413283228,0.0,0.0,0.4155771413283228,3,Off-Peak,Fall,True,True,True,True,0.27,0.11220582815864716,0.08542419016193302,-0.02678163799671414
2018-10-12 04:00:00,72.6493624460708,0.4357324343719486,0.0,0.0176976027520993,0.4180348316198492,4,Off-Peak,Fall,True,True,True,False,0.27,0.1128694045373593,0.08592938205519123,-0.026940022482168077
2018-10-12 05:00:00,72.49690129789897,0.438232274587065,0.0,0.0201974429672011,0.4180348316198638,5,Off-Peak,Fall,True,True,True,False,0.27,0.11286940453736324,0.08592938205519422,-0.02694002248216902
2018-10-12 06:00:00,72.05490587781853,0.4765689348209757,0.0,0.0585341031977562,0.4180348316232194,6,Off-Peak,Fall,True,True,True,False,0.27,0.11286940453826926,0.08592938205588399,-0.026940022482385265
2018-10-12 18:00:00,92.56618665838774,0.6929712837837837,0.0,0.2749364465148554,0.4180348372689283,18,Peak,Fall,True,True,True,False,0.47,0.1964763735163963,0.08592938321639082,-0.11054699030000548
2018-10-12 19:00:00,90.11087923705912,0.7453614864864865,0.0,0.3273266513649731,0.4180348351215134,19,Peak,Fall,True,True,True,False,0.47,0.19647637250711128,0.08592938277497775,-0.11054698973213353
2018-10-12 20:00:00,87.04845823322535,0.8254628378378376,0.0,0.4074280010447408,0.4180348367930967,20,Peak,Fall,True,True,True,False,0.47,0.19647637329275544,0.08592938311858099,-0.11054699017417445
2018-10-12 21:00:00,83.35711609317944,0.9081503378378376,0.0,0.4901154994472991,0.4180348383905384,21,Peak,Fall,True,True,True,False,0.47,0.19647637404355303,0.085929383446944,-0.11054699059660904
2018-10-12 22:00:00,79.69126754810314,0.9040658783783782,0.0,0.4860310433646915,0.4180348350136866,22,Off-Peak,Fall,True,True,True,False,0.27,0.11286940545369539,0.08592938275281335,-0.02694002270088204
2018-10-12 23:00:00,76.56026199256698,0.8327800200019838,0.0,0.4147451874034984,0.4180348325984853,23,Off-Peak,Fall,True,True,True,False,0.27,0.11286940480159104,0.08592938225635531,-0.026940022545235726
2018-10-13 00:00:00,74.69073231203647,0.6656725080554832,0.0,0.2476376764352849,0.4180348316201981,0,Off-Peak,Fall,True,True,True,False,0.27,0.11286940453745349,0.08592938205526295,-0.026940022482190545
2018-10-13 01:00:00,74.1272419489135,0.4927115677570183,0.0,0.0746767361278732,0.418034831629145,1,Off-Peak,Fall,True,True,True,False,0.27,0.11286940453986916,0.08592938205710203,-0.026940022482767126
2018-10-13 02:00:00,74.09702726663562,0.4220401606018296,0.0,0.0040053289820226,0.4180348316198069,2,Off-Peak,Fall,True,True,True,False,0.27,0.11286940453734788,0.08592938205518252,-0.026940022482165357
2018-10-13 03:00:00,74.24921584848083,0.3961406447135092,0.0,0.0,0.3961406447135092,3,Off-Peak,Fall,True,True,True,True,0.27,0.10695797407264748,0.08142891030222132,-0.025529063770426158
2018-10-13 04:00:00,74.40679173837617,0.3953641558550653,0.0,0.0,0.3953641558550653,4,Off-Peak,Fall,True,True,True,True,0.27,0.10674832208086764,0.08126929870354119,-0.02547902337732645
2018-10-13 05:00:00,74.50305416454789,0.4041853591255354,0.0,0.0,0.4041853591255354,5,Off-Peak,Fall,True,True,True,True,0.27,0.10913004696389456,0.08308254604247116,-0.026047500921423397
2018-10-13 06:00:00,74.41149635259877,0.4301730320473322,0.0,0.0121382004275379,0.4180348316197943,6,Off-Peak,Fall,True,True,True,False,0.27,0.11286940453734448,0.08592938205517993,-0.026940022482164552
2018-10-13 18:00:00,91.37873870745383,0.778258445945946,0.0,0.360223602573211,0.4180348433727349,18,Peak,Fall,True,True,True,False,0.47,0.1964763763851854,0.08592938447106217,-0.11054699191412322
2018-10-13 19:00:00,88.39351701553895,0.8154712837837839,0.0,0.3974364471642209,0.4180348366195629,19,Peak,Fall,True,True,True,False,0.47,0.19647637321119457,0.08592938308291015,-0.11054699012828442
2018-10-13 20:00:00,85.2970823835187,0.8296216216216216,0.0,0.4115867868930933,0.4180348347285282,20,Peak,Fall,True,True,True,False,0.47,0.19647637232240825,0.08592938269419746,-0.11054698962821079
2018-10-13 21:00:00,81.52472312597587,0.9184932432432432,0.0,0.5004584050598458,0.4180348381833974,21,Peak,Fall,True,True,True,False,0.47,0.19647637394619674,0.08592938340436503,-0.11054699054183172
2018-10-13 22:00:00,77.65494324649886,0.930625998287054,0.0,0.5125911623111735,0.4180348359758804,22,Off-Peak,Fall,True,True,True,False,0.27,0.11286940571348772,0.08592938295059764,-0.02694002276289008
2018-10-13 23:00:00,74.30705755980217,0.8610518776908143,0.0,0.4430170446667377,0.4180348330240765,23,Off-Peak,Fall,True,True,True,False,0.27,0.11286940491650066,0.08592938234383796,-0.026940022572662703
2018-10-14 00:00:00,72.43138164609206,0.6662536793149095,0.0,0.2482188476933871,0.4180348316215223,0,Off-Peak,Fall,True,True,True,False,0.27,0.11286940453781102,0.08592938205553513,-0.026940022482275894
2018-10-14 01:00:00,71.69924261423488,0.514954837273146,0.0,0.0969200056460763,0.4180348316270696,1,Off-Peak,Fall,True,True,True,False,0.27,0.1128694045393088,0.08592938205667543,-0.026940022482633372
2018-10-14 02:00:00,71.55600816786796,0.437001094892556,0.0,0.018966263272542,0.4180348316200139,2,Off-Peak,Fall,True,True,True,False,0.27,0.11286940453740377,0.08592938205522509,-0.02694002248217868
2018-10-14 03:00:00,71.59254859871271,0.4127841626435167,0.0,0.0,0.4127841626435167,3,Off-Peak,Fall,True,True,True,True,0.27,0.11145172391374951,0.08485007787672288,-0.026601646037026624
2018-10-14 04:00:00,71.5148412359588,0.4283245792370714,0.0,0.0102897476172421,0.4180348316198293,4,Off-Peak,Fall,True,True,True,False,0.27,0.11286940453735392,0.08592938205518713,-0.026940022482166787
2018-10-14 05:00:00,71.29438614893783,0.4472218409021695,0.0,0.0291870092821792,0.4180348316199902,5,Off-Peak,Fall,True,True,True,False,0.27,0.11286940453739737,0.08592938205522022,-0.026940022482177153
2018-10-14 06:00:00,70.8632234104147,0.4751016270015031,0.0,0.0570667953792493,0.4180348316222537,6,Off-Peak,Fall,True,True,True,False,0.27,0.1128694045380085,0.08592938205568547,-0.026940022482323037
2018-10-14 18:00:00,91.61002740596,0.7328310810810811,0.0,0.3147962430075214,0.4180348380735596,18,Peak,Fall,True,True,True,False,0.47,0.196476373894573,0.08592938338178725,-0.11054699051278576
2018-10-14 19:00:00,88.5381030646296,0.8270067567567567,0.0,0.4089719180199281,0.4180348387368285,19,Peak,Fall,True,True,True,False,0.47,0.1964763742063094,0.08592938351812586,-0.11054699068818354
2018-10-14 20:00:00,85.25774843080075,0.8539949324324323,0.0,0.4359600966538497,0.4180348357785825,20,Peak,Fall,True,True,True,False,0.47,0.19647637281593378,0.08592938291004197,-0.1105469899058918
2018-10-14 21:00:00,81.65008602489402,0.8966858108108109,0.0,0.4786509746427366,0.4180348361680743,21,Peak,Fall,True,True,True,False,0.47,0.1964763729989949,0.08592938299010415,-0.11054699000889075
2018-10-14 22:00:00,77.78427437490988,0.930100268604484,0.0,0.5120654321160611,0.4180348364884229,22,Off-Peak,Fall,True,True,True,False,0.27,0.11286940585187419,0.0859293830559536,-0.026940022795920587
2018-10-14 23:00:00,74.33340382299636,0.8746349941948474,0.0,0.4566001607826886,0.4180348334121587,23,Off-Peak,Fall,True,True,True,False,0.27,0.11286940502128286,0.0859293824236104,-0.02694002259767246
2018-10-15 00:00:00,72.4898488542549,0.6620003321735605,0.0,0.2439655005435736,0.4180348316299868,0,Off-Peak,Fall,True,True,True,False,0.27,0.11286940454009643,0.08592938205727506,-0.026940022482821374
2018-10-15 01:00:00,71.91971827961896,0.4935178208087735,0.0,0.0754829891798698,0.4180348316289036,1,Off-Peak,Fall,True,True,True,False,0.27,0.11286940453980397,0.0859293820570524,-0.02694002248275157
2018-10-15 02:00:00,71.8664184615895,0.4250933532687319,0.0,0.0070585216489063,0.4180348316198255,2,Off-Peak,Fall,True,True,True,False,0.27,0.11286940453735289,0.08592938205518635,-0.026940022482166537
2018-10-15 03:00:00,72.0109513357302,0.3972625325301978,0.0,0.0,0.3972625325301978,3,Off-Peak,Fall,True,True,True,True,0.27,0.1072608837831534,0.08165952057565176,-0.025601363207501643
2018-10-15 04:00:00,72.15443257479667,0.3974124902212665,0.0,0.0,0.3974124902212665,4,Off-Peak,Fall,True,True,True,True,0.27,0.10730137235974196,0.08169034521214923,-0.025611027147592738
2018-10-15 05:00:00,72.26362896409267,0.4023398029527039,0.0,0.0,0.4023398029527039,5,Off-Peak,Fall,True,True,True,True,0.27,0.10863174679723006,0.0827031817180558,-0.025928565079174265
2018-10-15 06:00:00,72.22974346876492,0.4225230116283833,0.0,0.0044881800085702,0.418034831619813,6,Off-Peak,Fall,True,True,True,False,0.27,0.1128694045373495,0.08592938205518377,-0.026940022482165732
2018-10-15 18:00:00,92.21841467388508,0.676633445945946,0.0,0.2585986110441273,0.4180348349018186,18,Peak,Fall,True,True,True,False,0.47,0.19647637240385474,0.08592938272981826,-0.11054698967403648
2018-10-15 19:00:00,89.75921765417084,0.7457601351351353,0.0,0.3277253000270774,0.4180348351080579,19,Peak,Fall,True,True,True,False,0.47,0.1964763725007872,0.08592938277221189,-0.11054698972857531
2018-10-15 20:00:00,86.58315466379419,0.8403986486486485,0.0,0.4223638111584525,0.418034837490196,20,Peak,Fall,True,True,True,False,0.47,0.1964763736203921,0.08592938326187362,-0.11054699035851849
2018-10-15 21:00:00,83.17281115804738,0.8708108108108108,0.0,0.4527759753023136,0.4180348355084971,21,Peak,Fall,True,True,True,False,0.47,0.19647637268899365,0.08592938285452441,-0.11054698983446924
2018-10-15 22:00:00,79.24944266214126,0.9379729729729728,0.0,0.5199381351033682,0.4180348378696046,22,Off-Peak,Fall,True,True,True,False,0.27,0.11286940622479325,0.08592938333986316,-0.02694002288493008
2018-10-15 23:00:00,76.04343672629051,0.8425524734646127,0.0,0.4245176409696407,0.418034832494972,23,Off-Peak,Fall,True,True,True,False,0.27,0.11286940477364243,0.08592938223507758,-0.026940022538564853
2018-10-16 00:00:00,74.30869696008577,0.647767970799355,0.0,0.2297331391732526,0.4180348316261023,0,Off-Peak,Fall,True,True,True,False,0.27,0.11286940453904762,0.08592938205647659,-0.026940022482571033
2018-10-16 01:00:00,73.80505247705267,0.4847646284669326,0.0,0.0667297968386378,0.4180348316282947,1,Off-Peak,Fall,True,True,True,False,0.27,0.11286940453963958,0.08592938205692724,-0.026940022482712336
2018-10-16 02:00:00,73.74423578698564,0.4260944250191834,0.0,0.0080595933993069,0.4180348316198764,2,Off-Peak,Fall,True,True,True,False,0.27,0.11286940453736664,0.08592938205519682,-0.026940022482169826
2018-10-16 03:00:00,73.8209169754662,0.407007196218497,0.0,0.0,0.407007196218497,3,Off-Peak,Fall,True,True,True,True,0.27,0.1098919429789942,0.08366259033380216,-0.026229352645192036
2018-10-16 04:00:00,73.79363483424896,0.4216504716244157,0.0,0.0036156400045936,0.4180348316198221,4,Off-Peak,Fall,True,True,True,False,0.27,0.11286940453735197,0.08592938205518565,-0.02694002248216633
2018-10-16 05:00:00,73.61856051103338,0.4412335636780772,0.0,0.0231987320582765,0.4180348316198006,5,Off-Peak,Fall,True,True,True,False,0.27,0.11286940453734617,0.08592938205518123,-0.02694002248216494
2018-10-16 06:00:00,73.16304656534997,0.4783739267223715,0.0,0.0603390950995875,0.4180348316227839,6,Off-Peak,Fall,True,True,True,False,0.27,0.11286940453815165,0.08592938205579446,-0.02694002248235719
2018-10-16 18:00:00,91.5813089058508,0.7199256756756756,0.0,0.3018908390574319,0.4180348366182436,18,Peak,Fall,True,True,True,False,0.47,0.19647637321057448,0.08592938308263896,-0.11054699012793552
2018-10-16 19:00:00,88.80055457031773,0.788320945945946,0.0,0.3702861097071687,0.4180348362387773,19,Peak,Fall,True,True,True,False,0.47,0.19647637303222532,0.08592938300463755,-0.11054699002758776
2018-10-16 20:00:00,85.65285571105676,0.8364307432432432,0.0,0.4183959075450389,0.4180348356982042,20,Peak,Fall,True,True,True,False,0.47,0.19647637277815597,0.08592938289351974,-0.11054698988463622
2018-10-16 21:00:00,82.10415344528835,0.8889189189189188,0.0,0.4708840826870363,0.4180348362318825,21,Peak,Fall,True,True,True,False,0.47,0.19647637302898474,0.08592938300322028,-0.11054699002576446
2018-10-16 22:00:00,78.34604852708887,0.9159222425091234,0.0,0.4978874066265499,0.4180348358825734,22,Off-Peak,Fall,True,True,True,False,0.27,0.11286940568829483,0.08592938293141786,-0.026940022756876972
2018-10-16 23:00:00,75.03581949614593,0.8561379904874116,0.0,0.4381031574477925,0.4180348330396191,23,Off-Peak,Fall,True,True,True,False,0.27,0.11286940492069716,0.0859293823470328,-0.02694002257366436
2018-10-17 00:00:00,73.2226336816724,0.6580328905778887,0.0,0.2399980589539818,0.4180348316239069,0,Off-Peak,Fall,True,True,True,False,0.27,0.11286940453845487,0.08592938205602531,-0.026940022482429563
2018-10-17 01:00:00,72.63722288103084,0.4955552758408498,0.0,0.0775204442129566,0.4180348316278932,1,Off-Peak,Fall,True,True,True,False,0.27,0.11286940453953116,0.0859293820568447,-0.026940022482686468
2018-10-17 02:00:00,72.47818767100061,0.4390979316349795,0.0,0.0210631000149867,0.4180348316199927,2,Off-Peak,Fall,True,True,True,False,0.27,0.11286940453739804,0.08592938205522072,-0.02694002248217732
2018-10-17 03:00:00,72.47818767100061,0.416746380306723,0.0,0.0,0.416746380306723,3,Off-Peak,Fall,True,True,True,True,0.27,0.11252152268281522,0.08566453372971529,-0.02685698895309993
2018-10-17 04:00:00,72.37862202368866,0.4312215056261363,0.0,0.013186674006303,0.4180348316198333,4,Off-Peak,Fall,True,True,True,False,0.27,0.112869404537355,0.08592938205518795,-0.02694002248216705
2018-10-17 05:00:00,72.0537125693425,0.4610555594519393,0.0,0.0430207278310821,0.4180348316208572,5,Off-Peak,Fall,True,True,True,False,0.27,0.11286940453763145,0.08592938205539842,-0.026940022482233025
2018-10-17 06:00:00,71.40797782482744,0.5034980627894553,0.0,0.0854632311593762,0.418034831630079,6,Off-Peak,Fall,True,True,True,False,0.27,0.11286940454012133,0.08592938205729402,-0.026940022482827314
2018-10-17 18:00:00,92.13745169980837,0.6898682432432431,0.0,0.2718334075402212,0.4180348357030219,18,Peak,Fall,True,True,True,False,0.47,0.1964763727804203,0.08592938289451005,-0.11054698988591025
2018-10-17 19:00:00,89.45927667496906,0.7748006756756757,0.0,0.3567658392109433,0.4180348364647323,19,Peak,Fall,True,True,True,False,0.47,0.19647637313842417,0.08592938305108384,-0.11054699008734033
2018-10-17 20:00:00,86.31123188761335,0.8365844594594593,0.0,0.4185496230588,0.4180348364006592,20,Peak,Fall,True,True,True,False,0.47,0.19647637310830982,0.08592938303791327,-0.11054699007039655
2018-10-17 21:00:00,82.84110822743222,0.8786258748514861,0.0,0.4605910389847316,0.4180348358667545,21,Peak,Fall,True,True,True,False,0.47,0.1964763728573746,0.0859293829281662,-0.1105469899292084
2018-10-17 22:00:00,79.26379991574301,0.8921587442192385,0.0,0.474123909273482,0.4180348349457564,22,Off-Peak,Fall,True,True,True,False,0.27,0.11286940543535423,0.08592938273884992,-0.026940022696504307
2018-10-17 23:00:00,76.20304587027286,0.8233373861209531,0.0,0.4053025535864938,0.4180348325344592,23,Off-Peak,Fall,True,True,True,False,0.27,0.112869404784304,0.0859293822431944,-0.02694002254110961
2018-10-18 00:00:00,74.49171564143478,0.6446651899314233,0.0,0.226630358309005,0.4180348316224183,0,Off-Peak,Fall,True,True,True,False,0.27,0.11286940453805294,0.0859293820557193,-0.02694002248233364
2018-10-18 01:00:00,73.9379107249042,0.4914053621000592,0.0,0.0733705304740192,0.4180348316260399,1,Off-Peak,Fall,True,True,True,False,0.27,0.11286940453903077,0.08592938205646375,-0.026940022482567022
2018-10-18 02:00:00,73.76178196214534,0.4413723498175893,0.0,0.0233375181977226,0.4180348316198667,2,Off-Peak,Fall,True,True,True,False,0.27,0.11286940453736402,0.08592938205519482,-0.0269400224821692
2018-10-18 03:00:00,73.55417445435373,0.445540645416943,0.0,0.0275058137970956,0.4180348316198473,3,Off-Peak,Fall,True,True,True,False,0.27,0.11286940453735878,0.08592938205519082,-0.026940022482167952
2018-10-18 04:00:00,73.1183843471571,0.4757553004167146,0.0,0.0577204687948505,0.418034831621864,4,Off-Peak,Fall,True,True,True,False,0.27,0.11286940453790328,0.08592938205560538,-0.026940022482297904
2018-10-18 05:00:00,72.67606638456692,0.4766093855884353,0.0,0.0585745539677253,0.4180348316207099,5,Off-Peak,Fall,True,True,True,False,0.27,0.11286940453759169,0.08592938205536815,-0.026940022482223533
2018-10-18 06:00:00,71.97466391987896,0.5108796456553638,0.0,0.0928448140257577,0.4180348316296061,6,Off-Peak,Fall,True,True,True,False,0.27,0.11286940453999365,0.08592938205719682,-0.026940022482796838
2018-10-18 18:00:00,91.54294161770116,0.725487279286161,0.0,0.3074524422452446,0.4180348370409163,18,Peak,Fall,True,True,True,False,0.47,0.19647637340923066,0.08592938316952169,-0.11054699023970897
2018-10-18 19:00:00,88.79659309771765,0.7837094594594594,0.0,0.3656746235969494,0.4180348358625099,19,Peak,Fall,True,True,True,False,0.47,0.19647637285537964,0.08592938292729368,-0.11054698992808595
2018-10-18 20:00:00,85.53338346688474,0.8516908783783784,0.0,0.4336560416942631,0.4180348366841153,20,Peak,Fall,True,True,True,False,0.47,0.19647637324153416,0.08592938309617924,-0.11054699014535492
2018-10-18 21:00:00,81.98492676388867,0.8888175675675676,0.0,0.4707827317117075,0.41803483585586,21,Peak,Fall,True,True,True,False,0.47,0.1964763728522542,0.08592938292592678,-0.11054698992632742
2018-10-18 22:00:00,78.27385018427574,0.9096423583705252,0.0,0.4916075228084539,0.4180348355620712,22,Off-Peak,Fall,True,True,True,False,0.27,0.11286940560175923,0.08592938286553685,-0.026940022736222383
2018-10-18 23:00:00,74.97841354178149,0.8541310238820746,0.0,0.436096190816959,0.4180348330651156,23,Off-Peak,Fall,True,True,True,False,0.27,0.11286940492758121,0.08592938235227375,-0.026940022575307462
2018-10-19 00:00:00,73.49130812576745,0.63824609605353,0.0,0.1968737461913629,0.441372349862167,0,Off-Peak,Fall,True,True,True,False,0.27,0.1191705344627851,0.09072653858277878,-0.028443995880006318
2018-10-19 01:00:00,73.15852613726403,0.4854504127826469,0.0,0.0440780629610937,0.4413723498215531,1,Off-Peak,Fall,True,True,True,False,0.27,0.11917053445181934,0.09072653857443036,-0.02844399587738898
2018-10-19 02:00:00,73.29220111218349,0.4221545380105151,0.0,0.0,0.4221545380105151,2,Off-Peak,Fall,True,True,True,True,0.27,0.11398172526283909,0.08677621059105033,-0.027205514671788764
2018-10-19 03:00:00,73.43101401528396,0.4214147318189914,0.0,0.0,0.4214147318189914,3,Off-Peak,Fall,True,True,True,True,0.27,0.1137819775911277,0.08662413931834824,-0.027157838272779455
2018-10-19 04:00:00,73.42797802878114,0.441774591452585,0.0,0.0,0.441774591452585,4,Off-Peak,Fall,True,True,True,True,0.27,0.11927913969219796,0.09080922157636469,-0.02846991811583327
2018-10-19 05:00:00,73.32904841746027,0.4544784587704407,0.0,0.0131061089528644,0.4413723498175763,5,Off-Peak,Fall,True,True,True,False,0.27,0.1191705344507456,0.0907265385736129,-0.0284439958771327
2018-10-19 06:00:00,72.92831186290083,0.4944443925135161,0.0,0.0530720426941874,0.4413723498193286,6,Off-Peak,Fall,True,True,True,False,0.27,0.11917053445121872,0.0907265385739731,-0.028443995877245623
2018-10-19 18:00:00,92.1850468027121,0.7000489864864863,0.0,0.2586766334569823,0.4413723530295039,18,Peak,Fall,True,True,True,False,0.47,0.20744500592386683,0.09072653923384247,-0.11671846669002436
2018-10-19 19:00:00,89.72090262659749,0.7696858108108107,0.0,0.3283134574858166,0.441372353324994,19,Peak,Fall,True,True,True,False,0.47,0.20744500606274718,0.0907265392945821,-0.11671846676816508
2018-10-19 20:00:00,86.98044888010278,0.8058952702702701,0.0,0.3645229177255132,0.4413723525447568,20,Peak,Fall,True,True,True,False,0.47,0.2074450056960357,0.09072653913420002,-0.11671846656183567
2018-10-19 21:00:00,83.59614523842771,0.8906908783783783,0.0,0.4493185235112235,0.4413723548671548,21,Peak,Fall,True,True,True,False,0.47,0.20744500678756275,0.09072653961158182,-0.11671846717598093
2018-10-19 22:00:00,79.94395459103151,0.9254814189189188,0.0,0.4841090649179865,0.4413723540009322,22,Off-Peak,Fall,True,True,True,False,0.27,0.1191705355802517,0.09072653943352495,-0.028443996146726755
2018-10-19 23:00:00,76.71876269213057,0.8684548619490313,0.0,0.4270825108611972,0.4413723510878341,23,Off-Peak,Fall,True,True,True,False,0.27,0.11917053479371523,0.09072653883472145,-0.028443995958993773
2018-10-20 00:00:00,75.07617836449596,0.6589355019274958,0.0,0.2175631520925627,0.4413723498349331,0,Off-Peak,Fall,True,True,True,False,0.27,0.11917053445543195,0.09072653857718069,-0.028443995878251263
2018-10-20 01:00:00,74.6436791159895,0.4986858767223105,0.0,0.0573135268987946,0.4413723498235158,1,Off-Peak,Fall,True,True,True,False,0.27,0.11917053445234928,0.0907265385748338,-0.028443995877515477
2018-10-20 02:00:00,74.6436791159895,0.4408155884241085,0.0,0.0,0.4408155884241085,2,Off-Peak,Fall,True,True,True,True,0.27,0.1190202088745093,0.09061209317606675,-0.02840811569844255
2018-10-20 03:00:00,74.92068548318186,0.4015218460295537,0.0,0.0,0.4015218460295537,3,Off-Peak,Fall,True,True,True,True,0.27,0.1084108984279795,0.08253504612829715,-0.025875852299682353
2018-10-20 04:00:00,75.13484362889588,0.4105617810619105,0.0,0.0,0.4105617810619105,4,Off-Peak,Fall,True,True,True,True,0.27,0.11085168088671583,0.08439325499605937,-0.02645842589065646
2018-10-20 05:00:00,75.23067068530689,0.427586254092611,0.0,0.0,0.427586254092611,5,Off-Peak,Fall,True,True,True,True,0.27,0.11544828860500497,0.08789273000792559,-0.02755555859707938
2018-10-20 06:00:00,75.10394226788387,0.4581718226034317,0.0,0.0167994727858355,0.4413723498175961,6,Off-Peak,Fall,True,True,True,False,0.27,0.11917053445075096,0.09072653857361697,-0.02844399587713399
2018-10-20 18:00:00,91.55934727128488,0.7289037162162162,0.0,0.2875313626430294,0.4413723535731867,18,Peak,Fall,True,True,True,False,0.47,0.20744500617939773,0.09072653934559949,-0.11671846683379825
2018-10-20 19:00:00,88.92307810887755,0.7924054054054054,0.0,0.3510330518072754,0.44137235359813,19,Peak,Fall,True,True,True,False,0.47,0.20744500619112108,0.09072653935072672,-0.11671846684039436
2018-10-20 20:00:00,85.80777098281797,0.8554222972972971,0.0,0.4140499432086538,0.4413723540886433,20,Peak,Fall,True,True,True,False,0.47,0.20744500642166233,0.09072653945155444,-0.11671846697010789
2018-10-20 21:00:00,82.4985663736465,0.8805219594594594,0.0,0.439149606499933,0.4413723529595264,21,Peak,Fall,True,True,True,False,0.47,0.20744500589097742,0.09072653921945821,-0.11671846667151921
2018-10-20 22:00:00,78.91640011490844,0.9160109228579076,0.0,0.4746385693020807,0.4413723535558269,22,Off-Peak,Fall,True,True,True,False,0.27,0.11917053546007327,0.09072653934203108,-0.028443996118042186
2018-10-20 23:00:00,75.52104582831956,0.8907209875821079,0.0,0.4493486357156275,0.4413723518664804,23,Off-Peak,Fall,True,True,True,False,0.27,0.11917053500394971,0.09072653899477652,-0.02844399600917319
2018-10-21 00:00:00,73.7363859775014,0.6776020430819443,0.0,0.2362296932496542,0.44137234983229,0,Off-Peak,Fall,True,True,True,False,0.27,0.11917053445471831,0.09072653857663739,-0.028443995878080927
2018-10-21 01:00:00,73.27787748318329,0.5020966348580824,0.0,0.0607242850323832,0.4413723498256991,1,Off-Peak,Fall,True,True,True,False,0.27,0.11917053445293876,0.0907265385752826,-0.02844399587765617
2018-10-21 02:00:00,73.19280161218929,0.4526416083293944,0.0,0.0112692585117869,0.4413723498176074,2,Off-Peak,Fall,True,True,True,False,0.27,0.11917053445075401,0.0907265385736193,-0.028443995877134712
2018-10-21 03:00:00,73.16671809776022,0.444827480997166,0.0,0.0034551311795771,0.4413723498175889,3,Off-Peak,Fall,True,True,True,False,0.27,0.119170534450749,0.09072653857361548,-0.02844399587713352
2018-10-21 04:00:00,72.9756577762407,0.4666767978172426,0.0,0.0253044479994649,0.4413723498177777,4,Off-Peak,Fall,True,True,True,False,0.27,0.11917053445079998,0.0907265385736543,-0.028443995877145675
2018-10-21 05:00:00,72.60896529583914,0.4899261434790851,0.0,0.048553793660552,0.441372349818533,5,Off-Peak,Fall,True,True,True,False,0.27,0.11917053445100392,0.09072653857380956,-0.02844399587719436
2018-10-21 06:00:00,71.94570709817557,0.5291567655470922,0.0,0.0877844157196221,0.4413723498274701,6,Off-Peak,Fall,True,True,True,False,0.27,0.11917053445341694,0.09072653857564662,-0.028443995877770314
2018-10-21 18:00:00,91.5155915541058,0.7228914562554015,0.0,0.2815191032267666,0.4413723530286348,18,Peak,Fall,True,True,True,False,0.47,0.20744500592345835,0.09072653923366382,-0.11671846668979453
2018-10-21 19:00:00,88.8955925612406,0.7902195945945947,0.0,0.3488472410585289,0.4413723535360658,19,Peak,Fall,True,True,True,False,0.47,0.2074450061619509,0.09072653933796908,-0.11671846682398183
2018-10-21 20:00:00,85.73870618249974,0.8609052630337153,0.0,0.4195329085933906,0.4413723544403247,20,Peak,Fall,True,True,True,False,0.47,0.20744500658695258,0.09072653952384452,-0.11671846706310807
2018-10-21 21:00:00,82.1574206109269,0.9164698440006424,0.0,0.4750974893004487,0.4413723547001936,21,Peak,Fall,True,True,True,False,0.47,0.20744500670909097,0.09072653957726201,-0.11671846713182896
2018-10-21 22:00:00,78.61927215001455,0.9101138549855275,0.0,0.4687415023774632,0.4413723526080643,22,Off-Peak,Fall,True,True,True,False,0.27,0.11917053520417736,0.09072653914721322,-0.02844399605696414
2018-10-21 23:00:00,75.42318257989923,0.8643593673651854,0.0,0.4229870161951061,0.4413723511700792,23,Off-Peak,Fall,True,True,True,False,0.27,0.1191705348159214,0.09072653885162739,-0.028443995964294005
2018-10-22 00:00:00,73.69547580953343,0.6700556379856348,0.0,0.2286832881616221,0.4413723498240126,0,Off-Peak,Fall,True,True,True,False,0.27,0.1191705344524834,0.09072653857493591,-0.028443995877547493
2018-10-22 01:00:00,73.16921059134296,0.5110612720747798,0.0,0.069688922250613,0.4413723498241668,1,Off-Peak,Fall,True,True,True,False,0.27,0.11917053445252504,0.09072653857496761,-0.02844399587755743
2018-10-22 02:00:00,73.05406836890359,0.4566224019613955,0.0,0.0152500521437414,0.441372349817654,2,Off-Peak,Fall,True,True,True,False,0.27,0.11917053445076659,0.09072653857362888,-0.02844399587713771
2018-10-22 03:00:00,73.03574427039634,0.4437994021041016,0.0,0.0024270522865127,0.4413723498175889,3,Off-Peak,Fall,True,True,True,False,0.27,0.119170534450749,0.09072653857361548,-0.02844399587713352
2018-10-22 04:00:00,72.88613736740068,0.4611853922412201,0.0,0.0198130424236155,0.4413723498176046,4,Off-Peak,Fall,True,True,True,False,0.27,0.11917053445075325,0.09072653857361873,-0.028443995877134517
2018-10-22 05:00:00,72.59894055297974,0.4793997570083678,0.0,0.0380274071905437,0.441372349817824,5,Off-Peak,Fall,True,True,True,False,0.27,0.11917053445081248,0.09072653857366382,-0.02844399587714866
2018-10-22 06:00:00,72.02736550468856,0.5170247995871609,0.0,0.0756524497633122,0.4413723498238486,6,Off-Peak,Fall,True,True,True,False,0.27,0.11917053445243912,0.0907265385749022,-0.028443995877536918
2018-10-22 18:00:00,91.94505277782524,0.6894540387620159,0.0,0.2480816868126887,0.4413723519493272,18,Peak,Fall,True,True,True,False,0.47,0.20744500541618377,0.09072653901180615,-0.11671846640437762
2018-10-22 19:00:00,89.4760336144589,0.7702399646153008,0.0,0.328867611294336,0.4413723533209647,19,Peak,Fall,True,True,True,False,0.47,0.2074450060608534,0.09072653929375385,-0.11671846676709954
2018-10-22 20:00:00,86.46745615236775,0.8413458830227456,0.0,0.3999735289323501,0.4413723540903954,20,Peak,Fall,True,True,True,False,0.47,0.2074450064224858,0.0907265394519146,-0.11671846697057121
2018-10-22 21:00:00,83.0030457256528,0.9011295291168552,0.0,0.459757174638531,0.4413723544783242,21,Peak,Fall,True,True,True,False,0.47,0.20744500660481235,0.09072653953165552,-0.11671846707315683
2018-10-22 22:00:00,79.14647301205093,0.9522886979690915,0.0,0.5109163427021175,0.441372355266974,22,Off-Peak,Fall,True,True,True,False,0.27,0.11917053592208299,0.09072653969376687,-0.028443996228316115
2018-10-22 23:00:00,76.04484277060595,0.8519575508953628,0.0,0.4105852003755944,0.4413723505197684,23,Off-Peak,Fall,True,True,True,False,0.27,0.11917053464033749,0.09072653871795239,-0.0284439959223851
2018-10-23 00:00:00,73.96290637463258,0.7169045582228215,0.0,0.2755322083727547,0.4413723498500668,0,Off-Peak,Fall,True,True,True,False,0.27,0.11917053445951804,0.0907265385802915,-0.02844399587922654
2018-10-23 01:00:00,73.48832534769576,0.504223821124606,0.0,0.0628514712937884,0.4413723498308175,1,Off-Peak,Fall,True,True,True,False,0.27,0.11917053445432074,0.09072653857633471,-0.02844399587798603
2018-10-23 02:00:00,73.39148224033731,0.4541999891470062,0.0,0.0128276393293944,0.4413723498176117,2,Off-Peak,Fall,True,True,True,False,0.27,0.11917053445075516,0.09072653857362017,-0.02844399587713499
2018-10-23 03:00:00,73.15569548515732,0.4725988962166122,0.0,0.0312265463988864,0.4413723498177258,3,Off-Peak,Fall,True,True,True,False,0.27,0.11917053445078597,0.09072653857364363,-0.028443995877142345
2018-10-23 04:00:00,72.7519518757551,0.4948288600226083,0.0,0.0534565102033909,0.4413723498192173,4,Off-Peak,Fall,True,True,True,False,0.27,0.11917053445118868,0.09072653857395022,-0.028443995877238462
2018-10-23 05:00:00,72.17526402045101,0.5177021625761993,0.0,0.0763298127537894,0.4413723498224098,5,Off-Peak,Fall,True,True,True,False,0.27,0.11917053445205066,0.09072653857460646,-0.0284439958774442
2018-10-23 06:00:00,71.34533831934029,0.5511681966797317,0.0,0.1097958468419885,0.4413723498377431,6,Off-Peak,Fall,True,True,True,False,0.27,0.11917053445619065,0.0907265385777583,-0.028443995878432354
2018-10-23 18:00:00,92.00826837241358,0.6917622544291094,0.0,0.2503899022483443,0.4413723521807651,18,Peak,Fall,True,True,True,False,0.47,0.2074450055249596,0.0907265390593795,-0.1167184664655801
2018-10-23 19:00:00,89.52333691786245,0.7723494135987258,0.0,0.3309770601598391,0.4413723534388866,19,Peak,Fall,True,True,True,False,0.47,0.2074450061162767,0.09072653931799335,-0.11671846679828335
2018-10-23 20:00:00,86.47932264247184,0.846031203930689,0.0,0.4046588495963387,0.4413723543343502,20,Peak,Fall,True,True,True,False,0.47,0.20744500653714457,0.09072653950206086,-0.1167184670350837
2018-10-23 21:00:00,82.89708668768864,0.916690977346119,0.0,0.4753186220087642,0.4413723553373548,21,Peak,Fall,True,True,True,False,0.47,0.20744500700855675,0.09072653970823405,-0.1167184673003227
2018-10-23 22:00:00,79.23302932054918,0.92682705422084,0.0,0.485454700800367,0.441372353420473,22,Off-Peak,Fall,True,True,True,False,0.27,0.11917053542352771,0.09072653931420833,-0.028443996109319372
2018-10-23 23:00:00,75.9775552518618,0.8722539625528167,0.0,0.4308816113669961,0.4413723511858206,23,Off-Peak,Fall,True,True,True,False,0.27,0.11917053482017156,0.09072653885486312,-0.028443995965308444
2018-10-24 00:00:00,74.32695022916838,0.6598919366918586,0.0,0.2185195868543871,0.4413723498374715,0,Off-Peak,Fall,True,True,True,False,0.27,0.1191705344561173,0.09072653857770246,-0.02844399587841484
2018-10-24 01:00:00,73.7861748895041,0.5129925131676738,0.0,0.071620163344931,0.4413723498227427,1,Off-Peak,Fall,True,True,True,False,0.27,0.11917053445214054,0.09072653857467489,-0.028443995877465655
2018-10-24 02:00:00,73.60264649129228,0.4656817945200169,0.0,0.0243094447024159,0.4413723498176009,2,Off-Peak,Fall,True,True,True,False,0.27,0.11917053445075225,0.09072653857361795,-0.028443995877134295
2018-10-24 03:00:00,73.52540713669889,0.4516034509189586,0.0,0.0102311011013704,0.4413723498175881,3,Off-Peak,Fall,True,True,True,False,0.27,0.1191705344507488,0.09072653857361533,-0.028443995877133463
2018-10-24 04:00:00,73.18618822911395,0.4862927319537888,0.0,0.0449203821350941,0.4413723498186946,4,Off-Peak,Fall,True,True,True,False,0.27,0.11917053445104756,0.09072653857384277,-0.02844399587720478
2018-10-24 05:00:00,72.68292582734993,0.5079965430520681,0.0,0.0666241932323618,0.4413723498197062,5,Off-Peak,Fall,True,True,True,False,0.27,0.11917053445132068,0.0907265385740507,-0.02844399587726998
2018-10-24 06:00:00,71.87985853700212,0.5476343098948983,0.0,0.1062619600580616,0.4413723498368366,6,Off-Peak,Fall,True,True,True,False,0.27,0.11917053445594589,0.09072653857757197,-0.028443995878373915
2018-10-24 17:00:00,93.64000496660393,0.6237956081081081,0.0,0.1824232567458301,0.4413723513622779,17,Peak,Fall,True,True,True,False,0.47,0.20744500514027062,0.09072653889113491,-0.1167184662491357
2018-10-24 18:00:00,91.53786586183166,0.7217837120126868,0.0,0.280411359010384,0.4413723530023027,18,Peak,Fall,True,True,True,False,0.47,0.20744500591108225,0.09072653922825111,-0.11671846668283115
2018-10-24 19:00:00,89.01853037519643,0.7768091216216216,0.0,0.3354367686997378,0.4413723529218838,19,Peak,Fall,True,True,True,False,0.47,0.20744500587328538,0.09072653921172057,-0.11671846666156481
2018-10-24 20:00:00,86.06265330012867,0.8342364864864864,0.0,0.3928641331321617,0.4413723533543247,20,Peak,Fall,True,True,True,False,0.47,0.20744500607653257,0.09072653930061117,-0.1167184667759214
2018-10-24 21:00:00,82.56556389379705,0.9053293918918917,0.0,0.4639570371270684,0.4413723547648232,21,Peak,Fall,True,True,True,False,0.47,0.2074450067394669,0.090726539590547,-0.1167184671489199
2018-10-24 22:00:00,78.73014546996706,0.949360924745528,0.0,0.5079885698553195,0.4413723548902085,22,Off-Peak,Fall,True,True,True,False,0.27,0.1191705358203563,0.09072653961632063,-0.028443996204035676
2018-10-24 23:00:00,75.67234388655639,0.8460672810648929,0.0,0.4046949305988045,0.4413723504660884,23,Off-Peak,Fall,True,True,True,False,0.27,0.11917053462584389,0.09072653870691817,-0.028443995918925713
2018-10-25 00:00:00,73.89493938485103,0.6766110403013064,0.0,0.2352386904837066,0.4413723498175997,0,Off-Peak,Fall,True,True,True,False,0.27,0.11917053445075193,0.0907265385736177,-0.028443995877134226
2018-10-25 01:00:00,73.58977855201876,0.481787878427576,0.0,0.0404155286044342,0.4413723498231417,1,Off-Peak,Fall,True,True,True,False,0.27,0.11917053445224828,0.0907265385747569,-0.02844399587749137
2018-10-25 02:00:00,73.77554422833865,0.4146674739178112,0.0,0.0,0.4146674739178112,2,Off-Peak,Fall,True,True,True,True,0.27,0.11196021795780904,0.08523720297199454,-0.026723014985814503
2018-10-25 03:00:00,74.03130846560494,0.4045996903811685,0.0,0.0,0.4045996903811685,3,Off-Peak,Fall,True,True,True,True,0.27,0.1092419164029155,0.08316771413390685,-0.026074202269008653
2018-10-25 04:00:00,74.2079902271018,0.4159691634495175,0.0,0.0,0.4159691634495175,4,Off-Peak,Fall,True,True,True,True,0.27,0.11231167413136973,0.08550477248684525,-0.026806901644524483
2018-10-25 05:00:00,74.31411658329145,0.4261135283856596,0.0,0.0,0.4261135283856596,5,Off-Peak,Fall,True,True,True,True,0.27,0.11505065266412809,0.08759000305705225,-0.027460649607075838
2018-10-25 06:00:00,74.24920453206212,0.4499726580427601,0.0,0.0086003082251746,0.4413723498175854,6,Off-Peak,Fall,True,True,True,False,0.27,0.11917053445074806,0.09072653857361476,-0.028443995877133296
2018-10-25 18:00:00,91.3307662485376,0.7395939326483978,0.0,0.2982215788831272,0.4413723537652705,18,Peak,Fall,True,True,True,False,0.47,0.20744500626967713,0.09072653938508338,-0.11671846688459375
2018-10-25 19:00:00,88.824786663048,0.774981418918919,0.0,0.3336090664307561,0.4413723524881629,19,Peak,Fall,True,True,True,False,0.47,0.20744500566943655,0.09072653912256683,-0.11671846654686972
2018-10-25 20:00:00,85.82060972489954,0.8405827702702702,0.0,0.3992104166630673,0.4413723536072029,20,Peak,Fall,True,True,True,False,0.47,0.20744500619538536,0.09072653935259171,-0.11671846684279365
2018-10-25 21:00:00,82.27400942621321,0.9118091216216216,0.0,0.4704367667470177,0.4413723548746039,21,Peak,Fall,True,True,True,False,0.47,0.2074450067910638,0.09072653961311301,-0.1167184671779508
2018-10-25 22:00:00,78.53087531075124,0.937103470906224,0.0,0.4957311169168552,0.4413723539893688,22,Off-Peak,Fall,True,True,True,False,0.27,0.11917053557712959,0.09072653943114804,-0.028443996145981545
2018-10-25 23:00:00,75.3973858818032,0.8560049741914482,0.0,0.4146326234534571,0.441372350737991,23,Off-Peak,Fall,True,True,True,False,0.27,0.11917053469925759,0.09072653876280926,-0.028443995936448335
2018-10-26 00:00:00,73.79098186486543,0.6539809319387729,0.0,0.2126085821072821,0.4413723498314908,0,Off-Peak,Fall,True,True,True,False,0.27,0.11917053445450253,0.09072653857647311,-0.028443995878029413
2018-10-26 01:00:00,73.57169103218848,0.4704151105555887,0.0,0.0290427607356948,0.4413723498198939,1,Off-Peak,Fall,True,True,True,False,0.27,0.11917053445137137,0.09072653857408931,-0.028443995877282052
2018-10-26 02:00:00,73.66165105507314,0.428441913286025,0.0,0.0,0.428441913286025,2,Off-Peak,Fall,True,True,True,True,0.27,0.11567931658722676,0.08806861550879402,-0.027610701078432734
2018-10-26 03:00:00,73.89662237351195,0.4075928727157426,0.0,0.0,0.4075928727157426,3,Off-Peak,Fall,True,True,True,True,0.27,0.11005007563325052,0.08378297939156931,-0.026267096241681206
2018-10-26 04:00:00,74.05624087220716,0.4184251031213541,0.0,0.0,0.4184251031213541,4,Off-Peak,Fall,True,True,True,True,0.27,0.11297477784276562,0.08600960453050058,-0.026965173312265042
2018-10-26 05:00:00,74.09316618623262,0.4360641316788018,0.0,0.0,0.4360641316788018,5,Off-Peak,Fall,True,True,True,True,0.27,0.1177373155532765,0.08963540484508704,-0.02810191070818946
2018-10-26 06:00:00,73.87799811573153,0.4698725900601139,0.0,0.0285002402420893,0.4413723498180246,6,Off-Peak,Fall,True,True,True,False,0.27,0.11917053445086664,0.09072653857370505,-0.028443995877161593
2018-10-26 18:00:00,91.85770653548212,0.699883445945946,0.0,0.2585110936134348,0.4413723523325111,18,Peak,Fall,True,True,True,False,0.47,0.2074450055962802,0.09072653909057173,-0.11671846650570848
2018-10-26 19:00:00,89.43803210551309,0.7636081081081081,0.0,0.3222357553009968,0.4413723528071113,19,Peak,Fall,True,True,True,False,0.47,0.2074450058193423,0.09072653918812844,-0.11671846663121387
2018-10-26 20:00:00,86.49372461349785,0.8327466216216215,0.0,0.3913742678776216,0.4413723537439998,20,Peak,Fall,True,True,True,False,0.47,0.2074450062596799,0.09072653938071107,-0.11671846687896884
2018-10-26 21:00:00,82.87177899454464,0.9218783783783784,0.0,0.4805060223084162,0.4413723560699621,21,Peak,Fall,True,True,True,False,0.47,0.20744500735288218,0.09072653985882555,-0.11671846749405664
2018-10-26 22:00:00,79.40262397917304,0.9010195772210314,0.0,0.4596472249941011,0.4413723522269303,22,Off-Peak,Fall,True,True,True,False,0.27,0.11917053510127118,0.090726539068869,-0.028443996032402177
2018-10-26 23:00:00,76.3487562541356,0.8456163766729241,0.0,0.4042440258335265,0.4413723508393976,23,Off-Peak,Fall,True,True,True,False,0.27,0.11917053472663736,0.09072653878365394,-0.028443995942983413
2018-10-27 00:00:00,74.83033688751166,0.6424182955535905,0.0,0.2010459457188446,0.4413723498347459,0,Off-Peak,Fall,True,True,True,False,0.27,0.1191705344553814,0.0907265385771422,-0.02844399587823919
2018-10-27 01:00:00,74.5962611417296,0.4723840036394415,0.0,0.0310116538189359,0.4413723498205056,1,Off-Peak,Fall,True,True,True,False,0.27,0.11917053445153653,0.09072653857421505,-0.02844399587732148
2018-10-27 02:00:00,74.7958329673159,0.4126736891671468,0.0,0.0,0.4126736891671468,2,Off-Peak,Fall,True,True,True,True,0.27,0.11142189607512964,0.08482736943991351,-0.026594526635216137
2018-10-27 03:00:00,75.05412414827828,0.4042248759558262,0.0,0.0,0.4042248759558262,3,Off-Peak,Fall,True,True,True,True,0.27,0.10914071650807308,0.08309066894647538,-0.026050047561597706
2018-10-27 04:00:00,75.20457375935656,0.4197346656573495,0.0,0.0,0.4197346656573495,4,Off-Peak,Fall,True,True,True,True,0.27,0.11332835972748438,0.08627879238512184,-0.027049567342362538
2018-10-27 05:00:00,75.20457375935656,0.441096507706246,0.0,0.0,0.441096507706246,5,Off-Peak,Fall,True,True,True,True,0.27,0.11909605708068642,0.09066983769517277,-0.02842621938551365
2018-10-27 06:00:00,75.06896867942562,0.4593423190480057,0.0,0.0179699692304183,0.4413723498175874,6,Off-Peak,Fall,True,True,True,False,0.27,0.1191705344507486,0.09072653857361518,-0.02844399587713342
2018-10-27 18:00:00,90.5964149734406,0.7575929054054054,0.0,0.3162205522744604,0.4413723531309449,18,Peak,Fall,True,True,True,False,0.47,0.2074450059715441,0.09072653925469423,-0.11671846671684988
2018-10-27 19:00:00,87.57152250997734,0.8436402027027028,0.0,0.4022678473874678,0.441372355315235,19,Peak,Fall,True,True,True,False,0.47,0.20744500699816043,0.09072653970368719,-0.11671846729447324
2018-10-27 20:00:00,84.29020581114321,0.8770099413598724,0.0,0.4356375877671446,0.4413723535927278,20,Peak,Fall,True,True,True,False,0.47,0.20744500618858205,0.09072653934961626,-0.11671846683896579
2018-10-27 21:00:00,80.76193667949988,0.9090624925820902,0.0,0.4676901390262846,0.4413723535558055,21,Peak,Fall,True,True,True,False,0.47,0.20744500617122857,0.0907265393420267,-0.11671846682920188
2018-10-27 22:00:00,77.07975153301989,0.9287360077739392,0.0,0.4873636542430156,0.4413723535309235,22,Off-Peak,Fall,True,True,True,False,0.27,0.11917053545334935,0.09072653933691206,-0.02844399611643729
2018-10-27 23:00:00,73.66596813698277,0.8926814670676315,0.0,0.4513091152395423,0.4413723518280891,23,Off-Peak,Fall,True,True,True,False,0.27,0.11917053499358406,0.09072653898688499,-0.02844399600669907
2018-10-28 00:00:00,71.93588910268993,0.670144686402493,0.0,0.2287723365644866,0.4413723498380064,0,Off-Peak,Fall,True,True,True,False,0.27,0.11917053445626173,0.09072653857781242,-0.028443995878449313
2018-10-28 01:00:00,71.54826423686532,0.4926583974636794,0.0,0.0512860476398845,0.4413723498237948,1,Off-Peak,Fall,True,True,True,False,0.27,0.1191705344524246,0.09072653857489114,-0.028443995877533462
2018-10-28 02:00:00,71.64294526062196,0.4277754703095452,0.0,0.0,0.4277754703095452,2,Off-Peak,Fall,True,True,True,True,0.27,0.11549937698357722,0.08793162445251762,-0.0275677525310596
2018-10-28 03:00:00,71.91617516293672,0.4021263777568079,0.0,0.0,0.4021263777568079,3,Off-Peak,Fall,True,True,True,True,0.27,0.10857412199433814,0.08265931098334384,-0.0259148110109943
2018-10-28 04:00:00,72.11972280270824,0.4121340460984006,0.0,0.0,0.4121340460984006,4,Off-Peak,Fall,True,True,True,True,0.27,0.11127619244656817,0.08471644280911568,-0.026559749637452487
2018-10-28 05:00:00,72.26844329389006,0.4200089702057702,0.0,0.0,0.4200089702057702,5,Off-Peak,Fall,True,True,True,True,0.27,0.11340242195555797,0.08633517720896389,-0.027067244746594082
2018-10-28 06:00:00,72.3307637045362,0.4324203541889425,0.0,0.0,0.4324203541889425,6,Off-Peak,Fall,True,True,True,True,0.27,0.11675349563101448,0.08888640613883818,-0.027867089492176297
2018-10-28 17:00:00,93.0323828491248,0.7047550675675676,0.0,0.2633827117167844,0.4413723558507831,17,Peak,Fall,True,True,True,False,0.47,0.20744500724986806,0.09072653981377207,-0.11671846743609599
2018-10-28 18:00:00,90.69812434549596,0.7524679054054053,0.0,0.3110955523825697,0.4413723530228355,18,Peak,Fall,True,True,True,False,0.47,0.20744500592073267,0.09072653923247175,-0.11671846668826093
2018-10-28 19:00:00,87.93255707413753,0.8092567567567567,0.0,0.3678844032736981,0.4413723534830586,19,Peak,Fall,True,True,True,False,0.47,0.20744500613703754,0.09072653932707316,-0.11671846680996438
2018-10-28 20:00:00,84.74330909427177,0.864870110656174,0.0,0.4234977568635998,0.4413723537925742,20,Peak,Fall,True,True,True,False,0.47,0.20744500628250986,0.09072653939069582,-0.11671846689181405
2018-10-28 21:00:00,81.19406679951301,0.9118932341986112,0.0,0.4705208801766558,0.4413723540219554,21,Peak,Fall,True,True,True,False,0.47,0.20744500639031901,0.09072653943784638,-0.11671846695247264
2018-10-28 22:00:00,77.50530137945871,0.929660123160704,0.0,0.4882877696213328,0.4413723535393711,22,Off-Peak,Fall,True,True,True,False,0.27,0.11917053545563021,0.0907265393386485,-0.028443996116981715
2018-10-28 23:00:00,74.25064966799847,0.8717586993853027,0.0,0.4303863481965357,0.441372351188767,23,Off-Peak,Fall,True,True,True,False,0.27,0.1191705348209671,0.09072653885546876,-0.028443995965498334
2018-10-29 00:00:00,72.50063905631201,0.6728189672572897,0.0,0.2314466174338234,0.4413723498234663,0,Off-Peak,Fall,True,True,True,False,0.27,0.11917053445233591,0.09072653857482363,-0.028443995877512285
2018-10-29 01:00:00,72.11310365587637,0.4926557691896508,0.0,0.0512834193659019,0.4413723498237488,1,Off-Peak,Fall,True,True,True,False,0.27,0.11917053445241219,0.0907265385748817,-0.028443995877530492
2018-10-29 02:00:00,72.22073031878293,0.4259134254525483,0.0,0.0,0.4259134254525483,2,Off-Peak,Fall,True,True,True,True,0.27,0.11499662487218805,0.08754887078746824,-0.027447754084719805
2018-10-29 03:00:00,72.39774776723453,0.4159437259494681,0.0,0.0,0.4159437259494681,3,Off-Peak,Fall,True,True,True,True,0.27,0.1123048060063564,0.08549954366739067,-0.026805262338965727
2018-10-29 04:00:00,72.46714259695585,0.4314040639691321,0.0,0.0,0.4314040639691321,4,Off-Peak,Fall,True,True,True,True,0.27,0.11647909727166568,0.08867750203809938,-0.027801595233566304
2018-10-29 05:00:00,72.37123469419338,0.454067396792872,0.0,0.0126950469752446,0.4413723498176273,5,Off-Peak,Fall,True,True,True,False,0.27,0.11917053445075938,0.09072653857362338,-0.028443995877136002
2018-10-29 06:00:00,71.94729626809952,0.4974681839815806,0.0,0.0560958341607061,0.4413723498208745,6,Off-Peak,Fall,True,True,True,False,0.27,0.11917053445163611,0.09072653857429086,-0.02844399587734525
2018-10-29 17:00:00,93.33735428411065,0.6641019991774296,0.0,0.2227296460974618,0.4413723530799678,17,Peak,Fall,True,True,True,False,0.47,0.20744500594758486,0.0907265392442156,-0.11671846670336926
2018-10-29 18:00:00,91.52920641501788,0.6825487704574943,0.0,0.2411764193943287,0.4413723510631655,18,Peak,Fall,True,True,True,False,0.47,0.2074450049996878,0.09072653882965068,-0.11671846617003712
2018-10-29 19:00:00,89.09300629458902,0.7656942567567568,0.0,0.3243219038086105,0.4413723529481463,19,Peak,Fall,True,True,True,False,0.47,0.20744500588562875,0.09072653921711897,-0.11671846666850978
2018-10-29 20:00:00,86.04124487796693,0.8468620536921554,0.0,0.4054896994495187,0.4413723542426366,20,Peak,Fall,True,True,True,False,0.47,0.20744500649403919,0.09072653948320863,-0.11671846701083055
2018-10-29 21:00:00,82.63477736983377,0.893237755329808,0.0,0.4518654015432433,0.4413723537865646,21,Peak,Fall,True,True,True,False,0.47,0.20744500627968535,0.09072653938946049,-0.11671846689022486
2018-10-29 22:00:00,79.29167840198433,0.8842669552014853,0.0,0.4428946031689317,0.4413723520325536,22,Off-Peak,Fall,True,True,True,False,0.27,0.11917053504878948,0.09072653902891378,-0.028443996019875697
2018-10-29 23:00:00,75.879577336406,0.8928029306320544,0.0,0.4514305782251975,0.4413723524068569,23,Off-Peak,Fall,True,True,True,False,0.27,0.11917053514985138,0.09072653910585392,-0.028443996043997458
2018-10-30 00:00:00,74.22023625748511,0.6609769485353211,0.0,0.2196045986828155,0.4413723498525055,0,Off-Peak,Fall,True,True,True,False,0.27,0.11917053446017649,0.0907265385807928,-0.02844399587938369
2018-10-30 01:00:00,73.90826457444336,0.4826854020006109,0.0,0.0413130521784322,0.4413723498221786,1,Off-Peak,Fall,True,True,True,False,0.27,0.11917053445198823,0.09072653857455894,-0.028443995877429296
2018-10-30 02:00:00,73.85565535167112,0.4483400023441209,0.0,0.0069676525265193,0.4413723498176015,2,Off-Peak,Fall,True,True,True,False,0.27,0.1191705344507524,0.09072653857361808,-0.028443995877134323
2018-10-30 03:00:00,73.84730216631348,0.4424786825947731,0.0,0.0,0.4424786825947731,3,Off-Peak,Fall,True,True,True,True,0.27,0.11946924430058874,0.09095395142225891,-0.028515292878329823
2018-10-30 04:00:00,73.57599494616004,0.4772964891815212,0.0,0.0359241393633203,0.4413723498182008,4,Off-Peak,Fall,True,True,True,False,0.27,0.11917053445091422,0.09072653857374127,-0.028443995877172945
2018-10-30 05:00:00,72.99584194667732,0.5181605724049491,0.0,0.0767882225803068,0.4413723498246422,5,Off-Peak,Fall,True,True,True,False,0.27,0.1191705344526534,0.09072653857506534,-0.028443995877588057
2018-10-30 06:00:00,71.98391821138912,0.5752231859683692,0.0,0.1338508360995245,0.4413723498688446,6,Off-Peak,Fall,True,True,True,False,0.27,0.11917053446458806,0.09072653858415138,-0.02844399588043668
2018-10-30 17:00:00,93.55365656542357,0.6352567567567566,0.0,0.1938844049950069,0.4413723517617497,17,Peak,Fall,True,True,True,False,0.47,0.20744500532802235,0.09072653897324855,-0.1167184663547738
2018-10-30 18:00:00,91.49873912719266,0.7154076373994306,0.0,0.2740352848788498,0.4413723525205807,18,Peak,Fall,True,True,True,False,0.47,0.20744500568467292,0.09072653912923047,-0.11671846655544245
2018-10-30 19:00:00,88.9974152741462,0.7743175675675675,0.0,0.3329452146941051,0.4413723528734624,19,Peak,Fall,True,True,True,False,0.47,0.2074450058505273,0.09072653920176726,-0.11671846664876004
2018-10-30 20:00:00,86.10959931606676,0.8251064189189189,0.0,0.3837340659555277,0.4413723529633911,20,Peak,Fall,True,True,True,False,0.47,0.2074450058927938,0.09072653922025262,-0.11671846667254118
2018-10-30 21:00:00,82.94902512577166,0.8607096797826584,0.0,0.4193373270928918,0.4413723526897666,21,Peak,Fall,True,True,True,False,0.47,0.20744500576419028,0.09072653916400758,-0.1167184666001827
2018-10-30 22:00:00,79.47254261235854,0.9019136749468206,0.0,0.4605413216269036,0.441372353319917,22,Off-Peak,Fall,True,True,True,False,0.27,0.11917053539637759,0.09072653929353848,-0.02844399610283911
2018-10-30 23:00:00,76.28546608314002,0.8631285161208921,0.0,0.421756164892177,0.4413723512287151,23,Off-Peak,Fall,True,True,True,False,0.27,0.11917053483175308,0.09072653886368033,-0.028443995968072747
2018-10-31 00:00:00,74.42749745189737,0.6872454670154324,0.0,0.2458731171978477,0.4413723498175846,0,Off-Peak,Fall,True,True,True,False,0.27,0.11917053445074785,0.09072653857361461,-0.02844399587713324
2018-10-31 01:00:00,73.77417014855763,0.5278647638273928,0.0,0.086492414001008,0.4413723498263847,1,Off-Peak,Fall,True,True,True,False,0.27,0.11917053445312387,0.09072653857542352,-0.028443995877700343
2018-10-31 02:00:00,73.60822977403978,0.4633452016676947,0.0,0.0219728518500907,0.441372349817604,2,Off-Peak,Fall,True,True,True,False,0.27,0.11917053445075308,0.09072653857361859,-0.02844399587713449
2018-10-31 03:00:00,73.5187011861279,0.4532272767034079,0.0,0.0118549268858179,0.4413723498175899,3,Off-Peak,Fall,True,True,True,False,0.27,0.11917053445074928,0.09072653857361569,-0.028443995877133588
2018-10-31 04:00:00,73.158780674307,0.4890174060219721,0.0,0.0476450562030932,0.4413723498188788,4,Off-Peak,Fall,True,True,True,False,0.27,0.11917053445109728,0.09072653857388063,-0.028443995877216646
2018-10-31 05:00:00,72.50879909461939,0.527378783876628,0.0,0.086006434050238,0.4413723498263899,5,Off-Peak,Fall,True,True,True,False,0.27,0.11917053445312528,0.09072653857542458,-0.028443995877700703
2018-10-31 06:00:00,71.34767504585369,0.5948986440954258,0.0,0.1535262941822624,0.4413723499131634,6,Off-Peak,Fall,True,True,True,False,0.27,0.11917053447655412,0.09072653859326137,-0.028443995883292758
2018-10-31 17:00:00,93.50599441523308,0.6416233108108108,0.0,0.2002509587947666,0.4413723520160442,17,Peak,Fall,True,True,True,False,0.47,0.20744500544754077,0.09072653902552019,-0.11671846642202058
2018-10-31 18:00:00,91.64011379709584,0.6902373613379724,0.0,0.2488650098319127,0.4413723515060597,18,Peak,Fall,True,True,True,False,0.47,0.20744500520784803,0.09072653892069005,-0.11671846628715798
2018-10-31 19:00:00,89.36920219850265,0.7437364864864865,0.0,0.3023641344686603,0.4413723520178261,19,Peak,Fall,True,True,True,False,0.47,0.20744500544837827,0.09072653902588647,-0.1167184664224918
2018-10-31 20:00:00,86.65006539718534,0.8028006756756756,0.0,0.3614283230532107,0.4413723526224649,20,Peak,Fall,True,True,True,False,0.47,0.20744500573255847,0.09072653915017333,-0.11671846658238515
2018-10-31 21:00:00,83.26996151500488,0.8898194431141095,0.0,0.448447088384389,0.4413723547297205,21,Peak,Fall,True,True,True,False,0.47,0.20744500672296862,0.09072653958333142,-0.1167184671396372
2018-10-31 22:00:00,79.6148077333286,0.9255377537686642,0.0,0.4841653998369246,0.4413723539317395,22,Off-Peak,Fall,True,True,True,False,0.27,0.11917053556156967,0.090726539419302,-0.02844399614226767
2018-10-31 23:00:00,76.36036567248044,0.8720180592924769,0.0,0.4306457080945784,0.4413723511978984,23,Off-Peak,Fall,True,True,True,False,0.27,0.11917053482343258,0.09072653885734579,-0.028443995966086794
2018-11-01 00:00:00,72.84950036769509,0.637094165593319,0.0,0.4638766996745903,0.1732174659187286,0,Off-Peak,Fall,True,True,True,False,0.27,0.04676871579805673,0.03560581243884977,-0.011162903359206958
2018-11-01 01:00:00,70.47893064268875,0.4863236545653313,0.0,0.313106192107246,0.1732174624580852,1,Off-Peak,Fall,True,True,True,False,0.27,0.046768714863683,0.035605811727495294,-0.011162903136187709
2018-11-01 02:00:00,68.63401023466898,0.4167738194474031,0.0,0.243556356963426,0.1732174624839771,2,Off-Peak,Fall,True,True,True,False,0.27,0.04676871487067382,0.035605811732817516,-0.011162903137856305
2018-11-01 03:00:00,66.92244586538524,0.3990130563918346,0.0,0.2257955938314897,0.1732174625603448,3,Off-Peak,Fall,True,True,True,False,0.27,0.0467687148912931,0.03560581174851531,-0.011162903142777784
2018-11-01 04:00:00,65.11524708497033,0.4114157987463624,0.0,0.2381983360194929,0.1732174627268695,4,Off-Peak,Fall,True,True,True,False,0.27,0.046768714936254764,0.0356058117827454,-0.011162903153509367
2018-11-01 05:00:00,63.11112958923232,0.4370811109886129,0.0,0.2638636479376455,0.1732174630509674,5,Off-Peak,Fall,True,True,True,False,0.27,0.046768715023761204,0.03560581184936552,-0.01116290317439568
2018-11-01 06:00:00,60.982795284329406,0.4531031969648821,0.0,0.2798857336691724,0.1732174632957096,6,Off-Peak,Fall,True,True,True,False,0.27,0.046768715089841595,0.03560581189967364,-0.011162903190167953
2018-11-01 17:00:00,91.18531457844831,0.6822516891891892,0.0,0.5090341631982579,0.1732175259909313,17,Peak,Fall,True,True,True,False,0.47,0.0814122372157377,0.03560582478702476,-0.045806412428712945
2018-11-01 18:00:00,86.86736955213382,0.7466773648648649,0.0,0.5734598837741235,0.1732174810907414,18,Peak,Fall,True,True,True,False,0.47,0.08141221611264846,0.03560581555754129,-0.045806400555107166
2018-11-01 19:00:00,81.98632098357068,0.8198817567567568,0.0,0.6466642771302535,0.1732174796265032,19,Peak,Fall,True,True,True,False,0.47,0.0814122154244565,0.03560581525655899,-0.045806400167897506
2018-11-01 20:00:00,76.33487737338012,0.9200033783783784,0.0,0.7467858894057937,0.1732174889725847,20,Peak,Fall,True,True,True,False,0.47,0.08141221981711481,0.035605817177697965,-0.04580640263941685
2018-11-01 21:00:00,70.54643780769342,0.9362905405405404,0.0,0.7630730534543111,0.1732174870862293,21,Peak,Fall,True,True,True,False,0.47,0.08141221893052777,0.035605816789947134,-0.04580640214058064
2018-11-01 22:00:00,64.91584078477351,0.9136756756756756,0.0,0.7404581868497199,0.1732174888259557,22,Off-Peak,Fall,True,True,True,False,0.27,0.04676872198300804,0.03560581714755756,-0.011162904835450481
2018-11-01 23:00:00,60.04971197646151,0.8117939468982577,0.0,0.638576468587044,0.1732174783112137,23,Off-Peak,Fall,True,True,True,False,0.27,0.0467687191440277,0.035605814986193925,-0.011162904157833775
2018-11-02 17:00:00,91.12460071276496,0.6908057432432432,0.0,0.5175882134696764,0.1732175297735667,17,Peak,Fall,True,True,True,False,0.47,0.08141223899357634,0.03560582556456649,-0.04580641342900985
2018-11-02 18:00:00,86.92431579777872,0.7310337837837838,0.0,0.5578163058132872,0.1732174779704965,18,Peak,Fall,True,True,True,False,0.47,0.08141221464613335,0.035605814916157615,-0.04580639972997574
2018-11-02 19:00:00,81.74578525924922,0.8590320945945947,0.0,0.6858146068495138,0.1732174877450809,19,Peak,Fall,True,True,True,False,0.47,0.08141221924018802,0.03560581692537773,-0.045806402314810285
2018-11-02 20:00:00,75.82660638673951,0.955018581081081,0.0,0.7818010874257799,0.173217493655301,20,Peak,Fall,True,True,True,False,0.47,0.08141222201799148,0.03560581814025632,-0.04580640387773516
2018-11-02 21:00:00,69.97092240627731,0.9448445945945944,0.0,0.7716271081638086,0.1732174864307857,21,Peak,Fall,True,True,True,False,0.47,0.08141221862246927,0.03560581665521706,-0.045806401967252205
2018-11-02 22:00:00,64.38794284337052,0.907153716216216,0.0,0.7339362286705367,0.1732174875456793,22,Off-Peak,Fall,True,True,True,False,0.27,0.046768721637333414,0.035605816884389636,-0.011162904752943778
2018-11-03 17:00:00,61.33527361122765,0.7101097972972972,0.0,0.5368922671539882,0.1732175301433089,17,Peak,Fall,True,True,True,False,0.47,0.08141223916735518,0.03560582564056905,-0.04580641352678613
2018-11-04 17:00:00,91.8472253626894,0.7176621621621622,0.0,0.4225341071132384,0.2951280550489237,17,Peak,Fall,True,True,True,False,0.47,0.13871018587299414,0.06066521131561209,-0.07804497455738205
2018-11-04 18:00:00,88.04048501707244,0.8009527027027026,0.0,0.5058246663564909,0.2951280363462116,18,Peak,Fall,True,True,True,False,0.47,0.13871017708271943,0.060665207471165716,-0.07804496961155372
2018-11-04 19:00:00,83.50223470597325,0.8966368243243245,0.0,0.6015087864614762,0.2951280378628482,19,Peak,Fall,True,True,True,False,0.47,0.13871017779553865,0.0606652077829188,-0.07804497001261985
2018-11-04 20:00:00,78.35373866321729,0.975912162162162,0.0,0.6807841222796205,0.2951280398825415,20,Peak,Fall,True,True,True,False,0.47,0.1387101787447945,0.060665208198077976,-0.07804497054671652
2018-11-04 21:00:00,72.94392696049871,1.008867920761606,0.0,0.7137398803009846,0.2951280404606214,21,Peak,Fall,True,True,True,False,0.47,0.13871017901649205,0.06066520831690551,-0.07804497069958655
2018-11-04 22:00:00,68.34889339908506,0.900477579004821,0.0,0.6053495510035649,0.295128028001256,22,Off-Peak,Fall,True,True,True,False,0.27,0.07968456756033912,0.06066520575581373,-0.01901936180452539
2018-11-04 23:00:00,64.60890884338998,0.7872128615828864,0.0,0.4920848366029645,0.2951280249799219,23,Off-Peak,Fall,True,True,True,False,0.27,0.07968456674457892,0.06066520513476172,-0.019019361609817202
2018-11-05 00:00:00,61.89401639760007,0.6520468447977176,0.0,0.3569188222051143,0.2951280225926033,0,Off-Peak,Fall,True,True,True,False,0.27,0.0796845661000029,0.06066520464403512,-0.019019361455967776
2018-11-05 01:00:00,60.26648174870039,0.5090341767107951,0.0,0.2139061547985724,0.2951280219122226,1,Off-Peak,Fall,True,True,True,False,0.27,0.0796845659163001,0.06066520450417909,-0.019019361412121016
2018-11-05 17:00:00,92.36028970707277,0.6482972972972973,0.0,0.353169257951531,0.2951280393457663,17,Peak,Fall,True,True,True,False,0.47,0.13871017849251016,0.06066520808774085,-0.07804497040476932
2018-11-05 18:00:00,89.6976576885725,0.6494493243243242,0.0,0.3543212989023829,0.2951280254219413,18,Peak,Fall,True,True,True,False,0.47,0.1387101719483124,0.06066520522562126,-0.07804496672269114
2018-11-05 19:00:00,86.43646936201414,0.7281961485705206,0.0,0.4330681206945797,0.2951280278759409,19,Peak,Fall,True,True,True,False,0.47,0.1387101731016922,0.06066520573005451,-0.07804496737163769
2018-11-05 20:00:00,82.37165776307947,0.8337229729729729,0.0,0.5385949412660133,0.2951280317069596,20,Peak,Fall,True,True,True,False,0.47,0.138710174902271,0.060665206517541696,-0.0780449683847293
2018-11-05 21:00:00,77.69523214342536,0.9134340512819268,0.0,0.6183060170871442,0.2951280341947826,21,Peak,Fall,True,True,True,False,0.47,0.1387101760715478,0.06066520702892753,-0.07804496904262029
2018-11-05 22:00:00,72.80338228112319,0.9406144719095454,0.0,0.6454864377354628,0.2951280341740826,22,Off-Peak,Fall,True,True,True,False,0.27,0.07968456922700232,0.060665207024672534,-0.019019362202329783
2018-11-05 23:00:00,68.44762957898749,0.8689986990029661,0.0,0.5738706712593225,0.2951280277436436,23,Off-Peak,Fall,True,True,True,False,0.27,0.07968456749078377,0.06066520570286007,-0.019019361787923704
2018-11-06 00:00:00,64.718333275859,0.7857875061605967,0.0,0.4906594806049799,0.2951280255556168,0,Off-Peak,Fall,True,True,True,False,0.27,0.07968456690001653,0.06066520525309901,-0.019019361646917525
2018-11-06 01:00:00,61.83203743176603,0.6744954453891796,0.0,0.3793674223140987,0.2951280230750808,1,Off-Peak,Fall,True,True,True,False,0.27,0.07968456623027181,0.06066520474321105,-0.019019361487060765
2018-11-06 17:00:00,90.7422283318694,0.6416368243243243,0.0,0.3465087959538472,0.2951280283704771,17,Peak,Fall,True,True,True,False,0.47,0.13871017333412422,0.060665205831709174,-0.07804496750241505
2018-11-06 18:00:00,88.00174065277898,0.6594054054054055,0.0,0.3642773805354131,0.2951280248699923,18,Peak,Fall,True,True,True,False,0.47,0.13871017168889638,0.060665205112165076,-0.0780449665767313
2018-11-06 19:00:00,84.66728393863617,0.7375067567567568,0.0,0.4423787297386735,0.2951280270180832,19,Peak,Fall,True,True,True,False,0.47,0.1387101726984991,0.0606652055537171,-0.07804496714478201
2018-11-06 20:00:00,80.34082377938799,0.8677956081081082,0.0,0.5726675741855684,0.2951280339225398,20,Peak,Fall,True,True,True,False,0.47,0.1387101759435937,0.060665206972966505,-0.07804496897062718
2018-11-06 21:00:00,75.46777985977563,0.9387489985892428,0.0,0.6436209629397086,0.2951280356495341,21,Peak,Fall,True,True,True,False,0.47,0.13871017675528102,0.06066520732795978,-0.07804496942732124
2018-11-06 22:00:00,70.43144925263422,0.9589169041243898,0.0,0.6637888676089121,0.2951280365154777,22,Off-Peak,Fall,True,True,True,False,0.27,0.07968456985917899,0.06066520750595931,-0.01901936235321968
2018-11-06 23:00:00,65.877998328875,0.8942227738599099,0.0,0.5990947432275572,0.2951280306323527,23,Off-Peak,Fall,True,True,True,False,0.27,0.07968456827073524,0.06066520629665028,-0.019019361974084957
2018-11-07 00:00:00,61.99094697229716,0.805744332685242,0.0,0.5106163054159536,0.2951280272692884,0,Off-Peak,Fall,True,True,True,False,0.27,0.07968456736270788,0.060665205605353725,-0.01901936175735415
2018-11-07 17:00:00,92.49558612927736,0.6303074324324325,0.0,0.3351793960421195,0.295128036390313,17,Peak,Fall,True,True,True,False,0.47,0.1387101771034471,0.060665207480231,-0.07804496962321611
2018-11-07 18:00:00,89.98873282068215,0.6287415540540541,0.0,0.3336135292775035,0.2951280247765505,18,Peak,Fall,True,True,True,False,0.47,0.13871017164497873,0.06066520509295759,-0.07804496655202114
2018-11-07 19:00:00,86.69868541865982,0.731989864864865,0.0,0.4368618359520319,0.2951280289128331,19,Peak,Fall,True,True,True,False,0.47,0.13871017358903154,0.06066520594319346,-0.07804496764583807
2018-11-07 20:00:00,82.58245914076568,0.8404577702702704,0.0,0.5453297377957725,0.2951280324744978,20,Peak,Fall,True,True,True,False,0.47,0.13871017526301396,0.060665206675313436,-0.07804496858770052
2018-11-07 21:00:00,77.71643434739477,0.9383125,0.0,0.6431844627675729,0.2951280372324271,21,Peak,Fall,True,True,True,False,0.47,0.13871017749924072,0.06066520765333223,-0.0780449698459085
2018-11-07 22:00:00,72.67360642158106,0.960313726743864,0.0,0.6651856912431225,0.2951280355007414,22,Off-Peak,Fall,True,True,True,False,0.27,0.07968456958520019,0.060665207297374624,-0.019019362287825567
2018-11-07 23:00:00,68.17219027375067,0.8879520432244243,0.0,0.5928240145054513,0.295128028718973,23,Off-Peak,Fall,True,True,True,False,0.27,0.0796845677541227,0.06066520590334444,-0.019019361850778266
2018-11-08 00:00:00,64.32978566180212,0.8004407164077049,0.0,0.505312690317816,0.2951280260898888,0,Off-Peak,Fall,True,True,True,False,0.27,0.07968456704426999,0.06066520536292158,-0.019019361681348407
2018-11-08 01:00:00,61.66001463617039,0.6459753820518449,0.0,0.3508473596342952,0.2951280224175496,1,Off-Peak,Fall,True,True,True,False,0.27,0.0796845660527384,0.06066520460805186,-0.019019361444686536
2018-11-08 17:00:00,92.4732660442232,0.6332111486486486,0.0,0.3380831118086668,0.2951280368399817,17,Peak,Fall,True,True,True,False,0.47,0.13871017731479138,0.0606652075726629,-0.07804496974212848
2018-11-08 18:00:00,89.68876971112803,0.6655287162162162,0.0,0.3704006894909584,0.2951280267252578,18,Peak,Fall,True,True,True,False,0.47,0.13871017256087115,0.060665205493525214,-0.07804496706734593
2018-11-08 19:00:00,86.3520182881175,0.7380618143686712,0.0,0.4429337861839855,0.2951280281846857,19,Peak,Fall,True,True,True,False,0.47,0.13871017324680227,0.06066520579351872,-0.07804496745328354
2018-11-08 20:00:00,82.20649336871752,0.8441925675675677,0.0,0.5490645352202171,0.2951280323473505,20,Peak,Fall,True,True,True,False,0.47,0.13871017520325474,0.06066520664917761,-0.07804496855407714
2018-11-08 21:00:00,77.31972236786847,0.9408852490056896,0.0,0.6457572117342929,0.2951280372713967,21,Peak,Fall,True,True,True,False,0.47,0.13871017751755643,0.06066520766134265,-0.07804496985621379
2018-11-08 22:00:00,72.34373627881625,0.9513682358253333,0.0,0.6562402014440987,0.2951280343812346,22,Off-Peak,Fall,True,True,True,False,0.27,0.07968456928293334,0.06066520706725378,-0.019019362215679562
2018-11-08 23:00:00,67.74937597647596,0.8999877002807358,0.0,0.6048596698356056,0.2951280304451302,23,Off-Peak,Fall,True,True,True,False,0.27,0.07968456822018516,0.06066520625816565,-0.01901936196201951
2018-11-09 00:00:00,63.93970087831128,0.7959989789303424,0.0,0.5008709532714706,0.2951280256588718,0,Off-Peak,Fall,True,True,True,False,0.27,0.0796845669278954,0.06066520527432365,-0.01901936165357175
2018-11-09 01:00:00,61.0873851277713,0.6697742145955888,0.0,0.3746461916306376,0.2951280229649512,1,Off-Peak,Fall,True,True,True,False,0.27,0.07968456620053684,0.0606652047205733,-0.019019361479963533
2018-11-09 17:00:00,92.50511040217036,0.6288952784038815,0.0,0.3337672422382138,0.2951280361656676,17,Peak,Fall,True,True,True,False,0.47,0.13871017699786375,0.06066520743405388,-0.07804496956380988
2018-11-09 18:00:00,89.92037251224464,0.6390101351351352,0.0,0.3438821098119024,0.2951280253232327,18,Peak,Fall,True,True,True,False,0.47,0.13871017190191934,0.06066520520533116,-0.07804496669658817
2018-11-09 19:00:00,86.7410033010891,0.717245458254345,0.0,0.4221174307254242,0.2951280275289208,19,Peak,Fall,True,True,True,False,0.47,0.13871017293859278,0.060665205658722604,-0.07804496727987018
2018-11-09 20:00:00,82.53125044317655,0.8526996482373635,0.0,0.557571613738884,0.2951280344984796,20,Peak,Fall,True,True,True,False,0.47,0.13871017621428539,0.06066520709135413,-0.07804496912293125
2018-11-09 21:00:00,77.60178848973786,0.9465192948856532,0.0,0.6513912572149291,0.2951280376707241,21,Peak,Fall,True,True,True,False,0.47,0.13871017770524033,0.06066520774342662,-0.0780449699618137
2018-11-09 22:00:00,72.53567894717445,0.9632087134341812,0.0,0.6680806778937969,0.2951280355403843,22,Off-Peak,Fall,True,True,True,False,0.27,0.07968456959590377,0.06066520730552344,-0.01901936229038033
2018-11-09 23:00:00,67.72164433674813,0.9287637109059677,0.0,0.6336356778584655,0.2951280330475021,23,Off-Peak,Fall,True,True,True,False,0.27,0.07968456892282558,0.060665206793097656,-0.01901936212972792
2018-11-10 00:00:00,63.71728655535493,0.8214296925123251,0.0,0.5263016658608434,0.2951280266514817,0,Off-Peak,Fall,True,True,True,False,0.27,0.07968456719590006,0.06066520547836012,-0.019019361717539936
2018-11-10 01:00:00,60.829478358965375,0.6743391565400993,0.0,0.3792111336758003,0.295128022864299,1,Off-Peak,Fall,True,True,True,False,0.27,0.07968456617336074,0.060665204699883686,-0.019019361473477055
2018-11-10 17:00:00,61.35667186216015,0.6705690267944734,0.0,0.3754409946433262,0.2951280321511472,17,Peak,Fall,True,True,True,False,0.47,0.13871017511103917,0.060665206608846924,-0.07804496850219225
2018-11-11 17:00:00,93.32466312626944,0.6764110408943432,0.0,0.2260688438252247,0.4503421970691185,17,Peak,Fall,True,True,True,False,0.47,0.21166083262248567,0.09257034050865214,-0.11909049211383353
2018-11-11 18:00:00,91.15305413044491,0.7394932432432432,0.0,0.2891510468009638,0.4503421964422793,18,Peak,Fall,True,True,True,False,0.47,0.21166083232787125,0.09257034037980186,-0.1190904919480694
2018-11-11 19:00:00,88.41725040836319,0.8138857903791232,0.0,0.3635435926313369,0.4503421977477863,19,Peak,Fall,True,True,True,False,0.47,0.21166083294145954,0.09257034064815607,-0.11909049229330347
2018-11-11 20:00:00,84.89491513470168,0.9173961723853942,0.0,0.4670539715668451,0.4503422008185491,20,Peak,Fall,True,True,True,False,0.47,0.21166083438471806,0.09257034127936842,-0.11909049310534964
2018-11-11 21:00:00,81.254592403222,0.9322841786852246,0.0,0.4819419810795924,0.4503421976056322,21,Peak,Fall,True,True,True,False,0.47,0.21166083287464713,0.0925703406189355,-0.11909049225571162
2018-11-11 22:00:00,77.32924868510075,0.9691540183232514,0.0,0.51881181948894,0.4503421988343115,22,Off-Peak,Fall,True,True,True,False,0.27,0.1215923936852641,0.09257034087149735,-0.029022052813766755
2018-11-11 23:00:00,73.99088939555661,0.8911458616616369,0.0,0.4408036667387118,0.4503421949229251,23,Off-Peak,Fall,True,True,True,False,0.27,0.12159239262918979,0.09257034006749015,-0.029022052561699638
2018-11-12 00:00:00,72.24140194383408,0.8427491752650502,0.0,0.2310454544362686,0.6117037208287817,0,Off-Peak,Fall,True,True,True,False,0.27,0.16516000462377106,0.12573909817036066,-0.0394209064534104
2018-11-12 01:00:00,71.37933235762216,0.7255678682040407,0.0,0.1138641473856788,0.6117037208183619,1,Off-Peak,Fall,True,True,True,False,0.27,0.16516000462095773,0.12573909816821882,-0.03942090645273891
2018-11-12 02:00:00,71.7268676837119,0.5618555388065319,0.0,0.0,0.5618555388065319,2,Off-Peak,Fall,True,True,True,True,0.27,0.15170099547776364,0.11549252742134268,-0.03620846805642096
2018-11-12 03:00:00,72.2031433830447,0.5433718924977582,0.0,0.0,0.5433718924977582,3,Off-Peak,Fall,True,True,True,True,0.27,0.14671041097439472,0.11169311123565029,-0.03501729973874443
2018-11-12 04:00:00,72.66867669763283,0.5449010211692006,0.0,0.0,0.5449010211692006,4,Off-Peak,Fall,True,True,True,True,0.27,0.14712327571568418,0.11200743212922457,-0.03511584358645961
2018-11-12 05:00:00,72.54766130634462,0.6277017482970408,0.0,0.0159980274800224,0.6117037208170184,5,Off-Peak,Fall,True,True,True,False,0.27,0.165160004620595,0.12573909816794265,-0.03942090645265234
2018-11-12 06:00:00,71.82922202077421,0.7066217063008084,0.0,0.0949179854584423,0.6117037208423661,6,Off-Peak,Fall,True,True,True,False,0.27,0.16516000462743888,0.12573909817315304,-0.03942090645428584
2018-11-12 17:00:00,94.76302699314157,0.6440490447861721,0.0,0.0323453239675802,0.6117037208185918,17,Peak,Fall,True,True,True,False,0.47,0.28750074878473814,0.1257390981682661,-0.16176165061647205
2018-11-12 18:00:00,94.43686181729905,0.6552952934991838,0.0,0.0435915726790939,0.6117037208200898,18,Peak,Fall,True,True,True,False,0.47,0.2875007487854422,0.125739098168574,-0.16176165061686817
2018-11-12 19:00:00,93.3585868565793,0.7556064636202825,0.0,0.1439027423581838,0.6117037212620986,19,Peak,Fall,True,True,True,False,0.47,0.28750074899318634,0.1257390982594314,-0.16176165073375495
2018-11-12 20:00:00,91.28084016746756,0.888381760074364,0.0,0.2766780359880655,0.6117037240862985,20,Peak,Fall,True,True,True,False,0.47,0.28750075032056027,0.12573909883996134,-0.16176165148059893
2018-11-12 21:00:00,88.91741972891664,0.9258991375079224,0.0,0.3141954145021028,0.6117037230058195,21,Peak,Fall,True,True,True,False,0.47,0.28750074981273516,0.1257390986178629,-0.16176165119487226
2018-11-12 22:00:00,86.1767558077831,0.9754581698466503,0.0,0.3637544464430768,0.6117037234035736,22,Off-Peak,Fall,True,True,True,False,0.27,0.16516000531896488,0.12573909869962346,-0.03942090661934142
2018-11-12 23:00:00,83.89096731584438,0.9148506859252516,0.0,0.3031469647098229,0.6117037212154287,23,Off-Peak,Fall,True,True,True,False,0.27,0.16516000472816575,0.12573909824983812,-0.03942090647832763
2018-11-13 00:00:00,82.60484073383844,0.7822749377288089,0.0,0.1705712169119975,0.6117037208168112,0,Off-Peak,Fall,True,True,True,False,0.27,0.16516000462053904,0.12573909816790008,-0.03942090645263896
2018-11-13 01:00:00,82.15412112456913,0.6714962337568849,0.0,0.0597925129380245,0.6117037208188604,1,Off-Peak,Fall,True,True,True,False,0.27,0.16516000462109232,0.1257390981683213,-0.03942090645277102
2018-11-13 02:00:00,82.50633075753811,0.5609754638809714,0.0,0.0,0.5609754638809714,2,Off-Peak,Fall,True,True,True,True,0.27,0.1514633752478623,0.11531162313108857,-0.036151752116773725
2018-11-13 03:00:00,83.08549699073171,0.5282572782905931,0.0,0.0,0.5282572782905931,3,Off-Peak,Fall,True,True,True,True,0.27,0.14262946513846014,0.10858621831528859,-0.03404324682317156
2018-11-13 04:00:00,83.7366639947477,0.5178543484501967,0.0,0.0,0.5178543484501967,4,Off-Peak,Fall,True,True,True,True,0.27,0.13982067408155313,0.10644783829254044,-0.03337283578901269
2018-11-13 05:00:00,84.01830765111026,0.5711151690821998,0.0,0.0,0.5711151690821998,5,Off-Peak,Fall,True,True,True,True,0.27,0.15420109565219398,0.11739589586689664,-0.03680519978529734
2018-11-13 06:00:00,83.97784688957853,0.6170764720821575,0.0,0.0053727512653659,0.6117037208167916,6,Off-Peak,Fall,True,True,True,False,0.27,0.16516000462053373,0.12573909816789602,-0.03942090645263771
2018-11-13 17:00:00,94.57429352612992,0.6689344920514607,0.0,0.0572307712166878,0.6117037208347729,17,Peak,Fall,True,True,True,False,0.47,0.2875007487923432,0.1257390981715922,-0.161761650620751
2018-11-13 18:00:00,94.11106201939062,0.6735876203349818,0.0,0.0618838995074551,0.6117037208275266,18,Peak,Fall,True,True,True,False,0.47,0.28750074878893744,0.12573909817010268,-0.16176165061883477
2018-11-13 19:00:00,93.11772365541027,0.7442454679778783,0.0,0.1325417468995775,0.6117037210783007,19,Peak,Fall,True,True,True,False,0.47,0.28750074890680133,0.12573909822165072,-0.1617616506851506
2018-11-13 20:00:00,91.1508370396093,0.8736040712525833,0.0,0.2619003478348838,0.6117037234176995,20,Peak,Fall,True,True,True,False,0.47,0.28750075000631875,0.1257390987025271,-0.16176165130379164
2018-11-13 21:00:00,88.32064850820564,0.9877210205005864,0.0,0.3760172943107833,0.6117037261898031,21,Peak,Fall,True,True,True,False,0.47,0.28750075130920744,0.1257390992723484,-0.16176165203685905
2018-11-13 22:00:00,85.25300832281043,1.0185998817762634,0.0,0.4068961577556988,0.6117037240205645,22,Off-Peak,Fall,True,True,True,False,0.27,0.16516000548555243,0.12573909882644937,-0.039420906659103055
2018-11-13 23:00:00,82.41220593864129,0.9881048214376078,0.0,0.3764010994545484,0.6117037219830593,23,Off-Peak,Fall,True,True,True,False,0.27,0.16516000493542604,0.12573909840762884,-0.0394209065277972
2018-11-14 00:00:00,80.4886693364292,0.8665025470181195,0.0,0.2547988261701651,0.6117037208479543,0,Off-Peak,Fall,True,True,True,False,0.27,0.16516000462894767,0.1257390981743017,-0.039420906454645965
2018-11-14 01:00:00,79.44079593171097,0.7505190576488803,0.0,0.1388153368315766,0.6117037208173037,1,Off-Peak,Fall,True,True,True,False,0.27,0.165160004620672,0.12573909816800133,-0.039420906452670684
2018-11-14 02:00:00,79.15418706212076,0.6496833279496081,0.0,0.0379796071319704,0.6117037208176377,2,Off-Peak,Fall,True,True,True,False,0.27,0.1651600046207622,0.12573909816806997,-0.03942090645269222
2018-11-14 03:00:00,79.00677889824337,0.6312377041253245,0.0,0.0195339833085274,0.611703720816797,3,Off-Peak,Fall,True,True,True,False,0.27,0.1651600046205352,0.12573909816789716,-0.039420906452638044
2018-11-14 04:00:00,78.8405772251271,0.6337265291287764,0.0,0.0220228083119986,0.6117037208167777,4,Off-Peak,Fall,True,True,True,False,0.27,0.16516000462053,0.1257390981678932,-0.039420906452636795
2018-11-14 05:00:00,78.08166291305494,0.7122033628197727,0.0,0.1004996419775086,0.611703720842264,5,Off-Peak,Fall,True,True,True,False,0.27,0.1651600046274113,0.12573909817313203,-0.03942090645427926
2018-11-14 06:00:00,76.73335792785021,0.7901048285035566,0.0,0.1784011075331767,0.6117037209703797,6,Off-Peak,Fall,True,True,True,False,0.27,0.16516000466200254,0.12573909819946694,-0.0394209064625356
2018-11-14 17:00:00,94.91974448825324,0.6229072493200316,0.0,0.0112035285031736,0.6117037208168579,17,Peak,Fall,True,True,True,False,0.47,0.2875007487839232,0.12573909816790968,-0.1617616506160135
2018-11-14 18:00:00,94.54491132863927,0.6618008179133777,0.0,0.0500970970873554,0.6117037208260223,18,Peak,Fall,True,True,True,False,0.47,0.28750074878823045,0.12573909816979348,-0.16176165061843698
2018-11-14 19:00:00,93.64717508408454,0.7315481514533665,0.0,0.1198444304303021,0.6117037210230644,19,Peak,Fall,True,True,True,False,0.47,0.2875007488808402,0.12573909821029655,-0.16176165067054366
2018-11-14 20:00:00,92.17215603648692,0.8083039086185777,0.0,0.1966001868966941,0.6117037217218835,20,Peak,Fall,True,True,True,False,0.47,0.2875007492092852,0.1257390983539427,-0.1617616508553425
2018-11-14 21:00:00,89.77204474530649,0.9309127651387348,0.0,0.3192090403839078,0.6117037247548269,21,Peak,Fall,True,True,True,False,0.47,0.28750075063476865,0.1257390989773811,-0.16176165165738757
2018-11-14 22:00:00,86.88467110535527,0.9950066268374168,0.0,0.3833029022585562,0.6117037245788606,22,Off-Peak,Fall,True,True,True,False,0.27,0.16516000563629238,0.12573909894121021,-0.039420906695082164
2018-11-14 23:00:00,84.56218096061725,0.9197812994289062,0.0,0.3080775782114891,0.611703721217417,23,Off-Peak,Fall,True,True,True,False,0.27,0.1651600047287026,0.12573909825024682,-0.03942090647845578
2018-11-15 00:00:00,83.06932643647366,0.809694804602637,0.0,0.1979910837778174,0.6117037208248196,0,Off-Peak,Fall,True,True,True,False,0.27,0.1651600046227013,0.12573909816954623,-0.039420906453155075
2018-11-15 01:00:00,82.18235177505669,0.7293358967454278,0.0,0.1176321759285809,0.6117037208168468,1,Off-Peak,Fall,True,True,True,False,0.27,0.16516000462054864,0.12573909816790738,-0.03942090645264126
2018-11-15 02:00:00,81.61938885861419,0.6863613045134477,0.0,0.0746575836966704,0.6117037208167773,2,Off-Peak,Fall,True,True,True,False,0.27,0.16516000462052988,0.1257390981678931,-0.03942090645263677
2018-11-15 03:00:00,81.33727519695843,0.6491179039636183,0.0,0.0374141831468493,0.611703720816769,3,Off-Peak,Fall,True,True,True,False,0.27,0.16516000462052766,0.12573909816789142,-0.03942090645263624
2018-11-15 04:00:00,81.02571347908929,0.6530176314489614,0.0,0.041313910631803,0.6117037208171584,4,Off-Peak,Fall,True,True,True,False,0.27,0.16516000462063277,0.12573909816797144,-0.03942090645266133
2018-11-15 05:00:00,80.11876567753508,0.7318862162043187,0.0,0.1201824953425744,0.6117037208617442,5,Off-Peak,Fall,True,True,True,False,0.27,0.16516000463267094,0.1257390981771363,-0.03942090645553464
2018-11-15 06:00:00,78.653911963058,0.8056483493161838,0.0,0.1939446283060987,0.6117037210100851,6,Off-Peak,Fall,True,True,True,False,0.27,0.165160004672723,0.1257390982076286,-0.039420906465094385
2018-11-15 17:00:00,94.74826017159845,0.6457800201817343,0.0,0.0340762993628124,0.6117037208189218,17,Peak,Fall,True,True,True,False,0.47,0.28750074878489323,0.12573909816833392,-0.1617616506165593
2018-11-15 18:00:00,94.33492320986156,0.666932067844261,0.0,0.0552283470183571,0.6117037208259039,18,Peak,Fall,True,True,True,False,0.47,0.2875007487881748,0.1257390981697691,-0.16176165061840567
2018-11-15 19:00:00,93.41969771214288,0.7338522206640555,0.0,0.1221484996376973,0.6117037210263582,19,Peak,Fall,True,True,True,False,0.47,0.2875007488823883,0.12573909821097362,-0.16176165067141468
2018-11-15 20:00:00,91.8569194590077,0.8199335805619261,0.0,0.2082298586603083,0.6117037219016177,20,Peak,Fall,True,True,True,False,0.47,0.2875007492937603,0.12573909839088807,-0.16176165090287223
2018-11-15 21:00:00,89.29398067619738,0.95242854679791,0.0,0.3407248212345005,0.6117037255634095,21,Peak,Fall,True,True,True,False,0.47,0.28750075101480244,0.12573909914358972,-0.16176165187121272
2018-11-15 22:00:00,86.52428195104768,0.9793317460660582,0.0,0.3676280227423291,0.6117037233237291,22,Off-Peak,Fall,True,True,True,False,0.27,0.16516000529740688,0.12573909868321098,-0.039420906614195894
2018-11-15 23:00:00,83.86675520019911,0.9640428739027582,0.0,0.3523391519444673,0.6117037219582909,23,Off-Peak,Fall,True,True,True,False,0.27,0.16516000492873856,0.12573909840253758,-0.03942090652620098
2018-11-16 00:00:00,82.00807344838968,0.8580499870220757,0.0,0.2463462661613087,0.611703720860767,0,Off-Peak,Fall,True,True,True,False,0.27,0.1651600046324071,0.12573909817693543,-0.039420906455471666
2018-11-16 01:00:00,80.89953385497066,0.7586232543713781,0.0,0.1469195335544222,0.6117037208169559,1,Off-Peak,Fall,True,True,True,False,0.27,0.16516000462057812,0.12573909816792983,-0.039420906452648286
2018-11-16 02:00:00,80.467145880905,0.6690214026349905,0.0,0.0573176818174898,0.6117037208175007,2,Off-Peak,Fall,True,True,True,False,0.27,0.1651600046207252,0.1257390981680418,-0.039420906452683396
2018-11-16 03:00:00,80.14218645998946,0.6547776998370612,0.0,0.0430739790202221,0.6117037208168391,3,Off-Peak,Fall,True,True,True,False,0.27,0.16516000462054656,0.12573909816790582,-0.039420906452640736
2018-11-16 04:00:00,79.67661388925038,0.6734004746084639,0.0,0.0616967537894955,0.6117037208189683,4,Off-Peak,Fall,True,True,True,False,0.27,0.16516000462112146,0.12573909816834347,-0.03942090645277799
2018-11-16 05:00:00,78.51782111048655,0.7651388119401281,0.0,0.1534350910144053,0.6117037209257228,5,Off-Peak,Fall,True,True,True,False,0.27,0.16516000464994515,0.12573909819028747,-0.03942090645965768
2018-11-16 06:00:00,76.88855786342019,0.8272445061420358,0.0,0.2155407850742619,0.6117037210677739,6,Off-Peak,Fall,True,True,True,False,0.27,0.16516000468829897,0.12573909821948687,-0.039420906468812106
2018-11-16 17:00:00,94.8756122483534,0.628802462915923,0.0,0.017098742098963,0.6117037208169599,17,Peak,Fall,True,True,True,False,0.47,0.28750074878397114,0.12573909816793064,-0.1617616506160405
2018-11-16 18:00:00,94.4951190537072,0.6625509751208876,0.0,0.050847254296224,0.6117037208246635,18,Peak,Fall,True,True,True,False,0.47,0.28750074878759185,0.12573909816951415,-0.1617616506180777
2018-11-16 19:00:00,93.60547590636826,0.7304554085262771,0.0,0.1187516875164571,0.61170372100982,19,Peak,Fall,True,True,True,False,0.47,0.28750074887461535,0.1257390982075741,-0.16176165066704126
2018-11-16 20:00:00,91.99972854255844,0.8256695008264199,0.0,0.2139657787157588,0.611703722110661,20,Peak,Fall,True,True,True,False,0.47,0.28750074939201065,0.1257390984338581,-0.16176165095815254
2018-11-16 21:00:00,89.6075491970513,0.9298049534262066,0.0,0.3181012290899574,0.6117037243362491,21,Peak,Fall,True,True,True,False,0.47,0.2875007504380371,0.12573909889134008,-0.161761651546697
2018-11-16 22:00:00,86.9115834197369,0.9696139682531378,0.0,0.357910244866352,0.6117037233867858,22,Off-Peak,Fall,True,True,True,False,0.27,0.16516000531443217,0.1257390986961726,-0.03942090661825956
2018-11-16 23:00:00,84.6504627382461,0.9116412885765748,0.0,0.299937567331909,0.6117037212446658,23,Off-Peak,Fall,True,True,True,False,0.27,0.16516000473605977,0.12573909825584798,-0.03942090648021179
2018-11-17 00:00:00,82.64544971360162,0.8774817119294243,0.0,0.2657779908650304,0.6117037210643939,0,Off-Peak,Fall,True,True,True,False,0.27,0.16516000468738634,0.12573909821879206,-0.03942090646859428
2018-11-17 01:00:00,81.66341972183267,0.7418995986232771,0.0,0.1301958778034103,0.6117037208198668,1,Off-Peak,Fall,True,True,True,False,0.27,0.16516000462136404,0.12573909816852816,-0.039420906452835885
2018-11-17 02:00:00,81.45736770557582,0.6390310464962461,0.0,0.0273273256787429,0.6117037208175031,2,Off-Peak,Fall,True,True,True,False,0.27,0.16516000462072586,0.1257390981680423,-0.03942090645268356
2018-11-17 03:00:00,81.20967714535959,0.6445493549475536,0.0,0.0328456341307966,0.6117037208167571,3,Off-Peak,Fall,True,True,True,False,0.27,0.1651600046205244,0.12573909816788895,-0.03942090645263546
2018-11-17 04:00:00,80.99773467734629,0.6398071053513368,0.0,0.0281033845345092,0.6117037208168274,4,Off-Peak,Fall,True,True,True,False,0.27,0.16516000462054342,0.12573909816790343,-0.03942090645263999
2018-11-17 05:00:00,80.17018834895234,0.7213637266042071,0.0,0.1096600057513216,0.6117037208528855,5,Off-Peak,Fall,True,True,True,False,0.27,0.1651600046302791,0.12573909817531534,-0.03942090645496377
2018-11-17 06:00:00,78.81300451743591,0.7914018829031098,0.0,0.1796981619399504,0.6117037209631593,6,Off-Peak,Fall,True,True,True,False,0.27,0.165160004660053,0.12573909819798273,-0.039420906462070276
2018-11-17 17:00:00,94.22348669994042,0.7158371647541605,0.0,0.1041334437482392,0.6117037210059213,17,Peak,Fall,True,True,True,False,0.47,0.287500748872783,0.1257390982067727,-0.16176165066601028
2018-11-17 18:00:00,93.20239834663003,0.7479372779104293,0.0,0.1362335568704648,0.6117037210399645,18,Peak,Fall,True,True,True,False,0.47,0.2875007488887833,0.1257390982137705,-0.1617616506750128
2018-11-17 19:00:00,91.59522298980195,0.8257872745871603,0.0,0.214083552670357,0.6117037219168033,19,Peak,Fall,True,True,True,False,0.47,0.28750074930089753,0.12573909839400957,-0.16176165090688796
2018-11-17 20:00:00,89.48270511046317,0.8926289659831811,0.0,0.2809252433575577,0.6117037226256233,20,Peak,Fall,True,True,True,False,0.47,0.28750074963404293,0.12573909853971146,-0.16176165109433147
2018-11-17 21:00:00,86.98008789024819,0.9439807247482408,0.0,0.332277001870265,0.6117037228779758,21,Peak,Fall,True,True,True,False,0.47,0.2875007497526486,0.12573909859158391,-0.1617616511610647
2018-11-17 22:00:00,84.014147646624,1.0048642251506936,0.0,0.3931605014865876,0.6117037236641061,22,Off-Peak,Fall,True,True,True,False,0.27,0.16516000538930864,0.12573909875317735,-0.03942090663613129
2018-11-17 23:00:00,81.13153953537432,0.9933878768310458,0.0,0.3816841547172453,0.6117037221138004,23,Off-Peak,Fall,True,True,True,False,0.27,0.16516000497072614,0.12573909843450343,-0.03942090653622271
2018-11-18 00:00:00,78.45404481732994,0.965903077840975,0.0,0.3541993562869445,0.6117037215540304,0,Off-Peak,Fall,True,True,True,False,0.27,0.16516000481958823,0.12573909831943958,-0.03942090650014865
2018-11-18 01:00:00,76.4069605682222,0.8823892159107379,0.0,0.2706854949954809,0.6117037209152569,1,Off-Peak,Fall,True,True,True,False,0.27,0.16516000464711939,0.12573909818813614,-0.039420906458983246
2018-11-18 02:00:00,75.33487502946389,0.7534822918535269,0.0,0.1417785710342131,0.6117037208193137,2,Off-Peak,Fall,True,True,True,False,0.27,0.16516000462121472,0.12573909816841447,-0.03942090645280025
2018-11-18 03:00:00,74.3223547878194,0.7455568181216361,0.0,0.1338530972895106,0.6117037208321254,3,Off-Peak,Fall,True,True,True,False,0.27,0.16516000462467387,0.125739098171048,-0.039420906453625865
2018-11-18 04:00:00,73.3127992598814,0.7451121682859512,0.0,0.1334084474501196,0.6117037208358316,4,Off-Peak,Fall,True,True,True,False,0.27,0.16516000462567454,0.1257390981718098,-0.03942090645386473
2018-11-18 05:00:00,71.56215292745354,0.8427879620655255,0.0,0.2310842407726995,0.611703721292826,5,Off-Peak,Fall,True,True,True,False,0.27,0.16516000474906303,0.12573909826574756,-0.03942090648331548
2018-11-18 06:00:00,69.24203302998518,0.917565491627048,0.0,0.3058617696703914,0.6117037219566566,6,Off-Peak,Fall,True,True,True,False,0.27,0.16516000492829727,0.12573909840220163,-0.039420906526095645
2018-11-18 17:00:00,94.03990631087012,0.7406302879431337,0.0,0.1289265667165956,0.611703721226538,17,Peak,Fall,True,True,True,False,0.47,0.2875007489764729,0.1257390982521217,-0.16176165072435117
2018-11-18 18:00:00,93.19698999718942,0.724169369306306,0.0,0.1124656484260012,0.6117037208803048,18,Peak,Fall,True,True,True,False,0.47,0.2875007488137432,0.12573909818095153,-0.1617616506327917
2018-11-18 19:00:00,91.90544546933222,0.783803219412045,0.0,0.1720994981258068,0.6117037212862382,19,Peak,Fall,True,True,True,False,0.47,0.28750074900453193,0.1257390982643934,-0.16176165074013854
2018-11-18 20:00:00,89.66612503732992,0.9094868554778464,0.0,0.2977831316270184,0.6117037238508278,20,Peak,Fall,True,True,True,False,0.47,0.2875007502098891,0.12573909879155906,-0.16176165141833002
2018-11-18 21:00:00,86.80128839043365,0.9919429621194124,0.0,0.3802392374081543,0.611703724711258,21,Peak,Fall,True,True,True,False,0.47,0.28750075061429126,0.12573909896842525,-0.161761651645866
2018-11-18 22:00:00,83.27550626217078,1.0787620281996042,0.0,0.4670583016131661,0.611703726586438,22,Off-Peak,Fall,True,True,True,False,0.27,0.1651600061783383,0.12573909935387892,-0.03942090682445937
2018-11-18 23:00:00,79.44921959718614,1.1177206441781216,0.0,0.5060169183722067,0.6117037258059148,23,Off-Peak,Fall,True,True,True,False,0.27,0.165160005967597,0.12573909919343804,-0.039420906774158965
2018-11-19 00:00:00,75.88224539580011,1.0828513185470394,0.0,0.4711475954052466,0.6117037231417928,0,Off-Peak,Fall,True,True,True,False,0.27,0.16516000524828406,0.12573909864581295,-0.039420906602471106
2018-11-19 01:00:00,73.14085422988079,0.9735792124315888,0.0,0.3618754912491699,0.6117037211824189,1,Off-Peak,Fall,True,True,True,False,0.27,0.1651600047192531,0.12573909824305277,-0.039420906476200335
2018-11-19 02:00:00,71.10440953910732,0.8804051861791031,0.0,0.2687014652586906,0.6117037209204125,2,Off-Peak,Fall,True,True,True,False,0.27,0.16516000464851138,0.1257390981891959,-0.03942090645931548
2018-11-19 03:00:00,69.55233270920836,0.8164154772733982,0.0,0.2047117564086897,0.6117037208647086,3,Off-Peak,Fall,True,True,True,False,0.27,0.16516000463347133,0.12573909817774565,-0.039420906455725685
2018-11-19 04:00:00,68.05573316995874,0.8089759666636211,0.0,0.1972722457310698,0.6117037209325513,4,Off-Peak,Fall,True,True,True,False,0.27,0.16516000465178887,0.1257390981916911,-0.03942090646009777
2018-11-19 05:00:00,65.85032004050223,0.902002785339518,0.0,0.2902990632471676,0.6117037220923505,5,Off-Peak,Fall,True,True,True,False,0.27,0.16516000496493463,0.12573909843009426,-0.03942090653484037
2018-11-19 06:00:00,62.96687209029942,0.9905765303011596,0.0,0.3788728057348851,0.6117037245662744,6,Off-Peak,Fall,True,True,True,False,0.27,0.1651600056328941,0.12573909893862306,-0.039420906694271035
2018-11-19 17:00:00,94.63473207970246,0.6614903333283068,0.0,0.0497866125019654,0.6117037208263413,17,Peak,Fall,True,True,True,False,0.47,0.2875007487883804,0.12573909816985904,-0.16176165061852135
2018-11-19 18:00:00,93.83284319938528,0.718751796724113,0.0,0.1070480757763272,0.6117037209477858,18,Peak,Fall,True,True,True,False,0.47,0.2875007488454593,0.12573909819482262,-0.16176165065063666
2018-11-19 19:00:00,92.69167554212326,0.7638613720729045,0.0,0.1521576509309945,0.61170372114191,19,Peak,Fall,True,True,True,False,0.47,0.2875007489366977,0.12573909823472593,-0.16176165070197177
2018-11-19 20:00:00,90.86757020524097,0.8544966220410399,0.0,0.2427928996536903,0.6117037223873496,20,Peak,Fall,True,True,True,False,0.47,0.2875007495220543,0.12573909849073298,-0.1617616510313213
2018-11-19 21:00:00,88.15198955354637,0.9723850060371766,0.0,0.3606812806715392,0.6117037253656373,21,Peak,Fall,True,True,True,False,0.47,0.2875007509218495,0.12573909910293654,-0.16176165181891297
2018-11-19 22:00:00,85.23120712721027,0.999041582580193,0.0,0.3873378591737235,0.6117037234064695,22,Off-Peak,Fall,True,True,True,False,0.27,0.16516000531974678,0.12573909870021874,-0.039420906619528046
2018-11-19 23:00:00,82.63248627611367,0.9560111891511048,0.0,0.3443074676142821,0.6117037215368227,23,Off-Peak,Fall,True,True,True,False,0.27,0.16516000481494214,0.12573909831590244,-0.039420906499039704
2018-11-20 00:00:00,81.06387033022997,0.8693047284941163,0.0,0.2078143951644618,0.6614903333296545,0,Off-Peak,Fall,True,True,True,False,0.27,0.1786023899990067,0.13597301296220674,-0.042629377036799976
2018-11-20 01:00:00,79.88128174654906,0.8181238921950962,0.0,0.1566335588572436,0.6614903333378526,1,Off-Peak,Fall,True,True,True,False,0.27,0.17860239000122022,0.13597301296389191,-0.0426293770373283
2018-11-20 02:00:00,79.44160805156163,0.7197387034488947,0.0,0.0582483701192737,0.6614903333296209,2,Off-Peak,Fall,True,True,True,False,0.27,0.17860238999899766,0.13597301296219985,-0.04262937703679781
2018-11-20 03:00:00,79.43847658020798,0.6619052914480358,0.0,0.0,0.6619052914480358,3,Off-Peak,Fall,True,True,True,True,0.27,0.17871442869096968,0.13605830990876291,-0.042656118782206764
2018-11-20 04:00:00,79.2811782737769,0.6823312755871351,0.0,0.0208409422587737,0.6614903333283614,4,Off-Peak,Fall,True,True,True,False,0.27,0.17860238999865757,0.13597301296194095,-0.042629377036716626
2018-11-20 05:00:00,78.37792127408267,0.7810759253025108,0.0,0.1195855919208951,0.6614903333816157,5,Off-Peak,Fall,True,True,True,False,0.27,0.17860239001303624,0.13597301297288766,-0.042629377040148575
2018-11-20 06:00:00,76.87470519129822,0.8603279301470462,0.0,0.1988375965974865,0.6614903335495597,6,Off-Peak,Fall,True,True,True,False,0.27,0.17860239005838113,0.1359730130074095,-0.04262937705097164
2018-11-20 17:00:00,95.00000003406926,0.6431306960555608,0.0,0.0,0.6431306960555608,17,Peak,Fall,True,True,True,True,0.47,0.3022714271461136,0.13219908752253193,-0.17007233962358168
2018-11-20 18:00:00,95.00000003406926,0.653828169241253,0.0,0.0,0.653828169241253,18,Peak,Fall,True,True,True,True,0.47,0.3072992395433889,0.13439801256625755,-0.17290122697713134
2018-11-20 19:00:00,94.53256140297484,0.7244196558198324,0.0,0.0629293224648756,0.6614903333549567,19,Peak,Fall,True,True,True,False,0.47,0.31090045667682964,0.13597301296740774,-0.1749274437094219
2018-11-20 20:00:00,93.2767691750158,0.8289991580636901,0.0,0.167508823982331,0.6614903340813589,20,Peak,Fall,True,True,True,False,0.47,0.3109004570182387,0.13597301311672377,-0.17492744390151493
2018-11-20 21:00:00,90.82177539067855,0.9881220612631124,0.0,0.3266317219574056,0.6614903393057068,21,Peak,Fall,True,True,True,False,0.47,0.31090045947368217,0.1359730141906175,-0.17492744528306467
2018-11-20 22:00:00,88.30396277966243,0.9959551876388204,0.0,0.3344648521601735,0.6614903354786469,22,Off-Peak,Fall,True,True,True,False,0.27,0.17860239057923466,0.13597301340394408,-0.042629377175290584
2018-11-20 23:00:00,86.06973581780463,0.9579945730442984,0.0,0.296504239094544,0.6614903339497544,23,Off-Peak,Fall,True,True,True,False,0.27,0.1786023901664337,0.13597301308967175,-0.042629377076761954
2018-11-21 00:00:00,84.52946231035506,0.8658349666127519,0.0,0.2043446332534948,0.6614903333592571,0,Off-Peak,Fall,True,True,True,False,0.27,0.17860239000699943,0.13597301296829173,-0.0426293770387077
2018-11-21 01:00:00,84.08657818197915,0.7202705792904012,0.0,0.0587802459571604,0.6614903333332408,1,Off-Peak,Fall,True,True,True,False,0.27,0.17860238999997502,0.13597301296294395,-0.04262937703703107
2018-11-21 02:00:00,84.46569026358107,0.6068603860329717,0.0,0.0,0.6068603860329717,2,Off-Peak,Fall,True,True,True,True,0.27,0.16385230422890235,0.12474352379566639,-0.03910878043323596
2018-11-21 03:00:00,85.19455428999663,0.5564076148555487,0.0,0.0,0.5564076148555487,3,Off-Peak,Fall,True,True,True,True,0.27,0.15023005601099815,0.11437267638697389,-0.03585737962402426
2018-11-21 04:00:00,86.17868980958866,0.5195204879623092,0.0,0.0,0.5195204879623092,4,Off-Peak,Fall,True,True,True,True,0.27,0.14027053174982348,0.10679032252558578,-0.03348020922423771
2018-11-21 05:00:00,86.9050651957187,0.556682454275703,0.0,0.0,0.556682454275703,5,Off-Peak,Fall,True,True,True,True,0.27,0.1503042626544398,0.11442917115667227,-0.03587509149776753
2018-11-21 06:00:00,87.5196316996684,0.5727931312650225,0.0,0.0,0.5727931312650225,6,Off-Peak,Fall,True,True,True,True,0.27,0.1546541454415561,0.11774081031558796,-0.03691333512596813
2018-11-21 07:00:00,89.15363461603863,0.6064852877412994,0.0,0.0,0.6064852877412994,7,Mid-Peak,Fall,True,True,True,True,0.37,0.22439955646428078,0.12466642025793376,-0.09973313620634702
2018-11-21 17:00:00,94.51413596993956,0.7266833680293461,0.0,0.0651930346712119,0.6614903333581341,17,Peak,Fall,True,True,True,False,0.47,0.310900456678323,0.1359730129680609,-0.1749274437102621
2018-11-21 18:00:00,93.51460582360852,0.7948607533358062,0.0,0.1333704197182147,0.6614903336175915,18,Peak,Fall,True,True,True,False,0.47,0.31090045680026795,0.1359730130213938,-0.17492744377887415
2018-11-21 19:00:00,92.00998177131744,0.8619486288203744,0.0,0.2004582946056193,0.6614903342147551,19,Peak,Fall,True,True,True,False,0.47,0.3109004570809349,0.13597301314414412,-0.17492744393679077
2018-11-21 20:00:00,89.96617929828004,0.9333160799268042,0.0,0.2718257448039248,0.6614903351228794,20,Peak,Fall,True,True,True,False,0.47,0.3109004575077533,0.1359730133308141,-0.1749274441769392
2018-11-21 21:00:00,87.20527856659555,1.027979106765418,0.0,0.3664887696341712,0.6614903371312468,21,Peak,Fall,True,True,True,False,0.47,0.310900458451686,0.13597301374364518,-0.17492744470804084
2018-11-21 22:00:00,83.99311773880493,1.0871462137998136,0.0,0.4256558766196454,0.6614903371801681,22,Off-Peak,Fall,True,True,True,False,0.27,0.17860239103864542,0.13597301375370122,-0.0426293772849442
2018-11-21 23:00:00,81.0275693249487,1.0540467479794358,0.0,0.3925564134228264,0.6614903345566094,23,Off-Peak,Fall,True,True,True,False,0.27,0.17860239033028455,0.13597301321441416,-0.04262937711587039
2018-11-22 00:00:00,79.15093516347248,0.9098718879704872,0.0,0.248381554633928,0.6614903333365592,0,Off-Peak,Fall,True,True,True,False,0.27,0.178602390000871,0.13597301296362604,-0.04262937703724495
2018-11-22 01:00:00,78.14216142114185,0.7950180685880956,0.0,0.1335277352586416,0.661490333329454,1,Off-Peak,Fall,True,True,True,False,0.27,0.1786023899989526,0.13597301296216552,-0.04262937703678707
2018-11-22 02:00:00,78.05899306880643,0.6725042224778278,0.0,0.0110138891494222,0.6614903333284056,2,Off-Peak,Fall,True,True,True,False,0.27,0.1786023899986695,0.13597301296195002,-0.042629377036719485
2018-11-22 03:00:00,78.38384974487067,0.614794088845335,0.0,0.0,0.614794088845335,3,Off-Peak,Fall,True,True,True,True,0.27,0.16599440398824047,0.12637434048487442,-0.039620063503366054
2018-11-22 04:00:00,79.00604591766694,0.5720176190923854,0.0,0.0,0.5720176190923854,4,Off-Peak,Fall,True,True,True,True,0.27,0.15444475715494405,0.11758139948010143,-0.03686335767484261
2018-11-22 05:00:00,79.45369345469021,0.5971130628010588,0.0,0.0,0.5971130628010588,5,Off-Peak,Fall,True,True,True,True,0.27,0.1612205269562859,0.12273990735355098,-0.03848061960273491
2018-11-22 06:00:00,79.76548860420237,0.6166482739505443,0.0,0.0,0.6166482739505443,6,Off-Peak,Fall,True,True,True,True,0.27,0.16649503396664697,0.12675547853427857,-0.0397395554323684
2018-11-22 07:00:00,80.42976361050927,0.6516482766227463,0.0,0.0,0.6516482766227463,7,Mid-Peak,Fall,True,True,True,True,0.37,0.24110986235041612,0.13394992352800894,-0.10715993882240718
2018-11-22 17:00:00,95.00000063424724,0.6487273027158673,0.0,0.0,0.6487273027158673,17,Peak,Fall,True,True,True,True,0.47,0.3049018322764576,0.13334950111381716,-0.17155233116264046
2018-11-22 18:00:00,95.00000063424724,0.65029997787035,0.0,0.0,0.65029997787035,18,Peak,Fall,True,True,True,True,0.47,0.3056409895990645,0.13367277322890528,-0.17196821637015922
2018-11-22 19:00:00,94.4174703709308,0.7397382461352039,0.0,0.0782479127455397,0.6614903333896642,19,Peak,Fall,True,True,True,False,0.47,0.31090045669314215,0.1359730129745421,-0.17492744371860006
2018-11-22 20:00:00,92.9341339697786,0.8592564544945027,0.0,0.1977661198228036,0.6614903346716992,20,Peak,Fall,True,True,True,False,0.47,0.3109004572956986,0.13597301323807148,-0.1749274440576271
2018-11-22 21:00:00,90.76920967484917,0.949547624947362,0.0,0.2880572887190319,0.66149033622833,21,Peak,Fall,True,True,True,False,0.47,0.3109004580273151,0.13597301355804559,-0.1749274444692695
2018-11-22 22:00:00,88.20824569757555,1.0016425511054967,0.0,0.3401522149749161,0.6614903361305806,22,Off-Peak,Fall,True,True,True,False,0.27,0.17860239075525677,0.13597301353795269,-0.04262937721730409
2018-11-22 23:00:00,85.70970510090538,0.9929498702665438,0.0,0.331459535764294,0.6614903345022498,23,Off-Peak,Fall,True,True,True,False,0.27,0.17860239031560746,0.13597301320324023,-0.04262937711236722
2018-11-23 00:00:00,83.66943151027114,0.9319808079313974,0.0,0.2704904743848075,0.6614903335465898,0,Off-Peak,Fall,True,True,True,False,0.27,0.17860239005757927,0.135973013006799,-0.042629377050780265
2018-11-23 01:00:00,82.5599657783198,0.8085855629149507,0.0,0.1470952295863609,0.6614903333285898,1,Off-Peak,Fall,True,True,True,False,0.27,0.17860238999871925,0.13597301296198788,-0.042629377036731364
2018-11-23 02:00:00,82.79833266101726,0.627170281444075,0.0,0.0,0.627170281444075,2,Off-Peak,Fall,True,True,True,True,0.27,0.16933597598990027,0.12891833563017097,-0.04041764035972931
2018-11-23 03:00:00,83.63056713364803,0.5415854812226408,0.0,0.0,0.5415854812226408,3,Off-Peak,Fall,True,True,True,True,0.27,0.14622807993011303,0.11132590447354283,-0.03490217545657019
2018-11-23 04:00:00,84.65818860256165,0.5133542652703424,0.0,0.0,0.5133542652703424,4,Off-Peak,Fall,True,True,True,True,0.27,0.13860565162299246,0.10552282119445927,-0.03308283042853319
2018-11-23 05:00:00,85.46645889051227,0.544946636889123,0.0,0.0,0.544946636889123,5,Off-Peak,Fall,True,True,True,True,0.27,0.14713559196006323,0.11201680869387529,-0.03511878326618795
2018-11-23 06:00:00,86.22103078581969,0.5526544775764606,0.0,0.0,0.5526544775764606,6,Off-Peak,Fall,True,True,True,True,0.27,0.14921670894564437,0.11360119816849468,-0.035615510777149695
2018-11-23 07:00:00,86.91751402983697,0.5901685795760754,0.0,0.0,0.5901685795760754,7,Mid-Peak,Fall,True,True,True,True,0.37,0.21836237444314788,0.12131243024619326,-0.09704994419695462
2018-11-23 08:00:00,90.63995538298006,0.6545099749817809,0.0,0.0,0.6545099749817809,8,Mid-Peak,Fall,True,True,True,True,0.37,0.24216869074325892,0.13453816152403272,-0.1076305292192262
2018-11-23 17:00:00,93.63091581223806,0.8444635770004945,0.0,0.1829732420990931,0.6614903349014013,17,Peak,Fall,True,True,True,False,0.47,0.31090045740365857,0.13597301328528805,-0.17492744411837052
2018-11-23 18:00:00,92.21709552172916,0.8498795147731054,0.0,0.1883891809327632,0.6614903338403422,18,Peak,Fall,True,True,True,False,0.47,0.3109004569049608,0.13597301306718143,-0.1749274438377794
2018-11-23 19:00:00,90.24027046822724,0.924447899978528,0.0,0.262957564931792,0.661490335046736,19,Peak,Fall,True,True,True,False,0.47,0.31090045747196593,0.1359730133151624,-0.17492744415680353
2018-11-23 20:00:00,87.88909299329131,0.9737525542171191,0.0,0.312262219025307,0.6614903351918122,20,Peak,Fall,True,True,True,False,0.47,0.3109004575401517,0.13597301334498363,-0.1749274441951681
2018-11-23 21:00:00,85.13440032400355,1.0267759460701171,0.0,0.365285610412711,0.6614903356574061,21,Peak,Fall,True,True,True,False,0.47,0.31090045775898084,0.13597301344068902,-0.17492744431829182
2018-11-23 22:00:00,82.17824346362868,1.052960483436738,0.0,0.3914701481379987,0.6614903352987394,22,Off-Peak,Fall,True,True,True,False,0.27,0.17860239053065963,0.13597301336696307,-0.04262937716369655
2018-11-23 23:00:00,79.38152164955045,1.0314752529109523,0.0,0.3699849186161368,0.6614903342948155,23,Off-Peak,Fall,True,True,True,False,0.27,0.1786023902596002,0.13597301316060095,-0.04262937709899925
2018-11-24 00:00:00,77.40541760346858,0.9228335237441212,0.0,0.2613431903710217,0.6614903333730995,0,Off-Peak,Fall,True,True,True,False,0.27,0.17860239001073688,0.13597301297113712,-0.042629377039599764
2018-11-24 01:00:00,76.6686394829637,0.7589688839443883,0.0,0.0974785506061488,0.6614903333382395,1,Off-Peak,Fall,True,True,True,False,0.27,0.17860239000132466,0.13597301296397143,-0.04262937703735323
2018-11-24 02:00:00,77.1303079447905,0.5951588587092468,0.0,0.0,0.5951588587092468,2,Off-Peak,Fall,True,True,True,True,0.27,0.16069289185149666,0.12233820984578961,-0.03835468200570705
2018-11-24 03:00:00,78.11181681976419,0.5203768423553672,0.0,0.0,0.5203768423553672,3,Off-Peak,Fall,True,True,True,True,0.27,0.14050174743594915,0.10696635092860325,-0.033535396507345896
2018-11-24 04:00:00,79.2950420476699,0.4912803356747853,0.0,0.0,0.4912803356747853,4,Off-Peak,Fall,True,True,True,True,0.27,0.13264569063219203,0.1009854023331503,-0.03166028829904173
2018-11-24 05:00:00,80.29258373846586,0.5179509127959105,0.0,0.0,0.5179509127959105,5,Off-Peak,Fall,True,True,True,True,0.27,0.13984674645489586,0.1064676876302705,-0.03337905882462537
2018-11-24 06:00:00,81.17881565924007,0.5339314227281249,0.0,0.0,0.5339314227281249,6,Off-Peak,Fall,True,True,True,True,0.27,0.14416148413659371,0.10975257022744789,-0.03440891390914583
2018-11-24 07:00:00,82.71938279343705,0.5722405364062652,0.0,0.0,0.5722405364062652,7,Mid-Peak,Fall,True,True,True,True,0.37,0.2117289984703181,0.11762722137239894,-0.09410177709791916
2018-11-24 08:00:00,90.73830081580203,0.6315662451259144,0.0,0.0,0.6315662451259144,8,Mid-Peak,Fall,True,True,True,True,0.37,0.23367951069658832,0.1298219503869935,-0.10385756030959481
2018-11-24 17:00:00,94.7117913493524,0.7004759647033548,0.0,0.0389856313710875,0.6614903333322673,17,Peak,Fall,True,True,True,False,0.47,0.3109004566661656,0.13597301296274383,-0.17492744370342178
2018-11-24 18:00:00,94.03303208179932,0.7521105807857797,0.0,0.0906202473851736,0.6614903334006061,18,Peak,Fall,True,True,True,False,0.47,0.31090045669828487,0.13597301297679126,-0.1749274437214936
2018-11-24 19:00:00,93.31097739894582,0.7578237309514506,0.0,0.0963333975757615,0.6614903333756891,19,Peak,Fall,True,True,True,False,0.47,0.31090045668657385,0.13597301297166942,-0.17492744371490443
2018-11-24 20:00:00,91.554500541105,0.8953678409026612,0.0,0.2338775056249658,0.6614903352776954,20,Peak,Fall,True,True,True,False,0.47,0.3109004575805168,0.1359730133626374,-0.17492744421787942
2018-11-24 21:00:00,89.23240433000615,0.9701149602786324,0.0,0.3086246243758809,0.6614903359027515,21,Peak,Fall,True,True,True,False,0.47,0.3109004578742932,0.13597301349112115,-0.17492744438317206
2018-11-24 22:00:00,86.69243258881896,0.998574542027688,0.0,0.3370842068467582,0.6614903351809298,22,Off-Peak,Fall,True,True,True,False,0.27,0.17860239049885107,0.13597301334274667,-0.0426293771561044
2018-11-24 23:00:00,84.24419163814176,0.9860543685285174,0.0,0.3245640343486248,0.6614903341798926,23,Off-Peak,Fall,True,True,True,False,0.27,0.178602390228571,0.1359730131369779,-0.04262937709159309
2018-11-25 00:00:00,82.54869894055767,0.8861956356199037,0.0,0.2247053022596047,0.6614903333602989,0,Off-Peak,Fall,True,True,True,False,0.27,0.17860239000728073,0.1359730129685059,-0.04262937703877484
2018-11-25 01:00:00,81.72664781220355,0.7704534195946471,0.0,0.1089630862646523,0.6614903333299947,1,Off-Peak,Fall,True,True,True,False,0.27,0.17860238999909858,0.13597301296227668,-0.0426293770368219
2018-11-25 02:00:00,81.8252772327932,0.6472971868170017,0.0,0.0,0.6472971868170017,2,Off-Peak,Fall,True,True,True,True,0.27,0.17477024044059045,0.133055532845717,-0.041714707594873446
2018-11-25 03:00:00,82.35194892092008,0.58566673152246,0.0,0.0,0.58566673152246,3,Off-Peak,Fall,True,True,True,True,0.27,0.1581300175110642,0.12038705036850565,-0.03774296714255855
2018-11-25 04:00:00,82.86828363994412,0.5871397936018778,0.0,0.0,0.5871397936018778,4,Off-Peak,Fall,True,True,True,True,0.27,0.15852774427250702,0.12068984646260822,-0.037837897809898796
2018-11-25 05:00:00,82.96337401528235,0.6478002221725986,0.0,0.0,0.6478002221725986,5,Off-Peak,Fall,True,True,True,True,0.27,0.17490605998660164,0.1331589345577008,-0.04174712542890083
2018-11-25 06:00:00,82.69062580361793,0.6976679382502782,0.0,0.0361776049210029,0.6614903333292752,6,Off-Peak,Fall,True,True,True,False,0.27,0.17860238999890432,0.1359730129621288,-0.04262937703677552
2018-11-25 17:00:00,94.66701706355616,0.7063313083390795,0.0,0.0448409750034358,0.6614903333356437,17,Peak,Fall,True,True,True,False,0.47,0.3109004566677525,0.13597301296343786,-0.17492744370431465
2018-11-25 18:00:00,94.31467370757215,0.7085513491929247,0.0,0.0470610158611411,0.6614903333317835,18,Peak,Fall,True,True,True,False,0.47,0.31090045666593824,0.13597301296264439,-0.17492744370329386
2018-11-25 19:00:00,93.4199801485686,0.7808537698225627,0.0,0.1193634363019063,0.6614903335206563,19,Peak,Fall,True,True,True,False,0.47,0.31090045675470845,0.13597301300146825,-0.1749274437532402
2018-11-25 20:00:00,91.95971910939946,0.8560112760335467,0.0,0.1945209418788613,0.6614903341546853,20,Peak,Fall,True,True,True,False,0.47,0.3109004570527021,0.1359730131317964,-0.17492744392090567
2018-11-25 21:00:00,89.43866334333337,0.9965540386539762,0.0,0.3350637006262692,0.661490338027707,21,Peak,Fall,True,True,True,False,0.47,0.31090045887302226,0.13597301392791755,-0.1749274449451047
2018-11-25 22:00:00,86.96010519395408,0.9904695097290434,0.0,0.3289791749734085,0.6614903347556349,22,Off-Peak,Fall,True,True,True,False,0.27,0.17860239038402143,0.13597301325532493,-0.042629377128696494
2018-11-25 23:00:00,84.81923223815886,0.9454170608096298,0.0,0.2839267270919361,0.6614903337176937,23,Off-Peak,Fall,True,True,True,False,0.27,0.17860239010377732,0.13597301304197038,-0.042629377061806945
2018-11-26 00:00:00,83.23242893148056,0.8718563593774873,0.0,0.2103660260052257,0.6614903333722616,0,Off-Peak,Fall,True,True,True,False,0.27,0.17860239001051065,0.13597301297096487,-0.04262937703954578
2018-11-26 01:00:00,82.34719552160111,0.7788500600311415,0.0,0.1173597267027272,0.6614903333284143,1,Off-Peak,Fall,True,True,True,False,0.27,0.1786023899986719,0.13597301296195183,-0.04262937703672007
2018-11-26 02:00:00,82.11541381895073,0.6922268160022774,0.0,0.0307364826734986,0.6614903333287788,2,Off-Peak,Fall,True,True,True,False,0.27,0.1786023899987703,0.13597301296202674,-0.04262937703674355
2018-11-26 03:00:00,82.33432779325354,0.6299801896736341,0.0,0.0,0.6299801896736341,3,Off-Peak,Fall,True,True,True,True,0.27,0.17009465121188122,0.1294959278773581,-0.04059872333452311
2018-11-26 04:00:00,82.50465245290785,0.6369730260457231,0.0,0.0,0.6369730260457231,4,Off-Peak,Fall,True,True,True,True,0.27,0.17198271703234527,0.13093334424273198,-0.04104937278961329
2018-11-26 05:00:00,82.09574507386465,0.7157097436182874,0.0,0.0542194102850546,0.6614903333332328,5,Off-Peak,Fall,True,True,True,False,0.27,0.17860238999997288,0.13597301296294229,-0.0426293770370306
2018-11-26 06:00:00,81.25450133302247,0.7729724307323851,0.0,0.1114820973750974,0.6614903333572877,6,Off-Peak,Fall,True,True,True,False,0.27,0.1786023900064677,0.1359730129678869,-0.042629377038580774
2018-11-26 07:00:00,79.77192648459187,0.8577806364565624,0.0,0.1962903029007434,0.661490333555819,7,Mid-Peak,Fall,True,True,True,False,0.37,0.24475142341565304,0.13597301300869613,-0.1087784104069569
2018-11-26 17:00:00,95.0000000694652,0.646477849987584,0.0,0.0,0.646477849987584,17,Peak,Fall,True,True,True,True,0.47,0.30384458949416443,0.13288711360855893,-0.1709574758856055
2018-11-26 18:00:00,95.0000000694652,0.6460475900860637,0.0,0.0,0.6460475900860637,18,Peak,Fall,True,True,True,True,0.47,0.3036423673404499,0.13279867129546866,-0.17084369604498126
2018-11-26 19:00:00,94.54769365570635,0.7223046358804075,0.0,0.0608143025290835,0.6614903333513239,19,Peak,Fall,True,True,True,False,0.47,0.3109004566751222,0.135973012966661,-0.17492744370846122
2018-11-26 20:00:00,93.11292036728214,0.8527931724176072,0.0,0.1913028377743385,0.6614903346432687,20,Peak,Fall,True,True,True,False,0.47,0.3109004572823363,0.13597301323222744,-0.17492744405010885
2018-11-26 21:00:00,90.90525558372823,0.9552194644072796,0.0,0.2937291276970084,0.6614903367102711,21,Peak,Fall,True,True,True,False,0.47,0.3109004582538274,0.13597301365711129,-0.1749274445967161
2018-11-26 22:00:00,88.41480670937298,0.9922865063185314,0.0,0.3307961705734162,0.6614903357451152,22,Off-Peak,Fall,True,True,True,False,0.27,0.1786023906511811,0.1359730134587181,-0.042629377192463014
2018-11-26 23:00:00,85.74754804652251,1.0152630872688897,0.0,0.3537727520635978,0.6614903352052919,23,Off-Peak,Fall,True,True,True,False,0.27,0.1786023905054288,0.13597301334775444,-0.04262937715767437
2018-11-27 00:00:00,84.18459385296765,0.8687737147323493,0.0,0.2072833814011399,0.6614903333312093,0,Off-Peak,Fall,True,True,True,False,0.27,0.17860238999942654,0.13597301296252637,-0.04262937703690017
2018-11-27 01:00:00,83.65798049685179,0.731354982501977,0.0,0.0698646491691479,0.661490333332829,1,Off-Peak,Fall,True,True,True,False,0.27,0.17860238999986386,0.1359730129628593,-0.04262937703700456
2018-11-27 02:00:00,83.93005853377772,0.6223022001431976,0.0,0.0,0.6223022001431976,2,Off-Peak,Fall,True,True,True,True,0.27,0.16802159403866337,0.1279176744738795,-0.040103919564783874
2018-11-27 03:00:00,84.60209843438403,0.5646456909110011,0.0,0.0,0.5646456909110011,3,Off-Peak,Fall,True,True,True,True,0.27,0.15245433654597032,0.11606605868726133,-0.03638827785870899
2018-11-27 04:00:00,85.30694500097881,0.5598845713725648,0.0,0.0,0.5598845713725648,4,Off-Peak,Fall,True,True,True,True,0.27,0.1511688342705925,0.11508738411547165,-0.03608145015512085
2018-11-27 05:00:00,85.54809633473344,0.6267325764350848,0.0,0.0,0.6267325764350848,5,Off-Peak,Fall,True,True,True,True,0.27,0.1692177956374729,0.12882836293387856,-0.04038943270359435
2018-11-27 06:00:00,85.425262351885,0.6778025561132281,0.0,0.0163122227848204,0.6614903333284077,6,Off-Peak,Fall,True,True,True,False,0.27,0.1786023899986701,0.13597301296195047,-0.04262937703671962
2018-11-27 17:00:00,93.86234709098449,0.8136080652773763,0.0,0.1521177311625927,0.6614903341147835,17,Peak,Fall,True,True,True,False,0.47,0.31090045703394825,0.1359730131235944,-0.17492744391035386
2018-11-27 18:00:00,92.4931443648907,0.8439571581962209,0.0,0.1824668243041673,0.6614903338920535,18,Peak,Fall,True,True,True,False,0.47,0.3109004569292651,0.13597301307781098,-0.17492744385145412
2018-11-27 19:00:00,90.83462366277335,0.8822055775011,0.0,0.2207152433399055,0.6614903341611944,19,Peak,Fall,True,True,True,False,0.47,0.31090045705576136,0.1359730131331344,-0.17492744392262696
2018-11-27 20:00:00,88.39912285955823,0.98498703860487,0.0,0.3234967022790497,0.6614903363258202,20,Peak,Fall,True,True,True,False,0.47,0.3109004580731355,0.13597301357808525,-0.17492744449505024
2018-11-27 21:00:00,85.2971024156201,1.0727363577683138,0.0,0.4112460200336023,0.6614903377347114,21,Peak,Fall,True,True,True,False,0.47,0.31090045873531436,0.13597301386769067,-0.17492744486762368
2018-11-27 22:00:00,82.11881870272524,1.0822642688381854,0.0,0.4207739331366237,0.6614903357015617,22,Off-Peak,Fall,True,True,True,False,0.27,0.17860239063942165,0.13597301344976545,-0.042629377189656203
2018-11-27 23:00:00,79.36576896643919,1.025660409485984,0.0,0.3641700754982782,0.6614903339877058,23,Off-Peak,Fall,True,True,True,False,0.27,0.1786023901766806,0.13597301309747287,-0.04262937707920772
2018-11-28 00:00:00,77.44990965614356,0.914848149587917,0.0,0.2533578162241548,0.6614903333637623,0,Off-Peak,Fall,True,True,True,False,0.27,0.17860239000821582,0.1359730129692178,-0.04262937703899802
2018-11-28 01:00:00,77.01405968314535,0.7191650351097385,0.0,0.0576747017715388,0.6614903333381997,1,Off-Peak,Fall,True,True,True,False,0.27,0.17860239000131395,0.13597301296396327,-0.042629377037350674
2018-11-28 02:00:00,77.5316003803509,0.587126613602274,0.0,0.0,0.587126613602274,2,Off-Peak,Fall,True,True,True,True,0.27,0.158524185672614,0.12068713724046742,-0.03783704843214658
2018-11-28 03:00:00,78.36795527315702,0.5412581881232115,0.0,0.0,0.5412581881232115,3,Off-Peak,Fall,True,True,True,True,0.27,0.1461397107932671,0.11125862755866013,-0.034881083234606966
2018-11-28 04:00:00,79.48466430134431,0.5008623871834155,0.0,0.0,0.5008623871834155,4,Off-Peak,Fall,True,True,True,True,0.27,0.1352328445395222,0.10295504625436873,-0.03227779828515347
2018-11-28 05:00:00,80.45391125809168,0.522032592439524,0.0,0.0,0.522032592439524,5,Off-Peak,Fall,True,True,True,True,0.27,0.1409487999586715,0.10730669955701327,-0.033642100401658215
2018-11-28 06:00:00,81.3286482732625,0.5355944959146401,0.0,0.0,0.5355944959146401,6,Off-Peak,Fall,True,True,True,True,0.27,0.14461051389695284,0.11009442416023157,-0.03451608973672127
2018-11-28 07:00:00,83.3375851488651,0.5673579232406553,0.0,0.0,0.5673579232406553,7,Mid-Peak,Fall,True,True,True,True,0.37,0.20992243159904245,0.11662357311057914,-0.09329885848846331
2018-11-28 08:00:00,93.11625378952456,0.6241190511943585,0.0,0.0,0.6241190511943585,8,Mid-Peak,Fall,True,True,True,True,0.37,0.23092404894191265,0.1282911383010626,-0.10263291064085006
2018-11-28 17:00:00,95.00000003599033,0.6315103433442545,0.0,0.0,0.6315103433442545,17,Peak,Fall,True,True,True,True,0.47,0.2968098613717996,0.12981045946520786,-0.16699940190659174
2018-11-28 18:00:00,95.00000003599033,0.6559893041604227,0.0,0.0,0.6559893041604227,18,Peak,Fall,True,True,True,True,0.47,0.3083149729553986,0.134842245855198,-0.17347272710020062
2018-11-28 19:00:00,94.59069628466564,0.716631611843077,0.0,0.0551412784990074,0.6614903333440696,19,Peak,Fall,True,True,True,False,0.47,0.3109004566717127,0.13597301296516984,-0.17492744370654284
2018-11-28 20:00:00,93.41452564927644,0.8183673346797319,0.0,0.1568770007384746,0.6614903339412572,20,Peak,Fall,True,True,True,False,0.47,0.3109004569523909,0.1359730130879251,-0.1749274438644658
2018-11-28 21:00:00,91.60638040988556,0.9022213132473648,0.0,0.2407309781824465,0.6614903350649182,21,Peak,Fall,True,True,True,False,0.47,0.31090045748051154,0.13597301331889985,-0.17492744416161168
2018-11-28 22:00:00,89.45744173568588,0.947131913414162,0.0,0.2856415783488293,0.6614903350653327,22,Off-Peak,Fall,True,True,True,False,0.27,0.17860239046763984,0.13597301331898506,-0.04262937714865478
2018-11-28 23:00:00,87.60872706377951,0.907012336431383,0.0,0.2455220027529376,0.6614903336784453,23,Off-Peak,Fall,True,True,True,False,0.27,0.17860239009318024,0.13597301303390263,-0.04262937705927761
2018-11-29 00:00:00,86.5059338262487,0.8079273616633159,0.0,0.1464370283315401,0.6614903333317758,0,Off-Peak,Fall,True,True,True,False,0.27,0.17860238999957948,0.1359730129626428,-0.04262937703693667
2018-11-29 01:00:00,86.10191944618991,0.7151483466822042,0.0,0.0536580133532373,0.6614903333289669,1,Off-Peak,Fall,True,True,True,False,0.27,0.17860238999882108,0.13597301296206543,-0.04262937703675565
2018-11-29 02:00:00,86.78701694346591,0.5626699100131036,0.0,0.0,0.5626699100131036,2,Off-Peak,Fall,True,True,True,True,0.27,0.151920875703538,0.11565992594713796,-0.03626094975640003
2018-11-29 03:00:00,88.02100321139373,0.4833314417057661,0.0,0.0,0.4833314417057661,3,Off-Peak,Fall,True,True,True,True,0.27,0.13049948926055685,0.09935146301729636,-0.03114802624326049
2018-11-29 04:00:00,89.37711746666834,0.4655364457726661,0.0,0.0,0.4655364457726661,4,Off-Peak,Fall,True,True,True,True,0.27,0.12569484035861986,0.09569360274215914,-0.030001237616460716
2018-11-29 05:00:00,90.613411088435,0.4827224706767257,0.0,0.0,0.4827224706767257,5,Off-Peak,Fall,True,True,True,True,0.27,0.13033506708271594,0.09922628563910471,-0.031108781443611233
2018-11-29 06:00:00,91.68197705888518,0.5068734967723311,0.0,0.0,0.5068734967723311,6,Off-Peak,Fall,True,True,True,True,0.27,0.13685584412852939,0.1041906632254236,-0.03266518090310579
2018-11-29 07:00:00,93.59900477583857,0.5272322339147618,0.0,0.0,0.5272322339147618,7,Mid-Peak,Fall,True,True,True,True,0.37,0.19507592654846187,0.10837551474914547,-0.0867004117993164
2018-11-29 17:00:00,94.71456319099622,0.6998572775239403,0.0,0.0383669441915327,0.6614903333324076,17,Peak,Fall,True,True,True,False,0.47,0.31090045666623156,0.13597301296277267,-0.1749274437034589
2018-11-29 18:00:00,94.3926078682508,0.7044919161950638,0.0,0.0430015828640826,0.6614903333309812,18,Peak,Fall,True,True,True,False,0.47,0.31090045666556115,0.13597301296247946,-0.1749274437030817
2018-11-29 19:00:00,93.32874434854558,0.8033829644970315,0.0,0.1418926307442849,0.6614903337527466,19,Peak,Fall,True,True,True,False,0.47,0.31090045686379086,0.13597301304917567,-0.1749274438146152
2018-11-29 20:00:00,91.47177567921788,0.9086861157834796,0.0,0.2471957804164757,0.6614903353670039,20,Peak,Fall,True,True,True,False,0.47,0.3109004576224918,0.13597301338099524,-0.17492744424149656
2018-11-29 21:00:00,88.5156393459786,1.0540339114385415,0.0,0.3925435708385015,0.6614903406000401,21,Peak,Fall,True,True,True,False,0.47,0.3109004600820188,0.1359730144566749,-0.17492744562534393
2018-11-29 22:00:00,85.2094216669534,1.0997177942801772,0.0,0.4382274563260063,0.6614903379541709,22,Off-Peak,Fall,True,True,True,False,0.27,0.17860239124762614,0.13597301391280178,-0.04262937733482436
2018-11-29 23:00:00,82.33510468282543,1.0420972367688852,0.0,0.380606902460335,0.6614903343085502,23,Off-Peak,Fall,True,True,True,False,0.27,0.17860239026330857,0.13597301316342422,-0.04262937709988435
2018-11-30 00:00:00,80.1442958588758,0.9514474833097696,0.0,0.2899571498377284,0.6614903334720411,0,Off-Peak,Fall,True,True,True,False,0.27,0.17860239003745113,0.13597301299147513,-0.042629377045976
2018-11-30 01:00:00,78.76965110786199,0.8434117070587838,0.0,0.1819213737286569,0.6614903333301267,1,Off-Peak,Fall,True,True,True,False,0.27,0.17860238999913422,0.13597301296230382,-0.042629377036830396
2018-11-30 02:00:00,78.37384841497546,0.7138911004863427,0.0,0.052400767155861,0.6614903333304817,2,Off-Peak,Fall,True,True,True,False,0.27,0.17860238999923006,0.1359730129623768,-0.042629377036853267
2018-11-30 03:00:00,78.4001996120384,0.6577039829283565,0.0,0.0,0.6577039829283565,3,Off-Peak,Fall,True,True,True,True,0.27,0.17758007539065626,0.13519470760193994,-0.04238536778871632
2018-11-30 04:00:00,78.77080024466879,0.6082219939376621,0.0,0.0,0.6082219939376621,4,Off-Peak,Fall,True,True,True,True,0.27,0.16421993836316878,0.12502340986496385,-0.03919652849820493
2018-11-30 05:00:00,78.89420641596138,0.6437540761181194,0.0,0.0,0.6437540761181194,5,Off-Peak,Fall,True,True,True,True,0.27,0.17381360055189224,0.13232722675761344,-0.0414863737942788
2018-11-30 06:00:00,78.8038943262048,0.6734507982436201,0.0,0.0119604649153063,0.6614903333283138,6,Off-Peak,Fall,True,True,True,False,0.27,0.17860238999864472,0.13597301296193115,-0.04262937703671357
2018-11-30 17:00:00,94.96946457936464,0.666003960920433,0.0,0.0045136275921252,0.6614903333283078,17,Peak,Fall,True,True,True,False,0.47,0.3109004566643046,0.13597301296192993,-0.17492744370237467
2018-11-30 18:00:00,94.88065150375336,0.6733597139938339,0.0,0.0118693806654872,0.6614903333283466,18,Peak,Fall,True,True,True,False,0.47,0.31090045666432287,0.13597301296193792,-0.17492744370238494
2018-11-30 19:00:00,94.39146011203816,0.7268204308982364,0.0,0.065330097543019,0.6614903333552175,19,Peak,Fall,True,True,True,False,0.47,0.3109004566769522,0.13597301296746137,-0.17492744370949084
2018-11-30 20:00:00,92.6845883000888,0.8889309262862902,0.0,0.2274405904704812,0.661490335815809,20,Peak,Fall,True,True,True,False,0.47,0.3109004578334302,0.1359730134732496,-0.17492744436018057
2018-11-30 21:00:00,90.2785731302591,0.981405802220886,0.0,0.3199154649756611,0.661490337245225,21,Peak,Fall,True,True,True,False,0.47,0.3109004585052557,0.13597301376707402,-0.1749274447381817
2018-11-30 22:00:00,87.72488044914712,1.0005116296564385,0.0,0.3390212941809904,0.661490335475448,22,Off-Peak,Fall,True,True,True,False,0.27,0.17860239057837096,0.13597301340328652,-0.04262937717508444
2018-11-30 23:00:00,85.13166326922983,1.0053215659856434,0.0,0.3438312312716885,0.6614903347139549,23,Off-Peak,Fall,True,True,True,False,0.27,0.17860239037276784,0.1359730132467574,-0.04262937712601045
2018-12-01 00:00:00,82.77351527561984,0.9206121050414686,0.0,0.3123901105757878,0.6082219944656808,0,Off-Peak,Winter,True,True,True,False,0.27,0.16421993850573383,0.12502340997350106,-0.039196528532232766
2018-12-01 01:00:00,80.92383686546738,0.8531411420640036,0.0,0.2449191480369533,0.6082219940270503,1,Off-Peak,Winter,True,True,True,False,0.27,0.16421993838730362,0.12502340988333813,-0.03919652850396549
2018-12-01 02:00:00,79.64187644607262,0.77793686582602,0.0,0.1697148718809482,0.6082219939450717,2,Off-Peak,Winter,True,True,True,False,0.27,0.16421993836516938,0.12502340986648694,-0.03919652849868244
2018-12-01 03:00:00,78.18871574196895,0.8004769192731849,0.0,0.1922549252269348,0.60822199404625,3,Off-Peak,Winter,True,True,True,False,0.27,0.1642199383924875,0.12502340988728472,-0.03919652850520278
2018-12-01 04:00:00,76.85284018435547,0.7848813068982332,0.0,0.1766593129166494,0.6082219939815837,4,Off-Peak,Winter,True,True,True,False,0.27,0.1642199383750276,0.1250234098739922,-0.039196528501035416
2018-12-01 05:00:00,75.1713089181181,0.830406383546664,0.0,0.2221843893677747,0.6082219941788892,5,Off-Peak,Winter,True,True,True,False,0.27,0.1642199384283001,0.12502340991454944,-0.03919652851375066
2018-12-01 06:00:00,73.19503662268319,0.8691073825871616,0.0,0.2608853882218707,0.6082219943652909,6,Off-Peak,Winter,True,True,True,False,0.27,0.16421993847862856,0.12502340995286534,-0.03919652852576322
2018-12-01 17:00:00,93.5302746492522,0.804871815456328,0.0,0.1966498194662767,0.6082219959900512,17,Peak,Winter,True,True,True,False,0.47,0.2858643381153241,0.12502341028684386,-0.16084092782848022
2018-12-01 18:00:00,91.89221039005922,0.8263533308962996,0.0,0.2181313360288835,0.608221994867416,18,Peak,Winter,True,True,True,False,0.47,0.28586433758768554,0.12502341005607995,-0.1608409275316056
2018-12-01 19:00:00,89.70458362085404,0.8990137483512439,0.0,0.2907917521831187,0.6082219961681252,19,Peak,Winter,True,True,True,False,0.47,0.28586433819901885,0.12502341032344796,-0.1608409278755709
2018-12-01 20:00:00,86.30905851453554,1.0584557120076272,0.0,0.450233708961934,0.6082220030456933,20,Peak,Winter,True,True,True,False,0.47,0.2858643414314758,0.12502341173717027,-0.16084092969430555
2018-12-01 21:00:00,82.00682387432806,1.1773432806998405,0.0,0.5691212743261274,0.6082220063737132,21,Peak,Winter,True,True,True,False,0.47,0.28586434299564517,0.12502341242126325,-0.16084093057438192
2018-12-01 22:00:00,77.53834047716889,1.1982615200758429,0.0,0.590039518055497,0.6082220020203458,22,Off-Peak,Winter,True,True,True,False,0.27,0.16421994054549338,0.12502341152640442,-0.03919652901908896
2018-12-01 23:00:00,72.97635113626949,1.2095127967069546,0.0,0.6012907940508964,0.6082220026560582,23,Off-Peak,Winter,True,True,True,False,0.27,0.16421994071713572,0.12502341165707861,-0.039196529060057106
2018-12-02 00:00:00,69.00137738945647,1.1314464607200123,0.0,0.5232244631226085,0.6082219975974038,0,Off-Peak,Winter,True,True,True,False,0.27,0.16421993935129903,0.12502341061724412,-0.03919652873405491
2018-12-02 01:00:00,66.1410993749085,0.9844657614190264,0.0,0.3762437669802607,0.6082219944387657,1,Off-Peak,Winter,True,True,True,False,0.27,0.16421993849846675,0.12502340996796849,-0.039196528530498265
2018-12-02 02:00:00,64.35231219125363,0.8434577280481406,0.0,0.2352357340768991,0.6082219939712414,2,Off-Peak,Winter,True,True,True,False,0.27,0.1642199383722352,0.1250234098718663,-0.03919652850036889
2018-12-02 03:00:00,63.051613414116446,0.7792059084706551,0.0,0.170983914498579,0.608221993972076,3,Off-Peak,Winter,True,True,True,False,0.27,0.16421993837246052,0.12502340987203783,-0.039196528500422684
2018-12-02 04:00:00,61.7683967971624,0.7767970025907064,0.0,0.1685750085515941,0.6082219940391123,4,Off-Peak,Winter,True,True,True,False,0.27,0.16421993839056032,0.1250234098858175,-0.03919652850474281
2018-12-02 17:00:00,93.31839728420486,0.8336681609909213,0.0,0.2254461636171582,0.608221997373763,17,Peak,Winter,True,True,True,False,0.47,0.28586433876566864,0.1250234105712735,-0.16084092819439513
2018-12-02 18:00:00,91.56721050804008,0.841322654917171,0.0,0.233100659953413,0.608221994963758,18,Peak,Winter,True,True,True,False,0.47,0.2858643376329662,0.12502341007588358,-0.16084092755708262
2018-12-02 19:00:00,89.25277745539178,0.9157337248132156,0.0,0.3075117283403652,0.6082219964728504,19,Peak,Winter,True,True,True,False,0.47,0.2858643383422397,0.1250234103860859,-0.1608409279561538
2018-12-02 20:00:00,86.23188750701316,1.0088068041977871,0.0,0.4005848056719098,0.6082219985258773,20,Peak,Winter,True,True,True,False,0.47,0.2858643393071623,0.125023410808097,-0.1608409284990653
2018-12-02 21:00:00,82.42514157943694,1.11196700647673,0.0,0.503745004917933,0.608222001558797,21,Peak,Winter,True,True,True,False,0.47,0.28586434073263456,0.1250234114315305,-0.16084092930110405
2018-12-02 22:00:00,78.24024016804954,1.1609935151134352,0.0,0.5527715140293248,0.6082220010841104,22,Off-Peak,Winter,True,True,True,False,0.27,0.1642199402927098,0.125023411333956,-0.03919652895875381
2018-12-02 23:00:00,73.92808795310432,1.1768173814201557,0.0,0.5685953805469538,0.6082220008732019,23,Off-Peak,Winter,True,True,True,False,0.27,0.16421994023576453,0.1250234112906026,-0.03919652894516193
2018-12-03 00:00:00,70.03592105081566,1.120744680038078,0.0,0.5125226825042705,0.6082219975338076,0,Off-Peak,Winter,True,True,True,False,0.27,0.16421993933412807,0.12502341060417155,-0.03919652872995652
2018-12-03 01:00:00,66.91905620081523,1.0182654348974751,0.0,0.4100434398131592,0.6082219950843158,1,Off-Peak,Winter,True,True,True,False,0.27,0.1642199386727653,0.12502341010066492,-0.039196528572100375
2018-12-03 02:00:00,64.87142703418445,0.8774994858024432,0.0,0.2692774917847407,0.6082219940177025,2,Off-Peak,Winter,True,True,True,False,0.27,0.1642199383847797,0.1250234098814166,-0.03919652850336308
2018-12-03 03:00:00,63.33413956492073,0.8102890809753539,0.0,0.202067086961602,0.6082219940137519,3,Off-Peak,Winter,True,True,True,False,0.27,0.16421993838371302,0.12502340988060454,-0.03919652850310848
2018-12-03 04:00:00,61.94774141655783,0.7903403799951274,0.0,0.1821183859496166,0.6082219940455107,4,Off-Peak,Winter,True,True,True,False,0.27,0.1642199383922879,0.12502340988713276,-0.03919652850515515
2018-12-03 05:00:00,60.09549193054679,0.8512283991804077,0.0,0.2430064044427206,0.6082219947376871,5,Off-Peak,Winter,True,True,True,False,0.27,0.16421993857917552,0.12502341002941347,-0.03919652854976205
2018-12-03 17:00:00,94.06388868510275,0.7343032459387511,0.0,0.1260812516215265,0.6082219943172246,17,Peak,Winter,True,True,True,False,0.47,0.28586433732909555,0.12502340994298505,-0.1608409273861105
2018-12-03 18:00:00,92.8323114697992,0.7723520623596392,0.0,0.1641300679971724,0.6082219943624667,18,Peak,Winter,True,True,True,False,0.47,0.2858643373503593,0.1250234099522848,-0.1608409273980745
2018-12-03 19:00:00,90.78100885374744,0.8810499807817466,0.0,0.2728279842713106,0.608221996510436,19,Peak,Winter,True,True,True,False,0.47,0.2858643383599049,0.12502341039381185,-0.16084092796609303
2018-12-03 20:00:00,87.43814662870105,1.0516474547765533,0.0,0.4434254503865846,0.6082220043899687,20,Peak,Winter,True,True,True,False,0.47,0.28586434206328526,0.12502341201349354,-0.16084093004979172
2018-12-03 21:00:00,83.0788971496896,1.1850070538595416,0.0,0.5767850450413091,0.6082220088182325,21,Peak,Winter,True,True,True,False,0.47,0.2858643441445693,0.12502341292374777,-0.16084093122082152
2018-12-03 22:00:00,78.30066586012117,1.239117338894674,0.0,0.630895332714798,0.6082220061798759,22,Off-Peak,Winter,True,True,True,False,0.27,0.1642199416685665,0.12502341238141892,-0.03919652928714756
2018-12-03 23:00:00,73.89829804567279,1.188624356251101,0.0,0.5804023569273383,0.6082219993237626,23,Off-Peak,Winter,True,True,True,False,0.27,0.16421993981741592,0.12502341097210676,-0.039196528845309164
2018-12-04 00:00:00,70.15303389622282,1.1014190206201884,0.0,0.4931970242334202,0.6082219963867681,0,Off-Peak,Winter,True,True,True,False,0.27,0.16421993902442739,0.1250234103683912,-0.03919652865603618
2018-12-04 01:00:00,67.38662324143189,0.9722743377254324,0.0,0.3640523433351175,0.6082219943903149,1,Off-Peak,Winter,True,True,True,False,0.27,0.16421993848538502,0.12502340995800915,-0.03919652852737587
2018-12-04 02:00:00,65.75055505171986,0.8234951313242195,0.0,0.2152731373806627,0.6082219939435568,2,Off-Peak,Winter,True,True,True,False,0.27,0.16421993836476034,0.12502340986617558,-0.039196528498584765
2018-12-04 03:00:00,64.72067067466882,0.7437120097475307,0.0,0.1354900158060376,0.608221993941493,3,Off-Peak,Winter,True,True,True,False,0.27,0.16421993836420312,0.12502340986575133,-0.03919652849845179
2018-12-04 04:00:00,64.12984635731227,0.6859461616092961,0.0,0.0777241676716019,0.6082219939376942,4,Off-Peak,Winter,True,True,True,False,0.27,0.16421993836317744,0.12502340986497046,-0.039196528498206984
2018-12-04 05:00:00,63.14352005430045,0.7378832200174348,0.0,0.1296612260141019,0.6082219940033329,5,Off-Peak,Winter,True,True,True,False,0.27,0.16421993838089988,0.12502340987846286,-0.03919652850243702
2018-12-04 06:00:00,61.72692957073341,0.7942645209565313,0.0,0.1860425267492307,0.6082219942073006,6,Off-Peak,Winter,True,True,True,False,0.27,0.16421993843597119,0.12502340992038957,-0.03919652851558161
2018-12-04 17:00:00,91.21647900587588,1.1121075657297577,0.0,0.5038855101893154,0.6082220555404423,17,Peak,Winter,True,True,True,False,0.47,0.28586436610400784,0.12502342252775758,-0.16084094357625026
2018-12-04 18:00:00,87.37523865495527,1.1175609399049846,0.0,0.5093389355710118,0.6082220043339728,18,Peak,Winter,True,True,True,False,0.47,0.2858643420369672,0.12502341200198328,-0.16084093003498393
2018-12-04 19:00:00,82.83416515695882,1.2088960519569871,0.0,0.6006740431874616,0.6082220087695255,19,Peak,Winter,True,True,True,False,0.47,0.28586434412167694,0.12502341291373578,-0.16084093120794116
2018-12-04 20:00:00,77.63283853090033,1.2945916623273157,0.0,0.68636964958881,0.6082220127385057,20,Peak,Winter,True,True,True,False,0.47,0.2858643459870977,0.12502341372958173,-0.16084093225751597
2018-12-04 21:00:00,71.73392410366888,1.384555462307648,0.0,0.7763334360895128,0.6082220262181351,21,Peak,Winter,True,True,True,False,0.47,0.2858643523225235,0.12502341650039445,-0.16084093582212905
2018-12-04 22:00:00,65.65427757360834,1.4061345236126,0.0,0.7979124905160976,0.6082220330965024,22,Off-Peak,Winter,True,True,True,False,0.27,0.16421994893605565,0.12502341791428104,-0.03919653102177462
2018-12-05 17:00:00,92.35353298047885,0.9621844561022158,0.0,0.3539624444478898,0.608222011654326,17,Peak,Winter,True,True,True,False,0.47,0.2858643454775332,0.12502341350672255,-0.16084093197081065
2018-12-05 18:00:00,89.81528113808274,0.945440554928628,0.0,0.3372185582594432,0.6082219966691849,18,Peak,Winter,True,True,True,False,0.47,0.28586433843451686,0.12502341042644355,-0.16084092800807331
2018-12-05 19:00:00,86.6174185857596,1.0321796487611363,0.0,0.4239576489522631,0.6082219998088731,19,Peak,Winter,True,True,True,False,0.47,0.28586433991017035,0.12502341107182394,-0.16084092883834641
2018-12-05 20:00:00,82.54631245877752,1.1467304094783386,0.0,0.5385084052059531,0.6082220042723855,20,Peak,Winter,True,True,True,False,0.47,0.2858643420080212,0.12502341198932368,-0.1608409300186975
2018-12-05 21:00:00,77.46959767018403,1.2780584482397697,0.0,0.6698364342796709,0.6082220139600988,21,Peak,Winter,True,True,True,False,0.47,0.28586434656124643,0.12502341398068698,-0.16084093258055945
2018-12-05 22:00:00,72.13832918908115,1.310085179692598,0.0,0.7018631679160183,0.6082220117765798,22,Off-Peak,Winter,True,True,True,False,0.27,0.16421994317967653,0.1250234135318525,-0.039196529647824024
2018-12-05 23:00:00,67.35108626954873,1.2373656082047233,0.0,0.6291436048619318,0.6082220033427915,23,Off-Peak,Winter,True,True,True,False,0.27,0.16421994090255373,0.12502341179824047,-0.03919652910431326
2018-12-06 00:00:00,63.1818849506498,1.1552352450558805,0.0,0.5470132443342691,0.6082220007216114,0,Off-Peak,Winter,True,True,True,False,0.27,0.16421994019483507,0.12502341125944233,-0.039196528935392744
2018-12-06 01:00:00,60.26617874607811,0.9904425329397968,0.0,0.3822205380697512,0.6082219948700456,1,Off-Peak,Winter,True,True,True,False,0.27,0.16421993861491233,0.1250234100566205,-0.03919652855829184
2018-12-06 17:00:00,94.33919232166504,0.6976983579687701,0.0,0.0894763639259196,0.6082219940428505,17,Peak,Winter,True,True,True,False,0.47,0.2858643372001397,0.12502340988658595,-0.16084092731355376
2018-12-06 18:00:00,93.6140571464304,0.7049216309828226,0.0,0.0966996369933764,0.6082219939894462,18,Peak,Winter,True,True,True,False,0.47,0.28586433717503973,0.1250234098756084,-0.16084092729943134
2018-12-06 19:00:00,92.22445911779002,0.7932439228139936,0.0,0.1850219280946299,0.6082219947193637,19,Peak,Winter,True,True,True,False,0.47,0.2858643375181009,0.12502341002564696,-0.16084092749245396
2018-12-06 20:00:00,89.82625306032416,0.9268288531062108,0.0,0.3186068550457306,0.6082219980604802,20,Peak,Winter,True,True,True,False,0.47,0.2858643390884257,0.12502341071243203,-0.16084092837599365
2018-12-06 21:00:00,86.60142894565189,1.035701173287545,0.0,0.4274791727734647,0.6082220005140802,21,Peak,Winter,True,True,True,False,0.47,0.28586434024161766,0.12502341121678315,-0.16084092902483452
2018-12-06 22:00:00,82.92491340793006,1.0946656566072634,0.0,0.4864436568762137,0.6082219997310496,22,Off-Peak,Winter,True,True,True,False,0.27,0.1642199399273834,0.12502341105582687,-0.03919652887155653
2018-12-06 23:00:00,79.64451168229972,1.0417874606760649,0.0,0.433565465216909,0.6082219954591559,23,Off-Peak,Winter,True,True,True,False,0.27,0.1642199387739721,0.12502341017771537,-0.03919652859625672
2018-12-07 00:00:00,77.0942666669074,0.945089529508153,0.0,0.3368675353034749,0.608221994204678,0,Off-Peak,Winter,True,True,True,False,0.27,0.16421993843526309,0.12502340991985048,-0.03919652851541261
2018-12-07 01:00:00,75.58494022492248,0.8075899838722342,0.0,0.19936798993454,0.6082219939376942,1,Off-Peak,Winter,True,True,True,False,0.27,0.16421993836317744,0.12502340986497046,-0.039196528498206984
2018-12-07 02:00:00,74.7214117142538,0.7222880957520907,0.0,0.1140661018143804,0.6082219939377103,2,Off-Peak,Winter,True,True,True,False,0.27,0.16421993836318177,0.12502340986497376,-0.03919652849820801
2018-12-07 03:00:00,74.07852144735932,0.6931322343563512,0.0,0.0849102404179135,0.6082219939384377,3,Off-Peak,Winter,True,True,True,False,0.27,0.16421993836337817,0.12502340986512328,-0.03919652849825489
2018-12-07 04:00:00,73.30664218217822,0.7101304269174782,0.0,0.1019084329705044,0.6082219939469737,4,Off-Peak,Winter,True,True,True,False,0.27,0.1642199383656829,0.12502340986687793,-0.03919652849880498
2018-12-07 05:00:00,71.81346782720635,0.8051649657546568,0.0,0.1969429715353886,0.6082219942192681,5,Off-Peak,Winter,True,True,True,False,0.27,0.1642199384392024,0.12502340992284955,-0.03919652851635286
2018-12-07 06:00:00,69.6984481614902,0.8868438982551001,0.0,0.2786219034537775,0.6082219948013226,6,Off-Peak,Winter,True,True,True,False,0.27,0.1642199385963571,0.12502341004249407,-0.03919652855386305
2018-12-07 17:00:00,94.18257356106024,0.7180588965211051,0.0,0.1098369023583552,0.6082219941627499,17,Peak,Winter,True,True,True,False,0.47,0.28586433725649246,0.12502340991123193,-0.16084092734526054
2018-12-07 18:00:00,93.42317155651304,0.7094654495554382,0.0,0.1012434555680642,0.608221993987374,18,Peak,Winter,True,True,True,False,0.47,0.28586433717406573,0.12502340987518243,-0.1608409272988833
2018-12-07 19:00:00,92.10654904309976,0.7835072931660451,0.0,0.1752852986488886,0.6082219945171564,19,Peak,Winter,True,True,True,False,0.47,0.2858643374230635,0.12502340998408215,-0.16084092743898135
2018-12-07 20:00:00,89.92405438896301,0.898204826971201,0.0,0.2899828302761628,0.6082219966950382,20,Peak,Winter,True,True,True,False,0.47,0.2858643384466679,0.12502341043175783,-0.1608409280149101
2018-12-07 21:00:00,86.70160986317575,1.035380848711267,0.0,0.4271588474099488,0.6082220013013182,21,Peak,Winter,True,True,True,False,0.47,0.2858643406116195,0.1250234113786043,-0.16084092923301524
2018-12-07 22:00:00,82.93620209538089,1.1063746525881832,0.0,0.4981526519528613,0.6082220006353218,22,Off-Peak,Winter,True,True,True,False,0.27,0.1642199401715369,0.12502341124170505,-0.03919652892983186
2018-12-07 23:00:00,79.6636135632143,1.040733161372407,0.0,0.4325111660640005,0.6082219953084064,23,Off-Peak,Winter,True,True,True,False,0.27,0.16421993873326973,0.12502341014672796,-0.03919652858654177
2018-12-08 00:00:00,76.81660583332675,0.9841657974126172,0.0,0.3759438027482544,0.6082219946643628,0,Off-Peak,Winter,True,True,True,False,0.27,0.16421993855937797,0.12502341001434122,-0.039196528545036746
2018-12-08 01:00:00,74.5943977140153,0.9015105707980404,0.0,0.2932885766982805,0.60822199409976,1,Off-Peak,Winter,True,True,True,False,0.27,0.1642199384069352,0.12502340989828398,-0.03919652850865121
2018-12-08 02:00:00,73.25645734250118,0.784796571986301,0.0,0.1765745780480587,0.6082219939382423,2,Off-Peak,Winter,True,True,True,False,0.27,0.16421993836332544,0.12502340986508315,-0.03919652849824229
2018-12-08 03:00:00,72.29217901853903,0.7354594177874335,0.0,0.1272374238462294,0.6082219939412041,3,Off-Peak,Winter,True,True,True,False,0.27,0.16421993836412513,0.12502340986569196,-0.039196528498433164
2018-12-08 04:00:00,71.32190724275874,0.7361993373767807,0.0,0.1279773434198717,0.6082219939569089,4,Off-Peak,Winter,True,True,True,False,0.27,0.1642199383683654,0.12502340986892016,-0.03919652849944524
2018-12-08 05:00:00,69.59563281068391,0.8356568260792677,0.0,0.2274348316450592,0.6082219944342084,5,Off-Peak,Winter,True,True,True,False,0.27,0.1642199384972363,0.12502340996703173,-0.039196528530204555
2018-12-08 06:00:00,67.31613024602574,0.9081534720446344,0.0,0.2999314769407172,0.6082219951039172,6,Off-Peak,Winter,True,True,True,False,0.27,0.16421993867805765,0.1250234101046941,-0.03919652857336356
2018-12-08 17:00:00,93.75715232342056,0.7747879959223994,0.0,0.166566000884282,0.6082219950381174,17,Peak,Winter,True,True,True,False,0.47,0.28586433766791514,0.12502341009116857,-0.16084092757674656
2018-12-08 18:00:00,92.22246314834452,0.8125195604777758,0.0,0.2042975656855672,0.6082219947922086,18,Peak,Winter,True,True,True,False,0.47,0.28586433755233803,0.12502341004062065,-0.16084092751171739
2018-12-08 19:00:00,90.31578160063238,0.86164193260571,0.0,0.2534199373241338,0.6082219952815762,19,Peak,Winter,True,True,True,False,0.47,0.28586433778234077,0.12502341014121288,-0.1608409276411279
2018-12-08 20:00:00,87.28912820106974,1.0095597129988343,0.0,0.4013377124483524,0.6082220005504819,20,Peak,Winter,True,True,True,False,0.47,0.2858643402587265,0.12502341122426572,-0.16084092903446076
2018-12-08 21:00:00,83.62890334319387,1.092592738629107,0.0,0.4843707379232187,0.6082220007058883,21,Peak,Winter,True,True,True,False,0.47,0.2858643403317675,0.12502341125621036,-0.16084092907555714
2018-12-08 22:00:00,79.78343017111867,1.1162767301374843,0.0,0.5080547313920626,0.6082219987454217,22,Off-Peak,Winter,True,True,True,False,0.27,0.1642199396612639,0.12502341085322558,-0.03919652880803831
2018-12-08 23:00:00,76.2800677945475,1.0705445471700732,0.0,0.4623225512335666,0.6082219959365066,23,Off-Peak,Winter,True,True,True,False,0.27,0.1642199389028568,0.12502341027583747,-0.039196528627019334
2018-12-09 00:00:00,73.67154721622299,0.9522758295448164,0.0,0.3440538353718854,0.608221994172931,0,Off-Peak,Winter,True,True,True,False,0.27,0.1642199384266914,0.1250234099133247,-0.03919652851336669
2018-12-09 01:00:00,71.78011726270188,0.8576029606202593,0.0,0.2493809666208907,0.6082219939993686,1,Off-Peak,Winter,True,True,True,False,0.27,0.16421993837982954,0.12502340987764798,-0.039196528502181555
2018-12-09 02:00:00,70.54545309229341,0.7709852780739079,0.0,0.1627632841320385,0.6082219939418694,2,Off-Peak,Winter,True,True,True,False,0.27,0.16421993836430474,0.1250234098658287,-0.039196528498476046
2018-12-09 03:00:00,69.83409106140523,0.7019981174351455,0.0,0.093776123497468,0.6082219939376775,3,Off-Peak,Winter,True,True,True,False,0.27,0.16421993836317295,0.12502340986496704,-0.0391965284982059
2018-12-09 04:00:00,69.093997544003,0.7057532921460534,0.0,0.0975312982008394,0.608221993945214,4,Off-Peak,Winter,True,True,True,False,0.27,0.1642199383652078,0.12502340986651622,-0.03919652849869157
2018-12-09 05:00:00,67.60771857800653,0.8038798959049605,0.0,0.1956579016329001,0.6082219942720603,5,Off-Peak,Winter,True,True,True,False,0.27,0.16421993845345628,0.12502340993370128,-0.039196528519755
2018-12-09 06:00:00,65.60428682304048,0.8716420388215063,0.0,0.2634200440862048,0.6082219947353015,6,Off-Peak,Winter,True,True,True,False,0.27,0.1642199385785314,0.1250234100289231,-0.03919652854960831
2018-12-09 07:00:00,62.67837501724216,0.9921848919297722,0.0,0.3839628933798594,0.6082219985499129,7,Mid-Peak,Winter,True,True,True,False,0.37,0.22504213946346777,0.12502341081303764,-0.10001872865043013
2018-12-09 17:00:00,91.48112000818732,1.001105546533459,0.0,0.3928835329082097,0.6082220136252493,17,Peak,Winter,True,True,True,False,0.47,0.28586434640386715,0.12502341391185678,-0.16084093249201037
2018-12-09 18:00:00,89.02014845344215,0.9349316570020704,0.0,0.3267096615600223,0.608221995442048,18,Peak,Winter,True,True,True,False,0.47,0.28586433785776255,0.12502341017419877,-0.16084092768356378
2018-12-09 19:00:00,85.88765108584833,1.0232576895432326,0.0,0.4150356906790626,0.6082219988641699,19,Peak,Winter,True,True,True,False,0.47,0.28586433946615986,0.1250234108776349,-0.16084092858852495
2018-12-09 20:00:00,81.41456072681744,1.1993257879949883,0.0,0.5911037773715568,0.6082220106234315,20,Peak,Winter,True,True,True,False,0.47,0.2858643449930128,0.12502341329481648,-0.1608409316981963
2018-12-09 21:00:00,76.09478807843585,1.309451725662106,0.0,0.7012297098382572,0.6082220158238489,21,Peak,Winter,True,True,True,False,0.47,0.285864347437209,0.12502341436379116,-0.16084093307341785
2018-12-09 22:00:00,70.45170944296677,1.3502658472965594,0.0,0.7420438289499253,0.6082220183466341,22,Off-Peak,Winter,True,True,True,False,0.27,0.16421994495359124,0.12502341488236368,-0.03919653007122756
2018-12-09 23:00:00,64.58942197321025,1.3769638184512631,0.0,0.7687417875979374,0.6082220308533257,23,Off-Peak,Winter,True,True,True,False,0.27,0.16421994833039796,0.1250234174531836,-0.039196530877214364
2018-12-10 17:00:00,93.35954545184607,0.8285972406082893,0.0,0.2203752435048618,0.6082219971034275,17,Peak,Winter,True,True,True,False,0.47,0.28586433863861094,0.12502341051570454,-0.1608409281229064
2018-12-10 18:00:00,91.86794716402692,0.806689832106791,0.0,0.1984678376970745,0.6082219944097165,18,Peak,Winter,True,True,True,False,0.47,0.2858643373725667,0.12502340996199726,-0.16084092741056946
2018-12-10 19:00:00,89.80438119825908,0.8823212442164057,0.0,0.274099248425334,0.6082219957910716,19,Peak,Winter,True,True,True,False,0.47,0.28586433802180367,0.1250234102459425,-0.16084092777586118
2018-12-10 20:00:00,86.80109657971504,1.0062815419100608,0.0,0.3980595425140008,0.60822199939606,20,Peak,Winter,True,True,True,False,0.47,0.2858643397161482,0.1250234109869679,-0.16084092872918032
2018-12-10 21:00:00,82.73231392394719,1.1462215331039631,0.0,0.537999527691076,0.6082220054128872,21,Peak,Winter,True,True,True,False,0.47,0.28586434254405696,0.12502341222376015,-0.1608409303202968
2018-12-10 22:00:00,77.94744250691717,1.2394821853452134,0.0,0.6312601771902844,0.608222008154929,22,Off-Peak,Winter,True,True,True,False,0.27,0.16421994220183084,0.12502341278740206,-0.03919652941442878
2018-12-10 23:00:00,73.13342949475448,1.2421341382313549,0.0,0.6339121339733883,0.6082220042579666,23,Off-Peak,Winter,True,True,True,False,0.27,0.164219941149651,0.1250234119863598,-0.039196529163291194
2018-12-11 00:00:00,68.5978168647392,1.204438888595167,0.0,0.5962168864626769,0.60822200213249,0,Off-Peak,Winter,True,True,True,False,0.27,0.1642199405757723,0.12502341154945626,-0.03919652902631604
2018-12-11 01:00:00,64.58957656672305,1.1342934309480102,0.0,0.5260714315558357,0.6082219993921745,1,Off-Peak,Winter,True,True,True,False,0.27,0.16421993983588712,0.1250234109861692,-0.039196528849717915
2018-12-11 02:00:00,61.435831024436105,1.0216702702117575,0.0,0.4134482743807377,0.6082219958310198,2,Off-Peak,Winter,True,True,True,False,0.27,0.16421993887437536,0.12502341025415406,-0.0391965286202213
2018-12-11 17:00:00,93.55017085175146,0.8029628442182849,0.0,0.194740848297472,0.6082219959208128,17,Peak,Winter,True,True,True,False,0.47,0.285864338082782,0.12502341027261152,-0.16084092781017048
2018-12-11 18:00:00,92.48484116381924,0.7500554903322865,0.0,0.1418334962975535,0.6082219940347329,18,Peak,Winter,True,True,True,False,0.47,0.2858643371963244,0.1250234098849173,-0.16084092731140712
2018-12-11 19:00:00,90.84241593034302,0.8265519929007716,0.0,0.2183299979751767,0.6082219949255949,19,Peak,Winter,True,True,True,False,0.47,0.2858643376150296,0.12502341006803896,-0.16084092754699064
2018-12-11 20:00:00,88.09860850553395,0.9721385776581692,0.0,0.3639165785323326,0.6082219991258366,20,Peak,Winter,True,True,True,False,0.47,0.2858643395891432,0.12502341093142197,-0.16084092865772123
2018-12-11 21:00:00,84.00275152579793,1.1500125287922258,0.0,0.5417905200482334,0.6082220087439925,21,Peak,Winter,True,True,True,False,0.47,0.2858643441096764,0.12502341290848734,-0.16084093120118909
2018-12-11 22:00:00,79.4687655466768,1.206738563475301,0.0,0.5985165590384822,0.6082220044368187,22,Off-Peak,Winter,True,True,True,False,0.27,0.16421994119794106,0.12502341202312384,-0.039196529174817224
2018-12-11 23:00:00,74.49005591315486,1.2640313996185717,0.0,0.6558093913814014,0.6082220082371703,23,Off-Peak,Winter,True,True,True,False,0.27,0.164219942224036,0.12502341280430723,-0.03919652941972876
2018-12-12 00:00:00,69.81658241666156,1.2227609205602974,0.0,0.6145389181034964,0.608222002456801,0,Off-Peak,Winter,True,True,True,False,0.27,0.16421994066333628,0.1250234116161202,-0.03919652904721607
2018-12-12 01:00:00,66.42941227724224,1.0532634738965916,0.0,0.4450414789766274,0.6082219949199641,1,Off-Peak,Winter,True,True,True,False,0.27,0.16421993862839032,0.1250234100668815,-0.03919652856150882
2018-12-12 02:00:00,64.12745652897485,0.9105238535613814,0.0,0.302301859436256,0.6082219941251255,2,Off-Peak,Winter,True,True,True,False,0.27,0.16421993841378388,0.125023409903498,-0.03919652851028588
2018-12-12 03:00:00,62.37304324826405,0.8384827586237222,0.0,0.230260764537595,0.6082219940861272,3,Off-Peak,Winter,True,True,True,False,0.27,0.16421993840325436,0.12502340989548172,-0.03919652850777264
2018-12-12 04:00:00,61.08359999630334,0.7773843017980814,0.0,0.1691623078159287,0.6082219939821526,4,Off-Peak,Winter,True,True,True,False,0.27,0.1642199383751812,0.12502340987410915,-0.03919652850107205
2018-12-12 17:00:00,94.35260940495156,0.6957665049089263,0.0,0.087544510877133,0.6082219940317932,17,Peak,Winter,True,True,True,False,0.47,0.2858643371949428,0.12502340988431304,-0.16084092731062977
2018-12-12 18:00:00,93.50670180843797,0.7209445695323153,0.0,0.1127225754861971,0.6082219940461182,18,Peak,Winter,True,True,True,False,0.47,0.28586433720167553,0.12502340988725763,-0.1608409273144179
2018-12-12 19:00:00,92.07584422894536,0.7986029470233565,0.0,0.1903809522959877,0.6082219947273688,19,Peak,Winter,True,True,True,False,0.47,0.28586433752186335,0.12502341002729248,-0.16084092749457088
2018-12-12 20:00:00,89.56320408857873,0.9417675989659472,0.0,0.3335456002220678,0.6082219987438794,20,Peak,Winter,True,True,True,False,0.47,0.2858643394096233,0.12502341085290852,-0.16084092855671478
2018-12-12 21:00:00,86.1223948395267,1.0639149548497766,0.0,0.455692952663066,0.6082220021867106,21,Peak,Winter,True,True,True,False,0.47,0.285864341027754,0.12502341156060162,-0.16084092946715237
2018-12-12 22:00:00,82.35122347377671,1.1067641519609328,0.0,0.4985421523180249,0.6082219996429079,22,Off-Peak,Winter,True,True,True,False,0.27,0.16421993990358513,0.12502341103770884,-0.039196528865876296
2018-12-12 23:00:00,78.52202049202864,1.1136655517299143,0.0,0.5054435536471652,0.6082219980827491,23,Off-Peak,Winter,True,True,True,False,0.27,0.1642199394823423,0.12502341071700954,-0.03919652876533275
2018-12-13 00:00:00,75.72981683780887,1.0641438384570256,0.0,0.3683773333057715,0.6957665051512542,0,Off-Peak,Winter,True,True,True,False,0.27,0.18785695639083863,0.14301867050331332,-0.04483828588752531
2018-12-13 01:00:00,73.75149482124237,0.956682765756676,0.0,0.2609162607955478,0.6957665049611281,1,Off-Peak,Winter,True,True,True,False,0.27,0.1878569563395046,0.1430186704642319,-0.04483828587527272
2018-12-13 02:00:00,72.62002640302863,0.8449949922946696,0.0,0.1492284873857024,0.6957665049089672,2,Off-Peak,Winter,True,True,True,False,0.27,0.18785695632542115,0.14301867045350994,-0.044838285871911215
2018-12-13 03:00:00,71.8432837356696,0.7981981737132213,0.0,0.1024316688030955,0.6957665049101258,3,Off-Peak,Winter,True,True,True,False,0.27,0.187856956325734,0.14301867045374808,-0.044838285871985906
2018-12-13 04:00:00,71.23016426400517,0.7766075753622383,0.0,0.0808410704518916,0.6957665049103466,4,Off-Peak,Winter,True,True,True,False,0.27,0.1878569563257936,0.14301867045379346,-0.044838285872000144
2018-12-13 05:00:00,69.90519103355585,0.8703027346596678,0.0,0.1745362295576442,0.6957665051020235,5,Off-Peak,Winter,True,True,True,False,0.27,0.18785695637754637,0.14301867049319372,-0.04483828588435265
2018-12-13 06:00:00,67.88862013151268,0.961073319827122,0.0,0.2653068140771329,0.6957665057499891,6,Off-Peak,Winter,True,True,True,False,0.27,0.18785695655249707,0.14301867062638665,-0.044838285926110416
2018-12-13 07:00:00,64.9994892581623,1.0751820747379996,0.0,0.3794155660773742,0.6957665086606254,7,Mid-Peak,Winter,True,True,True,False,0.37,0.2574336082044314,0.14301867122468412,-0.11441493697974728
2018-12-13 17:00:00,94.71529382782433,0.7346295328751118,0.0,0.0388630279625146,0.6957665049125972,17,Peak,Winter,True,True,True,False,0.47,0.32701025730892064,0.1430186704542561,-0.18399158685466455
2018-12-13 18:00:00,94.5817422446627,0.7135874083076887,0.0,0.0178209033987306,0.6957665049089581,18,Peak,Winter,True,True,True,False,0.47,0.3270102573072103,0.14301867045350805,-0.18399158685370223
2018-12-13 19:00:00,93.7911870507128,0.8011368406443862,0.0,0.1053703355823889,0.6957665050619972,19,Peak,Winter,True,True,True,False,0.47,0.3270102573791387,0.1430186704849661,-0.18399158689417258
2018-12-13 20:00:00,92.2193714208154,0.9048957796027488,0.0,0.2091292733813964,0.6957665062213524,20,Peak,Winter,True,True,True,False,0.47,0.3270102579240356,0.143018670723278,-0.1839915872007576
2018-12-13 21:00:00,89.85861956481091,1.0092106607022822,0.0,0.3134441522891823,0.6957665084130998,21,Peak,Winter,True,True,True,False,0.47,0.3270102589541569,0.14301867117380385,-0.18399158778035307
2018-12-13 22:00:00,86.92897804715001,1.0839939575832926,0.0,0.3882274484920434,0.6957665090912493,22,Off-Peak,Winter,True,True,True,False,0.27,0.18785695745463732,0.14301867131320123,-0.04483828614143609
2018-12-13 23:00:00,84.34525316380399,1.0378108885853978,0.0,0.3420443828420054,0.6957665057433924,23,Off-Peak,Winter,True,True,True,False,0.27,0.18785695655071596,0.14301867062503065,-0.04483828592568531
2018-12-14 00:00:00,82.14300899008138,0.9871030613548444,0.0,0.2913365561543232,0.6957665052005212,0,Off-Peak,Winter,True,True,True,False,0.27,0.18785695640414074,0.14301867051344044,-0.0448382858907003
2018-12-14 01:00:00,80.57972550848883,0.9025188534197564,0.0,0.2067523484900123,0.695766504929744,1,Off-Peak,Winter,True,True,True,False,0.27,0.1878569563310309,0.14301867045778072,-0.04483828587325017
2018-12-14 02:00:00,80.30949260937497,0.7315275526319122,0.0,0.0357610477197818,0.6957665049121303,2,Off-Peak,Winter,True,True,True,False,0.27,0.1878569563262752,0.1430186704541601,-0.04483828587211508
2018-12-14 03:00:00,80.54326579432917,0.6621863823932438,0.0,0.0,0.6621863823932438,3,Off-Peak,Winter,True,True,True,True,0.27,0.17879032324617583,0.13611608971416678,-0.042674233532009054
2018-12-14 04:00:00,80.82463224571381,0.6553444322691312,0.0,0.0,0.6553444322691312,4,Off-Peak,Winter,True,True,True,True,0.27,0.17694299671266545,0.13470968885532142,-0.04223330785734403
2018-12-14 05:00:00,80.5382226117013,0.7336713111776265,0.0,0.0379048062668213,0.6957665049108052,5,Off-Peak,Winter,True,True,True,False,0.27,0.1878569563259174,0.14301867045388772,-0.044838285872029676
2018-12-14 06:00:00,79.96487265432893,0.7716177358710308,0.0,0.0758512309565117,0.695766504914519,6,Off-Peak,Winter,True,True,True,False,0.27,0.18785695632692012,0.1430186704546511,-0.04483828587226901
2018-12-14 07:00:00,78.69585577693117,0.8635059290599166,0.0,0.1677394240023039,0.6957665050576127,7,Mid-Peak,Winter,True,True,True,False,0.37,0.2574336068713167,0.14301867048406483,-0.11441493638725189
2018-12-14 17:00:00,94.25537744229337,0.7951068264835977,0.0,0.0993403214179399,0.6957665050656576,17,Peak,Winter,True,True,True,False,0.47,0.3270102573808591,0.1430186704857185,-0.18399158689514059
2018-12-14 18:00:00,93.49735549124227,0.796770951310636,0.0,0.1010044463449599,0.695766504965676,18,Peak,Winter,True,True,True,False,0.47,0.32701025733386774,0.14301867046516675,-0.18399158686870098
2018-12-14 19:00:00,92.17933095515995,0.8711408432618412,0.0,0.1753743377659379,0.6957665054959032,19,Peak,Winter,True,True,True,False,0.47,0.3270102575830745,0.1430186705741579,-0.1839915870089166
2018-12-14 20:00:00,90.13965671027948,0.9666650246214388,0.0,0.2708985176336753,0.6957665069877634,20,Peak,Winter,True,True,True,False,0.47,0.3270102582842488,0.14301867088081802,-0.18399158740343077
2018-12-14 21:00:00,87.16090373191004,1.090522351000359,0.0,0.3947558404683124,0.6957665105320465,21,Peak,Winter,True,True,True,False,0.47,0.32701025995006183,0.14301867160936513,-0.1839915883406967
2018-12-14 22:00:00,83.53194495183432,1.1757269491939342,0.0,0.479960437767401,0.6957665114265331,22,Off-Peak,Winter,True,True,True,False,0.27,0.18785695808516395,0.14301867179323183,-0.04483828629193212
2018-12-14 23:00:00,80.36008043608234,1.114844097452622,0.0,0.4190775912560781,0.6957665061965438,23,Off-Peak,Winter,True,True,True,False,0.27,0.18785695667306684,0.14301867071817845,-0.044838285954888396
2018-12-15 00:00:00,78.00394457005157,1.0069241469998056,0.0,0.3111576419524585,0.695766505047347,0,Off-Peak,Winter,True,True,True,False,0.27,0.1878569563627837,0.14301867048195469,-0.044838285880829026
2018-12-15 01:00:00,77.16176198419421,0.8070432384970603,0.0,0.1112767335648657,0.6957665049321945,1,Off-Peak,Winter,True,True,True,False,0.27,0.18785695633169253,0.14301867045828442,-0.0448382858734081
2018-12-15 02:00:00,77.09752945077814,0.7042568642020373,0.0,0.0084903592930097,0.6957665049090275,2,Off-Peak,Winter,True,True,True,False,0.27,0.18785695632543742,0.1430186704535223,-0.04483828587191513
2018-12-15 03:00:00,77.66945617992847,0.6136910053943344,0.0,0.0,0.6136910053943344,3,Off-Peak,Winter,True,True,True,True,0.27,0.1656965714564703,0.12614759555327984,-0.03954897590319045
2018-12-15 04:00:00,78.35670921859987,0.5971088995169492,0.0,0.0,0.5971088995169492,4,Off-Peak,Winter,True,True,True,True,0.27,0.1612194028695763,0.1227390515673729,-0.03848035130220341
2018-12-15 05:00:00,78.61111114925735,0.6592512473557679,0.0,0.0,0.6592512473557679,5,Off-Peak,Winter,True,True,True,True,0.27,0.17799783678605735,0.13551275640090785,-0.042485080385149504
2018-12-15 06:00:00,78.4086472361448,0.7225398635863135,0.0,0.0267733586769005,0.6957665049094129,6,Off-Peak,Winter,True,True,True,False,0.27,0.1878569563255415,0.14301867045360156,-0.04483828587193994
2018-12-15 07:00:00,77.55065517378024,0.8091479532371616,0.0,0.1133814482875497,0.6957665049496119,7,Mid-Peak,Winter,True,True,True,False,0.37,0.2574336068313564,0.14301867046186467,-0.11441493636949174
2018-12-15 16:00:00,77.23028999826481,0.8551269946765776,0.0,0.1593604897535636,0.695766504923014,16,Peak,Winter,True,True,True,False,0.47,0.32701025731381655,0.14301867045639732,-0.18399158685741923
2018-12-15 17:00:00,76.32389001034461,0.8154853611778088,0.0,0.1197188562657503,0.6957665049120584,17,Peak,Winter,True,True,True,False,0.47,0.3270102573086674,0.14301867045414532,-0.18399158685452208
2018-12-15 18:00:00,75.38196626834093,0.8201299971957899,0.0,0.124363492270134,0.695766504925656,18,Peak,Winter,True,True,True,False,0.47,0.3270102573150583,0.1430186704569404,-0.1839915868581179
2018-12-15 19:00:00,73.41980840304902,0.9544909596937292,0.0,0.2587244539596656,0.6957665057340636,19,Peak,Winter,True,True,True,False,0.47,0.3270102576950099,0.14301867062311305,-0.18399158707189686
2018-12-15 20:00:00,70.59584647709907,1.067524918503481,0.0,0.3717584109262887,0.6957665075771922,20,Peak,Winter,True,True,True,False,0.47,0.3270102585612803,0.1430186710019784,-0.1839915875593019
2018-12-15 21:00:00,67.47251602052911,1.1063126878552754,0.0,0.4105461799560465,0.6957665078992289,21,Peak,Winter,True,True,True,False,0.47,0.32701025871263756,0.1430186710681748,-0.18399158764446275
2018-12-15 22:00:00,64.13917166773477,1.1331807944769705,0.0,0.4374142851779851,0.6957665092989854,22,Off-Peak,Winter,True,True,True,False,0.27,0.18785695751072606,0.14301867135590257,-0.04483828615482349
2018-12-15 23:00:00,61.01110982399559,1.1056247694975183,0.0,0.4098582613405323,0.6957665081569859,23,Off-Peak,Winter,True,True,True,False,0.27,0.1878569572023862,0.1430186711211582,-0.044838286081228
2018-12-16 03:00:00,61.311614843348,0.580960910787701,0.0,0.0,0.580960910787701,3,Off-Peak,Winter,True,True,True,True,0.27,0.15685944591267928,0.11941974277302742,-0.037439703139651864
2018-12-16 04:00:00,63.05112748817924,0.5486185562466717,0.0,0.0,0.5486185562466717,4,Off-Peak,Winter,True,True,True,True,0.27,0.14812701018660135,0.1127715921173714,-0.035355418069229955
2018-12-16 05:00:00,64.4744326649468,0.59363322537411,0.0,0.0,0.59363322537411,5,Off-Peak,Winter,True,True,True,True,0.27,0.1602809708510097,0.1220246074380115,-0.03825636341299821
2018-12-16 06:00:00,65.68155541596178,0.6244201433231846,0.0,0.0,0.6244201433231846,6,Off-Peak,Winter,True,True,True,True,0.27,0.16859343869725987,0.12835302946087684,-0.04024040923638303
2018-12-16 07:00:00,66.55977457607727,0.6713734592793998,0.0,0.0,0.6713734592793998,7,Mid-Peak,Winter,True,True,True,True,0.37,0.24840817993337794,0.13800454440743218,-0.11040363552594576
2018-12-16 08:00:00,73.67998781781995,0.7316738014520172,0.0,0.0,0.7316738014520172,8,Mid-Peak,Winter,True,True,True,True,0.37,0.27071930653724635,0.15039961474291463,-0.12031969179433172
2018-12-16 17:00:00,93.00955029408212,0.9823814344175938,0.0,0.1855304372083135,0.7968509972092803,17,Peak,Winter,True,True,True,False,0.47,0.37451996868836174,0.16379714942635207,-0.21072281926200967
2018-12-16 18:00:00,91.52403168826108,0.9943754907822728,0.0,0.1975244940569879,0.7968509967252849,18,Peak,Winter,True,True,True,False,0.47,0.37451996846088387,0.16379714932686412,-0.21072281913401975
2018-12-16 19:00:00,89.31787928415089,1.0896556351152766,0.0,0.2928046365721847,0.7968509985430918,19,Peak,Winter,True,True,True,False,0.47,0.3745199693152531,0.16379714970052442,-0.2107228196147287
2018-12-16 20:00:00,86.21216546653632,1.208171113934259,0.0,0.4113201121569103,0.7968510017773487,20,Peak,Winter,True,True,True,False,0.47,0.3745199708353539,0.16379715036534387,-0.21072282047001
2018-12-16 21:00:00,82.83363383509446,1.2435763868679568,0.0,0.446725386972878,0.7968509998950788,21,Peak,Winter,True,True,True,False,0.47,0.37451996995068704,0.16379714997843284,-0.2107228199722542
2018-12-16 22:00:00,79.12130952276037,1.2869080332826557,0.0,0.4900570326054891,0.7968510006771665,22,Off-Peak,Winter,True,True,True,False,0.27,0.215149770182835,0.16379715013919532,-0.05135262004363966
2018-12-16 23:00:00,75.78653077614588,1.2365984436877793,0.0,0.4397474459395449,0.7968509977482343,23,Off-Peak,Winter,True,True,True,False,0.27,0.21514976939202327,0.16379714953713706,-0.051352619854886206
2018-12-17 00:00:00,73.88088395420766,1.048152481936491,0.0,0.2513014857560058,0.796850996180485,0,Off-Peak,Winter,True,True,True,False,0.27,0.21514976896873098,0.16379714921487748,-0.051352619753853496
2018-12-17 01:00:00,73.08199786472166,0.902231915983982,0.0,0.1053809197976753,0.7968509961863067,1,Off-Peak,Winter,True,True,True,False,0.27,0.21514976897030283,0.16379714921607416,-0.05135261975422867
2018-12-17 02:00:00,73.18525621782535,0.7820636311196727,0.0,0.0,0.7820636311196727,2,Off-Peak,Winter,True,True,True,True,0.27,0.21115718040231166,0.16075752417459938,-0.05039965622771228
2018-12-17 03:00:00,73.97661463758087,0.6834448054612852,0.0,0.0,0.6834448054612852,3,Off-Peak,Winter,True,True,True,True,0.27,0.18453009747454702,0.14048587667815307,-0.044044220796393946
2018-12-17 04:00:00,75.02598990970213,0.6463870038327364,0.0,0.0,0.6463870038327364,4,Off-Peak,Winter,True,True,True,True,0.27,0.17452449103483883,0.13286843967672915,-0.04165605135810968
2018-12-17 05:00:00,75.65735663540076,0.7063214109304217,0.0,0.0,0.7063214109304217,5,Off-Peak,Winter,True,True,True,True,0.27,0.19070678095121385,0.14518829002458666,-0.045518490926627186
2018-12-17 06:00:00,75.96067991890476,0.7533611597955555,0.0,0.0,0.7533611597955555,6,Off-Peak,Winter,True,True,True,True,0.27,0.2034075131448,0.15485757173575307,-0.04854994140904692
2018-12-17 07:00:00,75.80261995986884,0.8177300663031681,0.0,0.0208790701228554,0.7968509961803126,7,Mid-Peak,Winter,True,True,True,False,0.37,0.29483486858671565,0.16379714921484204,-0.1310377193718736
2018-12-17 17:00:00,95.00000004306555,0.7025791467975061,0.0,0.0,0.7025791467975061,17,Peak,Winter,True,True,True,True,0.47,0.33021219899482784,0.1444190468417096,-0.18579315215311826
2018-12-17 18:00:00,95.00000004306555,0.765029701571111,0.0,0.0,0.765029701571111,18,Peak,Winter,True,True,True,True,0.47,0.3595639597384222,0.15725610532295062,-0.20230785441547158
2018-12-17 19:00:00,94.32629293474749,0.8872679128837031,0.0,0.0904169165968586,0.7968509962868445,19,Peak,Winter,True,True,True,False,0.47,0.3745199682548169,0.16379714923674024,-0.21072281901807668
2018-12-17 20:00:00,92.78981921381084,1.0013390001223617,0.0,0.2044880025042979,0.7968509976180638,20,Peak,Winter,True,True,True,False,0.47,0.37451996888048994,0.1637971495103798,-0.21072281937011014
2018-12-17 21:00:00,90.34700250931824,1.121217400049147,0.0,0.3243663991946356,0.7968510008545113,21,Peak,Winter,True,True,True,False,0.47,0.37451997040162033,0.16379715017564953,-0.2107228202259708
2018-12-17 22:00:00,87.75920861864012,1.1399226968095124,0.0,0.3430716983622432,0.7968509984472691,22,Off-Peak,Winter,True,True,True,False,0.27,0.21514976958076268,0.16379714968082754,-0.05135261989993514
2018-12-17 23:00:00,85.18480649736262,1.1377252906279784,0.0,0.340874293156292,0.7968509974716864,23,Off-Peak,Winter,True,True,True,False,0.27,0.21514976931735535,0.16379714948029112,-0.05135261983706424
2018-12-18 00:00:00,83.50541154924872,1.01916473294939,0.0,0.2223137367492537,0.7968509962001363,0,Off-Peak,Winter,True,True,True,False,0.27,0.21514976897403681,0.16379714921891692,-0.0513526197551199
2018-12-18 01:00:00,82.83359537532998,0.8858081158793809,0.0,0.0889571196948565,0.7968509961845244,1,Off-Peak,Winter,True,True,True,False,0.27,0.2151497689698216,0.1637971492157078,-0.051352619754113815
2018-12-18 02:00:00,82.85554097538908,0.7936967003666697,0.0,0.0,0.7936967003666697,2,Off-Peak,Winter,True,True,True,True,0.27,0.21429810909900085,0.16314876618648208,-0.05114934291251877
2018-12-18 03:00:00,83.16344098668968,0.7525833128642092,0.0,0.0,0.7525833128642092,3,Off-Peak,Winter,True,True,True,True,0.27,0.2031974944733365,0.154697680977643,-0.04849981349569349
2018-12-18 04:00:00,83.46476428002947,0.7535236123281037,0.0,0.0,0.7535236123281037,4,Off-Peak,Winter,True,True,True,True,0.27,0.203451375328588,0.15489096475633243,-0.048560410572255575
2018-12-18 05:00:00,83.23441166028819,0.8273649720681124,0.0,0.0305139758872195,0.7968509961808928,5,Off-Peak,Winter,True,True,True,False,0.27,0.21514976896884108,0.1637971492149613,-0.05135261975387978
2018-12-18 06:00:00,82.4888543313246,0.8955546303019841,0.0,0.0987036340980513,0.7968509962039327,6,Off-Peak,Winter,True,True,True,False,0.27,0.21514976897506186,0.16379714921969726,-0.05135261975536459
2018-12-18 07:00:00,81.07059439371818,0.9844388889773092,0.0,0.1875878925808304,0.7968509963964787,7,Mid-Peak,Winter,True,True,True,False,0.37,0.2948348686666971,0.16379714925927616,-0.13103771940742096
2018-12-18 17:00:00,95.0000000298949,0.7117329757420804,0.0,0.0,0.7117329757420804,17,Peak,Winter,True,True,True,True,0.47,0.33451449859877774,0.1463006672358721,-0.18821383136290565
2018-12-18 18:00:00,95.0000000298949,0.7166657704216757,0.0,0.0,0.7166657704216757,18,Peak,Winter,True,True,True,True,0.47,0.33683291209818755,0.14731463058667776,-0.1895182815115098
2018-12-18 19:00:00,95.0000000298949,0.7879699632019205,0.0,0.0,0.7879699632019205,19,Peak,Winter,True,True,True,True,0.47,0.3703458827049026,0.16197160354706142,-0.20837427915784118
2018-12-18 20:00:00,94.09264592302422,0.9181489441133922,0.0,0.1212979476069601,0.7968509965064321,20,Peak,Winter,True,True,True,False,0.47,0.37451996835802304,0.1637971492818777,-0.21072281907614535
2018-12-18 21:00:00,92.34964956382233,1.0287084223551706,0.0,0.2318574241555636,0.7968509981996069,21,Peak,Winter,True,True,True,False,0.47,0.37451996915381525,0.1637971496299192,-0.21072281952389604
2018-12-18 22:00:00,90.06344844610882,1.1003827472343166,0.0,0.3035317482343517,0.7968509989999649,22,Off-Peak,Winter,True,True,True,False,0.27,0.21514976972999053,0.1637971497944372,-0.05135261993555332
2018-12-18 23:00:00,88.03190425871689,1.0662910827032728,0.0,0.2694400859023496,0.7968509968009232,23,Off-Peak,Winter,True,True,True,False,0.27,0.21514976913624928,0.163797149342412,-0.05135261979383729
2018-12-19 00:00:00,86.79654691429907,0.9606611152560214,0.0,0.1638101190679503,0.7968509961880711,0,Off-Peak,Winter,True,True,True,False,0.27,0.2151497689707792,0.16379714921643682,-0.05135261975434238
2018-12-19 01:00:00,86.06828903355832,0.8934117402004204,0.0,0.0965607440202217,0.7968509961801986,1,Off-Peak,Winter,True,True,True,False,0.27,0.21514976896865365,0.16379714921481858,-0.051352619753835066
2018-12-19 02:00:00,86.95627857479302,0.66892861827508,0.0,0.0,0.66892861827508,2,Off-Peak,Winter,True,True,True,True,0.27,0.1806107269342716,0.1375019937565442,-0.0431087331777274
2018-12-19 03:00:00,88.24222791117352,0.6114357457508817,0.0,0.0,0.6114357457508817,3,Off-Peak,Winter,True,True,True,True,0.27,0.16508765135273806,0.1256840144043479,-0.039403636948390164
2018-12-19 04:00:00,89.66735323158937,0.5911844811876135,0.0,0.0,0.5911844811876135,4,Off-Peak,Winter,True,True,True,True,0.27,0.15961980992065564,0.12152125446634277,-0.03809855545431287
2018-12-19 05:00:00,90.71326794665194,0.6458396697454741,0.0,0.0,0.6458396697454741,5,Off-Peak,Winter,True,True,True,True,0.27,0.17437671083127804,0.13275593211434744,-0.041620778716930595
2018-12-19 06:00:00,91.40019466304808,0.697642729873202,0.0,0.0,0.697642729873202,6,Off-Peak,Winter,True,True,True,True,0.27,0.18836353706576456,0.1434043389183804,-0.044959198147384166
2018-12-19 07:00:00,91.66079230703852,0.759216071863483,0.0,0.0,0.759216071863483,7,Mid-Peak,Winter,True,True,True,True,0.37,0.2809099465894887,0.15606108143860484,-0.12484886515088386
2018-12-19 17:00:00,95.00000045481448,0.7152484700521938,0.0,0.0,0.7152484700521938,17,Peak,Winter,True,True,True,True,0.47,0.33616678092453106,0.14702329662183986,-0.1891434843026912
2018-12-19 18:00:00,95.00000045481448,0.7383716470023558,0.0,0.0,0.7383716470023558,18,Peak,Winter,True,True,True,True,0.47,0.3470346740911072,0.1517763941060398,-0.19525827998506742
2018-12-19 19:00:00,95.00000045481448,0.7900153027385691,0.0,0.0,0.7900153027385691,19,Peak,Winter,True,True,True,True,0.47,0.37130719228712744,0.162392034451817,-0.20891515783531045
2018-12-19 20:00:00,93.92444386192078,0.9404006207653082,0.0,0.1435496239486683,0.7968509968166397,20,Peak,Winter,True,True,True,False,0.47,0.37451996850382063,0.1637971493456426,-0.21072281915817803
2018-12-19 21:00:00,91.94712041585608,1.0597581722938096,0.0,0.2629071730954164,0.7968509991983932,21,Peak,Winter,True,True,True,False,0.47,0.3745199696232448,0.16379714983522528,-0.21072281978801952
2018-12-19 22:00:00,89.70668190918332,1.094242672736949,0.0,0.2973916745096774,0.7968509982272716,22,Off-Peak,Winter,True,True,True,False,0.27,0.21514976952136333,0.16379714963560582,-0.05135261988575751
2018-12-19 23:00:00,87.61556354589194,1.0741174582412645,0.0,0.2772664613527039,0.7968509968885605,23,Off-Peak,Winter,True,True,True,False,0.27,0.21514976915991135,0.16379714936042633,-0.05135261979948502
2018-12-20 00:00:00,86.13125053420403,0.9935798938191948,0.0,0.1967288975927404,0.7968509962264543,0,Off-Peak,Winter,True,True,True,False,0.27,0.21514976898114266,0.16379714922432673,-0.05135261975681593
2018-12-20 01:00:00,85.57362150492781,0.8707763587362305,0.0,0.0739253625536987,0.7968509961825317,1,Off-Peak,Winter,True,True,True,False,0.27,0.2151497689692836,0.1637971492152982,-0.05135261975398539
2018-12-20 02:00:00,85.79908709295496,0.7644009758743253,0.0,0.0,0.7644009758743253,2,Off-Peak,Winter,True,True,True,True,0.27,0.20638826348606784,0.15712686726305575,-0.049261396223012094
2018-12-20 03:00:00,86.16054127815178,0.7448162701745087,0.0,0.0,0.7448162701745087,3,Off-Peak,Winter,True,True,True,True,0.27,0.20110039294711735,0.15310112220253788,-0.047999270744579464
2018-12-20 04:00:00,86.58542650270206,0.735670249556446,0.0,0.0,0.735670249556446,4,Off-Peak,Winter,True,True,True,True,0.27,0.19863096738024044,0.15122110685326948,-0.047409860526970965
2018-12-20 05:00:00,86.28861135920086,0.8362187141863886,0.0,0.0393677180031472,0.7968509961832413,5,Off-Peak,Winter,True,True,True,False,0.27,0.21514976896947516,0.16379714921544405,-0.051352619754031104
2018-12-20 06:00:00,85.5170411657696,0.8991242357005049,0.0,0.1022732394898229,0.796850996210682,6,Off-Peak,Winter,True,True,True,False,0.27,0.21514976897688415,0.16379714922108463,-0.05135261975579952
2018-12-20 07:00:00,84.1493434475654,0.9779743389280112,0.0,0.1811233425410597,0.7968509963869514,7,Mid-Peak,Winter,True,True,True,False,0.37,0.29483486866317205,0.1637971492573178,-0.13103771940585424
2018-12-20 17:00:00,93.60505074793546,0.9829171235634524,0.0,0.1860661257007149,0.7968509978627375,17,Peak,Winter,True,True,True,False,0.47,0.3745199689954866,0.16379714956067382,-0.2107228194348128
2018-12-20 18:00:00,92.18040827802773,0.9863593573816904,0.0,0.1895083606884975,0.7968509966931929,18,Peak,Winter,True,True,True,False,0.47,0.37451996844580066,0.16379714932026743,-0.21072281912553323
2018-12-20 19:00:00,90.27176963149464,1.050329857345797,0.0,0.2534788597321518,0.7968509976136453,19,Peak,Winter,True,True,True,False,0.47,0.37451996887841327,0.16379714950947152,-0.21072281936894174
2018-12-20 20:00:00,87.52033137454607,1.1615137499043624,0.0,0.3646627495290371,0.7968510003753253,20,Peak,Winter,True,True,True,False,0.47,0.37451997017640287,0.16379715007715018,-0.2107228200992527
2018-12-20 21:00:00,83.64602572931314,1.30910422371957,0.0,0.5122532169577756,0.7968510067617944,21,Peak,Winter,True,True,True,False,0.47,0.37451997317804336,0.1637971513899244,-0.21072282178811896
2018-12-20 22:00:00,79.5814707464168,1.3333341129412022,0.0,0.5364831107958032,0.796851002145399,22,Off-Peak,Winter,True,True,True,False,0.27,0.21514977057925774,0.16379715044099866,-0.051352620138259086
2018-12-20 23:00:00,75.93609114021965,1.2774462049108668,0.0,0.4805952065197432,0.7968509983911236,23,Off-Peak,Winter,True,True,True,False,0.27,0.2151497695656034,0.1637971496692865,-0.0513526198963169
2018-12-21 00:00:00,73.14103453286734,1.1651111550187112,0.0,0.3682601584547501,0.7968509965639611,0,Off-Peak,Winter,True,True,True,False,0.27,0.21514976907226951,0.16379714929370312,-0.051352619778566394
2018-12-21 01:00:00,71.44313866689107,1.0205361949186966,0.0,0.2236851987356012,0.7968509961830954,1,Off-Peak,Winter,True,True,True,False,0.27,0.21514976896943577,0.16379714921541402,-0.05135261975402175
2018-12-21 02:00:00,70.89597446626121,0.8689647595105323,0.0,0.072113763325618,0.7968509961849143,2,Off-Peak,Winter,True,True,True,False,0.27,0.21514976896992688,0.16379714921578795,-0.051352619754138934
2018-12-21 03:00:00,71.12840351367899,0.7635946595653429,0.0,0.0,0.7635946595653429,3,Off-Peak,Winter,True,True,True,True,0.27,0.2061705580826426,0.15696112446620938,-0.04920943361643321
2018-12-21 04:00:00,71.59114881367017,0.7306197639718468,0.0,0.0,0.7306197639718468,4,Off-Peak,Winter,True,True,True,True,0.27,0.19726733627239865,0.15018295148310185,-0.0470843847892968
2018-12-21 05:00:00,71.68968860279166,0.7827495440313601,0.0,0.0,0.7827495440313601,5,Off-Peak,Winter,True,True,True,True,0.27,0.21134237688846724,0.160898517384224,-0.05044385950424324
2018-12-21 06:00:00,71.53368017560749,0.8174219739022701,0.0,0.0205709777223272,0.7968509961799428,6,Off-Peak,Winter,True,True,True,False,0.27,0.21514976896858456,0.163797149214766,-0.05135261975381855
2018-12-21 07:00:00,70.97692991701156,0.8702302331950518,0.0,0.0733792370073653,0.7968509961876865,7,Mid-Peak,Winter,True,True,True,False,0.37,0.294834868589444,0.1637971492163578,-0.13103771937308623
2018-12-21 17:00:00,95.00000023254763,0.7864033591648425,0.0,0.0,0.7864033591648425,17,Peak,Winter,True,True,True,True,0.47,0.36960957880747597,0.1616495793838843,-0.20795999942359167
2018-12-21 18:00:00,95.00000023254763,0.7825388562301002,0.0,0.0,0.7825388562301002,18,Peak,Winter,True,True,True,True,0.47,0.3677932624281471,0.16085520933618727,-0.2069380530919598
2018-12-21 19:00:00,94.26433791566636,0.8955966137602298,0.0,0.0987456174284468,0.7968509963317829,19,Peak,Winter,True,True,True,False,0.47,0.3745199682759379,0.16379714924597757,-0.21072281902996035
2018-12-21 20:00:00,92.65622365020508,1.010814769594046,0.0,0.2139637717518418,0.7968509978422041,20,Peak,Winter,True,True,True,False,0.47,0.37451996898583595,0.16379714955645308,-0.21072281942938287
2018-12-21 21:00:00,90.19328530670964,1.1238123832586178,0.0,0.3269613825143727,0.7968510007442451,21,Peak,Winter,True,True,True,False,0.47,0.3745199703497952,0.1637971501529837,-0.21072282019681146
2018-12-21 22:00:00,87.09211654442471,1.207676275555434,0.0,0.4108252738178101,0.7968510017376238,22,Off-Peak,Winter,True,True,True,False,0.27,0.21514977046915845,0.1637971503571782,-0.051352620111980246
2018-12-21 23:00:00,84.14933153495583,1.1861994845267336,0.0,0.3893484866041076,0.7968509979226259,23,Off-Peak,Winter,True,True,True,False,0.27,0.21514976943910902,0.16379714957298422,-0.0513526198661248
2018-12-22 00:00:00,81.7351018770865,1.116043218142743,0.0,0.3191922216032122,0.7968509965395308,0,Off-Peak,Winter,True,True,True,False,0.27,0.21514976906567335,0.16379714928868133,-0.051352619776992015
2018-12-22 01:00:00,80.23291433200961,0.9954411186114605,0.0,0.198590122428893,0.7968509961825674,1,Off-Peak,Winter,True,True,True,False,0.27,0.21514976896929322,0.1637971492153055,-0.05135261975398772
2018-12-22 02:00:00,79.58690369196249,0.8822724472789054,0.0,0.0854214510968964,0.7968509961820089,2,Off-Peak,Winter,True,True,True,False,0.27,0.21514976896914242,0.16379714921519073,-0.051352619753951695
2018-12-22 03:00:00,79.20954755181425,0.8467485481556098,0.0,0.0498975519756635,0.7968509961799463,3,Off-Peak,Winter,True,True,True,False,0.27,0.2151497689685855,0.1637971492147667,-0.0513526197538188
2018-12-22 04:00:00,79.07108907107737,0.8151606736018774,0.0,0.0183096774219165,0.7968509961799608,4,Off-Peak,Winter,True,True,True,False,0.27,0.21514976896858942,0.1637971492147697,-0.05135261975381972
2018-12-22 05:00:00,78.07092747715869,0.9289995866653488,0.0,0.1321485904007216,0.7968509962646272,5,Off-Peak,Winter,True,True,True,False,0.27,0.21514976899144936,0.16379714923217337,-0.05135261975927599
2018-12-22 06:00:00,76.46784952552706,1.008462476692283,0.0,0.2116114802329332,0.7968509964593498,6,Off-Peak,Winter,True,True,True,False,0.27,0.21514976904402444,0.16379714927219965,-0.05135261977182479
2018-12-22 07:00:00,74.0665060434858,1.113404453604469,0.0,0.3165534561082704,0.7968509974961986,7,Mid-Peak,Winter,True,True,True,False,0.37,0.29483486907359346,0.1637971494853297,-0.13103771958826377
2018-12-22 17:00:00,94.80290525985497,0.8236960820659818,0.0,0.0268450858850246,0.7968509961809571,17,Peak,Winter,True,True,True,False,0.47,0.37451996820504985,0.1637971492149745,-0.21072281899007533
2018-12-22 18:00:00,94.24552193429815,0.8711585389356694,0.0,0.0743075427202008,0.7968509962154686,18,Peak,Winter,True,True,True,False,0.47,0.3745199682212702,0.16379714922206856,-0.21072281899920164
2018-12-22 19:00:00,93.00890219358932,0.961461436430336,0.0,0.1646104396225301,0.7968509968078058,19,Peak,Winter,True,True,True,False,0.47,0.37451996849966873,0.16379714934382675,-0.21072281915584198
2018-12-22 20:00:00,90.82021881772498,1.087555598240393,0.0,0.2907045985521714,0.7968509996882216,20,Peak,Winter,True,True,True,False,0.47,0.37451996985346414,0.1637971499359122,-0.21072281991755193
2018-12-22 21:00:00,87.73781760311627,1.2053118061421146,0.0,0.4084608031373021,0.7968510030048125,21,Peak,Winter,True,True,True,False,0.47,0.37451997141226184,0.1637971506176559,-0.21072282079460594
2018-12-22 22:00:00,84.5923090842333,1.2130370706708284,0.0,0.4161860715979076,0.7968509990729208,22,Off-Peak,Winter,True,True,True,False,0.27,0.21514976974968864,0.16379714980943372,-0.05135261994025492
2018-12-22 23:00:00,81.59992871608077,1.1923198103518329,0.0,0.3954688127231454,0.7968509976286875,23,Off-Peak,Winter,True,True,True,False,0.27,0.21514976935974564,0.16379714951256352,-0.05135261984718212
2018-12-23 00:00:00,79.07140596162256,1.130773546103811,0.0,0.3339225495068484,0.7968509965969626,0,Off-Peak,Winter,True,True,True,False,0.27,0.21514976908117991,0.16379714930048675,-0.051352619780693165
2018-12-23 01:00:00,77.36799664661424,1.0217618545998446,0.0,0.2249108584042129,0.7968509961956316,1,Off-Peak,Winter,True,True,True,False,0.27,0.21514976897282054,0.16379714921799093,-0.051352619754829604
2018-12-23 02:00:00,76.86184189189379,0.8637120737832049,0.0,0.0668610775963019,0.7968509961869029,2,Off-Peak,Winter,True,True,True,False,0.27,0.2151497689704638,0.1637971492161967,-0.05135261975426711
2018-12-23 03:00:00,76.84332029183756,0.7992982583258933,0.0,0.002447262145948,0.7968509961799453,3,Off-Peak,Winter,True,True,True,False,0.27,0.21514976896858523,0.16379714921476654,-0.05135261975381869
2018-12-23 04:00:00,76.90590328771466,0.78787783711439,0.0,0.0,0.78787783711439,4,Off-Peak,Winter,True,True,True,True,0.27,0.2127270160208853,0.16195266651795795,-0.05077434950292736
2018-12-23 05:00:00,76.2849561317095,0.8788525104060096,0.0,0.0820015142087433,0.7968509961972663,5,Off-Peak,Winter,True,True,True,False,0.27,0.2151497689732619,0.16379714921832694,-0.051352619754934964
2018-12-23 06:00:00,75.15829692835824,0.945530901762308,0.0,0.1486799055052151,0.7968509962570929,6,Off-Peak,Winter,True,True,True,False,0.27,0.2151497689894151,0.16379714923062463,-0.05135261975879046
2018-12-23 07:00:00,73.37962058363998,1.0313282085816842,0.0,0.2344772119648672,0.7968509966168169,7,Mid-Peak,Winter,True,True,True,False,0.37,0.29483486874822223,0.1637971493045679,-0.13103771944365433
2018-12-23 17:00:00,94.33929336556712,0.8855039792460611,0.0,0.0886529829670239,0.7968509962790371,17,Peak,Winter,True,True,True,False,0.47,0.3745199682511474,0.1637971492351354,-0.21072281901601203
2018-12-23 18:00:00,93.578543991342,0.898189690021005,0.0,0.1013386937747695,0.7968509962462355,18,Peak,Winter,True,True,True,False,0.47,0.37451996823573064,0.16379714922839286,-0.21072281900733777
2018-12-23 19:00:00,92.69591419054454,0.9143266547708976,0.0,0.1174756584960423,0.7968509962748552,19,Peak,Winter,True,True,True,False,0.47,0.37451996824918193,0.1637971492342758,-0.21072281901490614
2018-12-23 20:00:00,91.18526457971208,0.99761340326817,0.0,0.200762406276115,0.796850996992055,20,Peak,Winter,True,True,True,False,0.47,0.3745199685862658,0.16379714938170017,-0.21072281920456562
2018-12-23 21:00:00,88.7756370793091,1.1164426874062277,0.0,0.3195916879522675,0.7968509994539601,21,Peak,Winter,True,True,True,False,0.47,0.3745199697433612,0.16379714988775848,-0.21072281985560273
2018-12-23 22:00:00,85.78433287762701,1.1928613579692957,0.0,0.3960103579220204,0.7968510000472753,22,Off-Peak,Winter,True,True,True,False,0.27,0.21514977001276434,0.1637971500097177,-0.051352620003046634
2018-12-23 23:00:00,82.81079829263234,1.1900066954093211,0.0,0.3931556974532873,0.7968509979560339,23,Off-Peak,Winter,True,True,True,False,0.27,0.21514976944812916,0.1637971495798514,-0.05135261986827777
2018-12-24 00:00:00,80.31577876882724,1.1264978665873162,0.0,0.3296468700001145,0.7968509965872017,0,Off-Peak,Winter,True,True,True,False,0.27,0.21514976907854447,0.16379714929848033,-0.05135261978006414
2018-12-24 01:00:00,78.88208628454939,0.9862780947521834,0.0,0.1894270985721853,0.7968509961799981,1,Off-Peak,Winter,True,True,True,False,0.27,0.2151497689685995,0.1637971492147774,-0.051352619753822104
2018-12-24 02:00:00,78.31125632520039,0.8722910085604951,0.0,0.0754400123780965,0.7968509961823985,2,Off-Peak,Winter,True,True,True,False,0.27,0.21514976896924762,0.1637971492152708,-0.051352619753976814
2018-12-24 03:00:00,78.44530014851235,0.7776206258911741,0.0,0.0,0.7776206258911741,3,Off-Peak,Winter,True,True,True,True,0.27,0.20995756899061702,0.1598442397665191,-0.05011332922409792
2018-12-24 04:00:00,78.90506109427503,0.7308689501276332,0.0,0.0,0.7308689501276332,4,Off-Peak,Winter,True,True,True,True,0.27,0.19733461653446097,0.15023417308179127,-0.0471004434526697
2018-12-24 05:00:00,79.05964178703762,0.7746688947473651,0.0,0.0,0.7746688947473651,5,Off-Peak,Winter,True,True,True,True,0.27,0.2091606015817886,0.1592374950314028,-0.04992310655038579
2018-12-24 06:00:00,78.93048347157537,0.8139284847715678,0.0,0.0170774885915605,0.7968509961800072,6,Off-Peak,Winter,True,True,True,False,0.27,0.21514976896860197,0.16379714921477925,-0.051352619753822715
2018-12-24 07:00:00,78.277659807111,0.8831222267023542,0.0,0.0862712305090551,0.796850996193299,7,Mid-Peak,Winter,True,True,True,False,0.37,0.29483486859152064,0.16379714921751146,-0.13103771937400918
2018-12-24 17:00:00,93.20270228558608,1.0364945284141671,0.0,0.239643527936211,0.7968510004779561,17,Peak,Winter,True,True,True,False,0.47,0.37451997022463934,0.16379715009824652,-0.21072282012639282
2018-12-24 18:00:00,91.14822813252432,1.0697892174841452,0.0,0.2729382192984547,0.7968509981856905,18,Peak,Winter,True,True,True,False,0.47,0.37451996914727453,0.1637971496270586,-0.21072281952021593
2018-12-24 19:00:00,88.1598773915109,1.1929254880246736,0.0,0.3960744852274646,0.7968510027972089,19,Peak,Winter,True,True,True,False,0.47,0.37451997131468817,0.16379715057498184,-0.21072282073970633
2018-12-24 20:00:00,84.41148253707095,1.2925638654209797,0.0,0.495712860726573,0.7968510046944066,20,Peak,Winter,True,True,True,False,0.47,0.37451997220637107,0.16379715096496136,-0.2107228212414097
2018-12-24 21:00:00,80.41738524542234,1.3241306239891175,0.0,0.5272796218333147,0.7968510021558028,21,Peak,Winter,True,True,True,False,0.47,0.3745199710132273,0.16379715044313722,-0.2107228205700901
2018-12-24 22:00:00,75.92244968208959,1.3890661440030474,0.0,0.5922151379139102,0.7968510060891372,22,Off-Peak,Winter,True,True,True,False,0.27,0.21514977164406704,0.16379715125165598,-0.051352620392411064
2018-12-24 23:00:00,72.01367552232705,1.3112107707272922,0.0,0.5143597716586594,0.7968509990686328,23,Off-Peak,Winter,True,True,True,False,0.27,0.21514976974853087,0.16379714980855228,-0.05135261993997858
2018-12-25 00:00:00,69.06406248209215,1.1847180367495336,0.0,0.387867039995996,0.7968509967535375,0,Off-Peak,Winter,True,True,True,False,0.27,0.21514976912345515,0.1637971493326716,-0.051352619790783566
2018-12-25 01:00:00,67.17522033363853,1.045165512166779,0.0,0.2483145159565367,0.7968509962102424,1,Off-Peak,Winter,True,True,True,False,0.27,0.21514976897676544,0.16379714922099425,-0.051352619755771184
2018-12-25 02:00:00,66.76453516623029,0.8508747135435522,0.0,0.0540237173553154,0.7968509961882367,2,Off-Peak,Winter,True,True,True,False,0.27,0.21514976897082394,0.16379714921647087,-0.05135261975435307
2018-12-25 03:00:00,67.01530105819822,0.7610407173191894,0.0,0.0,0.7610407173191894,3,Off-Peak,Winter,True,True,True,True,0.27,0.20548099367618117,0.1564361474489445,-0.04904484622723668
2018-12-25 04:00:00,67.17037031620463,0.7747061421558104,0.0,0.0,0.7747061421558104,4,Off-Peak,Winter,True,True,True,True,0.27,0.2091706583820688,0.15924515144313878,-0.049925506938930025
2018-12-25 05:00:00,66.80726824500373,0.8446175518400593,0.0,0.0477665556567076,0.7968509961833516,5,Off-Peak,Winter,True,True,True,False,0.27,0.21514976896950497,0.1637971492154667,-0.051352619754038265
2018-12-25 06:00:00,66.00034662722122,0.90293734677908,0.0,0.1060863505665867,0.7968509962124932,6,Off-Peak,Winter,True,True,True,False,0.27,0.21514976897737317,0.16379714922145694,-0.051352619755916235
2018-12-25 07:00:00,64.55946020544104,0.9860893601049336,0.0,0.1892383636283098,0.7968509964766237,7,Mid-Peak,Winter,True,True,True,False,0.37,0.2948348686963508,0.16379714927575043,-0.13103771942060036
2018-12-25 17:00:00,95.00000000000264,0.7251068164784082,0.0,0.0,0.7251068164784082,17,Peak,Winter,True,True,True,True,0.47,0.34080020374485187,0.14904973449833947,-0.1917504692465124
2018-12-25 18:00:00,95.00000000000264,0.7195064007216146,0.0,0.0,0.7195064007216146,18,Peak,Winter,True,True,True,True,0.47,0.3381680083391589,0.14789853792610969,-0.1902694704130492
2018-12-25 19:00:00,94.72680692308604,0.8342284357274125,0.0,0.0373774395443236,0.7968509961830887,19,Peak,Winter,True,True,True,False,0.47,0.3745199682060517,0.1637971492154127,-0.21072281899063902
2018-12-25 20:00:00,93.37141979050016,0.977288789656212,0.0,0.1804377922766586,0.7968509973795534,20,Peak,Winter,True,True,True,False,0.47,0.3745199687683901,0.16379714946135265,-0.21072281930703746
2018-12-25 21:00:00,91.1873881151096,1.0869671262564196,0.0,0.2901161265317047,0.7968509997247148,21,Peak,Winter,True,True,True,False,0.47,0.374519969870616,0.1637971499434136,-0.21072281992720238
2018-12-25 22:00:00,88.47607146893941,1.1562968336347588,0.0,0.3594458335044861,0.7968510001302727,22,Off-Peak,Winter,True,True,True,False,0.27,0.21514977003517363,0.16379715002677825,-0.05135262000839538
2018-12-25 23:00:00,86.07254958334482,1.115155101044167,0.0,0.318304104022295,0.796850997021872,23,Off-Peak,Winter,True,True,True,False,0.27,0.21514976919590545,0.16379714938782924,-0.051352619808076205
2018-12-26 00:00:00,84.28496273308957,1.0334743030193536,0.0,0.2366233067488224,0.7968509962705311,0,Off-Peak,Winter,True,True,True,False,0.27,0.21514976899304342,0.16379714923338695,-0.051352619759656465
2018-12-26 01:00:00,83.31217717666047,0.9256228175139,0.0,0.128771821333803,0.7968509961800969,1,Off-Peak,Winter,True,True,True,False,0.27,0.21514976896862617,0.1637971492147977,-0.05135261975382846
2018-12-26 02:00:00,82.74149481754168,0.8723934330158547,0.0,0.0755424368358916,0.796850996179963,2,Off-Peak,Winter,True,True,True,False,0.27,0.21514976896859003,0.16379714921477018,-0.051352619753819856
2018-12-26 03:00:00,82.53647578776861,0.8239929198449141,0.0,0.0271419236648962,0.7968509961800179,3,Off-Peak,Winter,True,True,True,False,0.27,0.21514976896860483,0.16379714921478145,-0.05135261975382338
2018-12-26 04:00:00,82.47188354723819,0.8054026182914737,0.0,0.0085516221115184,0.7968509961799553,4,Off-Peak,Winter,True,True,True,False,0.27,0.21514976896858792,0.16379714921476857,-0.051352619753819356
2018-12-26 05:00:00,81.49585855411716,0.9259567049634754,0.0,0.1291057086916358,0.7968509962718395,5,Off-Peak,Winter,True,True,True,False,0.27,0.2151497689933967,0.1637971492336559,-0.051352619759740786
2018-12-26 06:00:00,79.68018833189797,1.0367437475742909,0.0,0.2398927508494733,0.7968509967248176,6,Off-Peak,Winter,True,True,True,False,0.27,0.21514976911570077,0.16379714932676806,-0.05135261978893271
2018-12-26 07:00:00,77.00771492341997,1.1494232577196373,0.0,0.3525722596155148,0.7968509981041224,7,Mid-Peak,Winter,True,True,True,False,0.37,0.2948348692985253,0.16379714961029185,-0.13103771968823347
2018-12-26 17:00:00,95.001775409421,0.7574575550834166,0.0,0.0,0.7574575550834166,17,Peak,Winter,True,True,True,True,0.47,0.3560050508892058,0.1556996085449245,-0.2003054423442813
2018-12-26 18:00:00,95.001775409421,0.7576094200095576,0.0,0.0,0.7576094200095576,18,Peak,Winter,True,True,True,True,0.47,0.356076427404492,0.15573082522418683,-0.2003456021803052
2018-12-26 19:00:00,94.79951563367509,0.8243793420329494,0.0,0.0275283458521797,0.7968509961807696,19,Peak,Winter,True,True,True,False,0.47,0.3745199682049617,0.16379714921493596,-0.21072281899002573
2018-12-26 20:00:00,93.64338359900148,0.9508108616463502,0.0,0.1539598647747479,0.7968509968716022,20,Peak,Winter,True,True,True,False,0.47,0.374519968529653,0.16379714935694045,-0.21072281917271257
2018-12-26 21:00:00,91.42798806511333,1.0911664696541554,0.0,0.2943154690769807,0.7968510005771747,21,Peak,Winter,True,True,True,False,0.47,0.3745199702712721,0.16379715011864146,-0.21072282015263064
2018-12-26 22:00:00,88.31671478902805,1.2091768254399091,0.0,0.4123258214623603,0.7968510039775488,22,Off-Peak,Winter,True,True,True,False,0.27,0.2151497710739382,0.16379715081760726,-0.051352620256330944
2018-12-26 23:00:00,85.2253720753252,1.2059152713151793,0.0,0.4090642723755298,0.7968509989396495,23,Off-Peak,Winter,True,True,True,False,0.27,0.2151497697137054,0.16379714978203905,-0.05135261993166634
2018-12-27 00:00:00,82.88304283765228,1.1066169861167496,0.0,0.3097659896982587,0.7968509964184909,0,Off-Peak,Winter,True,True,True,False,0.27,0.21514976903299254,0.16379714926380087,-0.05135261976919167
2018-12-27 01:00:00,81.39002211535565,0.9942712429935276,0.0,0.1974202468081806,0.796850996185347,1,Off-Peak,Winter,True,True,True,False,0.27,0.21514976897004373,0.16379714921587687,-0.051352619754166856
2018-12-27 02:00:00,80.33505785333823,0.9363233219614908,0.0,0.1394723257768643,0.7968509961846265,2,Off-Peak,Winter,True,True,True,False,0.27,0.21514976896984916,0.16379714921572877,-0.05135261975412039
2018-12-27 03:00:00,79.70917324692664,0.8795958295598112,0.0,0.0827448333798513,0.7968509961799599,3,Off-Peak,Winter,True,True,True,False,0.27,0.2151497689685892,0.1637971492147695,-0.05135261975381969
2018-12-27 04:00:00,79.1476349818291,0.8710755659351349,0.0,0.0742245697536452,0.7968509961814896,4,Off-Peak,Winter,True,True,True,False,0.27,0.2151497689690022,0.16379714921508395,-0.05135261975391825
2018-12-27 05:00:00,77.88132481418245,0.9640880620976156,0.0,0.167237065772601,0.7968509963250145,5,Off-Peak,Winter,True,True,True,False,0.27,0.21514976900775395,0.16379714924458633,-0.05135261976316763
2018-12-27 06:00:00,75.84735768756678,1.0651491604608252,0.0,0.2682981635548918,0.7968509969059334,6,Off-Peak,Winter,True,True,True,False,0.27,0.21514976916460204,0.16379714936399745,-0.0513526198006046
2018-12-27 07:00:00,72.72857873378749,1.2075010267211768,0.0,0.4106500265249826,0.7968510001961941,7,Mid-Peak,Winter,True,True,True,False,0.37,0.29483487007259185,0.1637971500403288,-0.13103772003226305
2018-12-27 17:00:00,95.00000000686168,0.7056456528071121,0.0,0.0,0.7056456528071121,17,Peak,Winter,True,True,True,True,0.47,0.33165345681934266,0.1450493841881286,-0.18660407263121406
2018-12-27 18:00:00,95.00000000686168,0.7200165231010398,0.0,0.0,0.7200165231010398,18,Peak,Winter,True,True,True,True,0.47,0.33840776585748866,0.14800339641521373,-0.19040436944227493
2018-12-27 19:00:00,94.8174584695266,0.8218837856218659,0.0,0.0250327894411471,0.7968509961807188,19,Peak,Winter,True,True,True,False,0.47,0.37451996820493777,0.1637971492149255,-0.21072281899001227
2018-12-27 20:00:00,93.67272324757664,0.9492900803583776,0.0,0.1524390835113407,0.7968509968470369,20,Peak,Winter,True,True,True,False,0.47,0.3745199685181073,0.1637971493518909,-0.2107228191662164
2018-12-27 21:00:00,91.4995072607229,1.085569029762485,0.0,0.2887180294753114,0.7968510002871736,21,Peak,Winter,True,True,True,False,0.47,0.37451997013497157,0.16379715005903012,-0.21072282007594145
2018-12-27 22:00:00,88.96917943025984,1.1323966066352986,0.0,0.3355456074331837,0.7968509992021149,22,Off-Peak,Winter,True,True,True,False,0.27,0.21514976978457104,0.16379714983599028,-0.05135261994858076
2018-12-27 23:00:00,86.49221678668532,1.1249017783951776,0.0,0.3280507809145743,0.7968509974806033,23,Off-Peak,Winter,True,True,True,False,0.27,0.2151497693197629,0.16379714948212398,-0.05135261983763892
2018-12-28 00:00:00,84.40632229497666,1.072904415867168,0.0,0.2760534193935828,0.796850996473585,0,Off-Peak,Winter,True,True,True,False,0.27,0.21514976904786798,0.16379714927512581,-0.051352619772742164
2018-12-28 01:00:00,83.31611134363949,0.9411439709811008,0.0,0.1442929748000415,0.7968509961810593,1,Off-Peak,Winter,True,True,True,False,0.27,0.21514976896888602,0.16379714921499552,-0.051352619753890494
2018-12-28 02:00:00,83.55035368379302,0.763183451271473,0.0,0.0,0.763183451271473,2,Off-Peak,Winter,True,True,True,True,0.27,0.20605953184329773,0.1568765983169139,-0.04918293352638384
2018-12-28 03:00:00,84.00368764331586,0.7316733356117123,0.0,0.0,0.7316733356117123,3,Off-Peak,Winter,True,True,True,True,0.27,0.19755180061516234,0.15039951898685197,-0.047152281628310366
2018-12-28 04:00:00,84.6152982117082,0.7088865801230253,0.0,0.0,0.7088865801230253,4,Off-Peak,Winter,True,True,True,True,0.27,0.19139937663321685,0.14571557480306632,-0.04568380183015053
2018-12-28 05:00:00,84.85295110172363,0.7626741066082123,0.0,0.0,0.7626741066082123,5,Off-Peak,Winter,True,True,True,True,0.27,0.20592200878421735,0.1567718996916881,-0.04915010909252926
2018-12-28 06:00:00,84.75565054652878,0.8097438752672714,0.0,0.0128928790873331,0.7968509961799383,6,Off-Peak,Winter,True,True,True,False,0.27,0.21514976896858334,0.16379714921476507,-0.051352619753818274
2018-12-28 07:00:00,84.00134139265263,0.8967331710572446,0.0,0.0998821748435449,0.7968509962136996,7,Mid-Peak,Winter,True,True,True,False,0.37,0.2948348685990688,0.1637971492217049,-0.13103771937736391
2018-12-28 17:00:00,95.0000015761007,0.7497894533300942,0.0,0.0,0.7497894533300942,17,Peak,Winter,True,True,True,True,0.47,0.35240104306514425,0.1541233876289638,-0.19827765543618045
2018-12-28 18:00:00,95.0000015761007,0.7279687500422244,0.0,0.0,0.7279687500422244,18,Peak,Winter,True,True,True,True,0.47,0.3421453125198454,0.1496380208420128,-0.19250729167783262
2018-12-28 19:00:00,95.0000015761007,0.7868829869909018,0.0,0.0,0.7868829869909018,19,Peak,Winter,True,True,True,True,0.47,0.3698350038857238,0.16174816954812982,-0.208086834337594
2018-12-28 20:00:00,94.032886575756,0.9260130121028124,0.0,0.1291620154962872,0.7968509966065251,20,Peak,Winter,True,True,True,False,0.47,0.3745199684050668,0.16379714930245237,-0.21072281910261442
2018-12-28 21:00:00,92.06744932700327,1.0580995118644465,0.0,0.2612485124940915,0.796850999370355,21,Peak,Winter,True,True,True,False,0.47,0.3745199697040668,0.16379714987057295,-0.21072281983349386
2018-12-28 22:00:00,89.28922352212341,1.1652804609507952,0.0,0.3684294589329349,0.7968510020178603,22,Off-Peak,Winter,True,True,True,False,0.27,0.2151497705448223,0.16379715041478238,-0.05135262013003991
2018-12-28 23:00:00,86.63619067360874,1.148202737375754,0.0,0.3513517395225639,0.7968509978531901,23,Off-Peak,Winter,True,True,True,False,0.27,0.21514976942036135,0.1637971495587113,-0.051352619861650045
2018-12-29 00:00:00,83.95252180008343,1.1518224872435288,0.0,0.3549714897099397,0.7968509975335891,0,Off-Peak,Winter,True,True,True,False,0.27,0.21514976933406907,0.16379714949301552,-0.05135261984105355
2018-12-29 01:00:00,81.97009758566006,1.0589543538790465,0.0,0.2621033576081202,0.7968509962709263,1,Off-Peak,Winter,True,True,True,False,0.27,0.2151497689931501,0.16379714923346816,-0.051352619759681944
2018-12-29 02:00:00,80.68791363231904,0.9663519275997544,0.0,0.1695009314169844,0.79685099618277,2,Off-Peak,Winter,True,True,True,False,0.27,0.21514976896934793,0.1637971492153472,-0.05135261975400074
2018-12-29 03:00:00,79.45829559751753,0.9593303941829912,0.0,0.1624793979658669,0.7968509962171242,3,Off-Peak,Winter,True,True,True,False,0.27,0.21514976897862353,0.16379714922240884,-0.05135261975621469
2018-12-29 04:00:00,78.1136483195038,0.9744278330202164,0.0,0.1775768367665194,0.796850996253697,4,Off-Peak,Winter,True,True,True,False,0.27,0.21514976898849822,0.16379714922992664,-0.05135261975857158
2018-12-29 05:00:00,75.87829915176023,1.0916610503192192,0.0,0.2948100530503655,0.7968509972688538,5,Off-Peak,Winter,True,True,True,False,0.27,0.21514976926259052,0.16379714943859772,-0.05135261982399281
2018-12-29 06:00:00,72.93025833561641,1.1850565002719948,0.0,0.3882055014948601,0.7968509987771347,6,Off-Peak,Winter,True,True,True,False,0.27,0.21514976966982638,0.16379714974863324,-0.05135261992119314
2018-12-29 07:00:00,69.01544802525433,1.3112557977723842,0.0,0.5144047923156825,0.7968510054567017,7,Mid-Peak,Winter,True,True,True,False,0.37,0.2948348720189796,0.16379715112165535,-0.13103772089732427
2018-12-29 17:00:00,94.88178346220089,0.8133417266767372,0.0,0.0164907304966917,0.7968509961800455,17,Peak,Winter,True,True,True,False,0.47,0.37451996820462136,0.16379714921478714,-0.21072281898983422
2018-12-29 18:00:00,95.000000000001,0.7778794292640411,0.0,0.0,0.7778794292640411,18,Peak,Winter,True,True,True,True,0.47,0.36560333175409926,0.15989743823760844,-0.20570589351649082
2018-12-29 19:00:00,94.77895459648089,0.8263343845221979,0.0,0.0294833883405721,0.7968509961816258,19,Peak,Winter,True,True,True,False,0.47,0.3745199682053641,0.16379714921511196,-0.21072281899025214
2018-12-29 20:00:00,93.26124006199692,0.9988250920636064,0.0,0.2019740939303539,0.7968509981332523,20,Peak,Winter,True,True,True,False,0.47,0.3745199691226286,0.16379714961627964,-0.21072281950634894
2018-12-29 21:00:00,90.72810952217333,1.1331090958988392,0.0,0.3362580936429269,0.7968510022559123,21,Peak,Winter,True,True,True,False,0.47,0.3745199710602788,0.16379715046371532,-0.21072282059656347
2018-12-29 22:00:00,87.59023167783756,1.2124791249646083,0.0,0.415628122601478,0.7968510023631303,22,Off-Peak,Winter,True,True,True,False,0.27,0.21514977063804522,0.16379715048575458,-0.05135262015229064
2018-12-29 23:00:00,84.41947584386803,1.2161993323116769,0.0,0.4193483332624458,0.796850999049231,23,Off-Peak,Winter,True,True,True,False,0.27,0.21514976974329236,0.1637971498045641,-0.05135261993872825
2018-12-30 00:00:00,81.73531212682663,1.1515453845564625,0.0,0.3546943877587371,0.7968509967977253,0,Off-Peak,Winter,True,True,True,False,0.27,0.21514976913538586,0.16379714934175463,-0.05135261979363123
2018-12-30 01:00:00,79.48343388965431,1.0942307531899234,0.0,0.2973797567602353,0.7968509964296879,1,Off-Peak,Winter,True,True,True,False,0.27,0.21514976903601576,0.1637971492661025,-0.05135261976991326
2018-12-30 02:00:00,78.04049906076989,0.987381526339188,0.0,0.1905305301563921,0.7968509961827959,2,Off-Peak,Winter,True,True,True,False,0.27,0.2151497689693549,0.1637971492153525,-0.051352619754002404
2018-12-30 03:00:00,76.78643489277918,0.9623801626421088,0.0,0.1655291664362529,0.7968509962058559,3,Off-Peak,Winter,True,True,True,False,0.27,0.2151497689755811,0.16379714922009259,-0.05135261975548852
2018-12-30 04:00:00,75.77986975856749,0.9296783801654956,0.0,0.1328273839767288,0.7968509961887668,4,Off-Peak,Winter,True,True,True,False,0.27,0.21514976897096705,0.16379714921657984,-0.05135261975438721
2018-12-30 05:00:00,74.23853087799786,1.0000671860228787,0.0,0.2032161896161465,0.7968509964067322,5,Off-Peak,Winter,True,True,True,False,0.27,0.2151497690298177,0.16379714926138383,-0.05135261976843386
2018-12-30 06:00:00,72.43314085140294,1.034676328252164,0.0,0.237825331771046,0.796850996481118,6,Off-Peak,Winter,True,True,True,False,0.27,0.21514976904990188,0.16379714927667427,-0.05135261977322761
2018-12-30 07:00:00,70.08474067871742,1.1058171999165376,0.0,0.3089662026068802,0.7968509973096574,7,Mid-Peak,Winter,True,True,True,False,0.37,0.29483486900457323,0.16379714944698512,-0.1310377195575881
2018-12-30 17:00:00,71.92860763313037,0.7994042967272263,0.0,0.0025533005472829,0.7968509961799435,17,Peak,Winter,True,True,True,False,0.47,0.3745199682045734,0.16379714921476615,-0.21072281898980724
2018-12-30 18:00:00,71.65441359363133,0.8329894846756344,0.0,0.0361384884951128,0.7968509961805216,18,Peak,Winter,True,True,True,False,0.47,0.3745199682048451,0.16379714921488497,-0.21072281898996015
2018-12-30 19:00:00,70.79338412763516,0.9102573750484848,0.0,0.1134063788254389,0.7968509962230458,19,Peak,Winter,True,True,True,False,0.47,0.3745199682248315,0.16379714922362607,-0.21072281900120546
2018-12-30 20:00:00,68.88782388150904,1.0474873637068147,0.0,0.2506363666326419,0.7968509970741728,20,Peak,Winter,True,True,True,False,0.47,0.3745199686248612,0.16379714939857995,-0.21072281922628125
2018-12-30 21:00:00,66.29726237526069,1.1370622676254667,0.0,0.3402112693367417,0.796850998288725,21,Peak,Winter,True,True,True,False,0.47,0.3745199691957007,0.1637971496482379,-0.21072281954746278
2018-12-30 22:00:00,63.304995679249664,1.1891620751169518,0.0,0.3923110754302174,0.7968509996867343,22,Off-Peak,Winter,True,True,True,False,0.27,0.2151497699154183,0.16379714993560648,-0.0513526199798118
2018-12-30 23:00:00,60.55508436474578,1.156911928612877,0.0,0.3600609305002258,0.7968509981126513,23,Off-Peak,Winter,True,True,True,False,0.27,0.21514976949041587,0.16379714961204497,-0.05135261987837089
2018-12-31 17:00:00,95.00000011729198,0.7988305120939406,0.0,0.0,0.7988305120939406,17,Peak,Winter,True,True,True,True,0.47,0.37545034068415206,0.1642040497081989,-0.21124629097595315
2018-12-31 18:00:00,95.00000011729198,0.7683133606530483,0.0,0.0,0.7683133606530483,18,Peak,Winter,True,True,True,True,0.47,0.3611072795069327,0.15793107968979325,-0.20317619981713947
2018-12-31 19:00:00,95.00000011729198,0.904654556173848,0.0,0.0,0.904654556173848,19,Peak,Winter,True,True,True,True,0.47,0.42518764140170856,0.18595676988017987,-0.2392308715215287
2018-12-31 20:00:00,93.89970672461313,1.068639108602274,0.0,0.1476895046839411,0.9209496039183328,20,Peak,Winter,True,True,True,False,0.47,0.43284631384161637,0.18930630747210173,-0.24354000636951464
2018-12-31 21:00:00,91.6745971688307,1.2165345919783417,0.0,0.2955849839578416,0.9209496080205,21,Peak,Winter,True,True,True,False,0.47,0.43284631576963495,0.18930630831532497,-0.24354000745430998
2018-12-31 22:00:00,88.9575434299117,1.2811483304522493,0.0,0.3601987229488234,0.9209496075034258,22,Off-Peak,Winter,True,True,True,False,0.27,0.248656394025925,0.18930630820903752,-0.05935008581688747
2018-12-31 23:00:00,86.35458992811546,1.265573640978798,0.0,0.3446240362764725,0.9209496047023256,23,Off-Peak,Winter,True,True,True,False,0.27,0.2486563932696279,0.1893063076332558,-0.05935008563637212
